frequency;user0 (gain);user1 (gain);user2 (gain);user3 (gain)
3000000.0;4.432076981364215;-7.469816770610141;4.4809996645451475;7.420894087429205
3000690.855062474;4.446665598135161;-7.457048219474393;4.480958384647946;7.42275543296161
3001381.86921852;4.461271901978498;-7.4442624062793765;4.480917117896085;7.424617190361787
3002073.042504776;4.475895936378732;-7.431459284204108;4.480875864281843;7.426479356300998
3002764.374957887;4.490537744967807;-7.418638806265095;4.480834623796293;7.428341927436608
3003455.866614505;4.505197371587511;-7.405800925271731;4.480793396432486;7.430204900426754
3004147.517511295;4.519874860231374;-7.39294559387319;4.4807521821819565;7.432068271922607
3004839.327684925;4.534570255057551;-7.380072764526716;4.48071098103701;7.433932038547253
3005531.297172076;4.549283600406963;-7.367182389513821;4.480669792989461;7.43579619693132
3006223.426009434;4.564014940786488;-7.354274420925849;4.480628618031604;7.4376607436807305
3006915.714233696;4.5787643208841065;-7.341348810676507;4.480587456155264;7.439525675405349
3007608.161881567;4.593531785555255;-7.328405510491173;4.480546307352497;7.441390988693931
3008300.768989758;4.608317379838399;-7.315444471909036;4.480505171615369;7.443256680132065
3008993.535594992;4.623121148941005;-7.302465646278974;4.480464048936186;7.445122746283792
3009686.461733998;4.637943138251858;-7.289468984765262;4.480422939307008;7.446989183710112
3010379.547443514;4.652783393333729;-7.276454438354227;4.480381842719171;7.448855988968784
3011072.792760287;4.667641959940269;-7.263421957821267;4.480340759165498;7.450723158596038
3011766.197721072;4.682518883993593;-7.250371493765433;4.480299688637799;7.452590689121228
3012459.762362634;4.697414211604211;-7.23730299658726;4.480258631128393;7.454458577063078
3013153.486721743;4.71232798905337;-7.2242164165053495;4.480217586628877;7.456326818929843
3013847.37083518;4.727260262808944;-7.211111703534377;4.480176555131565;7.458195411211759
3014541.414739735;4.7422110795402945;-7.197988807494954;4.480135536628787;7.46006435040646
3015235.618472205;4.757180486072248;-7.184847678022881;4.480094531112131;7.4619336329829995
3015929.982069396;4.772168529444533;-7.1716882645437074;4.48005353857417;7.463803255414071
3016624.505568123;4.787175256849568;-7.158510516303817;4.4800125590062505;7.4656732141471345
3017319.189005208;4.802200715697388;-7.145314382330029;4.479971592401219;7.467543505626199
3018014.032417483;4.817244953578339;-7.13209981146084;4.479930638751136;7.469414126288042
3018709.035841787;4.832308018249341;-7.1188667523491915;4.479889698047136;7.471285072551398
3019404.19931497;4.847389957698838;-7.105615153418599;4.47984877028227;7.473156340835168
3020099.522873887;4.862490820073194;-7.0923449629045034;4.479807855448649;7.475027927529049
3020795.006555405;4.877610653713202;-7.079056128847432;4.479766953537873;7.476899829022759
3021490.650396396;4.892749507168157;-7.065748599079819;4.479726064541803;7.478772041706171
3022186.454433744;4.907907429178009;-7.052422321218627;4.479685188453033;7.480644561943603
3022882.41870434;4.923084468673292;-7.03907724267882;4.47964432526389;7.482517386088222
3023578.543245082;4.938280674769468;-7.025713310679106;4.479603474966004;7.484390510482566
3024274.828092878;4.953496096796631;-7.01233047222694;4.479562637551233;7.4862639314723385
3024971.273284645;4.96873078428095;-6.998928674102295;4.479521813012675;7.488137645370569
3025667.878857308;4.9839847869300415;-6.985507862905097;4.479481001341453;7.490011648493686
3026364.644847799;4.999258154667629;-6.972067985005822;4.479440202529922;7.491885937143529
3027061.571293061;5.014550937618173;-6.958608986562844;4.479399416570447;7.493760507610573
3027758.658230043;5.029863186100081;-6.9451308135292305;4.479358643454888;7.495635356174423
3028455.905695706;5.04519495063842;-6.931633411640226;4.4793178831753835;7.497510479103263
3029153.313727016;5.0605462819696445;-6.918116726412547;4.479277135724276;7.499385872657918
3029850.882360949;5.075917231008198;-6.904580703161639;4.479236401092958;7.501261533076878
3030548.611634489;5.091307848913748;-6.891025286955758;4.47919567927479;7.503137456594715
3031246.501584629;5.106718187024293;-6.877450422678775;4.479154970260907;7.505013639442158
3031944.552248371;5.122148296890514;-6.863856054976953;4.479114274043686;7.50689007782378
3032642.763662725;5.13759823028367;-6.850242128279339;4.479073590615255;7.508766767947753
3033341.135864709;5.153068039158063;-6.836608586797931;4.479032919967504;7.51064370598849
3034039.66889135;5.1685577757284324;-6.82295537451083;4.4789922620930405;7.512520888146224
3034738.362779683;5.184067492373408;-6.809282435179567;4.478951616984023;7.51439831056895
3035437.217566754;5.199597241697966;-6.795589712349575;4.478910984632083;7.516275969415457
3036136.233289613;5.215147076537749;-6.781877149328572;4.478870365029597;7.518153860836722
3036835.409985323;5.2307170499172955;-6.76814468920501;4.478829758168483;7.5200319809538225
3037534.747690952;5.246307215104327;-6.754392274828086;4.47878916404136;7.521910325891051
3038234.246443579;5.26191762557874;-6.740619848833348;4.478748582639881;7.523788891772206
3038933.906280292;5.277548335011005;-6.726827353614366;4.478708013956452;7.5256676746689175
3039633.727238184;5.293199397323498;-6.713014731341414;4.478667457982951;7.527546670681961
3040333.709354361;5.308870866661305;-6.69918192393645;4.478626914712288;7.529425875885467
3041033.852665933;5.32456279735082;-6.685328873119213;4.4785863841353795;7.53130528633465
3041734.157210023;5.340275243989325;-6.6714555203437245;4.4785458662451045;7.533184898087947
3042434.62302376;5.3560082613751225;-6.657561806839228;4.478505361033628;7.535064707180721
3043135.25014428;5.371761904542648;-6.64364767359843;4.478464868493109;7.536944709647971
3043836.038608732;5.387536228722812;-6.6297130613795465;4.478424388615474;7.538824901486883
3044536.98845427;5.403331289415087;-6.6157579106975986;4.478383921392863;7.540705278719821
3045238.099718058;5.419147142318255;-6.601782161827076;4.478343466817444;7.542585837327888
3045939.372437268;5.4349838433881015;-6.587785754792561;4.478303024881887;7.5444665732987755
3046640.80664908;5.450841448779327;-6.573768629391963;4.478262595577844;7.546347482593444
3047342.402390684;5.466720014901771;-6.5597307251749415;4.478222178897263;7.548228561179451
3048044.159699279;5.482619598386292;-6.545671981429687;4.478181774833035;7.550109804982942
3048746.07861207;5.498540256105629;-6.5315923372222295;4.478141383376612;7.551991209951248
3049448.159166272;5.51448204516713;-6.517491731354754;4.478101004520388;7.553872772001497
3050150.401399109;5.530445022922343;-6.503370102380279;4.478060638256805;7.555754487045818
3050852.805347814;5.546429246934021;-6.489227388609871;4.478020284577797;7.557636350966096
3051555.371049626;5.562434775042494;-6.475063528095052;4.477979943475784;7.559518359661762
3052258.098541796;5.57846166529258;-6.460878458651158;4.477939614942212;7.5614005090015235
3052960.987861581;5.594509975996218;-6.446672117819183;4.477899298969753;7.563282794845647
3053664.039046248;5.610579765708853;-6.432444442884685;4.47785899555109;7.565165213042448
3054367.252133071;5.626671093195739;-6.418195370902019;4.477818704677417;7.567047759420342
3055070.627159335;5.642784017505741;-6.403924838642664;4.47777842634143;7.568930429806974
3055774.164162331;5.658918597933954;-6.389632782619503;4.4777381605357975;7.570813220017656
3056477.863179361;5.675074893997941;-6.375319139105736;4.477697907251987;7.5726961258516905
3057181.724247734;5.6912529654692126;-6.3609838441051725;4.477657666481937;7.574579143092447
3057885.747404767;5.707452872399681;-6.3466268333374405;4.477617438218843;7.576462267518277
3058589.932687787;5.723674675049826;-6.332248042292131;4.477577222453914;7.578345494888041
3059294.28013413;5.739918433971486;-6.3178474061639225;4.477537019180071;7.580228820955338
3059998.78978114;5.7561842099423535;-6.303424859897371;4.477496828389299;7.5821122414504245
3060703.461666168;5.772472063993334;-6.2889803381780665;4.477456650073052;7.583995752098346
3061408.295826576;5.788782057468431;-6.274513775383632;4.477416484225009;7.585879348627054
3062113.292299733;5.805114251884987;-6.2600251056727085;4.47737633083589;7.587763026721804
3062818.451123018;5.82146870908058;-6.245514262888552;4.477336189898923;7.589646782070209
3063523.772333817;5.837845491128807;-6.230981180631878;4.477296061405553;7.591530610355132
3064229.255969526;5.854244660373519;-6.216425792206649;4.477255945348507;7.593414507231662
3064934.902067548;5.87066627942301;-6.201848030654224;4.477215841719732;7.595298468357502
3065640.710665297;5.887110411144306;-6.187247828729876;4.477175750511699;7.597182489362484
3066346.681800194;5.90357711868617;-6.172625118909768;4.477135671716881;7.599066565879054
3067052.815509668;5.920066465429683;-6.157979833412263;4.477095605326518;7.600950693515429
3067759.111831157;5.936578515057586;-6.143311904143355;4.477055551333557;7.602834867867383
3068465.570802111;5.953113331506421;-6.128621262748521;4.477015509729733;7.60471908452521
3069172.192459983;5.969670979005701;-6.113907840561842;4.476975480508277;7.606603339059267
3069878.976842238;5.986251522022151;-6.099171568672346;4.476935463660159;7.608487627034338
3070585.923986349;6.00285502532641;-6.084412377850415;4.476895459178123;7.6103719439987
3071293.033929798;6.019481553959787;-6.0696301985827255;4.47685546705463;7.612256285487883
3072000.306710076;6.0361311732275515;-6.054824961074794;4.476815487281671;7.614140647020672
3072707.74236468;6.0528039487172;-6.0399965952408206;4.47677551985126;7.616025024106761
3073415.340931118;6.069499946313704;-6.025145030688978;4.476735564756102;7.617909412246581
3074123.102446908;6.086219232152254;-6.010270196755638;4.476695621987713;7.619793806920181
3074831.026949572;6.102961872696167;-5.99537202244545;4.4766556915395475;7.621678203602071
3075539.114476646;6.1197279346328015;-5.980450436515861;4.476615773402392;7.62356259774627
3076247.36506567;6.136517484996364;-5.965505367370989;4.476575867569956;7.625446984797398
3076955.778754196;6.153330591050038;-5.95053674317014;4.476535974032998;7.62733136018718
3077664.355579783;6.17016732040153;-5.935544491724837;4.476496092784779;7.629215719341584
3078373.095579999;6.187027740904014;-5.920528540571558;4.476456223817051;7.6311000576585215
3079081.998792421;6.203911920707688;-5.905488816933037;4.476416367122063;7.63298437051866
3079791.065254633;6.220819928312171;-5.890425247712137;4.476376522692794;7.634868653331512
3080500.295004231;6.237751832412375;-5.875337759536725;4.476336690520524;7.636752901428575
3081209.688078817;6.2547077020854855;-5.860226278697631;4.476296870598018;7.638637110185103
3081919.244516001;6.271687606656404;-5.845090731189816;4.476257062917263;7.640521274928959
3082628.964353404;6.288691615774854;-5.8299310426859225;4.476217267470802;7.642405390989975
3083338.847628655;6.3057197993833185;-5.814747138555532;4.4761774842506235;7.644289453688224
3084048.894379391;6.32277222771402;-5.799538943842883;4.476137713249244;7.6461734583076595
3084759.104643257;6.339848971310982;-5.784306383285544;4.476097954458701;7.648057400137826
3085469.478457909;6.356950101035849;-5.769049381298032;4.4760582078712545;7.64994127446263
3086180.01586101;6.374075688034382;-5.753767861970585;4.476018473479408;7.651825076525559
3086890.716890231;6.391225803773714;-5.7384617490812095;4.475978751275203;7.653708801579717
3087601.581583253;6.408400520035889;-5.723130966076004;4.4759390412511655;7.655592444860728
3088312.609977766;6.425599908888851;-5.707775436086031;4.4758993433993055;7.657476001575576
3089023.802111468;6.442824042730361;-5.692395081921355;4.475859657711428;7.659359466940286
3089735.158022066;6.460072994283925;-5.676989826035323;4.475819984180797;7.66124283613845
3090446.677747273;6.4773468365654985;-5.661559590581112;4.475780322799194;7.663126104347415
3091158.361324816;6.494645642922432;-5.646104297371428;4.4757406735589;7.66500926673496
3091870.208792426;6.511969487002089;-5.630623867896718;4.4757010364517145;7.6668923184470925
3092582.220187845;6.529318442817154;-5.615118223278249;4.475661411471156;7.668775254624246
3093294.395548823;6.546692584646686;-5.599587284346894;4.475621798608528;7.670658070385052
3094006.734913119;6.564091987114896;-5.584030971575724;4.475582197856119;7.672540760834504
3094719.2383185;6.581516725196411;-5.568449205089437;4.475542609206728;7.6744233210791215
3095431.905802743;6.5989668741614835;-5.552841904686953;4.475503032652394;7.676305746196044
3096144.737403632;6.616442509599613;-5.537208989830216;4.475463468184913;7.678188031244915
3096857.733158961;6.63394370747362;-5.521550379606825;4.475423915797582;7.680070171282861
3097570.893106532;6.651470544031528;-5.505865992799478;4.4753843754817;7.681952161349307
3098284.217284157;6.66902309589423;-5.4901557478130725;4.475344847230081;7.68383399647722
3098997.705729655;6.686601439979531;-5.474419562714235;4.475305331035015;7.685715671658753
3099711.358480855;6.704205653580983;-5.458657355218323;4.475265826888815;7.68759718191049
3100425.175575593;6.7218358142934695;-5.442869042694247;4.475226334783541;7.689478522204175
3101139.157051716;6.739492000078172;-5.42705454214638;4.475186854711754;7.6913596875128
3101853.302947078;6.757174289221571;-5.411213770238926;4.475147386665266;7.693240672795234
3102567.613299542;6.774882760377841;-5.39534664324803;4.475107930637368;7.695121472988506
3103282.088146981;6.792617492497687;-5.379453077136876;4.4750684866191595;7.697002083015403
3103996.727527275;6.810378564922873;-5.363532987461625;4.475029054603928;7.698882497780569
3104711.531478313;6.828166057344241;-5.347586289452233;4.4749896345832685;7.700762712213204
3105426.500037994;6.8459800497682;-5.331612897948009;4.474950226549983;7.702642721166227
3106141.633244225;6.863820622580335;-5.315612727433004;4.474910830496402;7.704522519516939
3106856.931134921;6.88168785651007;-5.299585692028978;4.474871446414578;7.706402102124471
3107572.393748007;6.899581832634668;-5.28353170548768;4.474832074296629;7.708281463825719
3108288.021121415;6.917502632415945;-5.267450681174331;4.474792714135358;7.710160599454915
3109003.813293088;6.935450337638445;-5.251342532096785;4.4747533659228385;7.712039503812389
3109719.770300976;6.953425030481508;-5.235207170877375;4.474714029651659;7.713918171707225
3110435.892183039;6.971426793446264;-5.2190445097782066;4.474674705313658;7.7157965979108125
3111152.178977245;6.989455709438164;-5.2028544606665585;4.474635392901419;7.717674777203303
3111868.630721569;7.007511861692955;-5.186636935040915;4.474596092407019;7.719552704326851
3112585.247453998;7.0255953338505694;-5.170391844001225;4.474556803823304;7.7214303740284915
3113302.029212527;7.043706209897261;-5.154119098274391;4.474517527142618;7.723307781029034
3114018.976035158;7.061844574177857;-5.1378186082133634;4.474478262356785;7.725184920034436
3114736.087959902;7.080010511439854;-5.121490283766363;4.474439009458439;7.727061785747779
3115453.365024782;7.098204106782618;-5.105134034510259;4.474399768439388;7.72893837285349
3116170.807267825;7.116425445693837;-5.088749769597092;4.4743605392929835;7.7308146759979435
3116888.414727069;7.134674614041864;-5.072337397824337;4.4743213220108515;7.732690689855347
3117606.187440563;7.152951698050073;-5.055896827573977;4.474282116585556;7.734566409038493
3118324.125446361;7.171256784352077;-5.0394279668414255;4.474242923009235;7.736441828184267
3119042.228782528;7.189589959959926;-5.022930723213516;4.4742037412744775;7.7383169418989635
3119760.497487136;7.207951312251807;-5.006405003887826;4.474164571373384;7.740191744766247
3120478.931598268;7.226340929016722;-4.989850715648395;4.474125413298576;7.742066231366541
3121197.531154014;7.244758898422136;-4.9732677648815695;4.474086267042404;7.743940396261301
3121916.296192473;7.263205309010592;-4.95665605757914;4.474047132596744;7.745814233992988
3122635.226751755;7.281680249748829;-4.940015499302705;4.474008009954439;7.7476877390970955
3123354.322869976;7.300183809985976;-4.923345995215552;4.473968899107867;7.749560906093662
3124073.584585261;7.318716079455777;-4.9066474500697135;4.4739298000493966;7.751433729476092
3124793.011935744;7.337277148281407;-4.889919768215956;4.473890712770901;7.75330620372646
3125512.604959571;7.355867107016008;-4.873162853572396;4.473851637264997;7.755178323323407
3126232.363694892;7.374486046616498;-4.8563766096345;4.473812573524536;7.7570500827264635
3126952.288179868;7.393134058389536;-4.839560939519252;4.473773521540695;7.758921476368093
3127672.378452669;7.411811234121288;-4.822715745859398;4.473734481307299;7.760792498673387
3128392.634551474;7.430517665948477;-4.805840930923157;4.473695452815745;7.762663144055888
3129113.056514469;7.449253446431793;-4.788936396525072;4.47365643605867;7.764533406898197
3129833.644379851;7.468018668574603;-4.772002044052986;4.473617431028692;7.7664032815988975
3130554.398185825;7.4868134257490135;-4.755037774478684;4.473578437717952;7.768272762509745
3131275.317970604;7.505637811739806;-4.738043488349347;4.47353945611835;7.770141843970802
3131996.403772411;7.5244919208130785;-4.721019085744597;4.473500486223247;7.7720105203344305
3132717.655629477;7.543375847568333;-4.703964466357601;4.473461528024047;7.773878785901884
3133439.073580041;7.562289687088669;-4.686879529403674;4.473422581513887;7.7757466349784545
3134160.657662353;7.581233534854591;-4.669764173684422;4.473383646684917;7.777614061854093
3134882.407914671;7.600207486763554;-4.652618297549266;4.47334472352977;7.77948106078305
3135604.324375261;7.619211639146645;-4.635441798936829;4.473305812039859;7.7813476260436145
3136326.407082397;7.638246088781005;-4.618234575286781;4.473266912208814;7.783213751858973
3137048.656074366;7.657310932835209;-4.60099652364877;4.473228024028043;7.785079432455939
3137771.071389458;7.676406268940584;-4.583727540587816;4.473189147490445;7.786944662037955
3138493.653065976;7.695532195154357;-4.566427522238302;4.47315028258817;7.788809434804489
3139216.40114223;7.71468880997313;-4.549096364264333;4.473111429314129;7.790673744923334
3139939.31565654;7.733876212310045;-4.5317339619080235;4.473072587659993;7.7925375865580735
3140662.396647234;7.753094501556229;-4.514340209919295;4.473033757618888;7.794400953856638
3141385.64415265;7.772343777489425;-4.496915002628084;4.472994939182501;7.7962638409350085
3142109.058211131;7.791624140391873;-4.47945823386146;4.472956132344224;7.798126241909112
3142832.638861035;7.81093569093944;-4.461969797042425;4.472917337095234;7.799988150886632
3143556.386140724;7.83027853027595;-4.444449585080411;4.472878553428709;7.801849561927651
3144280.30008857;7.849652759992328;-4.426897490452124;4.472839781336548;7.803710469107902
3145004.380742954;7.869058482148775;-4.409313405141674;4.472801020811677;7.805570866478771
3145728.628142267;7.888495799238485;-4.391697220664507;4.472762271847013;7.807430748055983
3146453.042324908;7.907964814183729;-4.374048828123973;4.472723534433224;7.809290107874477
3147177.623329283;7.9274656304043924;-4.356368118073065;4.472684808564006;7.811148939913451
3147902.37119381;7.946998351787019;-4.338654980616537;4.472646094232012;7.813007238171546
3148627.285956915;7.966563082627385;-4.3209093054087475;4.472607391428927;7.814864996607205
3149352.36765703;7.986159927718331;-4.303130981599538;4.47256870014745;7.81672220917042
3150077.616332601;8.005788992293922;-4.285319897872625;4.472530020379742;7.818578869786807
3150803.032022077;8.025450382109986;-4.267475942402709;4.47249135211898;7.820434972393714
3151528.614763921;8.04514420331208;-4.249599002920643;4.472452695356864;7.82229051087586
3152254.364596601;8.064870562549343;-4.231688966657692;4.472414050085593;7.824145479121441
3152980.281558597;8.08462956697168;-4.213745720325112;4.472375416298572;7.8259998709982215
3153706.365688396;8.104421324165463;-4.195769150183689;4.472336793987772;7.82785368036138
3154432.617024493;8.124245942174674;-4.17775914200387;4.472298183145122;7.829706901033423
3155159.035605394;8.144103529579494;-4.159715581028502;4.472259583763817;7.831559526844184
3155885.621469614;8.163994195380694;-4.141638352045826;4.47222099583557;7.833411551590952
3156612.374655674;8.183918049107474;-4.123527339300313;4.47218241935379;7.835262969054
3157339.295202107;8.2038752007313;-4.105382426584205;4.472143854310209;7.8371137730052975
3158066.383147453;8.223865760726365;-4.087203497162617;4.472105300697513;7.838963957191468
3158793.638530262;8.24388984004397;-4.068990433818326;4.472066758507668;7.840813515354627
3159521.061389092;8.263947550130634;-4.050743118802879;4.472028227733615;7.842662441199899
3160248.65176251;8.284039002937233;-4.032461433874262;4.471989708367828;7.844510728443664
3160976.409689092;8.304164310857303;-4.0141452602979335;4.471951200402254;7.846358370752981
3161704.335207424;8.324323586831381;-3.995794478800738;4.471912703829843;7.848205361802275
3162432.428356098;8.344516944267488;-3.977408969612251;4.471874218643071;7.85005169523667
3163160.689173719;8.364744497066775;-3.958988612455671;4.471835744834149;7.8518973646883
3163889.117698897;8.38500635963913;-3.94053328653249;4.471797282395542;7.85374236377608
3164617.713970253;8.405302646879534;-3.922042870533968;4.471758831319473;7.855586686094028
3165346.478026417;8.425633474228404;-3.9035172425977738;4.471720391599392;7.857430325226787
3166075.409906027;8.445998957550627;-3.884956280405501;4.471681963226539;7.859273274729588
3166804.50964773;8.466399213291874;-3.866359861059005;4.471643546194127;7.86111552815675
3167533.777290182;8.486834358358236;-3.847727861172861;4.471605140494139;7.862957079036956
3168263.212872048;8.507304510177455;-3.829060156807585;4.471566746119537;7.864797920865505
3168992.816432002;8.527809786716697;-3.8103566235108692;4.471528363062797;7.866638047164772
3169722.588008727;8.548350306371345;-3.791617136330986;4.471489991315424;7.868477451386909
3170452.527640915;8.568926188150263;-3.772841569720051;4.4714516308711225;7.870316126999192
3171182.635367267;8.589537551503277;-3.7540297976574033;4.471413281721641;7.872154067439039
3171912.911226491;8.610184516454826;-3.735181693551874;4.471374943859948;7.873991266146751
3172643.355257307;8.63086720347565;-3.7162971303065646;4.471336617278048;7.875827716504167
3173373.967498442;8.65158573361897;-3.6973759802660444;4.471298301968669;7.877663411916349
3174104.747988631;8.672340228426215;-3.6784181152441646;4.4712599979243;7.879498345746079
3174835.696766622;8.69313080995756;-3.6594234065300792;4.471221705136945;7.881332511350695
3175566.813871167;8.713957600830833;-3.6403917248345845;4.471183423599828;7.883165902065588
3176298.099341029;8.734820724162422;-3.6213229403552623;4.4711451533052085;7.884998511212473
3177029.553214981;8.755720303577862;-3.6022169227462775;4.471106894245331;7.886830332078809
3177761.175531804;8.776656463250298;-3.5830735411167614;4.4710686464124425;7.888661357954618
3178492.966330287;8.797629327909691;-3.56389266399003;4.471030409800027;7.890491582099697
3179224.925649229;8.818639022753008;-3.5446741594102136;4.470992184399376;7.892320997763847
3179957.053527439;8.839685673571093;-3.5254178948036463;4.4709539702039525;7.894149598170788
3180689.350003732;8.860769406649222;-3.506123737083104;4.470915767206033;7.895977376526294
3181421.815116935;8.88189034881323;-3.4867915526182465;4.470877575397619;7.897804326033856
3182154.448905881;8.903048627428813;-3.4674212072014643;4.470839394771471;7.899630439858802
3182887.251409415;8.924244370414486;-3.44801256607028;4.470801225320359;7.901455711164407
3183620.222666388;8.945477706189173;-3.428565493922584;4.4707630670365335;7.903280133075221
3184353.362715662;8.966748763742626;-3.409079854883936;4.470724919912749;7.905103698713813
3185086.671596108;8.988057672564178;-3.3895555125528136;4.470686783940801;7.9069264011761895
3185820.149346605;9.009404562757172;-3.369992329913391;4.470648659114184;7.90874823355638
3186553.796006042;9.030789564884284;-3.350390169445644;4.4706105454246705;7.9105691889052565
3187287.611613314;9.052212810108886;-3.330748893028047;4.470572442865289;7.912389260271645
3188021.596207328;9.073674430095947;-3.3110683620096992;4.4705343514280464;7.914208440677601
3188755.749827;9.095174557101068;-3.291348437151689;4.470496271105736;7.91602672314702
3189490.072511254;9.116713323875215;-3.2715889786598273;4.47045820189089;7.917844100644151
3190224.564299022;9.138290863760094;-3.251789846175743;4.470420143776003;7.919660566159833
3190959.225229247;9.159907310608144;-3.231950898774252;4.470382096753628;7.921476112628768
3191694.05534088;9.181562798843633;-3.2120719949646004;4.47034406081631;7.923290732991923
3192429.05467288;9.203257463421895;-3.1921529926974275;4.4703060359563125;7.925104420163009
3193164.223264217;9.224991439863736;-3.1721937493395003;4.470268022166412;7.926917167036826
3193899.561153868;9.246764864231366;-3.152194121697111;4.470230019439155;7.928728966489322
3194635.06838082;9.268577873119622;-3.1321539660242275;4.470192027766596;7.930539811377255
3195370.744984069;9.290430603703397;-3.112073137964682;4.470154047141999;7.93234969452608
3196106.591002621;9.31232319370343;-3.0919514926252676;4.470116077557668;7.934158608771028
3196842.606475488;9.334255781356827;-3.0717888845601022;4.470078119005411;7.93596654691152
3197578.791441693;9.35622850552293;-3.051585167668015;4.470040171479488;7.937773501711456
3198315.145940269;9.37824150550587;-3.0313401954047925;4.470002234970469;7.9395794659401915
3199051.670010256;9.400294921261953;-3.011053820561423;4.469964309471671;7.9413844323517075
3199788.363690704;9.422388893252492;-2.990725895375241;4.46992639497586;7.943188393651871
3200525.227020671;9.444523562502875;-2.970356271520468;4.469888491475599;7.944991342547741
3201262.260039225;9.46669907058473;-2.949944800109611;4.4698505989632;7.946793271731139
3201999.462785444;9.488915559605648;-2.929491331674818;4.46981271743121;7.948594173849257
3202736.835298412;9.511173172262446;-2.908995716168947;4.469774846872433;7.950394041558959
3203474.377617225;9.533472051764385;-2.8884578029914296;4.469736987279196;7.952192867476617
3204212.089780985;9.555812341882291;-2.8678774409808803;4.4696991386435485;7.953990644219623
3204949.971828807;9.578194186959736;-2.847254478351813;4.46966130095904;7.955787364352509
3205688.023799812;9.600617731867672;-2.826588762811175;4.469623474217511;7.957583020461336
3206426.24573313;9.623083122051883;-2.805880141443855;4.46958565841226;7.9593776050834775
3207164.637667902;9.645590503450284;-2.785128460829147;4.46954785353485;7.961171110744582
3207903.199643275;9.668140022600815;-2.764333566923554;4.469510059578372;7.9629635299459975
3208641.931698408;9.69073182658692;-2.7434953051263196;4.469472276535621;7.964754855177619
3209380.833872469;9.713366063000832;-2.7226135203065556;4.469434504398439;7.966545078908949
3210119.906204631;9.736042880029514;-2.701688056703904;4.46939674316038;7.968334193573038
3210859.148734081;9.758762426343432;-2.6807187580767837;4.469358992812803;7.970122191607414
3211598.561500012;9.781524851225878;-2.6597054675280956;4.469321253349504;7.9719090654044695
3212338.144541628;9.804330304446355;-2.638648027672874;4.469283524762332;7.973694807356896
3213077.897898139;9.827178936334379;-2.617546280538499;4.469245807043853;7.975479409829022
3213817.821608768;9.850070897778185;-2.5964000675733305;4.469208100187157;7.9772628651643585
3214557.915712744;9.873006340155108;-2.5752092297070495;4.469170404184334;7.979045165677823
3215298.180249306;9.895985415408774;-2.5539736073033845;4.469132719027718;7.98082630368444
3216038.615257702;9.91900827602978;-2.5326930401343333;4.469095044710645;7.9826062714534665
3216779.22077719;9.94207507501234;-2.5113673674676185;4.4690573812251975;7.984385061254761
3217519.996847035;9.965185965886578;-2.489996428001607;4.469019728563978;7.986162665324208
3218260.943506513;9.9883411027347;-2.4685800598669965;4.468982086720073;7.987939075881622
3219002.060794908;10.011540640116953;-2.4471181006982174;4.468944455685329;7.989714285129843
3219743.348751512;10.034784733138366;-2.4256103875562856;4.468906835452355;7.991488285242294
3220484.80741563;10.058073537456933;-2.404056756933322;4.4688692260144665;7.993261068375785
3221226.436826571;10.08140720919843;-2.3824570448311775;4.468831627363796;7.995032626665813
3221968.237023656;10.104785905021878;-2.360811086697858;4.468794039492931;7.996802952226806
3222710.208046216;10.12820978208362;-2.3391187174584687;4.468756462394239;7.99857203714785
3223452.349933587;10.151678998090091;-2.317379771479771;4.468718896060797;8.000339873509065
3224194.662725119;10.175193711216032;-2.295594082621755;4.4686813404852215;8.002106453352567
3224937.146460168;10.198754080133302;-2.273761484242268;4.468643795659641;8.003871768715932
3225679.801178099;10.222360264023978;-2.2518818091511617;4.468606261576891;8.005635811598248
3226422.626918287;10.246012422567679;-2.229954889651456;4.468568738229603;8.007398573989533
3227165.623720116;10.269710715923777;-2.20798055753669;4.468531225610368;8.009160047850099
3227908.791622979;10.29345530474009;-2.185958644102308;4.46849372371158;8.010920225130818
3228652.130666278;10.31724635014482;-2.163888980121119;4.468456232526082;8.012679097739857
3229395.640889424;10.341084013762021;-2.141771395877477;4.468418752046491;8.014436657593007
3230139.322331838;10.364968457660593;-2.119605721151142;4.468381282265688;8.016192896546045
3230883.175032948;10.388899844356265;-2.0973917852856787;4.4683438231753145;8.017947806466632
3231627.199032192;10.412878336903887;-2.075129417056956;4.4683063747689555;8.019701379191888
3232371.394369019;10.436904098729489;-2.052818444824716;4.46826893703875;8.021453606515458
3233115.761082884;10.460977293798344;-2.0304586964224653;4.468231509978076;8.023204480242734
3233860.299213253;10.485098086408334;-2.0080499993012944;4.468194093578323;8.024953992131307
3234605.008799602;10.509266641397037;-1.9855921803648937;4.468156687832861;8.026702133929069
3235349.889881413;10.533483123982208;-1.9630850661048147;4.4681192927340625;8.028448897352959
3236094.94249818;10.557747699821205;-1.940528482550865;4.468081908274584;8.030194274097482
3236840.166689403;10.582060535021473;-1.9179222552688393;4.468044534447539;8.031938255842773
3237585.562494596;10.606421796059522;-1.89526620943189;4.4680071712450795;8.033680834246335
3238331.129953276;10.630831649831551;-1.8725601697625427;4.467969818659828;8.035422000934267
3239076.869104975;10.655290263638673;-1.8498039605600551;4.4679324766844415;8.037161747514283
3239822.77998923;10.67979780517165;-1.8269974057107354;4.4678951453115525;8.038900065570834
3240568.862645587;10.704354442490555;-1.8041403287042168;4.467857824533563;8.040636946661207
3241315.117113606;10.728960344077512;-1.7812325525985084;4.467820514343614;8.042372382332406
3242061.543432849;10.753615678753537;-1.758273900071912;4.467783214734588;8.04410636409086
3242808.141642894;10.778320615649896;-1.7352641934892121;4.467745925697909;8.045838883441197
3243554.911783322;10.803075324325484;-1.7122032547284478;4.467708647227454;8.047569931826477
3244301.853893728;10.827879974652308;-1.6890909053843306;4.467671379315394;8.049299500721247
3245048.968013714;10.8527347367942;-1.6659269666854701;4.467634121954125;8.051027581525544
3245796.25418289;10.877639781276859;-1.6427112595050763;4.467596875136294;8.052754165645638
3246543.712440877;10.902595278948162;-1.619443604358057;4.467559638855076;8.05447924445114
3247291.342827304;10.927601400927857;-1.5961238214712732;4.467522413102849;8.05620280929628
3248039.145381811;10.952658318633828;-1.5727517307457008;4.4674851978723105;8.057924851507215
3248787.120144045;10.97776620373202;-1.5493271518052762;4.467447993155603;8.059645362381692
3249535.267153662;11.002925228220315;-1.5258499039235507;4.4674107989461325;8.06136433319773
3250283.586450329;11.028135564290224;-1.5023198061547658;4.467373615236087;8.063081755208902
3251032.07807372;11.053397384428262;-1.4787366772391684;4.467336442018603;8.064797619648832
3251780.742063521;11.078710861284977;-1.4551003357231316;4.467299279285623;8.066511917722485
3252529.578459425;11.104076167780423;-1.4314105998515603;4.467262127030313;8.06822464060167
3253278.587301133;11.129493477017112;-1.4076672876787057;4.467224985245097;8.06993577945072
3254027.768628358;11.154962962294814;-1.3838702170201342;4.4671878539228915;8.071645325392057
3254777.122480821;11.180484797080387;-1.3600192055163196;4.467150733056126;8.073353269540583
3255526.648898251;11.206059154999476;-1.3361140706111874;4.467113622637475;8.07505960297319
3256276.347920388;11.231686209845142;-1.3121546295652062;4.467076522659863;8.076764316750483
3257026.219586979;11.25736613549199;-1.2881406995102063;4.4670394331157235;8.078467401886472
3257776.263937783;11.283099105971457;-1.2640720974387174;4.467002353997493;8.080168849412683
3258526.481012566;11.308885295411724;-1.2399486401708575;4.466965285298597;8.081868650283985
3259276.870851104;11.334724878015166;-1.2157701444730764;4.466928227011463;8.083566795476777
3260027.433493182;11.360618027979775;-1.19153642706015;4.466891179127817;8.08526327591211
3260778.168978592;11.386564919645163;-1.167247304477039;4.4668541416413134;8.086958082480889
3261529.07734714;11.412565727364068;-1.1429025932675823;4.466817114544629;8.088651206087022
3262280.158638638;11.438620625418777;-1.1185021099679548;4.466780097829986;8.090342637556745
3263031.412892906;11.464729788161296;-1.0940456710625392;4.466743091490322;8.092032367733514
3263782.840149775;11.49089338988838;-1.0695330930432598;4.466706095518572;8.093720387413068
3264534.440449086;11.517111604803517;-1.0449641924683073;4.466669109906933;8.095406687364894
3265286.213830688;11.543384607075511;-1.0203387859049302;4.46663213464836;8.097091258332082
3266038.160334438;11.569712570767152;-0.9956566900167323;4.46659516973531;8.098774091048575
3266790.280000205;11.5960956698215;-0.9709177215350363;4.466558215160715;8.100455176195823
3267542.572867864;11.622534078053683;-0.946121697318138;4.466521270917295;8.102134504454527
3268295.038977303;11.64902796908516;-0.9212684343651594;4.466484336997736;8.103812066452585
3269047.678368415;11.675577516359809;-0.8963577498515091;4.466447413394514;8.105487852816808
3269800.491081105;11.70218289310755;-0.8713894611142403;4.466410500100572;8.107161854121216
3270553.477155286;11.728844272316277;-0.8463633857177888;4.466373597108631;8.108834060925433
3271306.636630881;11.755561826708718;-0.8212793414814943;4.46633670441115;8.110504463779058
3272059.969547821;11.782335728684068;-0.7961371464779414;4.4662998220008445;8.112173053161163
3272813.475946048;11.809166150365535;-0.7709366190754683;4.466262949870428;8.113839819570575
3273567.155865512;11.836053263509287;-0.745677577952089;4.466226088012858;8.11550475344852
3274321.009346171;11.862997239466214;-0.7203598421667285;4.466189236420607;8.117167845212338
3275075.036427995;11.889998249184208;-0.6949832311622083;4.466152395086152;8.118829085260264
3275829.237150962;11.917056463223098;-0.6695475647380777;4.466115564002949;8.120488463958225
3276583.611555057;11.944172051573318;-0.6440526632246641;4.4660787431629965;8.122145971634986
3277338.159680278;11.971345183820077;-0.6184983473609424;4.4660419325594845;8.123801598621533
3278092.881566629;11.998576028933714;-0.5928844384240953;4.466005132185155;8.125455335172653
3278847.777254126;12.025864755307236;-0.567210758282529;4.4659683420319976;8.127107171557768
3279602.846782792;12.053211530791643;-0.5414771292978188;4.465931562093489;8.12875709799597
3280358.09019266;12.08061652254557;-0.5156833744942225;4.465894792362331;8.130405104677465
3281113.507523772;12.108079897014282;-0.48982931759268705;4.4658580328305435;8.132051181776426
3281869.098816181;12.135601819983727;-0.46391478291947164;4.465821283491583;8.133695319411613
3282624.864109945;12.16318245643432;-0.43793959560664064;4.465784544337707;8.135337507703257
3283380.803445137;12.19082197059332;-0.41190358149768896;4.465747815362135;8.136977736728873
3284136.916861834;12.218520525780676;-0.385806567308462;4.465711096557121;8.13861599653202
3284893.204400124;12.246278284484873;-0.3596483805660693;4.4656743879156515;8.140252277135291
3285649.666100106;12.274095408237562;-0.3334288497112413;4.4656376894304515;8.141886568518352
3286406.302001887;12.301972057606275;-0.3071478041403808;4.465601001094047;8.143518860652605
3287163.112145581;12.329908392111301;-0.28080507424068263;4.465564322898919;8.145149143453063
3287920.096571316;12.357904570321104;-0.2544004913400224;4.4655276548390335;8.146777406822094
3288677.255319225;12.385960749512437;-0.22793388802009235;4.4654909969056895;8.148403640626839
3289434.588429451;12.414077085942306;-0.20140509785434524;4.465454349092358;8.150027834704293
3290192.095942149;12.44225373460688;-0.17481395564525165;4.465417711391798;8.15164997886033
3290949.77789748;12.470490849209675;-0.14816029746098916;4.4653810837962755;8.153270062874391
3291707.634335617;12.498788582215534;-0.12144396056149825;4.4653444662995145;8.154888076477517
3292465.665296739;12.52714708459716;-0.09466478369141643;4.465307858893052;8.156504009395526
3293223.870821036;12.555566506029393;-0.06782260684678698;4.4652712615706305;8.158117851305548
3293982.250948708;12.5840469945719;-0.04091727160954921;4.465234674324022;8.15972959185743
3294740.805719964;12.612588696854237;-0.013948620957587775;4.465198097146725;8.161339220665099
3295499.535175021;12.641191757876271;0.013083500525142585;4.465161530031753;8.162946727319374
3296258.439354106;12.669856320882849;0.04017924653727062;4.465124972970874;8.164552101374703
3297017.518297457;12.698582527484357;0.06733876918239412;4.46508842595737;8.166155332344594
3297776.772045317;12.727370517499475;0.09456221878302176;4.4650518889842425;8.167756409732212
3298536.200637943;12.756220428819478;0.12184974378502209;4.465015362043769;8.169355322990686
3299295.804115598;12.785132397470864;0.14920149080534362;4.464978845129201;8.170952061536319
3300055.582518555;12.814106557432153;0.17661760442936608;4.464942338232839;8.172546614769947
3300815.535887098;12.843143040648961;0.20409822725468704;4.464905841347694;8.17413897204658
3301575.664261518;12.872241976912788;0.23164349975399082;4.464869354466541;8.175729122692259
3302335.967682117;12.901403493783242;0.2592535601969113;4.464832877581908;8.177317056004421
3303096.446189204;12.930627716571239;0.28692854464585704;4.46479641068708;8.178902761238303
3303857.099823101;12.959914768164193;0.3146685867697713;4.464759953774578;8.180486227619845
3304617.928624135;12.989264768955447;0.3424738177819544;4.4647235068364575;8.182067444337035
3305378.932632646;13.018677836985027;0.3703443665520412;4.4646870698669545;8.183646400566028
3306140.111888981;13.048154087435366;0.39828035916872223;4.46465064285766;8.185223085408982
3306901.466433497;13.077693632895764;0.42628191913351965;4.4646142258013395;8.186797487960906
3307662.99630656;13.107296583227697;0.45434916724088414;4.46457781869152;8.18836959729529
3308424.701548545;13.136963045277652;0.4824822213412036;4.464541421520506;8.189939402415945
3309186.582199838;13.166693122979487;0.5106811963927983;4.464505034281331;8.191506892305357
3309948.638300833;13.196486917172264;0.5389462042768945;4.464468656966548;8.193072055928818
3310710.869891933;13.226344525495996;0.5672773537325874;4.4644322895686965;8.194634882194713
3311473.27701355;13.256266042425837;0.5956747503548583;4.464395932081557;8.19619535998942
3312235.859706108;13.286251558866045;0.6241384962096966;4.4643595844964725;8.197753478159878
3312998.618010036;13.316301162470364;0.6526686901407506;4.464323246807695;8.19930922552192
3313761.551965777;13.346414937090659;0.6812654272497829;4.46428691900705;8.200862590833824
3314524.661613779;13.376592962991031;0.7099287990502406;4.464250601087343;8.202413562853451
3315287.946994503;13.406835316659457;0.7386588933363775;4.464214293042108;8.203962130280969
3316051.408148416;13.437142070530612;0.7674557938956685;4.464177994863429;8.205508281771518
3316815.045115997;13.467513293085263;0.7963195805615154;4.464141706544098;8.207052005979648
3317578.857937733;13.497949048655347;0.82525032909809;4.4641054280776755;8.20859329147958
3318342.846654121;13.52844939720014;0.8542481108952484;4.464069159456216;8.210132126848675
3319107.011305666;13.55901439429574;0.8833129930216412;4.4640329006725485;8.21166850060155
3319871.351932884;13.589644090999398;0.9124450380546613;4.463996651719738;8.213202401224997
3320635.868576299;13.620338533692088;0.9416443039277882;4.463960412590822;8.21473381717348
3321400.561276445;13.651097763824456;0.9709108436954644;4.463924183277662;8.21626273685133
3322165.430073866;13.681921818112448;1.0002447056943504;4.463887963774534;8.217789148643567
3322930.475009113;13.712810727947948;1.0296459329985135;4.4638517540732705;8.219313040876166
3323695.69612275;13.743764519529218;1.0591145634945347;4.463815554165984;8.2208344018687
3324461.093455346;13.774783213843381;1.0886506299190888;4.463779364047185;8.222353219877105
3325226.667047483;13.805866826106186;1.1182541592732778;4.463743183708729;8.223869483124181
3325992.416939751;13.837015365925286;1.1479251729776239;4.463707013143445;8.225383179804219
3326758.343172749;13.86822883701165;1.1776636866071357;4.463670852343922;8.226894298060593
3327524.445787085;13.89950723720956;1.2074697098751035;4.463634701304199;8.228402826030258
3328290.724823378;13.930850557864929;1.237343246086263;4.463598560015408;8.229908751763258
3329057.180322255;13.962258784289599;1.2672842924966534;4.46356242847184;8.231412063321104
3329823.812324352;13.993731894954385;1.297292839602195;4.463526306664875;8.232912748687314
3330590.620870315;14.0252698618802;1.3273688714575684;4.463490194588561;8.234410795834071
3331357.606000801;14.056872650022687;1.3575123651005552;4.46345409223524;8.23590619268689
3332124.767756473;14.088540217291047;1.3877232905646073;4.463417999597769;8.237398927128671
3332892.106178006;14.12027251431473;1.4180016106367432;4.463381916668968;8.238888987009021
3333659.621306084;14.152069484281782;1.4483472806916722;4.463345843441944;8.240376360148169
3334427.313181398;14.183931062578372;1.478760248372489;4.463309779908794;8.24186103429709
3335195.181844653;14.215857176894701;1.5092404536136717;4.463273726063102;8.243342997217928
3335963.227336558;14.24784774669845;1.5397878282063573;4.463237681897473;8.24482223659462
3336731.449697835;14.279902683186506;1.570402295695403;4.4632016474047465;8.246298740086356
3337499.848969216;14.312021889007678;1.6010837711157755;4.463165622577542;8.247772495314361
3338268.425191438;14.344205258106422;1.6318321608355597;4.4631296074089395;8.249243489861923
3339037.178405251;14.376452675430816;1.662647362260088;4.463093601891807;8.250711711278921
3339806.108651415;14.408764016721902;1.6935292636430868;4.463057606019223;8.252177147059594
3340575.215970696;14.44113914819969;1.724477743729249;4.463021619783338;8.253639784687103
3341344.500403872;14.473577926463507;1.7554926716970582;4.462985643177239;8.255099611589209
3342113.96199173;14.50608019819686;1.7865739068420763;4.462949676194279;8.256556615160507
3342883.600775066;14.53864579976133;1.8177212981719881;4.462913718826577;8.258010782762764
3343653.416794685;14.571274557205488;1.8489346844394958;4.462877771067982;8.259462101698007
3344423.410091402;14.603966285684919;1.880213893507512;4.462841832910376;8.260910559267028
3345193.580706041;14.636720789457254;1.9115587423946439;4.462805904346866;8.262356142715744
3345963.928679436;14.669537861491467;1.9429690368764998;4.462769985370569;8.263798839244394
3346734.454052431;14.702417283117995;1.9744445711229928;4.462734075973874;8.265238636021131
3347505.156865877;14.735358823923994;2.005985127582405;4.4626981761501225;8.266675520191466
3348276.037160637;14.768362241236483;2.037590476484671;4.46266228589169;8.268109478860119
3349047.094977581;14.801427280040366;2.069260375769834;4.462626405192218;8.269540499078316
3349818.330357591;14.834553672415334;2.100994570487266;4.462590534043822;8.270968567884246
3350589.743341556;14.867741137483447;2.1327927927715877;4.462554672439877;8.272393672271985
3351361.333970376;14.900989380871401;2.1646547613064366;4.462518820373007;8.273815799191958
3352133.10228496;14.934298094485825;2.196580181076506;4.462482977835853;8.275234935573465
3352905.048326227;14.967666956218457;2.2285687430803542;4.462447144821548;8.276651068316557
3353677.172135104;15.001095629525382;2.2606201239369668;4.462411321323208;8.278064184265208
3354449.473752529;15.034583763032606;2.292733985451237;4.462375507333223;8.279474270248146
3355221.953219447;15.068130990326768;2.324909974420308;4.462339702844741;8.280881313061721
3355994.610576816;15.101736929437726;2.357147722130737;4.4623039078503925;8.282285299456596
3356767.4458656;15.135401182636393;2.389446844122905;4.46226812234356;8.283686216169928
3357540.459126775;15.169123335853099;2.421806939646155;4.462232346316882;8.28508404989006
3358313.650401324;15.202902958381797;2.4542275913260965;4.462196579762774;8.286478787292923
3359087.019730243;15.236739602577705;2.486708364905267;4.46216082267461;8.287870414997824
3359860.567154533;15.270632803362618;2.519248808676992;4.46212507504529;8.289258919640334
3360634.292715209;15.304582077745732;2.5518484530957375;4.4620893368674555;8.29064428778254
3361408.196453291;15.338586924560023;2.5845068104484383;4.462053608134259;8.292026505977324
3362182.278409811;15.372646823932648;2.6172233743384696;4.4620178888385915;8.293405560755584
3362956.538625811;15.406761236831247;2.649997619249409;4.461982178973126;8.294781438608712
3363730.977142341;15.44092960471428;2.6828290001575352;4.461946478530742;8.296154126026003
3364505.594000461;15.475151349011169;2.715716952051779;4.461910787504358;8.297523609455034
3365280.38924124;15.509425870676685;2.748660889474026;4.461875105886875;8.29888987531578
3366055.362905757;15.543752549781209;2.7816602060760394;4.461839433671449;8.300252910033722
3366830.5150351;15.578130744846172;2.8147142740227378;4.461803770850506;8.30161269997293
3367605.845670368;15.612559792671629;2.8478224437441755;4.461768117417665;8.302969231509788
3368381.354852668;15.647039007477447;2.8809840431102094;4.461732473365123;8.304322491002116
3369157.042623115;15.681567680685296;2.9141983772260893;4.461696838686041;8.305672464773167
3369932.909022837;15.716145080242576;2.947464727734905;4.46166121337308;8.307019139134592
3370708.95409297;15.750770450301841;2.9807823524842414;4.461625597419898;8.3083625003977
3371485.177874657;15.785443010341869;3.014150484675792;4.461589990818661;8.309702534847416
3372261.580409054;15.820161954965599;3.047568332645648;4.461554393562555;8.311039228757394
3373038.161737325;15.854926453171174;3.081035079117242;4.461518805644248;8.312372568409687
3373814.921900643;15.889735647844066;3.1145498807404923;4.4614832270566565;8.313702540046917
3374591.860940191;15.924588655321246;3.1481118675906994;4.461447657793444;8.315029129937102
3375368.978897162;15.959484564465162;3.181720142292529;4.461412097846803;8.316352324325832
3376146.275812759;15.994422436396817;3.2153737797312303;4.461376547209656;8.317672109455932
3376923.751728192;16.029401303837663;3.2490718263878975;4.4613410058751795;8.318988471574588
3377701.406684682;16.064420170414074;3.2828132996339776;4.461305473836065;8.320301396944034
3378479.24072346;16.09947801010149;3.3165971872179387;4.461269951085221;8.321610871798331
3379257.253885765;16.13457376673119;3.350422446710052;4.461234437616338;8.322916882404801
3380035.446212848;16.169706352944807;3.384288004493714;4.4611989334211195;8.324219415029972
3380813.817745967;16.204874650105538;3.418192755666005;4.461163438493232;8.325518455946298
3381592.368526391;16.24007750725462;3.452135562980775;4.461127952825372;8.326813991448475
3382371.098595398;16.275313740638882;3.4861152563900877;4.4610924764107205;8.328106007838073
3383150.007994275;16.310582132921233;3.520130632239967;4.461057009241974;8.329394491439292
3383929.096764319;16.34588143260228;3.5541804526923473;4.4610215513120774;8.330679428597856
3384708.364946836;16.381210353377856;3.5882634450798543;4.460986102614459;8.331960805683543
3385487.812583143;16.416567573127892;3.622378300884753;4.46095066314085;8.333238609102285
3386267.439714566;16.451951733767984;3.656523675610658;4.460915232885167;8.33451282527216
3387047.246382439;16.487361440093125;3.690698187603621;4.460879811840347;8.335783440649156
3387827.232628106;16.522795259139365;3.7249004174052573;4.460844399998878;8.337050441735226
3388607.398492922;16.558251719669855;3.7591289072428506;4.460808997354178;8.338313815072828
3389387.74401825;16.593729311093863;3.793382159961224;4.460773603898475;8.339573547234163
3390168.269245464;16.629226483176613;3.82765863869345;4.460738219625439;8.340829624857722
3390948.974215947;16.66474164488148;3.8619567657389635;4.460702844527814;8.342082034614704
3391729.858971089;16.700273163868935;3.8962749220292197;4.460667478598773;8.343330763240942
3392510.923552294;16.735819365480697;3.930611446100426;4.460632121830315;8.344575797549956
3393292.168000972;16.77137853245372;3.9649646338639903;4.460596774216613;8.345817124373117
3394073.592358544;16.806948903504814;3.999332737099916;4.4605614357494066;8.347054730655492
3394855.196666441;16.842528673180976;4.033713963376064;4.460526106422385;8.348288603382525
3395636.980966102;16.878115990789986;4.068106474921374;4.460490786229014;8.349518729639602
3396418.945298977;16.913708959425108;4.1025083876696;4.460455475161521;8.35074509659399
3397201.089706524;16.949305635465418;4.136917770789862;4.460420173212877;8.351967691462677
3397983.414230213;16.98490402767709;4.171332645691759;4.460384880375555;8.353186501609775
3398765.918911521;17.020502096695004;4.205750985596462;4.460349596643755;8.35440151445479
3399548.603791935;17.056097753629146;4.240170714086436;4.46031432200946;8.355612717533251
3400331.468912954;17.091688859872708;4.274589704918088;4.460279056466139;8.35682009848848
3401114.514316083;17.127273225971912;4.309005780892855;4.46024380000677;8.358023645072288
3401897.74004284;17.162848610816376;4.343416713013715;4.460208552623596;8.359223345179064
3402681.146134749;17.198412721200356;4.3778202201080925;4.460173314310566;8.360419186781694
3403464.732633346;17.23396321058146;4.412213967481583;4.4601380850601835;8.361611158039693
3404248.499580177;17.269497678485322;4.446595566416337;4.46010286486516;8.362799247203824
3405032.447016795;17.30501366984017;4.480962573429983;4.460067653718741;8.363983442691442
3405816.574984765;17.340508674131094;4.515312489446276;4.4600324516144045;8.36516373307041
3406600.88352566;17.375980124242258;4.549642758656241;4.4599972585438925;8.366340107042125
3407385.372681065;17.411425396430435;4.583950768411447;4.459962074500945;8.367512553518043
3408170.04249257;17.446841809022;4.618233848013792;4.459926899478782;8.368681061529426
3408954.893001779;17.482226621795164;4.652489268002173;4.459891733470393;8.369845620322597
3409739.924250305;17.517577035087303;4.686714239313804;4.459856576468047;8.371006219305452
3410525.136279767;17.552890189508105;4.720905912954702;4.459821428465456;8.372162848087942
3411310.529131799;17.588163164675198;4.755061378731198;4.459786289454892;8.373315496489107
3412096.102848039;17.623392978944345;4.789177664997355;4.459751159429599;8.37446415451739
3412881.857470139;17.658576588659642;4.823251737870461;4.459716038383283;8.375608812405895
3413667.793039759;17.69371088706938;4.857280500140902;4.4596809263079935;8.376749460620486
3414453.909598568;17.728792704245922;4.8912607912086745;4.459645823197198;8.377886089840054
3415240.207188244;17.763818806060783;4.925189386033905;4.459610729043655;8.37901869098322
3416026.685850478;17.79878589379477;4.959062994705459;4.459575643840389;8.38014725524892
3416813.345626967;17.833690603524293;4.992878261892295;4.459540567580866;8.381271774051132
3417600.186559419;17.86852950530215;5.026631765948689;4.459505500257374;8.382392239096088
3418387.208689551;17.90329910305815;5.060320018849457;4.459470441863406;8.383508642345284
3419174.412059091;17.937995833639803;5.093939465187727;4.459435392391239;8.38462097606084
3419961.796709775;17.9726160669684;5.127486482351476;4.4594003518350975;8.385729232781824
3420749.36268335;18.007156104762462;5.160957379214573;4.4593653201870245;8.386833405360864
3421537.110021571;18.04161218069904;5.19434839633259;4.459330297439786;8.387933486926666
3422325.038766205;18.075980460228532;5.227655705669375;4.459295283587362;8.389029470971796
3423113.148959026;18.11025703960954;5.260875409709147;4.459260278622306;8.390121351278083
3423901.440641819;18.14443794602297;5.294003541504598;4.459225282537365;8.39120912198101
3424689.913856379;18.178519137419457;5.327036064546951;4.459190295326056;8.39229277754645
3425478.568644509;18.212496502001386;5.359968872194573;4.45915531698092;8.393372312825893
3426267.405048024;18.246365858416375;5.392797787934719;4.459120347495457;8.394447722986202
3427056.423108746;18.280122955260868;5.425518564805788;4.45908538686195;8.395519003593128
3427845.622868509;18.313763471668054;5.458126885997091;4.459050435074421;8.39658615059654
3428635.004369155;18.347283016478453;5.490618364037692;4.459015492124903;8.397649160315856
3429424.567652537;18.38067712911183;5.522988541628113;4.458980558006919;8.398708029476797
3430214.312760515;18.413941279148457;5.555232891220544;4.458945632713008;8.399762755214903
3431004.239734962;18.44707086707067;5.587346815768236;4.458910716237184;8.400813335065253
3431794.348617759;18.48006122378419;5.6193256481954466;4.458875808571481;8.401859767017264
3432584.639450796;18.51290761166764;5.651164652524025;4.458840909709443;8.402902049434173
3433375.112275975;18.545605224622424;5.682859023810739;4.458806019644093;8.403940181167593
3434165.767135204;18.57814918843481;5.714403888576312;4.458771138367739;8.40497416149076
3434956.604070405;18.61053456193701;5.745794305924433;4.4587362658744025;8.406003990138172
3435747.623123505;18.642756336825478;5.777025267375121;4.458701402156373;8.407029667293981
3436538.824336444;18.674809439042328;5.808091698218442;4.458666547206943;8.408051193616942
3437330.207751171;18.706688729441062;5.838988458206902;4.458631701019893;8.409068570214266
3438121.773409645;18.73838900415634;5.86971034185647;4.458596863587045;8.410081798712824
3438913.521353832;18.76990499640461;5.900252080308458;4.4585620349019255;8.411090881194225
3439705.451625711;18.801231377059537;5.930608341888076;4.458527214957579;8.412095820213878
3440497.56426727;18.832362756060125;5.960773733451152;4.458492403747306;8.413096618861665
3441289.859320504;18.863293683364073;5.990742801413846;4.458457601263665;8.414093280686563
3442082.336827422;18.894018650750624;6.020510033494778;4.458422807499945;8.415085809755901
3442874.996830038;18.92453209302958;6.050069859950304;4.458388022449208;8.416074210630072
3443667.83937038;18.95482838970264;6.07941665521424;4.458353246104492;8.417058488383907
3444460.864490483;18.984901866599856;6.108544739542551;4.458318478458633;8.418038648598674
3445254.072232392;19.014746797829766;6.137448380980909;4.458283719504899;8.419014697343957
3446047.462638162;19.04435740757506;6.166121797118256;4.458248969236378;8.419986641220422
3446841.035749859;19.07372787212285;6.19455915715527;4.458214227646106;8.42095448732147
3447634.791609555;19.102852321987864;6.222754584005436;4.458179494726911;8.421918243255519
3448428.730259337;19.131724844195922;6.2507021566039676;4.458144770471617;8.422877917120337
3449222.851741297;19.160339484960037;6.278395912553535;4.458110054874002;8.4238335175325
3450017.156097539;19.188690251501427;6.30582984997913;4.458075347926414;8.424785053595883
3450811.643370177;19.216771115441922;6.332997930923044;4.458040649622646;8.425732534896232
3451606.313601332;19.244576014918756;6.359894083439087;4.458005959955521;8.42667597152415
3452401.166833139;19.27209885752934;6.386512204576972;4.457971278917373;8.427615374034996
3453196.203107738;19.299333523929207;6.412846163967108;4.45793660650226;8.428550753459836
3453991.422467283;19.32627387005327;6.438889806062853;4.457901942702753;8.429482121287663
3454786.824953934;19.352913730820507;6.464636953834935;4.457867287511693;8.43040948947388
3455582.410609863;19.379246923640036;6.490081412320668;4.457832640922878;8.431332870396485
3456378.179477252;19.405267251158264;6.5152169713478;4.457798002928402;8.43225227688206
3457174.131598291;19.43096850575575;6.540037410079547;4.457763373522103;8.433167722154101
3457970.267015181;19.45634447250306;6.564536499953895;4.457728752696783;8.434079219852384
3458766.585770131;19.481388933231052;6.588708008792155;4.457694140445292;8.434986783993608
3459563.087905363;19.506095670598256;6.612545704864077;4.457659536760966;8.435890428973213
3460359.773463105;19.53045847203112;6.636043360860042;4.457624941637355;8.436790169533722
3461156.642485598;19.554471133384375;6.659194757567013;4.457590355066593;8.437686020750771
3461953.695015091;19.578127463915017;6.681993688870297;4.45755577704198;8.438577998002742
3462750.931093841;19.601421290332933;6.704433965793797;4.457521207556879;8.439466116982258
3463548.350764119;19.624346461158954;6.7265094209273375;4.457486646604594;8.440350393627021
3464345.954068202;19.6468968510844;6.7482139127823215;4.457452094177753;8.441230844124325
3465143.741048378;19.669066365936896;6.7695413307679875;4.457417550269424;8.442107484899484
3465941.711746946;19.69084894719991;6.790485599783933;4.457383014872725;8.442980332543254
3466739.866206213;19.712238577033727;6.811040685221038;4.457348487981464;8.443849403831226
3467538.204468497;19.733229282242398;6.831200596977363;4.457313969587279;8.444714715677758
3468336.726576123;19.753815140613536;6.850959395833537;4.45727945968449;8.44557628509551
3469135.432571429;19.773990284657238;6.870311197215676;4.457244958265948;8.446434129175618
3469934.322496762;19.79374890693402;6.889250176534868;4.457210465324014;8.447288265075137
3470733.396394479;19.813085265735648;6.90777057494608;4.457175980852791;8.448138709936774
3471532.654306944;19.831993689248762;6.925866703505149;4.457141504844865;8.448985480898747
3472332.096276535;19.85046858128989;6.943532948940685;4.4571070372933566;8.449828595055846
3473131.722345636;19.86850442625854;6.960763778671143;4.457072578191367;8.45066806939603
3473931.532556643;19.886095794410192;6.977553746079922;4.457038127532248;8.451503920798022
3474731.526951962;19.903237346618276;6.993897495338412;4.457003685308363;8.4523361659715
3475531.705574006;19.919923840388755;7.009789767431616;4.456969251513833;8.453164821443305
3476332.068465201;19.936150133737524;7.025225404113397;4.456934826140518;8.453989903483611
3477132.615667981;19.951911191817196;7.04019935451633;4.456900409182755;8.454811428118113
3477933.34722479;19.96720209056784;7.054706678899736;4.456866000632937;8.455629411035165
3478734.263178082;19.982018022726812;7.068742554639456;4.456831600484418;8.456443867602939
3479535.363570322;19.996354302455845;7.082302280946249;4.4567972087305545;8.457254812779041
3480336.648443982;20.01020636998991;7.095381283525474;4.45676282536374;8.458062261100695
3481138.117841546;20.023569797171884;7.107975120139206;4.456728450377577;8.458866226655102
3481939.771805507;20.036440291750417;7.120079484967963;4.456694083765432;8.459666723017019
3482741.610378367;20.04881370172468;7.131690212993163;4.456659725519457;8.460463763212058
3483543.63360264;20.060686020949348;7.142803285606294;4.456625375633751;8.461257359709302
3484345.841520848;20.072053392370933;7.15341483394066;4.456591034100688;8.462047524329584
3485148.234175523;20.08291211343284;7.163521144250705;4.456556700914155;8.462834268267983
3485950.811609207;20.093258639282638;7.173118661185317;4.456522376066526;8.463617602030794
3486753.573864453;20.103089587752795;7.182203992831382;4.456488059551686;8.464397535369727
3487556.52098382;20.11240174242886;7.190773913765719;4.456453751362248;8.4651740773009
3488359.653009882;20.121192056863567;7.19882536930701;4.456419451491126;8.465947236065432
3489162.96998522;20.129457658201872;7.206355479249344;4.456385159931919;8.466717019020608
3489966.471952423;20.137195850140376;7.213361540749803;4.4563508766773;8.467483432713275
3490770.158954095;20.144404116572353;7.21984103207399;4.456316601720624;8.46824648277774
3491574.031032844;20.15108012442605;7.225791615416393;4.456282335055291;8.469006173954359
3492378.088231291;20.157221726242653;7.231211139544268;4.456248076674189;8.469762510024196
3493182.330592067;20.162826962999397;7.236097642651043;4.456213826570451;8.470515493777906
3493986.758157811;20.167894066299915;7.240449354514601;4.456179584736745;8.471265127048571
3494791.370971174;20.172421461078635;7.244264699290023;4.456145351167175;8.472011410621437
3495596.169074817;20.176407766540606;7.247542296429222;4.456111125854173;8.472754344257215
3496401.152511407;20.17985179875175;7.250280963317599;4.456076908791354;8.473493926642792
3497206.321323624;20.18275257126674;7.252479715887404;4.456042699970902;8.474230155408435
3498011.675554159;20.185109297391133;7.254137770921714;4.45600849938693;8.474963027082492
3498817.215245708;20.186921390132824;7.255254546021427;4.455974307032356;8.475692537079043
3499622.940440983;20.188188463320692;7.255829660705833;4.455940122900077;8.476418679714786
3500428.851182701;20.188910332209645;7.255862937064906;4.455905946983498;8.477141448161241
3501234.947513591;20.189087013395532;7.255354399644015;4.455871779275521;8.477860834475994
3502041.229476391;20.188718724923838;7.254304275590611;4.455837619769064;8.478576829564165
3502847.69711385;20.18780588624137;7.252712994594596;4.455803468457768;8.479289423189003
3503654.350468726;20.18634911736453;7.2505811880432445;4.455769325335047;8.47999860398624
3504461.189583786;20.18434923781369;7.247909687993418;4.45573519039331;8.480704359426964
3505268.214501808;20.181807266282515;7.244699526783618;4.455701063625976;8.481406675872918
3506075.425265581;20.17872441905371;7.240951935497328;4.45566694502669;8.482105538529693
3506882.821917901;20.17510210806423;7.236668341983176;4.455632834587872;8.482800931493184
3507690.404501576;20.170941939769502;7.23185036972787;4.455598732302714;8.48349283773892
3508498.173059423;20.166245712982054;7.2264998356879495;4.455564638164595;8.484181239129507
3509306.127634269;20.16101541656353;7.220618747925727;4.455530552166705;8.4848661164711
3510114.268268952;20.15525322706369;7.214209303318287;4.455496474302459;8.485547449442947
3510922.595006317;20.14896150591774;7.207273884647454;4.455462404564756;8.48622521670553
3511731.107889222;20.142142796724944;7.199815057906452;4.4554283429465595;8.486899395871934
3512539.806960532;20.134799822422636;7.191835569433608;4.455394289441504;8.487569963547525
3513348.692263126;20.126935481323205;7.183338341961626;4.455360244041796;8.488236895319785
3514157.763839888;20.118552844883247;7.174326472312362;4.455326206741849;8.488900165829035
3514967.021733715;20.109655152729285;7.164803226438048;4.455292177534071;8.489559748757165
3515776.465987513;20.10024580984689;7.154772036562132;4.455258156411919;8.490215616872838
3516586.096644198;20.09032838214209;7.144236496722961;4.455224143368303;8.490867742050828
3517395.913746695;20.079906592696453;7.133200358979568;4.45519013839666;8.491516095320225
3518205.917337941;20.068984317122656;7.1216675287657445;4.4551561414897005;8.492160646867205
3519016.107460881;20.05756557980741;7.109642061085961;4.455122152641314;8.492801366080132
3519826.48415847;20.04565454870404;7.097128155262111;4.455088171844206;8.493438221597723
3520637.047473674;20.033255531224533;7.0841301508244445;4.455054199091563;8.494071181308524
3521447.797449468;20.020372969350362;7.070652522555311;4.45502023437634;8.49470021241871
3522258.734128837;20.007011435188726;7.0566998760381985;4.454986277692449;8.49532528145808
3523069.857554775;19.993175625543476;7.042276942151129;4.454952329032831;8.49594635435952
3523881.167770289;19.97887035707422;7.02738857225219;4.454918388389953;8.496563396432078
3524692.664818393;19.964100561858867;7.012039733656417;4.454884455757496;8.497176372444958
3525504.348742111;19.94887128187373;6.996235504090331;4.45485053112889;8.497785246654507
3526316.219584478;19.93318766383133;6.979981066506999;4.4548166144971;8.498389982827234
3527128.27738854;19.91705495427673;6.963281704131327;4.454782705855314;8.498990544290091
3527940.522197349;19.900478494305567;6.94614279514144;4.454748805196502;8.499586893967626
3528752.954053972;19.883463714597585;6.928569807679395;4.454714912514079;8.500178994404116
3529565.573001481;19.866016130135964;6.910568294520493;4.4546810278015165;8.500766807813955
3530378.379082962;19.84814133482915;6.892143887658904;4.454647151051519;8.501350296118726
3531191.372341508;19.82984499671155;6.8733022934866606;4.454613282257278;8.501929420967608
3532004.552820223;19.81113285270314;6.854049287513262;4.454579421412025;8.502504143777847
3532817.920562223;19.79201070367327;6.834390709360889;4.454545568509445;8.503074425802936
3533631.475610629;19.77248440899;6.814332457342637;4.45451172354249;8.503640228104876
3534445.218008577;19.752559881724878;6.793880483571031;4.454477886503885;8.504201511649958
3535259.14779921;19.732243083980514;6.7730407893188405;4.454444057387331;8.504758237274343
3536073.265025681;19.71154002166583;6.751819419686939;4.454410236186047;8.505310365792845
3536887.569731155;19.690456739621162;6.730222458740628;4.454376422892754;8.50585785798778
3537702.061958806;19.66899931726958;6.708256025153942;4.454342617501147;8.506400674614492
3538516.741751815;19.647173863514528;6.685926267025709;4.454308820004204;8.506938776484613
3539331.609153378;19.624986512476845;6.663239357601655;4.454275030395391;8.5074721244798
3540146.664206697;19.60244341855102;6.640201490347079;4.454241248667187;8.508000679536753
3540961.906954987;19.579550752859774;6.616818875314831;4.454207474814026;8.508524402730918
3541777.337441469;19.556314697788384;6.593097733681349;4.454173708828165;8.509043255278868
3542592.955709378;19.532741443630776;6.56904429437472;4.454139950702827;8.50955719855323
3543408.761801957;19.508837184370226;6.5446647898181265;4.454106200431707;8.51006619412039
3544224.755762459;19.484608113365418;6.519965451584343;4.454072458007808;8.51057020377327
3545040.937634147;19.460060419603025;6.494952506683944;4.454038723424092;8.511069189494988
3545857.307460295;19.435200284213764;6.469632173969046;4.454004996674289;8.511563113570427
3546673.865284184;19.410033876227125;6.444010659942208;4.45397127775089;8.512051938534027
3547490.61114911;19.384567349709023;6.41809415584026;4.453937566647613;8.512535627221155
3548307.545098374;19.35880683998754;6.391888833867613;4.453903863358187;8.51301414276174
3549124.667175289;19.332758459946234;6.365400843446103;4.453870167874608;8.513487448625527
3549941.977423178;19.306428297826972;6.338636309018543;4.453836480191094;8.513955508617334
3550759.475885376;19.27982241317015;6.3116013259732915;4.453802800300146;8.514418286896714
3551577.162605224;19.25294683462408;6.284301958433545;4.4537691281955025;8.514875747995033
3552395.037626075;19.225807556723094;6.256744236048264;4.453735463870626;8.515327856804202
3553213.100991292;19.198410536995805;6.228934151047114;4.4537018073177865;8.515774578630902
3554031.352744248;19.170761694141426;6.200877656437701;4.453668158531209;8.516215879172513
3554849.792928326;19.142866904721462;6.172580662681144;4.453634517503639;8.516651724536677
3555668.42158692;19.114732001296314;6.144049035828642;4.453600884228317;8.517082081239355
3556487.23876343;19.086362770059154;6.1152885951100435;4.4535672586982535;8.51750691625086
3557306.244501271;19.05776494893824;6.086305111105645;4.453533640907414;8.517926196925178
3558125.438843866;19.02894422512762;6.057104303167673;4.45350003084833;8.518339891111617
3558944.821834647;18.999906233734826;6.027691838161325;4.453466428514719;8.518747967058781
3559764.393517056;18.970656555552665;5.998073328182439;4.453432833899364;8.51915039347086
3560584.153934549;18.941200715791314;5.968254329279344;4.453399246995728;8.519547139516238
3561404.103130586;18.911544182339625;5.938240339736659;4.45336566779734;8.519938174805624
3562224.24114864;18.88169236407532;5.9080367983844;4.4533320962967196;8.5203234693942
3563044.568032195;18.851650610158803;5.877649083869288;4.453298532488075;8.520702993801445
3563865.083824744;18.821424207899934;5.847082512514516;4.453264976363445;8.521076719021973
3564685.788569788;18.791018382545168;5.816342338170717;4.453231427917078;8.521444616457373
3565506.682310842;18.760438295540297;5.785433750381523;4.453197887141987;8.521806658016787
3566327.765091429;18.729689043756338;5.754361873700605;4.453164354031184;8.522162816024547
3567149.03695508;18.69877565882623;5.723131766976981;4.453130828578414;8.52251306327084
3567970.49794534;18.667703105938724;5.691748422157813;4.4530973107762115;8.522857373004701
3568792.148105762;18.636476283573863;5.660216764052992;4.453063800618083;8.523195718902786
3569613.987479907;18.605100022714126;5.628541649522159;4.4530302980975485;8.523528075094418
3570436.01611135;18.573579086235345;5.5967278668690685;4.452996803207848;8.523854416158429
3571258.234043673;18.541918168389813;5.564780135357653;4.452963315941789;8.524174717090375
3572080.64132047;18.51012189473484;5.532703105115047;4.452929836293117;8.524488953326676
3572903.237985344;18.47819482151328;5.500501356522868;4.452896364255104;8.52479710073531
3573726.024081908;18.446141435389357;5.468179399972147;4.452862899820527;8.525099135596683
3574548.999653785;18.41396615354927;5.435741675944503;4.452829442982908;8.52539503462186
3575372.16474461;18.381673323378937;5.403192554739011;4.452795993735764;8.525684774904164
3576195.519398024;18.349267222321227;5.370536336278239;4.452762552071888;8.5259683339711
3577019.063657681;18.316752058143702;5.3377772504096175;4.452729117984796;8.526245689749286
3577842.797567246;18.284131968817682;5.304919456815216;4.452695691468006;8.526516820534463
3578666.721170391;18.25141102252622;5.271967044988367;4.452662272514313;8.526781705023541
3579490.834510801;18.218593218113377;5.238924034687972;4.452628861117242;8.527040322308162
3580315.137632168;18.185682484997706;5.20579437590798;4.4525954572698305;8.527292651819891
3581139.630578197;18.15268268364802;5.172581949286991;4.452562060965359;8.52753867339567
3581964.313392601;18.1195976058954;5.139290566498848;4.452528672197839;8.527778367198714
3582789.186119103;18.086430974947834;5.105923970227687;4.452495290960082;8.528011713760069
3583614.248801439;18.053186445952058;5.072485834741208;4.452461917244639;8.528238693966209
3584439.501483352;18.019867606736643;5.038979766672131;4.452428551045763;8.52845928901875
3585264.944208596;17.986477977676007;5.005409304839736;4.452395192356018;8.52867348048025
3586090.577020935;17.953021012705307;4.971777921322026;4.45236184116943;8.528881250213852
3586916.399964143;17.91950009941055;4.938089021525983;4.452328497479041;8.529082580405525
3587742.413082005;17.88591855972811;4.904345944874565;4.45229516127766;8.529277453575885
3588568.616418315;17.852279650623288;4.870551965549327;4.45226183255882;8.52946585251514
3589395.010016878;17.8185865645557;4.836710292920195;4.452228511315827;8.529647760319683
3590221.593921507;17.78484243017722;4.802824072245294;4.4521951975422045;8.529823160389723
3591048.368176029;17.75105031282471;4.768896385195548;4.45216189123103;8.529992036398129
3591875.332824276;17.717213215256304;4.734930250597485;4.452128592375346;8.530154372283473
3592702.487910095;17.68333407843784;4.7009286251972515;4.45209530096869;8.530310152271896
3593529.83347734;17.649415782157746;4.666894404320999;4.452062017004864;8.530459360831884
3594357.369569877;17.615461145516782;4.6328304223342895;4.452028740476432;8.53060198270606
3595185.096231579;17.58147292794858;4.598739453701513;4.451995471376689;8.530738002870379
3596013.013506333;17.547453829928628;4.564624213686782;4.451962209699451;8.530867406542393
3596841.121438034;17.513406493517707;4.530487358891134;4.451928955437773;8.530990179188798
3597669.420070588;17.47933350313381;4.496331488064143;4.4518957085842255;8.531106306485437
3598497.909447909;17.445237386741404;4.462159143263415;4.451862469133331;8.531215774344659
3599326.589613924;17.411120615968446;4.427972810001123;4.451829237077687;8.531318568889633
3600155.460612568;17.37698560731514;4.393774918456091;4.451796012410597;8.531414676448456
3600984.522487787;17.34283472287111;4.359567844183408;4.451762795125606;8.531504083562101
3601813.775283537;17.308670271007088;4.3253539088314925;4.451729585216046;8.531586776959548
3602643.219043785;17.274494507175746;4.291135380934211;4.451696382674977;8.53166274356656
3603472.853812506;17.24030963478881;4.256914476788997;4.4516631874957255;8.531731970504092
3604302.679633688;17.206117805974202;4.222693361247879;4.451629999671843;8.531794445054478
3605132.696551326;17.171921122253927;4.1884741483779875;4.451596819196164;8.531850154679775
3605962.904609427;17.137721635645438;4.1542589025523435;4.451563646062751;8.531899087030343
3606793.303852008;17.103521348997617;4.1200496388410945;4.451530480264169;8.531941229892352
3607623.894323096;17.0693222172214;4.085848324187805;4.451497321794017;8.531976571239582
3608454.676066727;17.035126147821167;4.051656878009356;4.451464170645602;8.532005099166208
3609285.64912695;17.000935001862885;4.017477173100911;4.451431026812731;8.532026801949243
3610116.813547822;16.96675059442788;3.9833110361495185;4.451397890287771;8.532041667990589
3610948.169373409;16.93257469583003;3.949160248933539;4.4513647610645215;8.53204968583197
3611779.71664779;16.89840903209348;3.9150265487978313;4.4513316391360815;8.532050844159563
3612611.455415052;16.864255285950865;3.880911629664184;4.451298524496506;8.532045131790174
3613443.385719294;16.83011509719018;3.846817142399776;4.451265417137906;8.5320325376525
3614275.507604623;16.79599006409156;3.812744696224743;4.451232317055083;8.532013050811734
3615107.821115158;16.761881743419423;3.7786958587334003;4.451199224240147;8.531986660445877
3615940.326295027;16.727791651746063;3.74467215721689;4.451166138686671;8.531953355842502
3616773.023188369;16.69372126600782;3.7106750792110264;4.451133060388255;8.531913126408538
3617605.911839332;16.659672024185163;3.6767060731992824;4.45109998933822;8.53186596164766
3618438.992292075;16.625645326052584;3.6427665493518857;4.451066925529668;8.53181185117103
3619272.264590768;16.59164253396787;3.60885788031364;4.451033868955924;8.531750784698305
3620105.72877959;16.55766497355895;3.5749814019225497;4.451000819610595;8.531682752025802
3620939.384902729;16.52371393438536;3.541138413851766;4.450967777487024;8.53160774304657
3621773.233004387;16.48979067061921;3.507330180283834;4.45093474257804;8.531525747757335
3622607.273128771;16.455896401870294;3.4735579307620434;4.45090171487726;8.53143675623099
3623441.505320103;16.42203231376603;3.439822860774145;4.450868694378258;8.531340758613627
3624275.929622613;16.388199558560267;3.406126132345457;4.450835681073903;8.531237745140906
3625110.54608054;16.354399256009007;3.3724688749111653;4.450802674958027;8.531127706139817
3625945.354738136;16.32063249374394;3.3388521857375464;4.450769676023488;8.531010631982907
3626780.355639661;16.286900328208485;3.3052771308109756;4.450736684264131;8.530886513133378
3627615.548829386;16.253203785055444;3.271744745268386;4.4507036996730704;8.530755340113986
3628450.934351592;16.219543859926628;3.2382560341450697;4.450670722243641;8.530617103537919
3629286.51225057;16.18592151894789;3.2048119729443854;4.450637751968972;8.53047179403453
3630122.282570622;16.152337699472888;3.17141350830204;4.450604788842402;8.530319402328448
3630958.24535606;16.118793310730847;3.1380615586494454;4.4505718328580395;8.530159919223365
3631794.400651205;16.085289234069105;3.1047570145239707;4.45053888400826;8.529993335536876
3632630.74850039;16.05182632396072;3.071500739517581;4.450505942286902;8.529819642156241
3633467.288947957;16.018405408335727;3.0382935706072023;4.450473007687084;8.529638830041437
3634304.022038258;15.98502728923241;3.005136318854982;4.450440080202435;8.529450890174994
3635140.947815656;15.9516927432922;2.972029769853337;4.450407159826035;8.529255813612828
3635978.066324525;15.918402522396493;2.9389746843910687;4.4503742465515215;8.529053591453902
3636815.377609246;15.885157354032575;2.905971798846637;4.45034134037176;8.528844214814178
3637652.881714214;15.851957942098245;2.873021825915342;4.450308441280613;8.528627674902289
3638490.578683833;15.818804967174028;2.8401254549619077;4.450275549271442;8.528403962940677
3639328.468562515;15.7856990871098;2.807283352588864;4.4502426643376145;8.528173070183318
3640166.551394686;15.752640937493856;2.774496163064353;4.4502097864717785;8.527934987957721
3641004.827224779;15.71963113230437;2.7417645090450034;4.450176915668031;8.527689707591332
3641843.296097239;15.686670264210578;2.7090889918040375;4.450144051919505;8.527437220487037
3642681.958056522;15.653758905101016;2.6764701918363905;4.45011119521956;8.52717751804507
3643520.81314709;15.62089760659287;2.643908669302393;4.450078345561596;8.526910591728882
3644359.861413421;15.588086900477125;2.611404964507234;4.450045502939207;8.526636433030685
3645199.102899999;15.555327299014568;2.5789595982094857;4.450012667344812;8.52635503346027
3646038.537651321;15.522619295725164;2.546573072379294;4.449979838772755;8.526066384573115
3646878.165711891;15.48996336547576;2.514245870314426;4.449947017216187;8.525770477945144
3647717.987126227;15.457359965094673;2.481978457234891;4.4499142026687135;8.525467305191066
3648558.001938855;15.424809533626469;2.4497712805594176;4.449881395122994;8.525156857944058
3649398.210194312;15.392312492973527;2.4176247705310314;4.449848594572905;8.524839127869594
3650238.611937144;15.359869248097466;2.3855393404216247;4.449815801011581;8.52451410666426
3651079.207211909;15.327480187525449;2.3535153870520427;4.449783014432652;8.524181786040755
3651919.996063174;15.295145683677582;2.32155329110172;4.449750234829502;8.523842157746364
3652760.978535518;15.26286609320723;2.289653417469471;4.449717462195052;8.523495213542706
3653602.154673527;15.230641757492105;2.25781611575415;4.449684696522907;8.523140945215049
3654443.524521801;15.198473002950681;2.22604172055318;4.449651937806712;8.522779344590786
3655285.088124948;15.16636014134318;2.1943305518172735;4.449619186040103;8.522410403485802
3656126.845527587;15.134303470052672;2.1626829150662656;4.449586441215252;8.522034113771152
3656968.796774347;15.102303272735057;2.1310991020882577;4.449553703326782;8.521650467320018
3657810.941909867;15.070359819293177;2.0995793908948244;4.449520972367587;8.521259456030768
3658653.280978798;15.038473366399325;2.0681240462511226;4.4494882483310665;8.520861071817134
3659495.814025798;15.006644157780219;2.0367333199522504;4.449455531210627;8.52045530661734
3660338.541095539;14.974872424518251;2.005407451115651;4.449422820999419;8.520042152403182
3661181.462232701;14.943158385378963;1.974146666556259;4.449390117691083;8.51962160113162
3662024.577481974;14.911502247128062;1.94295118104158;4.4493574212792675;8.519193644807217
3662867.88688806;14.879904204705529;1.9118211975064288;4.449324731756635;8.518758275442469
3663711.39049567;14.848364441732372;1.8807569075516692;4.449292049117329;8.518315485063377
3664555.088349526;14.816883130569074;1.8497584914967813;4.449259373354258;8.517865265718033
3665398.98049436;14.785460432761342;1.8188261188235908;4.449226704461081;8.517407609476669
3666243.066974913;14.754096499172356;1.7879599483249418;4.449194042430717;8.516942508416696
3667087.34783594;14.722791470462264;1.7571601285718972;4.449161387257783;8.516469954632583
3667931.823122202;14.691545477001096;1.726426797812538;4.449128738934239;8.515989940254316
3668776.492878473;14.660358639469809;1.6957600846066962;4.449096097453975;8.515502457409138
3669621.357149536;14.629231068935372;1.6651601078936555;4.449063462810644;8.515007498231073
3670466.415980186;14.598162867105437;1.6346269772188673;4.44903083499742;8.514505054889149
3671311.669415227;14.567154126600201;1.6041607930099624;4.448998214007474;8.513995119582763
3672157.117499472;14.53620493122359;1.5737616469041837;4.448965599835185;8.513477684484222
3673002.760277746;14.505315356042338;1.5434296217494898;4.44893299247325;8.512952741819596
3673848.597794886;14.474485467719909;1.5131647919982305;4.448900391914842;8.512420283806835
3674694.630095736;14.443715324748483;1.4829672239060965;4.448867798153373;8.511880302689018
3675540.857225152;14.41300497766605;1.452836975744517;4.44883521118251;8.511332790739026
3676387.279228;14.382354469213261;1.4227740980097754;4.44880263099616;8.510777740207326
3677233.896149157;14.351763834485421;1.3927786334962546;4.448770057586772;8.510215143402393
3678080.708033509;14.321233101305825;1.3628506177373887;4.448737490948497;8.509644992619936
3678927.714925953;14.290762290221132;1.3329900789617972;4.448704931074031;8.5090672801853
3679774.916871397;14.260351414888731;1.3031970385013785;4.448672377957538;8.508481998429813
3680622.313914759;14.230000482098237;1.2734715107961678;4.448639831592189;8.50788913970988
3681469.906100966;14.199709491988324;1.2438135036343607;4.448607291970922;8.507288696383043
3682317.693474958;14.169478438367697;1.214223018433119;4.448574759087906;8.506680660846673
3683165.676081683;14.139307308653922;1.1847000502377463;4.448542232936077;8.506065025480101
3684013.8539661;14.109196084262363;1.1552445880316793;4.448509713509109;8.505441782721574
3684862.227173178;14.079144740590117;1.125856614817478;4.448477200800211;8.50481092497243
3685710.795747899;14.049153247323789;1.0965361078277593;4.448444694802788;8.50417244469324
3686559.559735252;14.019221568549051;1.0672830386878753;4.448412195510535;8.503526334350644
3687408.519180236;13.989349662840018;1.0380973735005956;4.448379702916388;8.502872586423036
3688257.674127865;13.959537483531332;1.0089790731169874;4.448347217014283;8.50221119340006
3689107.024623158;13.929784978747364;0.9799280931668887;4.4483147377974115;8.501542147783063
3689956.570711148;13.900092091638651;0.9509443842706738;4.448282265259205;8.500865442108772
3690806.312436876;13.870458760479522;0.9220278921650932;4.448249799393117;8.500181068921313
3691656.249845395;13.840884918829548;0.893178557855365;4.448217340192821;8.49948902078136
3692506.382981768;13.811370495617636;0.8643963177043146;4.448184887651518;8.4987892902618
3693356.711891069;13.78191541527195;0.8356811035482095;4.448152441761687;8.498081869962054
3694207.23661838;13.752519598087659;0.8070328430792194;4.448120002518954;8.497366752489485
3695057.957208795;13.723182959904394;0.7784514595111969;4.448087569915062;8.496643930478132
3695908.873707419;13.693905412577845;0.7499368720689841;4.448055143943459;8.495913396565406
3696759.986159367;13.664686864086274;0.7214889960575055;4.448022724598561;8.49517514343021
3697611.294609764;13.635527218408132;0.6931077427943398;4.447990311872851;8.494429163740943
3698462.799103744;13.6064263758888;0.6647930199257978;4.447957905760029;8.493675450202971
3699314.499686455;13.577384233253678;0.6365447314598416;4.447925506253782;8.492913995540054
3700166.396403053;13.54840068368937;0.6083627778616298;4.447893113347554;8.492144792480183
3701018.489298703;13.519475617010157;0.5802470561909011;4.447860727035052;8.491367833784205
3701870.778418584;13.490608919656452;0.552197460115884;4.447828347308759;8.49058311223181
3702723.263807882;13.461800474950493;0.5242138801802358;4.447795974162622;8.489790620607634
3703575.945511796;13.433050163115386;0.4962962037953226;4.447763607590337;8.488990351729726
3704428.823575534;13.404357861355908;0.46844431533959374;4.447731247585349;8.488182298430969
3705281.898044315;13.375723443954737;0.4406580962547164;4.447698894140887;8.487366453559133
3706135.168963367;13.347146782377399;0.4129374251362084;4.447666547249918;8.486542809991276
3706988.636377931;13.318627745447927;0.38528217792577224;4.4476342069068915;8.485711360615262
3707842.300333256;13.290166199272797;0.3576922278100907;4.447601873104524;8.484872098358183
3708696.160874603;13.26176200744866;0.3301674454820908;4.447569545836773;8.484025016129795
3709550.218047243;13.233415031105098;0.302707699109828;4.4475372250968555;8.483170106898413
3710404.471896456;13.20512512897319;0.27531285446067344;4.447504910878001;8.482307363634515
3711258.922467534;13.176892157536438;0.24798277502303043;4.447472603174168;8.481436779339237
3712113.56980578;13.148715970963448;0.22071732195999896;4.447440301977828;8.48055834702562
3712968.413956507;13.120596421422668;0.19351635440556608;4.447408007283925;8.479672059733177
3713823.454965036;13.092533358848122;0.16637972924039618;4.447375719084479;8.478777910523245
3714678.692876702;13.064526631303234;0.1393073014452636;4.447343437373686;8.477875892484283
3715534.127736848;13.036576084853335;0.11229892400090524;4.447311162144774;8.476965998707657
3716389.759590828;13.008681563774642;0.08535444804679543;4.447278893391689;8.476048222336157
3717245.588484008;12.980842910474992;0.05847372284682687;4.447246631107195;8.47512255652097
3718101.614461763;12.953059965691782;0.03165659598426723;4.44721437528525;8.474188994422263
3718957.837569478;12.925332568490994;0.0049029133202824595;4.447182125919083;8.473247529251633
3719814.257852548;12.897660556365874;-0.021787480862302297;4.447149883002662;8.472298154225518
3720670.875356382;12.870043765208996;-0.048414743903662766;4.447117646528734;8.471340862583926
3721527.690126395;12.842482029488282;-0.07497903460289919;4.44708541649078;8.470375647600402
3722384.702208015;12.814975182271036;-0.10148051317489909;4.447053192882772;8.469402502563163
3723241.91164668;12.787523055233239;-0.127919341254251;4.447020975697943;8.468421420789547
3724099.318487839;12.76012547876897;-0.1542956817918816;4.44698876492979;8.46743239563106
3724956.922776951;12.732782281974666;-0.1806096990371811;4.446956560571299;8.46643542044055
3725814.724559483;12.705493292862055;-0.20686155837466955;4.446924362617166;8.465430488619559
3726672.723880917;12.678258338154986;-0.23305142648074162;4.4468921710596785;8.46441759357605
3727530.920786743;12.651077243597477;-0.2591794710673967;4.4468599858927975;8.463396728772079
3728389.315322461;12.623949833817553;-0.2852458609405809;4.4468278071100205;8.462367887648112
3729247.907533583;12.596875932484096;-0.31125076594325224;4.4467956347045865;8.461331063722763
3730106.697465629;12.569855362303635;-0.3371943568697519;4.4467634686702375;8.460286250503147
3730965.685164134;12.542887945082331;-0.363076805459755;4.446731309000468;8.459233441541617
3731824.870674638;12.515973501738138;-0.38889828436298124;4.446699155688277;8.458172630412841
3732684.254042695;12.489111852430376;-0.41465896701583016;4.446667008727891;8.457103810718316
3733543.835313869;12.462302816488124;-0.44035902771569946;4.4466348681123264;8.456026976091499
3734403.614533734;12.435546212510523;-0.4659986414988659;4.446602733835065;8.454942120174323
3735263.591747875;12.408841858431288;-0.4915779841231952;4.4465706058896135;8.453849236664865
3736123.767001886;12.382189571484567;-0.5170972320406874;4.446538484269232;8.45274831925602
3736984.140341374;12.355589168390242;-0.5425565622940711;4.446506368968389;8.451639361715927
3737844.711811954;12.329040465145644;-0.5679561526232328;4.446474259979603;8.450522357789275
3738705.481459253;12.30254327728898;-0.5932961812851407;4.446442157296647;8.449397301277475
3739566.449328908;12.276097419838006;-0.6185768270858543;4.446410060912986;8.448264186010876
3740427.615466567;12.249702707320898;-0.6437982693451111;4.446377970821912;8.447123005844098
3741288.979917888;12.223358953853882;-0.6689606878106703;4.446345887017644;8.445973754646909
3742150.54272854;12.197065973096334;-0.6940642627431368;4.446313809492722;8.444816426346748
3743012.303944201;12.170823578381718;-0.7191091747459855;4.446281738241135;8.44365101488657
3743874.263610561;12.14463158267286;-0.744095604818213;4.446249673256407;8.442477514234664
3744736.421773322;12.118489798603209;-0.7690237343178329;4.44621761453178;8.441295918389265
3745598.778478193;12.092398038557693;-0.7938937448964818;4.446185562061022;8.440106221393151
3746461.333770896;12.066356114648187;-0.8187058184953605;4.446153515837895;8.438908417305653
3747324.087697162;12.040363838703032;-0.8434601373685466;4.446121475854922;8.437702500216659
3748187.040302734;12.014421022442372;-0.8681568839207948;4.446089442106597;8.436488464256568
3749050.191633365;11.988527477351736;-0.8927962408167751;4.446057414586199;8.435266303582313
3749913.541734818;11.962683014759985;-0.9173783909135282;4.446025393286749;8.434036012386763
3750777.090652868;11.93688744587767;-0.9419035171954158;4.445993378202005;8.432797584871077
3751640.838433297;11.91114058186669;-0.9663718027697004;4.445961369325982;8.43155101531041
3752504.785121903;11.885442233712048;-0.9907834309044926;4.445929366651457;8.430296297965086
3753368.930764489;11.859792212427573;-1.0151385849144587;4.44589737017221;8.429033427169824
3754233.275406873;11.834190328960075;-1.039437448189973;4.445865379881754;8.427762397268294
3755097.819094881;11.808636394251275;-1.0636802041547724;4.445833395773844;8.426483202632205
3755962.56187435;11.78313021923757;-1.087867036284209;4.445801417841527;8.425195837680251
3756827.503791128;11.75767161492624;-1.1119981280164644;4.445769446078807;8.423900296863899
3757692.644891073;11.732260392312458;-1.136073662829251;4.445737480478257;8.422596574663451
3758557.985220055;11.706896362559364;-1.1600938240588827;4.445705521035082;8.421284665583164
3759423.524823952;11.6815793367937;-1.1840587951177708;4.445673567741127;8.419964564170343
3760289.263748655;11.656309126365525;-1.2079687592499488;4.44564162059063;8.418636265024848
3761155.202040064;11.631085542676239;-1.2318238996345496;4.445609679577146;8.417299762733643
3762021.33974409;11.605908397320766;-1.2556243993430758;4.445577744694175;8.415955051969666
3762887.676906656;11.58077750199965;-1.2793704413286875;4.445545815935028;8.414602127393312
3763754.213573693;11.555692668651021;-1.3030622083930394;4.445513893293233;8.413240983750827
3764620.949791145;11.530653709363945;-1.3266998831708325;4.445481976762559;8.411871615772222
3765487.885604965;11.50566043645526;-1.3502836481316534;4.4454500663365595;8.410494018250354
3766355.021061116;11.480712662459995;-1.373813685566371;4.445418162008507;8.409108186017857
3767222.356205575;11.45581020013835;-1.3972901775529762;4.445386263771944;8.407714113919383
3768089.891084325;11.430952862531075;-1.4207133059525243;4.445354371620422;8.406311796863182
3768957.625743362;11.406140462908477;-1.4440832524040013;4.445322485547221;8.404901229765256
3769825.560228694;11.381372814876062;-1.467400198275683;4.445290605546383;8.403482407605365
3770693.694586337;11.35664973228096;-1.4906643246972622;4.445258731611423;8.402055325366797
3771562.028862318;11.331971029305297;-1.5138758125368204;4.445226863735676;8.400619978106441
3772430.563102676;11.307336520420153;-1.537034842381698;4.445195001912408;8.399176360889445
3773299.29735346;11.282746020450425;-1.5601415945073884;4.445163146135433;8.39772446882238
3774168.231660729;11.258199344561483;-1.5831962488947187;4.445131296398278;8.396264297057922
3775037.366070553;11.233696308272512;-1.6061989852076413;4.445099452694498;8.394795840785655
3775906.700629012;11.209236727447234;-1.629149982793088;4.445067615017393;8.393319095222928
3776776.235382198;11.184820418346291;-1.6520494206434868;4.445035783360766;8.391834055629012
3777645.970376214;11.160447197591964;-1.6748974774220002;4.445003957717909;8.39034071729605
3778515.90565717;11.13611688223192;-1.697694331409532;4.444972138082869;8.388839075558588
3779386.041271191;11.111829289682726;-1.7204401605636035;4.444940324448457;8.387329125797873
3780256.377264409;11.087584237799815;-1.743135142423748;4.444908516808725;8.38581086341484
3781126.91368297;11.06338154485583;-1.7657794541637304;4.444876715157214;8.384284283862343
3781997.650573028;11.039221029520732;-1.788373272588176;4.4448449194867665;8.382749382622142
3782868.58798075;11.015102510974863;-1.8109167740365937;4.44481312979214;8.381206155219317
3783739.72595231;10.991025808782988;-1.833410134505088;4.444781346066157;8.379654597221917
3784611.064533896;10.966990742973458;-1.855853529556175;4.444749568302148;8.378094704227484
3785482.603771705;10.942997134066903;-1.8782471343134364;4.444717796493902;8.376526471886438
3786354.343711946;10.919044803026841;-1.9005911234689137;4.444686030635233;8.374949895860524
3787226.284400837;10.895133571296343;-1.9228856713011335;4.4446542707192025;8.37336497187827
3788098.425884609;10.871263260838813;-1.9451309516043;4.4446225167401145;8.371771695703
3788970.768209499;10.847433694042522;-1.9673271377763184;4.4445907686905475;8.370170063128292
3789843.31142176;10.823644693842647;-1.9894744027183278;4.444559026564323;8.368560069996649
3790716.055567653;10.799896083673527;-2.011572918853992;4.4445272903557145;8.366941712171807
3791589.00069345;10.776187687455117;-2.033622858183029;4.444495560057584;8.365314985580563
3792462.146845433;10.752519329633301;-2.055624392215128;4.444463835663241;8.363679886185189
3793335.494069897;10.72889083519902;-2.0775776919424858;4.444432117167224;8.362036409974282
3794209.042413143;10.705302029608049;-2.0994829279397598;4.444400404561889;8.360384552985918
3795082.791921489;10.681752738933824;-2.1213402702163586;4.444368697842023;8.358724311308158
3795956.742641258;10.658242789692594;-2.1431498883541082;4.444336997000226;8.357055681046472
3796830.894618787;10.634772009014803;-2.1649119513903834;4.444305302030554;8.355378658374633
3797705.247900422;10.611340224529576;-2.1866266278812945;4.444273612926341;8.353693239484528
3798579.802532521;10.587947264431936;-2.208294085867264;4.444241929681137;8.351999420618059
3799454.558561451;10.564592957478247;-2.229914492868978;4.444210252288797;8.35029719805843
3800329.516033592;10.541277132967027;-2.251488015905708;4.444178580742629;8.348586568130104
3801204.674995332;10.517999620766577;-2.2730148214774357;4.444146915035983;8.34686752720803
3802080.035493072;10.494760251305886;-2.2944950755384848;4.444115255162913;8.345140071681454
3802955.597573223;10.471558855598111;-2.3159289435318806;4.444083601116997;8.343404198012994
3803831.361282205;10.448395265191763;-2.3373165903840416;4.444051952891331;8.341659902684475
3804707.326666452;10.42526931224015;-2.3586581804814837;4.444020310479257;8.339907182242376
3805583.493772405;10.402180829473975;-2.3799538776400473;4.4439886738753165;8.338146033238706
3806459.862646518;10.379129650211706;-2.401203845178749;4.44395704307262;8.336376452317834
3807336.433335256;10.356115608312724;-2.422408245868027;4.44392541806451;8.334598436116242
3808213.205885094;10.333138538261323;-2.4435672419277004;4.443893798844557;8.332811981344465
3809090.180342516;10.310198275117312;-2.4646809950313915;4.44386218540637;8.331017084742333
3809967.356754019;10.287294654561334;-2.4857496662841143;4.44383057774424;8.329213743101205
3810844.735166111;10.264427512808842;-2.5067734162878446;4.44379897585079;8.327401953245895
3811722.315625309;10.241596686727723;-2.5277524050503057;4.443767379720111;8.325581712057916
3812600.09817814;10.218802013737882;-2.5486867920466234;4.443735789345526;8.32375301643898
3813478.082871146;10.196043331882967;-2.5695767361938886;4.443704204720403;8.321915863356452
3814356.269750874;10.173320479826664;-2.590422395820053;4.4436726258392945;8.320070249807422
3815234.658863886;10.150633296779368;-2.611223928751902;4.443641052694577;8.318216172836692
3816113.250256754;10.127981622608358;-2.631981492208919;4.443609485280348;8.31635362953693
3816992.043976058;10.105365297759807;-2.6526952428568755;4.443577923590411;8.31448261702627
3817871.040068393;10.082784163313676;-2.6733653368029096;4.443546367618393;8.312603132498191
3818750.238580361;10.060238060918902;-2.693991929596711;4.44351481735764;8.310715173157977
3819629.639558577;10.037726832860807;-2.7145751762227115;4.443483272801502;8.308818736282015
3820509.243049665;10.015250322012182;-2.735115231085799;4.443451733943818;8.306913819154161
3821389.049100262;9.9928083718851;-2.755612248036084;4.443420200777962;8.305000419143223
3822269.057757013;9.970400826589582;-2.776066380342987;4.443388673297763;8.303078533634809
3823149.269066576;9.948027530859227;-2.796477780714412;4.443357151496828;8.301148160076808
3824029.683075619;9.925688330030257;-2.816846601281999;4.443325635368992;8.299209295943264
3824910.29983082;9.903383070029964;-2.837172993638555;4.443294124906905;8.297261938761613
3825791.119378869;9.881111597462;-2.857457108751654;4.4432626201053615;8.295306086108294
3826672.141766466;9.858873759474703;-2.877699097073012;4.4432311209570265;8.293341735590689
3827553.367040322;9.836669403896224;-2.8978991084475956;4.443199627455962;8.29136888488786
3828434.795247158;9.814498379115946;-2.918057292167041;4.443168139595556;8.289387531687431
3829316.426433708;9.792360534173879;-2.9381737969402715;4.44313665736965;8.2873976737445
3830198.260646713;9.770255718702977;-2.958248770922805;4.443105180771371;8.285399308854412
3831080.297932928;9.748183782970969;-2.978282361681028;4.443073709794571;8.283392434857426
3831962.538339119;9.726144577861064;-2.9982747162110037;4.443042244433102;8.281377049638966
3832844.98191206;9.70413795487122;-3.0182259809432788;4.443010784680577;8.279353151133922
3833727.628698537;9.682163766089207;-3.03813630174991;4.442979330530127;8.27732073730899
3834610.478745348;9.660221864256219;-3.0580058239090917;4.442947881975848;8.275279806189463
3835493.532099301;9.63831210270056;-3.0778346921519253;4.442916439010871;8.273230355841614
3836376.788807213;9.616434335376926;-3.0976230506289104;4.442885001628817;8.271172384377017
3837260.248915914;9.594588416867344;-3.117371042909285;4.442853569823784;8.269105889952844
3838143.912472246;9.572774202334255;-3.1370788120173367;4.442822143588901;8.267030870762692
3839027.779523057;9.550991547590362;-3.156746500391558;4.4427907229180335;8.26494732506389
3839911.850115211;9.529240309046127;-3.1763742499089904;4.442759307804805;8.262855251150313
3840796.12429558;9.507520343723582;-3.1959622018852345;4.442727898242585;8.26075464736623
3841680.602111047;9.485831509245527;-3.2155104970588706;4.44269649422525;8.258645512079147
3842565.283608506;9.46417366385601;-3.2350192756193707;4.442665095745937;8.256527843729446
3843450.168834861;9.442546666447907;-3.254488677159339;4.442633702799227;8.25440164080802
3844335.25783703;9.420950376438096;-3.273918840750956;4.44260231537779;8.252266901811264
3845220.550661938;9.399384653929863;-3.293309904876626;4.442570933475479;8.250123625331007
3846106.047356523;9.377849359593442;-3.312662007461955;4.442539557085935;8.24797180996946
3846991.747967733;9.356344354742355;-3.3319752858667853;4.442508186203017;8.245811454406123
3847877.652542526;9.33486950124087;-3.3512498769014867;4.44247682082012;8.243642557322238
3848763.761127872;9.31342466159845;-3.3704859168176426;4.442445460930627;8.241465117485467
3849650.073770753;9.292009698932045;-3.389683541293063;4.442414106528662;8.239279133696446
3850536.590518159;9.270624476940082;-3.408842885465288;4.442382757607588;8.23708460479778
3851423.311417093;9.249268859946847;-3.4279640839105054;4.442351414161073;8.234881529696276
3852310.236514567;9.227942712844788;-3.447047270656224;4.442320076182485;8.232669907318527
3853197.365857606;9.206645901146114;-3.4660925791663475;4.442288743665706;8.230449736646753
3854084.699493244;9.185378290983147;-3.4851001423532058;4.4422574166046065;8.228221016731746
3854972.237468527;9.16413974902455;-3.504070092598788;4.442226094992117;8.225983746631222
3855859.979830511;9.142930142606318;-3.5230025617055816;4.442194778822581;8.223737925489319
3856747.926626263;9.121749339596951;-3.541897680953767;4.44216346808915;8.221483552461569
3857636.077902862;9.100597208504146;-3.560755581071175;4.44213216278524;8.21922062679008
3858524.433707396;9.079473618403608;-3.5795763922212016;4.442100862905207;8.216949147719601
3859412.994086965;9.058378438971168;-3.5983602440481484;4.442069568442215;8.214669114577102
3860301.759088679;9.03731154047402;-3.6171072656349876;4.442038279390369;8.212380526718636
3861190.72875966;9.016272793745333;-3.6358175855575285;4.442006995742113;8.21008338356075
3862079.90314704;8.995262070229618;-3.65449133179852;4.441975717492557;8.20777768453558
3862969.282297963;8.974279241949002;-3.6731286318523386;4.441944444634358;8.205463429166981
3863858.866259582;8.95332418148956;-3.6917296126572916;4.441913177161164;8.203140616985687
3864748.655079063;8.932396762060849;-3.7102944006068697;4.441881915067124;8.200809247600594
3865638.64880358;8.911496857414159;-3.7288231215770478;4.441850658345617;8.198469320645591
3866528.84748032;8.890624341898786;-3.7473159009066026;4.441819406990311;8.196120835815075
3867419.251156481;8.869779090426345;-3.765772863409753;4.4417881609946095;8.193763792841489
3868309.859879271;8.848960978512828;-3.7841941333578895;4.441756920352636;8.191398191518083
3869200.67369591;8.82816988220551;-3.802579834515045;4.4417256850575715;8.189024031662983
3870091.692653627;8.807405678166147;-3.8209300901010463;4.441694455103542;8.186641313163648
3870982.916799663;8.786668243598005;-3.8392450228319;4.441663230483729;8.184250035946178
3871874.34618127;8.765957456274473;-3.8575247548921965;4.441632011191764;8.181850199974908
3872765.980845711;8.74527319454957;-3.8757694079466924;4.441600797221327;8.179441805274934
3873657.820840259;8.724615337347267;-3.8939791031375885;4.441569588566298;8.177024851918555
3874549.866212199;8.703983764141453;-3.9121539610954774;4.4415383852203325;8.174599340016599
3875442.117008826;8.68337835496377;-3.9302941019404947;4.441507187176862;8.172165269727401
3876334.573277446;8.662798990427905;-3.9483996452757397;4.44147599442954;8.169722641274106
3877227.235065376;8.642245551680075;-3.9664707101930015;4.441444806972022;8.167271454901053
3878120.102419945;8.621717920440803;-3.9845074152704796;4.441413624798201;8.16481171091308
3879013.175388492;8.601215978980536;-4.002509878587908;4.441382447901495;8.162343409666947
3879906.454018365;8.580739610119267;-4.020478217718514;4.441351276275364;8.159866551562418
3880799.938356927;8.560288697236318;-4.0384125497239625;4.4413201099136606;8.157381137046622
3881693.628451548;8.53986312425733;-4.056312991162998;4.441288948810328;8.15488716661
3882587.52434961;8.519462775645287;-4.0741796581078935;4.4412577929585195;8.152384640794663
3883481.626098509;8.499087536428082;-4.092012666118749;4.44122664235217;8.149873560194663
3884375.933745647;8.478737292172212;-4.109812130260063;4.441195496985165;8.14735392544711
3885270.447338441;8.458411928964537;-4.12757816511824;4.44116435685045;8.144825737232328
3886165.166924316;8.438111333463707;-4.145310884761207;4.441133221942443;8.142288996282472
3887060.092550709;8.41783539284388;-4.163010402787647;4.4411020922542885;8.139743703377238
3887955.224265069;8.397583994825224;-4.180676832298262;4.441070967779691;8.137189859343794
3888850.562114854;8.377357027671207;-4.19831028590243;4.441039848512551;8.134627465061083
3889746.106147535;8.35715438015604;-4.215910875732932;4.441008734446296;8.132056521442678
3890641.856410591;8.33697594161134;-4.233478713430452;4.440977625574851;8.129477029466942
3891537.812951516;8.316821601867;-4.251013910166835;4.440946521891403;8.126888990142431
3892433.975817812;8.296691251306175;-4.2685165766177064;4.44091542339009;8.124292404533794
3893330.345056992;8.276584780837295;-4.2859868229892815;4.440884330064618;8.121687273761959
3894226.92071658;8.256502081870558;-4.3034247590198795;4.440853241908166;8.119073598982274
3895123.702844114;8.236443046354104;-4.32083049395834;4.440822158914883;8.116451381397564
3896020.691487138;8.21640756674807;-4.33820413659665;4.440791081077986;8.113820622266731
3896917.88669321;8.196395536033345;-4.355545795245747;4.440760008391381;8.111181322887708
3897815.2885099;8.17640684771561;-4.372855577747688;4.440728940849001;8.108533484614298
3898712.896984785;8.156441395796973;-4.390133591490545;4.440697878444024;8.105877108843492
3899610.712165456;8.136499074782762;-4.407379943390002;4.440666821170162;8.103212197002602
3900508.734099515;8.116579779739189;-4.424594739891608;4.440635769021553;8.100538750609244
3901406.962834574;8.09668340618489;-4.441778086996309;4.44060472199142;8.097856771189779
3902305.398418256;8.07680985016987;-4.458930090234608;4.44057368007366;8.095166260330815
3903204.040898195;8.056959008231775;-4.476050854687872;4.440542643261753;8.092467219657895
3904102.890322036;8.037130777447786;-4.493140484975596;4.440511611549586;8.089759650873795
3905001.946737436;8.017325055348755;-4.510199085271867;4.440480584930647;8.087043555689974
3905901.210192061;7.997541739984975;-4.5272267592962665;4.440449563398598;8.084318935882644
3906800.680733589;7.977780729915401;-4.544223610315448;4.440418546947372;8.081585793283478
3907700.358409709;7.958041924172279;-4.561189741156915;4.440387535570421;8.078844129758773
3908600.243268122;7.938325222284561;-4.578125254199131;4.440356529261443;8.07609394722225
3909500.335356539;7.918630524275002;-4.595030251373765;4.440325528014352;8.073335247634414
3910400.63472268;7.89895773066476;-4.611904834182429;4.440294531822371;8.070568033024818
3911301.14141428;7.879306742442851;-4.628749103672492;4.4402635406796795;8.06779230543566
3912201.855479082;7.8596774610844475;-4.645563160472483;4.440232554579243;8.06500806697769
3913102.776964841;7.840069788575187;-4.662347104753528;4.440201573515465;8.062215319813248
3914003.905919324;7.820483627348477;-4.6791010362636545;4.440170597482068;8.05941406613006
3914905.242390306;7.800918880329844;-4.695825054327031;4.440139626472263;8.056604308184614
3915806.786425577;7.781375450919898;-4.712519257827322;4.440108660479968;8.053786048267252
3916708.538072934;7.761853242987705;-4.729183745230606;4.440077699498406;8.050959288719904
3917610.497380188;7.742352160893873;-4.745818614559331;4.440046743522015;8.048124031931188
3918512.664395161;7.722872109450797;-4.7624239634299235;4.4400157925439885;8.045280280336732
3919415.039165683;7.703412993955597;-4.7789998890220815;4.43998484655854;8.04242803641914
3920317.621739598;7.683974720149197;-4.795546488116897;4.439953905558384;8.03956730270771
3921220.412164759;7.664557194260167;-4.812063857052115;4.439922969537954;8.036698081774329
3922123.410489033;7.645160322981681;-4.828552091759754;4.439892038490947;8.033820376250487
3923026.616760294;7.625784013451389;-4.845011287756893;4.439861112411084;8.030934188797193
3923930.031026431;7.606428173259231;-4.861441540158797;4.439830191291331;8.028039522126697
3924833.65333534;7.587092710496214;-4.877842943648682;4.439799275126124;8.025136379018772
3925737.483734932;7.567777533659771;-4.894215592511338;4.439768363909176;8.022224762261931
3926641.522273126;7.548482551727683;-4.910559580634865;4.4397374576334645;8.019304674729085
3927545.768997854;7.529207674130367;-4.926875001477744;4.439706556293659;8.016376119314453
3928450.223957057;7.509952810734944;-4.943161948123011;4.439675659882499;8.013439098975455
3929354.88719869;7.490717871861254;-4.9594205132243125;4.4396447683946825;8.010493616690885
3930259.758770716;7.47150276827072;-4.97565078906314;4.439613881822942;8.007539675510918
3931164.838721111;7.45230741119037;-4.991852867499179;4.4395830001617105;8.00457727852784
3932070.127097861;7.433131712258905;-5.008026840013164;4.4395521234042326;8.001606428867836
3932975.623948964;7.413975583575358;-5.024172797688325;4.439521251543972;7.998627129719712
3933881.329322428;7.394838937687353;-5.040290831198759;4.439490384575591;7.995639384310518
3934787.243266273;7.375721687541187;-5.056381030851288;4.439459522492111;7.992643195900362
3935693.365828529;7.356623746546086;-5.07244348655759;4.439428665286993;7.989638567816682
3936599.697057238;7.3375450285501564;-5.08847828782894;4.439397812954673;7.9866255034244205
3937506.237000454;7.318485447814508;-5.10448552380835;4.4393669654884045;7.983604006134452
3938412.985706239;7.2994449190282875;-5.120465283248778;4.43933612288188;7.980574079395186
3939319.943222668;7.280423357322039;-5.136417654528023;4.439305285128372;7.9775357267216895
3940227.109597828;7.261420678254947;-5.152342725621932;4.4392744522227785;7.9744889516541
3941134.484879816;7.242436797783453;-5.168240584160586;4.439243624157615;7.971433757786425
3942042.06911674;7.223471632321273;-5.184111317368814;4.43921280092759;7.968370148762494
3942949.862356718;7.204525098666062;-5.1999550121228735;4.439181982525441;7.965298128263495
3943857.864647881;7.185597114058276;-5.2157717549073315;4.439151168945389;7.962217700020217
3944766.076038371;7.166687596151332;-5.2315616318390115;4.43912036018139;7.9591288678089525
3945674.49657634;7.147796463002686;-5.247324728675325;4.4390895562266905;7.956031635451319
3946583.126309952;7.128923633096313;-5.263061130793569;4.439058757075506;7.952926006814374
3947491.96528738;7.110069025305499;-5.278770923221495;4.439027962720824;7.949811985806169
3948401.013556812;7.091232558945854;-5.294454190603716;4.438997173157113;7.946689576392458
3949310.271166443;7.072414153707124;-5.310111017241867;4.438966388377377;7.943558782571614
3950219.738164482;7.053613729701307;-5.325741487061677;4.438935608375816;7.9404196083871685
3951129.414599147;7.034831207442346;-5.341345683639301;4.438904833145932;7.937272057935717
3952039.300518669;7.016066507844397;-5.356923690188143;4.438874062681687;7.934116135350853
3952949.395971289;6.997319552230846;-5.372475589569003;4.438843296976822;7.930951844823029
3953859.701005259;6.978590262292834;-5.388001464298514;4.438812536024348;7.927779190567005
3954770.215668843;6.959878560158171;-5.403501396523397;4.43878177981871;7.924598176862858
3955680.940010315;6.941184368324217;-5.4189754680520945;4.438751028353406;7.921408808022903
3956591.874077961;6.922507609692858;-5.434423760341551;4.438720281622185;7.918211088412223
3957503.017920078;6.90384820754785;-5.449846354499185;4.438689539619028;7.915005022428009
3958414.371584973;6.885206085573454;-5.465243331296142;4.438658802337159;7.9117906145324355
3959325.935120966;6.866581167822716;-5.480614771151059;4.438628069770579;7.908567869203197
3960237.708576387;6.847973378763301;-5.49596075414096;4.438597341913261;7.905336790991004
3961149.691999577;6.829382643217206;-5.511281360011359;4.438566618758472;7.902097384470094
3962061.885438889;6.81080888641168;-5.526576668163637;4.438535900299926;7.898849654275388
3962974.288942686;6.792252033935653;-5.5418467576647075;4.438505186531167;7.895593605069191
3963886.902559343;6.773712011784578;-5.5570917072323445;4.438474477446878;7.892329241570044
3964799.726337246;6.755188746309829;-5.572311595270659;4.438443773040064;7.889056568540422
3965712.760324791;6.736682164227506;-5.5875064998429735;4.4384130733044955;7.8857755907659834
3966626.004570387;6.718192192663318;-5.602676498679684;4.438382378234141;7.882486313108863
3967539.459122453;6.699718759084909;-5.61782166918769;4.4383516878225135;7.87918874045009
3968453.12402942;6.681261791349518;-5.632942088444292;4.438321002063345;7.875882877730465
3969366.999339729;6.6628212176599275;-5.648037833200527;4.438290320950411;7.872568729910042
3970281.085101832;6.644396966613661;-5.663108979884161;4.438259644477434;7.869246302020388
3971195.381364195;6.625988967165515;-5.678155604597121;4.43822897263841;7.865915599124227
3972109.888175291;6.60759714862051;-5.693177783129277;4.438198305426598;7.862576626323189
3973024.605583607;6.589221440659948;-5.708175590942259;4.438167642836014;7.859229388766194
3973939.533637641;6.570861773318214;-5.723149103183087;4.438136984860383;7.855873891640917
3974854.672385901;6.552518077004081;-5.738098394679756;4.438106331493726;7.852510140190111
3975770.021876906;6.534190282459598;-5.753023539956579;4.438075682729035;7.84913813968714
3976685.582159188;6.515878320797704;-5.76792461321086;4.4380450385605705;7.845757895447988
3977601.353281289;6.497582123487657;-5.782801688333736;4.4380143989821;7.842369412839295
3978517.335291761;6.479301622344122;-5.797654838909211;4.4379837639871;7.838972697266233
3979433.528239171;6.461036749534648;-5.812484138207107;4.437953133569591;7.835567754172165
3980349.932172092;6.442787437581554;-5.827289659192763;4.4379225077233215;7.832154589050994
3981266.547139111;6.424553619343557;-5.842071474528742;4.437891886441816;7.828733207430484
3982183.373188828;6.406335228039745;-5.856829656568102;4.437861269719081;7.825303614888764
3983100.410369851;6.388132197217965;-5.871564277372037;4.437830657548127;7.821865817041874
3984017.658730799;6.369944460784137;-5.886275408679316;4.437800049923932;7.818419819539524
3984935.118320306;6.351771952966605;-5.900963121957913;4.437769446838815;7.8149656280857025
3985852.789187013;6.33361460837094;-5.9156274883464555;4.437738848287987;7.811503248429407
3986770.671379575;6.315472361893317;-5.930268578712883;4.437708254264227;7.808032686341972
3987688.764946657;6.2973451487926315;-5.94488646361653;4.437677664761559;7.804553947647604
3988607.069936935;6.279232904665198;-5.959481213328393;4.4376470797734955;7.801067038220094
3989525.586399097;6.261135565436393;-5.974052897816728;4.437616499294525;7.797571963958597
3990444.314381841;6.243053067357519;-5.988601586779026;4.437585923317214;7.79406873081933
3991363.253933878;6.224985347020008;-6.003127349603438;4.437555351836034;7.790557344787411
3992282.405103929;6.2069323413401;-6.017630255394295;4.4375247848450226;7.787037811889373
3993201.767940727;6.188893987559996;-6.032110372977561;4.437494222337432;7.783510138200126
3994121.342493014;6.170870223251736;-6.046567770883396;4.437463664307535;7.779974329827597
3995041.128809546;6.1528609863060115;-6.061002517370518;4.437433110748375;7.776430392928154
3995961.12693909;6.13486621493672;-6.075414680407823;4.43740256165371;7.772878333690833
3996881.336930421;6.1168858476942685;-6.089804327673077;4.437372017018294;7.769318158349052
3997801.75883233;6.098919823430993;-6.104171526584246;4.437341476834918;7.76574987318032
3998722.392693616;6.080968081320112;-6.1185163442683095;4.4373109410975955;7.762173484490824
3999643.238563089;6.063030560871178;-6.1328388475753295;4.437280409800358;7.758588998646151
4000564.296489573;6.045107201880452;-6.1471391030847355;4.437249882936715;7.754996422028475
4001485.566521901;6.027197944474256;-6.161417177101337;4.437219360500218;7.751395761075376
4002407.048708917;6.009302729095449;-6.175673135650197;4.437188842485123;7.747787022260525
4003328.743099478;5.9914214964877015;-6.18990704449387;4.437158328884704;7.744170212096866
4004250.64974245;5.973554187716329;-6.2041189691176495;4.437127819693006;7.740545337140969
4005172.768686713;5.955700744130122;-6.218308974742648;4.437097314903548;7.736912403969223
4006095.099981157;5.9378611074330045;-6.232477126310566;4.43706681451108;7.733271419232491
4007017.643674681;5.920035219577052;-6.246623488520161;4.4370363185079285;7.729622389589284
4007940.3998162;5.902223022847322;-6.260748125786395;4.437005826888365;7.725965321745352
4008863.368454636;5.8844244598467;-6.27485110226065;4.436975339646642;7.722300222460708
4009786.549638923;5.866639473456203;-6.288932481838688;4.436944856776302;7.718627098518588
4010709.943418009;5.848868006851866;-6.302992328159563;4.436914378270424;7.714945956741004
4011633.549840851;5.831110003531666;-6.317030704584599;4.4368839041239685;7.711256803992297
4012557.368956417;5.813365407266077;-6.331047674238911;4.436853434329523;7.707559647175466
4013481.400813687;5.795634162147354;-6.3450432999698645;4.436822968881847;7.7038544932353705
4014405.645461653;5.777916212532958;-6.35901764438484;4.43679250777398;7.700141349143817
4015330.102949317;5.760211503097473;-6.372970769824695;4.43676205100022;7.69642022192195
4016254.773325692;5.742519978797885;-6.386902738381703;4.436731598554325;7.6926911186252624
4017179.656639805;5.724841584873014;-6.400813611906643;4.436701150428897;7.688954046350759
4018104.752940691;5.707176266868466;-6.414703451972531;4.436670706619398;7.685209012221601
4019030.062277397;5.689523970598106;-6.428572319926925;4.436640267118664;7.681456023406367
4019955.584698983;5.6718846421878535;-6.442420276855509;4.436609831920956;7.677695087122407
4020881.32025452;5.654258228012025;-6.456247383605255;4.436579401019599;7.673926210597681
4021807.268993089;5.636644674752017;-6.470053700772773;4.436548974408366;7.670149401116423
4022733.430963781;5.619043929370484;-6.483839288707017;4.436518552081299;7.666364665996202
4023659.806215703;5.601455939119415;-6.497604207515723;4.43648813403219;7.662572012602949
4024586.394797969;5.583880651498862;-6.511348517068072;4.436457720254356;7.658771448312578
4025513.196759705;5.566318014318026;-6.525072276981193;4.436427310742294;7.654962980556924
4026440.212150051;5.5487679756495485;-6.538775546640473;4.436396905489584;7.651146616800436
4027367.441018155;5.531230483839509;-6.552458385194141;4.436366504489528;7.647322364544121
4028294.883413179;5.513705487516298;-6.566120851548572;4.436336107735926;7.643490231328947
4029222.539384293;5.496192935577209;-6.579763004366766;4.436305715223291;7.6396502247206834
4030150.408980682;5.478692777192076;-6.593384902089068;4.436275326944697;7.635802352336448
4031078.492251541;5.461204961800165;-6.606986602908348;4.436244942894673;7.631946621813839
4032006.789246075;5.4437294391084645;-6.620568164799172;4.436214563066046;7.628083040841589
4032935.300013502;5.4262661590893115;-6.6341296454891205;4.436184187453357;7.624211617125076
4033864.02460305;5.408815071986442;-6.647671102487274;4.436153816049668;7.620332358424048
4034792.963063959;5.3913761283213555;-6.661192593058324;4.43612344884974;7.616445272529939
4035722.115445482;5.373949278849809;-6.674694174254521;4.436093085846426;7.612550367257903
4036651.48179688;5.356534474616145;-6.688175902884237;4.436062727034481;7.608647650465902
4037581.062167428;5.339131666903717;-6.701637835549471;4.436032372406272;7.604737130046917
4038510.85660641;5.321740807289324;-6.715080028600297;4.436002021957296;7.6008188139323245
4039440.865163125;5.304361847573875;-6.72850253818701;4.43597167568014;7.596892710080745
4040371.087886879;5.286994739836059;-6.741905420222237;4.4359413335690885;7.592958826489207
4041301.524826992;5.269639436405877;-6.755288730404379;4.435910995617479;7.5890171711927765
4042232.176032796;5.252295889862596;-6.768652524202919;4.435880661819593;7.585067752245919
4043163.041553632;5.234964053065214;-6.78199685687111;4.4358503321692435;7.581110577767082
4044094.121438853;5.217643879080064;-6.795321783447285;4.435820006659761;7.577145655867588
4045025.415737826;5.2003353212693355;-6.8086273587459765;4.4357896852851795;7.573172994730131
4045956.924499925;5.1830383332332275;-6.821913637362628;4.43575936803981;7.569192602556043
4046888.647774539;5.165752868795081;-6.8351806736870255;4.435729054916732;7.565204487565374
4047820.585611067;5.148478882066896;-6.848428521888071;4.435698745909746;7.561208658045221
4048752.738058919;5.1312163273761975;-6.861657235919045;4.435668441012934;7.557205122282311
4049685.105167517;5.113965159324032;-6.874866869522519;4.435638140220082;7.553193888626469
4050617.686986294;5.096725332724704;-6.888057476227535;4.4356078435252595;7.549174965426982
4051550.483564694;5.0794968026536385;-6.901229109360018;4.435577550921555;7.545148361092102
4052483.494952174;5.062279524446539;-6.914381822026849;4.435547262403259;7.54111408407013
4053416.721198201;5.045073453629707;-6.927515667131843;4.4355169779639585;7.537072142797591
4054350.162352253;5.027878546027294;-6.9406306973658225;4.435486697597947;7.533022545795167
4055283.81846382;5.0106947576604375;-6.953726965224099;4.435456421298068;7.52896530158647
4056217.689582406;4.993522044816513;-6.9668045229776245;4.435426149059604;7.524900418734532
4057151.77575752;4.976360363991823;-6.979863422717159;4.43539588087467;7.520827905834312
4058086.07703869;4.95920967193803;-6.992903716309209;4.435365616738062;7.516747771509177
4059020.593475449;4.942069925643504;-7.0059254554252215;4.435335356643596;7.512660024425131
4059955.325117345;4.924941082314773;-7.018928691538592;4.4353051005846025;7.508564673268765
4060890.272013937;4.907823099398913;-7.031913475914581;4.435274848555403;7.504461726758089
4061825.434214794;4.890715934569214;-7.0448798596263105;4.435244600549319;7.500351193646205
4062760.811769499;4.873619545738931;-7.057827893542344;4.435214356560427;7.496233082720845
4063696.404727642;4.8565338910464;-7.0707576283335865;4.435184116582789;7.4921074027972
4064632.21313883;4.839458928845727;-7.083669114481483;4.435153880609502;7.487974162717706
4065568.237052678;4.822394617740948;-7.09656240226045;4.435123648635123;7.483833371366277
4066504.476518812;4.805340916528048;-7.1094375417573055;4.435093420653224;7.4796850376321276
4067440.93158687;4.788297784263732;-7.122294582864766;4.435063196657406;7.475529170471091
4068377.602306504;4.771265180204703;-7.1351335752807685;4.435032976641474;7.471365778843997
4069314.488727374;4.754243063839284;-7.1479545685090216;4.4350027605995255;7.467194871748779
4070251.590899153;4.737231394876533;-7.160757611865849;4.434972548525128;7.463016458217257
4071188.908871525;4.720230133233428;-7.1735427544751555;4.434942340412115;7.458830547296465
4072126.442694185;4.7032392390694895;-7.186310045269907;4.434912136254564;7.4546371480848315
4073064.192416842;4.686258672746048;-7.199059532996146;4.434881936046293;7.450436269695903
4074002.158089213;4.669288394840871;-7.211791266215853;4.434851739780664;7.446227921276058
4074940.339761028;4.65232836614669;-7.224505293298991;4.434821547451749;7.442012111993933
4075878.737482029;4.6353785476832865;-7.237201662431444;4.434791359053378;7.437788851061352
4076817.351301969;4.6184389006809665;-7.2498804216142565;4.434761174579371;7.433558147715852
4077756.181270612;4.601509386568416;-7.2625416186641365;4.434730994023581;7.429320011208973
4078695.227437734;4.584589967003982;-7.275185301214901;4.434700817379834;7.425074450839047
4079634.489853122;4.567680603842641;-7.287811516717846;4.434670644641968;7.420821475918515
4080573.968566575;4.550781259163206;-7.3004203124462075;4.4346404758033415;7.416561095806071
4081513.663627903;4.533891895244853;-7.313011735484272;4.434610310858513;7.412293319870614
4082453.575086927;4.5170124745684275;-7.325585832745035;4.434580149800823;7.4080181575126405
4083393.702993482;4.500142959838187;-7.338142650957524;4.434549992624362;7.40373561817135
4084334.047397411;4.483283313951498;-7.350682236674297;4.434519839322983;7.399445711302812
4085274.608348571;4.466433500008352;-7.3632046362727035;4.434489689890252;7.395148446390802
4086215.385896829;4.449593481319777;-7.375709895953393;4.434459544319806;7.3908438329533634
4087156.380092064;4.432763221401791;-7.388198061736753;4.4344294026059465;7.386531880532596
4088097.590984168;4.415942683964334;-7.400669179475149;4.4343992647420185;7.3822125986974685
4089039.018623041;4.399131832929761;-7.413123294837063;4.434369130722854;7.377885997043973
4089980.663058597;4.382330632399667;-7.425560453332737;4.434339000541086;7.373552085191318
4090922.524340762;4.365539046689289;-7.437980700290448;4.434308874190794;7.369210872788942
4091864.602519472;4.348757040317222;-7.45038408086233;4.4342787516667785;7.364862369512775
4092806.897644675;4.3319845779897;-7.46277064004425;4.4342486329617;7.360506585072249
4093749.40976633;4.315221624603638;-7.475140422651244;4.434218518069862;7.356143529185022
4094692.138934409;4.298468145256761;-7.487493473333872;4.434188406984898;7.351773211605737
4095635.085198895;4.281724105263058;-7.499829836570223;4.434158299701102;7.347395642132177
4096578.24860978;4.264989470079117;-7.512149556678426;4.434128196211631;7.343010830545912
4097521.629217071;4.248264205401011;-7.524452677802424;4.434098096510791;7.338618786692642
4098465.227070785;4.231548277087943;-7.536739243923373;4.434068000592451;7.334219520418865
4099409.04222095;4.214841651212142;-7.549009298858941;4.4340379084502075;7.329813041620875
4100353.074717606;4.198144294014183;-7.5612628862595574;4.434007820078152;7.325399360195589
4101297.324610806;4.181456171931836;-7.573500049616681;4.433977735469647;7.320978486078867
4102241.791950612;4.164777251594172;-7.5857208322527665;4.4339476546190495;7.316550429227889
4103186.4767871;4.148107499805985;-7.597925277331684;4.4339175775201936;7.312115199617476
4104131.379170354;4.1314468835681915;-7.610113427859014;4.433887504166433;7.307672807260769
4105076.499150474;4.114795370070465;-7.622285326673627;4.43385743455215;7.303223262191941
4106021.836777567;4.098152926659598;-7.634441016462551;4.433827368670436;7.298766574451711
4106967.392101756;4.081519520904183;-7.646580539744652;4.4337973065158796;7.294302754132955
4107913.165173172;4.06489512052492;-7.658703938888137;4.433767248081862;7.289831811331195
4108859.15604196;4.04827969343777;-7.670811256097756;4.433737193362711;7.285353756172816
4109805.364758275;4.031673207732013;-7.682902533427528;4.433707142351812;7.280868598807726
4110751.791372284;4.015075631677917;-7.694977812771018;4.433677095043248;7.276376349405687
4111698.435934165;3.998486933734802;-7.70703713586943;4.4336470514306505;7.271877018173582
4112645.298494109;3.9819070825223664;-7.719080544306452;4.433617011508108;7.2673706153207105
4113592.379102317;3.9653360468421357;-7.731108079513445;4.433586975269492;7.262857151086088
4114539.677809003;3.9487737956852054;-7.743119782771629;4.433556942708173;7.2583366357486625
4115487.194664391;3.932220298200682;-7.755115695203997;4.433526913818491;7.2538090795861905
4116434.929718718;3.9156755237135825;-7.767095857785974;4.4334968885940755;7.249274492905481
4117382.883022232;3.8991394417356497;-7.779060311342304;4.433466867028529;7.244732886049428
4118331.054625192;3.882612021945988;-7.791009096540038;4.433436849116704;7.240184269369322
4119279.444577869;3.866093234178532;-7.802942253911108;4.433406834850993;7.235628653238644
4120228.052930546;3.8495830484579567;-7.814859823824097;4.433376824226244;7.231066048055813
4121176.879733518;3.8330814349722746;-7.82676184650523;4.433346817236309;7.2264964642411975
4122125.925037089;3.816588364075046;-7.838648362035907;4.433316813874571;7.2219199122363795
4123075.188891578;3.8001038062933072;-7.8505194103465605;4.4332868141351485;7.217336402504717
4124024.671347314;3.783627732319297;-7.862375031222931;4.433256818011887;7.21274594553034
4124974.372454637;3.7671601130109327;-7.874215264309105;4.433226825497948;7.20814855182209
4125924.292263899;3.750700919397507;-7.886040149090753;4.4331968365888805;7.203544231899379
4126874.430825463;3.7342501226572393;-7.897849724928811;4.433166851276862;7.19893299630919
4127824.788189707;3.7178076941539686;-7.909644031028118;4.43313686955625;7.194314855625835
4128775.364407015;3.7013736053978485;-7.921423106453518;4.433106891420903;7.189689820430466
4129726.159527788;3.684947828073381;-7.933186990126301;4.433076916864948;7.1850579013347335
4130677.173602435;3.6685303340216002;-7.9449357208276;4.433046945882246;7.180419108966954
4131628.406681378;3.6521210952343335;-7.956669337200434;4.433016978466185;7.175773453968581
4132579.858815051;3.6357200838884656;-7.968387877740791;4.432987014611364;7.171120947017892
4133531.530053898;3.6193272722883982;-7.980091380814622;4.432957054310684;7.1664615987923375
4134483.420448376;3.602942632925303;-7.9917798846392785;4.432927097558754;7.161795420005827
4135435.530048953;3.586566138426388;-8.003453427300794;4.432897144348955;7.157122421378226
4136387.858906109;3.5701977615972296;-8.015112046743324;4.43286719467541;7.152442613665145
4137340.407070336;3.553837475375947;-8.026755780774105;4.432837248532236;7.147756007617819
4138293.174592137;3.53748525287479;-8.038384667067902;4.432807305912812;7.143062614029882
4139246.161522027;3.5211410673501113;-8.049998743160966;4.4327773668110275;7.138362443700052
4140199.367910532;3.504804892213545;-8.06159804645321;4.4327474312209905;7.133655507445762
4141152.793808189;3.4884767010349114;-8.073182614211163;4.432717499136588;7.128941816109485
4142106.43926555;3.4721564675312946;-8.084752483568714;4.432687570551458;7.124221380548551
4143060.304333174;3.4558441655740015;-8.096307691523975;4.4326576454597095;7.119494211638266
4144014.389061635;3.439539769172587;-8.107848274947338;4.432627723854512;7.1147603202654155
4144968.693501518;3.423243252518305;-8.119374270566826;4.432597805730942;7.1100197173541915
4145923.217703419;3.4069545899050073;-8.130885714990479;4.4325678910819155;7.105272413813568
4146877.961717945;3.390673755818531;-8.142382644689063;4.432537979901553;7.100518420606039
4147832.925595717;3.374400724872744;-8.153865096002985;4.432508072183987;7.095757748691741
4148788.109387365;3.3581354718206162;-8.165333105146605;4.432478167922612;7.090990409044606
4149743.513143532;3.341877971580298;-8.176786708200222;4.432448267111784;7.086216412668735
4150699.136914873;3.325628199199514;-8.188225941120539;4.4324183697449175;7.081435770575139
4151654.980752055;3.3093861298719096;-8.19965083973254;4.432388475816137;7.076648493788314
4152611.044705755;3.2931517389531373;-8.211061439734973;4.432358585319318;7.071854593368795
4153567.328826661;3.276925001920964;-8.22245777670112;4.4323286982481145;7.067054080373971
4154523.833165477;3.260705894402036;-8.233839886075248;4.432298814596638;7.062246965880651
4155480.557772913;3.24449439216453;-8.245207803178793;4.432268934358551;7.057433260984773
4156437.502699697;3.2282904711227727;-8.256561563203984;4.43223905752822;7.052612976798537
4157394.667996563;3.212094107328566;-8.267901201226097;4.432209184098558;7.047786124456103
4158352.053714259;3.1959052769675256;-8.279226752187748;4.432179314064193;7.042952715091081
4159309.659903544;3.179723956379192;-8.290538250911727;4.432149447418995;7.038112759871923
4160267.486615192;3.1635501220235005;-8.301835732099287;4.432119584156629;7.03326626996616
4161225.533899983;3.1473837505012368;-8.313119230329221;4.432089724270729;7.028413256559726
4162183.801808713;3.1312248185640663;-8.324388780054827;4.432059867755677;7.0235537308632185
4163142.290392189;3.1150733030854587;-8.335644415611938;4.432030014605121;7.018687704092274
4164100.999701228;3.098929181079007;-8.346886171214386;4.432000164812953;7.0138151874804375
4165059.929786661;3.0827924296931686;-8.358114080955808;4.431970318373067;7.008936192275909
4166019.080699328;3.0666630262082366;-8.369328178809171;4.431940475279598;7.004050729737813
4166978.452490082;3.0505409480420314;-8.380528498632886;4.431910635525706;6.99915881114921
4167938.04520979;3.034426172739226;-8.391715074161029;4.43188079910578;6.994260447794475
4168897.858909327;3.018318677981735;-8.402887939013002;4.43185096601347;6.989355650981269
4169857.893639582;3.002218441578987;-8.414047126688688;4.431821136242911;6.984444432024761
4170818.149451455;2.986125441479416;-8.4251926705718;4.431791309787995;6.979526802263218
4171778.626395857;2.9700396557407096;-8.436324603930892;4.431761486642377;6.974602773029224
4172739.324523713;2.953961062579864;-8.447442959917458;4.431731666799968;6.969672355697353
4173700.243885956;2.937889640310542;-8.458547771567464;4.431701850254651;6.964735561623354
4174661.384533535;2.9218253674013916;-8.469639071800762;4.431672037000568;6.959792402201584
4175622.746517409;2.9057682224297703;-8.480716893427575;4.431642227030908;6.954842888826439
4176584.329888546;2.889718184117097;-8.491781269134956;4.4316124203407545;6.949887032911299
4177546.134697931;2.8736752312888565;-8.50283223150678;4.431582616923052;6.944924845872582
4178508.160996556;2.857639342912228;-8.513869813008363;4.431552816771942;6.939956339148653
4179470.408835427;2.8416104980729835;-8.524894045994884;4.431523019881091;6.934981524186775
4180432.878265562;2.8255886759850695;-8.535904962706303;4.431493226244868;6.930000412446505
4181395.569337989;2.8095738559757475;-8.546902595276672;4.431463435856464;6.9250130153959555
4182358.482103751;2.793566017508157;-8.557886975723589;4.431433648710266;6.92001934452148
4183321.616613898;2.7775651401596333;-8.568858135955391;4.431403864800406;6.915019411314619
4184284.972919496;2.7615712036345545;-8.579816107773722;4.431374084120322;6.910013227287956
4185248.551071621;2.7455841877481593;-8.59076092286851;4.431344306663901;6.905000803952767
4186212.351121361;2.72960407243582;-8.60169261282081;4.43131453242506;6.899982152831572
4187176.373119816;2.713630837776896;-8.612611209100962;4.4312847613981905;6.894957285479666
4188140.617118096;2.6976644639337293;-8.623516743077783;4.431254993576218;6.889926213435297
4189105.083167326;2.68170493121482;-8.634409246004983;4.431225228953769;6.884888948266035
4190069.77131864;2.665752220025599;-8.64528874903343;4.431195467524539;6.879845501534491
4191034.681623185;2.64980631091146;-8.656155283206461;4.431165709282398;6.874795884835523
4191999.814132119;2.6338671845139694;-8.667008879460015;4.4311359542215305;6.869740109752456
4192965.168896614;2.617934821598925;-8.677849568627687;4.431106202335348;6.864678187891265
4193930.74596785;2.602009203052438;-8.68867738143354;4.431076453618244;6.859610130867732
4194896.545397023;2.5860903098535277;-8.699492348502147;4.431046708063405;6.85453595029227
4195862.567235337;2.570178123130563;-8.710294500347546;4.431016965665464;6.849455657812648
4196828.81153401;2.554272624088059;-8.721083867385076;4.4309872264178445;6.844369265055294
4197795.278344272;2.538373794072381;-8.731860479925713;4.430957490314217;6.839276783683874
4198761.967717363;2.522481614530263;-8.742624368172155;4.430927757349471;6.834178225352946
4199728.879704536;2.506596067024649;-8.753375562233012;4.430898027516549;6.829073601741115
4200696.014357056;2.4907171332082827;-8.764114092107622;4.430868300810079;6.823962924505823
4201663.371726201;2.4748447948792887;-8.774839987699824;4.430838577223258;6.818846205355856
4202630.951863257;2.4589790339172346;-8.785553278808194;4.430808856750237;6.813723455975192
4203598.754819525;2.443119832321877;-8.796253995131586;4.430779139384947;6.808594688068517
