frequency;user0 (gain);user1 (gain);user2 (gain);user3 (gain)
3000000.0;3.4239579831445504;-8.84712019347867;4.487001428375013;7.784076748248205
3000690.855062474;3.4374288181513273;-8.835836592166576;4.48695761990084;7.786307790417065
3001381.86921852;3.450914156788891;-8.824539544371731;4.48691382628285;7.788539874877771
3002073.042504776;3.4644140292817367;-8.813229017159797;4.486870047512772;7.790772998928764
3002764.374957887;3.4779284659410292;-8.801904977494262;4.48682628358109;7.793007159854199
3003455.866614505;3.491457497216026;-8.790567392202416;4.486782534480238;7.795242354938203
3004147.517511295;3.5050011536483905;-8.779216228010561;4.48673880020119;7.797478581457765
3004839.327684925;3.518559465875741;-8.767851451520757;4.4866950807356485;7.799715836660851
3005531.297172076;3.532132464654736;-8.756473029222814;4.486651376074842;7.801954117802707
3006223.426009434;3.545720180840217;-8.745080927483466;4.486607686210492;7.8041934221131894
3006915.714233696;3.5593226454028084;-8.733675112556572;4.486564011133811;7.806433746825569
3007608.161881567;3.572939889413453;-8.722255550574205;4.486520350836308;7.808675089151351
3008300.768989758;3.586571944058246;-8.710822207549377;4.486476705309424;7.810917446298201
3008993.535594992;3.6002188406245272;-8.69937504937236;4.486433074544897;7.8131608154519885
3009686.461733998;3.613880610513323;-8.687914041815496;4.486389458534205;7.815405193794616
3010379.547443514;3.627557285234433;-8.676439150537892;4.486345857268134;7.817650578504191
3011072.792760287;3.641248896413622;-8.664950341061767;4.4863022707388485;7.819896966736542
3011766.197721072;3.6549554757806177;-8.653447578797314;4.486258698937624;7.82214435564031
3012459.762362634;3.6686770551820906;-8.641930829026865;4.486215141856186;7.824392742352768
3013153.486721743;3.682413666567863;-8.630400056917443;4.48617159948556;7.826642123999744
3013847.37083518;3.696165342001623;-8.618855227504504;4.486128071817456;7.8288924976886705
3014541.414739735;3.7099321136786774;-8.607296305698846;4.486084558843629;7.831143860533896
3015235.618472205;3.723714013880566;-8.59572325629448;4.486041060555104;7.83339620961994
3015929.982069396;3.7375110750294556;-8.584136043949318;4.485997576943847;7.835649542034928
3016624.505568123;3.751323329632743;-8.572534633208397;4.485954108000666;7.837903854840476
3017319.189005208;3.765150810337969;-8.560918988474175;4.4859106537177675;7.840159145094377
3018014.032417483;3.7789935499031517;-8.549289074029975;4.485867214086664;7.842415409846462
3018709.035841787;3.792851581183747;-8.537644854041922;4.4858237890979185;7.8446726461277505
3019404.19931497;3.806724937186357;-8.525986292526174;4.485780378743998;7.846930850968534
3020099.522873887;3.820613651004704;-8.51431335338108;4.485736983016415;7.849190021369369
3020795.006555405;3.8345177558558934;-8.502626000380278;4.485693601906214;7.8514501543299575
3021490.650396396;3.8484372850892994;-8.490924197165011;4.485650235404678;7.853711246849634
3022186.454433744;3.8623722721674616;-8.47920790723738;4.485606883503809;7.855973295901033
3022882.41870434;3.8763227506696096;-8.46747709397093;4.485563546195361;7.858236298445183
3023578.543245082;3.890288754286273;-8.45573172061541;4.485520223470391;7.860500251431292
3024274.828092878;3.9042703168466035;-8.443971750285167;4.485476915320198;7.862765151811576
3024971.273284645;3.9182674722935444;-8.432197145947791;4.4854336217372595;7.8650309965040766
3025667.878857308;3.932280254683016;-8.420407870459133;4.485390342712156;7.867297782429993
3026364.644847799;3.9463086982046436;-8.40860388652665;4.485347078236672;7.869565506494621
3027061.571293061;3.9603528371708934;-8.396785156723016;4.4853038283025635;7.871834165591346
3027758.658230043;3.9744127060124246;-8.38495164349051;4.4852605929011595;7.874103756601773
3028455.905695706;3.9884883392867;-8.373103309132592;4.485217372023992;7.8763742763953015
3029153.313727016;4.002579771682726;-8.361240115813006;4.485174165662836;7.8786457218328945
3029850.882360949;4.016687037992093;-8.349362025568931;4.485130973808547;7.88091808975248
3030548.611634489;4.030810173163884;-8.337469000277215;4.485087796453861;7.883191376987236
3031246.501584629;4.044949212253775;-8.325561001700986;4.485044633589359;7.885465580365402
3031944.552248371;4.059104190445179;-8.313637991449978;4.485001485206845;7.8877406966883115
3032642.763662725;4.073275143061289;-8.301699930996474;4.484958351297879;7.890016722759886
3033341.135864709;4.087462105528367;-8.289746781674909;4.484915231853787;7.892293655349489
3034039.66889135;4.101665113447884;-8.277778504669875;4.4848721268666;7.894571491251159
3034738.362779683;4.115884202504386;-8.265795061029422;4.484829036327884;7.896850227205924
3035437.217566754;4.130119408528757;-8.2537964116646;4.484785960228726;7.899129859964631
3036136.233289613;4.14437076749564;-8.241782517334704;4.484742898560937;7.901410386269406
3036835.409985323;4.15863831548693;-8.229753338660231;4.484699851315857;7.903691802831304
3037534.747690952;4.172922088740288;-8.217708836108894;4.484656818485514;7.905974106363663
3038234.246443579;4.187222123625492;-8.205648970014067;4.484613800061036;7.908257293578524
3038933.906280292;4.2015384566142435;-8.19357370055458;4.48457079603421;7.910541361134612
3039633.727238184;4.215871124346926;-8.181482987768009;4.484527806396405;7.912826305718529
3040333.709354361;4.230220163596303;-8.169376791533479;4.484484831139887;7.915112123989896
3041033.852665933;4.244585611238339;-8.157255071604329;4.484441870255081;7.917398812587583
3041734.157210023;4.2589675043249065;-8.14511778756248;4.484398923734267;7.919686368153118
3042434.62302376;4.273365880024232;-8.132964898848684;4.484355991569048;7.921974787303869
3043135.25014428;4.28778077565299;-8.120796364753641;4.484313073751006;7.924264066655623
3043836.038608732;4.302212228636918;-8.108612144419766;4.484270170271506;7.9265542027851765
3044536.98845427;4.316660276580745;-8.096412196835225;4.484227281122127;7.928845192293844
3045238.099718058;4.331124957199144;-8.084196480835429;4.484184406294483;7.931137031740088
3045939.372437268;4.345606308371732;-8.071964955097044;4.484141545780641;7.933429717688135
3046640.80664908;4.360104368091338;-8.059717578154576;4.484098699571736;7.935723246674177
3047342.402390684;4.374619174514284;-8.04745430838512;4.484055867659133;7.938017615240272
3048044.159699279;4.389150765921757;-8.035175103998661;4.484013050035153;7.940312819885264
3048746.07861207;4.403699180752548;-8.02287992306687;4.483970246690681;7.942608857128734
3049448.159166272;4.418264457582982;-8.01056872349285;4.483927457617581;7.944905723458255
3050150.401399109;4.43284663514121;-7.998241463022272;4.483884682807694;7.947203415355788
3050852.805347814;4.447445752275538;-7.985898099248291;4.483841922252404;7.949501929271424
3051555.371049626;4.462061848016072;-7.97353858959937;4.483799175943569;7.951801261671872
3052258.098541796;4.476694961507578;-7.961162891356153;4.483756443872096;7.954101408991637
3052960.987861581;4.491345132062428;-7.948770961623679;4.483713726030082;7.9564023676560245
3053664.039046248;4.5060123991404835;-7.936362757345816;4.483671022409625;7.958704134076674
3054367.252133071;4.520696802323297;-7.9239382353225105;4.4836283330013975;7.961006704644409
3055070.627159335;4.535398381372634;-7.911497352172602;4.483585657797519;7.963310075747715
3055774.164162331;4.550117176200519;-7.8990400643514525;4.483542996790092;7.96561424376188
3056477.863179361;4.5648532268492135;-7.8865663281654665;4.483500349970027;7.967919205044653
3057181.724247734;4.579606573515621;-7.874076099749608;4.483457717328725;7.9702249559365015
3057885.747404767;4.594377256573089;-7.86156933505756;4.483415098858786;7.9725314927718625
3058589.932687787;4.609165316513904;-7.849045989900985;4.483372494550902;7.974838811863986
3059294.28013413;4.623970794014933;-7.836506019902453;4.4833299043974195;7.977146909519969
3059998.78978114;4.638793729882731;-7.823949380528741;4.483287328389737;7.9794557820217324
3060703.461666168;4.653634165080758;-7.8113760270832415;4.483244766518812;7.981765425645188
3061408.295826576;4.668492140773375;-7.798785914671837;4.483202218777703;7.984075836667509
3062113.292299733;4.683367698211244;-7.786178998267028;4.483159685156644;7.986387011321633
3062818.451123018;4.698260878851704;-7.773555232638469;4.483117165648238;7.988698945841932
3063523.772333817;4.713171724294365;-7.7609145724052695;4.483074660243431;7.991011636456205
3064229.255969526;4.728100276299989;-7.748256971997715;4.483032168934358;7.993325079363345
3064934.902067548;4.743046576794246;-7.735582385681507;4.4829896917124445;7.995639270763309
3065640.710665297;4.758010667855203;-7.722890767541197;4.48294722856957;7.99795420682683
3066346.681800194;4.77299259173799;-7.7101820714854465;4.482904779497661;8.000269883725775
3067052.815509668;4.787992390831628;-7.697456251262262;4.4828623444874385;8.002586297606452
3067759.111831157;4.803010107712139;-7.684713260420162;4.4828199235312685;8.004903444601032
3068465.570802111;4.818045785110225;-7.671953052345164;4.482777516620348;8.007221320835042
3069172.192459983;4.833099465934406;-7.659175580225053;4.482735123747307;8.009539922412152
3069878.976842238;4.848171193235892;-7.646380797096261;4.482692744902648;8.011859245429504
3070585.923986349;4.863261010252224;-7.633568655792203;4.482650380078504;8.014179285965922
3071293.033929798;4.87836896038523;-7.620739108967487;4.482608029266809;8.016500040085909
3072000.306710076;4.893495087194022;-7.607892109100733;4.482565692459005;8.01882150383575
3072707.74236468;4.9086394344106505;-7.595027608487013;4.482523369646534;8.021143673251128
3073415.340931118;4.9238020459514384;-7.582145559227245;4.482481060821561;8.023466544357124
3074123.102446908;4.938982965878119;-7.56924591325339;4.482438765975069;8.025790113156438
3074831.026949572;4.954182238459843;-7.556328622285066;4.482396485099917;8.02811437564499
3075539.114476646;4.969399908092146;-7.543393637890631;4.482354218186414;8.030439327796358
3076247.36506567;4.984636019389676;-7.530440911411466;4.482311965227647;8.032764965573495
3076955.778754196;4.999890617098947;-7.5174703940392895;4.482269726213907;8.035091284924329
3077664.355579783;5.015163746184945;-7.504482036742923;4.482227501137844;8.037418281790025
3078373.095579999;5.030455451751453;-7.491475790320586;4.482185289990678;8.039745952081361
3079081.998792421;5.045765779082925;-7.478451605371841;4.482143092764116;8.04207429169065
3079791.065254633;5.061094773694288;-7.465409432293962;4.482100909450584;8.044403296537663
3080500.295004231;5.076442481188761;-7.45234922131364;4.482058740040844;8.046732962461554
3081209.688078817;5.091808947428202;-7.43927092244345;4.482016584527085;8.04906328534457
3081919.244516001;5.107194218409838;-7.426174485510239;4.48197444290077;8.051394261019306
3082628.964353404;5.122598340334244;-7.413059860138159;4.481932315153868;8.053725885318537
3083338.847628655;5.138021359581767;-7.3999269957600315;4.4818902012778485;8.056058154063951
3084048.894379391;5.1534633226993645;-7.386775841604316;4.481848101264675;8.058391063039004
3084759.104643257;5.168924276430484;-7.373606346706567;4.481806015105839;8.060724608031215
3085469.478457909;5.184404267714875;-7.360418459898861;4.481763942793059;8.063058784820674
3086180.01586101;5.199903343655242;-7.34721212980836;4.481721884318308;8.065393589145295
3086890.716890231;5.215421551556688;-7.333987304867044;4.481679839673067;8.067729016750667
3087601.581583253;5.230958938915647;-7.3207439332968915;4.481637808849314;8.070065063363224
3088312.609977766;5.246515553395096;-7.3074819631222585;4.481595791838541;8.072401724678812
3089023.802111468;5.262091442866975;-7.294201342165908;4.481553788632019;8.074738996400866
3089735.158022066;5.277686655396786;-7.280902018023645;4.481511799222423;8.07707687419801
3090446.677747273;5.293301239227616;-7.26758393810464;4.48146982360104;8.079415353731216
3091158.361324816;5.308935242806191;-7.254247049603113;4.481427861759596;8.081754430649706
3091870.208792426;5.32458871475808;-7.240891299510796;4.481385913689357;8.08409410057952
3092582.220187845;5.3402617039372;-7.227516634584629;4.4813439793832615;8.086434359138567
3093294.395548823;5.355954259352092;-7.2141230014015765;4.481302058832138;8.088775201921534
3094006.734913119;5.371666430222404;-7.200710346312701;4.481260152027699;8.091116624507407
3094719.2383185;5.387398265989103;-7.187278615447953;4.481218258962191;8.093458622474866
3095431.905802743;5.40314981626477;-7.173827754733599;4.481176379627132;8.09580119137124
3096144.737403632;5.418921130853915;-7.160357709884061;4.481134514013815;8.098144326724162
3096857.733158961;5.434712259796418;-7.146868426375694;4.481092662114926;8.100488024057187
3097570.893106532;5.450523253299576;-7.133359849495447;4.481050823921309;8.102832278873715
3098284.217284157;5.4663541618041736;-7.119831924290407;4.481008999425178;8.105177086669404
3098997.705729655;5.482205035919647;-7.106284595594836;4.480967188618324;8.107522442896158
3099711.358480855;5.498075926499617;-7.092717808022058;4.480925391492491;8.109868343029182
3100425.175575593;5.513966884568534;-7.079131505966877;4.480883608039235;8.112214782496176
3101139.157051716;5.529877961381279;-7.065525633593779;4.480841838250557;8.114561756724502
3101853.302947078;5.545809208388689;-7.051900134854091;4.48080008211776;8.116909261125022
3102567.613299542;5.561760677266861;-7.038254953451528;4.480758339633576;8.119257291084812
3103282.088146981;5.577732419866529;-7.024590032896615;4.480716610788588;8.121605841974555
3103996.727527275;5.5937244882812145;-7.0109053164390165;4.480674895575546;8.123954909144684
3104711.531478313;5.609736934828518;-6.997200747125527;4.48063319398552;8.126304487968525
3105426.500037994;5.62576981199626;-6.983476267754829;4.480591506010751;8.12865457374034
3106141.633244225;5.641823172518267;-6.969731820901606;4.480549831643039;8.13100516177683
3106856.931134921;5.6578970693361965;-6.95596734891236;4.480508170873944;8.13335624737461
3107572.393748007;5.6739915556007805;-6.942182793900082;4.480466523695029;8.13570782580583
3108288.021121415;5.690106684703867;-6.928378097732354;4.48042489009855;8.138059892337672
3109003.813293088;5.7062425102250725;-6.914553202052211;4.480383270076076;8.140412442201207
3109719.770300976;5.722399085995723;-6.900708048258284;4.480341663619632;8.142765470634377
3110435.892183039;5.738576466032843;-6.88684257752247;4.480300070720574;8.145118972834739
3111152.178977245;5.754774704611142;-6.872956730766598;4.480258491370917;8.147472944006823
3111868.630721569;5.770993856197649;-6.859050448679182;4.480216925562245;8.149827379314585
3112585.247453998;5.7872339755156705;-6.8451236716960775;4.480175373286827;8.152182273924918
3113302.029212527;5.803495117494638;-6.83117634001774;4.480133834536485;8.154537622975894
3114018.976035158;5.819777337282925;-6.817208393608354;4.480092309302565;8.156893421588713
3114736.087959902;5.836080690281045;-6.803219772175493;4.480050797577107;8.15924966487943
3115453.365024782;5.852405232102721;-6.789210415191831;4.480009299351459;8.161606347943092
3116170.807267825;5.868751018593034;-6.775180261859228;4.479967814618389;8.163963465833875
3116888.414727069;5.885118105844022;-6.761129251157488;4.479926343369009;8.166321013632503
3117606.187440563;5.901506550149246;-6.747057321800924;4.479884885595384;8.168678986354788
3118324.125446361;5.917916408068003;-6.732964412260301;4.479843441289102;8.171037379039202
3119042.228782528;5.934347736387409;-6.718850460745718;4.479802010442216;8.173396186690912
3119760.497487136;5.950800592114664;-6.704715405221532;4.479760593046337;8.175755404289857
3120478.931598268;5.967275032515731;-6.690559183388464;4.479719189093524;8.17811502681067
3121197.531154014;5.983771115086584;-6.676381732695359;4.479677798575613;8.180475049206331
3121916.296192473;6.000288897552222;-6.6621829903404395;4.479636421483976;8.182835466408687
3122635.226751755;6.016828437903035;-6.647962893247779;4.479595057810919;8.185196273339892
3123354.322869976;6.033389794364352;-6.633721378088564;4.479553707548287;8.18755746490463
3124073.584585261;6.049973025393415;-6.619458381272505;4.479512370687915;8.189919035978004
3124793.011935744;6.066578189688342;-6.60517383895416;4.479471047221192;8.192280981421314
3125512.604959571;6.083205346218763;-6.590867687011923;4.479429737140182;8.194643296090504
3126232.363694892;6.099854554202401;-6.576539861054376;4.4793884404372335;8.197005974819543
3126952.288179868;6.116525873064088;-6.562190296451611;4.479347157102998;8.1993690124127
3127672.378452669;6.133219362534352;-6.547818928260724;4.479305887130756;8.201732403664318
3128392.634551474;6.149935082556671;-6.533425691309802;4.479264630511423;8.204096143355049
3129113.056514469;6.166673093333207;-6.5190105201355;4.479223387237085;8.206460226231624
3129833.644379851;6.1834334553523;-6.504573349002256;4.479182157299835;8.208824647054719
3130554.398185825;6.200216229317423;-6.490114111908827;4.47914094069131;8.211189400534941
3131275.317970604;6.217021476188842;-6.475632742583059;4.479099737402896;8.213554481369004
3131996.403772411;6.233849257239638;-6.461129174451288;4.479058547427422;8.215919884263505
3132717.655629477;6.250699633930968;-6.446603340695493;4.479017370755795;8.218285603870667
3133439.073580041;6.267572668036415;-6.432055174188994;4.478976207380591;8.22065163484482
3134160.657662353;6.284468421574283;-6.417484607541105;4.47893505729348;8.223017971821909
3134882.407914671;6.301386956815319;-6.402891573070769;4.478893920486533;8.225384609399553
3135604.324375261;6.3183283363137175;-6.388276002834169;4.4788527969507195;8.227751542197169
3136326.407082397;6.335292622889609;-6.373637828565071;4.478811686679071;8.230118764775607
3137048.656074366;6.352279879611605;-6.358976981748359;4.4787705896625525;8.232486271697413
3137771.071389458;6.3692901698361695;-6.344293393555921;4.4787295058935115;8.234854057498582
3138493.653065976;6.386323557189134;-6.329586994883237;4.478688435363577;8.237222116708796
3139216.40114223;6.403380105565931;-6.314857716321999;4.478647378065138;8.239590443822788
3139939.31565654;6.420459879125236;-6.300105488193073;4.478606333989367;8.241959033328945
3140662.396647234;6.4375629423278635;-6.285330240498018;4.4785653031288755;8.244327879697007
3141385.64415265;6.454689359867318;-6.2705319029691955;4.478524285474826;8.246696977361688
3142109.058211131;6.471839196763626;-6.255710405011659;4.478483281020088;8.249066320755196
3142832.638861035;6.489012518282744;-6.240865675771714;4.478442289755364;8.251435904299095
3143556.386140724;6.506209389975747;-6.225997644061065;4.4784013116732755;8.253805722363538
3144280.30008857;6.523429877685433;-6.211106238412109;4.47836034676525;8.256175769332291
3145004.380742954;6.540674047548424;-6.196191387037276;4.4783193950236635;8.258546039562036
3145728.628142267;6.557941965966624;-6.181253017844382;4.4782784564409;8.260916527370105
3146453.042324908;6.575233699623148;-6.166291058475397;4.478237531007206;8.263287227091338
3147177.623329283;6.592549315504535;-6.151305436212088;4.478196618715692;8.265658133000935
3147902.37119381;6.609888880905093;-6.136296078044852;4.478155719558505;8.268029239391439
3148627.285956915;6.627252463366753;-6.121262910671808;4.478114833526844;8.270400540511716
3149352.36765703;6.644640130751477;-6.106205860461107;4.478073960612863;8.272772030599718
3150077.616332601;6.662051951197856;-6.0911248534761055;4.478033100808268;8.275143703865696
3150803.032022077;6.67948799318707;-6.0760198154480305;4.47799225410567;8.27751555452943
3151528.614763921;6.696948325433284;-6.060890671817255;4.477951420496301;8.279887576754238
3152254.364596601;6.714433016978879;-6.045737347697585;4.4779105999718345;8.282259764704632
3152980.281558597;6.7319421371862;-6.030559767860372;4.477869792525154;8.284632112521418
3153706.365688396;6.74947575569568;-6.0153578567821855;4.477828998147733;8.287004614330131
3154432.617024493;6.76703394243404;-6.000131538616936;4.47778821683101;8.289377264219963
3155159.035605394;6.784616767682133;-5.984880737171;4.477747448567646;8.291750056285483
3155885.621469614;6.802224301982152;-5.969605375951668;4.477706693348863;8.294122984584956
3156612.374655674;6.819856616218203;-5.954305378106262;4.477665951167544;8.296496043156921
3157339.295202107;6.837513781558675;-5.938980666484555;4.477625222014926;8.298869226028302
3158066.383147453;6.855195869494905;-5.923631163586314;4.477584505883197;8.30124252719802
3158793.638530262;6.872902951828309;-5.908256791592937;4.477543802763818;8.303615940657425
3159521.061389092;6.890635100674442;-5.8928574723321505;4.477503112649218;8.305989460357372
3160248.65176251;6.908392388484356;-5.877433127304499;4.477462435531352;8.308363080257498
3160976.409689092;6.926174887984137;-5.861983677682186;4.477421771401713;8.310736794264614
3161704.335207424;6.943982672263403;-5.846509044279177;4.477381120252693;8.313110596289885
3162432.428356098;6.961815814711563;-5.831009147576828;4.477340482076268;8.31548448021212
3163160.689173719;6.979674389039977;-5.8154839077184315;4.477299856864172;8.317858439894234
3163889.117698897;6.997558469293066;-5.79993324449794;4.47725924460835;8.320232469182656
3164617.713970253;7.015468129828956;-5.784357077367147;4.477218645300537;8.322606561895565
3165346.478026417;7.033403445366879;-5.768755325405863;4.477178058933642;8.324980711839096
3166075.409906027;7.05136449089799;-5.753127907386663;4.477137485498465;8.32735491278619
3166804.50964773;7.069351341801388;-5.737474741692688;4.477096924987654;8.329729158506424
3167533.777290182;7.08736407375635;-5.721795746376665;4.477056377392739;8.332103442740275
3168263.212872048;7.105402762779898;-5.706090839117345;4.477015842706148;8.334477759191097
3168992.816432002;7.123467485261501;-5.690359937245813;4.476975320919865;8.336852101587448
3169722.588008727;7.141558317854432;-5.674602957753678;4.4769348120249335;8.339226463583177
3170452.527640915;7.159675337630818;-5.658819817228435;4.476894316014496;8.341600838844755
3171182.635367267;7.17781862195149;-5.64301043193362;4.476853832879849;8.34397522100526
3171912.911226491;7.195988248566923;-5.6271747177445395;4.476813362613427;8.34634960369804
3172643.355257307;7.214184295510252;-5.611312590190129;4.47677290520674;8.348723980493638
3173373.967498442;7.232406841219705;-5.595423964415937;4.476732460652048;8.351098344983592
3174104.747988631;7.250655964451363;-5.5795087552034515;4.476692028941318;8.353472690713499
3174835.696766622;7.268931744314047;-5.563566876972316;4.476651610066076;8.355847011220284
3175566.813871167;7.287234260290722;-5.547598243744163;4.476611204019017;8.358221300015868
3176298.099341029;7.305563592202295;-5.5316027691847385;4.476570810791913;8.360595550595118
3177029.553214981;7.323919820208495;-5.515580366583128;4.476530430376532;8.36296975641509
3177761.175531804;7.342303024847345;-5.499530948849653;4.476490062764629;8.365343910932369
3178492.966330287;7.360713287031009;-5.483454428488167;4.476449707949151;8.367718007570026
3179224.925649229;7.379150687993291;-5.467350717665601;4.476409365920931;8.37009203973796
3179957.053527439;7.397615309370956;-5.451219728118387;4.47636903667292;8.372466000816424
3180689.350003732;7.416107233139096;-5.435061371222037;4.476328720196884;8.374839884164253
3181421.815116935;7.434626541651123;-5.418875557968875;4.47628841648437;8.377213683135626
3182154.448905881;7.453173317624525;-5.40266219894526;4.476248125527647;8.37958739104214
3182887.251409415;7.471747644163791;-5.386421204345937;4.476207847318925;8.381961001190803
3183620.222666388;7.490349604714607;-5.370152483981049;4.476167581850024;8.384334506845633
3184353.362715662;7.508979283124582;-5.353855947254847;4.4761273291131785;8.386707901266249
3185086.671596108;7.527636763587394;-5.3375315031941195;4.476087089099714;8.389081177681799
3185820.149346605;7.546322130730161;-5.321179060389094;4.476046861802598;8.391454329316657
3186553.796006042;7.565035469496118;-5.30479852706505;4.47600664721315;8.39382734934802
3187287.611613314;7.5837768652550155;-5.288389811016954;4.4759664453238655;8.3962002309481
3188021.596207328;7.602546403730084;-5.271952819654928;4.475926256126307;8.398572967258707
3188755.749827;7.621344171068106;-5.2554874599655;4.475886079612742;8.400945551420863
3189490.072511254;7.640170253755478;-5.23899363853089;4.47584591577521;8.40331797651116
3190224.564299022;7.659024738715344;-5.222471261521154;4.475805764605737;8.405690235630757
3190959.225229247;7.677907713224084;-5.205920234692735;4.47576562609638;8.408062321820438
3191694.05534088;7.696819264976956;-5.1893404633865465;4.475725500239167;8.410434228124332
3192429.05467288;7.715759482050968;-5.172731852530764;4.475685387025912;8.412805947555821
3193164.223264217;7.73472845293171;-5.156094306623081;4.475645286448898;8.415177473105892
3193899.561153868;7.753726266498456;-5.139427729745023;4.475605198500171;8.417548797743308
3194635.06838082;7.772753012020649;-5.122732025564876;4.475565123171304;8.41991991441422
3195370.744984069;7.791808779186945;-5.106007097298015;4.475525060455059;8.422290816029902
3196106.591002621;7.810893658098221;-5.0892528477535155;4.475485010343247;8.424661495508486
3196842.606475488;7.8300077392342216;-5.072469179321752;4.475444972827241;8.427031945728734
3197578.791441693;7.849151113524789;-5.0556559939057655;4.475404947900724;8.429402159529829
3198315.145940269;7.8683238722496665;-5.038813193057894;4.475364935553872;8.431772129753686
3199051.670010256;7.887526107170411;-5.021940677832863;4.475324935779465;8.434141849223804
3199788.363690704;7.9067579104223125;-5.005038348858472;4.475284948569811;8.436511310710973
3200525.227020671;7.926019374573241;-4.988106106328432;4.475244973916952;8.438880506984724
3201262.260039225;7.945310592609303;-4.971143849998993;4.475205011812737;8.441249430795558
3201999.462785444;7.964631657918638;-4.954151479176473;4.4751650622492365;8.443618074845872
3202736.835298412;7.983982664348056;-4.937128892715338;4.475125125218764;8.445986431844629
3203474.377617225;8.003363706136579;-4.920075989033005;4.475085200713138;8.448354494456447
3204212.089780985;8.022774877966905;-4.902992666101376;4.475045288723982;8.450722255344298
3204949.971828807;8.042216274952326;-4.885878821405692;4.475005389244306;8.453089707113712
3205688.023799812;8.061687992639163;-4.868734352016154;4.474965502265499;8.455456842389818
3206426.24573313;8.081190127013002;-4.851559154511776;4.474925627780328;8.457823653744452
3207164.637667902;8.100722774461973;-4.834353125052666;4.474885765779954;8.460190133734685
3207903.199643275;8.120286031844119;-4.81711615930293;4.474845916256933;8.462556274890115
3208641.931698408;8.13987999645931;-4.799848152469452;4.474806079203577;8.464922069725183
3209380.833872469;8.159504766025968;-4.782548999316376;4.474766254611298;8.467287510731044
3210119.906204631;8.179160438731003;-4.765218594100156;4.474726442473099;8.469652590358061
3210859.148734081;8.198847113179202;-4.747856830659516;4.474686642779923;8.472017301058791
3211598.561500012;8.218564888458475;-4.73046360230293;4.474646855525035;8.474381635236371
3212338.144541628;8.238313864079162;-4.713038801912244;4.474607080699816;8.476745585291592
3213077.897898139;8.258094140014602;-4.695582321874906;4.4745673182963825;8.479109143593126
3213817.821608768;8.277905816704681;-4.678094054088175;4.474527568307311;8.481472302485546
3214557.915712744;8.297748995011863;-4.660573889993506;4.474487830724222;8.483835054281148
3215298.180249306;8.317623776285442;-4.643021720543238;4.474448105539005;8.486197391289673
3216038.615257702;8.33753026233476;-4.625437436180865;4.474408392744457;8.488559305771169
3216779.22077719;8.357468555421766;-4.607820926893563;4.474368692332232;8.490920789983097
3217519.996847035;8.377438758273488;-4.590172082166807;4.474329004294454;8.49328183614584
3218260.943506513;8.397440974100203;-4.572490790983422;4.474289328623687;8.495642436459935
3219002.060794908;8.417475306554461;-4.55477694186313;4.474249665311342;8.498002583106247
3219743.348751512;8.437541859770258;-4.5370304228118306;4.4742100143495644;8.500362268232525
3220484.80741563;8.45764073837865;-4.519251121319034;4.47417037573116;8.502721483966527
3221226.436826571;8.47777204745345;-4.50143892440593;4.474130749447779;8.505080222411602
3221968.237023656;8.497935892559731;-4.483593718578635;4.474091135491575;8.507438475646788
3222710.208046216;8.518132379730249;-4.465715389846306;4.474051533854412;8.509796235722142
3223452.349933587;8.538361615512928;-4.447803823692318;4.4740119445289;8.512153494676346
3224194.662725119;8.558623706908701;-4.429858905104403;4.473972367507185;8.514510244505919
3224937.146460168;8.578918761408524;-4.4118805185725805;4.473932802780914;8.51686647720019
3225679.801178099;8.599246886993802;-4.393868548055144;4.4738932503424635;8.519222184706482
3226422.626918287;8.619608192142108;-4.375822877001944;4.473853710183967;8.521577358960087
3227165.623720116;8.640002785815282;-4.3577433883454955;4.473814182297573;8.523931991863204
3227908.791622979;8.660430777474984;-4.339629964505866;4.47377466667519;8.52628607530566
3228652.130666278;8.68089227707085;-4.321482487369273;4.473735163309193;8.52863960113093
3229395.640889424;8.701387395074972;-4.303300838304619;4.47369567219172;8.53099256118787
3230139.322331838;8.721916242427453;-4.2850848981487895;4.473656193315163;8.533344947261078
3230883.175032948;8.742478930571593;-4.266834547243859;4.473616726670739;8.53569675114471
3231627.199032192;8.763075571501044;-4.2485496653497945;4.473577272251529;8.538047964599311
3232371.394369019;8.783706277653534;-4.2302301317338475;4.473537830049223;8.540398579338161
3233115.761082884;8.804371162044548;-4.211875825096291;4.473498400056684;8.542748587084157
3233860.299213253;8.82507033811905;-4.193486623654564;4.473458982264893;8.545097979508721
3234605.008799602;8.845803919903032;-4.175062405034621;4.473419576666718;8.547446748270938
3235349.889881413;8.866572021900632;-4.156603046349102;4.473380183254087;8.549794884995642
3236094.94249818;8.887374759140133;-4.138108424161194;4.473340802019155;8.552142381282174
3236840.166689403;8.908212247191544;-4.119578414475933;4.473301432954583;8.554489228712892
3237585.562494596;8.929084602116781;-4.10101289277992;4.473262076052041;8.556835418844663
3238331.129953276;8.949991940506925;-4.0824117339966035;4.47322273130371;8.559180943199816
3239076.869104975;8.970934379481601;-4.063774812499419;4.473183398701771;8.56152579327925
3239822.77998923;8.99191203668751;-4.045102002108954;4.473144078238396;8.563869960558062
3240568.862645587;9.01292503028803;-4.026393176098478;4.473104769905517;8.566213436480993
3241315.117113606;9.033973479013031;-4.007648207162945;4.473065473695795;8.568556212480182
3242061.543432849;9.055057502099231;-3.988866967446464;4.473026189601635;8.57089827994406
3242808.141642894;9.0761772192973;-3.970049328573657;4.472986917614054;8.573239630256902
3243554.911783322;9.097332750926661;-3.951195161536969;4.4729476577264045;8.575580254737226
3244301.853893728;9.118524217852036;-3.932304336813268;4.47290840993041;8.577920144734893
3245048.968013714;9.139751741432645;-3.9133767243055217;4.472869174218026;8.58025929152014
3245796.25418289;9.161015443607406;-3.894412193342229;4.472829950581431;8.582597686368205
3246543.712440877;9.182315446862185;-3.875410612665598;4.472790739013308;8.584935320514477
3247291.342827304;9.203651874214161;-3.8563718504682063;4.4727515395056;8.58727218517677
3248039.145381811;9.225024849231398;-3.8372957743610607;4.472712352050508;8.589608271541953
3248787.120144045;9.246434496012691;-3.818182251393071;4.472673176639754;8.591943570766006
3249535.267153662;9.267880939249434;-3.799031147999348;4.472634013266275;8.594278073982505
3250283.586450329;9.28936430414846;-3.779842330071919;4.472594861921764;8.596611772298617
3251032.07807372;9.310884716506404;-3.7606156628914515;4.472555722598923;8.598944656798933
3251780.742063521;9.33244230263336;-3.741351011192777;4.472516595289237;8.6012767185369
3252529.578459425;9.35403718942818;-3.7220482390874943;4.472477479985406;8.603607948530271
3253278.587301133;9.37566950434255;-3.702707210124278;4.472438376679378;8.60593833778745
3254027.768628358;9.397339375388755;-3.6833277872471397;4.47239928536362;8.608267877272276
3254777.122480821;9.41904693114421;-3.663909832825118;4.472360206030111;8.610596557939216
3255526.648898251;9.440792300745285;-3.644453208627865;4.472321138671066;8.612924370702084
3256276.347920388;9.462575613911547;-3.624957775824113;4.4722820832789365;8.615251306456724
3257026.219586979;9.484397000892518;-3.6054233950024104;4.472243039845707;8.617577356049221
3257776.263937783;9.506256592552026;-3.5858499261543777;4.472204008363374;8.619902510343028
3258526.481012566;9.528154520302525;-3.566237228642933;4.472164988824877;8.622226760120585
3259276.870851104;9.5500909161459;-3.5465851612623127;4.4721259812221685;8.624550096186043
3260027.433493182;9.572065912603998;-3.5268935822273817;4.47208698554658;8.626872509284798
3260778.168978592;9.59407964283166;-3.507162349089688;4.472048001791261;8.629193990130087
3261529.07734714;9.616132240569508;-3.4873913188269023;4.472009029948446;8.631514529447964
3262280.158638638;9.638223840066175;-3.4675803478264324;4.471970070009904;8.633834117882703
3263031.412892906;9.660354576218262;-3.447729291845918;4.47193112196811;8.636152746096071
3263782.840149775;9.682524584480404;-3.42783800603431;4.4718921858155305;8.638470404699186
3264534.440449086;9.704734000864923;-3.4079063449543963;4.471853261543943;8.640787084275374
3265286.213830688;9.726982961990675;-3.387934162535231;4.471814349145825;8.64310277538008
3266038.160334438;9.749271605062976;-3.367921312108682;4.471775448613186;8.645417468558474
3266790.280000205;9.771600067860524;-3.3478676463789325;4.471736559938498;8.64773115430096
3267542.572867864;9.79396848876788;-3.327773017442548;4.471697683114018;8.650043823096405
3268295.038977303;9.81637700672964;-3.3076372767809947;4.471658818132011;8.652355465378626
3269047.678368415;9.83882576129647;-3.2874602752682254;4.4716199649844635;8.654666071580232
3269800.491081105;9.861314892598124;-3.267241863143975;4.4715811236638965;8.656975632078204
3270553.477155286;9.883844541359318;-3.2469818900378575;4.471542294162548;8.659284137234629
3271306.636630881;9.906414848904937;-3.2266802049688548;4.471503476472455;8.661591577401335
3272059.969547821;9.929025957114005;-3.2063366563279816;4.47146467058587;8.663897942856119
3272813.475946048;9.95167800850803;-3.185951091885147;4.471425876495053;8.666203223898126
3273567.155865512;9.974371146177704;-3.165523358780674;4.471387094192504;8.668507410765875
3274321.009346171;9.99710551379478;-3.145053303549253;4.471348323670275;8.670810493673757
3275075.036427995;10.01988125563292;-3.12454077210372;4.471309564920366;8.673112462816277
3275829.237150962;10.042698516590729;-3.103985609699592;4.471270817935769;8.675413308354548
3276583.611555057;10.065557442100543;-3.0833876610190725;4.471232082708067;8.67771302041155
3277338.159680278;10.08845817826473;-3.0627467700782796;4.471193359229987;8.680011589113022
3278092.881566629;10.111400871712783;-3.042062780286549;4.471154647493807;8.682309004505523
3278847.777254126;10.134385669689848;-3.0213355344530783;4.471115947491102;8.684605256651828
3279602.846782792;10.157412720065576;-3.0005648747121465;4.4710772592148595;8.68690033556286
3280358.09019266;10.180482171279815;-2.979750642597505;4.471038582657366;8.68919423121995
3281113.507523772;10.20359417235382;-2.9588926790451375;4.470999917810196;8.69148693358876
3281869.098816181;10.226748872930557;-2.9379908243138586;4.470961264666339;8.69377843257808
3282624.864109945;10.249946423236175;-2.917044918080514;4.470922623217616;8.696068718099069
3283380.803445137;10.273186974113537;-2.896054799362763;4.470883993456784;8.698357780019514
3284136.916861834;10.296470676959403;-2.8750203065891893;4.470845375375684;8.700645608172909
3284893.204400124;10.3197976838006;-2.853941277538279;4.470806768966813;8.702932192372067
3285649.666100106;10.343168147236;-2.8328175493727636;4.470768174222498;8.705217522386263
3286406.302001887;10.366582220469274;-2.8116489586431643;4.470729591134785;8.707501587977655
3287163.112145581;10.390040057270173;-2.790435341276361;4.470691019695745;8.70978437885079
3287920.096571316;10.413541812073621;-2.7691765325239825;4.470652459898854;8.712065884698749
3288677.255319225;10.437087639797696;-2.7478723671166723;4.470613911735003;8.71434609517936
3289434.588429451;10.46067769603447;-2.726522679083412;4.470575375197211;8.716624999920672
3290192.095942149;10.484312136935767;-2.7051273018620825;4.47053685027778;8.718902588520072
3290949.77789748;10.507991119226684;-2.6836860682911916;4.470498336968552;8.721178850549325
3291707.634335617;10.531714800255758;-2.662198810538165;4.470459835262769;8.723453775531153
3292465.665296739;10.555483337899075;-2.640665360237988;4.470421345151591;8.725727352985468
3293223.870821036;10.579296890681512;-2.619085548329676;4.470382866628256;8.727999572382931
3293982.250948708;10.603155617638096;-2.597459205214264;4.4703443996841665;8.730270423168193
3294740.805719964;10.62705967844405;-2.575786160618776;4.470305944312309;8.732539894750516
3295499.535175021;10.651009233343578;-2.5540662436790837;4.4702675005052654;8.734807976517395
3296258.439354106;10.675004443101843;-2.5322992829734066;4.470229068254422;8.73707465782083
3297017.518297457;10.699045469105663;-2.5104851064193454;4.470190647552566;8.739339927972443
3297776.772045317;10.72313247332673;-2.488623541341351;4.470152238392261;8.741603776275824
3298536.200637943;10.74726561825571;-2.4667144144945934;4.470113840765365;8.743866191984939
3299295.804115598;10.771445066983967;-2.4447575519985327;4.47007545466467;8.74612716431783
3300055.582518555;10.795670983144783;-2.4227527794167663;4.470037080082073;8.748386682479476
3300815.535887098;10.819943530945258;-2.400699921694527;4.469998717010107;8.75064473562968
3301575.664261518;10.844262875145532;-2.3785988031968532;4.4699603654411355;8.752901312901253
3302335.967682117;10.86862918105183;-2.3564492477154535;4.469922025367246;8.75515640340004
3303096.446189204;10.893042614542077;-2.334251078430038;4.469883696781258;8.757409996190857
3303857.099823101;10.917503342014513;-2.312004117972079;4.469845379675275;8.759662080311315
3304617.928624135;10.942011530383466;-2.2897081884200023;4.46980707404094;8.76191264476253
3305378.932632646;10.966567347218255;-2.267363111190514;4.469768779872013;8.764161678536755
3306140.111888981;10.991170960466954;-2.2449687072452984;4.469730497159664;8.766409170552587
3306901.466433497;11.015822538686544;-2.222524796933745;4.469692225896255;8.768655109724037
3307662.99630656;11.040522251004173;-2.2000312000176763;4.469653966074819;8.770899484947032
3308424.701548545;11.065270266979116;-2.1774877357560154;4.4696157176872555;8.773142285047875
3309186.582199838;11.0900667567309;-2.1548942228296704;4.46957748072617;8.775383498834401
3309948.638300833;11.11491189088718;-2.132250479396953;4.469539255183669;8.777623115100464
3310710.869891933;11.139805840556487;-2.1095563230795515;4.469501041051872;8.779861122584162
3311473.27701355;11.16474877741557;-2.086811570913252;4.4694628383241;8.782097510004721
3312235.859706108;11.189740873521421;-2.0640160395138754;4.469424646991301;8.784332266043997
3312998.618010036;11.214782301553438;-2.0411695448494567;4.469386467047237;8.78656537935566
3313761.551965777;11.23987323454027;-2.0182719024798654;4.469348298483354;8.78879683853678
3314524.661613779;11.265013846066225;-1.9953229274148445;4.469310141292026;8.791026632189045
3315287.946994503;11.29020431019204;-1.9723224341316539;4.469271995466312;8.793254748857382
3316051.408148416;11.315444801365604;-1.9492702366764105;4.46923386099789;8.795481177044127
3316815.045115997;11.340735494557483;-1.9261661485773798;4.469195737879142;8.79770590525572
3317578.857937733;11.36607656517105;-1.9030099828503866;4.469157626103142;8.799928921918292
3318342.846654121;11.391468189023255;-1.8798015521048765;4.469119525661568;8.802150215466563
3319107.011305666;11.416910542366418;-1.8565406684537589;4.469081436546801;8.804369774273376
3319871.351932884;11.442403801894086;-1.8332271435446914;4.469043358751462;8.806587586687314
3320635.868576299;11.467948144718335;-1.8098607885774998;4.469005292268172;8.808803641027662
3321400.561276445;11.49354374828323;-1.7864414143709157;4.468967237088371;8.811017925565777
3322165.430073866;11.519190790560234;-1.7629688312031662;4.468929193205869;8.813230428557532
3322930.475009113;11.544889449767952;-1.7394428490454978;4.468891160612109;8.815441138201344
3323695.69612275;11.570639904542645;-1.7158632774501228;4.468853139298784;8.817650042693984
3324461.093455346;11.596442333973247;-1.6922299254566797;4.4688151292599345;8.81985713016999
3325226.667047483;11.62229691737914;-1.6685426018416263;4.468777130487017;8.82206238873375
3325992.416939751;11.648203834477236;-1.64480111495971;4.46873914297242;8.824265806464522
3326758.343172749;11.674163265291178;-1.6210052728101276;4.4687011667083265;8.82646737139298
3327524.445787085;11.700175390266455;-1.597154882969605;4.468663201688312;8.828667071547748
3328290.724823378;11.726240389961875;-1.5732497528118718;4.468625247903126;8.83086489487062
3329057.180322255;11.752358445437402;-1.5492896892295467;4.468587305346591;8.833060829320354
3329823.812324352;11.778529737847963;-1.5252744989397962;4.468549374009705;8.835254862778054
3330590.620870315;11.804754448777857;-1.5012039882260675;4.468511453886058;8.83744698311787
3331357.606000801;11.831032759971174;-1.4770779631656117;4.4684735449675745;8.839637178169214
3332124.767756473;11.857364853432282;-1.4528962295356007;4.468435647246697;8.841825435721184
3332892.106178006;11.883750911394195;-1.4286585928536522;4.468397760715817;8.84401174353203
3333659.621306084;11.910191116323091;-1.4043648583781498;4.4683598853676;8.846196089333642
3334427.313181398;11.936685650796573;-1.3800148311864282;4.468322021193758;8.84837846078924
3335195.181844653;11.963234697697715;-1.3556083160675798;4.468284168187422;8.850558845577876
3335963.227336558;11.989838439977516;-1.3311451176632325;4.468246326340759;8.85273723129999
3336731.449697835;12.016497060760878;-1.3066250404195456;4.468208495646229;8.854913605534197
3337499.848969216;12.043210743285284;-1.2820478886332973;4.468170676096009;8.857087955822573
3338268.425191438;12.069979670922827;-1.2574134664308547;4.468132867682758;8.859260269670921
3339037.178405251;12.096804027128377;-1.2327215778236904;4.468095070398913;8.861430534553152
3339806.108651415;12.123683995421723;-1.2079720267029561;4.468057284237138;8.863598737887541
3340575.215970696;12.150619759350416;-1.183164616922771;4.468019509189168;8.865764867084017
3341344.500403872;12.177611502526124;-1.1582991522182706;4.467981745247675;8.867928909496719
3342113.96199173;12.204659408587828;-1.1333754362650128;4.467943992405564;8.870090852447277
3342883.600775066;12.231763661102612;-1.108393272777043;4.467906250654577;8.87225068322508
3343653.416794685;12.258924443671388;-1.0833524653750128;4.467868519988086;8.874408389058313
3344423.410091402;12.286141939771397;-1.0582528178020487;4.467830800397604;8.876563957175842
3345193.580706041;12.313416332845723;-1.0330941337799666;4.46779309187581;8.878717374749879
3345963.928679436;12.340747806224972;-1.0078762170959545;4.467755394415393;8.880868628905533
3346734.454052431;12.368136543073705;-0.9825988716692133;4.467717708008331;8.883017706734588
3347505.156865877;12.395582726469785;-0.9572619014831787;4.467680032647536;8.885164595305428
3348276.037160637;12.42308653925113;-0.931865110717337;4.467642368324995;8.887309281643473
3349047.094977581;12.450648164097519;-0.9064083036531676;4.467604715033877;8.889451752716809
3349818.330357591;12.478267783392706;-0.8808912848522444;4.467567072765938;8.891591995479013
3350589.743341556;12.50594557931577;-0.8553138590339577;4.467529441514091;8.893729996835637
3351361.333970376;12.533681733700824;-0.829675831213698;4.467491821270578;8.89586574364394
3352133.10228496;12.561476428071073;-0.8039770066934251;4.46745421202762;8.897999222736876
3352905.048326227;12.58932984362771;-0.7782171910633927;4.46741661377792;8.900130420913182
3353677.172135104;12.617242161161395;-0.7523961902613077;4.467379026514174;8.902259324908531
3354449.473752529;12.645213561018519;-0.7265138106484605;4.467341450228387;8.904385921438593
3355221.953219447;12.673244223135553;-0.7005698589574547;4.467303884913267;8.906510197179742
3355994.610576816;12.701334326915942;-0.6745641423993576;4.467266330561046;8.908632138754253
3356767.4458656;12.729484051304045;-0.6484964686249337;4.467228787164669;8.91075173276431
3357540.459126775;12.757693574619449;-0.622366645849624;4.467191254716381;8.912868965752692
3358313.650401324;12.785963074590219;-0.59617448285973;4.4671537332082;8.914983824241748
3359087.019730243;12.814292728335468;-0.5699197889822666;4.467116222633055;8.917096294684683
3359860.567154533;12.842682712319364;-0.5436023742068402;4.467078722983435;8.919206363542772
3360634.292715209;12.871133202225938;-0.5172220492141665;4.467041234251593;8.921314017188509
3361408.196453291;12.899644373030778;-0.4907786253729022;4.467003756430254;8.923419241973425
3362182.278409811;12.928216398897515;-0.46427191482723956;4.466966289511889;8.925522024212864
3362956.538625811;12.956849453116162;-0.43770173053947153;4.466928833488774;8.92762235016686
3363730.977142341;12.98554370812608;-0.4110678863061848;4.466891388353396;8.929720206078871
3364505.594000461;13.014299335410014;-0.3843701968198545;4.466853954098228;8.931815578131642
3365280.38924124;13.043116505463374;-0.3576084777140849;4.466816530715796;8.933908452461662
3366055.362905757;13.071995387792912;-0.33078254559921805;4.46677911819881;8.935998815193319
3366830.5150351;13.100936150732856;-0.30389221817186796;4.466741716539301;8.93808665236542
3367605.845670368;13.129938961595238;-0.27693731414436173;4.46670432573048;8.94017195000912
3368381.354852668;13.15900398641205;-0.24991765346558253;4.466666945764139;8.942254694113492
3369157.042623115;13.188131390017245;-0.22283305722192848;4.466629576633029;8.944334870606145
3369932.909022837;13.217321335921808;-0.19568334778485102;4.466592218329415;8.946412465377245
3370708.95409297;13.246573986362336;-0.16846834877333416;4.466554870846502;8.948487464289169
3371485.177874657;13.275889502051987;-0.14118788527105328;4.4665175341760985;8.950559853146942
3372261.580409054;13.305268042298831;-0.11384178372509068;4.466480208310961;8.95262961771296
3373038.161737325;13.334709764861646;-0.08642987210776043;4.466442893243356;8.954696743726052
3373814.921900643;13.364214825888316;-0.0589519799254396;4.466405588965816;8.95676121684794
3374591.860940191;13.393783379947681;-0.03140793825514284;4.46636829547154;8.958823022731284
3375368.978897162;13.42341557976329;-0.0037975799545942775;4.466331012752362;8.96088214696552
3376146.275812759;13.45311157631259;0.023879260414977767;4.46629374080079;8.962938575096825
3376923.751728192;13.482871518730148;0.051622746488401976;4.466256479609591;8.964992292632157
3377701.406684682;13.512695554194178;0.07943303997354365;4.466219229171044;8.96704328504959
3378479.24072346;13.542583827856092;0.10731030062989604;4.46618198947769;8.969091537748508
3379257.253885765;13.57253648286187;0.1352546862254014;4.466144760522749;8.971137036113717
3380035.446212848;13.602553660048365;0.16326635227528044;4.466107542297586;8.973179765475496
3380813.817745967;13.632635498143665;0.19134545223330482;4.466070334795437;8.975219711114924
3381592.368526391;13.662782133492748;0.21949213720626246;4.466033138008591;8.977256858277896
3382371.098595398;13.692993700060265;0.24770655597479896;4.465995951929832;8.979291192155637
3383150.007994275;13.723270329288916;0.27598885483810737;4.465958776551449;8.981322697899358
3383929.096764319;13.753612150060947;0.3043391775802792;4.465921611865994;8.983351360614675
3384708.364946836;13.784019288625329;0.33275766539671836;4.465884457866479;8.98537716536213
3385487.812583143;13.814491868353407;0.3612444566429687;4.465847314544254;8.987400097166185
3386267.439714566;13.845030009906768;0.3897996870278487;4.465810181892822;8.989420140986102
3387047.246382439;13.875633830927491;0.4184234892826024;4.46577305990472;8.991437281740167
3387827.232628106;13.906303445981331;0.44711599309907746;4.465735948572036;8.993451504310219
3388607.398492922;13.937038966556276;0.4758773251364887;4.465698847887793;8.995462793531994
3389387.74401825;13.967840500775768;0.5047076087518367;4.465661757843813;8.997471134180119
3390168.269245464;13.998708153535276;0.5336069640997549;4.465624678433381;8.999476511002142
3390948.974215947;14.029642026163327;0.5625755078350824;4.465587609648804;9.001478908679442
3391729.858971089;14.060642216455255;0.5916133531160711;4.465550551482876;9.003478311856307
3392510.923552294;14.09170881843111;0.620720609354348;4.465513503927226;9.005474705149535
3393292.168000972;14.122841922419898;0.6498973823647402;4.465476466975588;9.007468073079572
3394073.592358544;14.154041614674405;0.6791437738860508;4.465439440619351;9.009458400169004
3394855.196666441;14.185307977505806;0.7084598817959609;4.465402424851774;9.011445670858071
3395636.980966102;14.216641089049716;0.7378457998193787;4.465365419665898;9.013429869564437
3396418.945298977;14.248041023028978;0.7673016173175922;4.46532842505359;9.015410980657796
3397201.089706524;14.279507848739017;0.7968274193112561;4.465291441007419;9.01738898842034
3397983.414230213;14.31104163091285;0.8264232862477536;4.465254467519494;9.019363877145604
3398765.918911521;14.34264242965906;0.856089294040877;4.465217504583562;9.02133563103462
3399548.603791935;14.374310300056026;0.8858255136100962;4.46518055219125;9.023304234254677
3400331.468912954;14.40604529229411;0.9156320110337158;4.4651436103356055;9.025269670924786
3401114.514316083;14.437847451361732;0.9455088472420069;4.465106679009218;9.027231925110502
3401897.74004284;14.469716816897268;0.9754560778398922;4.465069758203957;9.029190980853418
3402681.146134749;14.501653423165447;1.0054737531554492;4.4650328479133465;9.031146822096648
3403464.732633346;14.533657298740954;1.0355619178171627;4.464995948129503;9.03309943279429
3404248.499580177;14.565728466374674;1.0657206107285782;4.464959058844785;9.03504879680131
3405032.447016795;14.597866942923792;1.0959498649229207;4.464922180052001;9.036994897948869
3405816.574984765;14.630072739136038;1.1262497073728563;4.464885311744228;9.038937720018955
3406600.88352566;14.662345859273813;1.156620158641985;4.464848453912866;9.040877246718965
3407385.372681065;14.6946863013328;1.1870612330244992;4.464811606551226;9.042813461757072
3408170.04249257;14.72709405653805;1.217572938148517;4.464774769652137;9.044746348737396
3408954.893001779;14.759569109268263;1.2481552748058402;4.464737943208192;9.046675891254232
3409739.924250305;14.792111436756247;1.2788082367177291;4.464701127211289;9.04860207282723
3410525.136279767;14.82472100912119;1.309531810529503;4.464664321654727;9.050524876936958
3411310.529131799;14.857397788904585;1.340325975350255;4.464627526530428;9.052444287023903
3412096.102848039;14.890141731048605;1.3711907027582992;4.464590741831202;9.054360286459104
3412881.857470139;14.922952782677044;1.4021259565526454;4.464553967550379;9.056272858574019
3413667.793039759;14.955830882671215;1.4331316923312831;4.464517203679615;9.058181986660315
3414453.909598568;14.988775961710498;1.4642078575585047;4.464480450212001;9.060087653939997
3415240.207188244;15.021787941864716;1.4953543911393332;4.464443707139903;9.061989843585478
3416026.685850478;15.054866736483328;1.5265712232729058;4.464406974455944;9.06388853875448
3416813.345626967;15.08801224990421;1.5578582752407648;4.464370252153208;9.065783722510236
3417600.186559419;15.121224377120349;1.589215459000369;4.464333540223607;9.067675377896371
3418387.208689551;15.15450300371494;1.6206426771677207;4.464296838660226;9.06956348788699
3419174.412059091;15.187848005411235;1.6521398225293138;4.464260147454991;9.07144803542693
3419961.796709775;15.221259248086898;1.6837067780885537;4.464223466601688;9.073329003396658
3420749.36268335;15.254736587129738;1.715343416395342;4.464186796092005;9.075206374642391
3421537.110021571;15.288279867402581;1.7470495995578696;4.464150135918335;9.077080131926376
3422325.038766205;15.321888923102945;1.7788251790167273;4.464113486074252;9.078950258011968
3423113.148959026;15.355563577114118;1.810669994988652;4.464076846551898;9.080816735573565
3423901.440641819;15.389303640950088;1.8425838763491695;4.464040217343687;9.082679547257232
3424689.913856379;15.423108914471413;1.8745666403832035;4.464003598442717;9.08453867564549
3425478.568644509;15.45697918545329;1.9066180923042562;4.463966989841157;9.086394103307878
3426267.405048024;15.490914229394143;1.93873802514624;4.463930391532097;9.088245812715805
3427056.423108746;15.524913809048712;1.9709262192180756;4.463893803507494;9.090093786323145
3427845.622868509;15.558977674383128;2.0031824420807824;4.463857225760914;9.091938006541431
3428635.004369155;15.593105561833765;2.03550644783457;4.46382065828406;9.093778455715132
3429424.567652537;15.627297194360061;2.0678979771381347;4.463784101070056;9.095615116151869
3430214.312760515;15.661552280828657;2.1003567565994006;4.463747554111067;9.09744797011819
3431004.239734962;15.695870515908684;2.132882498688582;4.463711017400681;9.09927699981942
3431794.348617759;15.730251579387273;2.165474901005852;4.463674490930623;9.101102187450799
3432584.639450796;15.764695136071653;2.1981336462759145;4.463637974693996;9.102923515101741
3433375.112275975;15.799200835321827;2.23085840176555;4.463601468683459;9.104740964872821
3434165.767135204;15.833768310551156;2.263648818865075;4.46356497289096;9.106554518795122
3434956.604070405;15.868397179143024;2.296504532966538;4.463528487310093;9.10836415886639
3435747.623123505;15.903087041646753;2.3294251626827296;4.463492011932824;9.110169867031201
3436538.824336444;15.937837481686916;2.362410309732695;4.463455546752032;9.111971625202187
3437330.207751171;15.972648065459998;2.395459558474192;4.463419091761097;9.11376941522471
3438121.773409645;16.00751834109377;2.4285724751932687;4.463382646951502;9.115563218949
3438913.521353832;16.042447838555884;2.461748608084971;4.463346212316377;9.117353018154535
3439705.451625711;16.077436068975864;2.4949874865613277;4.463309787848396;9.11913879456614
3440497.56426727;16.11248252433384;2.528288620877537;4.463273373540465;9.120920529915834
3441289.859320504;16.147586676796173;2.5616515015542545;4.463236969384773;9.122698205857144
3442082.336827422;16.182747978478712;2.595075599077316;4.463200575374236;9.124471804027163
3442874.996830038;16.217965860821433;2.628560363302848;4.463164191501533;9.126241306017054
3443667.83937038;16.253239734141015;2.6621052229885183;4.463127817759329;9.128006693393168
3444460.864490483;16.28856898709677;2.6957095852682897;4.46309145414007;9.129767947688412
3445254.072232392;16.323952986246603;2.7293728352274167;4.463055100636671;9.131525050382516
3446047.462638162;16.35939107548513;2.7630943352940585;4.4630187572418185;9.133277982949256
3446841.035749859;16.394882575502873;2.796873424737634;4.462982423948184;9.135026726817053
3447634.791609555;16.430426783240787;2.8307094190968547;4.4629461007482325;9.1367712633957
3448428.730259337;16.466022971346668;2.864601609660281;4.462909787634396;9.138511574051988
3449222.851741297;16.501670387775444;2.898549263027907;4.462873484600084;9.140247640147454
3450017.156097539;16.537368254880175;2.932551620234327;4.462837191637282;9.141979443008566
3450811.643370177;16.573115769201003;2.966607896532884;4.462800908739365;9.14370696392875
3451606.313601332;16.60891210060167;3.0007172805021485;4.462764635898811;9.14543018420071
3452401.166833139;16.6447563916853;3.034878933495664;4.462728373107613;9.147149085082019
3453196.203107738;16.680647757494416;3.0690919893174264;4.462692120359388;9.148863647817603
3453991.422467283;16.71658528446929;3.1033555531912533;4.462655877646383;9.15057385363165
3454786.824953934;16.75256803005133;3.137668701340857;4.46261964496106;9.152279683749413
3455582.410609863;16.78859502211043;3.172030480449584;4.462583422296817;9.153981119364031
3456378.179477252;16.82466525797052;3.206439906645824;4.462547209645431;9.155678141679267
3457174.131598291;16.86077770416495;3.240895965293564;4.462511007000291;9.157370731871096
3457970.267015181;16.896931295438755;3.2753976099594446;4.462474814353897;9.159058871125412
3458766.585770131;16.933124934165168;3.3099437618512035;4.46243863169871;9.160742540615257
3459563.087905363;16.969357489742972;3.3445333091918323;4.462402459027665;9.162421721523472
3460359.773463105;17.005627797845403;3.379165106480917;4.462366296333956;9.164096395030528
3461156.642485598;17.04193465946493;3.41383797353405;4.462330143609365;9.165766542321514
3461953.695015091;17.078276840552704;3.4485506951264333;4.462294000846821;9.167432144579445
3462750.931093841;17.114653071157548;3.4833020200943854;4.462257868039307;9.169093183023854
3463548.350764119;17.151062044616246;3.518090660574058;4.462221745179736;9.170749638862453
3464345.954068202;17.18750241673498;3.5529152911495516;4.462185632260397;9.172401493325028
3465143.741048378;17.22397280520294;3.587774548246431;4.462149529274001;9.174048727682507
3465941.711746946;17.260471788703853;3.6226670292920007;4.462113436213268;9.175691323198587
3466739.866206213;17.296997906289562;3.6575912920330826;4.462077353071624;9.177329261184855
3467538.204468497;17.333549656128522;3.6925458533040767;4.4620412798404105;9.178962522984037
3468336.726576123;17.37012549542271;3.727529188946206;4.4620052165135;9.180591089963002
3469135.432571429;17.40672383898618;3.7625397323752656;4.461969163083407;9.182214943527505
3469934.322496762;17.44334305859032;3.7975758739014784;4.461933119542174;9.183834065146668
3470733.396394479;17.479981482416854;3.832635960227803;4.461897085883438;9.185448436305611
3471532.654306944;17.516637393791765;3.8677182931360576;4.461861062099498;9.187058038556211
3472332.096276535;17.553309030628373;3.90282112892892;4.461825048183078;9.188662853516377
3473131.722345636;17.589994584476166;3.9379426775053554;4.461789044126928;9.190262862843886
3473931.532556643;17.626692199737526;3.9730811015363425;4.461753049924008;9.191858048277176
3474731.526951962;17.66339997258634;4.008234515405346;4.461717065566375;9.19344839161462
3475531.705574006;17.700115950558914;4.04340098476606;4.461681091047712;9.195033874745143
3476332.068465201;17.73683813099803;4.078578525025911;4.461645126359573;9.196614479612549
3477132.615667981;17.77356446100538;4.113765101231847;4.461609171495901;9.198190188277632
3477933.34722479;17.81029283576503;4.148958626454958;4.461573226448733;9.199760982861335
3478734.263178082;17.847021098207843;4.1841569613834615;4.4615372912110605;9.201326845613325
3479535.363570322;17.88374703790656;4.219357913270349;4.461501365775858;9.202887758860353
3480336.648443982;17.92046839005762;4.254559234878844;4.46146545013519;9.204443705043591
3481138.117841546;17.957182834968275;4.289758623950704;4.461429544282283;9.205994666735286
3481939.771805507;17.993887996895836;4.324953722066365;4.461393648210129;9.207540626619341
3482741.610378367;18.03058144298985;4.360142113581599;4.461357761910549;9.2090815674977
3483543.63360264;18.067260682993126;4.395321325282272;4.461321885377242;9.210617472333611
3484345.841520848;18.103923167656102;4.43048882485772;4.461286018602275;9.212148324196106
3485148.234175523;18.14056628848156;4.465642020567623;4.461250161579099;9.213674106334835
3485950.811609207;18.177187376305387;4.500778259849601;4.461214314299805;9.215194802155978
3486753.573864453;18.213783700909783;4.535894828953203;4.461178476757841;9.216710395198742
3487556.52098382;18.250352469744083;4.570988951598721;4.461142648945525;9.218220869199833
3488359.653009882;18.28689082732584;4.606057788373901;4.461106830855384;9.219726208096558
3489162.96998522;18.32339585441026;4.641098435978656;4.461071022480666;9.221226395950943
3489966.471952423;18.359864566953807;4.676107926067392;4.461035223813684;9.222721417072734
3490770.158954095;18.39629391553548;4.711083224738295;4.460999434847441;9.224211255949745
3491574.031032844;18.432680784471227;4.746021231588245;4.460963655574953;9.225695897308029
3492378.088231291;18.469021990886084;4.780918778818329;4.460927885988774;9.227175326078981
3493182.330592067;18.505314284079542;4.815772630594954;4.4608921260816645;9.228649527402924
3493986.758157811;18.54155434469651;4.850579482150065;4.460856375845968;9.23011848670048
3494791.370971174;18.57773878429997;4.8853359594157935;4.460820635275396;9.231582189608783
3495596.169074817;18.613864144091924;4.920038617692554;4.460784904362017;9.23304062203735
3496401.152511407;18.64992689478185;4.95468394153624;4.460749183099117;9.23449377014649
3497206.321323624;18.68592343541995;4.98926834354867;4.460713471478532;9.235941620392747
3498011.675554159;18.721850093436082;5.0237881644344595;4.460677769494002;9.237384159507624
3498817.215245708;18.757703123401306;5.058239671756248;4.460642077138085;9.238821374506976
3499622.940440983;18.793478706738767;5.092619059603382;4.46060639440333;9.240253252732051
3500428.851182701;18.829172951265164;5.1269224481645175;4.460570721282789;9.241679781817865
3501234.947513591;18.864781890535138;5.161145883021626;4.460535057769011;9.243100949744504
3502041.229476391;18.90030148345937;5.195285334794034;4.46049940385457;9.24451674481076
3502847.69711385;18.935727614069485;5.229336698877304;4.4604637595327405;9.245927155659444
3503654.350468726;18.971056090971746;5.263295794871523;4.460428124796548;9.24733217130368
3504461.189583786;19.006282646837164;5.297158366104298;4.460392499638112;9.248731781094756
3505268.214501808;19.041402938604907;5.33092007976456;4.460356884050458;9.250125974789889
3506075.425265581;19.07641254707931;5.364576526548362;4.460321278026882;9.251514742504071
3506882.821917901;19.111306976490685;5.398123220168268;4.460285681559475;9.25289807476294
3507690.404501576;19.146081654810207;5.431555597677939;4.460250094641072;9.254275962491194
3508498.173059423;19.180731933610524;5.464869019328953;4.460214517264701;9.255648397016866
3509306.127634269;19.215253088046946;5.498058768494744;4.460178949423184;9.25701537012902
3510114.268268952;19.24964031697276;5.531120051870979;4.460143391109586;9.25837687399219
3510922.595006317;19.2838887430449;5.564047999472235;4.460107842316469;9.2597329012562
3511731.107889222;19.317993413038312;5.596837664989397;4.4600723030364335;9.261083445012485
3512539.806960532;19.351949298364037;5.6294840262768435;4.460036773262772;9.262428498824423
3513348.692263126;19.385751294926358;5.66198198523974;4.460001252987372;9.263768056699245
3514157.763839888;19.41939422452408;5.694326369170612;4.45996574220422;9.265102113149249
3514967.021733715;19.452872834421093;5.726511930357559;4.459930240905456;9.26643066315808
3515776.465987513;19.486181798717503;5.758533347423667;4.459894749084129;9.267753702209712
3516586.096644198;19.519315718763433;5.790385225745075;4.459859266732852;9.269071226285506
3517395.913746695;19.552269124263507;5.822062098526431;4.459823793844679;9.2703832318924
3518205.917337941;19.585036473920354;5.85355842746986;4.459788330411991;9.271689716038505
3519016.107460881;19.617612156972854;5.884868604289873;4.459752876428301;9.272990676254677
3519826.48415847;19.6499904938008;5.9159869512981835;4.459717431886002;9.274286110616615
3520637.047473674;19.68216573756743;5.946907723076457;4.459681996777924;9.275576017713048
3521447.797449468;19.714132075470108;5.977625107685901;4.4596465710966795;9.276860396687528
3522258.734128837;19.745883630515316;6.008133228468772;4.459611154835807;9.278139247210733
3523069.857554775;19.777414462695543;6.038426145175993;4.459575747987918;9.279412569531628
3523881.167770289;19.808718570782354;6.068497855825427;4.459540350545164;9.280680364411763
3524692.664818393;19.839789894667973;6.098342298987546;4.459504962500847;9.281942633179575
3525504.348742111;19.870622316979876;6.127953355410241;4.459469583848063;9.283199377721573
3526316.219584478;19.901209665107142;6.157324850060725;4.459434214579416;9.284450600466998
3527128.27738854;19.931545713652312;6.186450554561544;4.459398854687774;9.285696304402993
3527940.522197349;19.961624186669614;6.215324189430004;4.459363504165744;9.286936493073863
3528752.954053972;19.9914387603571;6.243939426788328;4.459328163006423;9.288171170562348
3529565.573001481;20.020983065581742;6.272289892876125;4.4592928312029;9.289400341502716
3530378.379082962;20.050250690459528;6.300369170635209;4.4592575087475765;9.29062401107674
3531191.372341508;20.07923518357192;6.328170802946243;4.459222195633289;9.291842184992392
3532004.552820223;20.107930056907975;6.355688295572477;4.459186891852929;9.293054869482573
3532817.920562223;20.136328789197762;6.382915120462654;4.459151597399806;9.294262071335305
3533631.475610629;20.164424828864263;6.409844718781653;4.459116312266567;9.295463797816048
3534445.218008577;20.192211597667352;6.436470504494806;4.459081036445594;9.296660056726951
3535259.14779921;20.219682494581015;6.462785868329761;4.459045769930245;9.29785085632101
3536073.265025681;20.24683089920441;6.488784181115218;4.459010512713377;9.299036205375817
3536887.569731155;20.273650175597467;6.514458797678493;4.458975264787394;9.30021611313158
3537702.061958806;20.30013367666582;6.539803061270303;4.458940026145643;9.301390589249872
3538516.741751815;20.326274747889915;6.564810307253154;4.458904796780766;9.30255964385599
3539331.609153378;20.352066731920324;6.5894738677283415;4.458869576685879;9.303723287506102
3540146.664206697;20.377502972515522;6.613787075542441;4.458834365853147;9.304881531119934
3540961.906954987;20.402576819971205;6.637743269670042;4.45879916427662;9.306034386024539
3541777.337441469;20.427281634560423;6.661335798705231;4.458763971948258;9.307181863906935
3542592.955709378;20.451610792179657;6.6845580265386015;4.458728788860932;9.308323976780121
3543408.761801957;20.475557689126035;6.707403337143485;4.458693615007994;9.309460736974554
3544224.755762459;20.49911574673237;6.729865139226233;4.4586584503821;9.310592157124036
3545040.937634147;20.522278416615173;6.751936871564882;4.458623294975928;9.311718250074364
3545857.307460295;20.54503918616122;6.773612008421964;4.458588148782798;9.312839028956454
3546673.865284184;20.567391583186026;6.794884064313857;4.458553011794922;9.313954507077245
3547490.61114911;20.589329182037375;6.815746600105958;4.458517884005656;9.31506469792576
3548307.545098374;20.610845608664484;6.836193228141552;4.45848276540837;9.316169615114564
3549124.667175289;20.631934545653326;6.856217617279357;4.458447655994772;9.317269272379196
3549941.977423178;20.652589738958284;6.875813499678247;4.4584125557587075;9.318363683521332
3550759.475885376;20.672805002377377;6.894974675305335;4.458377464692387;9.319452862379658
3551577.162605224;20.69257422410896;6.913695018521877;4.458342382789163;9.32053682279792
3552395.037626075;20.711891372023814;6.931968483420593;4.458307310042179;9.32161557856104
3553213.100991292;20.73075049914847;6.9497891092999335;4.458272246443403;9.322689143405134
3554031.352744248;20.749145750372016;6.9671510274459205;4.458237191986671;9.323757530939424
3554849.792928326;20.767071367195218;6.984048465912084;4.458202146664434;9.324820754618699
3555668.42158692;20.784521694073668;7.000475755914137;4.458167110469596;9.325878827689934
3556487.23876343;20.801491184016733;7.016427337426832;4.4581320833948315;9.326931763195073
3557306.244501271;20.817974404612457;7.03189776533651;4.458097065433761;9.327979573842185
3558125.438843866;20.833966043084438;7.046881714423594;4.458062056578596;9.329022272082243
3558944.821834647;20.849460912679874;7.061373985904612;4.458027056822716;9.330059869952548
3559764.393517056;20.864453957639707;7.075369512387464;4.45799206615857;9.33109237909367
3560584.153934549;20.87894025926549;7.088863363975014;4.457957084579321;9.332119810711157
3561404.103130586;20.89291504111822;7.10185075353429;4.457922112078113;9.333142175505815
3562224.24114864;20.906373674057107;7.114327041778926;4.457887148647171;9.334159483631009
3563044.568032195;20.919311682360387;7.126287743409355;4.4578521942803455;9.335171744670685
3563865.083824744;20.93172474764746;7.137728531069324;4.45781724896942;9.33617896760872
3564685.788569788;20.94360871517113;7.148645241752388;4.4577823127082254;9.33718116071052
3565506.682310842;20.954959597741684;7.159033880656731;4.4577473854894745;9.338178331595476
3566327.765091429;20.965773580698798;7.1688906262987215;4.457712467305862;9.339170487094217
3567149.03695508;20.97604702676257;7.178211835345049;4.457677558150772;9.340157633266745
3567970.49794534;20.985776479791948;7.1869940464152515;4.4576426580164625;9.341139775360231
3568792.148105762;20.99495866960883;7.195233984975886;4.457607766896086;9.34211691773686
3569613.987479907;21.003590515746723;7.202928567093254;4.457572884782804;9.343089063870663
3570436.01611135;21.011669131143403;7.210074903161752;4.457538011669577;9.344056216312072
3571258.234043673;21.01919182560442;7.216670301433594;4.457503147548866;9.345018376621958
3572080.64132047;21.026156109653815;7.222712271868758;4.457468292414085;9.34597554537097
3572903.237985344;21.03255969717064;7.228198528808523;4.457433446258166;9.34692772210395
3573726.024081908;21.038400508253194;7.233126993884581;4.457398609073593;9.34787490529502
3574548.999653785;21.04367667225876;7.237495799058193;4.457363780853553;9.348817092347012
3575372.16474461;21.048386529884716;7.241303288776058;4.457328961591221;9.349754279517434
3576195.519398024;21.05252863510783;7.244548021867333;4.457294151279067;9.35068646196143
3577019.063657681;21.056101757472096;7.247228773885233;4.457259349910304;9.35161363367656
3577842.797567246;21.059104883371248;7.249344538435127;4.457224557478093;9.352535787458029
3578666.721170391;21.061537217161295;7.250894528261192;4.457189773974925;9.353452914925182
3579490.834510801;21.063398182645923;7.251878176745593;4.4571549993940005;9.354365006506328
3580315.137632168;21.064687423334032;7.252295138232402;4.457120233728037;9.355272051373598
3581139.630578197;21.065404803218005;7.252145288734461;4.457085476969997;9.356174037513544
3581964.313392601;21.06555040699206;7.251428726239846;4.457050729113522;9.35707095163869
3582789.186119103;21.06512453935194;7.25014576996322;4.457015990151127;9.357962779237592
3583614.248801439;21.064127724884322;7.248296960242691;4.456981260075073;9.358849504566557
3584439.501483352;21.06256070795293;7.2458830584631;4.456946538879268;9.359731110610563
3585264.944208596;21.06042445065927;7.242905044956064;4.456911826555954;9.360607579147251
3586090.577020935;21.057720132555694;7.239364118766528;4.456877123098809;9.361478890690355
3586916.399964143;21.05444914834169;7.235261695310552;4.456842428500578;9.362345024530557
3587742.413082005;21.05061310629177;7.230599404771565;4.456807742753759;9.363205958766446
3588568.616418315;21.046213826428186;7.225379090325514;4.456773065851561;9.364061670251111
3589395.010016878;21.04125333791064;7.219602805468375;4.456738397786964;9.3649121346553
3590221.593921507;21.03573387657328;7.213272811530976;4.456703738553162;9.365757326489142
3591048.368176029;21.02965788183251;7.206391574595794;4.4566690881429025;9.366597219093812
3591875.332824276;21.023027993738634;7.198961762527526;4.456634446548943;9.367431784662164
3592702.487910095;21.015847049826522;7.190986241768492;4.456599813764492;9.36826099429354
3593529.83347734;21.008118081444188;7.1824680736861914;4.456565189782996;9.369084817975
3594357.369569877;20.999844309564107;7.173410510315117;4.456530574596748;9.36990322465224
3595185.096231579;20.991029141375883;7.1638169909587806;4.456495968198716;9.370716182218384
3596013.013506333;20.981676166064915;7.1536911379219905;4.456461370582368;9.371523657560553
3596841.121438034;20.971789150072283;7.143036751723892;4.456426781740456;9.372325616607936
3597669.420070588;20.961372032608043;7.131857806616301;4.456392201665274;9.373122024326467
3598497.909447909;20.950428921743026;7.120158446601998;4.4563576303509675;9.373912844790059
3599326.589613924;20.938964088326884;7.107942979341242;4.456323067789841;9.374698041195801
3600155.460612568;20.926981961825106;7.095215871950837;4.456288513974878;9.375477575899392
3600984.522487787;20.91448712506432;7.081981745696141;4.4562539688993255;9.37625141046885
3601813.775283537;20.901484308808612;7.068245370550753;4.4562194325561695;9.377019505701693
3602643.219043785;20.887978386444004;7.05401165982594;4.456184904938177;9.37778182167989
3603472.853812506;20.87397436868093;7.039285664827268;4.456150386038353;9.378538317815309
3604302.679633688;20.859477398002294;7.02407256929563;4.456115875849932;9.379288952856736
3605132.696551326;20.8444927428023;7.008377683478335;4.456081374365455;9.380033684958509
3605962.904609427;20.829025792330306;6.992206439014751;4.4560468815786045;9.380772471736952
3606793.303852008;20.81308205014473;6.975564382405057;4.456012397481718;9.38150527025795
3607623.894323096;20.79666712916429;6.958457169953721;4.4559779220680245;9.382232037142543
3608454.676066727;20.779786745466144;6.940890561597732;4.45594345533053;9.382952728537882
3609285.64912695;20.76244671282488;6.922870415328197;4.455908997262726;9.383667300233952
3610116.813547822;20.744652936271677;6.904402680769557;4.455874547856672;9.384375707645447
3610948.169373409;20.726411407246317;6.885493394267758;4.455840107105879;9.385077905872679
3611779.71664779;20.707728197173374;6.866148672416972;4.455805675003105;9.385773849753297
3612611.455415052;20.688609452251754;6.846374706819289;4.455771251542065;9.386463493890393
3613443.385719294;20.669061386897663;6.826177757507073;4.455736836714638;9.38714679267595
3614275.507604623;20.649090279466687;6.805564148591153;4.455702430515227;9.38782370036031
3615107.821115158;20.62870246511146;6.784540261106202;4.4556680329356855;9.38849417106957
3615940.326295027;20.607904331441116;6.763112528630868;4.455633643969271;9.389158158840976
3616773.023188369;20.586702312679606;6.741287431394998;4.455599263609253;9.389815617675355
3617605.911839332;20.565102884181186;6.719071490781866;4.455564891848653;9.390466501550668
3618438.992292075;20.543112557170268;6.696471264018081;4.455530528680264;9.391110764471923
3619272.264590768;20.520737873690113;6.67349333908351;4.455496174097115;9.391748360509487
3620105.72877959;20.497985401463175;6.6501443295725595;4.455461828092483;9.392379243798135
3620939.384902729;20.474861728783864;6.626430869529225;4.4554274906593845;9.393003368595252
3621773.233004387;20.45137345958464;6.602359608472826;4.4553931617904;9.393620689321413
3622607.273128771;20.427527208964058;6.577937206924264;4.455358841478786;9.394231160561008
3623441.505320103;20.40332959833028;6.5531703315227405;4.455324529717827;9.394834737089711
3624275.929622613;20.378787250685157;6.528065650262253;4.455290226500083;9.395431373922818
3625110.54608054;20.353906786691663;6.502629828527771;4.455255931819075;9.396021026344819
3625945.354738136;20.32869481980256;6.4768695242510335;4.455221645667375;9.396603649884154
3626780.355639661;20.303157952694235;6.450791384265474;4.455187368038486;9.397179200390273
3627615.548829386;20.277302772757988;6.424402039810859;4.455153098925223;9.39774763402191
3628450.934351592;20.25113584851496;6.397708102889059;4.455118838320643;9.398308907305259
3629286.51225057;20.22466372564476;6.370716162356473;4.455084586217534;9.39886297707075
3630122.282570622;20.197892923616457;6.343432780444057;4.455050342608979;9.399409800563419
3630958.24535606;20.170829932293557;6.315864489362352;4.455016107488715;9.399949335442495
3631794.400651205;20.143481207926236;6.288017787351057;4.45498188084886;9.40048153972632
3632630.74850039;20.115853170811477;6.259899136257494;4.4549476626829305;9.401006371871054
3633467.288947957;20.08795220169031;6.2315149579173825;4.454913452983752;9.401523790789174
3634304.022038258;20.05978463907865;6.202871631527249;4.454879251744623;9.402033755806777
3635140.947815656;20.031356776289932;6.173975490597426;4.454845058958366;9.402536226734142
3635978.066324525;20.002674858999406;6.144832820538673;4.454810874618274;9.403031163842464
3636815.377609246;19.973745082396697;6.115449855834601;4.454776698716935;9.40351852784516
3637652.881714214;19.944573589315993;6.085832778075404;4.454742531247888;9.403998279992702
3638490.578683833;19.915166467530316;6.055987713334474;4.454708372204194;9.404470381991647
3639328.468562515;19.8855297477758;6.025920730164365;4.454674221578915;9.404934796032519
3640166.551394686;19.855669401629417;5.9956378374217785;4.454640079364429;9.405391484843207
3641004.827224779;19.825591340079573;5.965144982914142;4.4546059455545;9.405840411610933
3641843.296097239;19.79530141128385;5.934448051069065;4.4545718201419735;9.406281540072811
3642681.958056522;19.764805399141547;5.903552861591325;4.454537703119899;9.406714834430321
3643520.81314709;19.734109021811282;5.872465167902313;4.454503594481368;9.4071402594276
3644359.861413421;19.70321793032369;5.841190655790679;4.4544694942196985;9.407557780313311
3645199.102899999;19.672137706954985;5.809734941797526;4.454435402327021;9.40796736283044
3646038.537651321;19.640873864804075;5.778103572759246;4.4544013187973315;9.408368973247496
3646878.165711891;19.609431845987967;5.746302024034097;4.4543672436235155;9.408762578330357
3647717.987126227;19.577817021062373;5.714335698901348;4.454333176798848;9.409148145362177
3648558.001938855;19.546034687831735;5.682209927396977;4.454299118315746;9.409525642119013
3649398.210194312;19.514090071059556;5.649929966008765;4.4542650681677225;9.409895036883068
3650238.611937144;19.481988321384932;5.61750099659797;4.454231026347672;9.410256298439295
3651079.207211909;19.449734514964096;5.5849281260603885;4.45419699284888;9.410609396054825
3651919.996063174;19.417333652852015;5.552216385690797;4.454162967664458;9.41095429949676
3652760.978535518;19.384790660507015;5.519370730714864;4.4541289507870125;9.411290979005138
3653602.154673527;19.352110387733262;5.4863960402244905;4.454094942209885;9.411619405298886
3654443.524521801;19.319297608282863;5.453297116764539;4.454060941926395;9.411939549591926
3655285.088124948;19.286357019619146;5.420078686161887;4.454026949929858;9.4122513835274
3656126.845527587;19.253293242590107;5.386745397129697;4.453992966212232;9.412554879248178
3656968.796774347;19.220110822112243;5.353301822014625;4.453958990767758;9.41285000932986
3657810.941909867;19.18681422638835;5.319752455997337;4.453925023589073;9.413136746801941
3658653.280978798;19.153407847424642;5.286101717625652;4.453891064669277;9.413415065129714
3659495.814025798;19.119896001090034;5.252353948870328;4.4538571140014795;9.413684938218225
3660338.541095539;19.086282927283342;5.218513415288438;4.4538231715785415;9.413946340416361
3661181.462232701;19.05257279027645;5.1845843064283725;4.453789237393807;9.41419924645427
3662024.577481974;19.018769678998527;5.150570736050711;4.453755311440616;9.414443631507197
3662867.88688806;18.984877607163064;5.116476742307374;4.453721393711368;9.414679471144318
3663711.39049567;18.950900514141885;5.082306288615678;4.45368748419989;9.41490674132632
3664555.088349526;18.916842264909064;5.04806326360138;4.453653582898811;9.415125418408874
3665398.98049436;18.882706650896008;5.013751481960146;4.453619689801476;9.415335479134388
3666243.066974913;18.848497390230413;4.979374684721462;4.45358580490055;9.4155369006084
3667087.34783594;18.814218128746663;4.944936540254458;4.45355192819029;9.41572966030192
3667931.823122202;18.77987243980816;4.91044064407934;4.453518059662427;9.41591373606639
3668776.492878473;18.745463825729164;4.875890520337441;4.453484199310541;9.416089106081184
3669621.357149536;18.710995718039857;4.8412896220545045;4.453450347127988;9.416255748857363
3670466.415980186;18.676471478156802;4.806641331786899;4.453416503107659;9.416413643262244
3671311.669415227;18.64189439817525;4.7719489624260785;4.453382667242441;9.416562768506727
3672157.117499472;18.607267701737932;4.7372157581402385;4.453348839526388;9.416703104071303
3673002.760277746;18.57259454437691;4.7024448946330875;4.453315019951926;9.416834629791897
3673848.597794886;18.53787801459037;4.667639480297384;4.453281208511946;9.416957325781041
3674694.630095736;18.50312113462739;4.6328025569691835;4.453247405199585;9.41707117245862
3675540.857225152;18.468326861294873;4.597937100736576;4.453213610008203;9.417176150550095
3676387.279228;18.433498086711555;4.563046022761494;4.453179822931383;9.417272241018678
3677233.896149157;18.398637638957478;4.528132169844684;4.453146043961354;9.41735942515144
3678080.708033509;18.363748283347753;4.493198325785643;4.453112273091923;9.417437684470187
3678927.714925953;18.32883272282624;4.458247211737369;4.453078510315543;9.417507000773327
3679774.916871397;18.293893599264152;4.4232814875362045;4.453044755626039;9.417567356101909
3680622.313914759;18.258933493963184;4.388303752192149;4.453011009016331;9.417618732754702
3681469.906100966;18.22395492862006;4.353316544887003;4.4529772704790735;9.41766111325398
3682317.693474958;18.18896036647933;4.31832234608808;4.452943540008117;9.417694480383128
3683165.676081683;18.15395221277296;4.283323578062721;4.4529098175961455;9.417718817114094
3684013.8539661;18.11893281599019;4.248322606064395;4.452876103236518;9.417734106689279
3684862.227173178;18.083904468478494;4.213321739051132;4.452842396922167;9.417740332505197
3685710.795747899;18.048869407546707;4.17832323068403;4.452808698646225;9.41773747821645
3686559.559735252;18.013829816299452;4.1433292802278;4.452775008402083;9.41772552766957
3687408.519180236;17.97878782437899;4.108342033294114;4.452741326182415;9.41770446490246
3688257.674127865;17.943745509114958;4.073363582994899;4.4527076519808615;9.4176742741392
3689107.024623158;17.908704896143547;4.038395970569195;4.452673985790307;9.417634939784044
3689956.570711148;17.8736679604772;4.003441186429387;4.452640327603939;9.417586446443872
3690806.312436876;17.83863662729465;3.9685011709898865;4.452606677414886;9.417528778889878
3691656.249845395;17.80361277287905;3.933577815598748;4.452573035216558;9.41746192206374
3692506.382981768;17.768598225361124;3.898672963292624;4.452539401001866;9.417385861066634
3693356.711891069;17.733594765578108;3.8637884096436146;4.452505774763056;9.417300581171437
3694207.23661838;17.698604128444007;3.8289259041528876;4.452472156495364;9.417206067795757
3695057.957208795;17.663628002843723;3.794087150133791;4.452438546190345;9.417102306519583
3695908.873707419;17.62866803322416;3.759273806329994;4.452404943841147;9.416989283053015
3696759.986159367;17.593725820374434;3.724487487656277;4.452371349441874;9.416866983276284
3697611.294609764;17.55880292179302;3.689729765633198;4.452337762984756;9.416735393175065
3698462.799103744;17.523900852995588;3.655002169641286;4.4523041844632;9.4165944988911
3699314.499686455;17.489021088139307;3.6203061875719476;4.452270613870611;9.41644428669675
3700166.396403053;17.45416506077604;3.585643266601528;4.452237051200156;9.416284742974359
3701018.489298703;17.419334164744992;3.551014814054177;4.452203496445236;9.41611585424558
3701870.778418584;17.384529754756056;3.5164221980064996;4.452169949598114;9.415937607151442
3702723.263807882;17.34975314749103;3.4818667484062815;4.452136410652401;9.415749988432346
3703575.945511796;17.31500562218531;3.4473497576261005;4.452102879601535;9.415552984957676
3704428.823575534;17.280288421363295;3.412872481223826;4.452069356438671;9.4153465837008
3705281.898044315;17.245602751585256;3.3784361386930257;4.452035841156778;9.415130771735452
3706135.168963367;17.210949784201627;3.344041914203392;4.452002333748563;9.414905536249673
3706988.636377931;17.17633065626784;3.309690957538767;4.451968834208128;9.414670864520943
3707842.300333256;17.141746470905076;3.275384384431292;4.451935342527971;9.414426743945812
3708696.160874603;17.107198298298563;3.241123277624779;4.45190185870174;9.414173161972045
3709550.218047243;17.072687176242123;3.2069086873365817;4.4518683827223935;9.413910106183149
3710404.471896456;17.038214110849232;3.172741632035893;4.451834914582886;9.413637564230452
3711258.922467534;17.00378007734526;3.138623099204945;4.451801454276863;9.41335552386345
3712113.56980578;16.969386020454046;3.1045540457518115;4.451768001796597;9.413063972905638
3712968.413956507;16.93503285552194;3.070535399116707;4.45173455713667;9.412762899268563
3713823.454965036;16.900721468533458;3.0365680573003018;4.451701120288889;9.412452290944266
3714678.692876702;16.866452717342177;3.0026528900863125;4.451667691247138;9.412132136008728
3715534.127736848;16.832227431900243;2.9687907393033313;4.4516342700043845;9.411802422592528
3716389.759590828;16.79804641511883;2.934982419630848;4.451600856554286;9.41146313893369
3717245.588484008;16.76391044320376;2.9012287189879267;4.451567450889345;9.411114273326488
3718101.614461763;16.729820266519784;2.867530399396827;4.451534053003247;9.41075581411971
3718957.837569478;16.695776609998674;2.8338881973452565;4.451500662888938;9.410387749764478
3719814.257852548;16.661780173820567;2.800302824522874;4.4514672805400926;9.410010068757598
3720670.875356382;16.62783163378514;2.766774968173778;4.451433905949227;9.409622759662135
3721527.690126395;16.593931642081714;2.733305291855382;4.451400539109539;9.409225811116794
3722384.702208015;16.560080827780695;2.6998944359533694;4.451367180014703;9.408819211812625
3723241.91164668;16.526279797255015;2.6665430180888565;4.451333828657707;9.40840295050845
3724099.318487839;16.492529134801618;2.633251633735541;4.451300485031748;9.40797701603433
3724956.922776951;16.458829403046536;2.600020856664178;4.451267149129576;9.407541397252785
3725814.724559483;16.42518114372207;2.5668512396645;4.451233820945569;9.407096083112002
3726672.723880917;16.391584877684004;2.5337433146167982;4.451200500471769;9.406641062595437
3727530.920786743;16.358041105877682;2.5006975933999005;4.451167187701888;9.406176324775892
3728389.315322461;16.32455030948988;2.4677145681342516;4.451133882629108;9.40570185872652
3729247.907533583;16.291112950562272;2.4347947116808215;4.451100585246428;9.405217653635024
3730106.697465629;16.257729472412453;2.401938478166458;4.451067295547312;9.404723698698684
3730965.685164134;16.224400300068393;2.369146303353892;4.4510340135249695;9.404219983189531
3731824.870674638;16.191125840659794;2.336418605061916;4.451000739172164;9.403706496425707
3732684.254042695;16.157906484015275;2.303755783755909;4.450967472482818;9.403183227776548
3733543.835313869;16.124742602850446;2.2711582227335643;4.450934213449681;9.402650166667199
3734403.614533734;16.09163455331989;2.238626288703276;4.450900962066008;9.402107302550602
3735263.591747875;16.058582675420595;2.206160332133786;4.450867718324992;9.40155462496182
3736123.767001886;16.025587293302664;2.1737606876370767;4.450834482219655;9.400992123445933
3736984.140341374;15.992648715872942;2.141427674478006;4.450801253744148;9.400419787650788
3737844.711811954;15.95976723677397;2.1091615966716057;4.45076803289078;9.399837607211584
3738705.481459253;15.926943135135154;2.0769627436387763;4.450734819653005;9.399245571843371
3739566.449328908;15.894176675771888;2.04483139043998;4.450701614024086;9.39864367130782
3740427.615466567;15.861468109529596;2.012767798125373;4.450668415996994;9.39803189540723
3741288.979917888;15.828817673735367;1.980772214196243;4.450635225565689;9.397410233973432
3742150.54272854;15.796225592346392;1.9488448727074612;4.450602042722479;9.396778676916451
3743012.303944201;15.763692076511076;1.9169859948748318;4.450568867461049;9.396137214175193
3743874.263610561;15.731217324741325;1.8851957892386313;4.450535699774663;9.39548583572803
3744736.421773322;15.69880152325171;1.8534744519975288;4.4505025396563305;9.394824531597854
3745598.778478193;15.666444846352185;1.8218221673841029;4.450469387099518;9.394153291868566
3746461.333770896;15.634147456681156;1.7902391079316724;4.450436242097704;9.39347210665178
3747324.087697162;15.601909505416637;1.7587254346701298;4.450403104643225;9.392780966103283
3748187.040302734;15.569731132843042;1.7272812976791705;4.450369974730245;9.392079860433626
3749050.191633365;15.5376124683577;1.6959068361142036;4.450336852351772;9.391368779891724
3749913.541734818;15.50555363084433;1.6646021785681075;4.450303737500615;9.390647714775609
3750777.090652868;15.473554728990347;1.633367443420414;4.4502706301702535;9.38991665539968
3751640.838433297;15.441615861590472;1.6022027390651485;4.450237530354398;9.389175592170927
3752504.785121903;15.409737117588202;1.5711081640573537;4.450204438045614;9.388424515485237
3753368.930764489;15.37791857661148;1.5400838075428496;4.450171353237395;9.387663415831236
3754233.275406873;15.346160309044901;1.5091297494084865;4.450138275922983;9.386892283713433
3755097.819094881;15.314462376340519;1.478246060569941;4.450105206095899;9.386111109674678
3755962.56187435;15.28282483119429;1.4474328031280115;4.450072143748915;9.385319884317365
3756827.503791128;15.251247717903514;1.4166900307399892;4.450039088875765;9.38451859828776
3757692.644891073;15.219731072397185;1.3860177886585885;4.450006041468785;9.38370724226981
3758557.985220055;15.188274922769672;1.3554161142661485;4.44997300152287;9.382885806980651
3759423.524823952;15.156879289059743;1.3248850368384089;4.449939969029661;9.382054283191675
3760289.263748655;15.1255441839156;1.294424578192339;4.449906943983106;9.381212661740154
3761155.202040064;15.09426961248973;1.2640347526605797;4.4498739263765;9.380360933452652
3762021.33974409;15.063055572806629;1.2337155673435565;4.449840916203094;9.37949908925998
3762887.676906656;15.031902055836198;1.2034670222979473;4.449807913455944;9.378627120082308
3763754.213573693;15.00080904583102;1.173289110758567;4.449774918128306;9.377745016944145
3764620.949791145;14.969776520402096;1.1431818193335044;4.449741930213706;9.376852770854887
3765487.885604965;14.938804450756482;1.1131451281502707;4.449708949705404;9.375950372900807
3766355.021061116;14.907892801854267;1.0831790110391974;4.449675976596447;9.375037814218622
3767222.356205575;14.877041532586793;1.0532834357437988;4.449643010880126;9.374115085962869
3768089.891084325;14.846250595991503;1.0234583640758492;4.449610052549712;9.373182179365942
3768957.625743362;14.815519939338614;0.9937037520676155;4.449577101598256;9.372239085672742
3769825.560228694;14.784849504427678;0.9640195502014749;4.449544158019499;9.371285796206704
3770693.694586337;14.754239227595775;0.9344057034902349;4.449511221806738;9.370322302298803
3771562.028862318;14.723689039970758;0.9048621516482023;4.449478292953014;9.369348595369543
3772430.563102676;14.693198867566885;0.8753888292623206;4.449445371451381;9.368364666853182
3773299.29735346;14.662768631506061;0.8459856659750353;4.449412457295379;9.367370508235647
3774168.231660729;14.632398248117738;0.8166525865788116;4.449379550478279;9.366366111060648
3775037.366070553;14.602087629089826;0.7873895111776436;4.449346650993371;9.365351466918808
3775906.700629012;14.571836681580223;0.7581963553095477;4.449313758833725;9.364326567436951
3776776.235382198;14.541645308417177;0.72907303012936;4.449280873992857;9.36329140429496
3777645.970376214;14.511513408159155;0.700019442480409;4.44924799646384;9.362245969214907
3778515.90565717;14.481440875311385;0.6710354950986509;4.449215126240429;9.361190253972303
3779386.041271191;14.451427600335276;0.6421210866184845;4.449182263315214;9.360124250401578
3780256.377264409;14.42147346989558;0.6132761118493382;4.449149407681978;9.359047950364264
3781126.91368297;14.3915783669085;0.5845004617877539;4.449116559334013;9.357961345786734
3781997.650573028;14.36174217061906;0.5557940237217177;4.449083718263921;9.356864428633422
3782868.58798075;14.331964756898564;0.5271566815084836;4.449050884466162;9.355757190923917
3783739.72595231;14.302245998116472;0.49858831545052806;4.449018057933357;9.354639624732586
3784611.064533896;14.272585763381276;0.47008880254996943;4.4489852386585635;9.353511722172742
3785482.603771705;14.242983918679267;0.44165801661968457;4.448952426635328;9.352373475424255
3786354.343711946;14.213440326894906;0.41329582835267636;4.448919621857191;9.351224876685041
3787226.284400837;14.183954847936693;0.38500210538354473;4.4488868243169915;9.350065918236156
3788098.425884609;14.154527338915662;0.35677671250264453;4.448854034008746;9.348896592404271
3788970.768209499;14.125157654060747;0.32861951157939134;4.448821250924831;9.347716891556523
3789843.31142176;14.095845645010565;0.30053036182914117;4.448788475058786;9.346526808122638
3790716.055567653;14.066591160828523;0.27250911986130955;4.448755706404645;9.345326334562568
3791589.00069345;14.037394048026531;0.2445556396560611;4.448722944955002;9.344115463415468
3792462.146845433;14.008254150738262;0.21666977276773688;4.448690190702955;9.342894187267571
3793335.494069897;13.979171310829406;0.18885136844481643;4.448657443642744;9.341662498741846
3794209.042413143;13.950145367819225;0.1611002735276439;4.448624703766527;9.340420390525052
3795082.791921489;13.921176159221524;0.13341633278446144;4.448591971068802;9.339167855368261
3795956.742641258;13.892263520325606;0.1057993887346085;4.4485592455419445;9.337904886049056
3796830.894618787;13.863407284538866;0.07824928192753766;4.448526527179745;9.336631475431581
3797705.247900422;13.834607283281702;0.05076585089912434;4.448493815975304;9.335347616407276
3798579.802532521;13.805863346150018;0.023348932295176275;4.4484611119219375;9.334053301932904
3799454.558561451;13.777175300980229;-0.00400163905314151;4.448428415013222;9.332748525020149
3800329.516033592;13.748542973875875;-0.03128603010229763;4.448395725242235;9.33143327873594
3801204.674995332;13.719966189315594;-0.05850440949965862;4.448363042602082;9.330107556213168
3802080.035493072;13.691444770215938;-0.08565694747925844;4.448330367086555;9.328771350608637
3802955.597573223;13.662978537998889;-0.11274381586277651;4.448297698688994;9.32742465517267
3803831.361282205;13.634567312595003;-0.13976518799228504;4.4482650374022645;9.326067463185021
3804707.326666452;13.60621091259307;-0.16672123863544086;4.448232383219475;9.32469976800904
3805583.493772405;13.577909155284898;-0.19361214387212178;4.448199736134876;9.323321563022143
3806459.862646518;13.54966185668353;-0.2204380811755811;4.448167096141361;9.32193284171775
3807336.433335256;13.521468831553502;-0.24719922926667892;4.448134463232014;9.320533597588168
3808213.205885094;13.493329893562416;-0.2738957680587037;4.448101837400198;9.31912382422092
3809090.180342516;13.465244855268303;-0.30052787861635144;4.4480692186392385;9.317703515245416
3809967.356754019;13.437213528236096;-0.32709574306737854;4.448036606943177;9.316272664360298
3810844.735166111;13.409235722947898;-0.35359954466884996;4.44800400230444;9.314831265312312
3811722.315625309;13.381311249034791;-0.38003946760494545;4.447971404716825;9.313379311922908
3812600.09817814;13.353439915177976;-0.4064156970417604;4.4479388141734475;9.311916798046287
3813478.082871146;13.325621529243822;-0.43272841904649995;4.447906230667439;9.310443717622887
3814356.269750874;13.297855898346803;-0.45897782048304964;4.447873654193056;9.308960064636798
3815234.658863886;13.270142828751759;-0.4851640891283937;4.447841084742498;9.307465833137652
3816113.250256754;13.242482126105992;-0.5112874134441718;4.447808522309576;9.305961017240588
3816992.043976058;13.214873595362706;-0.5373479826254753;4.447775966887896;9.304445611100284
3817871.040068393;13.187317040879059;-0.5633459865611581;4.447743418470785;9.30291960896943
3818750.238580361;13.159812266385877;-0.5892816157902849;4.447710877051377;9.301383005124785
3819629.639558577;13.132359075105835;-0.6151550614532224;4.447678342622795;9.29983579393626
3820509.243049665;13.104957269741426;-0.6409665152301716;4.4476458151786264;9.298277969792974
3821389.049100262;13.077606652558009;-0.6667161693480279;4.447613294712012;9.296709527194027
3822269.057757013;13.050307025384921;-0.6924042165002557;4.447580781216537;9.29513046066864
3823149.269066576;13.02305818967069;-0.7180308498447681;4.4475482746855635;9.293540764829896
3824029.683075619;12.995859946498182;-0.7435962629467736;4.447515775112686;9.29194043433227
3824910.29983082;12.968712096584458;-0.7691006498098065;4.447483282490322;9.290329463903943
3825791.119378869;12.941614440462438;-0.7945442046921618;4.447450796813046;9.288707848341552
3826672.141766466;12.914566778292611;-0.8199271222701123;4.447418318073241;9.287075582489482
3827553.367040322;12.887568910108975;-0.8452495974433134;4.447385846264783;9.285432661287507
3828434.795247158;12.860620635674028;-0.8705118254037031;4.447353381380781;9.28377907969695
3829316.426433708;12.833721754633787;-0.8957140015511228;4.447320923414846;9.282114832770064
3830198.260646713;12.806872066460596;-0.9208563215173872;4.4472884723598884;9.280439915618093
3831080.297932928;12.780071370549768;-0.9459389810768508;4.447256028209517;9.278754323417104
3831962.538339119;12.753319466214867;-0.9709621761504141;4.447223590957341;9.277058051407941
3832844.98191206;12.726616152709466;-0.9959261027894704;4.447191160596729;9.27535109490221
3833727.628698537;12.699961229220971;-1.0208309571603689;4.447158737120575;9.273633449260766
3834610.478745348;12.673354494991585;-1.0456769354572526;4.447126320522761;9.271905109926077
3835493.532099301;12.646795749235757;-1.0704642339616235;4.447093910796168;9.270166072401214
3836376.788807213;12.62028479123417;-1.0951930489553314;4.447061507934201;9.268416332255295
3837260.248915914;12.59382142035222;-1.1198635767023328;4.44702911193069;9.266655885123864
3838143.912472246;12.567405435996184;-1.1444760134804466;4.446996722778562;9.264884726698071
3839027.779523057;12.54103663773402;-1.1690305554948153;4.446964340471433;9.263102852757406
3839911.850115211;12.514714825245006;-1.1935273988951458;4.446931965002684;9.261310259137467
3840796.12429558;12.48843979835696;-1.217966739754888;4.446899596365479;9.25950694174637
3841680.602111047;12.462211357064136;-1.2423487740225694;4.44686723455343;9.257692896533277
3842565.283608506;12.436029301555301;-1.2666736975505697;4.4468348795594705;9.255868119546403
3843450.168834861;12.409893432292474;-1.2909417059925665;4.446802531377901;9.254032606907144
3844335.25783703;12.383803549844245;-1.3151529949145127;4.446770190001207;9.252186354757551
3845220.550661938;12.357759455131024;-1.33930775965748;4.446737855422996;9.250329359365507
3846106.047356523;12.331760949286732;-1.3634061953753516;4.4467055276366825;9.248461617025402
3846991.747967733;12.305807833771256;-1.3874484970016852;4.446673206635871;9.246583124137073
3847877.652542526;12.279899910271848;-1.4114348592581534;4.446640892413753;9.24469387711625
3848763.761127872;12.254036980835082;-1.4353654766234782;4.446608584963475;9.242793872495088
3849650.073770753;12.228218847847828;-1.459240543290277;4.446576284278889;9.240883106859211
3850536.590518159;12.202445314007894;-1.4830602532033348;4.4465439903531845;9.238961576858046
3851423.311417093;12.176716182400675;-1.5068248000109592;4.446511703179777;9.237029279231855
3852310.236514567;12.151031256441357;-1.5305343770690913;4.446479422751805;9.235086210758643
3853197.365857606;12.125390339959521;-1.5541891774005325;4.44644714906292;9.233132368297133
3854084.699493244;12.099793237208953;-1.5777893936998943;4.446414882106755;9.231167748802093
3854972.237468527;12.074239752771078;-1.6013352183563514;4.446382621876033;9.229192349251395
3855859.979830511;12.048729691750184;-1.6248268433549806;4.446350368364839;9.227206166740325
3856747.926626263;12.023262859600479;-1.6482644603584893;4.446318121566134;9.225209198392836
3857636.077902862;11.997839062277887;-1.671648260645752;4.446285881473079;9.223201441450561
3858524.433707396;11.972458106178612;-1.6949784350751211;4.4462536480798045;9.221182893173923
3859412.994086965;11.947119798165177;-1.7182551741498384;4.446221421379245;9.219153550935774
3860301.759088679;11.921823945592955;-1.7414786679318794;4.4461892013652795;9.217113412159556
3861190.72875966;11.896570356261897;-1.764649106123638;4.446156988030154;9.215062474355383
3862079.90314704;11.871358838528515;-1.7877666779086807;4.446124781368702;9.21300073506849
3862969.282297963;11.846189201223211;-1.8108315721179882;4.4460925813734;9.2109281919678
3863858.866259582;11.821061253682076;-1.8338439771024093;4.44606038803766;9.208844842746828
3864748.655079063;11.795974805819506;-1.8568040807435793;4.446028201355366;9.206750685207721
3865638.64880358;11.770929668033961;-1.8797120704842043;4.445996021319722;9.20464571719844
3866528.84748032;11.74592565129034;-1.9025681332885314;4.445963847924141;9.202529936654729
3867419.251156481;11.72096256708548;-1.9253724556505138;4.445931681161809;9.200403341574184
3868309.859879271;11.696040227515033;-1.9481252235538888;4.4458995210266234;9.198265930042295
3869200.67369591;11.671158445181739;-1.9708266225210282;4.4458673675115365;9.19611770019123
3870091.692653627;11.646317033320317;-1.9934768375419103;4.445835220610463;9.193958650251764
3870982.916799663;11.621515805700792;-2.0160760531323936;4.4458030803163355;9.191788778516852
3871874.34618127;11.596754576687154;-2.0386244532776496;4.445770946622602;9.189608083342199
3872765.980845711;11.572033161250996;-2.0611222214436538;4.445738819522706;9.187416563171942
3873657.820840259;11.547351374969661;-2.0835695405639316;4.445706699010284;9.18521421652331
3874549.866212199;11.522709034008303;-2.1059665930468867;4.445674585078793;9.183001041976397
3875442.117008826;11.49810595513312;-2.12831356077297;4.445642477721415;9.180777038184674
3876334.573277446;11.47354195575548;-2.150610625071726;4.445610376931593;9.178542203895613
3877227.235065376;11.44901685387694;-2.1728579667252266;4.445578282702772;9.176296537899395
3878120.102419945;11.424530468146823;-2.1950557659569156;4.445546195028621;9.174040039075116
3879013.175388492;11.400082617835858;-2.21720420244731;4.445514113902326;9.171772706380843
3879906.454018365;11.375673122844772;-2.2393034553157602;4.445482039317122;9.169494538843407
3880799.938356927;11.3513018037297;-2.261353703100331;4.445449971266678;9.167205535563355
3881693.628451548;11.32696848168385;-2.2833551237710923;4.445417909744661;9.16490569571028
3882587.52434961;11.302672978531909;-2.3053078947449492;4.445385854744043;9.162595018532816
3883481.626098509;11.278415116777902;-2.32721219283962;4.445353806258522;9.160273503359
3884375.933745647;11.254194719575048;-2.3490681942927787;4.445321764281762;9.157941149586065
3885270.447338441;11.230011610701764;-2.3708760747850013;4.445289728806525;9.155597956680241
3886165.166924316;11.205865614646722;-2.3926360093677097;4.445257699826943;9.153243924187489
3887060.092550709;11.181756556527706;-2.4143481725364895;4.445225677336017;9.15087905172818
3887955.224265069;11.157684262144796;-2.436012738179472;4.445193661327182;9.148503338997084
3888850.562114854;11.133648557982083;-2.4576298795809977;4.445161651794133;9.146116785768944
3889746.106147535;11.109649271166376;-2.479199769441375;4.445129648730099;9.143719391877651
3890641.856410591;11.085686229535954;-2.500722579845246;4.445097652128751;9.141311157252447
3891537.812951516;11.061759261565768;-2.5221984822939763;4.445065661983082;9.138892081876664
3892433.975817812;11.037868196449953;-2.5436276476562103;4.4450336782870155;9.13646216581915
3893330.345056992;11.014012864061314;-2.5650102462061812;4.445001701034015;9.134021409233478
3894226.92071658;10.990193094928177;-2.5863464476219566;4.444969730217071;9.131569812333066
3895123.702844114;10.96640872029331;-2.6076364209431024;4.444937765830118;9.129107375406296
3896020.691487138;10.942659572069912;-2.6288803346230214;4.444905807866144;9.12663409882679
3896917.88669321;10.918945482871852;-2.6500783564801904;4.444873856318847;9.124149983033194
3897815.2885099;10.895266286013799;-2.671230653717451;4.444841911181918;9.121655028549332
3898712.896984785;10.871621815478106;-2.6923373929396126;4.444809972448364;9.119149235969351
3899610.712165456;10.848011905933648;-2.71339874012001;4.444778040111646;9.11663260594201
3900508.734099515;10.824436392809016;-2.7344148605991325;4.4447461141657065;9.11410513924244
3901406.962834574;10.800895112155056;-2.7553859191236225;4.444714194603535;9.111566836675143
3902305.398418256;10.777387900755919;-2.7763120797981826;4.444682281418849;9.10901769913525
3903204.040898195;10.75391459606886;-2.7971935061191004;4.444650374604878;9.106457727583082
3904102.890322036;10.730475036298628;-2.818030360946604;4.444618474155325;9.103886923089906
3905001.946737436;10.707069060289964;-2.838822806530214;4.444586580063439;9.101305286756743
3905901.210192061;10.683696507613512;-2.8595710044893172;4.444554692322687;9.098712819780143
3906800.680733589;10.660357218556292;-2.880275115812916;4.444522810926786;9.096109523442426
3907700.358409709;10.637051034077363;-2.9009353008778342;4.444490935868968;9.093495399086228
3908600.243268122;10.61377779584259;-2.921551719429478;4.444459067142732;9.09087044812934
3909500.335356539;10.590537346223968;-2.9421245305831563;4.444427204741763;9.088234672065363
3910400.63472268;10.56732952830074;-2.9626538928467463;4.444395348659092;9.085588072488392
3911301.14141428;10.544154185837504;-2.983139964079011;4.444363498888669;9.082930651027848
3912201.855479082;10.521011163292835;-3.003582901544215;4.444331655423268;9.080262409413782
3913102.776964841;10.497900305867411;-3.0239828618461884;4.444299818257082;9.077583349456518
3914003.905919324;10.474821459418672;-3.044340000982084;4.444267987383588;9.074893473017166
3914905.242390306;10.451774470516206;-3.064654474336769;4.444236162795806;9.072192782057169
3915806.786425577;10.428759186431781;-3.084926436654044;4.444204344487456;9.06948127859837
3916708.538072934;10.405775455123498;-3.1051560420712687;4.444172532451576;9.066758964743189
3917610.497380188;10.382823125276703;-3.1253434440750896;4.444140726682319;9.064025842669475
3918512.664395161;10.359902046245463;-3.145488795557906;4.444108927172761;9.061281914630607
3919415.039165683;10.337012068103235;-3.1655922487688795;4.444077133916818;9.058527182955297
3920317.621739598;10.314153041585413;-3.185653955369217;4.444045346907074;9.055761650047561
3921220.412164759;10.291324818158397;-3.2056740663614063;4.444013566137704;9.052985318382099
3922123.410489033;10.268527249980474;-3.225652732145488;4.443981791602213;9.050198190523748
3923026.616760294;10.245760189884283;-3.245590102502551;4.4439500232941045;9.047400269092728
3923930.031026431;10.223023491381733;-3.265486326613967;4.443918261206158;9.044591556789543
3924833.65333534;10.20031700873763;-3.2853415530100616;4.443886505332596;9.041772056415095
3925737.483734932;10.17764059684395;-3.30515592962347;4.4438547556669015;9.038941770800516
3926641.522273126;10.15499411131055;-3.3249296037882785;4.443823012201879;9.036100702896947
3927545.768997854;10.132377408445883;-3.344662722187093;4.443791274931959;9.033248855701016
3928450.223957057;10.109790345220095;-3.364355430933865;4.443759543849731;9.030386232304227
3929354.88719869;10.087232779304491;-3.3840078754885816;4.443727818949612;9.02751283584346
3930259.758770716;10.064704569040092;-3.403620200744337;4.443696100224184;9.024628669560247
3931164.838721111;10.042205573485997;-3.4231925509481704;4.443664387667655;9.021733736766514
3932070.127097861;10.019735652340104;-3.442725069766955;4.443632681273063;9.018828040833998
3932975.623948964;9.997294666006768;-3.462217900256146;4.443600981033681;9.015911585229233
3933881.329322428;9.974882475586778;-3.4816711848409594;4.443569286943949;9.012984373483787
3934787.243266273;9.952498942805857;-3.5010850653798062;4.443537598996688;9.010046409188973
3935693.365828529;9.930143930101409;-3.5204596831196238;4.44350591718517;9.007097696035864
3936599.697057238;9.907817300597852;-3.5397951786858513;4.443474241503626;9.004138237780078
3937506.237000454;9.885518918064548;-3.5590916921324354;4.443442571945074;9.00116803825191
3938412.985706239;9.863248646944633;-3.5783493629049614;4.4434109085030435;8.99818710134655
3939319.943222668;9.841006352364714;-3.597568329863992;4.44337925117061;8.995195431058097
3940227.109597828;9.818791900131167;-3.616748731241767;4.443347599942412;8.992193031430523
3941134.484879816;9.796605156674996;-3.635890704727829;4.4433159548108385;8.989179906591986
3942042.06911674;9.774445989143082;-3.654994387377059;4.443284315770322;8.986156060749819
3942949.862356718;9.75231426529485;-3.6740599156944294;4.443252682813458;8.98312149817582
3943857.864647881;9.730209853586238;-3.693087425568793;4.443221055934243;8.980076223220788
3944766.076038371;9.708132623127373;-3.7120770523086537;4.443189435126423;8.977020240309605
3945674.49657634;9.686082443670404;-3.7310289306536033;4.443157820383056;8.973953553940955
3946583.126309952;9.664059185643744;-3.749943194742027;4.443126211698129;8.970876168687642
3947491.96528738;9.642062720099625;-3.7688199781560776;4.4430946090645005;8.967788089191206
3948401.013556812;9.62009291878634;-3.7876594138716553;4.443063012476355;8.964689320181641
3949310.271166443;9.598149654057929;-3.8064616343166207;4.443031421926556;8.961579866447993
3950219.738164482;9.576232798940937;-3.8252267713207795;4.442999837409091;8.958459732852626
3951129.414599147;9.554342227102921;-3.8439549561556334;4.4429682589172375;8.955328924341318
3952039.300518669;9.532477812855618;-3.8626463195124905;4.4429366864447815;8.952187445923327
3952949.395971289;9.510639431162307;-3.881300991518782;4.442905119985255;8.949035302695833
3953859.701005259;9.488826957587218;-3.8999191017490342;4.442873559531498;8.945872499804755
3954770.215668843;9.467040268385814;-3.9185007791853526;4.442842005077738;8.94269904249343
3955680.940010315;9.445279240415733;-3.9370461522650895;4.442810456617266;8.939514936063555
3956591.874077961;9.423543751182828;-3.955555348860174;4.442778914143642;8.93632018589936
3957503.017920078;9.401833678814652;-3.9740284962792427;4.442747377650623;8.93311479744327
3958414.371584973;9.380148902078034;-3.9924657212878154;4.4427158471312955;8.929898776234554
3959325.935120966;9.358489300348312;-4.010867150082218;4.44268432257943;8.926672127851102
3960237.708576387;9.336854753658987;-4.02923290830684;4.442652803988787;8.923434857977039
3961149.691999577;9.315245142629205;-4.04756312106797;4.442621291352468;8.920186972344707
3962061.885438889;9.293660348527121;-4.065857912914616;4.4425897846639995;8.916928476777738
3962974.288942686;9.272100253216411;-4.084117407852931;4.442558283916701;8.913659377152639
3963886.902559343;9.25056473921465;-4.102341729322798;4.442526789105054;8.91037967943239
3964799.726337246;9.229053689621058;-4.120531000252334;4.442495300221897;8.907089389651494
3965712.760324791;9.20756698813739;-4.138685343015733;4.442463817260791;8.903788513892332
3966626.004570387;9.186104519118226;-4.156804879444483;4.442432340215508;8.9004770583472
3967539.459122453;9.164666167487972;-4.174889730842314;4.442400869079377;8.897155029250905
3968453.12402942;9.143251818800078;-4.192940017974816;4.442369403845935;8.89382243292896
3969366.999339729;9.121861359183075;-4.210955861074732;4.4423379445087585;8.890479275749048
3970281.085101832;9.100494675399455;-4.228937379845441;4.442306491061381;8.887125564183515
3971195.381364195;9.07915165480093;-4.246884693457912;4.442275043497597;8.883761304761242
3972109.888175291;9.057832185317423;-4.264797920570008;4.442243601810495;8.880386504076935
3973024.605583607;9.03653615549141;-4.282677179303311;4.442212165993874;8.877001168800849
3973939.533637641;9.015263454448004;-4.30052258726218;4.442180736041289;8.873605305668896
3974854.672385901;8.994013971920584;-4.318334261527619;4.442149311946521;8.870198921501684
3975770.021876906;8.97278759819832;-4.336112318679497;4.4421178937024415;8.866782023175375
3976685.582159188;8.951584224177536;-4.353856874762204;4.442086481303082;8.86335461763666
3977601.353281289;8.930403741337802;-4.371568045315485;4.442055074742007;8.859916711911282
3978517.335291761;8.90924604173032;-4.389245945372213;4.4420236740125425;8.856468313089989
3979433.528239171;8.888111017988141;-4.406890689448835;4.441992279108468;8.853009428328507
3980349.932172092;8.866998563326018;-4.424502391558804;4.441960890023378;8.849540064861444
3981266.547139111;8.84590857151789;-4.442081165215725;4.441929506750595;8.84606022998302
3982183.373188828;8.824840936927515;-4.459627123422607;4.441898129283925;8.842569931066196
3983100.410369851;8.8037955544659;-4.477140378698542;4.441866757616238;8.839069175548207
3984017.658730799;8.782772319634429;-4.494621043033232;4.441835391742257;8.835557970925406
3984935.118320306;8.761771128467693;-4.512069227963688;4.441804031654168;8.832036324777217
3985852.789187013;8.740791877616696;-4.529485044486314;4.441772677346927;8.82850424475608
3986770.671379575;8.71983446422712;-4.546868603145209;4.441741328813205;8.824961738559123
3987688.764946657;8.698898786036654;-4.564220013975993;4.441709986046776;8.821408813965872
3988607.069936935;8.677984741339875;-4.581539386534372;4.441678649041006;8.817845478833242
3989525.586399097;8.657092228980773;-4.5988268298762485;4.4416473177901565;8.814271741066866
3990444.314381841;8.636221148341004;-4.616082452604814;4.44161599228665;8.810687608659164
3991363.253933878;8.615371399368048;-4.633306362812397;4.441584672524758;8.807093089655686
3992282.405103929;8.59454288254727;-4.650498668120314;4.441553358498307;8.80348819216928
3993201.767940727;8.573735498904684;-4.667659475684988;4.4415220502003825;8.799872924389291
3994121.342493014;8.552949150014399;-4.684788892173296;4.44149074762506;8.796247294562633
3995041.128809546;8.532183737978768;-4.701887023798737;4.441459450765225;8.79261131101228
3995961.12693909;8.511439165438986;-4.718953976293884;4.441428159614439;8.788964982118431
3996881.336930421;8.49071533559101;-4.735989854908506;4.441396874167226;8.785308316332292
3997801.75883233;8.4700121521363;-4.7529947644559325;4.441365594416257;8.781641322175977
3998722.392693616;8.449329519310943;-4.76996880926791;4.441334320355329;8.777964008223524
3999643.238563089;8.428667341901962;-4.786912093214502;4.441303051978286;8.77427638313818
4000564.296489573;8.408025525185497;-4.803824719713778;4.441271789278465;8.770578455620806
4001485.566521901;8.387403974979028;-4.8207067917265425;4.441240532249237;8.766870234456334
4002407.048708917;8.366802597627343;-4.837558411747603;4.441209280884651;8.763151728490294
4003328.743099478;8.34622129997786;-4.8543796818332074;4.441178035177836;8.75942294663323
4004250.64974245;8.32565998941003;-4.8711707035778025;4.441146795122623;8.75568389786521
4005172.768686713;8.30511857378606;-4.887931578134059;4.4411155607123725;8.751934591207748
4006095.099981157;8.284596961539483;-4.9046624061906305;4.441084331941597;8.748175035788519
4007017.643674681;8.264095061538297;-4.921363288026571;4.441053108802507;8.74440524076236
4007940.3998162;8.243612783196951;-4.938034323449758;4.441021891289187;8.740625215357522
4008863.368454636;8.223150036451784;-4.9546756118284225;4.440990679395665;8.73683496888454
4009786.549638923;8.202706731712151;-4.971287252102353;4.440959473115324;8.733034510699179
4010709.943418009;8.18228277987977;-4.987869342781813;4.4409282724410755;8.729223850220505
4011633.549840851;8.161878092387717;-5.004421981915535;4.440897077367663;8.725402996935589
4012557.368956417;8.14149258112806;-5.020945267153925;4.44086588788755;8.721571960394433
4013481.400813687;8.121126158522824;-5.037439295686921;4.440834703995249;8.717730750214495
4014405.645461653;8.100778737446111;-5.053904164299649;4.440803525683692;8.71387937606207
4015330.102949317;8.080450231291891;-5.070339969334659;4.440772352946919;8.71001784767963
4016254.773325692;8.060140553928923;-5.086746806716848;4.440741185778552;8.706146174867218
4017179.656639805;8.039849619696888;-5.103124771965613;4.440710024171058;8.702264367491445
4018104.752940691;8.01957734344551;-5.119473960140944;4.44067886811964;8.698372435466812
4019030.062277397;7.999323640475242;-5.135794465920655;4.440647717616994;8.6944703887789
4019955.584698983;7.9790884265977375;-5.152086383547347;4.440616572657196;8.690558237487892
4020881.32025452;7.958871618054296;-5.168349806862338;4.440585433233383;8.686635991683252
4021807.268993089;7.93867313158893;-5.184584829288416;4.440554299339172;8.682703661538172
4022733.430963781;7.91849288441543;-5.200791543835077;4.440523170968423;8.678761257282085
4023659.806215703;7.898330794225528;-5.216970043107343;4.440492048114734;8.674808789218138
4024586.394797969;7.878186779139558;-5.233120419309978;4.440460930771274;8.670846267678257
4025513.196759705;7.8580607577808195;-5.2492427642283035;4.440429818932341;8.666873703076782
4026440.212150051;7.837952649217104;-5.26533716925774;4.440398712591324;8.662891105883517
4027367.441018155;7.817862372972055;-5.281403725396975;4.440367611741385;8.658898486627642
4028294.883413179;7.797789849038334;-5.297442523239954;4.440336516376132;8.654895855902152
4029222.539384293;7.7777349978607315;-5.313453652974837;4.440305426489895;8.650883224345671
4030150.408980682;7.757697740334667;-5.329437204414498;4.440274342075593;8.64686060267357
4031078.492251541;7.73767799780933;-5.345393266960292;4.440243263127542;8.642828001642082
4032006.789246075;7.717675692076833;-5.361321929645026;4.440212189638444;8.638785432083413
4032935.300013502;7.697690745377514;-5.377223281090968;4.440181121602624;8.63473290486586
4033864.02460305;7.677723080398322;-5.393097409552445;4.440150059012996;8.630670430937771
4034792.963063959;7.657772620287888;-5.408944402877171;4.4401190018641525;8.626598021300904
4035722.115445482;7.637839288594796;-5.424764348554718;4.440087950148742;8.622515687000769
4036651.48179688;7.617923009341579;-5.440557333668971;4.440056903861363;8.618423439149186
4037581.062167428;7.598023706954063;-5.456323444955132;4.440025862994222;8.614321288914974
4038510.85660641;7.578141306339131;-5.4720627687315435;4.439994827542603;8.610209247528074
4039440.865163125;7.558275732787381;-5.487775390977477;4.43996379749896;8.606087326265897
4040371.087886879;7.538426912046382;-5.503461397277737;4.439932772857396;8.601955536466724
4041301.524826992;7.518594770283585;-5.5191208728566234;4.439901753611078;8.597813889529126
4042232.176032796;7.498779234086339;-5.534753902557499;4.439870739754107;8.593662396889732
4043163.041553632;7.478980230495563;-5.550360570860762;4.43983973128013;8.589501070076194
4044094.121438853;7.459197686917638;-5.5659409618871045;4.439808728182296;8.585329920622446
4045025.415737826;7.43943153123328;-5.5814951593832705;4.439777730454505;8.581148960162047
4045956.924499925;7.4196816917250406;-5.597023246731119;4.439746738090825;8.576958200365336
4046888.647774539;7.399948097058179;-5.612525306965717;4.439715751084237;8.572757652939659
4047820.585611067;7.380230676360391;-5.628001422754272;4.439684769428359;8.568547329686306
4048752.738058919;7.360529359133642;-5.643451676404232;4.439653793117074;8.564327242420799
4049685.105167517;7.340844075321616;-5.658876149870253;4.439622822144012;8.560097403047857
4050617.686986294;7.321174755238803;-5.67427492475014;4.439591856503066;8.555857823485878
4051550.483564694;7.301521329623264;-5.689648082301301;4.439560896187172;8.551608515737394
4052483.494952174;7.281883729640453;-5.70499570341676;4.439529941190442;8.547349491866772
4053416.721198201;7.262261886795423;-5.720317868649293;4.439498991506309;8.543080763938406
4054350.162352253;7.242655733062589;-5.735614658196868;4.439468047128855;8.538802344130602
4055283.81846382;7.22306520076094;-5.750886151928567;4.439437108050833;8.534514244638672
4056217.689582406;7.203490222643279;-5.766132429343011;4.43940617426726;8.530216477719033
4057151.77575752;7.183930731816649;-5.78135356963285;4.439375245770176;8.525909055679321
4058086.07703869;7.164386661808393;-5.796549651620508;4.439344322554152;8.521591990874748
4059020.593475449;7.144857946536073;-5.811720753801261;4.439313404612845;8.51726529572449
4059955.325117345;7.125344520285779;-5.826866954339309;4.439282491939456;8.512928982685631
4060890.272013937;7.105846317740955;-5.8419883310532095;4.439251584528076;8.508583064266087
4061825.434214794;7.0863632739614;-5.857084961438924;4.439220682371928;8.504227553028395
4062760.811769499;7.066895324401324;-5.872156922653189;4.4391897854648805;8.499862461589633
4063696.404727642;7.047442404890736;-5.887204291522621;4.439158893800831;8.495487802612526
4064632.21313883;7.028004451621136;-5.9022271445564645;4.439128007372738;8.491103588804862
4065568.237052678;7.008581401190495;-5.917225557921415;4.439097126174956;8.486709832936954
4066504.476518812;6.989173190528964;-5.932199607469897;4.439066250200926;8.482306547797934
4067440.93158687;6.969779756982123;-5.947149368730836;4.439035379444071;8.47789374626889
4068377.602306504;6.950401038238091;-5.962074916909205;4.439004513898047;8.473471441249247
4069314.488727374;6.931036972365254;-5.976976326887051;4.438973653556753;8.46903964569555
4070251.590899153;6.911687497796917;-5.99185367323312;4.438942798413626;8.464598372616411
4071188.908871525;6.892352553316656;-6.0067070301968695;4.4389119484623265;8.460147635051197
4072126.442694185;6.87303207809936;-6.021536471709829;4.438881103696762;8.45568744611243
4073064.192416842;6.853726011660751;-6.036342071392534;4.438850264110581;8.451217818942705
4074002.158089213;6.834434293874633;-6.051123902558291;4.438819429696998;8.446738766735928
4074940.339761028;6.815156864971775;-6.065882038202198;4.438788600449922;8.442250302724052
4075878.737482029;6.7958936655526605;-6.080616551012933;4.438757776363021;8.437752440202575
4076817.351301969;6.77664463656685;-6.095327513372032;4.438726957429953;8.433245192508927
4077756.181270612;6.757409719298968;-6.110014997354649;4.4386961436444;8.428728573009218
4078695.227437734;6.738188855404815;-6.1246790747317075;4.438665335000041;8.424202595136482
4079634.489853122;6.718981986871446;-6.139319816971328;4.438634531490544;8.41966727235223
4080573.968566575;6.6997890560477025;-6.153937295245364;4.43860373310911;8.415122618183958
4081513.663627903;6.6806100056198945;-6.16853158041326;4.438572939850126;8.410568646183027
4082453.575086927;6.661444778607627;-6.183102743048493;4.438542151706795;8.406005369949323
4083393.702993482;6.64229331839236;-6.197650853420505;4.43851136867304;8.401432803139826
4084334.047397411;6.623155568679437;-6.212175981505666;4.438480590742526;8.396850959442578
4085274.608348571;6.604031473509125;-6.22667819698913;4.438449817908705;8.39225985258955
4086215.385896829;6.584920977265975;-6.24115756926331;4.438419050165028;8.387659496364257
4087156.380092064;6.565824024672297;-6.255614167422824;4.438388287505639;8.383049904589482
4088097.590984168;6.546740560772079;-6.270048060282142;4.438357529923753;8.378431091130471
4089039.018623041;6.527670530955572;-6.284459316353762;4.4383267774139785;8.373803069895356
4089980.663058597;6.50861388091447;-6.298848003884549;4.438296029968858;8.369165854830161
4090922.524340762;6.489570556687091;-6.313214190822343;4.438265287582292;8.364519459927143
4091864.602519472;6.470540504645284;-6.327557944824067;4.438234550248912;8.35986389922044
4092806.897644675;6.451523671469323;-6.341879333285685;4.438203817961206;8.355199186793799
4093749.40976633;6.432520004159343;-6.356178423305609;4.4381730907133825;8.350525336751568
4094692.138934409;6.413529450039897;-6.370455281710058;4.4381423684988475;8.345842363251107
4095635.085198895;6.394551956783241;-6.384709975040113;4.43811165131179;8.341150280511563
4096578.24860978;6.375587472315804;-6.398942569571635;4.4380809391451885;8.33644910274225
4097521.629217071;6.356635944937833;-6.413153131293916;4.438050231993196;8.331738844238554
4098465.227070785;6.337697323228831;-6.42734172592678;4.43801952984952;8.327019519306091
4099409.04222095;6.318771556107582;-6.441508418919689;4.43798883270761;8.322291142319662
4100353.074717606;6.299858592778394;-6.45565327544667;4.437958140561402;8.317553727663663
4101297.324610806;6.280958382764004;-6.469776360418567;4.437927453404116;8.312807289778455
4102241.791950612;6.262070875899909;-6.483877738468603;4.43789677122992;8.30805184313859
4103186.4767871;6.243196022313776;-6.497957473967679;4.437866094032512;8.303287402248944
4104131.379170354;6.224333772449042;-6.51201563102499;4.437835421805126;8.298513981668908
4105076.499150474;6.205484077056694;-6.526052273476754;4.437804754541922;8.293731595991526
4106021.836777567;6.186646887155751;-6.54006746490697;4.437774092235894;8.288940259826827
4106967.392101756;6.167822154112286;-6.554061268624287;4.437743434881466;8.284139987855104
4107913.165173172;6.149009829552251;-6.56803374768831;4.437712782471863;8.279330794768697
4108859.15604196;6.130209865416046;-6.581984964890299;4.437682135001247;8.274512695305097
4109805.364758275;6.111422213928339;-6.595914982772566;4.437651492462854;8.269685704238052
4110751.791372284;6.092646827610039;-6.609823863614008;4.43762085485064;8.264849836373408
4111698.435934165;6.073883659284328;-6.623711669442863;4.4375902221580485;8.260005106569139
4112645.298494109;6.055132662044858;-6.637578462028468;4.4375595943790564;8.255151529694269
4113592.379102317;6.036393789278717;-6.651424302889987;4.437528971507342;8.250289120661364
4114539.677809003;6.017666994675426;-6.665249253298872;4.437498353536152;8.245417894438145
4115487.194664391;5.998952232190451;-6.67905337426808;4.437467740459674;8.240537865998856
4116434.929718718;5.980249456063573;-6.69283672656773;4.437437132271375;8.235649050359928
4117382.883022232;5.9615586208333005;-6.706599370719923;4.437406528964746;8.230751462588477
4118331.054625192;5.942879681313139;-6.720341366990226;4.437375930534413;8.225845117768953
4119279.444577869;5.924212592573289;-6.734062775419125;4.437345336972708;8.220930031019707
4120228.052930546;5.905557309987856;-6.747763655782545;4.437314748274254;8.216006217496144
4121176.879733518;5.886913789198048;-6.7614440676216;4.437284164432795;8.211073692386856
4122125.925037089;5.8682819861148;-6.775104070239931;4.437253585441553;8.206132470913179
4123075.188891578;5.849661856928772;-6.788743722694331;4.4372230112945035;8.201182568328601
4124024.671347314;5.831053358099933;-6.802363083804524;4.437192441985342;8.19622399991911
4124974.372454637;5.812456446355605;-6.815962212157847;4.437161877507111;8.191256781006341
4125924.292263899;5.793871078701919;-6.829541166084892;4.437131317855129;8.186280926931682
4126874.430825463;5.775297212388768;-6.84310000370838;4.437100763021513;8.181296453075637
4127824.788189707;5.756734804959915;-6.856638782898427;4.437070213000439;8.176303374857904
4128775.364407015;5.7381838142029356;-6.870157561295561;4.4370396677856405;8.171301707712855
4129726.159527788;5.719644198181993;-6.883656396306294;4.43700912737105;8.166291467117238
4130677.173602435;5.701115915216736;-6.8971353451078246;4.436978591750404;8.161272668574156
4131628.406681378;5.682598923874181;-6.910594464651246;4.436948060916973;8.156245327608454
4132579.858815051;5.664093183010724;-6.92403381164905;4.4369175348651675;8.151209459794606
4133531.530053898;5.645598651700524;-6.937453442599725;4.436887013587777;8.146165080712475
4134483.420448376;5.627115289308875;-6.95085341376127;4.436856497079241;8.141112205990908
4135435.530048953;5.6086430554282725;-6.964233781176219;4.436825985332822;8.13605085127167
4136387.858906109;5.590181909930481;-6.977594600656605;4.436795478342467;8.13098103224462
4137340.407070336;5.5717318129109135;-6.990935927791519;4.436764976102149;8.125902764600282
4138293.174592137;5.553292724736608;-7.00425781795335;4.436734478605141;8.120816064084815
4139246.161522027;5.534864606011524;-7.017560326289789;4.4367039858451545;8.11572094645616
4140199.367910532;5.516447417589109;-7.0308435077264795;4.436673497816176;8.110617427499413
4141152.793808189;5.498041120574636;-7.044107416972293;4.436643014511916;8.10550552303501
4142106.43926555;5.479645676312065;-7.057352108519746;4.436612535925906;8.100385248905905
4143060.304333174;5.461261046392554;-7.07057763664126;4.436582062052091;8.095256620981722
4144014.389061635;5.442887192633098;-7.083784055400893;4.436551592883514;8.090119655150481
4144968.693501518;5.424524077131579;-7.096971418633049;4.436521128415079;8.084974367349549
4145923.217703419;5.406171662167222;-7.110139779975411;4.436490668639592;8.079820773503041
4146877.961717945;5.387829910310438;-7.123289192843814;4.436460213551025;8.074658889603226
4147832.925595717;5.369498784344742;-7.1364197104427705;4.43642976314335;8.069488731644164
4148788.109387365;5.351178247279108;-7.149531385771603;4.436399317409832;8.064310315640878
4149743.513143532;5.332868262380175;-7.1626242716129624;4.436368876344702;8.059123657648437
4150699.136914873;5.314568793127296;-7.175698420548531;4.4363384399412045;8.053928773734622
4151654.980752055;5.29627980323359;-7.18875388494705;4.436308008193338;8.048725679987301
4152611.044705755;5.278001256663444;-7.201790716972698;4.436277581094843;8.0435143925413
4153567.328826661;5.2597331175846165;-7.214808968586194;4.436247158639228;8.038294927531581
4154523.833165477;5.241475350400584;-7.2278086915402024;4.436216740820477;8.033067301120312
4155480.557772913;5.22322791974069;-7.240789937387727;4.436186327632101;8.027831529496318
4156437.502699697;5.2049907904652635;-7.253752757474091;4.436155919068306;8.022587628871046
4157394.667996563;5.186763927653985;-7.266697202953712;4.43612551512191;8.017335615485788
4158352.053714259;5.168547296604103;-7.279623324768379;4.4360951157873805;8.012075505585102
4159309.659903544;5.150340862850685;-7.292531173665759;4.4360647210584325;8.006807315458014
4160267.486615192;5.132144592127663;-7.305420800196839;4.4360343309286145;8.00153106139589
4161225.533899983;5.113958450391771;-7.318292254715035;4.436003945391439;7.99624675971537
4162183.801808713;5.095782403834442;-7.331145587372041;4.4359735644411105;7.990954426765375
4163142.290392189;5.077616418845832;-7.343980848129377;4.435943188071153;7.985654078904055
4164100.999701228;5.059460462037344;-7.356798086751911;4.435912816275345;7.980345732513909
4165059.929786661;5.041314500233601;-7.369597352811192;4.435882449047412;7.975029403997381
4166019.080699328;5.023178500470287;-7.382378695684178;4.435852086381339;7.969705109773123
4166978.452490082;5.0050524299984875;-7.395142164562499;4.4358217282702155;7.964372866290771
4167938.04520979;4.986936256273202;-7.407887808439054;4.435791374708244;7.959032690004012
4168897.858909327;4.968829946964316;-7.420615676121576;4.435761025688954;7.953684597396936
4169857.893639582;4.9507334699462815;-7.433325816225165;4.4357306812063495;7.948328604965097
4170818.149451455;4.932646793308745;-7.4460182771789825;4.435700341254166;7.942964729233564
4171778.626395857;4.91456988532272;-7.458693107226367;4.435670005825944;7.9375929867231445
4172739.324523713;4.896502714499455;-7.471350354422595;4.435639674915452;7.9322133940066
4173700.243885956;4.878445249515083;-7.483990066637906;4.435609348516442;7.926825967636547
4174661.384533535;4.860397459280285;-7.496612291556028;4.435579026622917;7.921430724213395
4175622.746517409;4.842359312883562;-7.509217076683856;4.435548709227946;7.9160276803394725
4176584.329888546;4.824330779635541;-7.521804469332521;4.435518396326438;7.910616852641622
4177546.134697931;4.806311829017532;-7.534374516645642;4.435488087911257;7.905198257751916
4178508.160996556;4.788302430728307;-7.546927265578206;4.43545778397638;7.8997719123301335
4179470.408835427;4.770302554655982;-7.559462762907864;4.435427484515365;7.894337833048479
4180432.878265562;4.752312170888614;-7.571981055228651;4.435397189522419;7.888896036594849
4181395.569337989;4.734331249695784;-7.584482188963841;4.43536689899063;7.883446539668998
4182358.482103751;4.716359761556196;-7.596966210351513;4.435336612914222;7.877989358993487
4183321.616613898;4.698397677131239;-7.609433165454412;4.4353063312872125;7.8725245112984386
4184284.972919496;4.680444967278328;-7.621883100164432;4.435276054102903;7.867052013339855
4185248.551071621;4.662501603033217;-7.634316060195234;4.4352457813550545;7.861571881873396
4186212.351121361;4.644567555620395;-7.646732091086198;4.435215513037466;7.856084133669128
4187176.373119816;4.626642796480559;-7.659131238200578;4.4351852491443395;7.850588785536797
4188140.617118096;4.608727297197318;-7.671513546737982;4.435154989668567;7.845085854266732
4189105.083167326;4.590821029573152;-7.683879061716155;4.435124734604588;7.839575356684717
4190069.77131864;4.572923965569994;-7.696227827987623;4.435094483945962;7.834057309611656
4191034.681623185;4.555036077359461;-7.708559890233694;4.4350642376864355;7.828531729906718
4191999.814132119;4.5371573372717116;-7.7208752929646955;4.43503399582007;7.822998634416339
4192965.168896614;4.519287717826729;-7.733174080527307;4.4350037583401445;7.817458040013893
4193930.74596785;4.501427191731393;-7.745456297094422;4.434973525240905;7.811909963584909
4194896.545397023;4.483575731844754;-7.757721986679558;4.434943296515458;7.806354422008852
4195862.567235337;4.465733311246105;-7.769971193121371;4.434913072158254;7.8007914322092216
4196828.81153401;4.447899903146746;-7.782203960100727;4.434882852162639;7.795221011084835
4197795.278344272;4.430075480967812;-7.794420331132519;4.434852636522136;7.7896431755781945
4198761.967717363;4.41226001829203;-7.8066203495604904;4.434822425231487;7.7840579426210335
4199728.879704536;4.394453488879716;-7.818804058577511;4.434792218283523;7.778465329173704
4200696.014357056;4.376655866639744;-7.8309715012038605;4.43476201567273;7.772865352170878
4201663.371726201;4.358867125692835;-7.843122720307258;4.434731817392212;7.7672580286078805
4202630.951863257;4.341087240297302;-7.855257758588959;4.434701623435981;7.761643375450282
4203598.754819525;4.323316184893389;-7.86737665859197;4.434671433797815;7.756021409687543
