time_s,filt_input,audio_opamp,audio_terminal,agc_opamp,d79_6_anode,agc_store,pin_bias,d79_1_feed
0.08,1.5934944e-08,6.67205764,-0.203988772,6.25073965,2.51702509,1.9606792,0.434663616,0.434366985
0.08002,0.00125332341,6.79324833,-0.0826841427,6.63048712,2.51866012,1.96147122,0.434788664,0.43449106
0.08004,0.0024868814,6.91581231,0.0398969782,7.01386476,2.51961709,1.96227241,0.434917172,0.434618567
0.08006,0.00368121978,7.03784509,0.161848949,7.39490916,2.51988565,1.96307009,0.435049195,0.434749561
0.08008,0.00481750312,7.15742212,0.281248512,7.76761083,2.51943988,1.96385154,0.435184679,0.434883989
0.0801,0.00587781156,7.2726576,0.396212655,8.12609182,2.51823093,1.96460435,0.435323489,0.435021719
0.08012,0.00684542341,7.38173418,0.504928305,8.46469845,2.51618275,1.96531666,0.435465412,0.435162537
0.08014,0.00770507883,7.48293162,0.605680924,8.77809045,2.51318356,1.96597734,0.435610152,0.435306151
0.08016,0.00844322056,7.57465396,0.696881554,9.06132525,2.50907028,1.96657622,0.43575734,0.435452193
0.08018,0.00904820766,7.65545464,0.777091875,9.30993589,2.5036006,1.96710431,0.435906537,0.43560023
0.0802,0.00951049912,7.72405936,0.845046897,9.52000153,2.4964011,1.96755408,0.436057244,0.435749764
0.08022,0.00982280433,7.77938617,0.899674911,9.68820921,2.48686561,1.96791975,0.436208914,0.435900253
0.08024,0.00998019804,7.82056253,0.940114392,9.81190612,2.47394346,1.96819793,0.436360968,0.436051124
0.08026,0.00998019807,7.84693906,0.965727591,9.88914124,2.45567358,1.96838863,0.436512821,0.436201794
0.08028,0.00982280442,7.85809981,0.976110591,9.91869597,2.42815852,1.96849756,0.436663909,0.436351704
0.0803,0.00951049927,7.8538688,0.971099678,9.90010386,2.38372545,1.96854005,0.436813753,0.436500375
0.08032,0.00904820786,7.83431279,0.95077392,9.83366067,2.31011716,1.96854284,0.436962028,0.436647486
0.08034,0.00844322082,7.79974025,0.915453909,9.72041803,2.19601019,1.96853224,0.437108608,0.436792908
0.08036,0.00770507913,7.75069643,0.865696706,9.56216056,2.03782731,1.96851969,0.437253489,0.436936639
0.08038,0.00684542375,7.68795483,0.802287044,9.36138273,1.83720305,1.968507,0.437396695,0.437078701
0.0804,0.00587781194,7.61250495,0.726224957,9.12125096,1.59726473,1.9684943,0.43753825,0.43721912
0.08042,0.00481750353,7.52553668,0.638710004,8.84561022,1.32624003,1.96848159,0.437678173,0.437357915
0.08044,0.00368122021,7.42842149,0.541122256,8.53866408,1.20780785,1.968469,0.437816486,0.437495107
0.08046,0.00248688185,7.32269096,0.435000771,8.20534618,1.20200899,1.96845648,0.437953207,0.437630716
0.08048,0.00125332387,7.21001258,0.322019193,7.85092399,1.19875716,1.96844396,0.438088358,0.437764762
0.0805,2.33962183e-10,7.09216333,0.203959269,7.48096821,1.1965528,1.96843145,0.438221954,0.437897262
0.08052,-0.00125332341,6.97100169,0.082682829,7.10131288,1.19533692,1.96841893,0.438354016,0.438028236
0.08054,-0.0024868814,6.84843843,-0.0398975682,6.71794507,1.19507958,1.96840642,0.43848456,0.4381577
0.08056,-0.00368121978,6.7264064,-0.161848796,6.33691039,1.19577067,1.9683939,0.438613604,0.438285673
0.08058,-0.00481750312,6.60683008,-0.281247643,5.96421774,1.19741798,1.96838139,0.438741166,0.438412172
0.0806,-0.00587781156,6.49159525,-0.396211139,5.60574448,1.20004824,1.96836888,0.438867262,0.438537214
0.08062,-0.00684542341,6.38251921,-0.504926249,5.26714382,1.20371145,1.96835637,0.43899191,0.438660816
0.08064,-0.00770507883,6.28132217,-0.605678468,4.95375564,1.20848942,1.96834386,0.439115127,0.438782996
0.08066,-0.00844322057,6.18960008,-0.696878861,4.67052229,1.21451105,1.96833135,0.439236929,0.438903768
0.08068,-0.00904820766,6.10879946,-0.777089121,4.42191062,1.22197955,1.96831884,0.439357332,0.439023151
0.0807,-0.00951049912,6.04019462,-0.84504426,4.21184154,1.23122266,1.96830633,0.439476352,0.439141159
0.08072,-0.00982280433,5.98486753,-0.899672559,4.04362821,1.24279032,1.96829383,0.439594006,0.43925781
0.08074,-0.00998019804,5.94369074,-0.940112474,3.91992381,1.25765783,1.96828132,0.43971031,0.439373118
0.08076,-0.00998019807,5.91731365,-0.965726227,3.84267981,1.27767488,1.96826882,0.439825278,0.439487099
0.08078,-0.00982280442,5.90615227,-0.976109863,3.81311537,1.30657047,1.96825633,0.439938926,0.439599768
0.0808,-0.00951049927,5.91038261,-0.971099627,3.83169765,1.35182825,1.96824385,0.440051269,0.439711142
0.08082,-0.00904820786,5.92993794,-0.950774542,3.89813155,1.42571572,1.96823139,0.440162323,0.439821233
0.08084,-0.00844322082,5.96450986,-0.915455157,4.01136583,1.53985636,1.96821896,0.440272102,0.439930059
0.08086,-0.00770507913,6.01355313,-0.865698489,4.16961635,1.69803446,1.96820656,0.440380621,0.440037632
0.08088,-0.00684542375,6.07629432,-0.802289239,4.3703892,1.89865373,1.96819421,0.440487894,0.440143969
0.0809,-0.00587781194,6.15174394,-0.726227412,4.61051825,2.13858962,1.96818192,0.440593937,0.440249082
0.08092,-0.00481750353,6.23871212,-0.638712547,4.88615761,2.40969354,1.96817886,0.440698773,0.440352997
0.08094,-0.00368122021,6.33582741,-0.541124703,5.19311765,2.51740922,1.9685902,0.440803515,0.44045679
0.08096,-0.00248688185,6.4415582,-0.435002954,5.52642963,2.52167856,1.96927777,0.440911049,0.440563336
0.08098,-0.00125332387,6.554237,-0.322020952,5.88085833,2.52477657,1.97001276,0.441021884,0.440673153
0.081,-2.33931985e-10,6.67208681,-0.203960469,6.2508223,2.52712181,1.97078239,0.441136222,0.440786443
0.08102,0.00125332341,6.79324911,-0.0826833678,6.63048693,2.52876307,1.97157417,0.441254232,0.440903372
0.08104,0.0024868814,6.91581309,0.0398977527,7.01386456,2.52971997,1.97237529,0.441376014,0.44102404
0.08106,0.00368121978,7.03784586,0.161849723,7.39490896,2.52998847,1.97317291,0.441501592,0.441148468
0.08108,0.00481750312,7.1574229,0.281249286,7.76761064,2.52954263,1.97395429,0.441630904,0.441276598
0.0811,0.00587781156,7.27265838,0.396213428,8.12609163,2.52833362,1.97470704,0.441763805,0.441408284
0.08112,0.00684542341,7.38173496,0.504929077,8.46469826,2.52628538,1.97541928,0.44190006,0.441543294
0.08114,0.00770507883,7.4829324,0.605681696,8.77809026,2.52328613,1.97607989,0.44203935,0.441681313
0.08116,0.00844322057,7.57465473,0.696882324,9.06132506,2.51917278,1.97667871,0.442181277,0.441821943
0.08118,0.00904820766,7.65545541,0.777092645,9.3099357,2.51370304,1.97720674,0.442325366,0.441964716
0.0812,0.00951049912,7.72406014,0.845047666,9.52000134,2.50650348,1.97765644,0.44247108,0.442109099
0.08122,0.00982280433,7.77938695,0.899675679,9.68820903,2.49696792,1.97802204,0.44261783,0.442254508
0.08124,0.00998019804,7.82056331,0.940115159,9.81190593,2.48404571,1.97830015,0.442764994,0.442400327
0.08126,0.00998019807,7.84693984,0.965728357,9.88914105,2.46577577,1.97849079,0.442911942,0.442545929
0.08128,0.00982280442,7.85810059,0.976111357,9.91869578,2.43826065,1.97859966,0.443058071,0.442690718
0.0813,0.00951049927,7.85386957,0.971100444,9.90010367,2.39382753,1.97864209,0.443202864,0.442834179
0.08132,0.00904820786,7.83431357,0.950774684,9.83366048,2.32021917,1.9786448,0.443345974,0.442975967
0.08134,0.00844322082,7.79974102,0.915454673,9.72041784,2.20611209,1.97863415,0.443487268,0.443115948
0.08136,0.00770507913,7.75069721,0.865697469,9.56216037,2.04792905,1.97862152,0.443626742,0.443254119
0.08138,0.00684542375,7.68795561,0.802287806,9.36138254,1.84730451,1.97860878,0.443764424,0.443390508
0.0814,0.00587781194,7.61250573,0.726225719,9.12125075,1.60736403,1.97859601,0.44390034,0.443525141
0.08142,0.00481750353,7.52553746,0.638710765,8.84560001,1.33546494,1.97858323,0.444034515,0.443658043
0.08144,0.00368122021,7.42842226,0.541123021,8.53866791,1.20809965,1.97857057,0.444166972,0.443789237
0.08146,0.00248688185,7.32269174,0.435001534,8.205346,1.20200973,1.97855798,0.444297733,0.443918747
0.08148,0.00125332387,7.21001336,0.322019954,7.8509238,1.19875716,1.9785454,0.444426821,0.444046594
0.0815,2.33900899e-10,7.0921641,0.203960028,7.48096802,1.1965528,1.97853282,0.444554256,0.444172799
0.08152,-0.00125332341,6.97100247,0.082683587,7.10131269,1.19533691,1.97852024,0.444680061,0.444297385
0.08154,-0.0024868814,6.84843921,-0.0398968114,6.71794488,1.19507957,1.97850766,0.444804255,0.444420371
0.08156,-0.00368121978,6.72640717,-0.161848041,6.3369102,1.19577067,1.97849508,0.444926859,0.444541779
0.08158,-0.00481750312,6.60683086,-0.281246888,5.96421754,1.19741797,1.97848251,0.445047893,0.444661627
0.0816,-0.00587781156,6.49159602,-0.396210385,5.60574428,1.20004823,1.97846993,0.445167377,0.444779937
0.08162,-0.00684542341,6.38251999,-0.504925496,5.26714363,1.20371145,1.97845735,0.44528533,0.444896727
0.08164,-0.00770507883,6.28132295,-0.605677716,4.95375545,1.20848942,1.97844478,0.445401772,0.445012017
0.08166,-0.00844322057,6.18960085,-0.696878109,4.6705221,1.21451104,1.9784322,0.445516722,0.445125826
0.08168,-0.00904820766,6.10880023,-0.77708837,4.42191043,1.22197954,1.97841963,0.445630199,0.445238173
0.0817,-0.00951049912,6.04019539,-0.84504351,4.21184135,1.23122266,1.97840706,0.445742221,0.445349076
0.08172,-0.00982280433,5.9848683,-0.89967181,4.04362802,1.24279032,1.97839449,0.445852807,0.445458554
0.08174,-0.00998019804,5.94369151,-0.940111726,3.91992362,1.25765783,1.97838192,0.445961974,0.445566625
0.08176,-0.00998019807,5.91731443,-0.965725479,3.84267962,1.27767488,1.97836936,0.446069742,0.445673307
0.08178,-0.00982280442,5.90615304,-0.976109116,3.81311517,1.30657048,1.9783568,0.446176126,0.445778616
0.0818,-0.00951049927,5.91038338,-0.971098881,3.83169746,1.35182829,1.97834425,0.446281146,0.445882571
0.08182,-0.00904820786,5.92993871,-0.950773796,3.89813136,1.42571581,1.97833172,0.446384817,0.44598519
0.08184,-0.00844322082,5.96451063,-0.915454412,4.01136563,1.53985655,1.97831923,0.446487158,0.446086487
0.08186,-0.00770507913,6.0135539,-0.865697745,4.16961616,1.69803482,1.97830677,0.446588185,0.446186482
0.08188,-0.00684542375,6.07629509,-0.802288496,4.370389,1.89865436,1.97829435,0.446687914,0.44628519
0.0819,-0.00587781194,6.15174471,-0.726226669,4.61051808,2.13859234,1.97828199,0.446786363,0.446382628
0.08192,-0.00481750353,6.23871289,-0.638711806,4.88616806,2.41056588,1.97827704,0.446883556,0.44647882
0.08194,-0.00368122021,6.33582818,-0.541123967,5.1931152,2.52739522,1.97866889,0.446980599,0.446574834
0.08196,-0.00248688185,6.44155897,-0.435002217,5.52642943,2.53175698,1.9793562,0.447080659,0.446673818
0.08198,-0.00125332387,6.55423776,-0.322020215,5.88085813,2.53485494,1.98009112,0.447184332,0.446776379
0.082,-2.33867148e-10,6.67208758,-0.203959732,6.2508221,2.53720012,1.9808607,0.447291831,0.446882728
0.08202,0.00125332341,6.79324987,-0.082682631,6.63048673,2.53884131,1.9816524,0.447403334,0.44699304
0.08204,0.0024868814,6.91581386,0.0398984892,7.01386437,2.53979815,1.98245346,0.447518946,0.447107418
0.08206,0.00368121978,7.03784663,0.161850459,7.39490877,2.54006658,1.98325101,0.447638688,0.447225884
0.08208,0.00481750312,7.15742367,0.281250021,7.76761044,2.53962068,1.98403233,0.44776249,0.447348368
0.0821,0.00587781156,7.27265915,0.396214163,8.12609144,2.5384116,1.98478501,0.447890189,0.447474708
0.08212,0.00684542341,7.38173572,0.504929811,8.46469807,2.5363633,1.98549719,0.448021529,0.447604652
0.08214,0.00770507883,7.48293317,0.605682429,8.77809007,2.53336398,1.98615774,0.448156162,0.447737854
0.08216,0.00844322057,7.5746555,0.696883057,9.06132487,2.52925057,1.98675649,0.448293653,0.447873884
0.08218,0.00904820766,7.65545618,0.777093377,9.30993551,2.52378076,1.98728446,0.448433486,0.448012231
0.0822,0.00951049912,7.7240609,0.845048398,9.52000115,2.51658114,1.98773409,0.448575078,0.448152317
0.08222,0.00982280433,7.77938772,0.89967641,9.68820883,2.50704552,1.98809963,0.448717791,0.448293511
0.08224,0.00998019804,7.82056407,0.940115889,9.81190574,2.49412325,1.98837768,0.448860952,0.448435146
0.08226,0.00998019807,7.8469406,0.965729087,9.88914086,2.47585325,1.98856825,0.449003877,0.448576547
0.08228,0.00982280442,7.85810135,0.976112086,9.91869559,2.44833807,1.98867705,0.449145915,0.448717066
0.0823,0.00951049927,7.85387034,0.971101171,9.90010348,2.40390489,1.98871942,0.449286508,0.448856152
0.08232,0.00904820786,7.83431433,0.950775411,9.83366029,2.33029647,1.98872207,0.449425284,0.448993432
0.08234,0.00844322082,7.79974179,0.9154554,9.72041765,2.21618929,1.98871135,0.449562099,0.449128764
0.08236,0.00770507913,7.75069797,0.865698194,9.56216018,2.05800608,1.98869866,0.449696951,0.449262147
0.08238,0.00684542375,7.68795638,0.802288531,9.36138235,1.85738128,1.98868585,0.449829873,0.449393612
0.0824,0.00587781194,7.61250649,0.726226443,9.12125054,1.61743901,1.98867302,0.449960895,0.44952319
0.08242,0.00481750353,7.52553823,0.638711489,8.84559122,1.34483051,1.98866018,0.450090045,0.449650911
0.08244,0.00368122021,7.42842304,0.541123748,8.53867207,1.20844317,1.98864744,0.450217351,0.449776801
0.08246,0.00248688185,7.32269251,0.435002259,8.20534583,1.20201061,1.98863479,0.45034284,0.449900888
0.08248,0.00125332387,7.21001413,0.322020678,7.85092362,1.19875716,1.98862214,0.450466536,0.450023197
0.0825,2.33836062e-10,7.09216487,0.20396075,7.48096784,1.19655279,1.9886095,0.450588466,0.450143754
0.08252,-0.00125332341,6.97100323,0.0826843077,7.10131251,1.19533691,1.98859685,0.450708653,0.450262583
0.08254,-0.0024868814,6.84843997,-0.0398960918,6.71794469,1.19507957,1.98858421,0.450827122,0.450379708
0.08256,-0.00368121978,6.72640794,-0.161847322,6.33691001,1.19577067,1.98857157,0.450943896,0.450495153
0.08258,-0.00481750312,6.60683162,-0.281246171,5.96421736,1.19741797,1.98855892,0.451059,0.450608942
0.0826,-0.00587781156,6.49159679,-0.396209668,5.6057441,1.20004823,1.98854628,0.451172457,0.450721098
0.08262,-0.00684542341,6.38252075,-0.50492478,5.26714344,1.20371145,1.98853364,0.451284289,0.450831644
0.08264,-0.00770507883,6.28132371,-0.605677001,4.95375526,1.20848942,1.988521,0.451394519,0.450940603
0.08266,-0.00844322057,6.18960162,-0.696877395,4.67052191,1.21451104,1.98850836,0.451503169,0.451047996
0.08268,-0.00904820766,6.108801,-0.777087657,4.42191024,1.22197954,1.98849572,0.451610261,0.451153846
0.0827,-0.00951049912,6.04019616,-0.845042797,4.21184116,1.23122266,1.98848309,0.451715818,0.451258174
0.08272,-0.00982280433,5.98486906,-0.899671098,4.04362783,1.24279032,1.98847045,0.451819859,0.451361001
0.08274,-0.00998019804,5.94369227,-0.940111014,3.91992343,1.25765783,1.98845782,0.451922407,0.451462349
0.08276,-0.00998019807,5.91731519,-0.965724768,3.84267943,1.27767489,1.98844519,0.452023483,0.451562238
0.08278,-0.00982280442,5.9061538,-0.976108406,3.81311499,1.30657049,1.98843256,0.452123105,0.451660689
0.0828,-0.00951049927,5.91038414,-0.971098172,3.83169727,1.35182832,1.98841995,0.452221296,0.451757721
0.08282,-0.00904820786,5.92993947,-0.950773088,3.89813117,1.42571589,1.98840736,0.452318075,0.451853354
0.08284,-0.00844322082,5.96451139,-0.915453704,4.01136544,1.53985673,1.9883948,0.452413461,0.451947609
0.08286,-0.00770507913,6.01355467,-0.865697038,4.16961597,1.69803517,1.98838228,0.452507474,0.452040505
0.08288,-0.00684542375,6.07629585,-0.802287789,4.37038882,1.89865498,1.98836979,0.452600133,0.45213206
0.0829,-0.00587781194,6.15174547,-0.726225964,4.61051791,2.1385947,1.98835736,0.452691458,0.452222294
0.08292,-0.00481750353,6.23871365,-0.638711101,4.88617685,2.41127012,1.98835087,0.452781476,0.452311232
0.08294,-0.00368122021,6.33582893,-0.541123267,5.19311216,2.53733117,1.98872298,0.452871286,0.452399937
0.08296,-0.00248688185,6.44155972,-0.435001517,5.52642922,2.54181074,1.98940999,0.452964375,0.452491863
0.08298,-0.00125332387,6.55423852,-0.322019515,5.88085794,2.54490867,1.99014484,0.453061447,0.452587727
0.083,-2.33804975e-10,6.67208834,-0.203959031,6.25082191,2.54725378,1.99091435,0.453162726,0.452687751
0.08302,0.00125332341,6.79325063,-0.0826819307,6.63048654,2.54889491,1.99170599,0.4532684,0.452792118
0.08304,0.0024868814,6.91581462,0.0398991892,7.01386418,2.54985169,1.99250699,0.453378577,0.452900935
0.08306,0.00368121978,7.03784739,0.161851158,7.39490858,2.55012005,1.99330448,0.453493275,0.45301422
0.08308,0.00481750312,7.15742443,0.28125072,7.76761025,2.54967409,1.99408573,0.453612412,0.453131892
0.0831,0.00587781156,7.27265991,0.396214862,8.12609125,2.54846494,1.99483835,0.453735807,0.453253771
0.08312,0.00684542341,7.38173649,0.504930509,8.46469788,2.54641657,1.99555046,0.453863176,0.453379576
0.08314,0.00770507883,7.48293393,0.605683126,8.77808988,2.54341719,1.99621094,0.453994134,0.453508927
0.08316,0.00844322057,7.57465626,0.696883754,9.06132468,2.53930372,1.99680963,0.454128205,0.453641352
0.08318,0.00904820766,7.65545694,0.777094073,9.30993533,2.53383385,1.99733753,0.454264824,0.453776293
0.0832,0.00951049912,7.72406167,0.845049093,9.52000096,2.52663416,1.9977871,0.454403353,0.453913121
0.08322,0.00982280433,7.77938848,0.899677104,9.68820865,2.51709848,1.99815258,0.454543096,0.454051145
0.08324,0.00998019804,7.82056483,0.940116583,9.81190555,2.50417615,1.99843056,0.454683319,0.454189642
0.08326,0.00998019807,7.84694136,0.96572978,9.88914067,2.48590609,1.99862107,0.45482328,0.454327875
0.08328,0.00982280442,7.85810211,0.976112778,9.9186954,2.45839086,1.9987298,0.454962269,0.454465145
0.0833,0.00951049927,7.8538711,0.971101863,9.90010329,2.41395762,1.99877211,0.455099682,0.454600853
0.08332,0.00904820786,7.83431509,0.950776102,9.83366011,2.34034913,1.99877469,0.455235115,0.454734596
0.08334,0.00844322082,7.79974255,0.91545609,9.72041746,2.22624185,1.99876391,0.455368413,0.454866222
0.08336,0.00770507913,7.75069873,0.865698884,9.56216,2.06805848,1.99875116,0.455499579,0.454995732
0.08338,0.00684542375,7.68795714,0.802289219,9.36138216,1.86743341,1.99873828,0.45562865,0.455123165
0.0834,0.00587781194,7.61250725,0.726227131,9.12125034,1.62748964,1.99872538,0.455755663,0.455248556
0.08342,0.00481750353,7.52553899,0.638712177,8.84558415,1.35428339,1.99871248,0.455880649,0.45537194
0.08344,0.00368122021,7.4284238,0.54112444,8.53867693,1.20885168,1.99869967,0.456003642,0.455493348
0.08346,0.00248688185,7.32269327,0.435002949,8.20534566,1.20201166,1.99868695,0.456124673,0.455612813
0.08348,0.00125332387,7.21001489,0.322021365,7.85092344,1.19875715,1.99867424,0.456243773,0.455730366
0.0835,2.33773001e-10,7.09216563,0.203961436,7.48096765,1.19655279,1.99866153,0.456360971,0.455846035
0.08352,-0.00125332341,6.97100399,0.0826849927,7.10131232,1.1953369,1.99864882,0.456476297,0.455959852
0.08354,-0.0024868814,6.84844073,-0.0398954079,6.7179445,1.19507956,1.99863611,0.456589779,0.456071843
0.08356,-0.00368121978,6.7264087,-0.161846639,6.33690983,1.19577066,1.99862341,0.456701446,0.456182037
0.08358,-0.00481750312,6.60683238,-0.281245489,5.96421717,1.19741797,1.9986107,0.456811326,0.456290463
0.0836,-0.00587781156,6.49159755,-0.396208987,5.60574391,1.20004823,1.99859799,0.456919445,0.456397147
0.08362,-0.00684542341,6.38252151,-0.504924099,5.26714325,1.20371144,1.99858529,0.457025831,0.456502117
0.08364,-0.00770507883,6.28132447,-0.605676321,4.95375507,1.20848942,1.99857258,0.457130511,0.456605399
0.08366,-0.00844322057,6.18960237,-0.696876716,4.67052172,1.21451104,1.99855988,0.457233511,0.45670702
0.08368,-0.00904820766,6.10880175,-0.777086979,4.42191005,1.22197954,1.99854717,0.457334857,0.456807004
0.0837,-0.00951049912,6.04019692,-0.84504212,4.21184097,1.23122265,1.99853447,0.457434574,0.456905378
0.08372,-0.00982280433,5.98486982,-0.899670421,4.04362764,1.24279032,1.99852177,0.457532687,0.457002166
0.08374,-0.00998019804,5.94369303,-0.940110338,3.91992324,1.25765783,1.99850907,0.457629221,0.457097393
0.08376,-0.00998019807,5.91731595,-0.965724093,3.84267924,1.27767489,1.99849638,0.457724201,0.457191083
0.08378,-0.00982280442,5.90615456,-0.976107732,3.81311479,1.3065705,1.99848369,0.45781765,0.45728326
0.0838,-0.00951049927,5.9103849,-0.971097498,3.83169707,1.35182835,1.99847102,0.457909592,0.457373948
0.08382,-0.00904820786,5.92994023,-0.950772415,3.89813098,1.42571598,1.99845836,0.458000051,0.457463169
0.08384,-0.00844322082,5.96451215,-0.915453032,4.01136525,1.53985691,1.99844573,0.458089048,0.457550946
0.08386,-0.00770507913,6.01355542,-0.865696366,4.16961578,1.69803551,1.99843314,0.458176608,0.457637303
0.08388,-0.00684542375,6.07629661,-0.802287118,4.37038862,1.89865558,1.99842059,0.458262752,0.45772226
0.0839,-0.00587781194,6.15174623,-0.726225293,4.61051773,2.13859677,1.9984081,0.458347503,0.457805841
0.08392,-0.00481750353,6.2387144,-0.638710431,4.88618378,2.41186068,1.99840031,0.458430889,0.457888072
0.08394,-0.00368122021,6.33582968,-0.541122603,5.19310806,2.54720582,1.99875257,0.458514009,0.457970011
0.08396,-0.00248688185,6.44156048,-0.435000852,5.52642904,2.55183993,1.99943919,0.458600709,0.45805546
0.08398,-0.00125332387,6.55423928,-0.322018849,5.88085775,2.55493781,2.00017398,0.458691822,0.458145267
0.084,-2.33741915e-10,6.67208909,-0.203958366,6.25082172,2.55728286,2.00094342,0.458787585,0.458239664
0.08402,0.00125332341,6.79325139,-0.0826812654,6.63048635,2.55892392,2.001735,0.458888196,0.458338845
0.08404,0.0024868814,6.91581537,0.0398998542,7.01386399,2.55988063,2.00253593,0.458993767,0.458442919
0.08406,0.00368121978,7.03784815,0.161851823,7.39490839,2.56014894,2.00333336,0.459104309,0.458551898
0.08408,0.00481750312,7.15742518,0.281251385,7.76761007,2.55970291,2.00411455,0.459219726,0.458665686
0.0841,0.00587781156,7.27266066,0.396215525,8.12609107,2.5584937,2.0048671,0.459339813,0.458784081
0.08412,0.00684542341,7.38173724,0.504931172,8.46469769,2.55644527,2.00557915,0.459464253,0.458906767
0.08414,0.00770507883,7.48293468,0.605683789,8.7780897,2.55344582,2.00623957,0.45959262,0.459033327
0.08416,0.00844322057,7.57465701,0.696884416,9.0613245,2.54933228,2.00683819,0.459724385,0.459163237
0.08418,0.00904820766,7.65545769,0.777094734,9.30993514,2.54386235,2.00736602,0.459858929,0.459295886
0.0842,0.00951049912,7.72406242,0.845049753,9.52000078,2.5366626,2.00781553,0.459995549,0.45943058
0.08422,0.00982280433,7.77938923,0.899677764,9.68820846,2.52712685,2.00818094,0.460133481,0.459566565
0.08424,0.00998019804,7.82056559,0.940117242,9.81190537,2.51420446,2.00845886,0.460271922,0.459703047
0.08426,0.00998019807,7.84694212,0.965730438,9.88914049,2.49593435,2.0086493,0.460410059,0.459839226
0.08428,0.00982280442,7.85810287,0.976113436,9.91869522,2.46841906,2.00875797,0.460547118,0.459974336
0.0843,0.00951049927,7.85387185,0.97110252,9.9001031,2.42398577,2.00880021,0.460682439,0.460107726
0.08432,0.00904820786,7.83431585,0.950776759,9.83365992,2.35037721,2.00880273,0.460815585,0.460238962
0.08434,0.00844322082,7.7997433,0.915456746,9.72041728,2.23626983,2.00879188,0.460946389,0.460367877
0.08436,0.00770507913,7.75069949,0.865699539,9.56215981,2.0780863,2.00877907,0.461074858,0.46049448
0.08438,0.00684542375,7.68795789,0.802289874,9.36138198,1.87746097,2.00876613,0.461201035,0.460618814
0.0844,0.00587781194,7.612508,0.726227785,9.12125015,1.63751593,2.00875316,0.461324965,0.460740922
0.08442,0.00481750353,7.52553974,0.63871283,8.84557783,1.36385301,2.00874019,0.461446686,0.460860846
0.08444,0.00368122021,7.42842455,0.541125097,8.53868274,1.20934003,2.00872731,0.461566236,0.460978624
0.08446,0.00248688185,7.32269402,0.435003604,8.20534553,1.20201301,2.00871454,0.461683656,0.461094294
0.08448,0.00125332387,7.21001564,0.322022019,7.85092327,1.19875716,2.00870176,0.46179898,0.461207893
0.0845,2.3370994e-10,7.09216638,0.203962088,7.48096748,1.19655279,2.00868899,0.461912245,0.461319456
0.08452,-0.00125332341,6.97100474,0.0826856435,7.10131215,1.19533691,2.00867621,0.462023485,0.461429019
0.08454,-0.0024868814,6.84844148,-0.0398947582,6.71794433,1.19507957,2.00866344,0.462132735,0.461536616
0.08456,-0.00368121978,6.72640945,-0.16184599,6.33690965,1.19577067,2.00865067,0.462240028,0.461642281
0.08458,-0.00481750312,6.60683313,-0.281244841,5.96421699,1.19741797,2.00863789,0.462345399,0.461746046
0.0846,-0.00587781156,6.4915983,-0.39620834,5.60574373,1.20004823,2.00862512,0.462448879,0.461847945
0.08462,-0.00684542341,6.38252226,-0.504923453,5.26714307,1.20371145,2.00861235,0.462550501,0.46194801
0.08464,-0.00770507883,6.28132522,-0.605675675,4.95375489,1.20848942,2.00859958,0.462650297,0.462046272
0.08466,-0.00844322057,6.18960312,-0.696876071,4.67052154,1.21451104,2.00858681,0.462748298,0.462142762
0.08468,-0.00904820766,6.1088025,-0.777086334,4.42190987,1.22197954,2.00857405,0.462844534,0.462237511
0.0847,-0.00951049912,6.04019766,-0.845041476,4.21184079,1.23122266,2.00856128,0.462939036,0.462330548
0.08472,-0.00982280433,5.98487057,-0.899669778,4.04362746,1.24279033,2.00854852,0.463031834,0.462421904
0.08474,-0.00998019804,5.94369378,-0.940109696,3.91992306,1.25765784,2.00853575,0.463122956,0.462511607
0.08476,-0.00998019807,5.91731669,-0.965723452,3.84267906,1.2776749,2.008523,0.463212432,0.462599685
0.08478,-0.00982280442,5.90615531,-0.976107091,3.81311461,1.30657052,2.00851024,0.463300289,0.462686167
0.0848,-0.00951049927,5.91038564,-0.971096858,3.8316969,1.35182839,2.0084975,0.463386556,0.46277108
0.08482,-0.00904820786,5.92994098,-0.950771775,3.8981308,1.42571607,2.00848478,0.463471259,0.462854451
0.08484,-0.00844322082,5.96451289,-0.915452393,4.01136507,1.5398571,2.00847209,0.463554427,0.462936307
0.08486,-0.00770507913,6.01355617,-0.865695728,4.1696156,1.69803585,2.00845944,0.463636084,0.463016674
0.08488,-0.00684542375,6.07629735,-0.802286481,4.37038845,1.89865618,2.00844682,0.463716258,0.463095579
0.0849,-0.00587781194,6.15174698,-0.726224656,4.61051756,2.13859861,2.00843426,0.463794974,0.463173046
0.08492,-0.00481750353,6.23871515,-0.638709796,4.88618985,2.41231072,2.00842546,0.463872264,0.463249106
0.08494,-0.00368122021,6.33583043,-0.541121973,5.19310328,2.55701807,2.00875771,0.463949226,0.463324813
0.08496,-0.00248688185,6.44156122,-0.435000221,5.52642885,2.56184457,2.00944386,0.464030106,0.463404353
0.08498,-0.00125332387,6.55424002,-0.322018217,5.88085756,2.56494244,2.01017859,0.464115897,0.463488735
0.085,-2.33677966e-10,6.67208984,-0.203957734,6.25082153,2.56728742,2.01094797,0.464206847,0.4635782
0.08502,0.00125332341,6.79325213,-0.0826806336,6.63048617,2.56892842,2.01173949,0.464303165,0.463672953
0.08504,0.0024868814,6.91581612,0.0399004857,7.01386381,2.56988506,2.01254035,0.464404963,0.463773104
0.08506,0.00368121978,7.03784889,0.161852454,7.39490821,2.5701533,2.01333771,0.464512246,0.463878655
0.08508,0.00481750312,7.15742593,0.281252015,7.76760989,2.56970721,2.01411884,0.464624899,0.463989495
0.0851,0.00587781156,7.27266141,0.396216155,8.12609089,2.56849793,2.01487132,0.464742688,0.46410539
0.08512,0.00684542341,7.38173798,0.504931802,8.46469751,2.56644944,2.01558331,0.464865256,0.464225989
0.08514,0.00770507883,7.48293543,0.605684418,8.77808952,2.56344993,2.01624366,0.464992127,0.464350823
0.08516,0.00844322057,7.57465776,0.696885044,9.06132432,2.55933633,2.01684222,0.465122715,0.464479314
0.08518,0.00904820766,7.65545844,0.777095362,9.30993496,2.55386633,2.01736999,0.465256333,0.464610784
0.0852,0.00951049912,7.72406316,0.845050381,9.5200006,2.54666652,2.01781943,0.465392204,0.464744469
0.08522,0.00982280433,7.77938998,0.899678391,9.68820828,2.53713071,2.01818479,0.465529488,0.46487954
0.08524,0.00998019804,7.82056633,0.940117868,9.81190519,2.52420826,2.01846264,0.465667299,0.465015125
0.08526,0.00998019807,7.84694286,0.965731063,9.88914031,2.50593809,2.01865302,0.465804746,0.465150345
0.08528,0.00982280442,7.85810361,0.97611406,9.91869504,2.47842274,2.01876162,0.46594098,0.465284365
0.0853,0.00951049927,7.8538726,0.971103144,9.90010293,2.4339894,2.0188038,0.46607528,0.465416474
0.08532,0.00904820786,7.83431659,0.950777382,9.83365974,2.36038077,2.01880625,0.466207169,0.465546198
0.08534,0.00844322082,7.79974404,0.915457368,9.7204171,2.24627329,2.01879534,0.46633647,0.465673362
0.08536,0.00770507913,7.75070023,0.865700161,9.56215963,2.0880896,2.01878246,0.466463193,0.465797977
0.08538,0.00684542375,7.68795863,0.802290495,9.3613818,1.88746403,2.01876945,0.466587392,0.465920098
0.0854,0.00587781194,7.61250875,0.726228405,9.12124996,1.6475179,2.01875643,0.466709118,0.466039777
0.08542,0.00481750353,7.52554048,0.63871345,8.84557257,1.37348832,2.01874339,0.466828421,0.466157062
0.08544,0.00368122021,7.4284253,0.541125721,8.53868944,1.20991982,2.01873044,0.466945346,0.466272
0.08546,0.00248688185,7.32269477,0.435004227,8.20534539,1.20201455,2.0187176,0.467059939,0.466384638
0.08548,0.00125332387,7.21001639,0.322022639,7.85092309,1.19875716,2.01870476,0.467172246,0.466495019
0.0855,2.3364688e-10,7.09216713,0.203962708,7.4809673,1.19655279,2.01869192,0.467282308,0.466603188
0.08552,-0.00125332341,6.97100549,0.0826862614,7.10131197,1.19533691,2.01867908,0.467390169,0.466709186
0.08554,-0.0024868814,6.84844222,-0.0398941413,6.71794415,1.19507957,2.01866624,0.46749587,0.466813054
0.08556,-0.00368121978,6.72641019,-0.161845374,6.33690947,1.19577067,2.01865341,0.467599452,0.466914834
0.08558,-0.00481750312,6.60683387,-0.281244226,5.96421681,1.19741797,2.01864057,0.467700954,0.467014565
0.0856,-0.00587781156,6.49159904,-0.396207726,5.60574355,1.20004823,2.01862773,0.467800416,0.467112286
0.08562,-0.00684542341,6.382523,-0.504922839,5.26714289,1.20371145,2.0186149,0.467897878,0.467208036
0.08564,-0.00770507883,6.28132596,-0.605675063,4.95375471,1.20848942,2.01860207,0.467993376,0.467301853
0.08566,-0.00844322057,6.18960386,-0.696875459,4.67052136,1.21451105,2.01858923,0.468086948,0.467393773
0.08568,-0.00904820766,6.10880325,-0.777085723,4.42190969,1.22197955,2.0185764,0.468178631,0.467483833
0.0857,-0.00951049912,6.04019841,-0.845040866,4.21184061,1.23122266,2.01856357,0.468268462,0.467572069
0.08572,-0.00982280433,5.98487131,-0.899669168,4.04362728,1.24279033,2.01855074,0.468356474,0.467658515
0.08574,-0.00998019804,5.94369452,-0.940109087,3.91992288,1.25765785,2.01853791,0.468442703,0.467743205
0.08576,-0.00998019807,5.91731743,-0.965722843,3.84267888,1.27767491,2.01852509,0.468527183,0.467826175
0.08578,-0.00982280442,5.90615605,-0.976106483,3.81311444,1.30657054,2.01851227,0.468609947,0.467907456
0.0858,-0.00951049927,5.91038638,-0.97109625,3.83169672,1.35182843,2.01849947,0.468691029,0.467987081
0.08582,-0.00904820786,5.92994172,-0.950771168,3.89813062,1.42571615,2.01848668,0.46877046,0.468065081
0.08584,-0.00844322082,5.96451363,-0.915451787,4.01136489,1.53985728,2.01847393,0.468848271,0.46814149
0.08586,-0.00770507913,6.01355691,-0.865695123,4.16961542,1.69803619,2.01846121,0.468924496,0.468216336
0.08588,-0.00684542375,6.07629809,-0.802285876,4.37038827,1.89865678,2.01844853,0.468999163,0.46828965
0.0859,-0.00587781194,6.15174772,-0.726224052,4.61051739,2.13860026,2.0184359,0.469072303,0.468361463
0.08592,-0.00481750353,6.23871589,-0.638709192,4.88619479,2.41267111,2.01842628,0.469143951,0.468431808
0.08594,-0.00368122021,6.33583116,-0.541121374,5.19309738,2.56675405,2.01873849,0.469215206,0.468501733
0.08596,-0.00248688185,6.44156195,-0.434999622,5.52642866,2.57182474,2.01942407,0.469290756,0.468575853
0.08598,-0.00125332387,6.55424076,-0.322017618,5.88085737,2.57492259,2.02015874,0.469371789,0.468655368
0.086,-2.33616682e-10,6.67209058,-0.203957134,6.25082135,2.57726751,2.02092805,0.469458562,0.468740528
0.08602,0.00125332341,6.79325287,-0.082680034,6.63048598,2.57890844,2.0217195,0.469551293,0.468831545
0.08604,0.0024868814,6.91581686,0.0399010851,7.01386363,2.57986503,2.02252031,0.469650095,0.468928531
0.08606,0.00368121978,7.03784963,0.161853053,7.39490803,2.5801332,2.0233176,0.469754961,0.469031476
0.08608,0.00481750312,7.15742667,0.281252614,7.76760971,2.57968704,2.02409866,0.469865754,0.469140244
0.0861,0.00587781156,7.27266215,0.396216753,8.12609071,2.57847771,2.02485109,0.469982204,0.46925457
0.08612,0.00684542341,7.38173872,0.5049324,8.46469734,2.57642915,2.02556301,0.470103907,0.469374054
0.08614,0.00770507883,7.48293616,0.605685015,8.77808934,2.57342958,2.0262233,0.47023033,0.469498173
0.08616,0.00844322057,7.5746585,0.69688564,9.06132414,2.56931591,2.02682179,0.470360818,0.469626282
0.08618,0.00904820766,7.65545918,0.777095958,9.30993478,2.56384585,2.0273495,0.470494605,0.469757628
0.0862,0.00951049912,7.7240639,0.845050976,9.52000042,2.55664598,2.02779888,0.470630833,0.469891365
0.08622,0.00982280433,7.77939071,0.899678985,9.6882081,2.54711011,2.02816416,0.470768569,0.470026579
0.08624,0.00998019804,7.82056707,0.940118462,9.81190501,2.53418759,2.02844195,0.470906838,0.470162308
0.08626,0.00998019807,7.8469436,0.965731657,9.88914013,2.51591736,2.02863227,0.471044658,0.470297588
0.08628,0.00982280442,7.85810435,0.976114653,9.91869486,2.48840196,2.02874081,0.471181096,0.470431503
0.0863,0.00951049927,7.85387333,0.971103736,9.90010275,2.44396856,2.02878292,0.471315362,0.470563274
0.08632,0.00904820786,7.83431733,0.950777974,9.83365956,2.37035987,2.02878531,0.471446935,0.470692387
0.08634,0.00844322082,7.79974478,0.915457959,9.72041692,2.2562523,2.02877433,0.471575627,0.470818655
0.08636,0.00770507913,7.75070097,0.865700751,9.56215945,2.09806845,2.02876139,0.471701455,0.470942098
0.08638,0.00684542375,7.68795937,0.802291085,9.36138162,1.89744262,2.02874832,0.471824485,0.471062781
0.0864,0.00587781194,7.61250948,0.726228994,9.12124978,1.65749556,2.02873523,0.471944778,0.471180767
0.08642,0.00481750353,7.52554122,0.638714039,8.84556735,1.38314615,2.02872213,0.472062395,0.471296115
0.08644,0.00368122021,7.42842604,0.541126314,8.53869716,1.21060525,2.02870911,0.472177392,0.471408882
0.08646,0.00248688185,7.32269551,0.435004817,8.20534526,1.20201639,2.0286962,0.472289824,0.471519125
0.08648,0.00125332387,7.21001713,0.322023229,7.85092293,1.19875717,2.02868329,0.472399747,0.471626899
0.0865,2.33584707e-10,7.09216786,0.203963295,7.48096714,1.1965528,2.02867039,0.472507213,0.471732254
0.08652,-0.00125332341,6.97100623,0.0826868479,7.1013118,1.19533691,2.02865749,0.472612274,0.471835244
0.08654,-0.0024868814,6.84844296,-0.0398935559,6.71794398,1.19507957,2.02864459,0.472714979,0.471935917
0.08656,-0.00368121978,6.72641093,-0.16184479,6.3369093,1.19577067,2.02863169,0.472815378,0.472034324
0.08658,-0.00481750312,6.60683461,-0.281243642,5.96421663,1.19741798,2.02861878,0.472913521,0.472130511
0.0866,-0.00587781156,6.49159977,-0.396207143,5.60574337,1.20004824,2.02860589,0.473009454,0.472224528
0.08662,-0.00684542341,6.38252374,-0.504922257,5.26714271,1.20371146,2.02859299,0.473103224,0.472316419
0.08664,-0.00770507883,6.28132669,-0.605674481,4.95375454,1.20848943,2.02858009,0.473194877,0.472406231
0.08666,-0.00844322057,6.1896046,-0.696874878,4.67052118,1.21451105,2.02856719,0.473284458,0.472494007
0.08668,-0.00904820766,6.10880398,-0.777085143,4.42190951,1.22197955,2.02855429,0.473372011,0.472579791
0.0867,-0.00951049912,6.04019914,-0.845040286,4.21184043,1.23122267,2.0285414,0.473457578,0.472663625
0.08672,-0.00982280433,5.98487204,-0.899668589,4.04362711,1.24279034,2.02852851,0.473541203,0.472745552
0.08674,-0.00998019804,5.94369525,-0.940108508,3.91992271,1.25765786,2.02851562,0.473622926,0.472825612
0.08676,-0.00998019807,5.91731817,-0.965722265,3.8426787,1.27767492,2.02850273,0.473702788,0.472903845
0.08678,-0.00982280442,5.90615678,-0.976105906,3.81311426,1.30657056,2.02848985,0.473780829,0.472980291
0.0868,-0.00951049927,5.91038712,-0.971095674,3.83169654,1.35182847,2.02847698,0.473857087,0.473054986
0.08682,-0.00904820786,5.92994245,-0.950770592,3.89813044,1.42571624,2.02846413,0.4739316,0.47312797
0.08684,-0.00844322082,5.96451437,-0.915451211,4.01136472,1.53985747,2.02845131,0.474004406,0.473199278
0.08686,-0.00770507913,6.01355764,-0.865694548,4.16961525,1.69803653,2.02843852,0.474075542,0.473268948
0.08688,-0.00684542375,6.07629883,-0.802285301,4.37038809,1.89865736,2.02842578,0.474145043,0.473337015
0.0869,-0.00587781194,6.15174845,-0.726223478,4.61051722,2.13860176,2.02841308,0.474212946,0.473403512
0.08692,-0.00481750353,6.23871662,-0.638708619,4.88619964,2.41298464,2.02840275,0.474279288,0.473468479
0.08694,-0.00368122021,6.33583189,-0.541120807,5.19309012,2.57640167,2.028695,0.474345167,0.473532959
0.08696,-0.00248688185,6.44156268,-0.434999054,5.52642847,2.58178048,2.02937988,0.474415763,0.473602032
0.08698,-0.00125332387,6.55424149,-0.322017049,5.88085719,2.58487835,2.03011448,0.474492492,0.473677128
0.087,-2.33554509e-10,6.67209131,-0.203956565,6.25082117,2.5872232,2.03088373,0.474575622,0.473758506
0.08702,0.00125332341,6.7932536,-0.0826794653,6.6304858,2.58886407,2.03167512,0.474665378,0.473846384
0.08704,0.0024868814,6.91581759,0.0399016536,7.01386345,2.58982059,2.03247586,0.474761871,0.47394087
0.08706,0.00368121978,7.03785036,0.161853621,7.39490785,2.5900887,2.03327309,0.474865078,0.474041939
0.08708,0.00481750312,7.1574274,0.281253182,7.76760953,2.58964248,2.03405408,0.474974833,0.474149427
0.0871,0.00587781156,7.27266288,0.396217321,8.12609053,2.58843307,2.03480644,0.475090824,0.474263027
0.08712,0.00684542341,7.38173945,0.504932966,8.46469716,2.58638445,2.0355183,0.475212591,0.474382286
0.08714,0.00770507883,7.4829369,0.605685581,8.77808916,2.58338482,2.03617853,0.475339535,0.474506615
0.08716,0.00844322057,7.57465923,0.696886206,9.06132396,2.57927109,2.03677696,0.475470919,0.474635291
0.08718,0.00904820766,7.65545991,0.777096523,9.30993461,2.57380097,2.0373046,0.475605891,0.474767476
0.0872,0.00951049912,7.72406463,0.845051541,9.52000024,2.56660103,2.03775391,0.475743494,0.474902233
0.08722,0.00982280433,7.77939144,0.899679549,9.68820793,2.5570651,2.03811914,0.475882695,0.475038547
0.08724,0.00998019804,7.8205678,0.940119026,9.81190484,2.54414253,2.03839686,0.476022415,0.47517536
0.08726,0.00998019807,7.84694433,0.96573222,9.88913995,2.52587223,2.03858711,0.476161569,0.475311609
0.08728,0.00982280442,7.85810508,0.976115215,9.91869468,2.49835678,2.03869559,0.476299132,0.475446287
0.0873,0.00951049927,7.85387406,0.971104298,9.90010257,2.45392332,2.03873763,0.476434238,0.475578544
0.08732,0.00904820786,7.83431806,0.950778535,9.83365939,2.38031457,2.03873996,0.476566316,0.475707819
0.08734,0.00844322082,7.79974551,0.91545852,9.72041674,2.2662069,2.03872892,0.476695167,0.475833915
0.08736,0.00770507913,7.7507017,0.865701311,9.56215928,2.1080229,2.03871591,0.476820819,0.475956862
0.08738,0.00684542375,7.6879601,0.802291644,9.36138144,1.90739683,2.03870278,0.476943352,0.476076738
0.0874,0.00587781194,7.61251021,0.726229553,9.1212496,1.66744895,2.03868962,0.477062841,0.476193622
0.08742,0.00481750353,7.52554195,0.638714597,8.84556396,1.3928697,2.03867646,0.477179359,0.476307586
0.08744,0.00368122021,7.42842678,0.541126876,8.53870599,1.21141828,2.03866337,0.477292977,0.476418699
0.08746,0.00248688185,7.32269624,0.435005378,8.20534514,1.20201859,2.0386504,0.477403764,0.476527033
0.08748,0.00125332387,7.21001786,0.322023787,7.85092276,1.19875718,2.03863743,0.477511785,0.476632652
0.0875,2.33522535e-10,7.09216859,0.203963853,7.48096696,1.1965528,2.03862446,0.477617106,0.47673562
0.08752,-0.00125332341,6.97100695,0.0826874042,7.10131163,1.19533691,2.0386115,0.477719789,0.476836001
0.08754,-0.0024868814,6.84844369,-0.0398930006,6.7179438,1.19507958,2.03859853,0.477819896,0.476933855
0.08756,-0.00368121978,6.72641165,-0.161844235,6.33690912,1.19577067,2.03858556,0.477917487,0.477029242
0.08758,-0.00481750312,6.60683534,-0.281243089,5.96421646,1.19741798,2.0385726,0.478012621,0.477122221
0.0876,-0.00587781156,6.4916005,-0.39620659,5.6057432,1.20004824,2.03855964,0.478105357,0.477212849
0.08762,-0.00684542341,6.38252446,-0.504921705,5.26714254,1.20371146,2.03854667,0.47819575,0.477301181
0.08764,-0.00770507883,6.28132742,-0.60567393,4.95375436,1.20848943,2.03853371,0.478283855,0.477387273
0.08766,-0.00844322057,6.18960532,-0.696874327,4.67052101,1.21451105,2.03852075,0.478369728,0.477471178
0.08768,-0.00904820766,6.10880471,-0.777084592,4.42190933,1.22197955,2.03850779,0.478453421,0.477552947
0.0877,-0.00951049912,6.04019987,-0.845039736,4.21184026,1.23122267,2.03849483,0.478534984,0.477632632
0.08772,-0.00982280433,5.98487277,-0.89966804,4.04362693,1.24279034,2.03848187,0.47861447,0.477710282
0.08774,-0.00998019804,5.94369598,-0.94010796,3.91992253,1.25765786,2.03846892,0.478691927,0.477785946
0.08776,-0.00998019807,5.91731889,-0.965721717,3.84267852,1.27767493,2.03845597,0.478767403,0.477859672
0.08778,-0.00982280442,5.90615751,-0.976105358,3.81311408,1.30657057,2.03844302,0.478840946,0.477931505
0.0878,-0.00951049927,5.91038784,-0.971095127,3.83169636,1.35182851,2.03843009,0.478912601,0.478001491
0.08782,-0.00904820786,5.92994318,-0.950770046,3.89813027,1.42571633,2.03841717,0.478982413,0.478069674
0.08784,-0.00844322082,5.96451509,-0.915450666,4.01136454,1.53985764,2.03840429,0.479050428,0.478136098
0.08786,-0.00770507913,6.01355837,-0.865694003,4.16961507,1.69803686,2.03839144,0.479116687,0.478200805
0.08788,-0.00684542375,6.07629955,-0.802284757,4.37038791,1.89865794,2.03837863,0.479181233,0.478263836
0.0879,-0.00587781194,6.15174917,-0.726222934,4.61051705,2.13860314,2.03836587,0.479244107,0.478325232
0.08792,-0.00481750353,6.23871735,-0.638708076,4.88620266,2.41320985,2.038355,0.479305354,0.478385036
0.08794,-0.00368122021,6.33583261,-0.541120269,5.19308123,2.58594252,2.03862734,0.479366067,0.478444285
0.08796,-0.00248688185,6.4415634,-0.434998515,5.52642826,2.59171182,2.03931134,0.479431963,0.478508566
0.08798,-0.00125332387,6.55424221,-0.32201651,5.880857,2.59480975,2.04004588,0.479504732,0.478579582
0.088,-2.3349056e-10,6.67209203,-0.203956026,6.25082098,2.59715454,2.04081507,0.479584651,0.478657598
0.08802,0.00125332341,6.79325432,-0.0826789261,6.63048562,2.59879534,2.04160639,0.479671949,0.478742836
0.08804,0.0024868814,6.91581831,0.0399021926,7.01386327,2.5997518,2.04240706,0.47976673,0.478835396
0.08806,0.00368121978,7.03785109,0.16185416,7.39490768,2.60001984,2.04320423,0.479868952,0.478935233
0.08808,0.00481750312,7.15742812,0.28125372,7.76760935,2.59957356,2.04398516,0.479978413,0.479042148
0.0881,0.00587781156,7.2726636,0.396217859,8.12609035,2.5983641,2.04473746,0.480094749,0.479155783
0.08812,0.00684542341,7.38174018,0.504933504,8.46469698,2.59631541,2.04544925,0.480217435,0.479275623
0.08814,0.00770507883,7.48293762,0.605686118,8.77808899,2.59331571,2.04610941,0.480345793,0.479401001
0.08816,0.00844322057,7.57465995,0.696886743,9.06132378,2.58920192,2.04670778,0.480478995,0.479531109
0.08818,0.00904820766,7.65546063,0.777097059,9.30993443,2.58373174,2.04723536,0.480616086,0.479665009
0.0882,0.00951049912,7.72406536,0.845052076,9.52000007,2.57653174,2.04768461,0.480756,0.479801659
0.08822,0.00982280433,7.77939217,0.899680084,9.68820775,2.56699574,2.04804977,0.48089759,0.479939935
0.08824,0.00998019804,7.82056852,0.94011956,9.81190466,2.55407311,2.04832743,0.481039659,0.480078667
0.08826,0.00998019807,7.84694505,0.965732753,9.88913978,2.53580276,2.04851761,0.48118101,0.480216683
0.08828,0.00982280442,7.8581058,0.976115748,9.91869451,2.50828725,2.04862603,0.481320512,0.480352877
0.0883,0.00951049927,7.85387479,0.971104831,9.90010239,2.46385374,2.04866801,0.481457213,0.480486318
0.08832,0.00904820786,7.83431878,0.950779067,9.83365921,2.39024493,2.04867028,0.481590495,0.480616399
0.08834,0.00844322082,7.79974623,0.915459051,9.72041657,2.27613716,2.04865917,0.481720145,0.48074291
0.08836,0.00770507913,7.75070242,0.865701842,9.5621591,2.117953,2.0486461,0.481846204,0.480865895
0.08838,0.00684542375,7.68796082,0.802292174,9.36138127,1.9173267,2.0486329,0.481968771,0.480985453
0.0884,0.00587781194,7.61251093,0.726230083,9.12124942,1.67737809,2.04861968,0.482087941,0.481101677
0.08842,0.00481750353,7.52554267,0.638715126,8.84556118,1.40261522,2.04860645,0.482203802,0.481214658
0.08844,0.00368122021,7.4284275,0.541127409,8.53871592,1.21237662,2.04859329,0.482316441,0.481324483
0.08846,0.00248688185,7.32269697,0.43500591,8.20534498,1.2020213,2.04858026,0.482425943,0.481431235
0.08848,0.00125332387,7.21001858,0.322024317,7.85092258,1.19875717,2.04856722,0.482532391,0.481534998
0.0885,2.33458586e-10,7.09216932,0.203964381,7.48096679,1.19655279,2.04855419,0.482635863,0.481635848
0.08852,-0.00125332341,6.97100768,0.0826879315,7.10131145,1.19533691,2.04854116,0.482736436,0.481733863
0.08854,-0.0024868814,6.84844441,-0.0398924742,6.71794362,1.19507957,2.04852813,0.482834187,0.481829118
0.08856,-0.00368121978,6.72641238,-0.16184371,6.33690894,1.19577067,2.0485151,0.482929188,0.481921685
0.08858,-0.00481750312,6.60683606,-0.281242564,5.96421628,1.19741797,2.04850207,0.483021512,0.482011635
0.0886,-0.00587781156,6.49160122,-0.396206066,5.60574302,1.20004824,2.04848905,0.483111229,0.482099039
0.08862,-0.00684542341,6.38252518,-0.504921182,5.26714236,1.20371145,2.04847602,0.483198407,0.482183962
0.08864,-0.00770507883,6.28132814,-0.605673407,4.95375418,1.20848943,2.04846299,0.483283113,0.482266471
0.08866,-0.00844322057,6.18960604,-0.696873805,4.67052083,1.21451105,2.04844997,0.483365413,0.48234663
0.08868,-0.00904820766,6.10880543,-0.777084071,4.42190915,1.22197955,2.04843694,0.48344537,0.482424502
0.0887,-0.00951049912,6.04020059,-0.845039215,4.21184007,1.23122267,2.04842392,0.483523045,0.482500147
0.08872,-0.00982280433,5.98487349,-0.89966752,4.04362675,1.24279034,2.0484109,0.4835985,0.482573625
0.08874,-0.00998019804,5.9436967,-0.94010744,3.91992235,1.25765786,2.04839788,0.483671792,0.482644993
0.08876,-0.00998019807,5.91731961,-0.965721198,3.84267834,1.27767493,2.04838486,0.48374298,0.482714308
0.08878,-0.00982280442,5.90615823,-0.97610484,3.8131139,1.30657058,2.04837186,0.483812119,0.482781624
0.0888,-0.00951049927,5.91038856,-0.971094609,3.83169618,1.35182854,2.04835886,0.483879264,0.482846995
0.08882,-0.00904820786,5.92994389,-0.950769529,3.89813008,1.4257164,2.04834588,0.483944468,0.482910473
0.08884,-0.00844322082,5.96451581,-0.915450149,4.01136436,1.53985781,2.04833293,0.484007782,0.482972108
0.08886,-0.00770507913,6.01355909,-0.865693487,4.16961489,1.69803718,2.04832002,0.484069258,0.483031951
0.08888,-0.00684542375,6.07630027,-0.802284241,4.37038773,1.89865849,2.04830714,0.484128945,0.483090049
0.0889,-0.00587781194,6.15174989,-0.726222419,4.61051687,2.13860441,2.04829432,0.48418689,0.483146449
0.08892,-0.00481750353,6.23871807,-0.638707561,4.88620506,2.41338965,2.04828301,0.484243144,0.483201202
0.08894,-0.00368122021,6.33583332,-0.54111976,5.19307057,2.59535916,2.0485356,0.484298796,0.483255332
0.08896,-0.00248688185,6.44156412,-0.434998005,5.52642806,2.60161887,2.04921851,0.484360145,0.483314977
0.08898,-0.00125332387,6.55424292,-0.322016,5.88085681,2.60471686,2.04995299,0.484429209,0.483382163
0.089,-2.33428388e-10,6.67209274,-0.203955515,6.2508208,2.60706159,2.05072211,0.484506268,0.483457156
0.08902,0.00125332341,6.79325504,-0.0826784152,6.63048544,2.60870233,2.05151337,0.484591552,0.483540179
0.08904,0.0024868814,6.91581903,0.0399027034,7.01386309,2.60965872,2.05231398,0.484685157,0.483631319
0.08906,0.00368121978,7.0378518,0.161854671,7.39490749,2.6099267,2.05311108,0.484787009,0.483730504
0.08908,0.00481750312,7.15742884,0.28125423,7.76760917,2.60948036,2.05389195,0.484896864,0.483837491
0.0891,0.00587781156,7.27266432,0.396218369,8.12609017,2.60827083,2.05464419,0.485014297,0.483951863
0.08912,0.00684542341,7.38174089,0.504934013,8.4646968,2.60622208,2.05535591,0.485138707,0.484073032
0.08914,0.00770507883,7.48293834,0.605686627,8.77808881,2.60322232,2.05601601,0.485269321,0.48420024
0.08916,0.00844322057,7.57466067,0.696887251,9.06132361,2.59910846,2.05661432,0.485405208,0.48433258
0.08918,0.00904820766,7.65546135,0.777097567,9.30993425,2.59363822,2.05714183,0.485545297,0.484469002
0.0892,0.00951049912,7.72406607,0.845052583,9.51999989,2.58643815,2.05759102,0.485688397,0.484608346
0.08922,0.00982280433,7.77939288,0.899680591,9.68820757,2.5769021,2.05795611,0.485833231,0.484749365
0.08924,0.00998019804,7.82056924,0.940120066,9.81190448,2.56397941,2.05823371,0.485978472,0.484890764
0.08926,0.00998019807,7.84694577,0.965733259,9.8891396,2.545709,2.05842383,0.486122797,0.485031251
0.08928,0.00982280442,7.85810652,0.976116254,9.91869433,2.51819343,2.05853218,0.486264959,0.485169613
0.0893,0.00951049927,7.8538755,0.971105335,9.90010222,2.47375987,2.0585741,0.486403914,0.485304829
0.08932,0.00904820786,7.83431949,0.950779571,9.83365903,2.40015099,2.0585763,0.486538988,0.485436241
0.08934,0.00844322082,7.79974695,0.915459554,9.72041639,2.28604313,2.05856513,0.486669961,0.485563633
0.08936,0.00770507913,7.75070313,0.865702345,9.56215892,2.12785883,2.058552,0.48679689,0.485687064
0.08938,0.00684542375,7.68796153,0.802292677,9.36138109,1.92723228,2.05853873,0.486919897,0.485806657
0.0894,0.00587781194,7.61251165,0.726230584,9.12124923,1.68728303,2.05852545,0.4870391,0.48592253
0.08942,0.00481750353,7.52554338,0.638715627,8.84556085,1.41235017,2.05851216,0.48715461,0.486034792
0.08944,0.00368122021,7.42842822,0.541127914,8.53872693,1.21349993,2.05849893,0.487266533,0.486143551
0.08946,0.00248688185,7.32269768,0.435006414,8.20534486,1.20202444,2.05848583,0.487374974,0.486248911
0.08948,0.00125332387,7.2100193,0.32202482,7.85092241,1.19875717,2.05847273,0.487480036,0.486350973
0.0895,2.33396413e-10,7.09217003,0.203964882,7.48096661,1.19655279,2.05845964,0.487581815,0.486449834
0.08952,-0.00125332341,6.97100839,0.0826884312,7.10131127,1.1953369,2.05844654,0.487680406,0.486545586
0.08954,-0.0024868814,6.84844513,-0.0398919755,6.71794344,1.19507956,2.05843345,0.487775903,0.486638322
0.08956,-0.00368121978,6.72641309,-0.161843212,6.33690876,1.19577066,2.05842036,0.487868394,0.48672813
0.08958,-0.00481750312,6.60683677,-0.281242067,5.9642161,1.19741797,2.05840727,0.487957967,0.486815096
0.0896,-0.00587781156,6.49160193,-0.396205569,5.60574284,1.20004823,2.05839417,0.488044709,0.486899305
0.08962,-0.00684542341,6.3825259,-0.504920686,5.26714218,1.20371145,2.05838108,0.488128701,0.486980837
0.08964,-0.00770507883,6.28132885,-0.605672912,4.953754,1.20848942,2.05836799,0.488210026,0.487059773
0.08966,-0.00844322057,6.18960676,-0.69687331,4.67052065,1.21451104,2.0583549,0.48828876,0.487136188
0.08968,-0.00904820766,6.10880614,-0.777083577,4.42190897,1.22197955,2.05834182,0.488364981,0.487210159
0.0897,-0.00951049912,6.0402013,-0.845038722,4.21183989,1.23122266,2.05832873,0.488438762,0.487281756
0.08972,-0.00982280433,5.9848742,-0.899667027,4.04362657,1.24279034,2.05831564,0.488510176,0.487351052
0.08974,-0.00998019804,5.94369741,-0.940106948,3.91992217,1.25765786,2.05830256,0.488579293,0.487418114
0.08976,-0.00998019807,5.91732032,-0.965720706,3.84267816,1.27767493,2.05828948,0.48864618,0.487483008
0.08978,-0.00982280442,5.90615894,-0.976104348,3.81311372,1.30657059,2.05827641,0.488710904,0.4875458
0.0898,-0.00951049927,5.91038927,-0.971094118,3.831696,1.35182856,2.05826335,0.488773529,0.487606552
0.08982,-0.00904820786,5.9299446,-0.950769038,3.8981299,1.42571648,2.05825031,0.488834118,0.487665325
0.08984,-0.00844322082,5.96451652,-0.915449659,4.01136418,1.53985798,2.05823729,0.48889273,0.487722178
0.08986,-0.00770507913,6.0135598,-0.865692997,4.16961471,1.6980375,2.05822432,0.488949426,0.487777169
0.08988,-0.00684542375,6.07630098,-0.802283753,4.37038755,1.89865904,2.05821138,0.489004263,0.487830354
0.0899,-0.00587781194,6.1517506,-0.726221931,4.61051669,2.1386056,2.05819849,0.489057296,0.487881787
0.08992,-0.00481750353,6.23871878,-0.638707074,4.88620505,2.41355589,2.05818677,0.489108583,0.487931524
0.08994,-0.00368122021,6.33583403,-0.541119278,5.19305795,2.6046298,2.05841988,0.489159203,0.487980579
0.08996,-0.00248688185,6.44156482,-0.434997522,5.52642786,2.61150167,2.05910146,0.489216087,0.488035677
0.08998,-0.00125332387,6.55424363,-0.322015516,5.88085662,2.61459975,2.05983587,0.489281642,0.488099225
0.09,-2.33364439e-10,6.67209345,-0.203955032,6.25082061,2.61694441,2.06060493,0.489356145,0.488171487
0.09002,0.00125332341,6.79325575,-0.0826779315,6.63048526,2.61858509,2.06139613,0.489439824,0.488252679
0.09004,0.0024868814,6.91581974,0.039903187,7.01386291,2.61954142,2.06219667,0.489532755,0.488342871
0.09006,0.00368121978,7.03785251,0.161855154,7.39490731,2.61980934,2.06299371,0.48963483,0.488441953
0.09008,0.00481750312,7.15742955,0.281254713,7.76760899,2.61936293,2.06377452,0.489745748,0.488549629
0.0901,0.00587781156,7.27266503,0.396218851,8.12608999,2.61815333,2.06452669,0.489865012,0.488665413
0.09012,0.00684542341,7.3817416,0.504934495,8.46469662,2.61610452,2.06523835,0.489991931,0.488788628
0.09014,0.00770507883,7.48293904,0.605687109,8.77808863,2.6131047,2.06589839,0.490125624,0.488918416
0.09016,0.00844322057,7.57466138,0.696887732,9.06132343,2.60899078,2.06649663,0.490265041,0.489053752
0.09018,0.00904820766,7.65546206,0.777098047,9.30993407,2.60352047,2.06702408,0.490408978,0.489193463
0.0902,0.00951049912,7.72406678,0.845053063,9.51999971,2.59632035,2.0674732,0.490556103,0.489336254
0.09022,0.00982280433,7.77939359,0.899681071,9.6882074,2.58678423,2.06783824,0.490704994,0.48948074
0.09024,0.00998019804,7.82056995,0.940120545,9.8119043,2.57386148,2.06811577,0.490854179,0.48962549
0.09026,0.00998019807,7.84694648,0.965733738,9.88913942,2.55559101,2.06830583,0.491002194,0.489769081
0.09028,0.00982280442,7.85810722,0.976116732,9.91869415,2.52807539,2.06841412,0.491147666,0.489910178
0.0903,0.00951049927,7.85387621,0.971105813,9.90010204,2.48364178,2.06845597,0.491289452,0.490047668
0.09032,0.00904820786,7.8343202,0.950780048,9.83365886,2.41003284,2.06845811,0.491426819,0.490180839
0.09034,0.00844322082,7.79974766,0.915460031,9.72041621,2.29592488,2.06844687,0.491559539,0.49030947
0.09036,0.00770507913,7.75070384,0.865702821,9.56215875,2.13774043,2.06843367,0.491687694,0.490433644
0.09038,0.00684542375,7.68796224,0.802293152,9.36138091,1.93711366,2.06842035,0.491811436,0.490553512
0.0904,0.00587781194,7.61251236,0.72623106,9.12124906,1.69716381,2.068407,0.491930911,0.490669219
0.09042,0.00481750353,7.52554409,0.638716102,8.84555859,1.42211861,2.06839365,0.492046256,0.490780904
0.09044,0.00368122021,7.42842893,0.541128393,8.53873911,1.21481937,2.06838035,0.492157605,0.490888699
0.09046,0.00248688185,7.3226984,0.435006891,8.20534475,1.2020282,2.06836718,0.492265086,0.490992731
0.09048,0.00125332387,7.21002001,0.322025295,7.85092224,1.19875717,2.06835402,0.492368826,0.491093126
0.0905,2.33332464e-10,7.09217074,0.203965356,7.48096644,1.19655278,2.06834086,0.492468945,0.49119
0.09052,-0.00125332341,6.9710091,0.0826889044,7.1013111,1.1953369,2.06832771,0.492565559,0.491283471
0.09054,-0.0024868814,6.84844583,-0.0398915033,6.71794327,1.19507956,2.06831455,0.492658782,0.491373648
0.09056,-0.00368121978,6.7264138,-0.161842741,6.33690859,1.19577066,2.06830139,0.492748723,0.491460641
0.09058,-0.00481750312,6.60683748,-0.281241596,5.96421593,1.19741797,2.06828824,0.49283549,0.491544553
0.0906,-0.00587781156,6.49160264,-0.396205099,5.60574266,1.20004823,2.06827508,0.492919186,0.491625486
0.09062,-0.00684542341,6.3825266,-0.504920217,5.267142,1.20371145,2.06826193,0.492999911,0.491703539
0.09064,-0.00770507883,6.28132956,-0.605672443,4.95375382,1.20848942,2.06824877,0.493077763,0.491778806
0.09066,-0.00844322057,6.18960746,-0.696872842,4.67052047,1.21451104,2.06823562,0.493152837,0.491851379
0.09068,-0.00904820766,6.10880684,-0.777083109,4.4219088,1.22197955,2.06822247,0.493225222,0.491921349
0.0907,-0.00951049912,6.040202,-0.845038255,4.21183972,1.23122266,2.06820932,0.493295008,0.4919888
0.09072,-0.00982280433,5.9848749,-0.89966656,4.04362639,1.24279034,2.06819617,0.493362281,0.492053817
0.09074,-0.00998019804,5.94369811,-0.940106482,3.91992199,1.25765786,2.06818302,0.493427123,0.49211648
0.09076,-0.00998019807,5.91732103,-0.965720241,3.84267799,1.27767494,2.06816988,0.493489615,0.492176867
0.09078,-0.00982280442,5.90615964,-0.976103883,3.81311355,1.3065706,2.06815674,0.493549835,0.492235054
0.0908,-0.00951049927,5.91038998,-0.971093654,3.83169583,1.35182859,2.06814362,0.493607858,0.492291115
0.09082,-0.00904820786,5.92994531,-0.950768574,3.89812973,1.42571656,2.06813051,0.493663756,0.49234512
0.09084,-0.00844322082,5.96451723,-0.915449196,4.011364,1.53985815,2.06811744,0.493717601,0.492397138
0.09086,-0.00770507913,6.0135605,-0.865692534,4.16961453,1.69803781,2.0681044,0.493769461,0.492447236
0.09088,-0.00684542375,6.07630168,-0.80228329,4.37038738,1.89865959,2.06809139,0.493819403,0.492495478
0.0909,-0.00587781194,6.15175131,-0.726221469,4.61051652,2.13860673,2.06807844,0.493867491,0.492541926
0.09092,-0.00481750353,6.23871948,-0.638706612,4.88620692,2.41366596,2.06806643,0.493913789,0.492586644
0.09094,-0.00368122021,6.33583472,-0.541118822,5.19304311,2.61372376,2.06828032,0.493959367,0.492630629
0.09096,-0.00248688185,6.44156552,-0.434997066,5.52642769,2.62136026,2.06896024,0.494011831,0.492681233
0.09098,-0.00125332387,6.55424433,-0.322015059,5.88085644,2.62445848,2.06969459,0.494074048,0.492741313
0.091,-2.33303155e-10,6.67209415,-0.203954574,6.25082044,2.62680307,2.07046358,0.494146287,0.49281112
0.09102,0.00125332341,6.79325645,-0.0826774738,6.63048508,2.62844369,2.07125472,0.494228766,0.492890859
0.09104,0.0024868814,6.91582044,0.0399036446,7.01386273,2.62939995,2.0720552,0.494321531,0.492980571
0.09106,0.00368121978,7.03785321,0.161855611,7.39490714,2.62966781,2.07285218,0.494424429,0.493080101
0.09108,0.00481750312,7.15743025,0.28125517,7.76760882,2.62922133,2.07363292,0.494537092,0.493189088
0.0911,0.00587781156,7.27266573,0.396219308,8.12608982,2.62801168,2.07438502,0.494658936,0.493306961
0.09112,0.00684542341,7.3817423,0.504934952,8.46469645,2.6259628,2.07509663,0.494789162,0.49343294
0.09114,0.00770507883,7.48293975,0.605687565,8.77808846,2.62296292,2.0757566,0.494926767,0.493566051
0.09116,0.00844322057,7.57466208,0.696888188,9.06132326,2.61884894,2.07635477,0.495070563,0.493705138
0.09118,0.00904820766,7.65546276,0.777098502,9.3099339,2.61337857,2.07688217,0.495219194,0.493848885
0.0912,0.00951049912,7.72406748,0.845053518,9.51999954,2.60617838,2.07733122,0.495371172,0.493995848
0.09122,0.00982280433,7.77939429,0.899681525,9.68820723,2.5966422,2.07769619,0.495524911,0.49414449
0.09124,0.00998019804,7.82057065,0.940120999,9.81190413,2.58371939,2.07797366,0.495678778,0.494293228
0.09126,0.00998019807,7.84694718,0.965734191,9.88913925,2.56544887,2.07816366,0.495831156,0.494440494
0.09128,0.00982280442,7.85810792,0.976117184,9.91869398,2.53793319,2.07827188,0.495980533,0.494584826
0.0913,0.00951049927,7.85387691,0.971106265,9.90010187,2.49349952,2.07831367,0.496125658,0.494725011
0.09132,0.00904820786,7.8343209,0.950780499,9.83365869,2.41989052,2.07831575,0.496265739,0.494860282
0.09134,0.00844322082,7.79974836,0.915460482,9.72041604,2.30578247,2.07830445,0.496400545,0.494990415
0.09136,0.00770507913,7.75070454,0.865703271,9.56215858,2.14759788,2.07829118,0.49653019,0.495115526
0.09138,0.00684542375,7.68796294,0.802293602,9.36138074,1.94697087,2.07827779,0.496654861,0.495235802
0.0914,0.00587781194,7.61251306,0.726231509,9.12124888,1.70702049,2.07826439,0.496774741,0.495351424
0.09142,0.00481750353,7.52554479,0.638716551,8.84555675,1.43188567,2.07825097,0.496890001,0.495462563
0.09144,0.00368122021,7.42842964,0.541128846,8.53875219,1.21635853,2.0782376,0.497000806,0.495569381
0.09146,0.00248688185,7.3226991,0.435007343,8.2053447,1.20203296,2.07822437,0.497107318,0.495672039
0.09148,0.00125332387,7.21002071,0.322025745,7.85092209,1.19875719,2.07821115,0.49720969,0.495770688
0.0915,2.33270292e-10,7.09217144,0.203965805,7.48096628,1.19655279,2.07819792,0.497308071,0.495865474
0.09152,-0.00125332341,6.9710098,0.0826893521,7.10131094,1.1953369,2.0781847,0.497402605,0.495956537
0.09154,-0.0024868814,6.84844653,-0.0398910565,6.71794311,1.19507957,2.07817148,0.497493429,0.496044013
0.09156,-0.00368121978,6.7264145,-0.161842295,6.33690842,1.19577067,2.07815826,0.497580679,0.496128034
0.09158,-0.00481750312,6.60683818,-0.281241151,5.96421576,1.19741797,2.07814504,0.497664483,0.496208727
0.0916,-0.00587781156,6.49160334,-0.396204655,5.6057425,1.20004823,2.07813182,0.497744968,0.496286212
0.09162,-0.00684542341,6.3825273,-0.504919773,5.26714184,1.20371145,2.07811861,0.497822253,0.496360609
0.09164,-0.00770507883,6.28133026,-0.605671999,4.95375366,1.20848942,2.07810539,0.497896456,0.496432031
0.09166,-0.00844322057,6.18960816,-0.696872399,4.6705203,1.21451105,2.07809217,0.49796769,0.496500587
0.09168,-0.00904820766,6.10880754,-0.777082667,4.42190863,1.22197955,2.07807896,0.498036064,0.496566384
0.0917,-0.00951049912,6.0402027,-0.845037813,4.21183955,1.23122267,2.07806574,0.498101682,0.496629524
0.09172,-0.00982280433,5.9848756,-0.899666119,4.04362623,1.24279034,2.07805253,0.498164646,0.496690104
0.09174,-0.00998019804,5.94369881,-0.940106041,3.91992182,1.25765787,2.07803932,0.498225055,0.496748219
0.09176,-0.00998019807,5.91732173,-0.9657198,3.84267782,1.27767495,2.07802612,0.498283001,0.496803962
0.09178,-0.00982280442,5.90616034,-0.976103444,3.81311338,1.30657062,2.07801292,0.498338576,0.49685742
0.0918,-0.00951049927,5.91039067,-0.971093214,3.83169566,1.35182863,2.07799973,0.498391867,0.496908677
0.09182,-0.00904820786,5.92994601,-0.950768136,3.89812956,1.42571664,2.07798656,0.498442961,0.496957817
0.09184,-0.00844322082,5.96451792,-0.915448757,4.01136384,1.53985832,2.07797342,0.498491937,0.497004917
0.09186,-0.00770507913,6.0135612,-0.865692097,4.16961437,1.69803813,2.07796031,0.498538875,0.497050054
0.09188,-0.00684542375,6.07630238,-0.802282853,4.37038721,1.89866014,2.07794725,0.498583851,0.497093302
0.0919,-0.00587781194,6.151752,-0.726221032,4.61051636,2.1386078,2.07793423,0.498626939,0.497134731
0.09192,-0.00481750353,6.23872018,-0.638706176,4.88620839,2.41375388,2.07792197,0.498668211,0.497174413
0.09194,-0.00368122021,6.33583542,-0.541118391,5.19302613,2.62261155,2.07811704,0.498708721,0.497213325
0.09196,-0.00248688185,6.44156622,-0.434996634,5.52642751,2.63119469,2.07879491,0.498756802,0.497259484
0.09198,-0.00125332387,6.55424502,-0.322014627,5.88085627,2.6342931,2.07952919,0.498815858,0.497316268
0.092,-2.33239206e-10,6.67209485,-0.203954141,6.25082026,2.63663763,2.08029813,0.498886143,0.497383913
0.09202,0.00125332341,6.79325715,-0.082677041,6.63048491,2.63827818,2.0810892,0.498967851,0.497462599
0.09204,0.0024868814,6.91582113,0.0399040773,7.01386256,2.63923438,2.08188962,0.499060994,0.497552327
0.09206,0.00368121978,7.03785391,0.161856044,7.39490697,2.63950217,2.08268653,0.499165355,0.497652885
0.09208,0.00481750312,7.15743094,0.281255603,7.76760865,2.63905563,2.08346721,0.499280486,0.49776383
0.0921,0.00587781156,7.27266642,0.39621974,8.12608965,2.63784592,2.08421925,0.499405698,0.497884493
0.09212,0.00684542341,7.381743,0.504935383,8.46469628,2.63579698,2.08493079,0.499540066,0.498013975
0.09214,0.00770507883,7.48294044,0.605687996,8.77808829,2.63279703,2.0855907,0.499682447,0.498151167
0.09216,0.00844322057,7.57466277,0.696888619,9.06132309,2.62868299,2.08618881,0.499831493,0.498294764
0.09218,0.00904820766,7.65546345,0.777098933,9.30993374,2.62321256,2.08671614,0.499985679,0.498443289
0.0922,0.00951049912,7.72406818,0.845053948,9.51999937,2.61601231,2.08716514,0.500143338,0.498595133
0.09222,0.00982280433,7.77939499,0.899681954,9.68820706,2.60647607,2.08753004,0.500302706,0.49874859
0.09224,0.00998019804,7.82057134,0.940121428,9.81190397,2.5935532,2.08780745,0.500461972,0.498901911
0.09226,0.00998019807,7.84694787,0.965734619,9.88913908,2.57528262,2.08799738,0.500619347,0.499053373
0.09228,0.00982280442,7.85810862,0.976117612,9.91869381,2.54776688,2.08810554,0.500773173,0.499201375
0.0923,0.00951049927,7.8538776,0.971106692,9.9001017,2.50333316,2.08814727,0.500922083,0.499344599
0.09232,0.00904820786,7.8343216,0.950780926,9.83365852,2.4297241,2.08814928,0.501065226,0.499482224
0.09234,0.00844322082,7.79974905,0.915460909,9.72041587,2.31561596,2.08813792,0.501202372,0.499614032
0.09236,0.00770507913,7.75070523,0.865703697,9.56215841,2.15743122,2.08812459,0.501333676,0.499740176
0.09238,0.00684542375,7.68796363,0.802294028,9.36138058,1.956804,2.08811114,0.501459373,0.499860891
0.0924,0.00587781194,7.61251375,0.726231934,9.12124872,1.71685311,2.08809767,0.50157969,0.499976401
0.09242,0.00481750353,7.52554548,0.638716976,8.84555407,1.44163159,2.08808418,0.50169484,0.500086918
0.09244,0.00368122021,7.42843034,0.541129274,8.53876607,1.21813999,2.08807075,0.501805028,0.500192644
0.09246,0.00248688185,7.3226998,0.43500777,8.20534464,1.20203837,2.08805745,0.501910454,0.500293775
0.09248,0.00125332387,7.21002141,0.322026171,7.85092194,1.19875721,2.08804417,0.502011309,0.500390498
0.0925,2.33207231e-10,7.09217214,0.20396623,7.48096613,1.19655279,2.08803088,0.502107774,0.500482991
0.09252,-0.00125332341,6.97101049,0.0826897754,7.10131078,1.19533691,2.0880176,0.502200025,0.500571427
0.09254,-0.0024868814,6.84844723,-0.0398906341,6.71794295,1.19507957,2.08800431,0.502288231,0.500655969
0.09256,-0.00368121978,6.72641519,-0.161841873,6.33690826,1.19577067,2.08799103,0.502372556,0.500736776
0.09258,-0.00481750312,6.60683887,-0.28124073,5.9642156,1.19741798,2.08797775,0.502453156,0.500814002
0.0926,-0.00587781156,6.49160403,-0.396204234,5.60574233,1.20004824,2.08796446,0.502530182,0.500887792
0.09262,-0.00684542341,6.38252799,-0.504919353,5.26714167,1.20371146,2.08795118,0.502603779,0.500958288
0.09264,-0.00770507883,6.28133095,-0.60567158,4.95375349,1.20848943,2.0879379,0.502674087,0.501025624
0.09266,-0.00844322057,6.18960885,-0.696871981,4.67052014,1.21451105,2.08792462,0.502741241,0.501089931
0.09268,-0.00904820766,6.10880823,-0.777082249,4.42190847,1.22197956,2.08791134,0.502805368,0.501151333
0.0927,-0.00951049912,6.04020339,-0.845037395,4.21183939,1.23122268,2.08789807,0.502866594,0.50120995
0.09272,-0.00982280433,5.98487629,-0.899665702,4.04362606,1.24279035,2.08788479,0.502925038,0.501265897
0.09274,-0.00998019804,5.9436995,-0.940105624,3.91992166,1.25765788,2.08787152,0.502980812,0.501319285
0.09276,-0.00998019807,5.91732242,-0.965719384,3.84267766,1.27767496,2.08785825,0.503034029,0.501370219
0.09278,-0.00982280442,5.90616103,-0.976103028,3.81311322,1.30657064,2.08784499,0.503084792,0.5014188
0.0928,-0.00951049927,5.91039137,-0.971092799,3.8316955,1.35182867,2.08783173,0.503133203,0.501465126
0.09282,-0.00904820786,5.9299467,-0.950767721,3.8981294,1.42571672,2.0878185,0.50317936,0.501509292
0.09284,-0.00844322082,5.96451861,-0.915448343,4.01136367,1.53985849,2.0878053,0.503223355,0.501551386
0.09286,-0.00770507913,6.01356189,-0.865691683,4.1696142,1.69803844,2.08779213,0.503265279,0.501591496
0.09288,-0.00684542375,6.07630307,-0.802282439,4.37038705,1.89866067,2.087779,0.503305219,0.501629704
0.0929,-0.00587781194,6.15175269,-0.726220619,4.61051619,2.13860883,2.08776592,0.503343256,0.50166609
0.09292,-0.00481750353,6.23872086,-0.638705764,4.88621068,2.41383893,2.08775342,0.503379474,0.501700732
0.09294,-0.00368122021,6.3358361,-0.541117983,5.19300725,2.63126094,2.08793015,0.503414903,0.501734585
0.09296,-0.00248688185,6.4415669,-0.434996226,5.52642732,2.64100499,2.08860553,0.503458652,0.501776364
0.09298,-0.00125332387,6.55424571,-0.322014218,5.8808561,2.64410366,2.08933975,0.503514756,0.501830059
0.093,-2.33177921e-10,6.67209553,-0.203953732,6.25082009,2.64644813,2.09010862,0.503583438,0.501895871
0.09302,0.00125332341,6.79325783,-0.082676632,6.63048474,2.64808862,2.09089963,0.50366486,0.501973946
0.09304,0.0024868814,6.91582182,0.0399044862,7.01386239,2.64904476,2.09169998,0.50375898,0.502064234
0.09306,0.00368121978,7.0378546,0.161856453,7.39490681,2.64931249,2.09249684,0.503865506,0.502166445
0.09308,0.00481750312,7.15743163,0.281256011,7.76760849,2.64886589,2.09327745,0.503983888,0.502280043
0.0931,0.00587781156,7.27266711,0.396220148,8.12608949,2.64765611,2.09402943,0.504113312,0.502404237
0.09312,0.00684542341,7.38174369,0.504935791,8.46469612,2.64560711,2.09474091,0.50425271,0.502537993
0.09314,0.00770507883,7.48294113,0.605688403,8.77808813,2.64260709,2.09540075,0.504400773,0.502680046
0.09316,0.00844322057,7.57466346,0.696889026,9.06132293,2.63849299,2.0959988,0.504555973,0.502828922
0.09318,0.00904820766,7.65546414,0.777099339,9.30993357,2.6330225,2.09652607,0.504716594,0.502982966
0.0932,0.00951049912,7.72406886,0.845054354,9.51999921,2.62582219,2.096975,0.504880772,0.503140384
0.09322,0.00982280433,7.77939567,0.89968236,9.68820689,2.61628589,2.09733984,0.505046541,0.503299285
0.09324,0.00998019804,7.82057203,0.940121833,9.8119038,2.60336296,2.09761718,0.505211894,0.503457742
0.09326,0.00998019807,7.84694856,0.965735024,9.88913892,2.58509232,2.09780705,0.505374863,0.503613861
0.09328,0.00982280442,7.85810931,0.976118017,9.91869365,2.55757653,2.09791515,0.505533627,0.503765898
0.0933,0.00951049927,7.85387829,0.971107096,9.90010154,2.51314276,2.09795682,0.505686699,0.503912424
0.09332,0.00904820786,7.83432228,0.95078133,9.83365836,2.43953364,2.09795876,0.505833169,0.504052567
0.09334,0.00844322082,7.79974974,0.915461311,9.72041571,2.3254254,2.09794734,0.505972819,0.50418612
0.09336,0.00770507913,7.75070592,0.8657041,9.56215825,2.16724053,2.09793395,0.506105855,0.504313289
0.09338,0.00684542375,7.68796432,0.80229443,9.36138041,1.96661308,2.09792043,0.506232571,0.504434366
0.0934,0.00587781194,7.61251444,0.726232336,9.12124855,1.72666173,2.0979069,0.506353249,0.50454963
0.09342,0.00481750353,7.52554617,0.638717377,8.84555307,1.45138614,2.09789335,0.506468157,0.504659342
0.09344,0.00368122021,7.42843103,0.541129679,8.53878026,1.22020449,2.09787985,0.506577548,0.504763753
0.09346,0.00248688185,7.32270049,0.435008174,8.20534459,1.20204483,2.09786649,0.506681668,0.504863103
0.09348,0.00125332387,7.21002209,0.322026573,7.85092178,1.19875722,2.09785314,0.506780752,0.504957621
0.0935,2.33145947e-10,7.09217282,0.203966631,7.48096597,1.19655279,2.09783979,0.506875024,0.505047525
0.09352,-0.00125332341,6.97101118,0.0826901754,7.10131062,1.19533691,2.09782644,0.506964697,0.505133024
0.09354,-0.0024868814,6.84844791,-0.039890235,6.71794278,1.19507957,2.0978131,0.507049977,0.505214316
0.09356,-0.00368121978,6.72641587,-0.161841475,6.3369081,1.19577067,2.09779975,0.507131062,0.505291592
0.09358,-0.00481750312,6.60683955,-0.281240332,5.96421543,1.19741798,2.0977864,0.50720814,0.505365036
0.0936,-0.00587781156,6.49160472,-0.396203837,5.60574217,1.20004824,2.09777306,0.507281393,0.505434823
0.09362,-0.00684542341,6.38252868,-0.504918956,5.26714151,1.20371146,2.09775971,0.507350993,0.505501118
0.09364,-0.00770507883,6.28133163,-0.605671184,4.95375333,1.20848943,2.09774637,0.507417106,0.505564082
0.09366,-0.00844322057,6.18960954,-0.696871585,4.67051997,1.21451106,2.09773303,0.507479891,0.505623868
0.09368,-0.00904820766,6.10880892,-0.777081854,4.4219083,1.22197956,2.09771969,0.507539499,0.505680621
0.0937,-0.00951049912,6.04020408,-0.845037001,4.21183922,1.23122268,2.09770635,0.507596076,0.505734481
0.09372,-0.00982280433,5.98487698,-0.899665308,4.04362589,1.24279035,2.09769301,0.507649761,0.505785581
0.09374,-0.00998019804,5.94370019,-0.940105231,3.91992149,1.25765788,2.09767967,0.507700685,0.505834048
0.09376,-0.00998019807,5.9173231,-0.965718991,3.84267749,1.27767497,2.09766634,0.507748976,0.505880004
0.09378,-0.00982280442,5.90616171,-0.976102635,3.81311305,1.30657066,2.09765301,0.507794755,0.505923564
0.0938,-0.00951049927,5.91039205,-0.971092407,3.83169533,1.35182871,2.0976397,0.507838136,0.505964839
0.09382,-0.00904820786,5.92994738,-0.950767329,3.89812923,1.4257168,2.0976264,0.507879232,0.506003936
0.09384,-0.00844322082,5.9645193,-0.915447952,4.01136351,1.53985866,2.09761313,0.507918147,0.506040955
0.09386,-0.00770507913,6.01356257,-0.865691292,4.16961404,1.69803875,2.0975999,0.507954984,0.506075992
0.09388,-0.00684542375,6.07630375,-0.802282049,4.37038688,1.8986612,2.09758671,0.507989837,0.506109142
0.0939,-0.00587781194,6.15175337,-0.726220229,4.61051603,2.13860982,2.09757356,0.508022801,0.506140491
0.09392,-0.00481750353,6.23872155,-0.638705374,4.88621133,2.41389223,2.09756089,0.508053964,0.506170125
0.09394,-0.00368122021,6.33583678,-0.541117599,5.19298679,2.6396275,2.09771982,0.508084337,0.506198972
0.09396,-0.00248688185,6.44156758,-0.434995842,5.52642714,2.65079123,2.09839216,0.508123842,0.506236477
0.09398,-0.00125332387,6.55424639,-0.322013833,5.88085592,2.65389024,2.09912631,0.508177253,0.506287334
0.094,-2.33113084e-10,6.67209621,-0.203953347,6.25081992,2.65623464,2.09989512,0.508244748,0.506351701
0.09402,0.00125332341,6.79325851,-0.082676246,6.63048457,2.65787507,2.10068607,0.508326439,0.50642967
0.09404,0.0024868814,6.9158225,0.0399048723,7.01386223,2.65883114,2.10148636,0.508422211,0.506521122
0.09406,0.00368121978,7.03785528,0.161856839,7.39490664,2.65909881,2.10228315,0.508531679,0.506625674
0.09408,0.00481750312,7.15743231,0.281256397,7.76760832,2.65865215,2.1030637,0.508654168,0.506742671
0.0941,0.00587781156,7.27266779,0.396220533,8.12608932,2.6574423,2.10381562,0.508788719,0.506871184
0.09412,0.00684542341,7.38174437,0.504936176,8.46469595,2.65539324,2.10452703,0.508934092,0.507010019
0.09414,0.00770507883,7.48294181,0.605688788,8.77808796,2.65239317,2.10518681,0.509088791,0.507157734
0.09416,0.00844322057,7.57466414,0.69688941,9.06132276,2.648279,2.1057848,0.509251082,0.507312666
0.09418,0.00904820766,7.65546482,0.777099723,9.30993341,2.64280844,2.106312,0.509419036,0.507472961
0.0942,0.00951049912,7.72406954,0.845054737,9.51999904,2.63560807,2.10676087,0.509590568,0.507636623
0.09422,0.00982280433,7.77939636,0.899682743,9.68820673,2.62607172,2.10712565,0.509763492,0.507801557
0.09424,0.00998019804,7.82057271,0.940122216,9.81190364,2.61314872,2.10740293,0.509935589,0.507965644
0.09426,0.00998019807,7.84694924,0.965735406,9.88913876,2.59487803,2.10759274,0.510104694,0.508126812
0.09428,0.00982280442,7.85810999,0.976118398,9.91869349,2.56736219,2.10770077,0.510268818,0.508283163
0.0943,0.00951049927,7.85387897,0.971107477,9.90010137,2.52292836,2.10774237,0.510426346,0.508433158
0.09432,0.00904820786,7.83432296,0.95078171,9.83365819,2.44931918,2.10774426,0.510576314,0.508575875
0.09434,0.00844322082,7.79975042,0.915461692,9.72041555,2.33521086,2.10773277,0.510718527,0.508711135
0.09436,0.00770507913,7.7507066,0.86570448,9.56215808,2.17702584,2.10771932,0.510853256,0.508839206
0.09438,0.00684542375,7.687965,0.802294809,9.36138025,1.97639817,2.10770574,0.51098087,0.508960452
0.0944,0.00587781194,7.61251511,0.726232715,9.12124838,1.73644639,2.10769214,0.51110172,0.509075219
0.09442,0.00481750353,7.52554685,0.638717755,8.84555224,1.46112762,2.10767853,0.511216139,0.50918383
0.09444,0.00368122021,7.42843171,0.541130061,8.53879434,1.22257634,2.10766496,0.51132444,0.509286595
0.09446,0.00248688185,7.32270117,0.435008556,8.20534457,1.2020525,2.10765154,0.511426926,0.509383806
0.09448,0.00125332387,7.21002278,0.322026953,7.85092163,1.19875723,2.10763812,0.511523885,0.509475744
0.0945,2.33082886e-10,7.0921735,0.203967009,7.48096581,1.1965528,2.10762471,0.51161559,0.509562673
0.09452,-0.00125332341,6.97101186,0.0826905531,7.10131046,1.19533691,2.1076113,0.511702301,0.509644844
0.09454,-0.0024868814,6.84844859,-0.0398898582,6.71794262,1.19507958,2.10759789,0.511784267,0.509722498
0.09456,-0.00368121978,6.72641655,-0.161841099,6.33690793,1.19577067,2.10758448,0.511861725,0.509795863
0.09458,-0.00481750312,6.60684023,-0.281239957,5.96421527,1.19741798,2.10757107,0.5119349,0.509865156
0.0946,-0.00587781156,6.49160539,-0.396203463,5.605742,1.20004824,2.10755767,0.512004008,0.509930583
0.09462,-0.00684542341,6.38252936,-0.504918582,5.26714134,1.20371146,2.10754426,0.512069255,0.509992341
0.09464,-0.00770507883,6.28133231,-0.605670811,4.95375316,1.20848943,2.10753085,0.512130835,0.510050618
0.09466,-0.00844322057,6.18961021,-0.696871212,4.67051981,1.21451106,2.10751745,0.512188934,0.510105592
0.09468,-0.00904820766,6.10880959,-0.777081481,4.42190814,1.22197956,2.10750404,0.512243729,0.51015743
0.0947,-0.00951049912,6.04020475,-0.845036629,4.21183906,1.23122268,2.10749064,0.512295389,0.510206294
0.09472,-0.00982280433,5.98487765,-0.899664936,4.04362573,1.24279036,2.10747724,0.512344072,0.510252336
0.09474,-0.00998019804,5.94370086,-0.940104859,3.91992133,1.25765789,2.10746384,0.512389932,0.510295702
0.09476,-0.00998019807,5.91732378,-0.96571862,3.84267733,1.27767498,2.10745044,0.512433112,0.510336528
0.09478,-0.00982280442,5.90616239,-0.976102265,3.81311289,1.30657067,2.10743705,0.51247375,0.510374946
0.0948,-0.00951049927,5.91039272,-0.971092037,3.83169517,1.35182874,2.10742367,0.512511976,0.510411079
0.09482,-0.00904820786,5.92994806,-0.950766959,3.89812907,1.42571688,2.10741031,0.512547915,0.510445046
0.09484,-0.00844322082,5.96451997,-0.915447582,4.01136334,1.53985882,2.10739698,0.512581685,0.510476959
0.09486,-0.00770507913,6.01356325,-0.865690923,4.16961387,1.69803905,2.10738369,0.512613397,0.510506924
0.09488,-0.00684542375,6.07630443,-0.802281681,4.37038672,1.89866172,2.10737043,0.512643159,0.510535043
0.0949,-0.00587781194,6.15175405,-0.726219861,4.61051587,2.13861077,2.10735722,0.512671072,0.510561412
0.09492,-0.00481750353,6.23872222,-0.638705007,4.88621182,2.41393495,2.1073444,0.512697233,0.510586125
0.09494,-0.00368122021,6.33583745,-0.541117236,5.19296564,2.64767284,2.10748619,0.512722626,0.510610075
0.09496,-0.00248688185,6.44156825,-0.434995479,5.52642691,2.6605533,2.10815486,0.51275803,0.510643465
0.09498,-0.00125332387,6.55424706,-0.322013469,5.88085574,2.66365288,2.10888895,0.512809075,0.510691802
0.095,-2.330518e-10,6.67209689,-0.203952983,6.25081975,2.66599722,2.10965769,0.512875877,0.51075518
0.09502,0.00125332341,6.79325919,-0.0826758818,6.6304844,2.66763758,2.11044857,0.512958476,0.510833621
0.09504,0.0024868814,6.91582317,0.0399052364,7.01386206,2.6685936,2.1112488,0.513056666,0.510926911
0.09506,0.00368121978,7.03785595,0.161857203,7.39490647,2.6688612,2.11204553,0.513169938,0.511034554
0.09508,0.00481750312,7.15743299,0.281256761,7.76760815,2.66841447,2.11282602,0.513297471,0.511155752
0.0951,0.00587781156,7.27266847,0.396220897,8.12608916,2.66720457,2.11357787,0.51343813,0.511289415
0.09512,0.00684542341,7.38174504,0.504936539,8.46469579,2.66515544,2.11428922,0.513590482,0.511434164
0.09514,0.00770507883,7.48294248,0.605689151,8.7780878,2.6621553,2.11494895,0.513752811,0.511588357
0.09516,0.00844322057,7.57466482,0.696889772,9.06132259,2.65804108,2.11554687,0.513923156,0.511750117
0.09518,0.00904820766,7.6554655,0.777100085,9.30993324,2.65257046,2.11607401,0.514099346,0.511917373
0.0952,0.00951049912,7.72407022,0.845055099,9.51999888,2.64537003,2.11652281,0.514279053,0.512087904
0.09522,0.00982280433,7.77939703,0.899683104,9.68820656,2.63583361,2.11688753,0.514459853,0.512259401
0.09524,0.00998019804,7.82057338,0.940122576,9.81190347,2.62291056,2.11716475,0.514639297,0.512429536
0.09526,0.00998019807,7.84694991,0.965735767,9.88913859,2.60463981,2.11735449,0.514815009,0.512596051
0.09528,0.00982280442,7.85811066,0.976118758,9.91869332,2.57712391,2.11746246,0.514984823,0.51275689
0.0953,0.00951049927,7.85387965,0.971107837,9.90010121,2.53269003,2.117504,0.515146999,0.512910403
0.09532,0.00904820786,7.83432364,0.95078207,9.83365803,2.45908079,2.11750582,0.515300523,0.513055631
0.09534,0.00844322082,7.79975109,0.915462051,9.72041538,2.34497238,2.11749427,0.515445234,0.513192429
0.09536,0.00770507913,7.75070727,0.865704838,9.56215792,2.18678723,2.11748076,0.515581492,0.513321149
0.09538,0.00684542375,7.68796567,0.802295167,9.36138008,1.98615934,2.11746712,0.515709756,0.513442245
0.0954,0.00587781194,7.61251579,0.726233072,9.12124822,1.74620715,2.11745346,0.515830463,0.513556142
0.09542,0.00481750353,7.52554752,0.638718112,8.84555154,1.47085387,2.11743978,0.515944023,0.51366324
0.09544,0.00368122021,7.42843238,0.541130422,8.53880775,1.22528528,2.11742614,0.516050825,0.513763917
0.09546,0.00248688185,7.32270184,0.435008916,8.20534453,1.20206209,2.11741266,0.51615124,0.513858531
0.09548,0.00125332387,7.21002345,0.322027312,7.85092146,1.19875724,2.11739918,0.516245619,0.513947422
0.0955,2.33019826e-10,7.09217418,0.203967367,7.48096564,1.19655279,2.11738571,0.516334293,0.514030908
0.09552,-0.00125332341,6.97101253,0.0826909093,7.10131029,1.19533691,2.11737223,0.516417576,0.514109292
0.09554,-0.0024868814,6.84844926,-0.0398895028,6.71794245,1.19507957,2.11735876,0.516495768,0.514182859
0.09556,-0.00368121978,6.72641722,-0.161840744,6.33690777,1.19577067,2.11734529,0.51656915,0.514251881
0.09558,-0.00481750312,6.6068409,-0.281239603,5.9642151,1.19741797,2.11733181,0.516637992,0.514316614
0.0956,-0.00587781156,6.49160607,-0.396203109,5.60574183,1.20004824,2.11731834,0.516702547,0.514377299
0.09562,-0.00684542341,6.38253003,-0.504918229,5.26714117,1.20371146,2.11730487,0.516763056,0.514434167
0.09564,-0.00770507883,6.28133298,-0.605670458,4.95375299,1.20848943,2.1172914,0.516819746,0.514487434
0.09566,-0.00844322057,6.18961088,-0.69687086,4.67051964,1.21451105,2.11727794,0.516872834,0.514537305
0.09568,-0.00904820766,6.10881026,-0.77708113,4.42190797,1.22197956,2.11726447,0.516922523,0.514583973
0.0957,-0.00951049912,6.04020542,-0.845036278,4.21183889,1.23122268,2.117251,0.516969005,0.514627622
0.09572,-0.00982280433,5.98487832,-0.899664585,4.04362556,1.24279036,2.11723754,0.517012464,0.514668422
0.09574,-0.00998019804,5.94370153,-0.940104509,3.91992116,1.25765789,2.11722408,0.51705307,0.514706539
0.09576,-0.00998019807,5.91732445,-0.96571827,3.84267716,1.27767498,2.11721062,0.517090987,0.514742124
0.09578,-0.00982280442,5.90616306,-0.976101915,3.81311271,1.30657068,2.11719716,0.517126368,0.514775324
0.0958,-0.00951049927,5.91039339,-0.971091688,3.831695,1.35182876,2.11718372,0.517159359,0.514806276
0.09582,-0.00904820786,5.92994873,-0.950766611,3.8981289,1.42571695,2.1171703,0.517190095,0.514835108
0.09584,-0.00844322082,5.96452064,-0.915447234,4.01136317,1.53985897,2.11715691,0.517218708,0.514861944
0.09586,-0.00770507913,6.01356392,-0.865690575,4.1696137,1.69803935,2.11714355,0.51724532,0.514886899
0.09588,-0.00684542375,6.0763051,-0.802281333,4.37038655,1.89866223,2.11713023,0.517270046,0.514910082
0.0959,-0.00587781194,6.15175472,-0.726219515,4.6105157,2.13861169,2.11711695,0.517292996,0.514931597
0.09592,-0.00481750353,6.23872289,-0.63870466,4.88621232,2.41397062,2.117104,0.517314274,0.514951541
0.09594,-0.00368122021,6.33583811,-0.541116894,5.19294494,2.65536123,2.11722939,0.517334829,0.514970773
0.09596,-0.00248688185,6.44156892,-0.434995137,5.52642671,2.67029145,2.11789368,0.517366341,0.515000273
0.09598,-0.00125332387,6.55424773,-0.322013127,5.88085557,2.67339164,2.1186277,0.517415429,0.515046482
0.096,-2.32987851e-10,6.67209755,-0.20395264,6.25081958,2.67573592,2.11939639,0.517482124,0.515109407
0.09602,0.00125332341,6.79325985,-0.0826755387,6.63048423,2.67737622,2.1201872,0.517566367,0.515188972
0.09604,0.0024868814,6.91582384,0.0399055796,7.01386189,2.67833217,2.12098737,0.51766783,0.515284847
0.09606,0.00368121978,7.03785662,0.161857546,7.3949063,2.67859971,2.12178404,0.517785857,0.515396393
0.09608,0.00481750312,7.15743365,0.281257103,7.76760798,2.67815292,2.12256447,0.517919447,0.515522646
0.0961,0.00587781156,7.27266913,0.39622124,8.12608899,2.67694295,2.12331626,0.518067263,0.515662322
0.09612,0.00684542341,7.38174571,0.504936882,8.46469562,2.67489376,2.12402754,0.518227643,0.515813834
0.09614,0.00770507883,7.48294315,0.605689493,8.77808763,2.67189357,2.1246872,0.518398627,0.515975315
0.09616,0.00844322057,7.57466548,0.696890114,9.06132243,2.66777928,2.12528506,0.518577994,0.516144651
0.09618,0.00904820766,7.65546616,0.777100427,9.30993307,2.6623086,2.12581214,0.518763308,0.516319529
0.0962,0.00951049912,7.72407089,0.84505544,9.51999871,2.6551081,2.12626088,0.518951976,0.51649749
0.09622,0.00982280433,7.7793977,0.899683445,9.6882064,2.64557163,2.12662554,0.519141312,0.516675992
0.09624,0.00998019804,7.82057405,0.940122917,9.81190331,2.63264852,2.12690269,0.519328625,0.51685249
0.09626,0.00998019807,7.84695058,0.965736106,9.88913842,2.61437771,2.12709237,0.519511318,0.517024533
0.09628,0.00982280442,7.85811133,0.976119098,9.91869315,2.58686176,2.12720028,0.51968704,0.517189904
0.0963,0.00951049927,7.85388031,0.971108176,9.90010104,2.54242783,2.12724176,0.519853928,0.517346848
0.09632,0.00904820786,7.8343243,0.950782408,9.83365786,2.46881853,2.12724352,0.520010927,0.517494376
0.09634,0.00844322082,7.79975176,0.915462389,9.72041521,2.35471003,2.1272319,0.520157934,0.517632401
0.09636,0.00770507913,7.75070794,0.865705176,9.56215775,2.19652474,2.12721832,0.520295413,0.517761378
0.09638,0.00684542375,7.68796634,0.802295505,9.36137992,1.99589664,2.12720462,0.520423938,0.517881866
0.0964,0.00587781194,7.61251645,0.726233409,9.12124805,1.75594406,2.1271909,0.520544051,0.517994393
0.09642,0.00481750353,7.52554819,0.638718449,8.84555082,1.48056203,2.12717716,0.520656258,0.518099446
0.09644,0.00368122021,7.42843305,0.541130761,8.53881968,1.22835101,2.12716346,0.520761034,0.518197487
0.09646,0.00248688185,7.32270251,0.435009256,8.20534454,1.20207303,2.1271499,0.520858834,0.51828895
0.09648,0.00125332387,7.21002412,0.32202765,7.8509213,1.19875725,2.12713636,0.520950082,0.518374245
0.0965,2.32956765e-10,7.09217484,0.203967703,7.48096548,1.19655278,2.12712283,0.521035178,0.518453752
0.09652,-0.00125332341,6.9710132,0.082691245,7.10131013,1.1953369,2.12710929,0.521114499,0.518527831
0.09654,-0.0024868814,6.84844993,-0.0398891679,6.71794229,1.19507956,2.12709575,0.521188401,0.518596821
0.09656,-0.00368121978,6.72641789,-0.16184041,6.3369076,1.19577066,2.12708222,0.521257217,0.51866104
0.09658,-0.00481750312,6.60684157,-0.281239269,5.96421493,1.19741797,2.12706869,0.521321265,0.518720787
0.0966,-0.00587781156,6.49160673,-0.396202776,5.60574167,1.20004823,2.12705515,0.521380839,0.518776344
0.09662,-0.00684542341,6.38253069,-0.504917897,5.267141,1.20371145,2.12704162,0.52143622,0.518827974
0.09664,-0.00770507883,6.28133365,-0.605670126,4.95375283,1.20848942,2.12702809,0.521487671,0.518875925
0.09666,-0.00844322057,6.18961155,-0.696870529,4.67051947,1.21451105,2.12701456,0.521535438,0.518920431
0.09668,-0.00904820766,6.10881093,-0.777080799,4.4219078,1.22197955,2.12700103,0.521579753,0.518961709
0.0967,-0.00951049912,6.04020609,-0.845035947,4.21183872,1.23122267,2.1269875,0.521620834,0.518999965
0.09672,-0.00982280433,5.98487899,-0.899664255,4.04362539,1.24279035,2.12697397,0.521658886,0.519035392
0.09674,-0.00998019804,5.9437022,-0.940104179,3.91992099,1.25765788,2.12696044,0.521694101,0.519068169
0.09676,-0.00998019807,5.91732511,-0.965717941,3.84267699,1.27767498,2.12694692,0.521726659,0.519098466
0.09678,-0.00982280442,5.90616372,-0.976101586,3.81311255,1.30657069,2.12693341,0.521756729,0.519126441
0.0968,-0.00951049927,5.91039406,-0.971091359,3.83169483,1.35182879,2.1269199,0.521784469,0.519152243
0.09682,-0.00904820786,5.92994939,-0.950766283,3.89812873,1.42571702,2.12690642,0.521810029,0.519176011
0.09684,-0.00844322082,5.9645213,-0.915446906,4.01136301,1.53985913,2.12689296,0.521833549,0.519197876
0.09686,-0.00770507913,6.01356458,-0.865690248,4.16961353,1.69803964,2.12687954,0.521855159,0.519217962
0.09688,-0.00684542375,6.07630576,-0.802281006,4.37038638,1.89866273,2.12686616,0.521874984,0.519236383
0.0969,-0.00587781194,6.15175538,-0.726219188,4.61051553,2.13861258,2.12685282,0.521893138,0.519253248
0.09692,-0.00481750353,6.23872355,-0.638704334,4.88621254,2.41399795,2.12683975,0.52190973,0.519268658
0.09694,-0.00368122021,6.33583877,-0.541116572,5.19292572,2.66263927,2.1269496,0.521925674,0.519283432
0.09696,-0.00248688185,6.44156957,-0.434994816,5.5264265,2.68000558,2.12760868,0.521953579,0.519309341
0.09698,-0.00125332387,6.55424839,-0.322012804,5.88085539,2.68310658,2.12834264,0.522001207,0.51935389
0.097,-2.32925679e-10,6.67209821,-0.203952317,6.2508194,2.6854508,2.12911127,0.522068475,0.519416976
0.09702,0.00125332341,6.79326051,-0.0826752156,6.63048406,2.68709104,2.12990202,0.522155191,0.519498393
0.09704,0.0024868814,6.9158245,0.0399059027,7.01386172,2.68804692,2.13070213,0.522260877,0.519597665
0.09706,0.00368121978,7.03785728,0.161857869,7.39490613,2.6883144,2.13149873,0.52238469,0.519713977
0.09708,0.00481750312,7.15743431,0.281257426,7.76760782,2.68786755,2.13227909,0.52252542,0.51984617
0.0971,0.00587781156,7.2726698,0.396221562,8.12608882,2.68665752,2.13303082,0.522681489,0.519992738
0.09712,0.00684542341,7.38174637,0.504937204,8.46469545,2.68460827,2.13374205,0.522850976,0.520151855
0.09714,0.00770507883,7.48294381,0.605689815,8.77808746,2.68160801,2.13440164,0.523031644,0.520321402
0.09716,0.00844322057,7.57466615,0.696890436,9.06132226,2.67749366,2.13499944,0.523220983,0.520499006
0.09718,0.00904820766,7.65546682,0.777100748,9.30993291,2.67202292,2.13552645,0.523416267,0.520682092
0.0972,0.00951049912,7.72407155,0.845055761,9.51999855,2.66482236,2.13597514,0.523614613,0.520867944
0.09722,0.00982280433,7.77939836,0.899683765,9.68820623,2.65528583,2.13633973,0.523813058,0.521053776
0.09724,0.00998019804,7.82057471,0.940123237,9.81190314,2.64236266,2.13661682,0.524008652,0.521236818
0.09726,0.00998019807,7.84695124,0.965736426,9.88913826,2.62409179,2.13680644,0.524198571,0.521414421
0.09728,0.00982280442,7.85811199,0.976119417,9.91869299,2.59657579,2.13691428,0.524380277,0.521584213
0.0973,0.00951049927,7.85388097,0.971108495,9.90010088,2.55214181,2.1369557,0.524551788,0.521744339
0.09732,0.00904820786,7.83432496,0.950782727,9.83365769,2.47853245,2.1369574,0.524712025,0.521893797
0.09734,0.00844322082,7.79975242,0.915462707,9.72041505,2.36442387,2.13694572,0.524860962,0.522032579
0.09736,0.00770507913,7.7507086,0.865705494,9.56215758,2.20623844,2.13693208,0.524999199,0.522161268
0.09738,0.00684542375,7.687967,0.802295822,9.36137975,2.00561014,2.13691831,0.525127448,0.522280554
0.0974,0.00587781194,7.61251711,0.726233726,9.12124788,1.76565717,2.13690452,0.525246377,0.52239108
0.09742,0.00481750353,7.52554885,0.638718766,8.84555034,1.49025324,2.13689073,0.525356607,0.522493445
0.09744,0.00368122021,7.42843372,0.541131081,8.53882964,1.23181427,2.13687695,0.525458719,0.522588204
0.09746,0.00248688185,7.32270318,0.435009576,8.20534459,1.20208607,2.13686334,0.525553262,0.522675881
0.09748,0.00125332387,7.21002478,0.322027968,7.85092114,1.19875727,2.13684974,0.525640748,0.522756963
0.0975,2.32895481e-10,7.0921755,0.20396802,7.48096532,1.19655278,2.13683614,0.525721654,0.522831905
0.09752,-0.00125332341,6.97101386,0.0826915611,7.10130996,1.1953369,2.13682254,0.525796429,0.522901131
0.09754,-0.0024868814,6.84845059,-0.0398888527,6.71794213,1.19507956,2.13680894,0.525865491,0.522965035
0.09756,-0.00368121978,6.72641855,-0.161840095,6.33690744,1.19577066,2.13679534,0.525929232,0.523023988
0.09758,-0.00481750312,6.60684223,-0.281238955,5.96421477,1.19741797,2.13678174,0.525988019,0.523078335
0.0976,-0.00587781156,6.49160739,-0.396202463,5.6057415,1.20004823,2.13676815,0.526042196,0.523128398
0.09762,-0.00684542341,6.38253135,-0.504917584,5.26714084,1.20371145,2.13675455,0.526092082,0.523174477
0.09764,-0.00770507883,6.2813343,-0.605669814,4.95375266,1.20848942,2.13674096,0.526137975,0.523216853
0.09766,-0.00844322057,6.18961221,-0.696870217,4.67051931,1.21451105,2.13672736,0.526180156,0.523255785
0.09768,-0.00904820766,6.10881159,-0.777080487,4.42190763,1.22197955,2.13671377,0.526218884,0.523291518
0.0977,-0.00951049912,6.04020674,-0.845035636,4.21183856,1.23122267,2.13670018,0.526254402,0.523324276
0.09772,-0.00982280433,5.98487964,-0.899663944,4.04362523,1.24279035,2.13668659,0.526286935,0.523354272
0.09774,-0.00998019804,5.94370285,-0.940103869,3.91992083,1.25765788,2.136673,0.526316696,0.523381701
0.09776,-0.00998019807,5.91732577,-0.965717631,3.84267682,1.27767498,2.13665942,0.526343878,0.523406746
0.09778,-0.00982280442,5.90616438,-0.976101277,3.81311238,1.3065707,2.13664584,0.526368666,0.523429576
0.0978,-0.00951049927,5.91039471,-0.97109105,3.83169466,1.35182882,2.13663227,0.52639123,0.52345035
0.09782,-0.00904820786,5.92995004,-0.950765974,3.89812857,1.42571709,2.13661873,0.526411727,0.523469214
0.09784,-0.00844322082,5.96452196,-0.915446598,4.01136284,1.53985928,2.13660521,0.526430307,0.523486306
0.09786,-0.00770507913,6.01356523,-0.86568994,4.16961337,1.69803992,2.13659172,0.526447105,0.523501754
0.09788,-0.00684542375,6.07630642,-0.802280699,4.37038622,1.89866322,2.13657828,0.526462252,0.523515675
0.0979,-0.00587781194,6.15175604,-0.726218881,4.61051537,2.13861345,2.13656487,0.526475865,0.523528181
0.09792,-0.00481750353,6.23872421,-0.638704027,4.88621268,2.41401999,2.1365517,0.526488057,0.523539376
0.09794,-0.00368122021,6.33583942,-0.541116269,5.19290958,2.66947611,2.13664695,0.526499697,0.523550033
0.09796,-0.00248688185,6.44157023,-0.434994513,5.52642631,2.68969563,2.13729993,0.526524358,0.523572721
0.09798,-0.00125332387,6.55424904,-0.322012501,5.88085523,2.69279777,2.13803382,0.52657111,0.523616154
0.098,-2.3286173e-10,6.67209887,-0.203952013,6.25081924,2.69514192,2.13880238,0.526639723,0.523680087
0.09802,0.00125332341,6.79326117,-0.0826749118,6.63048389,2.6967821,2.13959308,0.526729834,0.523764147
0.09804,0.0024868814,6.91582516,0.0399062066,7.01386155,2.69773792,2.14039312,0.526840771,0.523867676
0.09806,0.00368121978,7.03785793,0.161858173,7.39490597,2.69800534,2.14118966,0.52697147,0.523989652
0.09808,0.00481750312,7.15743497,0.28125773,7.76760765,2.69755843,2.14196996,0.527120469,0.52412868
0.0981,0.00587781156,7.27267045,0.396221866,8.12608866,2.69634833,2.14272163,0.527285915,0.524283004
0.09812,0.00684542341,7.38174703,0.504937507,8.46469529,2.69429902,2.14343279,0.52746559,0.524450529
0.09814,0.00770507883,7.48294447,0.605690118,8.7780873,2.6912987,2.14409232,0.527656946,0.524628857
0.09816,0.00844322057,7.5746668,0.696890738,9.0613221,2.68718429,2.14469006,0.527857157,0.524815331
0.09818,0.00904820766,7.65546748,0.77710105,9.30993275,2.68171349,2.14521701,0.528063178,0.525007096
0.0982,0.00951049912,7.7240722,0.845056063,9.51999838,2.67451287,2.14566563,0.528271817,0.525201167
0.09822,0.00982280433,7.77939901,0.899684067,9.68820607,2.66497627,2.14603016,0.528479819,0.525394503
0.09824,0.00998019804,7.82057536,0.940123538,9.81190298,2.65205305,2.14630719,0.528683963,0.525584103
0.09826,0.00998019807,7.84695189,0.965736727,9.8891381,2.63378212,2.14649675,0.528881193,0.525767125
0.09828,0.00982280442,7.85811264,0.976119718,9.91869283,2.60626606,2.14660453,0.529068789,0.525941045
0.0983,0.00951049927,7.85388162,0.971108795,9.90010072,2.56183203,2.14664588,0.529244658,0.526103924
0.09832,0.00904820786,7.83432562,0.950783027,9.83365753,2.48822262,2.14664752,0.529407717,0.526254769
0.09834,0.00844322082,7.79975307,0.915463006,9.72041489,2.37411395,2.14663578,0.529558048,0.526393673
0.09836,0.00770507913,7.75070925,0.865705793,9.56215742,2.21592839,2.14662207,0.529696416,0.526521378
0.09838,0.00684542375,7.68796765,0.802296121,9.36137959,2.01529988,2.14660824,0.529823701,0.526638729
0.0984,0.00587781194,7.61251776,0.726234024,9.12124772,1.77534656,2.1465944,0.529940722,0.526746508
0.09842,0.00481750353,7.5255495,0.638719063,8.84554993,1.49992506,2.14658054,0.530048236,0.52684544
0.09844,0.00368122021,7.42843437,0.541131382,8.53883684,1.23568765,2.1465667,0.530146946,0.526936192
0.09846,0.00248688185,7.32270383,0.435009877,8.20534472,1.20210242,2.14655301,0.530237512,0.527019389
0.09848,0.00125332387,7.21002543,0.322028268,7.850921,1.19875731,2.14653935,0.530320544,0.527095606
0.0985,2.3283242e-10,7.09217616,0.203968319,7.48096517,1.19655278,2.14652569,0.530396608,0.527165377
0.09852,-0.00125332341,6.97101451,0.0826918584,7.10130981,1.1953369,2.14651203,0.530466231,0.527229196
0.09854,-0.0024868814,6.84845124,-0.0398885562,6.71794198,1.19507957,2.14649837,0.5305299,0.52728752
0.09856,-0.00368121978,6.7264192,-0.1618398,6.33690728,1.19577066,2.14648471,0.53058807,0.527340774
0.09858,-0.00481750312,6.60684288,-0.28123866,5.96421462,1.19741797,2.14647105,0.530641161,0.527389349
0.0986,-0.00587781156,6.49160804,-0.396202168,5.60574135,1.20004823,2.14645739,0.530689564,0.52743361
0.09862,-0.00684542341,6.382532,-0.50491729,5.26714069,1.20371145,2.14644373,0.530733641,0.527473892
0.09864,-0.00770507883,6.28133496,-0.60566952,4.95375251,1.20848943,2.14643007,0.530773726,0.527510507
0.09866,-0.00844322057,6.18961286,-0.696869923,4.67051915,1.21451105,2.14641642,0.53081013,0.527543742
0.09868,-0.00904820766,6.10881224,-0.777080194,4.42190748,1.22197956,2.14640276,0.53084314,0.527573862
0.0987,-0.00951049912,6.04020739,-0.845035343,4.2118384,1.23122268,2.14638911,0.530873021,0.527601113
0.09872,-0.00982280433,5.98488029,-0.899663652,4.04362507,1.24279036,2.14637546,0.530900018,0.52762572
0.09874,-0.00998019804,5.9437035,-0.940103577,3.91992067,1.25765789,2.1463618,0.530924358,0.527647893
0.09876,-0.00998019807,5.91732642,-0.965717339,3.84267667,1.27767499,2.14634816,0.53094625,0.527667825
0.09878,-0.00982280442,5.90616503,-0.976100986,3.81311223,1.30657072,2.14633452,0.530965887,0.527685693
0.0988,-0.00951049927,5.91039536,-0.971090759,3.83169451,1.35182885,2.14632089,0.530983448,0.527701662
0.09882,-0.00904820786,5.92995069,-0.950765683,3.89812841,1.42571717,2.14630728,0.530999098,0.527715883
0.09884,-0.00844322082,5.96452261,-0.915446308,4.01136269,1.53985944,2.1462937,0.531012989,0.527728496
0.09886,-0.00770507913,6.01356588,-0.86568965,4.16961321,1.69804022,2.14628015,0.531025263,0.52773963
0.09888,-0.00684542375,6.07630707,-0.802280409,4.37038606,1.89866372,2.14626664,0.531036048,0.527749405
0.0989,-0.00587781194,6.15175669,-0.726218592,4.61051521,2.13861431,2.14625318,0.531045465,0.527757931
0.09892,-0.00481750353,6.23872486,-0.638703738,4.88621277,2.41403785,2.1462399,0.531053626,0.527765309
0.09894,-0.00368122021,6.33584007,-0.541115985,5.19289766,2.67584776,2.14632154,0.531061352,0.527772264
0.09896,-0.00248688185,6.44157087,-0.43499423,5.5264261,2.69936176,2.14696747,0.531083202,0.527792166
0.09898,-0.00125332387,6.55424968,-0.322012217,5.88085506,2.70246526,2.1477013,0.531129742,0.527835089
0.099,-2.32799557e-10,6.67209951,-0.203951728,6.25081907,2.70480935,2.1484698,0.531200552,0.52790061
0.09902,0.00125332341,6.79326182,-0.0826746263,6.63048373,2.70644946,2.14926043,0.531295054,0.527988149
0.09904,0.0024868814,6.9158258,0.0399064921,7.0138614,2.70740523,2.15006041,0.531412334,0.528096822
0.09906,0.00368121978,7.03785858,0.161858458,7.39490581,2.70767258,2.15085689,0.531551062,0.52822536
0.09908,0.00481750312,7.15743562,0.281258015,7.7676075,2.7072256,2.15163713,0.531709481,0.528372098
0.0991,0.00587781156,7.2726711,0.396222151,8.1260885,2.70601545,2.15238873,0.531885421,0.528534994
0.09912,0.00684542341,7.38174767,0.504937792,8.46469514,2.70396608,2.15309983,0.532076331,0.528711653
0.09914,0.00770507883,7.48294511,0.605690403,8.77808714,2.70096569,2.15375931,0.532279318,0.528899371
0.09916,0.00844322057,7.57466745,0.696891023,9.06132195,2.69685122,2.15435698,0.53249121,0.529095188
0.09918,0.00904820766,7.65546812,0.777101334,9.30993259,2.69138036,2.15488387,0.532708619,0.529295954
0.0992,0.00951049912,7.72407285,0.845056347,9.51999823,2.68417968,2.15533243,0.532928027,0.529498399
0.09922,0.00982280433,7.77939966,0.89968435,9.68820592,2.67464302,2.15569689,0.533145871,0.529699226
0.09924,0.00998019804,7.82057601,0.940123821,9.81190282,2.66171974,2.15597386,0.533358658,0.529895207
0.09926,0.00998019807,7.84695254,0.96573701,9.88913794,2.64344876,2.15616335,0.533563098,0.530083307
0.09928,0.00982280442,7.85811329,0.97612,9.91869267,2.61593265,2.15627108,0.533756296,0.530260867
0.0993,0.00951049927,7.85388227,0.971109077,9.90010056,2.57149857,2.15631237,0.533936066,0.530425881
0.09932,0.00904820786,7.83432626,0.950783308,9.83365738,2.49788909,2.15631394,0.534101345,0.530577387
0.09934,0.00844322082,7.79975371,0.915463288,9.72041473,2.38378034,2.15630214,0.534252356,0.530715618
0.09936,0.00770507913,7.7507099,0.865706074,9.56215727,2.22559465,2.15628837,0.534390068,0.5308415
0.09938,0.00684542375,7.6879683,0.802296401,9.36137943,2.02496594,2.15627448,0.53451556,0.530956062
0.0994,0.00587781194,7.61251841,0.726234305,9.12124757,1.78501226,2.15626057,0.534629828,0.531060252
0.09942,0.00481750353,7.52555014,0.638719343,8.84554957,1.50957664,2.15624665,0.53473379,0.531154935
0.09944,0.00368122021,7.42843502,0.541131664,8.53884075,1.23997655,2.15623274,0.534828289,0.531240907
0.09946,0.00248688185,7.32270448,0.43501016,8.20534488,1.202121,2.15621899,0.534914108,0.531318902
0.09948,0.00125332387,7.21002608,0.32202855,7.85092086,1.19875735,2.15620527,0.534991969,0.531389596
0.0995,2.32767583e-10,7.09217681,0.203968599,7.48096503,1.19655279,2.15619154,0.535062534,0.531453607
0.09952,-0.00125332341,6.97101516,0.0826921377,7.10130967,1.19533691,2.15617782,0.535126414,0.531511502
0.09954,-0.0024868814,6.84845189,-0.0398882777,6.71794183,1.19507957,2.1561641,0.535184171,0.531563803
0.09956,-0.00368121978,6.72641985,-0.161839522,6.33690713,1.19577067,2.15615037,0.535236323,0.53161099
0.09958,-0.00481750312,6.60684352,-0.281238383,5.96421446,1.19741798,2.15613665,0.535283346,0.531653501
0.0996,-0.00587781156,6.49160868,-0.396201891,5.6057412,1.20004824,2.15612293,0.535325678,0.531691741
0.09962,-0.00684542341,6.38253264,-0.504917013,5.26714053,1.20371146,2.15610921,0.535363721,0.53172608
0.09964,-0.00770507883,6.2813356,-0.605669244,4.95375235,1.20848943,2.15609549,0.535397843,0.531756856
0.09966,-0.00844322057,6.1896135,-0.696869648,4.670519,1.21451106,2.15608177,0.535428384,0.531784379
0.09968,-0.00904820766,6.10881288,-0.777079919,4.42190732,1.22197956,2.15606806,0.535455654,0.531808935
0.0997,-0.00951049912,6.04020804,-0.845035069,4.21183825,1.23122269,2.15605434,0.535479938,0.531830783
0.09972,-0.00982280433,5.98488094,-0.899663378,4.04362492,1.24279037,2.15604062,0.535501495,0.53185016
0.09974,-0.00998019804,5.94370415,-0.940103303,3.91992052,1.2576579,2.15602691,0.535520564,0.531867285
0.09976,-0.00998019807,5.91732706,-0.965717066,3.84267651,1.277675,2.1560132,0.535537364,0.531882356
0.09978,-0.00982280442,5.90616567,-0.976100712,3.81311207,1.30657073,2.1559995,0.535552094,0.531895555
0.0998,-0.00951049927,5.91039601,-0.971090487,3.83169436,1.35182889,2.15598581,0.535564936,0.531907048
0.09982,-0.00904820786,5.92995134,-0.950765411,3.89812826,1.42571725,2.15597214,0.535576059,0.531916986
0.09984,-0.00844322082,5.96452325,-0.915446036,4.01136253,1.5398596,2.15595849,0.535585615,0.53192551
0.09986,-0.00770507913,6.01356653,-0.865689378,4.16961306,1.6980405,2.15594488,0.535593744,0.531932745
0.09988,-0.00684542375,6.07630771,-0.802280138,4.37038591,1.89866421,2.15593131,0.535600574,0.531938809
0.0999,-0.00587781194,6.15175733,-0.726218321,4.61051506,2.13861515,2.15591778,0.535606223,0.531943807
0.09992,-0.00481750353,6.2387255,-0.638703468,4.88621281,2.41405235,2.15590442,0.535610798,0.531947836
0.09994,-0.00368122021,6.33584071,-0.541115717,5.19289103,2.68170933,2.15597354,0.53561507,0.531951569
0.09996,-0.00248688185,6.44157151,-0.434993964,5.52642588,2.70900388,2.15661137,0.535634597,0.531969166
0.09998,-0.00125332387,6.55425032,-0.32201195,5.8808549,2.71210911,2.15734514,0.535681649,0.532012225
0.1,-2.32736497e-10,6.67210015,-0.203951461,6.25081891,2.71445314,2.15811357,0.535755572,0.53208011
0.10002,0.00125332341,6.79326246,-0.0826743586,6.63048358,2.71609319,2.15890414,0.53585551,0.532171979
0.10004,0.0024868814,6.91582644,0.03990676,7.01386124,2.71704889,2.15970406,0.535980258,0.532286677
0.10006,0.00368121978,7.03785922,0.161858726,7.39490566,2.71731618,2.16050048,0.53612817,0.532422643
0.10008,0.00481750312,7.15743626,0.281258283,7.76760734,2.71686914,2.16128065,0.536297145,0.532577905
0.1001,0.00587781156,7.27267174,0.396222418,8.12608835,2.71565892,2.1620322,0.536484654,0.532750098
0.10012,0.00684542341,7.38174831,0.50493806,8.46469498,2.71360949,2.16274323,0.536687772,0.532936498
0.10014,0.00770507883,7.48294576,0.60569067,8.77808699,2.71060904,2.16340264,0.53690323,0.533134072
0.10016,0.00844322057,7.57466809,0.696891289,9.06132179,2.70649451,2.16400026,0.53712748,0.533339537
0.10018,0.00904820766,7.65546877,0.777101601,9.30993244,2.70102359,2.16452708,0.537356773,0.533549434
0.1002,0.00951049912,7.72407349,0.845056613,9.51999808,2.69382285,2.16497558,0.537587247,0.533760207
0.10022,0.00982280433,7.7794003,0.899684616,9.68820576,2.68428613,2.16533998,0.537815028,0.533968301
0.10024,0.00998019804,7.82057665,0.940124086,9.81190267,2.67136279,2.16561689,0.538036347,0.534170266
0.10026,0.00998019807,7.84695318,0.965737275,9.88913779,2.65309175,2.16580632,0.538247687,0.534362892
0.10028,0.00982280442,7.85811393,0.976120265,9.91869252,2.62557559,2.16591398,0.538445994,0.534543399
0.1003,0.00951049927,7.85388291,0.971109342,9.90010041,2.58114146,2.16595521,0.538629008,0.534709739
0.10032,0.00904820786,7.8343269,0.950783572,9.83365723,2.50753193,2.16595672,0.538795717,0.534861014
0.10034,0.00844322082,7.79975435,0.915463551,9.72041458,2.39342309,2.16594485,0.538946528,0.534997627
0.10036,0.00770507913,7.75071054,0.865706337,9.56215712,2.23523727,2.16593103,0.539082651,0.535120729
0.10038,0.00684542375,7.68796894,0.802296664,9.36137928,2.03460836,2.16591707,0.539205401,0.53523156
0.1004,0.00587781194,7.61251905,0.726234567,9.12124742,1.79465434,2.1659031,0.539315983,0.535331254
0.10042,0.00481750353,7.52555078,0.638719606,8.84554925,1.51920735,2.16588911,0.539415494,0.535420838
0.10044,0.00368122021,7.42843566,0.541131928,8.53884088,1.24471125,2.16587514,0.539504935,0.535501247
0.10046,0.00248688185,7.32270513,0.435010426,8.20534509,1.20214307,2.16586133,0.539585228,0.535573338
0.10048,0.00125332387,7.21002672,0.322028814,7.85092072,1.19875739,2.16584754,0.539657216,0.53563789
0.1005,2.3270541e-10,7.09217745,0.203968862,7.48096488,1.19655279,2.16583376,0.539721663,0.53569561
0.10052,-0.00125332341,6.9710158,0.0826923998,7.10130952,1.19533691,2.16581997,0.539779269,0.535747141
0.10054,-0.0024868814,6.84845253,-0.0398880165,6.71794168,1.19507957,2.16580619,0.53983067,0.53579307
0.10056,-0.00368121978,6.72642049,-0.161839261,6.33690698,1.19577067,2.1657924,0.539876449,0.535833927
0.10058,-0.00481750312,6.60684416,-0.281238123,5.96421431,1.19741798,2.16577862,0.539917136,0.535870197
0.1006,-0.00587781156,6.49160932,-0.396201632,5.60574104,1.20004824,2.16576483,0.539953212,0.53590232
0.10062,-0.00684542341,6.38253328,-0.504916754,5.26714038,1.20371146,2.16575105,0.539985116,0.535930695
0.10064,-0.00770507883,6.28133624,-0.605668986,4.9537522,1.20848944,2.16573727,0.540013248,0.535955683
0.10066,-0.00844322057,6.18961414,-0.69686939,4.67051885,1.21451106,2.16572349,0.540037969,0.535977613
0.10068,-0.00904820766,6.10881352,-0.777079661,4.42190717,1.22197957,2.16570971,0.540059607,0.535996783
0.1007,-0.00951049912,6.04020868,-0.845034811,4.21183809,1.23122269,2.16569593,0.540078462,0.536013461
0.10072,-0.00982280433,5.98488158,-0.899663121,4.04362477,1.24279037,2.16568215,0.540094803,0.536027892
0.10074,-0.00998019804,5.94370478,-0.940103046,3.91992036,1.25765791,2.16566838,0.540108875,0.536040295
0.10076,-0.00998019807,5.9173277,-0.965716809,3.84267636,1.27767501,2.16565461,0.5401209,0.536050871
0.10078,-0.00982280442,5.90616631,-0.976100456,3.81311192,1.30657075,2.16564084,0.540131079,0.5360598
0.1008,-0.00951049927,5.91039664,-0.971090231,3.8316942,1.35182892,2.16562709,0.540139594,0.536067245
0.10082,-0.00904820786,5.92995197,-0.950765155,3.8981281,1.42571732,2.16561336,0.540146608,0.536073354
0.10084,-0.00844322082,5.96452389,-0.915445781,4.01136238,1.53985975,2.16559965,0.540152272,0.53607826
0.10086,-0.00770507913,6.01356716,-0.865689124,4.16961291,1.69804079,2.16558598,0.54015672,0.536082085
0.10088,-0.00684542375,6.07630834,-0.802279883,4.37038576,1.8986647,2.16557234,0.540160075,0.536084938
0.1009,-0.00587781194,6.15175796,-0.726218066,4.61051491,2.13861597,2.16555875,0.540162448,0.536086918
0.10092,-0.00481750353,6.23872614,-0.638703214,4.88621282,2.41406418,2.1655453,0.540163938,0.536088113
0.10094,-0.00368122021,6.33584134,-0.541115467,5.19289013,2.68705482,2.16560301,0.540165262,0.536089142
0.10096,-0.00248688185,6.44157214,-0.434993714,5.52642565,2.71862194,2.16623169,0.540182989,0.536104935
0.10098,-0.00125332387,6.55425096,-0.3220117,5.88085474,2.72172937,2.16696539,0.540231312,0.536148792
0.101,-2.32673436e-10,6.67210079,-0.20395121,6.25081876,2.72407333,2.16773376,0.540309295,0.536219817
0.10102,0.00125332341,6.79326309,-0.0826741077,6.63048342,2.72571332,2.16852426,0.540415737,0.536316849
0.10104,0.0024868814,6.91582708,0.039907011,7.01386108,2.72666896,2.16932412,0.54054908,0.536438409
0.10106,0.00368121978,7.03785986,0.161858977,7.3949055,2.72693619,2.17012048,0.540707305,0.536582599
0.10108,0.00481750312,7.15743689,0.281258534,7.76760719,2.72648909,2.17090059,0.540887918,0.536747098
0.1011,0.00587781156,7.27267237,0.396222669,8.12608819,2.72527881,2.17165207,0.541087985,0.536929183
0.10112,0.00684542341,7.38174895,0.50493831,8.46469483,2.72322932,2.17236305,0.541304169,0.537125772
0.10114,0.00770507883,7.48294639,0.60569092,8.77808684,2.72022881,2.1730224,0.541532792,0.537333482
0.10116,0.00844322057,7.57466872,0.696891539,9.06132164,2.71611421,2.17361995,0.541769909,0.537548694
0.10118,0.00904820766,7.6554694,0.77710185,9.30993229,2.71064323,2.17414671,0.54201139,0.537767633
0.1012,0.00951049912,7.72407412,0.845056862,9.51999792,2.70344243,2.17459514,0.542253022,0.537986459
0.10122,0.00982280433,7.77940093,0.899684865,9.68820561,2.69390565,2.17495949,0.542490618,0.538201366
0.10124,0.00998019804,7.82057729,0.940124335,9.81190252,2.68098225,2.17523633,0.542720138,0.538408696
0.10126,0.00998019807,7.84695381,0.965737523,9.88913764,2.66271116,2.1754257,0.542937854,0.538605081
0.10128,0.00982280442,7.85811456,0.976120513,9.91869237,2.63519494,2.1755333,0.543140568,0.538787647
0.1013,0.00951049927,7.85388355,0.971109589,9.90010026,2.59076076,2.17557446,0.543325975,0.538954333
0.10132,0.00904820786,7.83432754,0.95078382,9.83365707,2.51715117,2.17557591,0.543493156,0.539104338
0.10134,0.00844322082,7.79975499,0.915463799,9.72041443,2.40304226,2.17556399,0.543642741,0.539238276
0.10136,0.00770507913,7.75071117,0.865706584,9.56215696,2.24485631,2.1755501,0.54377623,0.539357558
0.10138,0.00684542375,7.68796957,0.802296911,9.36137913,2.0442272,2.17553608,0.54389521,0.539463664
0.1014,0.00587781194,7.61251968,0.726234814,9.12124726,1.80427285,2.17552205,0.544001121,0.539557939
0.10142,0.00481750353,7.52555142,0.638719852,8.84554897,1.52881667,2.175508,0.544095264,0.539641586
0.10144,0.00368122021,7.4284363,0.541132176,8.53883715,1.24988267,2.17549396,0.544178815,0.539715693
0.10146,0.00248688185,7.32270576,0.435010675,8.20534536,1.20216923,2.17548009,0.544252844,0.539781242
0.10148,0.00125332387,7.21002736,0.322029062,7.85092058,1.19875744,2.17546624,0.544318321,0.539839121
0.1015,2.32641462e-10,7.09217808,0.203969109,7.48096474,1.19655279,2.17545239,0.544376117,0.539890127
0.10152,-0.00125332341,6.97101643,0.0826926454,7.10130937,1.19533691,2.17543854,0.544427019,0.539934975
0.10154,-0.0024868814,6.84845316,-0.0398877717,6.71794153,1.19507957,2.17542469,0.54447174,0.539974311
0.10156,-0.00368121978,6.72642112,-0.161839017,6.33690683,1.19577067,2.17541085,0.54451092,0.540008717
0.10158,-0.00481750312,6.60684479,-0.281237879,5.96421416,1.19741798,2.175397,0.54454514,0.540038714
0.1016,-0.00587781156,6.49160995,-0.396201389,5.60574089,1.20004824,2.17538315,0.544574919,0.540064771
0.10162,-0.00684542341,6.38253391,-0.504916512,5.26714023,1.20371146,2.17536931,0.544600727,0.54008731
0.10164,-0.00770507883,6.28133687,-0.605668743,4.95375205,1.20848944,2.17535547,0.544622986,0.540106708
0.10166,-0.00844322057,6.18961477,-0.696869148,4.67051869,1.21451106,2.17534162,0.544642074,0.540123304
0.10168,-0.00904820766,6.10881415,-0.77707942,4.42190702,1.22197957,2.17532778,0.54465833,0.540137402
0.1017,-0.00951049912,6.04020931,-0.84503457,4.21183794,1.23122269,2.17531394,0.544672061,0.540149274
0.10172,-0.00982280433,5.98488221,-0.89966288,4.04362461,1.24279037,2.1753001,0.544683538,0.540159161
0.10174,-0.00998019804,5.94370541,-0.940102806,3.91992021,1.25765791,2.17528627,0.544693007,0.540167282
0.10176,-0.00998019807,5.91732833,-0.965716569,3.84267621,1.27767502,2.17527243,0.544700686,0.540173831
0.10178,-0.00982280442,5.90616694,-0.976100216,3.81311177,1.30657076,2.17525861,0.544706772,0.540178982
0.1018,-0.00951049927,5.91039727,-0.971089991,3.83169405,1.35182895,2.17524479,0.544711439,0.540182889
0.10182,-0.00904820786,5.9299526,-0.950764916,3.89812795,1.42571739,2.17523099,0.544714846,0.540185691
0.10184,-0.00844322082,5.96452452,-0.915445542,4.01136223,1.53985991,2.17521723,0.544717132,0.540187513
0.10186,-0.00770507913,6.01356779,-0.865688885,4.16961276,1.69804107,2.17520349,0.544718423,0.540188465
0.10188,-0.00684542375,6.07630897,-0.802279645,4.3703856,1.89866517,2.17518979,0.544718832,0.540188646
0.1019,-0.00587781194,6.15175859,-0.726217828,4.61051475,2.13861677,2.17517614,0.544718459,0.540188145
0.10192,-0.00481750353,6.23872677,-0.638702976,4.88621279,2.41407387,2.17516261,0.544717395,0.540187041
0.10194,-0.00368122021,6.33584197,-0.541115232,5.19289494,2.69187832,2.17521002,0.544716298,0.540185894
0.10196,-0.00248688185,6.44157276,-0.434993482,5.52642536,2.72821549,2.17582847,0.544732749,0.540200378
0.10198,-0.00125332387,6.55425158,-0.322011466,5.88085457,2.73132609,2.1765621,0.54478311,0.540245676
0.102,-2.32611264e-10,6.67210141,-0.203950976,6.25081859,2.73367,2.17733041,0.544866101,0.540320585
0.10202,0.00125332341,6.79326372,-0.0826738729,6.63048326,2.73530992,2.17812086,0.5449801,0.540423559
0.10204,0.0024868814,6.91582771,0.0399072459,7.01386093,2.7362655,2.17892065,0.545123129,0.540552738
0.10206,0.00368121978,7.03786048,0.161859212,7.39490535,2.73653266,2.17971695,0.545292731,0.540705837
0.10208,0.00481750312,7.15743752,0.281258769,7.76760703,2.7360855,2.180497,0.545485971,0.540880143
0.1021,0.00587781156,7.272673,0.396222904,8.12608804,2.73487516,2.18124842,0.54569946,0.541072543
0.10212,0.00684542341,7.38174958,0.504938545,8.46469467,2.73282561,2.18195933,0.545929415,0.541279574
0.10214,0.00770507883,7.48294702,0.605691154,8.77808668,2.72982504,2.18261862,0.54617172,0.541497485
0.10216,0.00844322057,7.57466935,0.696891773,9.06132148,2.72571038,2.18321611,0.54642201,0.541722313
0.10218,0.00904820766,7.65547003,0.777102084,9.30993213,2.72023934,2.18374281,0.546675767,0.541949969
0.1022,0.00951049912,7.72407475,0.845057096,9.51999777,2.71303848,2.18419118,0.546928425,0.542176334
0.10222,0.00982280433,7.77940156,0.899685098,9.68820546,2.70350164,2.18455546,0.547175485,0.542397367
0.10224,0.00998019804,7.82057791,0.940124568,9.81190236,2.69057818,2.18483225,0.547412654,0.542609223
0.10226,0.00998019807,7.84695444,0.965737756,9.88913748,2.67230703,2.18502155,0.547636008,0.542808403
0.10228,0.00982280442,7.85811519,0.976120745,9.91869221,2.64479076,2.18512909,0.547842235,0.542991967
0.1023,0.00951049927,7.85388417,0.971109821,9.9001001,2.60035653,2.18517019,0.54802902,0.543157878
0.10232,0.00904820786,7.83432816,0.950784051,9.83365692,2.52674689,2.18517158,0.548195575,0.543305469
0.10234,0.00844322082,7.79975562,0.91546403,9.72041427,2.41263789,2.18515959,0.548342805,0.543435607
0.10236,0.00770507913,7.7507118,0.865706815,9.56215681,2.25445182,2.18514564,0.548472546,0.543549997
0.10238,0.00684542375,7.6879702,0.802297141,9.36137898,2.05382251,2.18513156,0.548586695,0.543650393
0.1024,0.00587781194,7.61252031,0.726235044,9.12124711,1.81386785,2.18511747,0.548686955,0.543738364
0.10242,0.00481750353,7.52555204,0.638720082,8.84554872,1.53840423,2.18510336,0.548774851,0.543815307
0.10244,0.00368122021,7.42843693,0.541132408,8.53882969,1.25547183,2.18508926,0.548851746,0.543882464
0.10246,0.00248688185,7.32270639,0.435010909,8.20534576,1.20220202,2.18507531,0.548918866,0.543940952
0.10248,0.00125332387,7.21002799,0.322029294,7.85092041,1.19875748,2.1850614,0.548977309,0.543991762
0.1025,2.32579289e-10,7.09217871,0.203969339,7.48096458,1.19655278,2.18504749,0.549028052,0.544035776
0.10252,-0.00125332341,6.97101706,0.0826928752,7.10130921,1.1953369,2.18503358,0.549071969,0.544073779
0.10254,-0.0024868814,6.84845379,-0.0398875427,6.71794137,1.19507956,2.18501967,0.549109839,0.544106468
0.10256,-0.00368121978,6.72642174,-0.161838789,6.33690667,1.19577066,2.18500576,0.549142357,0.544134465
0.10258,-0.00481750312,6.60684542,-0.281237651,5.964214,1.19741797,2.18499186,0.549170143,0.544158321
0.1026,-0.00587781156,6.49161058,-0.396201161,5.60574073,1.20004824,2.18497795,0.549193748,0.544178525
0.10262,-0.00684542341,6.38253454,-0.504916285,5.26714007,1.20371146,2.18496404,0.549213661,0.544195511
0.10264,-0.00770507883,6.28133749,-0.605668517,4.95375189,1.20848943,2.18495014,0.54923032,0.544209665
0.10266,-0.00844322057,6.18961539,-0.696868922,4.67051853,1.21451106,2.18493623,0.549244108,0.544221325
0.10268,-0.00904820766,6.10881477,-0.777079194,4.42190686,1.22197956,2.18492233,0.54925537,0.544230794
0.1027,-0.00951049912,6.04020993,-0.845034344,4.21183778,1.23122268,2.18490843,0.549264407,0.544238337
0.10272,-0.00982280433,5.98488283,-0.899662655,4.04362445,1.24279037,2.18489453,0.549271488,0.54424419
0.10274,-0.00998019804,5.94370604,-0.940102581,3.91992005,1.25765791,2.18488063,0.549276851,0.544248559
0.10276,-0.00998019807,5.91732895,-0.965716345,3.84267605,1.27767502,2.18486673,0.549280705,0.544251628
0.10278,-0.00982280442,5.90616756,-0.976099992,3.8131116,1.30657077,2.18485284,0.549283234,0.544253557
0.1028,-0.00951049927,5.9103979,-0.971089767,3.83169389,1.35182897,2.18483897,0.549284603,0.544254489
0.10282,-0.00904820786,5.92995323,-0.950764693,3.89812779,1.42571745,2.18482511,0.549284955,0.544254549
0.10284,-0.00844322081,5.96452514,-0.915445319,4.01136206,1.53986004,2.18481128,0.549284418,0.544253848
0.10286,-0.00770507913,6.01356842,-0.865688662,4.16961259,1.69804133,2.18479748,0.549283105,0.544252482
0.10288,-0.00684542375,6.0763096,-0.802279422,4.37038544,1.89866563,2.18478372,0.549281115,0.544250539
0.1029,-0.00587781194,6.15175922,-0.726217606,4.61051459,2.13861755,2.18477,0.549278535,0.544248092
0.10292,-0.00481750353,6.23872739,-0.638702754,4.88621273,2.41408185,2.18475639,0.549275444,0.54424521
0.10294,-0.00368122021,6.33584259,-0.541115012,5.19290491,2.69619693,2.18479459,0.549272438,0.544242393
0.10296,-0.00248688185,6.44157338,-0.434993264,5.52642508,2.7377851,2.18540178,0.54928811,0.544256024
0.10298,-0.00125332387,6.5542522,-0.322011248,5.8808544,2.74089933,2.18613535,0.549341249,0.544303356
0.103,-2.32548203e-10,6.67210203,-0.203950757,6.25081843,2.74324318,2.1869036,0.549430165,0.544382829
0.10302,0.00125332341,6.79326434,-0.0826736536,6.6304831,2.74488304,2.18769398,0.549552729,0.544492436
0.10304,0.0024868814,6.91582833,0.0399074654,7.01386076,2.74583856,2.18849371,0.549706462,0.544629874
0.10306,0.00368121978,7.03786111,0.161859431,7.39490518,2.74610566,2.18928994,0.54988841,0.544792421
0.10308,0.00481750312,7.15743814,0.281258988,7.76760687,2.74565844,2.19006994,0.550095135,0.544976931
0.1031,0.00587781156,7.27267362,0.396223123,8.12608788,2.74444804,2.19082129,0.550322753,0.545179871
0.10312,0.00684542341,7.3817502,0.504938764,8.46469452,2.74239842,2.19153215,0.550566999,0.545397376
0.10314,0.00770507883,7.48294764,0.605691373,8.77808653,2.73939779,2.19219137,0.550823295,0.545625317
0.10316,0.00844322057,7.57466997,0.696891992,9.06132133,2.73528307,2.1927888,0.551086846,0.545859387
0.10318,0.00904820766,7.65547065,0.777102303,9.30993197,2.72981197,2.19331544,0.551352739,0.54609519
0.1032,0.00951049912,7.72407537,0.845057314,9.51999761,2.72261105,2.19376375,0.55161606,0.546328347
0.10322,0.00982280433,7.77940218,0.899685316,9.6882053,2.71307416,2.19412797,0.551872013,0.546554602
0.10324,0.00998019804,7.82057854,0.940124786,9.81190221,2.70015064,2.19440469,0.55211607,0.546769951
0.10326,0.00998019807,7.84695506,0.965737973,9.88913733,2.68187943,2.19459393,0.55234414,0.546970797
0.10328,0.00982280442,7.85811581,0.976120962,9.91869206,2.65436311,2.19470141,0.552552827,0.54715417
0.1033,0.00951049927,7.85388479,0.971110038,9.90009994,2.60992883,2.19474245,0.552739846,0.547318091
0.10332,0.00904820786,7.83432878,0.950784268,9.83365676,2.53631913,2.19474378,0.552904586,0.547462074
0.10334,0.00844322081,7.79975624,0.915464246,9.72041412,2.42221005,2.19473172,0.55304828,0.547587275
0.10336,0.00770507913,7.75071242,0.865707031,9.56215665,2.26402385,2.19471771,0.553173149,0.547695732
0.10338,0.00684542375,7.68797082,0.802297357,9.36137882,2.06339436,2.19470357,0.553281432,0.547789493
0.1034,0.00587781194,7.61252093,0.726235259,9.12124695,1.82343938,2.19468941,0.553375126,0.547870374
0.10342,0.00481750353,7.52555266,0.638720296,8.84554848,1.54796971,2.19467524,0.553455992,0.547939968
0.10344,0.00368122021,7.42843755,0.541132624,8.53881902,1.26149562,2.19466108,0.553525586,0.547999678
0.10346,0.00248688185,7.32270702,0.435011127,8.20534622,1.20223922,2.19464707,0.553585293,0.548050745
0.10348,0.00125332387,7.21002861,0.322029511,7.85092027,1.19875754,2.1946331,0.55363634,0.548094264
0.1035,2.32517117e-10,7.09217933,0.203969555,7.48096443,1.19655278,2.19461912,0.553679802,0.548131192
0.10352,-0.00125332341,6.97101768,0.0826930899,7.10130906,1.1953369,2.19460515,0.55371663,0.548162371
0.10354,-0.0024868814,6.84845441,-0.0398873287,6.71794121,1.19507956,2.19459118,0.553747661,0.54818854
0.10356,-0.00368121978,6.72642236,-0.161838575,6.33690652,1.19577066,2.19457721,0.553773633,0.548210348
0.10358,-0.00481750312,6.60684604,-0.281237439,5.96421384,1.19741797,2.19456324,0.553795194,0.548228364
0.1036,-0.00587781156,6.4916112,-0.396200949,5.60574057,1.20004823,2.19454927,0.553812914,0.548243087
0.10362,-0.00684542341,6.38253516,-0.504916073,5.26713991,1.20371145,2.19453531,0.553827294,0.548254952
0.10364,-0.00770507883,6.28133811,-0.605668305,4.95375173,1.20848943,2.19452134,0.553838771,0.54826434
0.10366,-0.00844322057,6.18961601,-0.69686871,4.67051838,1.21451105,2.19450737,0.553847728,0.548271582
0.10368,-0.00904820766,6.10881539,-0.777078983,4.4219067,1.22197956,2.19449341,0.5538545,0.54827697
0.1037,-0.00951049912,6.04021055,-0.845034134,4.21183762,1.23122268,2.19447944,0.55385938,0.548280754
0.10372,-0.00982280433,5.98488345,-0.899662445,4.04362429,1.24279037,2.19446548,0.553862624,0.548283154
0.10374,-0.00998019804,5.94370666,-0.940102371,3.91991989,1.25765791,2.19445152,0.553864453,0.548284362
0.10376,-0.00998019807,5.91732957,-0.965716135,3.84267589,1.27767502,2.19443756,0.553865061,0.548284543
0.10378,-0.00982280442,5.90616818,-0.976099783,3.81311145,1.30657078,2.19442361,0.553864616,0.54828384
0.1038,-0.00951049927,5.91039852,-0.971089558,3.83169373,1.351829,2.19440967,0.553863265,0.548282378
0.10382,-0.00904820786,5.92995384,-0.950764484,3.89812763,1.42571752,2.19439575,0.553861134,0.548280266
0.10384,-0.00844322081,5.96452576,-0.91544511,4.01136191,1.53986019,2.19438186,0.553858336,0.548277597
0.10386,-0.00770507913,6.01356903,-0.865688454,4.16961244,1.6980416,2.194368,0.553854966,0.548274454
0.10388,-0.00684542375,6.07631022,-0.802279214,4.37038528,1.89866609,2.19435418,0.553851108,0.548270906
0.1039,-0.00587781194,6.15175984,-0.726217398,4.61051444,2.13861832,2.1943404,0.553846835,0.548267015
0.10392,-0.00481750353,6.23872801,-0.638702547,4.88621265,2.41408848,2.19432672,0.553842209,0.548262834
0.10394,-0.00368122021,6.3358432,-0.541114807,5.19291907,2.69999864,2.1943568,0.553837771,0.548258809
0.10396,-0.00248688185,6.441574,-0.434993062,5.52642477,2.74733032,2.19495168,0.553853104,0.548271979
0.10398,-0.00125332387,6.55425282,-0.322011044,5.88085423,2.75044916,2.19568517,0.553909705,0.548321862
0.104,-2.32485142e-10,6.67210265,-0.203950553,6.25081827,2.75279295,2.19645336,0.554005407,0.548406485
0.10402,0.00125332341,6.79326495,-0.0826734491,6.63048294,2.75443275,2.19724368,0.554137466,0.5485233
0.10404,0.0024868814,6.91582894,0.0399076701,7.01386061,2.7553882,2.19804336,0.554302824,0.548669494
0.10406,0.00368121978,7.03786172,0.161859636,7.39490503,2.75565525,2.19883952,0.554497956,0.548841856
0.10408,0.00481750312,7.15743876,0.281259193,7.76760672,2.75520796,2.19961946,0.554718869,0.549036769
0.1041,0.00587781156,7.27267424,0.396223328,8.12608772,2.7539975,2.20037075,0.554961141,0.549250254
0.10412,0.00684542341,7.38175081,0.504938968,8.46469436,2.75194782,2.20108154,0.555219995,0.54947803
0.10414,0.00770507883,7.48294826,0.605691577,8.77808637,2.74894713,2.20174071,0.555490375,0.54971559
0.10416,0.00844322057,7.57467059,0.696892196,9.06132117,2.74483235,2.20233807,0.555767048,0.549958289
0.10418,0.00904820766,7.65547127,0.777102506,9.30993182,2.73936119,2.20286465,0.556044712,0.550201442
0.1042,0.00951049912,7.72407599,0.845057517,9.51999746,2.73216021,2.2033129,0.556318116,0.55044043
0.10422,0.00982280433,7.7794028,0.899685519,9.68820514,2.72262326,2.20367706,0.556582191,0.550670817
0.10424,0.00998019804,7.82057915,0.940124989,9.81190205,2.70969968,2.20395372,0.556832198,0.550888473
0.10426,0.00998019807,7.84695568,0.965738176,9.88913717,2.69142842,2.2041429,0.557063913,0.551089739
0.10428,0.00982280442,7.85811642,0.976121164,9.9186919,2.66391204,2.20425031,0.557273896,0.551271654
0.1043,0.00951049927,7.85388541,0.97111024,9.90009979,2.61947771,2.20429129,0.55745993,0.55143234
0.10432,0.00904820786,7.8343294,0.950784469,9.83365661,2.54586796,2.20429256,0.557621634,0.551571528
0.10434,0.00844322081,7.79975685,0.915464447,9.72041396,2.4317588,2.20428044,0.557760622,0.551690708
0.10436,0.00770507913,7.75071303,0.865707232,9.5621565,2.27357248,2.20426637,0.557879543,0.55179228
0.10438,0.00684542375,7.68797143,0.802297558,9.36137866,2.07294279,2.20425217,0.557981018,0.551878611
0.1044,0.00587781194,7.61252154,0.72623546,9.1212468,1.83298751,2.20423795,0.558067351,0.551951766
0.10442,0.00481750353,7.52555328,0.638720497,8.84554826,1.55751292,2.20422372,0.55814055,0.55201354
0.10444,0.00368122021,7.42843816,0.541132826,8.53880572,1.26791918,2.20420949,0.558202371,0.55206549
0.10446,0.00248688185,7.32270764,0.435011331,8.20534679,1.20228324,2.20419541,0.55825435,0.552108977
0.10448,0.00125332387,7.21002923,0.322029713,7.85092012,1.19875762,2.20418138,0.558297832,0.552145182
0.1045,2.32453168e-10,7.09217995,0.203969756,7.48096428,1.19655277,2.20416735,0.558333983,0.552175127
0.10452,-0.00125332341,6.9710183,0.0826932901,7.10130891,1.19533689,2.20415331,0.558363814,0.552199696
0.10454,-0.0024868814,6.84845502,-0.0398871292,6.71794106,1.19507956,2.20413928,0.558388209,0.552219654
0.10456,-0.00368121978,6.72642298,-0.161838376,6.33690637,1.19577066,2.20412525,0.558407932,0.552235665
0.10458,-0.00481750312,6.60684665,-0.28123724,5.96421369,1.19741797,2.20411122,0.558423648,0.552248301
0.1046,-0.00587781156,6.49161181,-0.396200751,5.60574042,1.20004823,2.20409719,0.55843593,0.552258055
0.10462,-0.00684542341,6.38253577,-0.504915875,5.26713976,1.20371145,2.20408316,0.558445275,0.552265353
0.10464,-0.00770507883,6.28133873,-0.605668108,4.95375158,1.20848943,2.20406913,0.558452112,0.55227056
0.10466,-0.00844322057,6.18961663,-0.696868514,4.67051822,1.21451105,2.2040551,0.558456811,0.55227399
0.10468,-0.00904820766,6.108816,-0.777078787,4.42190655,1.22197956,2.20404107,0.558459688,0.552275914
0.1047,-0.00951049912,6.04021116,-0.845033938,4.21183747,1.23122268,2.20402705,0.558461018,0.552276562
0.10472,-0.00982280433,5.98488406,-0.899662249,4.04362414,1.24279037,2.20401302,0.558461035,0.55227613
0.10474,-0.00998019804,5.94370727,-0.940102176,3.91991974,1.25765791,2.203999,0.558459939,0.552274788
0.10476,-0.00998019807,5.91733018,-0.96571594,3.84267574,1.27767502,2.20398498,0.558457903,0.55227268
0.10478,-0.00982280442,5.90616879,-0.976099588,3.8131113,1.30657079,2.20397097,0.558455073,0.552269927
0.1048,-0.00951049927,5.91039913,-0.971089364,3.83169358,1.35182903,2.20395697,0.558451575,0.552266634
0.10482,-0.00904820786,5.92995446,-0.950764289,3.89812748,1.42571759,2.20394299,0.558447517,0.55226289
0.10484,-0.00844322081,5.96452637,-0.915444916,4.01136176,1.53986033,2.20392903,0.558442989,0.552258772
0.10486,-0.00770507913,6.01356965,-0.86568826,4.16961228,1.69804186,2.20391511,0.558438071,0.552254342
0.10488,-0.00684542375,6.07631083,-0.802279021,4.37038513,1.89866654,2.20390123,0.55843283,0.552249656
0.1049,-0.00587781194,6.15176045,-0.726217205,4.61051428,2.13861908,2.20388739,0.558427321,0.552244761
0.10492,-0.00481750353,6.23872862,-0.638702354,4.88621256,2.41409401,2.20387363,0.558421594,0.552239696
0.10494,-0.00368122021,6.33584381,-0.541114616,5.19293632,2.70332179,2.20389663,0.558416133,0.552234853
0.10496,-0.00248688185,6.4415746,-0.434992873,5.52642437,2.75685015,2.20447822,0.558431488,0.552247874
0.10498,-0.00125332387,6.55425342,-0.322010855,5.88085408,2.75997564,2.20521164,0.558492161,0.552300728
0.105,-2.3242297e-10,6.67210326,-0.203950363,6.25081811,2.76231936,2.20597977,0.55859543,0.552390978
0.10502,0.00125332341,6.79326556,-0.0826732588,6.63048278,2.7639591,2.20677003,0.558737821,0.55251544
0.10504,0.0024868814,6.91582955,0.0399078606,7.01386045,2.76491449,2.20756964,0.558915605,0.552670726
0.10506,0.00368121978,7.03786233,0.161859827,7.39490488,2.76518147,2.20836574,0.559124615,0.552853083
0.10508,0.00481750312,7.15743937,0.281259383,7.76760657,2.76473413,2.20914562,0.559360247,0.553058389
0.1051,0.00587781156,7.27267485,0.396223518,8.12608757,2.76352361,2.20989685,0.559617505,0.553282201
0.10512,0.00684542341,7.38175142,0.504939158,8.46469421,2.76147387,2.21060758,0.559891076,0.553519816
0.10514,0.00770507883,7.48294887,0.605691767,8.77808622,2.75847312,2.21126668,0.560175417,0.553766354
0.10516,0.00844322057,7.5746712,0.696892386,9.06132102,2.75435828,2.21186398,0.560464858,0.55401685
0.10518,0.00904820766,7.65547188,0.777102696,9.30993167,2.74888705,2.2123905,0.560753721,0.554266354
0.1052,0.00951049912,7.7240766,0.845057707,9.51999731,2.74168601,2.21283869,0.561036441,0.554510042
0.10522,0.00982280433,7.77940341,0.899685708,9.688205,2.732149,2.21320279,0.561307701,0.55474333
0.10524,0.00998019804,7.82057976,0.940125177,9.8119019,2.71922537,2.21347938,0.56156259,0.554962005
0.10526,0.00998019807,7.84695629,0.965738364,9.88913702,2.70095405,2.21366851,0.561796785,0.555162385
0.10528,0.00982280442,7.85811703,0.976121353,9.91869175,2.67343762,2.21377586,0.562006842,0.555341562
0.1053,0.00951049927,7.85388602,0.971110428,9.90009964,2.62900324,2.21381678,0.562190662,0.555497798
0.10532,0.00904820786,7.83433001,0.950784657,9.83365646,2.55539343,2.21381798,0.56234814,0.555631082
0.10534,0.00844322081,7.79975746,0.915464635,9.72041381,2.4412842,2.2138058,0.562481323,0.555743271
0.10536,0.00770507913,7.75071364,0.865707419,9.56215635,2.28309775,2.21379167,0.562593333,0.555837156
0.10538,0.00684542375,7.68797204,0.802297745,9.36137852,2.08246788,2.21377741,0.562687201,0.555915433
0.1054,0.00587781194,7.61252215,0.726235646,9.12124665,1.84251229,2.21376312,0.562765553,0.555980424
0.10542,0.00481750353,7.52555388,0.638720683,8.84554805,1.56703367,2.21374883,0.562830645,0.556034115
0.10544,0.00368122021,7.42843877,0.541133013,8.53879066,1.27470038,2.21373454,0.562884425,0.556078209
0.10546,0.00248688185,7.32270825,0.435011522,8.20534751,1.20233515,2.2137204,0.562928571,0.556114168
0.10548,0.00125332387,7.21002984,0.322029902,7.85091999,1.19875772,2.2137063,0.562964533,0.556143246
0.1055,2.32392772e-10,7.09218056,0.203969944,7.48096414,1.19655278,2.21369221,0.562993546,0.556166508
0.10552,-0.00125332341,6.9710189,0.0826934766,7.10130877,1.1953369,2.21367811,0.56301667,0.556184864
0.10554,-0.0024868814,6.84845563,-0.0398869435,6.71794092,1.19507956,2.21366402,0.563034813,0.556199088
0.10556,-0.00368121978,6.72642359,-0.161838191,6.33690622,1.19577066,2.21364993,0.563048751,0.556209841
0.10558,-0.00481750312,6.60684726,-0.281237056,5.96421355,1.19741797,2.21363583,0.563059147,0.556217682
0.1056,-0.00587781156,6.49161242,-0.396200567,5.60574028,1.20004823,2.21362174,0.563066564,0.556223087
0.10562,-0.00684542341,6.38253638,-0.504915692,5.26713961,1.20371145,2.21360765,0.563071481,0.556226458
0.10564,-0.00770507883,6.28133933,-0.605667925,4.95375143,1.20848943,2.21359356,0.563074307,0.556228136
0.10566,-0.00844322057,6.18961723,-0.696868331,4.67051808,1.21451106,2.21357947,0.563075386,0.556228408
0.10568,-0.00904820766,6.10881661,-0.777078604,4.4219064,1.22197956,2.21356538,0.56307501,0.556227514
0.1057,-0.00951049912,6.04021177,-0.845033755,4.21183732,1.23122269,2.21355129,0.563073425,0.556225658
0.10572,-0.00982280433,5.98488467,-0.899662067,4.043624,1.24279037,2.21353721,0.563070838,0.55622301
0.10574,-0.00998019804,5.94370787,-0.940101994,3.91991959,1.25765791,2.21352313,0.563067423,0.556219712
0.10576,-0.00998019807,5.91733079,-0.965715758,3.84267559,1.27767503,2.21350905,0.563063326,0.556215883
0.10578,-0.00982280442,5.9061694,-0.976099407,3.81311115,1.3065708,2.21349497,0.56305867,0.556211621
0.1058,-0.00951049927,5.91039973,-0.971089182,3.83169343,1.35182906,2.21348091,0.563053557,0.556207009
0.10582,-0.00904820786,5.92995506,-0.950764109,3.89812733,1.42571766,2.21346686,0.563048073,0.556202115
0.10584,-0.00844322081,5.96452698,-0.915444735,4.01136161,1.53986048,2.21345285,0.563042289,0.556196997
0.10586,-0.00770507913,6.01357025,-0.86568808,4.16961214,1.69804213,2.21343887,0.563036267,0.556191703
0.10588,-0.00684542375,6.07631143,-0.802278841,4.37038499,1.898667,2.21342492,0.563030055,0.556186271
0.1059,-0.00587781194,6.15176105,-0.726217025,4.61051414,2.13861984,2.21341102,0.563023696,0.556180734
0.10592,-0.00481750353,6.23872922,-0.638702174,4.88621247,2.41409868,2.21339719,0.563017224,0.556175119
0.10594,-0.00368122021,6.33584442,-0.541114438,5.19295533,2.70621444,2.21341403,0.563011065,0.556169766
0.10596,-0.00248688185,6.4415752,-0.434992699,5.52642395,2.76634571,2.21398146,0.563026715,0.556182857
0.10598,-0.00125332387,6.55425403,-0.322010679,5.88085392,2.76947881,2.2147148,0.563091986,0.556239001
0.106,-2.32359021e-10,6.67210386,-0.203950186,6.25081796,2.77182247,2.21548287,0.563203515,0.556335234
0.10602,0.00125332341,6.79326617,-0.082673082,6.63048263,2.77346215,2.21627307,0.563356971,0.556467642
0.10604,0.0024868814,6.91583016,0.0399080376,7.0138603,2.77441748,2.21707262,0.563547853,0.556632189
0.10606,0.00368121978,7.03786293,0.161860004,7.39490473,2.7746844,2.21786866,0.563771281,0.556824532
0.10608,0.00481750312,7.15743997,0.281259561,7.76760642,2.77423699,2.21864847,0.564021988,0.557040017
0.1061,0.00587781156,7.27267545,0.396223695,8.12608743,2.77302641,2.21939964,0.564294372,0.557273723
0.10612,0.00684542341,7.38175203,0.504939335,8.46469406,2.77097661,2.22011031,0.564582568,0.55752053
0.10614,0.00770507883,7.48294947,0.605691944,8.77808607,2.7679758,2.22076935,0.564880545,0.557775201
0.10616,0.00844322057,7.5746718,0.696892562,9.06132088,2.7638609,2.22136659,0.565182209,0.558032475
0.10618,0.00904820766,7.65547248,0.777102872,9.30993152,2.75838961,2.22189305,0.565481526,0.558287172
0.1062,0.00951049912,7.7240772,0.845057883,9.51999716,2.75118852,2.22234118,0.565772646,0.558534302
0.10622,0.00982280433,7.77940401,0.899685884,9.68820485,2.74165144,2.22270521,0.566050041,0.558769176
0.10624,0.00998019804,7.82058036,0.940125353,9.81190176,2.72872775,2.22298175,0.566308663,0.55898754
0.10626,0.00998019807,7.84695689,0.96573854,9.88913688,2.71045638,2.22317081,0.566544136,0.559185735
0.10628,0.00982280442,7.85811764,0.976121528,9.91869161,2.6829399,2.2232781,0.566753053,0.559360944
0.1063,0.00951049927,7.85388662,0.971110603,9.9000995,2.63850547,2.22331896,0.566933478,0.559511608
0.10632,0.00904820786,7.83433061,0.950784832,9.83365631,2.56489561,2.2233201,0.567085632,0.559638011
0.10634,0.00844322081,7.79975806,0.915464809,9.72041367,2.45078629,2.22330786,0.567212043,0.559742407
0.10636,0.00770507913,7.75071424,0.865707593,9.5621562,2.29259972,2.22329367,0.567316346,0.559827996
0.10638,0.00684542375,7.68797264,0.802297918,9.36137837,2.09196967,2.22327934,0.567402,0.55989781
0.1064,0.00587781194,7.61252275,0.72623582,9.1212465,1.85201379,2.223265,0.567471959,0.55995442
0.10642,0.00481750353,7.52555449,0.638720856,8.84554787,1.57653184,2.22325064,0.567528724,0.559999993
0.10644,0.00368122021,7.42843938,0.541133187,8.53877443,1.28184723,2.22323629,0.567574418,0.560036355
0.10646,0.00248688185,7.32270885,0.435011699,8.20534818,1.20240028,2.22322208,0.567610847,0.56006505
0.10648,0.00125332387,7.21003044,0.322030077,7.85091988,1.19875786,2.22320793,0.56763954,0.560087382
0.1065,2.32328823e-10,7.09218116,0.203970118,7.48096401,1.19655278,2.22319377,0.567661786,0.56010444
0.10652,-0.00125332341,6.97101951,0.0826936498,7.10130863,1.1953369,2.22317961,0.567678668,0.560117136
0.10654,-0.0024868814,6.84845623,-0.039886771,6.71794078,1.19507957,2.22316546,0.567691099,0.560126236
0.10656,-0.00368121978,6.72642419,-0.16183802,6.33690608,1.19577067,2.2231513,0.567699848,0.560132378
0.10658,-0.00481750312,6.60684786,-0.281236884,5.96421341,1.19741798,2.22313715,0.567705558,0.560136096
0.1066,-0.00587781156,6.49161302,-0.396200396,5.60574014,1.20004824,2.223123,0.567708768,0.560137835
0.10662,-0.00684542341,6.38253698,-0.504915521,5.26713947,1.20371146,2.22310884,0.567709928,0.560137963
0.10664,-0.00770507884,6.28133993,-0.605667755,4.95375129,1.20848944,2.22309469,0.567709413,0.560136784
0.10666,-0.00844322057,6.18961783,-0.696868161,4.67051794,1.21451106,2.22308054,0.567707533,0.560134552
0.10668,-0.00904820766,6.10881721,-0.777078434,4.42190626,1.22197957,2.22306639,0.567704547,0.560131473
0.1067,-0.00951049912,6.04021237,-0.845033586,4.21183718,1.23122269,2.22305224,0.567700667,0.560127718
0.10672,-0.00982280433,5.98488527,-0.899661898,4.04362385,1.24279038,2.22303809,0.56769607,0.560123427
0.10674,-0.00998019804,5.94370847,-0.940101825,3.91991945,1.25765792,2.22302395,0.567690899,0.560118713
0.10676,-0.00998019807,5.91733139,-0.96571559,3.84267545,1.27767505,2.22300981,0.567685273,0.560113669
0.10678,-0.00982280442,5.90617,-0.976099238,3.81311101,1.30657082,2.22299567,0.567679288,0.560108369
0.1068,-0.00951049927,5.91040033,-0.971089014,3.83169329,1.35182909,2.22298155,0.567673022,0.560102874
0.10682,-0.00904820786,5.92995566,-0.950763941,3.89812719,1.42571773,2.22296744,0.567666541,0.560097233
0.10684,-0.00844322081,5.96452758,-0.915444568,4.01136147,1.53986063,2.22295337,0.567659896,0.560091485
0.10686,-0.00770507913,6.01357085,-0.865687912,4.169612,1.6980424,2.22293932,0.567653131,0.560085663
0.10688,-0.00684542375,6.07631203,-0.802278674,4.37038485,1.89866745,2.22292532,0.567646279,0.560079792
0.1069,-0.00587781194,6.15176165,-0.726216859,4.610514,2.13862058,2.22291135,0.567639368,0.560073892
0.10692,-0.00481750353,6.23872982,-0.638702008,4.88621237,2.41410265,2.22289746,0.567632422,0.560067979
0.10694,-0.00368122021,6.33584501,-0.541114273,5.19297519,2.70867806,2.22290904,0.567625817,0.560062348
0.10696,-0.00248688185,6.4415758,-0.434992537,5.52642348,2.77581604,2.22346146,0.567641943,0.560075641
0.10698,-0.00125332387,6.55425462,-0.322010516,5.88085378,2.77895874,2.22419471,0.567712249,0.560135288
0.107,-2.32297737e-10,6.67210446,-0.203950023,6.25081781,2.78130233,2.22496272,0.567832642,0.560237744
0.10702,0.00125332341,6.79326676,-0.0826729181,6.63048249,2.78294195,2.22575286,0.56799779,0.560378256
0.10704,0.0024868814,6.91583075,0.0399082017,7.01386016,2.78389722,2.22655234,0.568202314,0.560552068
0.10706,0.00368121978,7.03786353,0.161860168,7.39490459,2.78416408,2.22734833,0.568440548,0.560754205
0.10708,0.00481750312,7.15744057,0.281259725,7.76760628,2.78371661,2.22812808,0.568706516,0.560979461
0.1071,0.00587781156,7.27267605,0.396223859,8.12608729,2.78250597,2.22887919,0.568993984,0.561222433
0.10712,0.00684542341,7.38175263,0.504939499,8.46469392,2.78045611,2.2295898,0.56929653,0.561477597
0.10714,0.00770507883,7.48295007,0.605692108,8.77808593,2.77745523,2.23024878,0.569607642,0.561739384
0.10716,0.00844322057,7.5746724,0.696892726,9.06132074,2.77334027,2.23084596,0.569920825,0.562002274
0.10718,0.00904820766,7.65547308,0.777103035,9.30993138,2.76786893,2.23137235,0.570229717,0.562260897
0.1072,0.00951049912,7.7240778,0.845058046,9.51999702,2.76066777,2.23182042,0.570528221,0.562510141
0.10722,0.00982280433,7.77940461,0.899686047,9.68820471,2.75113064,2.23218439,0.570810638,0.56274526
0.10724,0.00998019804,7.82058096,0.940125516,9.81190162,2.73820689,2.23246087,0.571071825,0.562962003
0.10726,0.00998019807,7.84695749,0.965738702,9.88913674,2.71993546,2.23264987,0.571307395,0.563156777
0.10728,0.00982280442,7.85811823,0.97612169,9.91869147,2.69241893,2.2327571,0.571514024,0.563326895
0.1073,0.00951049927,7.85388722,0.971110765,9.90009936,2.64798445,2.23279789,0.571689978,0.563471013
0.10732,0.00904820786,7.83433121,0.950784993,9.83365617,2.57437454,2.23279897,0.571835854,0.563589737
0.10734,0.00844322081,7.79975866,0.915464971,9.72041353,2.46026515,2.23278668,0.571954702,0.563685743
0.10736,0.00770507913,7.75071484,0.865707754,9.56215606,2.30207846,2.23277242,0.572050703,0.563762653
0.10738,0.00684542375,7.68797324,0.802298079,9.36137823,2.10144823,2.23275803,0.572127758,0.563823827
0.1074,0.00587781194,7.61252335,0.72623598,9.12124636,1.86149206,2.23274363,0.572189142,0.563872072
0.10742,0.00481750353,7.52555508,0.638721017,8.84554769,1.58600735,2.23272921,0.572237589,0.563909712
0.10744,0.00368122021,7.42843997,0.541133349,8.5387579,1.28930699,2.2327148,0.572275375,0.563938675
0.10746,0.00248688185,7.32270945,0.435011863,8.20534917,1.20247392,2.23270052,0.572304406,0.563960559
0.10748,0.00125332387,7.21003104,0.32203024,7.85091975,1.198758,2.2326863,0.572326272,0.563976693
0.1075,2.3226665e-10,7.09218176,0.203970279,7.48096388,1.19655279,2.23267209,0.572342285,0.563988165
0.10752,-0.00125332341,6.9710201,0.0826938104,7.1013085,1.19533691,2.23265787,0.572353529,0.563995869
0.10754,-0.0024868814,6.84845683,-0.0398866112,6.71794064,1.19507957,2.23264365,0.572360902,0.564000542
0.10756,-0.00368121978,6.72642478,-0.16183786,6.33690594,1.19577067,2.23262943,0.572365145,0.564002785
0.10758,-0.00481750312,6.60684846,-0.281236726,5.96421327,1.19741798,2.23261522,0.572366867,0.564003092
0.1076,-0.00587781156,6.49161362,-0.396200238,5.60574,1.20004824,2.23260101,0.572366568,0.564001863
0.10762,-0.00684542341,6.38253757,-0.504915363,5.26713933,1.20371146,2.23258679,0.572364656,0.563999424
0.10764,-0.00770507884,6.28134053,-0.605667597,4.95375115,1.20848944,2.23257258,0.572361465,0.563996039
0.10766,-0.00844322057,6.18961843,-0.696868003,4.67051779,1.21451107,2.23255837,0.572357265,0.563991919
0.10768,-0.00904820766,6.1088178,-0.777078277,4.42190612,1.22197957,2.23254415,0.572352275,0.563987236
0.1077,-0.00951049912,6.04021296,-0.845033429,4.21183704,1.2312227,2.23252995,0.572346672,0.563982124
0.10772,-0.00982280433,5.98488586,-0.899661741,4.04362371,1.24279039,2.23251574,0.572340596,0.563976692
0.10774,-0.00998019804,5.94370907,-0.940101669,3.91991931,1.25765793,2.23250153,0.572334162,0.563971024
0.10776,-0.00998019807,5.91733198,-0.965715434,3.84267531,1.27767506,2.23248733,0.57232746,0.563965188
0.10778,-0.00982280442,5.90617059,-0.976099082,3.81311087,1.30657084,2.23247313,0.57232056,0.563959235
0.1078,-0.00951049927,5.91040092,-0.971088859,3.83169315,1.35182913,2.23245895,0.572313519,0.563953206
0.10782,-0.00904820786,5.92995625,-0.950763786,3.89812705,1.4257178,2.23244478,0.572306381,0.563947131
0.10784,-0.00844322081,5.96452817,-0.915444413,4.01136133,1.53986077,2.23243064,0.572299181,0.563941036
0.10786,-0.00770507913,6.01357144,-0.865687758,4.16961186,1.69804267,2.23241654,0.572291947,0.563934938
0.10788,-0.00684542375,6.07631262,-0.802278519,4.3703847,1.8986679,2.23240247,0.5722847,0.563928852
0.1079,-0.00587781194,6.15176224,-0.726216704,4.61051386,2.13862132,2.23238844,0.572277455,0.563922787
0.10792,-0.00481750353,6.23873041,-0.638701854,4.88621226,2.41410606,2.23237448,0.572270226,0.563916751
0.10794,-0.00368122021,6.3358456,-0.54111412,5.19299483,2.71077217,2.23238159,0.572263345,0.563910999
0.10796,-0.00248688185,6.44157638,-0.434992388,5.52642292,2.78526071,2.23291826,0.572280046,0.563924549
0.10798,-0.00125332387,6.55425521,-0.322010366,5.88085363,2.78841547,2.23365143,0.572355747,0.56398782
0.108,-2.32233788e-10,6.67210505,-0.203949872,6.25081766,2.790759,2.23441938,0.572485528,0.564096628
0.10802,0.00125332341,6.79326735,-0.0826727667,6.63048234,2.79239856,2.23520945,0.572662893,0.564245268
0.10804,0.0024868814,6.91583134,0.0399083534,7.01386002,2.79335377,2.23600888,0.572881482,0.564428198
0.10806,0.00368121978,7.03786412,0.16186032,7.39490444,2.79362057,2.2368048,0.573134766,0.564639773
0.10808,0.00481750312,7.15744116,0.281259877,7.76760613,2.79317304,2.23758449,0.573416023,0.564874216
0.1081,0.00587781156,7.27267664,0.396224011,8.12608714,2.79196233,2.23833554,0.57371837,0.565125657
0.10812,0.00684542341,7.38175322,0.504939651,8.46469378,2.78991241,2.23904609,0.574034832,0.565388189
0.10814,0.00770507884,7.48295066,0.605692259,8.77808579,2.78691148,2.23970501,0.574358436,0.565655948
0.10816,0.00844322057,7.57467299,0.696892877,9.06132059,2.78279646,2.24030213,0.574682313,0.565923195
0.10818,0.00904820766,7.65547367,0.777103187,9.30993124,2.77732505,2.24082846,0.574999814,0.566184421
0.1082,0.00951049912,7.72407839,0.845058197,9.51999688,2.77012384,2.24127647,0.575304636,0.566434438
0.10822,0.00982280433,7.7794052,0.899686198,9.68820457,2.76058665,2.24164038,0.575590952,0.566668491
0.10824,0.00998019804,7.82058155,0.940125666,9.81190148,2.74766284,2.24191679,0.57585357,0.566882379
0.10826,0.00998019807,7.84695808,0.965738852,9.8891366,2.72939136,2.24210573,0.576088133,0.567072612
0.10828,0.00982280442,7.85811882,0.97612184,9.91869133,2.70187477,2.2422129,0.576291439,0.56723667
0.1083,0.00951049927,7.85388781,0.971110914,9.90009922,2.65744025,2.24225364,0.576462002,0.567373452
0.10832,0.00904820786,7.8343318,0.950785143,9.83365603,2.58383028,2.24225465,0.576600827,0.567483911
0.10834,0.00844322081,7.79975925,0.91546512,9.72041339,2.46972081,2.2422423,0.576711531,0.56757116
0.10836,0.00770507913,7.75071543,0.865707903,9.56215592,2.31153401,2.24222798,0.57679886,0.567639238
0.10838,0.00684542375,7.68797383,0.802298228,9.36137809,2.11090359,2.24221353,0.576867158,0.567691824
0.1084,0.00587781194,7.61252394,0.726236129,9.12124622,1.87094714,2.24219907,0.576920015,0.567731939
0.10842,0.00481750353,7.52555567,0.638721165,8.84554752,1.59546014,2.24218459,0.576960368,0.567762035
0.10844,0.00368122021,7.42844056,0.541133497,8.5387417,1.29704558,2.24217011,0.576990623,0.567784109
0.10846,0.00248688185,7.32271005,0.435012015,8.20535034,1.20256078,2.24215577,0.577012756,0.567799788
0.10848,0.00125332387,7.21003163,0.32203039,7.85091962,1.19875816,2.24214149,0.577028386,0.567810395
0.1085,2.32200925e-10,7.09218235,0.203970429,7.48096374,1.19655279,2.24212721,0.577038822,0.567816994
0.10852,-0.00125332341,6.97102069,0.0826939589,7.10130836,1.19533691,2.24211293,0.577045126,0.56782044
0.10854,-0.0024868814,6.84845742,-0.0398864634,6.71794051,1.19507957,2.24209865,0.577048161,0.567821421
0.10856,-0.00368121978,6.72642537,-0.161837713,6.3369058,1.19577067,2.24208438,0.57704862,0.56782049
0.10858,-0.00481750312,6.60684905,-0.281236579,5.96421313,1.19741798,2.2420701,0.577047066,0.567818087
0.1086,-0.00587781156,6.4916142,-0.396200091,5.60573986,1.20004825,2.24205583,0.577043947,0.567814561
0.10862,-0.00684542341,6.38253816,-0.504915217,5.26713919,1.20371147,2.24204155,0.577039622,0.567810188
0.10864,-0.00770507884,6.28134112,-0.605667451,4.95375101,1.20848944,2.24202728,0.577034376,0.567805188
0.10866,-0.00844322057,6.18961901,-0.696867858,4.67051765,1.21451107,2.242013,0.577028435,0.567799728
0.10868,-0.00904820766,6.10881839,-0.777078132,4.42190598,1.22197958,2.24199873,0.577021978,0.567793941
0.1087,-0.00951049912,6.04021355,-0.845033284,4.2118369,1.2312227,2.24198446,0.577015142,0.567787929
0.10872,-0.00982280433,5.98488645,-0.899661597,4.04362357,1.24279039,2.24197019,0.577008036,0.567781769
0.10874,-0.00998019804,5.94370966,-0.940101524,3.91991917,1.25765794,2.24195592,0.577000744,0.567775519
0.10876,-0.00998019807,5.91733257,-0.96571529,3.84267517,1.27767506,2.24194166,0.576993328,0.567769222
0.10878,-0.00982280442,5.90617118,-0.976098939,3.81311073,1.30657085,2.2419274,0.576985837,0.567762911
0.1088,-0.00951049927,5.91040151,-0.971088715,3.83169301,1.35182916,2.24191315,0.576978307,0.567756607
0.10882,-0.00904820786,5.92995684,-0.950763642,3.89812691,1.42571787,2.24189893,0.576970765,0.567750328
0.10884,-0.00844322081,5.96452876,-0.91544427,4.01136119,1.53986091,2.24188473,0.576963232,0.567744085
0.10886,-0.00770507913,6.01357203,-0.865687615,4.16961172,1.69804292,2.24187056,0.576955721,0.567737885
0.10888,-0.00684542375,6.07631321,-0.802278377,4.37038456,1.89866833,2.24185643,0.576948245,0.567731734
0.1089,-0.00587781194,6.15176283,-0.726216562,4.61051372,2.13862204,2.24184234,0.57694081,0.567725634
0.10892,-0.00481750353,6.238731,-0.638701711,4.88621215,2.41410901,2.24182832,0.57693342,0.567719587
0.10894,-0.00368122021,6.33584619,-0.541113979,5.19301348,2.71255864,2.24183161,0.576926368,0.567713809
0.10896,-0.00248688185,6.44157697,-0.43499225,5.52642246,2.7946774,2.24235194,0.576943674,0.567727611
0.10898,-0.00125332387,6.55425579,-0.322010227,5.88085346,2.79784905,2.24308501,0.577025061,0.567794547
0.109,-2.32170727e-10,6.67210563,-0.203949732,6.25081751,2.80019253,2.2438529,0.577164682,0.567909737
0.10902,0.00125332341,6.79326794,-0.082672627,6.63048219,2.80183203,2.24464291,0.577354703,0.568066413
0.10904,0.0024868814,6.91583193,0.0399084933,7.01385987,2.80278717,2.24544228,0.577587663,0.568258175
0.10906,0.00368121978,7.03786471,0.16186046,7.3949043,2.80305391,2.24623814,0.577856111,0.568478677
0.10908,0.00481750312,7.15744174,0.281260017,7.76760599,2.80260632,2.24701777,0.578152543,0.568721578
0.1091,0.00587781156,7.27267723,0.396224151,8.126087,2.80139556,2.24776876,0.578469422,0.568980553
0.10912,0.00684542341,7.3817538,0.504939791,8.46469364,2.79934557,2.24847924,0.578799235,0.569249349
0.10914,0.00770507884,7.48295124,0.605692399,8.77808565,2.79634458,2.2491381,0.579134579,0.569521849
0.10916,0.00844322057,7.57467357,0.696893017,9.06132045,2.7922295,2.24973516,0.579468248,0.569792149
0.10918,0.00904820766,7.65547425,0.777103326,9.3099311,2.78675803,2.25026144,0.579793351,0.570054647
0.1092,0.00951049912,7.72407897,0.845058336,9.51999674,2.77955676,2.25070938,0.580103422,0.570304133
0.10922,0.00982280433,7.77940578,0.899686337,9.68820443,2.77001951,2.25107323,0.580392555,0.57053589
0.10924,0.00998019804,7.82058214,0.940125805,9.81190133,2.75709565,2.25134958,0.58065555,0.570745807
0.10926,0.00998019807,7.84695866,0.965738991,9.88913645,2.73882411,2.25153846,0.580888123,0.570930537
0.10928,0.00982280442,7.85811941,0.976121978,9.91869118,2.71130747,2.25164557,0.581087229,0.571087754
0.1093,0.00951049927,7.85388839,0.971111052,9.90009907,2.6668729,2.25168624,0.581251661,0.571216621
0.10932,0.00904820786,7.83433238,0.950785281,9.83365589,2.59326288,2.2516872,0.581382871,0.571318453
0.10934,0.00844322081,7.79975983,0.915465257,9.72041325,2.47915333,2.25167478,0.581485068,0.571396802
0.10936,0.00770507913,7.75071601,0.865708041,9.56215578,2.32096641,2.2516604,0.58156358,0.571456122
0.10938,0.00684542375,7.68797441,0.802298365,9.36137795,2.12033582,2.25164589,0.581623191,0.571500387
0.1094,0.00587781194,7.61252452,0.726236266,9.12124608,1.88037909,2.25163137,0.581667776,0.571532797
0.10942,0.00481750353,7.52555626,0.638721302,8.84554736,1.60489017,2.25161683,0.58170045,0.571555902
0.10944,0.00368122021,7.42844115,0.541133635,8.53872635,1.30501113,2.25160229,0.581723714,0.571571735
0.10946,0.00248688185,7.32271064,0.435012156,8.20535247,1.20267005,2.25158788,0.581739582,0.571581916
0.10948,0.00125332387,7.21003222,0.322030529,7.85091947,1.19875833,2.25157354,0.58174967,0.571587742
0.1095,2.32141417e-10,7.09218293,0.203970567,7.48096359,1.19655278,2.2515592,0.58175526,0.571590224
0.10952,-0.00125332341,6.97102128,0.0826940959,7.10130821,1.1953369,2.25154486,0.581757368,0.571590161
0.10954,-0.0024868814,6.848458,-0.0398863271,6.71794036,1.19507957,2.25153052,0.581756799,0.57158818
0.10956,-0.00368121978,6.72642596,-0.161837577,6.33690565,1.19577067,2.25151619,0.58175419,0.571584769
0.10958,-0.00481750312,6.60684963,-0.281236444,5.96421298,1.19741797,2.25150185,0.58175004,0.571580309
0.1096,-0.00587781156,6.49161479,-0.396199957,5.60573971,1.20004824,2.25148751,0.581744742,0.571575092
0.10962,-0.00684542341,6.38253874,-0.504915083,5.26713904,1.20371146,2.25147318,0.581738598,0.571569344
0.10964,-0.00770507884,6.2813417,-0.605667317,4.95375086,1.20848944,2.25145884,0.581731844,0.571563234
0.10966,-0.00844322057,6.1896196,-0.696867724,4.6705175,1.21451106,2.25144451,0.58172466,0.571556891
0.10968,-0.00904820766,6.10881898,-0.777077998,4.42190583,1.22197957,2.25143017,0.581717182,0.57155041
0.1097,-0.00951049912,6.04021413,-0.845033151,4.21183675,1.2312227,2.25141584,0.581709514,0.571543861
0.10972,-0.00982280433,5.98488703,-0.899661463,4.04362342,1.24279038,2.25140151,0.581701731,0.571537292
0.10974,-0.00998019804,5.94371024,-0.940101392,3.91991902,1.25765793,2.25138718,0.581693891,0.571530739
0.10976,-0.00998019807,5.91733315,-0.965715157,3.84267501,1.27767506,2.25137286,0.581686033,0.571524225
0.10978,-0.00982280442,5.90617176,-0.976098806,3.81311057,1.30657085,2.25135854,0.581678186,0.571517765
0.1098,-0.00951049927,5.91040209,-0.971088583,3.83169286,1.35182917,2.25134423,0.581670369,0.571511367
0.10982,-0.00904820786,5.92995742,-0.95076351,3.89812676,1.42571793,2.25132994,0.581662596,0.571505036
0.10984,-0.00844322081,5.96452934,-0.915444138,4.01136103,1.53986104,2.25131568,0.581654875,0.571498775
0.10986,-0.00770507913,6.01357261,-0.865687483,4.16961156,1.69804317,2.25130145,0.581647212,0.571492583
0.10988,-0.00684542375,6.07631379,-0.802278245,4.37038441,1.89866875,2.25128726,0.581639609,0.57148646
0.1099,-0.00587781194,6.15176341,-0.726216431,4.61051356,2.13862274,2.25127311,0.581632068,0.571480402
0.10992,-0.00481750353,6.23873158,-0.638701581,4.88621202,2.41411158,2.25125902,0.581624588,0.571474406
0.10994,-0.00368122021,6.33584677,-0.541113849,5.19303073,2.71403437,2.25125915,0.581617426,0.57146866
0.10996,-0.00248688185,6.44157754,-0.434992124,5.52642173,2.80406823,2.25176254,0.581635314,0.571482662
0.10998,-0.00125332387,6.55425637,-0.3220101,5.8808533,2.80725954,2.25249551,0.581722622,0.571553235
0.11,-2.32107666e-10,6.67210621,-0.203949605,6.25081735,2.80960297,2.25326334,0.581872474,0.571674753
0.11002,0.00125332341,6.79326852,-0.0826724987,6.63048204,2.8112424,2.25405329,0.582075505,0.571839263
0.11004,0.0024868814,6.91583251,0.0399086219,7.01385972,2.81219749,2.2548526,0.582323042,0.572039447
0.11006,0.00368121978,7.03786529,0.161860588,7.39490415,2.81246417,2.2556484,0.582606647,0.572268241
0.11008,0.00481750312,7.15744232,0.281260145,7.76760584,2.81201652,2.25642796,0.582918013,0.572518745
0.1101,0.00587781156,7.27267781,0.39622428,8.12608685,2.81080569,2.25717889,0.583248959,0.572784213
0.11012,0.00684542341,7.38175438,0.504939919,8.46469349,2.80875565,2.25788932,0.58359146,0.573058092
0.11014,0.00770507884,7.48295182,0.605692527,8.7780855,2.8057546,2.25854811,0.583937717,0.573334061
0.11016,0.00844322057,7.57467415,0.696893145,9.0613203,2.80163946,2.25914511,0.584280238,0.573606105
0.11018,0.00904820766,7.65547483,0.777103454,9.30993095,2.79616793,2.25967133,0.584611934,0.573868584
0.1102,0.00951049912,7.72407955,0.845058464,9.51999659,2.7889666,2.26011921,0.584926228,0.574116318
0.11022,0.00982280433,7.77940636,0.899686464,9.68820428,2.77942929,2.260483,0.585217177,0.574344669
0.11024,0.00998019804,7.82058271,0.940125932,9.81190119,2.76650537,2.26075929,0.585479617,0.574549656
0.11026,0.00998019807,7.84695924,0.965739118,9.88913631,2.74823378,2.26094811,0.585709367,0.574728102
0.11028,0.00982280442,7.85811999,0.976122105,9.91869104,2.72071709,2.26105516,0.585903574,0.574877898
0.1103,0.00951049927,7.85388897,0.971111179,9.90009892,2.67628246,2.26109577,0.586061336,0.574998487
0.11032,0.00904820786,7.83433296,0.950785407,9.83365574,2.60267239,2.26109667,0.586184578,0.57509155
0.11034,0.00844322081,7.79976041,0.915465384,9.7204131,2.48856277,2.26108419,0.586278124,0.575161075
0.11036,0.00770507913,7.75071659,0.865708167,9.56215563,2.33037574,2.26106975,0.586347888,0.575211911
0.11038,0.00684542375,7.68797499,0.802298491,9.3613778,2.12974497,2.26105518,0.586399076,0.575248298
0.1104,0.00587781194,7.6125251,0.726236392,9.12124593,1.88978796,2.26104059,0.586435824,0.575273581
0.11042,0.00481750353,7.52555683,0.638721427,8.84554719,1.61429742,2.26102599,0.586461384,0.575290368
0.11044,0.00368122021,7.42844173,0.54113376,8.53871215,1.31320819,2.26101139,0.586478317,0.575300692
0.11046,0.00248688185,7.32271122,0.435012285,8.20535436,1.20279293,2.26099692,0.586488638,0.575306141
0.11048,0.00125332387,7.2100328,0.322030658,7.85091933,1.19875855,2.26098251,0.586493936,0.575307953
0.1105,2.32078357e-10,7.09218351,0.203970694,7.48096345,1.19655277,2.26096811,0.586495434,0.575307072
0.11052,-0.00125332341,6.97102186,0.0826942218,7.10130807,1.19533689,2.26095371,0.586494083,0.575304222
0.11054,-0.0024868814,6.84845858,-0.0398862019,6.71794021,1.19507956,2.26093931,0.586490619,0.575299957
0.11056,-0.00368121978,6.72642653,-0.161837453,6.33690551,1.19577066,2.26092491,0.586485607,0.575294696
0.11058,-0.00481750312,6.60685021,-0.28123632,5.96421283,1.19741797,2.26091052,0.586479479,0.575288754
0.1106,-0.00587781156,6.49161536,-0.396199833,5.60573956,1.20004823,2.26089612,0.586472566,0.575282367
0.11062,-0.00684542341,6.38253932,-0.504914959,5.26713889,1.20371145,2.26088172,0.586465113,0.575275708
0.11064,-0.00770507884,6.28134227,-0.605667194,4.95375071,1.20848943,2.26086733,0.586457305,0.575268901
0.11066,-0.00844322057,6.18962017,-0.696867601,4.67051736,1.21451106,2.26085293,0.586449279,0.575262035
0.11068,-0.00904820766,6.10881955,-0.777077876,4.42190568,1.22197957,2.26083854,0.586441132,0.575255174
0.1107,-0.00951049912,6.04021471,-0.845033029,4.2118366,1.23122269,2.26082414,0.586432936,0.575248356
0.11072,-0.00982280433,5.98488761,-0.899661341,4.04362327,1.24279038,2.26080975,0.586424739,0.57524161
0.11074,-0.00998019804,5.94371081,-0.94010127,3.91991887,1.25765793,2.26079536,0.586416574,0.57523495
0.11076,-0.00998019807,5.91733373,-0.965715035,3.84267487,1.27767506,2.26078098,0.586408462,0.575228384
0.11078,-0.00982280442,5.90617234,-0.976098685,3.81311043,1.30657086,2.2607666,0.586400416,0.575221912
0.1108,-0.00951049927,5.91040267,-0.971088462,3.83169271,1.3518292,2.26075223,0.586392443,0.575215534
0.11082,-0.00904820786,5.929958,-0.950763389,3.89812661,1.42571799,2.26073788,0.586384545,0.575209247
0.11084,-0.00844322081,5.96452991,-0.915444017,4.01136089,1.53986117,2.26072356,0.586376724,0.575203045
0.11086,-0.00770507913,6.01357319,-0.865687363,4.16961142,1.69804341,2.26070927,0.586368977,0.575196923
0.11088,-0.00684542375,6.07631437,-0.802278125,4.37038426,1.89866917,2.26069502,0.586361303,0.575190876
0.1109,-0.00587781194,6.15176399,-0.726216311,4.61051342,2.13862343,2.2606808,0.586353698,0.575184899
0.11092,-0.00481750353,6.23873216,-0.638701461,4.88621189,2.41411386,2.26066665,0.58634616,0.575178987
0.11094,-0.00368122021,6.33584734,-0.54111373,5.19304625,2.71526266,2.26066415,0.586338914,0.5751733
0.11096,-0.00248688185,6.44157811,-0.434992009,5.52642087,2.81343106,2.26115012,0.586357323,0.575187421
0.11098,-0.00125332387,6.55425694,-0.322009984,5.88085314,2.81664701,2.26188298,0.586450745,0.575261549
0.111,-2.32046382e-10,6.67210678,-0.203949488,6.2508172,2.81899038,2.26265075,0.586611168,0.575389267
0.11102,0.00125332341,6.79326909,-0.0826723812,6.63048189,2.82062976,2.26344064,0.58682749,0.575561313
0.11104,0.0024868814,6.91583308,0.0399087397,7.01385957,2.82158478,2.26423989,0.587089711,0.575769402
0.11106,0.00368121978,7.03786586,0.161860706,7.394904,2.8218514,2.26503563,0.587388358,0.576005743
0.11108,0.00481750312,7.1574429,0.281260263,7.76760569,2.82140369,2.26581513,0.587714313,0.576262899
0.1111,0.00587781156,7.27267838,0.396224398,8.1260867,2.8201928,2.266566,0.588058765,0.576533749
0.11112,0.00684542341,7.38175496,0.504940037,8.46469334,2.8181427,2.26727636,0.588413217,0.576811487
0.11114,0.00770507884,7.4829524,0.605692645,8.77808535,2.81514159,2.2679351,0.588769523,0.577089651
0.11116,0.00844322057,7.57467473,0.696893263,9.06132016,2.81102639,2.26853204,0.589119954,0.57736217
0.11118,0.00904820766,7.6554754,0.777103571,9.30993081,2.8055548,2.26905819,0.589457274,0.577623421
0.1112,0.00951049912,7.72408013,0.845058581,9.51999645,2.79835341,2.26950601,0.589774842,0.577868296
0.11122,0.00982280433,7.77940693,0.899686581,9.68820413,2.78881604,2.26986974,0.590066721,0.57809228
0.11124,0.00998019804,7.82058329,0.940126049,9.81190104,2.77589206,2.27014598,0.590327817,0.578291552
0.11126,0.00998019807,7.84695981,0.965739235,9.88913616,2.75762042,2.27033473,0.590554084,0.578463128
0.11128,0.00982280442,7.85812056,0.976122222,9.91869089,2.73010368,2.27044172,0.590742882,0.578605129
0.1113,0.00951049927,7.85388954,0.971111296,9.90009878,2.68566901,2.27048227,0.590893637,0.578717283
0.11132,0.00904820786,7.83433353,0.950785523,9.8336556,2.61205888,2.27048311,0.591008763,0.578801636
0.11134,0.00844322081,7.79976098,0.9154655,9.72041295,2.49794919,2.27047057,0.591093711,0.5788626
0.11136,0.00770507913,7.75071717,0.865708282,9.56215549,2.33976204,2.27045606,0.591154982,0.578905392
0.11138,0.00684542375,7.68797556,0.802298607,9.36137765,2.1391311,2.27044143,0.591198179,0.578934483
0.1114,0.00587781194,7.61252568,0.726236507,9.12124579,1.89917382,2.27042679,0.591227658,0.578953321
0.11142,0.00481750353,7.52555741,0.638721542,8.84554704,1.62368189,2.27041213,0.591246775,0.578964535
0.11144,0.00368122021,7.4284423,0.541133876,8.53869934,1.32158407,2.27039746,0.591258107,0.578970124
0.11146,0.00248688185,7.32271179,0.435012404,8.20535662,1.20293772,2.27038293,0.59126364,0.578971612
0.11148,0.00125332387,7.21003338,0.322030775,7.8509192,1.1987588,2.27036846,0.591264903,0.57897016
0.1115,2.32014408e-10,7.09218409,0.20397081,7.48096332,1.19655277,2.270354,0.591263044,0.578966625
0.11152,-0.00125332341,6.97102243,0.0826943372,7.10130793,1.19533689,2.27033954,0.591258931,0.578961648
0.11154,-0.0024868814,6.84845915,-0.0398860872,6.71794007,1.19507956,2.27032508,0.591253218,0.578955701
0.11156,-0.00368121978,6.72642711,-0.161837339,6.33690537,1.19577066,2.27031062,0.591246393,0.578949132
0.11158,-0.00481750312,6.60685078,-0.281236206,5.96421269,1.19741797,2.27029616,0.591238818,0.578942191
0.1116,-0.00587781157,6.49161594,-0.39619972,5.60573942,1.20004823,2.2702817,0.59123076,0.578935057
0.11162,-0.00684542341,6.38253989,-0.504914846,5.26713875,1.20371145,2.27026724,0.591222411,0.578927853
0.11164,-0.00770507884,6.28134285,-0.605667081,4.95375057,1.20848943,2.27025279,0.591213907,0.578920663
0.11166,-0.00844322057,6.18962074,-0.696867489,4.67051721,1.21451106,2.27023833,0.591205344,0.578913543
0.11168,-0.00904820766,6.10882012,-0.777077764,4.42190554,1.22197956,2.27022388,0.591196788,0.578906526
0.1117,-0.00951049912,6.04021528,-0.845032917,4.21183646,1.23122269,2.27020942,0.591188281,0.57889963
0.11172,-0.00982280433,5.98488818,-0.89966123,4.04362313,1.24279038,2.27019497,0.59117985,0.578892861
0.11174,-0.00998019804,5.94371138,-0.940101158,3.91991873,1.25765793,2.27018052,0.591171508,0.578886221
0.11176,-0.00998019807,5.9173343,-0.965714924,3.84267472,1.27767506,2.27016607,0.591163262,0.578879705
0.11178,-0.00982280442,5.90617291,-0.976098574,3.81311028,1.30657087,2.27015163,0.591155114,0.578873305
0.1118,-0.00951049927,5.91040324,-0.971088351,3.83169256,1.35182922,2.2701372,0.591147059,0.578867013
0.11182,-0.00904820786,5.92995857,-0.950763279,3.89812647,1.42571805,2.27012279,0.591139095,0.578860819
0.11184,-0.00844322081,5.96453048,-0.915443907,4.01136074,1.5398613,2.27010841,0.591131216,0.578854715
0.11186,-0.00770507913,6.01357375,-0.865687252,4.16961127,1.69804366,2.27009406,0.591123417,0.578848693
0.11188,-0.00684542375,6.07631494,-0.802278015,4.37038412,1.89866959,2.27007975,0.591115694,0.578842746
0.1119,-0.00587781194,6.15176455,-0.726216201,4.61051327,2.13862412,2.27006547,0.591108041,0.578836866
0.11192,-0.00481750353,6.23873272,-0.638701351,4.88621176,2.41411591,2.27005125,0.591100453,0.578831048
0.11194,-0.00368122021,6.33584791,-0.541113621,5.19305993,2.71627959,2.27004656,0.59109313,0.578825431
0.11196,-0.00248688185,6.44157868,-0.434991904,5.52641985,2.82276472,2.27051474,0.591111972,0.578839573
0.11198,-0.00125332387,6.55425751,-0.322009878,5.88085299,2.82601151,2.27124748,0.591211663,0.578917128
0.112,-2.31982433e-10,6.67210735,-0.203949381,6.25081705,2.82835483,2.27201518,0.59138295,0.57905085
0.11202,0.00125332341,6.79326966,-0.082672274,6.63048174,2.82999414,2.27280502,0.591612775,0.579230053
0.11204,0.0024868814,6.91583365,0.0399088471,7.01385942,2.8309491,2.2736042,0.591889702,0.579445437
0.11206,0.00368121978,7.03786643,0.161860814,7.39490385,2.83121566,2.27439988,0.59220318,0.579688492
0.11208,0.00481750312,7.15744347,0.281260371,7.76760555,2.83076789,2.27517933,0.592543285,0.579951281
0.1121,0.00587781157,7.27267895,0.396224505,8.12608656,2.82955694,2.27593014,0.592900611,0.580226359
0.11212,0.00684542341,7.38175552,0.504940145,8.4646932,2.82750678,2.27664044,0.593266235,0.58050673
0.11214,0.00770507884,7.48295296,0.605692753,8.77808521,2.82450561,2.27729911,0.593631719,0.580785849
0.11216,0.00844322057,7.5746753,0.69689337,9.06132002,2.82039035,2.27789599,0.593989147,0.581057646
0.11218,0.00904820766,7.65547597,0.777103679,9.30993066,2.8149187,2.27842208,0.594331191,0.581316567
0.1122,0.00951049912,7.72408069,0.845058688,9.5199963,2.80771725,2.27886984,0.59465119,0.581557618
0.11222,0.00982280433,7.7794075,0.899686688,9.68820399,2.79817983,2.27923351,0.594943248,0.58177644
0.11224,0.00998019804,7.82058386,0.940126156,9.8119009,2.78525579,2.27950969,0.595202372,0.581969395
0.11226,0.00998019807,7.84696038,0.965739341,9.88913602,2.76698409,2.27969838,0.595424673,0.582133706
0.11228,0.00982280442,7.85812113,0.976122328,9.91869075,2.7394673,2.27980531,0.595607741,0.582267731
0.1123,0.00951049927,7.85389011,0.971111402,9.90009864,2.69503258,2.2798458,0.595751339,0.582371482
0.11232,0.00904820786,7.8343341,0.950785629,9.83365546,2.6214224,2.27984657,0.595858385,0.582447359
0.11234,0.00844322081,7.79976155,0.915465605,9.72041281,2.50731264,2.27983397,0.595934963,0.582500178
0.11236,0.00770507913,7.75071773,0.865708388,9.56215535,2.34912537,2.27981941,0.595988146,0.582535492
0.11238,0.00684542375,7.68797613,0.802298712,9.36137751,2.14849426,2.27980472,0.596023905,0.582557961
0.1124,0.00587781194,7.61252624,0.726236612,9.12124565,1.90853672,2.27979001,0.596046779,0.582571095
0.11242,0.00481750353,7.52555797,0.638721647,8.84554688,1.63304359,2.27977529,0.59606018,0.582577505
0.11244,0.00368122021,7.42844286,0.541133981,8.53868794,1.33008933,2.27976057,0.596066667,0.582579127
0.11246,0.00248688185,7.32271236,0.435012513,8.20535933,1.2031077,2.27974596,0.596068165,0.582577394
0.11248,0.00125332387,7.21003395,0.322030882,7.85091908,1.19875911,2.27973144,0.596066119,0.582573372
0.1125,2.31951347e-10,7.09218466,0.203970916,7.48096319,1.19655277,2.27971692,0.596061583,0.582567821
0.11252,-0.00125332341,6.971023,0.0826944425,7.1013078,1.19533689,2.2797024,0.596055332,0.582561292
0.11254,-0.0024868814,6.84845972,-0.0398859826,6.71793994,1.19507956,2.27968787,0.596047933,0.582554174
0.11256,-0.00368121978,6.72642767,-0.161837235,6.33690523,1.19577066,2.27967335,0.596039793,0.582546742
0.11258,-0.00481750312,6.60685134,-0.281236102,5.96421255,1.19741797,2.27965883,0.596031206,0.582539185
0.1126,-0.00587781157,6.4916165,-0.396199616,5.60573928,1.20004823,2.27964432,0.596022377,0.582531629
0.11262,-0.00684542341,6.38254046,-0.504914743,5.26713861,1.20371145,2.2796298,0.596013447,0.582524155
0.11264,-0.00770507884,6.28134341,-0.605666979,4.95375043,1.20848943,2.27961528,0.596004512,0.582516811
0.11266,-0.00844322057,6.18962131,-0.696867387,4.67051707,1.21451106,2.27960076,0.595995633,0.582509623
0.11268,-0.00904820766,6.10882069,-0.777077662,4.4219054,1.22197957,2.27958625,0.595986846,0.582502602
0.1127,-0.00951049912,6.04021584,-0.845032815,4.21183632,1.23122269,2.27957173,0.595978173,0.582495747
0.11272,-0.00982280433,5.98488874,-0.899661128,4.04362299,1.24279038,2.27955722,0.595969621,0.582489052
0.11274,-0.00998019804,5.94371195,-0.940101057,3.91991859,1.25765793,2.27954271,0.59596119,0.582482507
0.11276,-0.00998019807,5.91733486,-0.965714823,3.84267459,1.27767507,2.2795282,0.595952878,0.582476098
0.11278,-0.00982280442,5.90617347,-0.976098473,3.81311015,1.30657088,2.2795137,0.595944676,0.582469813
0.1128,-0.00951049927,5.9104038,-0.97108825,3.83169243,1.35182925,2.27949921,0.595936576,0.582463638
0.11282,-0.00904820786,5.92995913,-0.950763178,3.89812633,1.42571811,2.27948474,0.595928569,0.58245756
0.11284,-0.00844322081,5.96453105,-0.915443806,4.01136061,1.53986144,2.2794703,0.595920649,0.58245157
0.11286,-0.00770507913,6.01357432,-0.865687152,4.16961114,1.69804391,2.27945589,0.595912807,0.582445659
0.11288,-0.00684542375,6.0763155,-0.802277915,4.37038398,1.89867001,2.27944151,0.595905037,0.582439817
0.1129,-0.00587781194,6.15176512,-0.726216101,4.61051314,2.1386248,2.27942717,0.595897334,0.582434038
0.11292,-0.00481750353,6.23873329,-0.638701251,4.88621163,2.41411776,2.27941289,0.595889693,0.582428316
0.11294,-0.00368122021,6.33584848,-0.541113522,5.19307185,2.71713743,2.27940634,0.595882286,0.582422768
0.11296,-0.00248688185,6.44157924,-0.43499181,5.52641756,2.8320608,2.27985648,0.595901457,0.582436826
0.11298,-0.00125332387,6.55425807,-0.322009782,5.88085286,2.83535311,2.28058906,0.596007541,0.582517643
0.113,-2.31922037e-10,6.67210791,-0.203949284,6.25081691,2.83769636,2.2813567,0.596189942,0.582657117
0.11302,0.00125332341,6.79327022,-0.0826721767,6.6304816,2.83933561,2.28214648,0.596433416,0.58284302
0.11304,0.0024868814,6.91583421,0.0399089447,7.01385928,2.84029051,2.2829456,0.596724987,0.583065012
0.11306,0.00368121978,7.03786699,0.161860912,7.39490372,2.84055701,2.28374122,0.597052999,0.58331388
0.11308,0.00481750312,7.15744403,0.281260469,7.76760541,2.84010918,2.28452061,0.597406742,0.583581241
0.1131,0.00587781157,7.27267951,0.396224603,8.12608642,2.83889817,2.28527135,0.597776262,0.583859383
0.11312,0.00684542341,7.38175609,0.504940242,8.46469306,2.83684795,2.2859816,0.598152262,0.584141185
0.11314,0.00770507884,7.48295353,0.60569285,8.77808508,2.83384671,2.28664021,0.59852607,0.584420084
0.11316,0.00844322057,7.57467586,0.696893467,9.06131988,2.82973139,2.28723703,0.598889642,0.584690066
0.11318,0.00904820766,7.65547653,0.777103776,9.30993053,2.82425969,2.28776306,0.599235604,0.584945685
0.1132,0.00951049912,7.72408126,0.845058785,9.51999617,2.81705818,2.28821076,0.599557313,0.585182103
0.11322,0.00982280433,7.77940806,0.899686785,9.68820386,2.8075207,2.28857437,0.599848947,0.585395139
0.11324,0.00998019804,7.82058442,0.940126253,9.81190076,2.79459661,2.28885048,0.600105635,0.585581352
0.11326,0.00998019807,7.84696094,0.965739438,9.88913588,2.77632485,2.28903912,0.600323659,0.585738183
0.11328,0.00982280442,7.85812169,0.976122424,9.91869062,2.74880801,2.28914598,0.600500848,0.585864225
0.1133,0.00951049927,7.85389067,0.971111498,9.9000985,2.70437324,2.28918641,0.60063731,0.585959763
0.11332,0.00904820786,7.83433466,0.950785725,9.83365532,2.63076301,2.28918713,0.600736468,0.586027537
0.11334,0.00844322081,7.79976211,0.915465701,9.72041268,2.51665317,2.28917447,0.600805039,0.586072738
0.11336,0.00770507913,7.75071829,0.865708484,9.56215521,2.3584658,2.28915984,0.600850653,0.586101222
0.11338,0.00684542375,7.68797669,0.802298807,9.36137738,2.15783452,2.28914509,0.60087961,0.586117793
0.1134,0.00587781194,7.6125268,0.726236707,9.12124551,1.91787672,2.28913032,0.60089659,0.586125983
0.11342,0.00481750353,7.52555853,0.638721742,8.84554674,1.64238255,2.28911554,0.600905019,0.586128347
0.11344,0.00368122021,7.42844343,0.541134076,8.53867807,1.33874181,2.28910076,0.600907405,0.586126727
0.11346,0.00248688185,7.32271293,0.435012612,8.20536094,1.20331927,2.28908609,0.60090558,0.586122452
0.11348,0.00125332387,7.21003451,0.32203098,7.85091899,1.19875954,2.2890715,0.600900889,0.586116477
0.1135,2.31889175e-10,7.09218522,0.203971013,7.48096307,1.19655278,2.28905692,0.60089428,0.586109461
0.11352,-0.00125332341,6.97102356,0.0826945383,7.10130768,1.1953369,2.28904234,0.600886428,0.586101859
0.11354,-0.0024868814,6.84846028,-0.0398858876,6.71793981,1.19507957,2.28902775,0.60087781,0.586093982
0.11356,-0.00368121978,6.72642823,-0.16183714,6.33690511,1.19577067,2.28901317,0.600868757,0.586086036
0.11358,-0.00481750312,6.6068519,-0.281236008,5.96421243,1.19741798,2.28899859,0.600859496,0.586078154
0.1136,-0.00587781157,6.49161706,-0.396199523,5.60573915,1.20004824,2.28898401,0.600850177,0.586070415
0.11362,-0.00684542341,6.38254102,-0.50491465,5.26713848,1.20371146,2.28896944,0.600840897,0.586062863
0.11364,-0.00770507884,6.28134397,-0.605666886,4.9537503,1.20848944,2.28895486,0.600831716,0.586055519
0.11366,-0.00844322057,6.18962187,-0.696867294,4.67051694,1.21451107,2.28894028,0.600822666,0.586048384
0.11368,-0.00904820766,6.10882125,-0.777077569,4.42190527,1.22197957,2.2889257,0.600813763,0.586041453
0.1137,-0.00951049912,6.0402164,-0.845032723,4.21183619,1.2312227,2.28891113,0.600805009,0.586034711
0.11372,-0.00982280433,5.9848893,-0.899661036,4.04362286,1.24279039,2.28889656,0.6007964,0.586028143
0.11374,-0.00998019804,5.94371251,-0.940100965,3.91991846,1.25765794,2.28888198,0.600787927,0.58602173
0.11376,-0.00998019807,5.91733542,-0.965714731,3.84267446,1.27767508,2.28886742,0.600779579,0.586015456
0.11378,-0.00982280442,5.90617403,-0.976098381,3.81311002,1.3065709,2.28885286,0.600771343,0.586009303
0.1138,-0.00951049927,5.91040436,-0.971088159,3.8316923,1.35182928,2.2888383,0.600763208,0.586003256
0.11382,-0.00904820786,5.92995969,-0.950763087,3.8981262,1.42571818,2.28882377,0.600755163,0.585997301
0.11384,-0.00844322081,5.9645316,-0.915443715,4.01136048,1.53986158,2.28880927,0.6007472,0.585991428
0.11386,-0.00770507913,6.01357488,-0.865687061,4.16961101,1.69804416,2.2887948,0.60073931,0.585985626
0.11388,-0.00684542375,6.07631606,-0.802277824,4.37038385,1.89867043,2.28878036,0.600731487,0.585979889
0.1139,-0.00587781194,6.15176568,-0.72621601,4.61051301,2.13862548,2.28876596,0.600723725,0.585974209
0.11392,-0.00481750353,6.23873385,-0.638701161,4.88621151,2.41411946,2.28875162,0.600716019,0.58596858
0.11394,-0.00368122021,6.33584903,-0.541113432,5.19308198,2.71782216,2.28874358,0.600708523,0.585963103
0.11396,-0.00248688185,6.44157979,-0.434991724,5.52641568,2.84132861,2.28917536,0.600727908,0.585976969
0.11398,-0.00125332387,6.55425862,-0.322009696,5.88085272,2.84467184,2.28990778,0.600840478,0.586060846
0.114,-2.318572e-10,6.67210846,-0.203949197,6.25081677,2.84701503,2.29067536,0.601034199,0.586205765
0.11402,0.00125332341,6.79327077,-0.0826720889,6.63048146,2.84865422,2.29146507,0.601291401,0.586397848
0.11404,0.0024868814,6.91583477,0.0399090329,7.01385915,2.84960906,2.29226414,0.601597476,0.586625696
0.11406,0.00368121978,7.03786755,0.161861,7.39490358,2.84987549,2.29305969,0.601939651,0.586879433
0.11408,0.00481750312,7.15744458,0.281260557,7.76760528,2.84942761,2.29383902,0.602306464,0.587150284
0.1141,0.00587781157,7.27268007,0.396224691,8.12608629,2.84821654,2.29458971,0.602687467,0.587430343
0.11412,0.00684542341,7.38175664,0.504940331,8.46469293,2.84616625,2.29529989,0.603073054,0.587712432
0.11414,0.00770507884,7.48295408,0.605692938,8.77808495,2.84316496,2.29595844,0.603454378,0.587990026
0.11416,0.00844322057,7.57467641,0.696893556,9.06131975,2.83904958,2.2965552,0.60382332,0.588257215
0.11418,0.00904820767,7.65547709,0.777103864,9.3099304,2.83357782,2.29708117,0.604172502,0.588508708
0.1142,0.00951049912,7.72408181,0.845058873,9.51999604,2.82637625,2.29752881,0.604495334,0.588739841
0.11422,0.00982280433,7.77940862,0.899686873,9.68820373,2.81683871,2.29789236,0.604786089,0.588946633
0.11424,0.00998019804,7.82058497,0.94012634,9.81190063,2.80391456,2.29816841,0.605040034,0.589125848
0.11426,0.00998019807,7.8469615,0.965739525,9.88913575,2.78564275,2.29835699,0.60525363,0.589275143
0.11428,0.00982280442,7.85812224,0.976122512,9.91869049,2.75812586,2.29846379,0.605424945,0.589393338
0.1143,0.00951049927,7.85389123,0.971111585,9.90009837,2.71369104,2.29850416,0.605554431,0.589480979
0.11432,0.00904820786,7.83433522,0.950785812,9.83365519,2.64008076,2.29850482,0.605646017,0.589541125
0.11434,0.00844322081,7.79976267,0.915465788,9.72041255,2.52597085,2.29849209,0.605707047,0.589579313
0.11436,0.00770507913,7.75071885,0.86570857,9.56215508,2.36778337,2.29847741,0.605745682,0.589601657
0.11438,0.00684542375,7.68797725,0.802298894,9.36137725,2.16715193,2.2984626,0.605768517,0.589613066
0.1144,0.00587781194,7.61252736,0.726236793,9.12124538,1.92719387,2.29844777,0.605780324,0.589617051
0.11442,0.00481750353,7.52555909,0.638721828,8.8455466,1.65169878,2.29843293,0.605784508,0.589616081
0.11444,0.00368122021,7.42844398,0.541134162,8.53866958,1.34749368,2.29841808,0.605783489,0.589611884
0.11446,0.00248688185,7.32271349,0.435012702,8.20536427,1.20355826,2.29840335,0.60577899,0.589605665
0.11448,0.00125332387,7.21003507,0.322031069,7.85091888,1.19875998,2.2983887,0.605772239,0.589598264
0.1145,2.31826114e-10,7.09218578,0.2039711,7.48096294,1.19655279,2.29837406,0.605764071,0.589590236
0.11452,-0.00125332341,6.97102412,0.0826946248,7.10130755,1.1953369,2.29835942,0.605755062,0.589581946
0.11454,-0.0024868814,6.84846084,-0.0398858018,6.71793969,1.19507957,2.29834477,0.605745599,0.589573629
0.11456,-0.00368121978,6.72642879,-0.161837055,6.33690498,1.19577067,2.29833013,0.605735941,0.589565429
0.11458,-0.00481750312,6.60685246,-0.281235923,5.9642123,1.19741798,2.29831549,0.605726257,0.589557431
0.1146,-0.00587781157,6.49161762,-0.396199438,5.60573902,1.20004824,2.29830085,0.605716648,0.589549674
0.11462,-0.00684542341,6.38254157,-0.504914566,5.26713835,1.20371147,2.29828621,0.605707175,0.589542173
0.11464,-0.00770507884,6.28134452,-0.605666802,4.95375017,1.20848944,2.29827157,0.605697868,0.589534925
0.11466,-0.00844322057,6.18962242,-0.69686721,4.67051681,1.21451107,2.29825694,0.605688737,0.589527915
0.11468,-0.00904820766,6.1088218,-0.777077486,4.42190514,1.22197958,2.2982423,0.605679782,0.589521126
0.1147,-0.00951049912,6.04021696,-0.845032639,4.21183606,1.23122271,2.29822766,0.605670992,0.589514533
0.11472,-0.00982280433,5.98488985,-0.899660953,4.04362273,1.2427904,2.29821303,0.605662355,0.589508115
0.11474,-0.00998019804,5.94371306,-0.940100882,3.91991833,1.25765795,2.2981984,0.605653857,0.589501851
0.11476,-0.00998019807,5.91733597,-0.965714648,3.84267433,1.27767509,2.29818377,0.605645481,0.589495719
0.11478,-0.00982280442,5.90617458,-0.976098299,3.81310989,1.30657092,2.29816915,0.605637212,0.589489701
0.1148,-0.00951049927,5.91040491,-0.971088077,3.83169217,1.35182931,2.29815454,0.605629039,0.589483782
0.11482,-0.00904820786,5.92996024,-0.950763005,3.89812607,1.42571825,2.29813994,0.605620948,0.589477948
0.11484,-0.00844322081,5.96453216,-0.915443633,4.01136035,1.53986171,2.29812538,0.605612932,0.589472188
0.11486,-0.00770507913,6.01357543,-0.865686979,4.16961088,1.6980444,2.29811085,0.605604983,0.589466493
0.11488,-0.00684542375,6.07631661,-0.802277743,4.37038372,1.89867084,2.29809635,0.605597095,0.589460856
0.1149,-0.00587781194,6.15176623,-0.726215929,4.61051288,2.13862614,2.29808189,0.605589262,0.58945527
0.11492,-0.00481750353,6.2387344,-0.63870108,4.88621139,2.41412102,2.29806749,0.60558148,0.58944973
0.11494,-0.00368122021,6.33584959,-0.541113351,5.19309054,2.71838264,2.29805821,0.605573885,0.589444323
0.11496,-0.00248688185,6.44158034,-0.434991648,5.52641331,2.85056076,2.29847145,0.605593362,0.589457892
0.11498,-0.00125332387,6.55425917,-0.322009618,5.88085258,2.85396775,2.29920368,0.605712479,0.589544598
0.115,-2.31795028e-10,6.67210901,-0.203949118,6.25081663,2.85631088,2.2999712,0.605917684,0.589694609
0.11502,0.00125332341,6.79327132,-0.08267201,6.63048133,2.85795001,2.30076086,0.606188633,0.589892296
0.11504,0.0024868814,6.91583532,0.0399091121,7.01385901,2.85890479,2.30155986,0.606509,0.590125202
0.11506,0.00368121978,7.0378681,0.16186108,7.39490345,2.85917117,2.30235536,0.606864905,0.590382837
0.11508,0.00481750312,7.15744514,0.281260637,7.76760515,2.85872322,2.30313462,0.607244179,0.590656105
0.1151,0.00587781157,7.27268062,0.396224771,8.12608616,2.85751209,2.30388525,0.607635947,0.590936978
0.11512,0.00684542341,7.38175719,0.50494041,8.4646928,2.85546175,2.30459537,0.608030359,0.591218285
0.11514,0.00770507884,7.48295463,0.605693018,8.77808481,2.8524604,2.30525387,0.608418455,0.591493596
0.11516,0.00844322057,7.57467697,0.696893635,9.06131962,2.84834496,2.30585056,0.608792086,0.591757151
0.11518,0.00904820767,7.65547764,0.777103943,9.30993027,2.84287314,2.30637648,0.609143908,0.592003837
0.1152,0.00951049912,7.72408236,0.845058952,9.51999591,2.83567151,2.30682405,0.609467409,0.592229191
0.11522,0.00982280433,7.77940917,0.899686952,9.6882036,2.82613391,2.30718754,0.609756974,0.592429435
0.11524,0.00998019804,7.82058552,0.940126419,9.8119005,2.81320971,2.30746353,0.610008013,0.592601542
0.11526,0.00998019807,7.84696205,0.965739604,9.88913562,2.79493784,2.30765205,0.610217167,0.592743377
0.11528,0.00982280442,7.85812279,0.97612259,9.91869035,2.7674209,2.30775879,0.610382739,0.592853978
0.1153,0.00951049927,7.85389178,0.971111663,9.90009824,2.72298603,2.3077991,0.610505521,0.592934132
0.11532,0.00904820786,7.83433577,0.95078589,9.83365506,2.64937571,2.3077997,0.610589941,0.592987191
0.11534,0.00844322081,7.79976322,0.915465866,9.72041242,2.53526572,2.30778692,0.61064396,0.593019007
0.11536,0.00770507913,7.7507194,0.865708648,9.56215495,2.37707813,2.30777217,0.610676245,0.593035912
0.11538,0.00684542375,7.6879778,0.802298971,9.36137712,2.17644652,2.3077573,0.610693645,0.593042875
0.1154,0.00587781194,7.61252791,0.726236871,9.12124525,1.93648821,2.30774241,0.610700983,0.593043351
0.11542,0.00481750353,7.52555964,0.638721905,8.84554647,1.66099231,2.30772751,0.610701602,0.593039695
0.11544,0.00368122021,7.42844453,0.541134239,8.53866235,1.35632471,2.3077126,0.610697813,0.593033502
0.11546,0.00248688185,7.32271404,0.435012784,8.20536814,1.20383895,2.3076978,0.610691209,0.593025849
0.11548,0.00125332387,7.21003562,0.322031149,7.85091877,1.19876051,2.3076831,0.610682894,0.593017457
0.1155,2.31763053e-10,7.09218633,0.203971179,7.48096282,1.19655279,2.30766839,0.61067359,0.59300878
0.11552,-0.00125332341,6.97102467,0.0826947025,7.10130742,1.19533691,2.30765369,0.610663773,0.593000097
0.11554,-0.0024868814,6.84846139,-0.0398857247,6.71793956,1.19507957,2.30763899,0.610653751,0.592991577
0.11556,-0.00368121978,6.72642934,-0.161836978,6.33690485,1.19577067,2.30762428,0.610643716,0.59298331
0.11558,-0.00481750312,6.60685301,-0.281235847,5.96421217,1.19741798,2.30760958,0.610633786,0.592975337
0.1156,-0.00587781157,6.49161816,-0.396199363,5.60573889,1.20004825,2.30759488,0.610624022,0.592967669
0.11562,-0.00684542341,6.38254212,-0.504914491,5.26713822,1.20371147,2.30758018,0.610614455,0.592960296
0.11564,-0.00770507884,6.28134507,-0.605666727,4.95375004,1.20848945,2.30756548,0.610605092,0.5929532
0.11566,-0.00844322057,6.18962297,-0.696867135,4.67051668,1.21451107,2.30755079,0.610595929,0.592946353
0.11568,-0.00904820767,6.10882235,-0.777077411,4.421905,1.22197958,2.30753609,0.610586951,0.592939728
0.1157,-0.00951049912,6.0402175,-0.845032565,4.21183593,1.23122271,2.30752139,0.610578143,0.592933299
0.11572,-0.00982280433,5.9848904,-0.899660878,4.0436226,1.2427904,2.3075067,0.610569486,0.592927038
0.11574,-0.00998019804,5.94371361,-0.940100808,3.9199182,1.25765796,2.30749201,0.610560962,0.592920923
0.11576,-0.00998019807,5.91733652,-0.965714574,3.84267419,1.2776751,2.30747732,0.610552552,0.592914932
0.11578,-0.00982280442,5.90617513,-0.976098225,3.81310975,1.30657093,2.30746264,0.610544243,0.592909046
0.1158,-0.00951049927,5.91040546,-0.971088003,3.83169204,1.35182934,2.30744796,0.61053602,0.59290325
0.11582,-0.00904820786,5.92996079,-0.950762931,3.89812594,1.42571831,2.30743331,0.610527871,0.592897531
0.11584,-0.00844322081,5.9645327,-0.91544356,4.01136022,1.53986184,2.30741869,0.61051979,0.592891879
0.11586,-0.00770507913,6.01357598,-0.865686906,4.16961074,1.69804464,2.30740409,0.61051177,0.592886286
0.11588,-0.00684542375,6.07631716,-0.80227767,4.37038359,1.89867124,2.30738954,0.610503804,0.592880744
0.1159,-0.00587781194,6.15176677,-0.726215856,4.61051275,2.1386268,2.30737502,0.610495888,0.592875249
0.11592,-0.00481750353,6.23873494,-0.638701007,4.88621126,2.41412248,2.30736055,0.61048802,0.592869796
0.11594,-0.00368122021,6.33585013,-0.541113279,5.19309736,2.71886219,2.30735021,0.610480314,0.592864456
0.11596,-0.00248688185,6.44158088,-0.43499158,5.52641188,2.85974516,2.30774485,0.610499753,0.592877626
0.11598,-0.00125332387,6.55425971,-0.322009549,5.88085242,2.86324088,2.30847683,0.610625449,0.592966905
0.116,-2.31731079e-10,6.67210956,-0.203949049,6.25081649,2.86558398,2.30924429,0.610842257,0.593121613
0.11602,0.00125332341,6.79327187,-0.0826719397,6.63048119,2.86722305,2.31003388,0.611126909,0.593324284
0.11604,0.0024868814,6.91583586,0.0399091828,7.01385888,2.86817777,2.31083283,0.611461294,0.593561421
0.11606,0.00368121978,7.03786864,0.16186115,7.39490331,2.86844409,2.31162827,0.611830443,0.593821979
0.11608,0.00481750312,7.15744568,0.281260708,7.76760501,2.86799608,2.31240747,0.612221548,0.59409662
0.1161,0.00587781157,7.27268116,0.396224842,8.12608603,2.86678489,2.31315804,0.612623373,0.594377266
0.11612,0.00684542341,7.38175774,0.504940481,8.46469267,2.86473449,2.3138681,0.613025896,0.594656819
0.11614,0.00770507884,7.48295518,0.605693089,8.77808468,2.86173307,2.31452654,0.613420094,0.594928991
0.11616,0.00844322057,7.57467751,0.696893706,9.06131949,2.85761758,2.31512317,0.613797835,0.595188205
0.11618,0.00904820767,7.65547819,0.777104014,9.30993014,2.85214569,2.31564902,0.614151837,0.59542955
0.1162,0.00951049912,7.72408291,0.845059022,9.51999577,2.84494401,2.31609654,0.614475681,0.595648773
0.11622,0.00982280433,7.77940972,0.899687022,9.68820346,2.83540635,2.31645997,0.614763874,0.595842302
0.11624,0.00998019804,7.82058607,0.940126489,9.81190037,2.82248209,2.3167359,0.615011968,0.596007315
0.11626,0.00998019807,7.8469626,0.965739674,9.88913549,2.80421017,2.31692436,0.61521678,0.596141872
0.11628,0.00982280442,7.85812334,0.97612266,9.91869022,2.77669318,2.31703104,0.615376839,0.596245214
0.1163,0.00951049927,7.85389232,0.971111733,9.90009811,2.73225827,2.31707129,0.615493269,0.596318351
0.11632,0.00904820786,7.83433631,0.95078596,9.83365493,2.65864789,2.31707183,0.615570988,0.596364901
0.11634,0.00844322081,7.79976376,0.915465935,9.72041228,2.54453784,2.31705898,0.615618561,0.596390995
0.11636,0.00770507913,7.75071994,0.865708717,9.56215482,2.38635014,2.31704418,0.615645135,0.596403144
0.11638,0.00684542375,7.68797834,0.80229904,9.36137699,2.18571837,2.31702925,0.615657769,0.596406334
0.1164,0.00587781194,7.61252845,0.726236939,9.12124512,1.9457598,2.3170143,0.615661297,0.596403934
0.11642,0.00481750353,7.52556018,0.638721974,8.84554633,1.67026318,2.31699933,0.615658971,0.596398162
0.11644,0.00368122021,7.42844507,0.541134308,8.53865653,1.36519915,2.31698437,0.615652967,0.596390472
0.11646,0.00248688185,7.32271459,0.435012856,8.20537258,1.20416733,2.3169695,0.615644742,0.596381805
0.11648,0.00125332387,7.21003617,0.32203122,7.85091866,1.19876111,2.31695473,0.615635271,0.596372769
0.1165,2.31699993e-10,7.09218687,0.203971249,7.48096269,1.19655279,2.31693997,0.615625166,0.596363721
0.11652,-0.00125332341,6.97102521,0.0826947719,7.10130729,1.1953369,2.31692521,0.615614811,0.596354865
0.11654,-0.0024868814,6.84846193,-0.0398856561,6.71793943,1.19507957,2.31691044,0.615604438,0.596346309
0.11656,-0.00368121978,6.72642988,-0.16183691,6.33690471,1.19577067,2.31689568,0.615594185,0.596338098
0.11658,-0.00481750312,6.60685355,-0.28123578,5.96421203,1.19741798,2.31688092,0.615584125,0.596330242
0.1166,-0.00587781157,6.49161871,-0.396199295,5.60573876,1.20004825,2.31686616,0.61557429,0.596322726
0.11662,-0.00684542341,6.38254266,-0.504914423,5.26713809,1.20371147,2.3168514,0.615564685,0.596315525
0.11664,-0.00770507884,6.28134562,-0.60566666,4.9537499,1.20848944,2.31683664,0.615555303,0.596308606
0.11666,-0.00844322057,6.18962351,-0.696867069,4.67051655,1.21451107,2.31682188,0.615546127,0.596301937
0.11668,-0.00904820767,6.10882289,-0.777077345,4.42190487,1.22197958,2.31680713,0.615537137,0.596295485
0.1167,-0.00951049912,6.04021805,-0.845032499,4.21183579,1.23122271,2.31679237,0.615528311,0.596289219
0.11672,-0.00982280433,5.98489094,-0.899660812,4.04362246,1.2427904,2.31677762,0.615519628,0.596283113
0.11674,-0.00998019804,5.94371415,-0.940100742,3.91991806,1.25765796,2.31676286,0.615511068,0.596277142
0.11676,-0.00998019807,5.91733706,-0.965714509,3.84267406,1.27767511,2.31674812,0.615502614,0.596271286
0.11678,-0.00982280442,5.90617567,-0.976098159,3.81310962,1.30657094,2.31673337,0.61549425,0.596265525
0.1168,-0.00951049927,5.910406,-0.971087938,3.8316919,1.35182937,2.31671864,0.615485964,0.596259846
0.11682,-0.00904820786,5.92996133,-0.950762866,3.8981258,1.42571837,2.31670393,0.615477745,0.596254237
0.11684,-0.00844322081,5.96453325,-0.915443495,4.01136008,1.53986197,2.31668924,0.615469586,0.596248688
0.11686,-0.00770507913,6.01357652,-0.865686842,4.16961061,1.69804488,2.31667459,0.615461481,0.596243192
0.11688,-0.00684542375,6.0763177,-0.802277605,4.37038346,1.89867164,2.31665997,0.615453427,0.596237743
0.1169,-0.00587781194,6.15176732,-0.726215792,4.61051261,2.13862745,2.31664539,0.615445418,0.596232336
0.11692,-0.00481750353,6.23873549,-0.638700943,4.88621113,2.41412384,2.31663086,0.615437452,0.596226968
0.11694,-0.00368122021,6.33585067,-0.541113215,5.19310336,2.71923116,2.31661969,0.615429633,0.596221699
0.11696,-0.00248688185,6.44158142,-0.434991521,5.52640878,2.8688923,2.31699557,0.615448903,0.596234376
0.11698,-0.00125332387,6.55426025,-0.322009489,5.88085227,2.87249132,2.31772728,0.615581172,0.596325945
0.117,-2.31668906e-10,6.6721101,-0.203948987,6.25081635,2.87483437,2.31849468,0.615809656,0.596484919
0.11702,0.00125332341,6.79327241,-0.0826718776,6.63048105,2.87647338,2.31928421,0.616107907,0.596691922
0.11704,0.0024868814,6.9158364,0.0399092452,7.01385874,2.87742804,2.32008309,0.616455976,0.596932446
0.11706,0.00368121978,7.03786918,0.161861213,7.39490318,2.8776943,2.32087847,0.616837848,0.597194967
0.11708,0.00481750312,7.15744622,0.28126077,7.76760488,2.87724623,2.32165762,0.617240144,0.597469985
0.1171,0.00587781157,7.2726817,0.396224905,8.12608589,2.87603498,2.32240813,0.617651347,0.597749446
0.11712,0.00684542341,7.38175828,0.504940544,8.46469253,2.87398452,2.32311813,0.618061323,0.598026379
0.11714,0.00770507884,7.48295572,0.605693151,8.77808455,2.87098305,2.3237765,0.61846104,0.59829468
0.11716,0.00844322057,7.57467805,0.696893768,9.06131935,2.86686749,2.32437308,0.618842416,0.598548981
0.11718,0.00904820767,7.65547873,0.777104076,9.30993,2.86139555,2.32489887,0.61919825,0.598784586
0.1172,0.00951049912,7.72408345,0.845059085,9.51999564,2.85419381,2.32534633,0.619522229,0.598997455
0.11722,0.00982280433,7.77941026,0.899687084,9.68820333,2.84465609,2.3257097,0.619808981,0.599184219
0.11724,0.00998019804,7.82058661,0.940126551,9.81190024,2.83173177,2.32598557,0.620054193,0.599342249
0.11726,0.00998019807,7.84696313,0.965739736,9.88913536,2.8134598,2.32617396,0.620254851,0.59946979
0.11728,0.00982280442,7.85812388,0.976122721,9.91869009,2.78594275,2.32628059,0.620409699,0.599566266
0.1173,0.00951049927,7.85389286,0.971111794,9.90009798,2.7415078,2.32632078,0.620520179,0.599632889
0.11732,0.00904820786,7.83433685,0.950786021,9.8336548,2.66789737,2.32632125,0.620591694,0.599673516
0.11734,0.00844322081,7.7997643,0.915465996,9.72041215,2.55378725,2.32630835,0.620633395,0.599694523
0.11736,0.00770507913,7.75072048,0.865708778,9.56215469,2.39559944,2.32629348,0.620654879,0.59970256
0.11738,0.00684542375,7.68797888,0.802299101,9.36137685,2.19496751,2.32627849,0.620663378,0.599702595
0.1174,0.00587781194,7.61252899,0.726237,9.12124498,1.9550087,2.32626348,0.620663699,0.599697879
0.11742,0.00481750353,7.52556072,0.638722034,8.84554619,1.67951142,2.32624846,0.620658974,0.599690482
0.11744,0.00368122021,7.42844561,0.541134368,8.53865136,1.37414243,2.32623343,0.620651233,0.599681707
0.11746,0.00248688185,7.32271513,0.435012921,8.20537854,1.2045637,2.3262185,0.620641786,0.599672364
0.11748,0.00125332387,7.21003671,0.322031284,7.85091851,1.19876183,2.32620367,0.620631485,0.599662951
0.1175,2.31636932e-10,7.09218741,0.203971311,7.48096256,1.19655278,2.32618885,0.620620837,0.599653739
0.11752,-0.00125332341,6.97102575,0.0826948332,7.10130716,1.19533689,2.32617403,0.620610139,0.599644864
0.11754,-0.0024868814,6.84846247,-0.0398855954,6.71793929,1.19507956,2.3261592,0.620599563,0.599636385
0.11756,-0.00368121978,6.72643042,-0.16183685,6.33690458,1.19577066,2.32614438,0.620589197,0.59962831
0.11758,-0.00481750312,6.60685409,-0.28123572,5.96421189,1.19741797,2.32612956,0.62057908,0.599620624
0.1176,-0.00587781157,6.49161925,-0.396199236,5.60573862,1.20004824,2.32611474,0.620569219,0.599613294
0.11762,-0.00684542341,6.3825432,-0.504914364,5.26713795,1.20371146,2.32609992,0.620559604,0.599606283
0.11764,-0.00770507884,6.28134615,-0.605666601,4.95374976,1.20848944,2.3260851,0.620550215,0.599599551
0.11766,-0.00844322057,6.18962405,-0.69686701,4.67051641,1.21451107,2.32607028,0.62054103,0.599593061
0.11768,-0.00904820766,6.10882343,-0.777077286,4.42190473,1.22197957,2.32605546,0.620532022,0.599586778
0.1177,-0.00951049912,6.04021858,-0.845032441,4.21183565,1.2312227,2.32604065,0.620523169,0.599580671
0.11772,-0.00982280433,5.98489148,-0.899660754,4.04362232,1.2427904,2.32602583,0.620514448,0.599574713
0.11774,-0.00998019804,5.94371469,-0.940100684,3.91991792,1.25765795,2.32601102,0.62050584,0.599568879
0.11776,-0.00998019807,5.9173376,-0.965714451,3.84267392,1.2776751,2.32599621,0.620497327,0.59956315
0.11778,-0.00982280442,5.90617621,-0.976098102,3.81310948,1.30657094,2.32598141,0.620488896,0.599557509
0.1178,-0.00951049927,5.91040654,-0.97108788,3.83169176,1.35182938,2.32596662,0.620480533,0.599551941
0.11782,-0.00904820786,5.92996187,-0.950762809,3.89812566,1.42571842,2.32595184,0.620472231,0.599546437
0.11784,-0.00844322081,5.96453378,-0.915443438,4.01135994,1.53986209,2.3259371,0.620463983,0.599540987
0.11786,-0.00770507913,6.01357705,-0.865686785,4.16961047,1.6980451,2.32592239,0.620455783,0.599535585
0.11788,-0.00684542375,6.07631823,-0.802277548,4.37038332,1.89867202,2.32590771,0.62044763,0.599530227
0.1179,-0.00587781194,6.15176785,-0.726215735,4.61051247,2.13862808,2.32589307,0.620439519,0.599524907
0.11792,-0.00481750353,6.23873602,-0.638700886,4.88621099,2.41412512,2.32587848,0.620431448,0.599519622
0.11794,-0.00368122021,6.33585121,-0.541113159,5.1931083,2.71953141,2.32586662,0.620423508,0.599514426
0.11796,-0.00248688185,6.44158195,-0.434991469,5.52640496,2.87799072,2.32622369,0.620442477,0.599526525
0.11798,-0.00125332387,6.55426078,-0.322009436,5.88085212,2.88171909,2.32695507,0.620581279,0.599620081
0.118,-2.31604957e-10,6.67211063,-0.203948934,6.2508162,2.88406211,2.32772241,0.620821467,0.599782865
0.11802,0.00125332341,6.79327294,-0.0826718234,6.63048091,2.88570106,2.32851189,0.621133158,0.599993526
0.11804,0.0024868814,6.91583694,0.0399092998,7.0138586,2.88665566,2.32931071,0.621494532,0.600236595
0.11806,0.00368121978,7.03786972,0.161861268,7.39490304,2.88692185,2.33010603,0.62188858,0.600500153
0.11808,0.00481750312,7.15744676,0.281260825,7.76760474,2.88647373,2.33088512,0.622301435,0.600774619
0.1181,0.00587781157,7.27268224,0.39622496,8.12608575,2.88526242,2.33163556,0.622721374,0.601052029
0.11812,0.00684542341,7.38175881,0.504940599,8.46469239,2.8832119,2.33234551,0.623138214,0.601325591
0.11814,0.00770507884,7.48295625,0.605693206,8.77808441,2.88021037,2.33300382,0.623542956,0.601589415
0.11816,0.00844322057,7.57467859,0.696893823,9.06131921,2.87609475,2.33360034,0.623927591,0.601838358
0.11818,0.00904820767,7.65547926,0.777104131,9.30992986,2.87062275,2.33412607,0.624285015,0.602067946
0.1182,0.00951049912,7.72408398,0.845059139,9.5199955,2.86342095,2.33457347,0.624609021,0.602274347
0.11822,0.00982280433,7.77941079,0.899687139,9.68820319,2.85388318,2.33493678,0.624894353,0.60245439
0.11824,0.00998019804,7.82058714,0.940126605,9.8119001,2.8409588,2.33521259,0.625136828,0.602605623
0.11826,0.00998019807,7.84696367,0.96573979,9.88913522,2.82268677,2.33540092,0.625333582,0.602726462
0.11828,0.00982280442,7.85812441,0.976122775,9.91868995,2.79516968,2.33550749,0.625483566,0.602816495
0.1183,0.00951049927,7.8538934,0.971111848,9.90009784,2.75073468,2.33554762,0.625588529,0.602877117
0.11832,0.00904820786,7.83433739,0.950786075,9.83365466,2.6771242,2.33554803,0.625654343,0.602912397
0.11834,0.00844322081,7.79976483,0.91546605,9.72041201,2.56301401,2.33553507,0.625690734,0.602928922
0.11836,0.00770507913,7.75072102,0.865708831,9.56215455,2.4048261,2.33552014,0.625707719,0.60293344
0.11838,0.00684542375,7.68797941,0.802299154,9.36137671,2.20419401,2.33550509,0.625712664,0.60293087
0.1184,0.00587781194,7.61252952,0.726237053,9.12124485,1.96423496,2.33549002,0.625710315,0.602924325
0.11842,0.00481750353,7.52556125,0.638722087,8.84554605,1.68873707,2.33547494,0.625703664,0.602915714
0.11844,0.00368122021,7.42844615,0.541134421,8.53864705,1.38311976,2.33545985,0.625694582,0.602906189
0.11846,0.00248688185,7.32271567,0.435012978,8.20538469,1.20501852,2.33544485,0.625684236,0.602896432
0.11848,0.00125332387,7.21003725,0.322031339,7.85091839,1.19876267,2.33542997,0.625673357,0.602886842
0.1185,2.31575648e-10,7.09218795,0.203971366,7.48096243,1.19655277,2.33541508,0.625662354,0.602877614
0.11852,-0.00125332341,6.97102629,0.082694887,7.10130703,1.19533689,2.3354002,0.625651454,0.602868826
0.11854,-0.0024868814,6.848463,-0.0398855423,6.71793916,1.19507956,2.33538532,0.625640771,0.602860494
0.11856,-0.00368121978,6.72643095,-0.161836797,6.33690444,1.19577066,2.33537043,0.625630356,0.602852602
0.11858,-0.00481750312,6.60685462,-0.281235668,5.96421176,1.19741797,2.33535555,0.625620222,0.602845113
0.1186,-0.00587781157,6.49161978,-0.396199184,5.60573848,1.20004823,2.33534067,0.625610357,0.602837982
0.11862,-0.00684542341,6.38254373,-0.504914313,5.26713781,1.20371145,2.33532579,0.625600739,0.602831166
0.11864,-0.00770507884,6.28134668,-0.60566655,4.95374963,1.20848943,2.33531091,0.625591343,0.602824619
0.11866,-0.00844322057,6.18962458,-0.696866959,4.67051627,1.21451106,2.33529603,0.62558214,0.602818304
0.11868,-0.00904820767,6.10882396,-0.777077235,4.42190459,1.22197957,2.33528116,0.625573104,0.602812183
0.1187,-0.00951049912,6.04021911,-0.84503239,4.21183551,1.2312227,2.33526628,0.625564211,0.602806227
0.11872,-0.00982280433,5.98489201,-0.899660704,4.04362219,1.24279039,2.33525141,0.625555438,0.602800408
0.11874,-0.00998019804,5.94371522,-0.940100634,3.91991779,1.25765795,2.33523653,0.625546768,0.602794704
0.11876,-0.00998019807,5.91733813,-0.965714401,3.84267378,1.2776751,2.33522167,0.625538183,0.602789096
0.11878,-0.00982280442,5.90617674,-0.976098052,3.81310934,1.30657095,2.3352068,0.625529671,0.602783569
0.1188,-0.00951049927,5.91040707,-0.97108783,3.83169162,1.3518294,2.33519195,0.625521221,0.602778108
0.11882,-0.00904820786,5.9299624,-0.950762759,3.89812553,1.42571848,2.33517712,0.625512824,0.602772705
0.11884,-0.00844322081,5.96453431,-0.915443388,4.0113598,1.53986221,2.33516231,0.625504476,0.602767351
0.11886,-0.00770507913,6.01357758,-0.865686735,4.16961033,1.69804532,2.33514754,0.625496174,0.602762042
0.11888,-0.00684542375,6.07631876,-0.802277499,4.37038318,1.89867241,2.3351328,0.625487913,0.602756773
0.1189,-0.00587781194,6.15176838,-0.726215686,4.61051233,2.1386287,2.3351181,0.625479692,0.60275154
0.11892,-0.00481750353,6.23873655,-0.638700837,4.88621086,2.41412634,2.33510345,0.625471509,0.60274634
0.11894,-0.00368122021,6.33585174,-0.54111311,5.19311235,2.71977549,2.33509102,0.625463444,0.602741218
0.11896,-0.00248688185,6.44158247,-0.434991425,5.52640031,2.88703428,2.33542929,0.625481978,0.602752662
0.11898,-0.00125332387,6.55426131,-0.32200939,5.88085197,2.89092427,2.33616028,0.625627234,0.602847887
0.119,-2.31543673e-10,6.67211116,-0.203948887,6.25081606,2.89326725,2.33692756,0.625879111,0.603014003
0.11902,0.00125332341,6.79327347,-0.0826717767,6.63048077,2.89490614,2.33771697,0.626204033,0.603227641
0.11904,0.0024868814,6.91583746,0.0399093469,7.01385846,2.89586068,2.33851573,0.626578293,0.603472432
0.11906,0.00368121978,7.03787025,0.161861315,7.3949029,2.89612682,2.33931099,0.626983959,0.603736148
0.11908,0.00481750312,7.15744728,0.281260873,7.7676046,2.89567863,2.34009002,0.62740676,0.60400921
0.1191,0.00587781157,7.27268277,0.396225007,8.12608562,2.89446726,2.34084041,0.627834843,0.604283805
0.11912,0.00684542341,7.38175934,0.504940646,8.46469226,2.89241668,2.34155029,0.62825803,0.604553359
0.11914,0.00770507884,7.48295678,0.605693254,8.77808427,2.88941509,2.34220854,0.628667387,0.604812219
0.11916,0.00844322057,7.57467911,0.69689387,9.06131908,2.88529942,2.342805,0.629055,0.605055475
0.11918,0.00904820767,7.65547979,0.777104178,9.30992973,2.87982736,2.34333067,0.629413863,0.605278875
0.1192,0.00951049912,7.72408451,0.845059186,9.51999537,2.8726255,2.34377801,0.629737872,0.605478787
0.11922,0.00982280433,7.77941132,0.899687186,9.68820306,2.86308767,2.34414126,0.630021877,0.605652223
0.11924,0.00998019804,7.82058767,0.940126652,9.81189997,2.85016324,2.34441701,0.630261813,0.605796898
0.11926,0.00998019807,7.8469642,0.965739836,9.88913509,2.83189116,2.34460529,0.630454957,0.605911381
0.11928,0.00982280442,7.85812494,0.976122822,9.91868982,2.80437401,2.34471179,0.630600449,0.605995409
0.1193,0.00951049927,7.85389392,0.971111895,9.90009771,2.75993896,2.34475186,0.630700333,0.606050536
0.11932,0.00904820786,7.83433791,0.950786121,9.83365452,2.68632844,2.34475221,0.630760943,0.606081019
0.11934,0.00844322081,7.79976536,0.915466096,9.72041188,2.57221818,2.34473919,0.630792561,0.606093622
0.11936,0.00770507913,7.75072154,0.865708877,9.56215441,2.41403016,2.34472421,0.630805595,0.606095158
0.11938,0.00684542375,7.68797994,0.8022992,9.36137658,2.21339792,2.3447091,0.630807509,0.606090468
0.1194,0.00587781194,7.61253005,0.726237099,9.12124471,1.97343863,2.34469397,0.630802959,0.606082506
0.11942,0.00481750353,7.52556178,0.638722133,8.84554591,1.69794018,2.34467882,0.630794781,0.606073017
0.11944,0.00368122021,7.42844667,0.541134467,8.53864273,1.39209922,2.34466368,0.630784683,0.606063006
0.11946,0.00248688185,7.3227162,0.435013028,8.20539173,1.20554853,2.34464861,0.63077369,0.606053036
0.11948,0.00125332387,7.21003778,0.322031388,7.85091829,1.19876367,2.34463367,0.630762421,0.606043415
0.1195,2.31510811e-10,7.09218848,0.203971413,7.4809623,1.19655277,2.34461872,0.630751202,0.606034271
0.11952,-0.00125332341,6.97102681,0.0826949334,7.1013069,1.19533689,2.34460378,0.630740192,0.606025637
0.11954,-0.0024868814,6.84846353,-0.0398854965,6.71793903,1.19507956,2.34458884,0.630729462,0.606017495
0.11956,-0.00368121978,6.72643148,-0.161836752,6.33690432,1.19577066,2.34457389,0.630719035,0.606009808
0.11958,-0.00481750312,6.60685515,-0.281235623,5.96421163,1.19741797,2.34455895,0.6307089,0.606002526
0.1196,-0.00587781157,6.49162031,-0.396199139,5.60573835,1.20004823,2.34454401,0.630699035,0.605995597
0.11962,-0.00684542341,6.38254426,-0.504914269,5.26713768,1.20371145,2.34452907,0.630689411,0.605988972
0.11964,-0.00770507884,6.28134721,-0.605666506,4.9537495,1.20848943,2.34451413,0.630679998,0.605982604
0.11966,-0.00844322057,6.18962511,-0.696866915,4.67051614,1.21451106,2.34449919,0.630670766,0.605976455
0.11968,-0.00904820767,6.10882449,-0.777077192,4.42190446,1.22197957,2.34448426,0.630661688,0.605970488
0.1197,-0.00951049912,6.04021964,-0.845032346,4.21183538,1.2312227,2.34446932,0.630652741,0.605964674
0.11972,-0.00982280433,5.98489254,-0.899660661,4.04362206,1.24279039,2.34445439,0.630643903,0.605958988
0.11974,-0.00998019804,5.94371574,-0.940100591,3.91991766,1.25765795,2.34443945,0.630635158,0.605953407
0.11976,-0.00998019807,5.91733866,-0.965714358,3.84267365,1.27767511,2.34442453,0.630626489,0.605947915
0.11978,-0.00982280442,5.90617727,-0.976098009,3.81310921,1.30657096,2.3444096,0.630617885,0.605942496
0.1198,-0.00951049927,5.9104076,-0.971087788,3.83169149,1.35182943,2.34439469,0.630609337,0.605937139
0.11982,-0.00904820786,5.92996292,-0.950762716,3.8981254,1.42571854,2.3443798,0.630600837,0.605931835
0.11984,-0.00844322081,5.96453484,-0.915443346,4.01135967,1.53986233,2.34436493,0.630592381,0.605926577
0.11986,-0.00770507913,6.01357811,-0.865686693,4.1696102,1.69804555,2.3443501,0.630583967,0.60592136
0.11988,-0.00684542375,6.07631929,-0.802277457,4.37038305,1.89867279,2.3443353,0.630575593,0.60591618
0.1199,-0.00587781194,6.15176891,-0.726215644,4.6105122,2.13862932,2.34432054,0.630567256,0.605911034
0.11992,-0.00481750353,6.23873708,-0.638700795,4.88621073,2.41412751,2.34430582,0.630558955,0.605905919
0.11994,-0.00368122021,6.33585226,-0.541113068,5.19311637,2.71999487,2.34429289,0.630550759,0.605900872
0.11996,-0.00248688185,6.44158299,-0.434991388,5.52639392,2.89600613,2.34461244,0.630568722,0.605911593
0.11998,-0.00125332387,6.55426183,-0.322009352,5.88085185,2.90010694,2.34534293,0.63072032,0.606008158
0.12,-8.6234942e-16,6.67211036,-0.203950123,6.25081212,2.90245011,2.34611015,0.630983797,0.606177098
