frequency;user0 (gain);user1 (gain);user2 (gain);user3 (gain)
3000000.0;-11.369086898776304;-23.265672861674823;4.480953529976716;7.415632432921798
3000690.855062474;-11.354499779709846;-23.252908610514584;4.480912332029897;7.417496498774843
3001381.86921852;-11.33989497792717;-23.240127103811243;4.480871147188321;7.419360978695757
3002073.042504776;-11.325272449968768;-23.22732829478055;4.480829975444772;7.421225869367011
3002764.374957887;-11.310632152206043;-23.214512136478966;4.480788816790593;7.423091167482326
3003455.866614505;-11.29597404084864;-23.20167858177744;4.480747671217577;7.424956869711224
3004147.517511295;-11.281298071905951;-23.18882758335523;4.480706538718336;7.426822972730943
3004839.327684925;-11.266604201245984;-23.17595909371787;4.480665419284906;7.428689473186982
3005531.297172076;-11.25189238454631;-23.163073065188282;4.480624312909388;7.4305563677325885
3006223.426009434;-11.237162577329729;-23.150169449913314;4.48058321958333;7.432423653000257
3006915.714233696;-11.22241473493073;-23.137248199842062;4.480542139299333;7.434291325611998
3007608.161881567;-11.207648812501832;-23.124309266745424;4.4805010720494804;7.436159382194113
3008300.768989758;-11.192864765056552;-23.111352602215778;4.480460017825344;7.43802781933388
3008993.535594992;-11.17806254738143;-23.098378157648494;4.4804189766192595;7.439896633647805
3009686.461733998;-11.163242114118027;-23.08538588425144;4.480377948423555;7.441765821709856
3010379.547443514;-11.14840341972994;-23.072375733050514;4.480336933230098;7.443635380090478
3011072.792760287;-11.133546418491054;-23.05934765487603;4.4802959310312;7.445505305353777
3011766.197721072;-11.118671064502877;-23.046301600381668;4.480254941818214;7.4473755940605795
3012459.762362634;-11.10377731166726;-23.033237520005393;4.480213965584236;7.449246242753897
3013153.486721743;-11.088865113741518;-23.020155364014514;4.480173002320851;7.451117247952145
3013847.37083518;-11.073934424271368;-23.00705508248297;4.480132052019677;7.452988606191927
3014541.414739735;-11.058985196614357;-22.99393662526966;4.480091114673799;7.4548603139814995
3015235.618472205;-11.044017383967255;-22.980799942063918;4.4800501902745635;7.456732367822102
3015929.982069396;-11.029030939328866;-22.967644982344222;4.4800092788143475;7.458604764201008
3016624.505568123;-11.014025815513213;-22.954471695396784;4.479968380285223;7.460477499598348
3017319.189005208;-10.999001965131352;-22.94128003030567;4.479927494679571;7.46235057049475
3018014.032417483;-10.983959340651557;-22.92806993597125;4.47988662198876;7.464223973330936
3018709.035841787;-10.968897894297234;-22.914841361072874;4.479845762205622;7.466097704570017
3019404.19931497;-10.953817578145932;-22.901594254106566;4.479804915321793;7.467971760638842
3020099.522873887;-10.938718344059255;-22.888328563360542;4.479764081329382;7.469846137971908
3020795.006555405;-10.923600143705901;-22.875044236912508;4.479723260221001;7.471720832985607
3021490.650396396;-10.90846292858157;-22.86174122265175;4.4796824519882685;7.473595842081915
3022186.454433744;-10.893306649976322;-22.848419468255532;4.479641656623302;7.475471161655909
3022882.41870434;-10.878131258969947;-22.83507892118437;4.479600874118996;7.477346788095424
3023578.543245082;-10.862936706486181;-22.821719528722674;4.47956010446619;7.479222717770301
3024274.828092878;-10.847722943219697;-22.808341237916867;4.479519347657792;7.481098947039379
3024971.273284645;-10.832489919669076;-22.794943995620244;4.4794786036856635;7.482975472265503
3025667.878857308;-10.817237586148226;-22.781527748469085;4.479437872542215;7.484852289778643
3026364.644847799;-10.801965892765244;-22.76809244289693;4.479397154219276;7.486729395912409
3027061.571293061;-10.786674789418708;-22.75463802511419;4.479356448709498;7.488606786985985
3027758.658230043;-10.771364225825437;-22.741164441137293;4.4793157560043015;7.490484459307555
3028455.905695706;-10.75603415148094;-22.72767163675493;4.47927507609603;7.492362409177958
3029153.313727016;-10.740684515694516;-22.714159557543997;4.479234408976852;7.494240632872628
3029850.882360949;-10.725315267542124;-22.700628148862588;4.479193754639142;7.496119126681319
3030548.611634489;-10.709926355931183;-22.687077355859522;4.479153113074788;7.497997886853551
3031246.501584629;-10.694517729532166;-22.67350712346177;4.479112484275969;7.4998769096536355
3031944.552248371;-10.67908933682326;-22.65991739637798;4.479071868234799;7.501756191319924
3032642.763662725;-10.663641126073582;-22.646308119096705;4.479031264943436;7.503635728079684
3033341.135864709;-10.648173045342457;-22.632679235889;4.478990674393787;7.505515516152752
3034039.66889135;-10.632685042447502;-22.619030690785536;4.478950096578977;7.50739555175906
3034738.362779683;-10.617177065067722;-22.605362427631235;4.478909531489716;7.509275831073795
3035437.217566754;-10.601649060580982;-22.591674390009327;4.478868979119126;7.511156350309223
3036136.233289613;-10.58610097621973;-22.577966521300535;4.478828439458853;7.513037105621951
3036835.409985323;-10.570532758954496;-22.56423876463956;4.478787912501819;7.514918093183245
3037534.747690952;-10.554944355579538;-22.55049106295724;4.478747398239442;7.516799309138259
3038234.246443579;-10.539335712644878;-22.536723358947842;4.478706896663639;7.518680749639325
3038933.906280292;-10.523706776480171;-22.52293559506034;4.478666407767304;7.520562410812866
3039633.727238184;-10.508057493219994;-22.5091277135285;4.478625931542382;7.522444288766126
3040333.709354361;-10.492387808755444;-22.495299656353893;4.478585467980792;7.524326379617657
3041033.852665933;-10.47669766876389;-22.481451365301762;4.478545017074681;7.52620867946319
3041734.157210023;-10.460987018694476;-22.467582781894613;4.47850457881672;7.528091184383418
3042434.62302376;-10.4452558037894;-22.45369384743914;4.478464153198368;7.52997389045137
3043135.25014428;-10.429503969033064;-22.43978450297803;4.478423740212774;7.531856793732197
3043836.038608732;-10.413731459228545;-22.42585468934832;4.4783833398511295;7.53373989026864
3044536.98845427;-10.397938218916163;-22.411904347131827;4.478342952105611;7.535623176110059
3045238.099718058;-10.382124192416324;-22.39793341665438;4.478302576969403;7.537506647268649
3045939.372437268;-10.36628932383589;-22.383941838036606;4.478262214433452;7.539390299767267
3046640.80664908;-10.350433557012575;-22.36992955111704;4.478221864491158;7.541274129613303
3047342.402390684;-10.334556835605149;-22.355896495530253;4.478181527133505;7.543158132791598
3048044.159699279;-10.31865910299085;-22.34184261063413;4.4781412023533935;7.545042305289886
3048746.07861207;-10.30274030233964;-22.327767835552436;4.478100890143035;7.546926643069759
3049448.159166272;-10.286800376579802;-22.31367210916625;4.478060590494379;7.548811142092075
3050150.401399109;-10.270839268406128;-22.299555370107594;4.478020303399366;7.550695798302099
3050852.805347814;-10.25485692026659;-22.285417556747156;4.477980028850673;7.5525806076298965
3051555.371049626;-10.238853274375161;-22.271258607216623;4.477939766840299;7.554465566001166
3052258.098541796;-10.222828272705948;-22.257078459392275;4.4778995173603775;7.5563506693259495
3052960.987861581;-10.206781856990194;-22.242877050895903;4.477859280403171;7.558235913502535
3053664.039046248;-10.190713968729007;-22.22865431909961;4.477819055960604;7.560121294409998
3054367.252133071;-10.17462454915172;-22.21441020110746;4.477778844025393;7.562006807930346
3055070.627159335;-10.158513539257878;-22.200144633773952;4.4777386445897385;7.563892449926333
3055774.164162331;-10.14238087981014;-22.185857553704192;4.477698457645364;7.565778216248686
3056477.863179361;-10.126226511322747;-22.171548897239536;4.4776582831842235;7.567664102732564
3057181.724247734;-10.110050374039364;-22.157218600443457;4.477618121199272;7.569550105204823
3057885.747404767;-10.093852407967152;-22.14286659913371;4.477577971682501;7.57143621948406
3058589.932687787;-10.077632552864777;-22.128492828856835;4.4775378346263555;7.573322441365704
3059294.28013413;-10.061390748236622;-22.11409722490716;4.4774977100225595;7.575208766647977
3059998.78978114;-10.045126933335428;-22.099679722308423;4.477457597863111;7.577095191109883
3060703.461666168;-10.028841047157302;-22.085240255804585;4.477417498140684;7.578981710506596
3061408.295826576;-10.012533028414639;-22.07077875987043;4.477377410848049;7.580868320607744
3062113.292299733;-9.996202815617513;-22.056295168745528;4.47733733597592;7.582755017152101
3062818.451123018;-9.97985034696556;-22.041789416342322;4.477297273518249;7.584641795858512
3063523.772333817;-9.963475560437683;-22.027261436356135;4.477257223465806;7.586528652452639
3064229.255969526;-9.94707839370545;-22.01271116216506;4.477217185811805;7.588415582647804
3064934.902067548;-9.930658784232776;-21.99813852690303;4.477177160547735;7.59030258212252
3065640.710665297;-9.914216669168844;-21.983543463404658;4.477137147666324;7.5921896465694925
3066346.681800194;-9.897751985425472;-21.9689259042355;4.477097147159821;7.59407677165021
3067052.815509668;-9.881264669645315;-21.9542857816904;4.477057159019966;7.595963953025114
3067759.111831157;-9.864754658189124;-21.939623027770683;4.4770171832392425;7.597851186342321
3068465.570802111;-9.848221887148663;-21.924937574185797;4.476977219810645;7.599738467226485
3069172.192459983;-9.831666292375393;-21.910229352397664;4.47693726872518;7.601625791297088
3069878.976842238;-9.815087809415127;-21.895498293552166;4.476897329975592;7.603513154161447
3070585.923986349;-9.7984863735464;-21.88074432852197;4.476857403553885;7.605400551421688
3071293.033929798;-9.781861919764701;-21.86596738787431;4.476817489453037;7.607287978656572
3072000.306710076;-9.765214382807875;-21.851167401904906;4.476777587665063;7.609175431431964
3072707.74236468;-9.748543697137402;-21.83634430062796;4.476737698181488;7.611062905309071
3073415.340931118;-9.731849796914688;-21.82149801373873;4.476697820995285;7.61295039582876
3074123.102446908;-9.715132616031267;-21.806628470656882;4.4766579560984985;7.614837898527121
3074831.026949572;-9.698392088108474;-21.79173560050749;4.4766181034831085;7.616725408915909
3075539.114476646;-9.681628146454656;-21.776819332110083;4.476578263141636;7.618612922513789
3076247.36506567;-9.664840724120726;-21.761879593990592;4.47653843506636;7.620500434803507
3076955.778754196;-9.648029753847581;-21.746916314371756;4.476498619249776;7.6223879412744004
3077664.355579783;-9.631195168122305;-21.731929421193662;4.476458815683404;7.624275437387951
3078373.095579999;-9.614336899104085;-21.716918842075444;4.4764190243597906;7.626162918611568
3079081.998792421;-9.597454878673965;-21.70188450432345;4.476379245271928;7.628050380377554
3079791.065254633;-9.580549038435562;-21.686826334967297;4.476339478411341;7.629937818120396
3080500.295004231;-9.56361930968692;-21.671744260715272;4.476299723770315;7.631825227258036
3081209.688078817;-9.546665623423202;-21.656638207967692;4.4762599813411335;7.633712603203357
3081919.244516001;-9.529687910361202;-21.64150810281066;4.47622025111632;7.635599941333141
3082628.964353404;-9.512686100899488;-21.62635387101877;4.476180533088396;7.637487237030884
3083338.847628655;-9.495660125155094;-21.61117543807819;4.4761408272486385;7.6393744856744625
3084048.894379391;-9.47860991292093;-21.595972729117612;4.476101133590601;7.641261682606082
3084759.104643257;-9.46153539371669;-21.580745668992446;4.476061452105571;7.6431488231701845
3085469.478457909;-9.444436496734172;-21.56549418221845;4.4760217827860584;7.645035902698224
3086180.01586101;-9.427313150868393;-21.55021819299047;4.475982125624632;7.646922916497446
3086890.716890231;-9.410165284711384;-21.534917625194065;4.475942480613325;7.648809859869355
3087601.581583253;-9.39299282654007;-21.5195924023873;4.475902847744421;7.650696728102808
3088312.609977766;-9.375795704310265;-21.504242447805133;4.475863227010233;7.652583516484635
3089023.802111468;-9.358573845681757;-21.488867684347387;4.475823618403542;7.654470220262089
3089735.158022066;-9.341327178012246;-21.47346803461636;4.475784021915658;7.656356834688459
3090446.677747273;-9.324055628303821;-21.458043420847336;4.475744437539859;7.658243355003655
3091158.361324816;-9.306759123287664;-21.442593764989525;4.475704865267241;7.66012977643462
3091870.208792426;-9.289437589340514;-21.427118988611518;4.475665305091329;7.662016094179677
3092582.220187845;-9.27209095253649;-21.41161901298362;4.475625757003928;7.663902303443203
3093294.395548823;-9.254719138627669;-21.396093759026094;4.4755862209975925;7.665788399400833
3094006.734913119;-9.237322073050345;-21.38054314734824;4.475546697063663;7.667674377234237
3094719.2383185;-9.219899680888076;-21.364967098176283;4.475507185195664;7.669560232092544
3095431.905802743;-9.202451886932447;-21.349365531436938;4.475467685385168;7.671445959119319
3096144.737403632;-9.184978615625852;-21.33373836669524;4.47542819762477;7.673331553444617
3096857.733158961;-9.167479791091102;-21.318085523179285;4.475388721906738;7.675217010181443
3097570.893106532;-9.149955337101868;-21.30240691976642;4.475349258223685;7.677102324440867
3098284.217284157;-9.13240517713033;-21.286702475014007;4.475309806566916;7.6789874913167635
3098997.705729655;-9.114829234295005;-21.270972107090998;4.475270366929734;7.68087250586626
3099711.358480855;-9.0972274313617;-21.25521573384161;4.475230939304236;7.682757363175675
3100425.175575593;-9.079599690799686;-21.239433272753892;4.475191523682758;7.684642058271449
3101139.157051716;-9.061945934713323;-21.22362464097891;4.475152120056858;7.6865265862087355
3101853.302947078;-9.044266084854515;-21.207789755276853;4.475112728419867;7.68841094200247
3102567.613299542;-9.026560062654061;-21.191928532071923;4.475073348764115;7.690295120653746
3103282.088146981;-9.008827789191695;-21.17604088744632;4.475033981081188;7.69217911717344
3103996.727527275;-8.99106918520614;-21.160126737101486;4.474994625363693;7.694062926531656
3104711.531478313;-8.973284171077198;-21.1441859963777;4.4749552816041875;7.6959465436963175
3105426.500037994;-8.955472666841716;-21.128218580262356;4.474915949794779;7.6978299636258605
3106141.633244225;-8.93763459218824;-21.112224403372966;4.474876629927796;7.699713181256929
3106856.931134921;-8.919769866440237;-21.0962033799602;4.474837321995587;7.701596191524378
3107572.393748007;-8.901878408575621;-21.08015542389628;4.474798025990963;7.703478989329698
3108288.021121415;-8.883960137218816;-21.064080448708516;4.4747587419055925;7.705361569584105
3109003.813293088;-8.866014970639046;-21.047978367532654;4.474719469732021;7.7072439271615885
3109719.770300976;-8.848042826727507;-21.03184909313565;4.474680209462614;7.709126056945529
3110435.892183039;-8.830043623036696;-21.015692537908777;4.474640961089725;7.711007953782355
3111152.178977245;-8.812017276742626;-20.99950861387199;4.474601724605451;7.712889612523907
3111868.630721569;-8.793963704641488;-20.98329723264481;4.474562500002886;7.714771028000435
3112585.247453998;-8.77588282320371;-20.96705830549791;4.474523287273658;7.7166521950205444
3113302.029212527;-8.757774548493654;-20.950791743298165;4.47448408641036;7.718533108394155
3114018.976035158;-8.7396387962185;-20.93449745653381;4.474444897405367;7.72041376290994
3114736.087959902;-8.721475481721377;-20.918175355306712;4.4744057202510295;7.722294153334307
3115453.365024782;-8.703284519961647;-20.901825349336562;4.474366554939461;7.724174274435453
3116170.807267825;-8.685065825530794;-20.885447347942222;4.474327401463292;7.726054120948137
3116888.414727069;-8.666819312621675;-20.869041260056566;4.474288259814884;7.727933687620006
3117606.187440563;-8.64854489508123;-20.852606994225265;4.474249129986339;7.729812969157692
3118324.125446361;-8.630242486337602;-20.836144458581206;4.4742100119705475;7.731691960273057
3119042.228782528;-8.611911999476193;-20.819653560883587;4.474170905759378;7.733570655648014
3119760.497487136;-8.593553347173215;-20.80313420848077;4.4741318113452;7.735449049962354
3120478.931598268;-8.575166441713426;-20.786586308315673;4.474092728720645;7.737327137881602
3121197.531154014;-8.556751195012403;-20.77000976692789;4.474053657878352;7.739204914037132
3121916.296192473;-8.5383075185926;-20.75340449048784;4.474014598809438;7.741082373085798
3122635.226751755;-8.51983532355985;-20.73677038469066;4.47397555150803;7.742959509622784
3123354.322869976;-8.501334520660537;-20.720107354897763;4.473936515965026;7.7448363182722035
3124073.584585261;-8.482805020239539;-20.70341530602127;4.4738974921730685;7.746712793608662
3124793.011935744;-8.464246732196345;-20.686694142537846;4.473858480125763;7.748588930215737
3125512.604959571;-8.445659566099287;-20.66994376856853;4.473819479814266;7.750464722654976
3126232.363694892;-8.427043431091507;-20.65316408779575;4.47378049123074;7.752340165473505
3126952.288179868;-8.408398235884897;-20.636355003449868;4.47374151436879;7.754215253196182
3127672.378452669;-8.389723888829426;-20.619516418394333;4.473702549219833;7.756089980345075
3128392.634551474;-8.37102029782751;-20.602648235036156;4.473663595776778;7.757964341431868
3129113.056514469;-8.352287370414174;-20.58575035538371;4.47362465403149;7.759838330938039
3129833.644379851;-8.333525013681033;-20.568822680996263;4.47358572397688;7.761711943338349
3130554.398185825;-8.3147331343349;-20.551865113036474;4.473546805604615;7.763585173096958
3131275.317970604;-8.295911638642515;-20.534877552202015;4.473507898907837;7.765458014651662
3131996.403772411;-8.277060432464136;-20.517859898784288;4.47346900387871;7.7673304624414445
3132717.655629477;-8.258179421241659;-20.5008120526304;4.473430120509876;7.769202510878865
3133439.073580041;-8.239268510016238;-20.483733913171136;4.4733912487932495;7.771074154361646
3134160.657662353;-8.220327603372144;-20.46662537938277;4.473352388721502;7.772945387289121
3134882.407914671;-8.201356605507579;-20.44948634981607;4.473313540286785;7.774816204021708
3135604.324375261;-8.182355420166235;-20.432316722569205;4.473274703481768;7.776686598921199
3136326.407082397;-8.163323950669097;-20.41511639529888;4.473235878299099;7.7785565663306855
3137048.656074366;-8.144262099939354;-20.397885265247993;4.4731970647302335;7.780426100578408
3137771.071389458;-8.125169770422476;-20.38062322916502;4.473158262768562;7.78229519597398
3138493.653065976;-8.106046864145299;-20.363330183375787;4.473119472406491;7.7841638468239935
3139216.40114223;-8.086893282727374;-20.34600602376774;4.473080693635981;7.786032047404387
3139939.31565654;-8.06770892733517;-20.328650645772544;4.473041926449185;7.787899791988192
3140662.396647234;-8.048493698672804;-20.31126394434153;4.473003170839302;7.789767074829424
3141385.64415265;-8.029247497048756;-20.293845814010254;4.472964426797985;7.791633890163515
3142109.058211131;-8.00997022228134;-20.276396148818485;4.472925694318409;7.793500232218734
3142832.638861035;-7.9906617737943915;-20.25891484239075;4.472886973392055;7.7953660952043045
3143556.386140724;-7.971322050518265;-20.24140178784134;4.472848264012297;7.797231473310782
3144280.30008857;-7.951950950963384;-20.223856877852203;4.472809566171324;7.799096360717497
3145004.380742954;-7.932548373193001;-20.206280004646842;4.472770879861124;7.800960751592713
3145728.628142267;-7.9131142148069955;-20.18867105996319;4.472732205074364;7.80282464008183
3146453.042324908;-7.893648372945632;-20.171029935072482;4.472693541803702;7.804688020323147
3147177.623329283;-7.874150744314768;-20.153356520791533;4.472654890041115;7.806550886435647
3147902.37119381;-7.854621225143399;-20.135650707434714;4.472616249779797;7.808413232511517
3148627.285956915;-7.835059711213759;-20.117912384880732;4.472577621011421;7.810275052655554
3149352.36765703;-7.8154660978436175;-20.100141442505848;4.472539003728702;7.812136340933526
3150077.616332601;-7.79584027988733;-20.082337769215357;4.472500397924088;7.813997091403937
3150803.032022077;-7.776182151737631;-20.064501253433683;4.472461803590041;7.81585729810601
3151528.614763921;-7.756491607323847;-20.046631783118237;4.472423220718498;7.817716955075893
3152254.364596601;-7.736768540063147;-20.02872924568905;4.472384649303403;7.819576056322502
3152980.281558597;-7.717012842993749;-20.010793528179846;4.472346089334994;7.821434595851101
3153706.365688396;-7.6972244085861075;-19.992824517018093;4.47230754080794;7.823292567624044
3154432.617024493;-7.677403128904102;-19.974822098241557;4.4722690037132375;7.8251499656242185
3155159.035605394;-7.657548895507888;-19.956786157350624;4.47223047804359;7.827006783799149
3155885.621469614;-7.637661599479724;-19.938716579352324;4.472191963791709;7.8288630160808905
3156612.374655674;-7.617741131422166;-19.92061324876653;4.472153460950055;7.830718656394309
3157339.295202107;-7.597787381460669;-19.902476049616237;4.472114969511077;7.8325736986444925
3158066.383147453;-7.577800239239817;-19.884304865432362;4.4720764894670335;7.834428136725508
3158793.638530262;-7.557779593922268;-19.866099579232525;4.472038020810624;7.8362819644996335
3159521.061389092;-7.537725334175912;-19.847860073539977;4.47199956353432;7.838135175829745
3160248.65176251;-7.517637348204205;-19.829586230401;4.471961117629608;7.8399877645671845
3160976.409689092;-7.497515523657624;-19.811277931280138;4.471922683090692;7.841839724531823
3161704.335207424;-7.4773597477664655;-19.792935057219104;4.4718842599088;7.843691049543839
3162432.428356098;-7.457169907239595;-19.774557488700392;4.471845848076943;7.845541733383854
3163160.689173719;-7.436945888281431;-19.75614510571774;4.471807447587329;7.847391769848978
3163889.117698897;-7.41668757660881;-19.73769778773811;4.471769058432694;7.8492411526966075
3164617.713970253;-7.3963948574505745;-19.719215413736002;4.4717306806050185;7.851089875680408
3165346.478026417;-7.376067615531204;-19.700697862154435;4.4716923140968055;7.852937932526427
3166075.409906027;-7.355705735044715;-19.6821450108989;4.471653958901277;7.854785316952907
3166804.50964773;-7.335309099690344;-19.66355673738382;4.471615615010661;7.856632022682816
3167533.777290182;-7.314877592725195;-19.644932918516446;4.471577282416729;7.858478043374522
3168263.212872048;-7.294411096818091;-19.626273430645924;4.471538961112474;7.860323372715361
3168992.816432002;-7.273909494157601;-19.607578149604798;4.471500651090603;7.8621680043565885
3169722.588008727;-7.2533726664285005;-19.588846950713545;4.4714623523433925;7.864011931941653
3170452.527640915;-7.232800494816388;-19.57007970876559;4.4714240648631;7.865855149086103
3171182.635367267;-7.212192859962608;-19.55127629801072;4.4713857886424595;7.8676976494056525
3171912.911226491;-7.19154964201393;-19.53243659216829;4.471347523674212;7.869539426480149
3172643.355257307;-7.170870720587748;-19.513560464439923;4.471309269950637;7.871380473901539
3173373.967498442;-7.150155974824277;-19.49464778750174;4.4712710274637155;7.87322078521375
3174104.747988631;-7.129405283284418;-19.475698433463887;4.471232796206489;7.875060353972978
3174835.696766622;-7.108618524042187;-19.456712273908742;4.471194576171667;7.876899173694887
3175566.813871167;-7.087795574662552;-19.43768917991718;4.471156367350807;7.878737237903821
3176298.099341029;-7.0669363121215065;-19.418629021955258;4.4711181697378874;7.880574540095866
3177029.553214981;-7.046040612981072;-19.399531670039593;4.47107998332396;7.882411073734561
3177761.175531804;-7.025108353164995;-19.380396993567558;4.471041808102506;7.884246832300058
3178492.966330287;-7.004139408142439;-19.36122486144008;4.471003644065564;7.886081809232078
3179224.925649229;-6.983133652829138;-19.342015142004925;4.470965491205391;7.887915997970397
3179957.053527439;-6.962090961602656;-19.322767703032106;4.470927349515247;7.889749391914203
3180689.350003732;-6.9410112083167945;-19.303482411783214;4.470889218987189;7.891581984479231
3181421.815116935;-6.919894266302386;-19.28415913495631;4.470851099613709;7.893413769040216
3182154.448905881;-6.898740008338166;-19.2647977386903;4.470812991387606;7.895244738964536
3182887.251409415;-6.877548306690217;-19.24539808859775;4.470774894300908;7.8970748876066255
3183620.222666388;-6.856319033059641;-19.22596004969941;4.470736808346859;7.898904208292907
3184353.362715662;-6.835052058645749;-19.206483486516714;4.470698733517044;7.9007326943539224
3185086.671596108;-6.813747254078692;-19.186968262962495;4.47066066980472;7.902560339079089
3185820.149346605;-6.792404489453547;-19.167414242410423;4.47062261720264;7.904387135754236
3186553.796006042;-6.771023634356905;-19.147821287715793;4.470584575702397;7.90621307765649
3187287.611613314;-6.749604557789334;-19.128189261121392;4.470546545297252;7.908038158034804
3188021.596207328;-6.728147128251595;-19.108518024360276;4.470508525979002;7.90986237012968
3188755.749827;-6.706651213655119;-19.088807438549292;4.470470517741177;7.911685707152997
3189490.072511254;-6.685116681413792;-19.06905736430182;4.47043252057558;7.91350816231245
3190224.564299022;-6.6635433983717975;-19.049267661637955;4.470394534475002;7.915329728791157
3190959.225229247;-6.6419312308281695;-19.029438190032042;4.470356559431763;7.91715039977211
3191694.05534088;-6.62028004453246;-19.009568808364655;4.47031859543911;7.918970168393086
3192429.05467288;-6.598589704729344;-18.98965937501771;4.470280642488397;7.920789027799968
3193164.223264217;-6.576860076040702;-18.969709747727947;4.470242700573388;7.92260697111386
3193899.561153868;-6.555091022616599;-18.94971978374171;4.470204769685669;7.924423991439443
3194635.06838082;-6.533282408004203;-18.92968933968318;4.470166849818511;7.9262400818604615
3195370.744984069;-6.5114340952401575;-18.90961827165255;4.470128940964012;7.928055235448383
3196106.591002621;-6.489545946792347;-18.889506435169118;4.470091043114703;7.929869445262069
3196842.606475488;-6.4676178245819615;-18.869353685184773;4.470053156263139;7.93168270433967
3197578.791441693;-6.445649589964326;-18.849159876069233;4.470015280402398;7.93349500570251
3198315.145940269;-6.423641103796708;-18.82892486166812;4.469977415524301;7.935306342347111
3199051.670010256;-6.4015922263303064;-18.808648495217845;4.469939561621889;7.93711670726565
3199788.363690704;-6.37950281729292;-18.78833062941406;4.4699017186875025;7.938926093433636
3200525.227020671;-6.35737273585412;-18.767971116369328;4.469863886713943;7.940734493801265
3201262.260039225;-6.335201840641577;-18.747569807645686;4.469826065693545;7.9425419013105625
3201999.462785444;-6.312989989737869;-18.72712655423094;4.469788255618879;7.944348308874191
3202736.835298412;-6.290737040659314;-18.70664120654623;4.4697504564825215;7.946153709404391
3203474.377617225;-6.268442850381497;-18.686113614447265;4.469712668277028;7.947958095788742
3204212.089780985;-6.246107275334372;-18.665543627214646;4.469674890995251;7.949761460885023
3204949.971828807;-6.223730171383426;-18.6449310935724;4.469637124629754;7.951563797559219
3205688.023799812;-6.201311393900331;-18.62427586171634;4.469599369172139;7.953365098643873
3206426.24573313;-6.178850797622834;-18.603577779197696;4.469561624616218;7.955165356958645
3207164.637667902;-6.156348236822725;-18.582836693074523;4.46952389095384;7.956964565297958
3207903.199643275;-6.133803565142122;-18.56205244978884;4.469486168178313;7.9587627164684065
3208641.931698408;-6.111216635789636;-18.54122489528468;4.469448456281266;7.960559803213782
3209380.833872469;-6.088587301336787;-18.520353874898934;4.469410755255516;7.962355818306631
3210119.906204631;-6.065915413844163;-18.499439233399308;4.469373065094157;7.9641507544609915
3210859.148734081;-6.043200824822548;-18.478480815031247;4.469335385789288;7.965944604419409
3211598.561500012;-6.020443385249012;-18.457478463436672;4.469297717334229;7.9677373608534365
3212338.144541628;-5.997642945579064;-18.436432021775047;4.469260059720367;7.969529016475616
3213077.897898139;-5.974799355694643;-18.415341332567476;4.469222412941258;7.971319563931575
3213817.821608768;-5.951912464986947;-18.394206237846273;4.469184776988792;7.973108995870534
3214557.915712744;-5.928982122238558;-18.3730265790362;4.4691471518562835;7.974897304941356
3215298.180249306;-5.9060081757744065;-18.35180219704848;4.469109537536109;7.976684483737964
3216038.615257702;-5.882990473357802;-18.33053293225721;4.469071934020384;7.978470524879024
3216779.22077719;-5.8599288622395385;-18.309218624461398;4.469034341301937;7.980255420919926
3217519.996847035;-5.836823189064227;-18.287859112895603;4.468996759374126;7.98203916445725
3218260.943506513;-5.813673300092469;-18.266454236320598;4.4689591882285775;7.983821747999551
3219002.060794908;-5.790479040968316;-18.24500383291834;4.468921627857922;7.985603164092102
3219743.348751512;-5.767240256795418;-18.223507740305617;4.468884078255478;7.987383405254721
3220484.80741563;-5.743956792227554;-18.20196579562212;4.46884653941314;7.989162463981424
3221226.436826571;-5.720628491385447;-18.180377835437355;4.468809011323756;7.990940332728153
3221968.237023656;-5.697255197832888;-18.158743695779943;4.468771493980478;7.992717003966579
3222710.208046216;-5.673836754688006;-18.137063212206193;4.468733987375133;7.994492470143054
3223452.349933587;-5.650373004531838;-18.115336219706105;4.468696491500619;7.996266723673648
3224194.662725119;-5.626863789439632;-18.09356255276312;4.468659006349554;7.998039756973934
3224937.146460168;-5.603308950998752;-18.071742045342763;4.4686215319145655;7.9998115624294455
3225679.801178099;-5.579708330303444;-18.049874530899864;4.468584068188279;8.001582132408137
3226422.626918287;-5.556061767968829;-18.027959842400566;4.468546615162826;8.003351459268913
3227165.623720116;-5.532369104058814;-18.005997812235613;4.4685091728320705;8.005119535344727
3227908.791622979;-5.508630178236251;-17.98398827238781;4.4684717411876544;8.006886352963903
3228652.130666278;-5.484844829663929;-17.96193105430195;4.468434320222226;8.008651904415792
3229395.640889424;-5.461012897007595;-17.939825988933563;4.468396909928395;8.010416181997574
3230139.322331838;-5.437134218459887;-17.91767290672716;4.4683595102993365;8.012179177967937
3230883.175032948;-5.413208631774177;-17.89547163768187;4.46832212132739;8.013940884580302
3231627.199032192;-5.3892359742488445;-17.873222011316084;4.468284743004977;8.015701294062259
3232371.394369019;-5.365216082716674;-17.85092385666936;4.468247375324718;8.017460398627968
3233115.761082884;-5.341148793532735;-17.828577002290466;4.468210018279787;8.019218190477945
3233860.299213253;-5.317033942687855;-17.806181276336382;4.468172671861801;8.020974661786726
3234605.008799602;-5.2928713656304875;-17.783736506410555;4.4681353360646705;8.0227298047154
3235349.889881413;-5.26866089745595;-17.76124251974361;4.4680980108805475;8.024483611407113
3236094.94249818;-5.244402372849494;-17.73869914313839;4.468060696301328;8.026236073987569
3236840.166689403;-5.220095626001237;-17.716106202894515;4.468023392320413;8.027987184572865
3237585.562494596;-5.195740490758075;-17.69346352492849;4.467986098930206;8.029736935240203
3238331.129953276;-5.171336800524261;-17.670770934714014;4.467948816123603;8.031485318066151
3239076.869104975;-5.146884388342255;-17.648028257331788;4.467911543893014;8.033232325096517
3239822.77998923;-5.122383086830389;-17.625235317446098;4.467874282231119;8.034977948384594
3240568.862645587;-5.097832728248966;-17.602391939324427;4.467837031130564;8.036722179944897
3241315.117113606;-5.073233144476203;-17.579497946830024;4.467799790584256;8.038465011769567
3242061.543432849;-5.04858416705492;-17.556553163480736;4.467762560584367;8.040206435841444
3242808.141642894;-5.023885627126043;-17.53355741237551;4.467725341124043;8.041946444125422
3243554.911783322;-4.999137355522444;-17.51051051629474;4.467688132195463;8.043685028576832
3244301.853893728;-4.974339182712901;-17.487412297629135;4.4676509337915595;8.045422181124678
3245048.968013714;-4.949490938863901;-17.464262578436063;4.4676137459050045;8.047157893667158
3245796.25418289;-4.924592453797501;-17.441061180427646;4.467576568528681;8.048892158101461
3246543.712440877;-4.899643557058624;-17.417807925024466;4.467539401654784;8.050624966311059
3247291.342827304;-4.874644077879438;-17.394502633295645;4.467502245276273;8.052356310139933
3248039.145381811;-4.849593845206092;-17.371145126035653;4.4674650993855245;8.054086181444035
3248787.120144045;-4.824492687716419;-17.34773522371881;4.46742796397548;8.055814572026915
3249535.267153662;-4.7993404338161945;-17.32427274655066;4.467390839038844;8.057541473695618
3250283.586450329;-4.774136911675844;-17.300757514482527;4.4673537245680155;8.059266878238665
3251032.07807372;-4.748881949208213;-17.27718934718244;4.467316620555963;8.060990777418262
3251780.742063521;-4.72357537412796;-17.253568064101238;4.46727952699508;8.062713162978195
3252529.578459425;-4.69821701390566;-17.229893484444986;4.467242443878084;8.064434026661239
3253278.587301133;-4.6728066958226595;-17.20616542719132;4.467205371197908;8.06615336017075
3254027.768628358;-4.647344246971006;-17.182383711114273;4.467168308947479;8.067871155195785
3254777.122480821;-4.621829494305175;-17.158548154848393;4.467131257118751;8.069587403424464
3255526.648898251;-4.596262264610467;-17.134658576816065;4.467094215704435;8.071302096501164
3256276.347920388;-4.570642384470255;-17.110714795232877;4.467057184698171;8.073015226064452
3257026.219586979;-4.544969680450222;-17.086716628280655;4.467020164091458;8.074726783738974
3257776.263937783;-4.519243978880451;-17.062663893889873;4.466983153878205;8.076436761131218
3258526.481012566;-4.493465106151939;-17.038556410017964;4.4669461540496584;8.078145149816365
3259276.870851104;-4.467632888434289;-17.01439399440211;4.466909164599499;8.079851941368322
3260027.433493182;-4.44174715191;-16.990176464755884;4.466872185520405;8.081557127325478
3260778.168978592;-4.415807722735497;-16.96590363875649;4.466835216804613;8.083260699216376
3261529.07734714;-4.389814426974664;-16.94157533398015;4.466798258445548;8.084962648559936
3262280.158638638;-4.3637670908058865;-16.917191368084158;4.4667613104347055;8.086662966843567
3263031.412892906;-4.3376655402919075;-16.89275155859395;4.4667243727660395;8.088361645536002
3263782.840149775;-4.311509601642437;-16.86825572316176;4.4666874454314645;8.090058676087859
3264534.440449086;-4.285299101050612;-16.84370367942307;4.466650528424005;8.091754049948456
3265286.213830688;-4.259033864822376;-16.819095245089684;4.466613621736343;8.093447758530962
3266038.160334438;-4.232713719383085;-16.794430237970268;4.466576725360955;8.095139793226224
3266790.280000205;-4.20633849122244;-16.76970847593673;4.466539839291052;8.096830145423244
3267542.572867864;-4.179908007055889;-16.744929777058857;4.4665029635186;8.098518806484366
3268295.038977303;-4.1534220936947115;-16.720093959475996;4.46646609803709;8.100205767744196
3269047.678368415;-4.126880578198438;-16.69520084157345;4.466429242838713;8.101891020536296
3269800.491081105;-4.100283287816976;-16.670250241896024;4.46639239791647;8.103574556162577
3270553.477155286;-4.0736300500719995;-16.645241979245345;4.466355563262821;8.105256365910524
3271306.636630881;-4.046920692708848;-16.620175872633215;4.4663187388710135;8.106936441053353
3272059.969547821;-4.020155043874189;-16.59505174143955;4.466281924732769;8.108614772832594
3272813.475946048;-3.9933329319187916;-16.569869405240244;4.46624512084178;8.110291352479674
3273567.155865512;-3.9664541856152074;-16.544628684030116;4.466208327190342;8.111966171224568
3274321.009346171;-3.9395186341517245;-16.51932939816231;4.466171543770917;8.113639220239666
3275075.036427995;-3.9125261070420994;-16.49397136832784;4.466134770576973;8.115310490708767
3275829.237150962;-3.885476434335264;-16.468554415719893;4.466098007600738;8.116979973783891
3276583.611555057;-3.858369446528975;-16.44307836197501;4.466061254834739;8.118647660611295
3277338.159680278;-3.8312049746072403;-16.417543029180525;4.466024512272208;8.120313542301076
3278092.881566629;-3.8039828501392203;-16.391948240010638;4.465987779905378;8.121977609966038
3278847.777254126;-3.776702905243163;-16.36629381764047;4.46595105772749;8.12363985466982
3279602.846782792;-3.7493649726697664;-16.340579585871467;4.465914345731286;8.125300267470415
3280358.09019266;-3.721968885818039;-16.314805369168184;4.465877643909023;8.126958839441121
3281113.507523772;-3.694514478791006;-16.288970992620737;4.465840952253691;8.12861556157604
3281869.098816181;-3.667001586406338;-16.263076282057494;4.465804270757802;8.130270424893354
3282624.864109945;-3.6394300442190657;-16.23712106400879;4.465767599414601;8.131923420375122
3283380.803445137;-3.611799688656259;-16.211105165869814;4.465730938216092;8.133574538997461
3284136.916861834;-3.584110356909389;-16.18502841575671;4.46569428715603;8.135223771691294
3284893.204400124;-3.556361887136796;-16.158890642766565;4.46565764622642;8.136871109403344
3285649.666100106;-3.5285541183952325;-16.132691676846427;4.465621015420281;8.138516543030912
3286406.302001887;-3.50068689075049;-16.106431348954175;4.4655843947298575;8.140160063473825
3287163.112145581;-3.4727600452231044;-16.080109490971687;4.465547784148663;8.141801661599915
3287920.096571316;-3.44477342396303;-16.053725935894395;4.465511183669229;8.143441328262137
3288677.255319225;-3.4167268702553444;-16.027280517838186;4.465474593283799;8.145079054299044
3289434.588429451;-3.388620228511644;-16.000773072017843;4.4654380129853966;8.146714830520802
3290192.095942149;-3.360453344329132;-15.974203434815404;4.465401442767549;8.148348647718722
3290949.77789748;-3.33222606468748;-15.947571443978825;4.465364882622025;8.149980496669318
3291707.634335617;-3.3039382378178486;-15.920876938497956;4.465328332541582;8.151610368138526
3292465.665296739;-3.2755897132729785;-15.89411975865307;4.465291792519999;8.153238252860094
3293223.870821036;-3.2471803421726673;-15.867299746274536;4.465255262549033;8.154864141552835
3293982.250948708;-3.2187099770244587;-15.840416744562686;4.465218742621996;8.156488024916232
3294740.805719964;-3.1901784719614645;-15.813470598318897;4.4651822327311415;8.158109893626293
3295499.535175021;-3.161585682670469;-15.786461153884176;4.465145732869515;8.15972973834419
3296258.439354106;-3.132931466515034;-15.759388259269445;4.465109243029894;8.161347549724514
3297017.518297457;-3.1042156826093814;-15.732251764187037;4.465072763205287;8.162963318372368
3297776.772045317;-3.0754381918955778;-15.705051520178692;4.4650362933880094;8.164577034895107
3298536.200637943;-3.0465988571192537;-15.677787380567096;4.464999833571316;8.166188689876527
3299295.804115598;-3.017697543015582;-15.650459200657243;4.464963383747525;8.167798273894135
3300055.582518555;-2.988734116291081;-15.62306683767195;4.4649269439099175;8.169405777470951
3300815.535887098;-2.95970844574621;-15.595610150943024;4.464890514051023;8.17101119114579
3301575.664261518;-2.930620402362354;-15.568089001950193;4.4648540941631305;8.172614505424708
3302335.967682117;-2.901469859257854;-15.54050325428777;4.464817684239791;8.174215710790126
3303096.446189204;-2.872256691922353;-15.512852773905252;4.464781284273554;8.175814797709346
3303857.099823101;-2.842980778242315;-15.48513742912913;4.464744894256722;8.177411756630093
3304617.928624135;-2.8136419984701537;-15.457357090638233;4.464708514182837;8.179006577985243
3305378.932632646;-2.7842402355069815;-15.429511631725951;4.464672144044185;8.180599252174787
3306140.111888981;-2.754775374794086;-15.401600928220692;4.464635783834078;8.182189769592526
3306901.466433497;-2.725247304599161;-15.373624858756124;4.464599433544329;8.183778120612633
3307662.99630656;-2.6956559158405473;-15.345583304586054;4.464563093168967;8.185364295576544
3308424.701548545;-2.666001102483328;-15.317476150002713;4.46452676269983;8.186948284819556
3309186.582199838;-2.636282761413847;-15.28930328219624;4.464490442129707;8.188530078652686
3309948.638300833;-2.6065007925420343;-15.26106459136187;4.46445413145217;8.190109667367665
3310710.869891933;-2.576655099040658;-15.232759970932586;4.4644178306597695;8.191687041232157
3311473.27701355;-2.5467455873612472;-15.204389317604774;4.464381539745058;8.193262190498467
3312235.859706108;-2.5167721673191945;-15.175952531436934;4.4643452587006145;8.194835105417123
3312998.618010036;-2.486734752224335;-15.147449515918778;4.464308987519496;8.196405776174947
3313761.551965777;-2.456633258920486;-15.1188801780985;4.464272726195045;8.197974192982967
3314524.661613779;-2.4264676080870275;-15.090244428808447;4.464236474719306;8.199540346002113
3315287.946994503;-2.3962377241403865;-15.061542182620817;4.464200233085106;8.201104225395325
3316051.408148416;-2.3659435353836553;-15.032773357966985;4.464164001286009;8.202665821297318
3316815.045115997;-2.3355849742979955;-15.003937877426337;4.464127779314103;8.20422512381424
3317578.857937733;-2.3051619774386363;-14.975035667655723;4.464091567162446;8.20578212305464
3318342.846654121;-2.274674485702441;-14.946066659607176;4.464055364823892;8.207336809080845
3319107.011305666;-2.244122444414095;-14.917030788662846;4.464019172290986;8.208889171957765
3319871.351932884;-2.213505803420305;-14.887927994694277;4.463982989556844;8.210439201717127
3320635.868576299;-2.1828245172735588;-14.858758222263262;4.46394681661426;8.211986888375442
3321400.561276445;-2.152078545341531;-14.829521420731826;4.4639106534561055;8.21353222193419
3322165.430073866;-2.1212678519692787;-14.800217544410518;4.4638745000751765;8.215075192366069
3322930.475009113;-2.090392406620559;-14.770846552708745;4.463838356464091;8.216615789624093
3323695.69612275;-2.059452183989708;-14.741408410251442;4.463802222615672;8.218154003646061
3324461.093455346;-2.028447164135166;-14.711903087021543;4.46376609852299;8.219689824363385
3325226.667047483;-1.9973773327045252;-14.68233055854903;4.463729984178936;8.221223241665566
3325992.416939751;-1.9662426810842453;-14.652690806082784;4.463693879576047;8.222754245422493
3326758.343172749;-1.9350432064792975;-14.622983816692976;4.463657784707216;8.22428282550646
3327524.445787085;-1.9037789121459867;-14.59320958346359;4.4636216995652696;8.225808971752334
3328290.724823378;-1.8724498074968867;-14.56336810561586;4.463585624143539;8.227332673975434
3329057.180322255;-1.841055908395138;-14.533459388805149;4.46354955843438;8.228853921975627
3329823.812324352;-1.8095972372239006;-14.503483445192142;4.4635135024304144;8.230372705537828
3330590.620870315;-1.7780738230292497;-14.473440293576903;4.463477456124961;8.231889014422691
3331357.606000801;-1.7464857018021815;-14.443329959688828;4.4634414195108825;8.233402838375763
3332124.767756473;-1.7148329166924272;-14.413152476378048;4.463405392580558;8.234914167105064
3332892.106178006;-1.6831155180713553;-14.38290788371509;4.463369375326833;8.236422990316903
3333659.621306084;-1.651333563750522;-14.352596229191628;4.463333367743063;8.237929297698045
3334427.313181398;-1.619487119276139;-14.322217568004854;4.463297369822087;8.239433078906629
3335195.181844653;-1.5875762581386703;-14.291771963285125;4.463261381556054;8.240934323590402
3335963.227336558;-1.5556010618069291;-14.261259486109338;4.46322540293855;8.242433021363862
3336731.449697835;-1.5235616201070579;-14.23068021590973;4.463189433962436;8.243929161840239
3337499.848969216;-1.4914580314768688;-14.20003424070085;4.463153474619853;8.245422734604126
3338268.425191438;-1.459290403027138;-14.169321657138408;4.463117524903904;8.246913729207362
3339037.178405251;-1.4270588507727657;-14.138542570794554;4.463081584808193;8.248402135213594
3339806.108651415;-1.3947635001470695;-14.10769709660308;4.4630456543246275;8.249887942131384
3340575.215970696;-1.362404485839992;-14.076785358772572;4.463009733446776;8.251371139485803
3341344.500403872;-1.3299819523861998;-14.045807491304398;4.462973822167071;8.252851716751126
3342113.96199173;-1.2974960542153822;-14.014763638089816;4.462937920478357;8.254329663396076
3342883.600775066;-1.2649469559247608;-13.983653953181765;4.462902028373755;8.255804968883249
3343653.416794685;-1.2323348326296397;-13.952478601100808;4.462866145846157;8.257277622625011
3344423.410091402;-1.1996598701856644;-13.921237757110802;4.462830272888191;8.258747614036949
3345193.580706041;-1.1669222654412217;-13.889931607458202;4.462794409492482;8.260214932524498
3345963.928679436;-1.13412222648578;-13.858560349580998;4.462758555652429;8.261679567442787
3346734.454052431;-1.1012599729701407;-13.827124192490706;4.462722711361141;8.263141508159425
3347505.156865877;-1.068335736538524;-13.795623357140897;4.462686876610768;8.264600743991608
3348276.037160637;-1.0353497608487814;-13.764058076517022;4.46265105139444;8.266057264273801
3349047.094977581;-1.0023023020590163;-13.73242859606785;4.462615235705069;8.267511058303764
3349818.330357591;-0.9691936290622376;-13.70073517394075;4.4625794295360075;8.268962115342504
3350589.743341556;-0.9360240240111527;-13.668978081553831;4.462543632878702;8.270410424663975
3351361.333970376;-0.9027937821089721;-13.637157603347303;4.462507845727982;8.271855975510345
3352133.10228496;-0.869503212665585;-13.605274037841589;4.462472068075288;8.273298757100717
3352905.048326227;-0.8361526388430056;-13.573327697397337;4.462436299914002;8.274738758640332
3353677.172135104;-0.8027423982439725;-13.541318908797637;4.462400541237263;8.276175969316402
3354449.473752529;-0.769272843312099;-13.509248013647582;4.462364792037498;8.277610378297984
3355221.953219447;-0.7357443415281201;-13.477115368576527;4.46232905230784;8.279041974740565
3355994.610576816;-0.7021572758680182;-13.444921345677818;4.462293322041416;8.280470747768387
3356767.4458656;-0.6685120452856642;-13.412666333017324;4.462257601230198;8.281896686501462
3357540.459126775;-0.6348090647495952;-13.380350734659693;4.462221889868037;8.283319780042065
3358313.650401324;-0.6010487660039447;-13.347974971413123;4.462186187947595;8.284740017461584
3359087.019730243;-0.5672315977924683;-13.31553948108153;4.46215049546154;8.28615738782752
3359860.567154533;-0.5333580262050182;-13.283044718784932;4.462114812403281;8.287571880176635
3360634.292715209;-0.49942853527136505;-13.250491157596729;4.462079138764997;8.288983483560365
3361408.196453291;-0.46544362717447796;-13.217879288677958;4.462043474540074;8.290392186963405
3362182.278409811;-0.4314038228058454;-13.185209621930534;4.462007819721197;8.29179797940349
3362956.538625811;-0.3973096621397081;-13.152482686287073;4.461972174301518;8.293200849845844
3363730.977142341;-0.36316170480948956;-13.119699030330745;4.461936538273237;8.294600787248017
3364505.594000461;-0.32896053018819116;-13.086859222392974;4.461900911630475;8.29599778057431
3365280.38924124;-0.2947067383567297;-13.053963851454597;4.461865294365668;8.297391818732198
3366055.362905757;-0.2604009503132509;-13.021013527438338;4.461829686471011;8.298782890654078
3366830.5150351;-0.22604380833944027;-12.988008881504632;4.4617940879399285;8.300170985225265
3367605.845670368;-0.19163597661453743;-12.954950566718377;4.461758498765566;8.301556091338272
3368381.354852668;-0.1571781417370505;-12.921839258539352;4.461722918940866;8.302938197861437
3369157.042623115;-0.12267101329470743;-12.888675655392055;4.46168734845801;8.304317293639336
3369932.909022837;-0.08811532403495634;-12.855460478865774;4.46165178731092;8.305693367519897
3370708.95409297;-0.05351183085253941;-12.82219447466764;4.46161623549181;8.307066408323289
3371485.177874657;-0.01886131497461019;-12.788878412819374;4.461580692993807;8.308436404850957
3372261.580409054;0.015835417391483406;-12.755513088336393;4.461545159809897;8.309803345917977
3373038.161737325;0.05057753440863607;-12.722099321822418;4.461509635932506;8.311167220298547
3373814.921900643;0.08536417832428436;-12.68863795979839;4.461474121355289;8.312528016767386
3374591.860940191;0.12019446462892328;-12.655129875515101;4.461438616071213;8.31388572407281
3375368.978897162;0.15506748151344918;-12.62157596951438;4.461403120072709;8.315240330955124
3376146.275812759;0.18998228941649314;-12.587977170101244;4.461367633352491;8.316591826165249
3376923.751728192;0.22493792049908481;-12.554334433815734;4.46133215590446;8.31794019841036
3377701.406684682;0.2599333776708577;-12.52064874645441;4.461296687720606;8.319285436404662
3378479.24072346;0.2949676344468388;-12.486921123194195;4.461261228794598;8.320627528846433
3379257.253885765;0.33003963389706314;-12.453152609640618;4.4612257791186485;8.321966464419031
3380035.446212848;0.3651482883580042;-12.419344282127973;4.4611903386859595;8.323302231800017
3380813.817745967;0.40029247866544665;-12.385497248486093;4.4611549074897034;8.324634819661838
3381592.368526391;0.4354710534589567;-12.351612648722266;4.461119485522865;8.32596421665836
3382371.098595398;0.4706828285373197;-12.317691655684621;4.461084072778135;8.327290411443808
3383150.007994275;0.5059265862177854;-12.283735475689818;4.461048669248235;8.328613392659367
3383929.096764319;0.541201074763707;-12.249745349092088;4.461013274926598;8.329933148929197
3384708.364946836;0.5765050075591638;-12.215722551135375;4.460977889806194;8.331249668888345
3385487.812583143;0.6118370623768786;-12.18166839265394;4.460942513879492;8.332562941151325
3386267.439714566;0.6471958808857374;-12.147584220589419;4.460907147139679;8.333872954335474
3387047.246382439;0.6825800678210564;-12.113471418797566;4.460871789579996;8.335179697038628
3387827.232628106;0.7179881902070282;-12.0793314088486;4.460836441193142;8.336483157862487
3388607.398492922;0.7534187766886582;-12.045165650705794;4.460801101971587;8.337783325422864
3389387.74401825;0.78887031697136;-12.010975643227743;4.46076577190906;8.339080188290042
3390168.269245464;0.8243412608441468;-11.976762925222262;4.460730450998489;8.340373735067917
3390948.974215947;0.8598300174125882;-11.942529076158836;4.4606951392321506;8.341663954339275
3391729.858971089;0.8953349546796088;-11.908275716609138;4.460659836603736;8.342950834685013
3392510.923552294;0.9308543983923795;-11.87400450940273;4.460624543105729;8.34423436468938
3393292.168000972;0.9663866316249217;-11.839717160051864;4.46058925873159;8.345514532945195
3394073.592358544;1.0019298935958694;-11.805415417904822;4.460553983473311;8.34679132802738
3394855.196666441;1.0374823795292303;-11.771101076321273;4.460518717325111;8.348064738525387
3395636.980966102;1.0730422391695886;-11.73677597413551;4.460483460279219;8.349334753025882
3396418.945298977;1.1086075764162804;-11.702441996025822;4.460448212328382;8.350601360113723
3397201.089706524;1.1441764486259887;-11.668101073226698;4.460412973466319;8.351864548386366
3397983.414230213;1.1797468654443328;-11.633755184677376;4.460377743685512;8.353124306436197
3398765.918911521;1.21531678832584;-11.599406357518706;4.460342522978948;8.354380622865598
3399548.603791935;1.2508841296516775;-11.565056667975401;4.460307311339629;8.35563348628745
3400331.468912954;1.2864467520138492;-11.530708242064492;4.460272108761006;8.356882885317333
3401114.514316083;1.3220024671414154;-11.496363256663278;4.4602369152353765;8.358128808569315
3401897.74004284;1.357549035483658;-11.462023939957387;4.460201730755933;8.359371244685113
3402681.146134749;1.393084165165392;-11.427692572447816;4.460166555315437;8.360610182297771
3403464.732633346;1.4286055115130907;-11.393371487464652;4.460131388907863;8.361845610069881
3404248.499580177;1.4641106756447146;-11.359063072537904;4.460096231525004;8.363077516657615
3405032.447016795;1.499597204400801;-11.324769769512892;4.460061083160307;8.364305890753387
3405816.574984765;1.5350625891473157;-11.290494075690864;4.460025943806804;8.365530721031378
3406600.88352566;1.570504265193078;-11.256238544482827;4.459990813457723;8.366751996218182
3407385.372681065;1.6059196107759954;-11.222005786354233;4.4599556921055825;8.367969705024645
3408170.04249257;1.6413059466280617;-11.187798469308504;4.459920579743623;8.36918383619294
3408954.893001779;1.6766605350417987;-11.15361931981649;4.459885476364855;8.370394378493433
3409739.924250305;1.7119805791077478;-11.119471123552511;4.459850381962043;8.371601320698216
3410525.136279767;1.7472632221550264;-11.085356725987864;4.459815296528436;8.372804651614455
3411310.529131799;1.7825055468835238;-11.051279033240727;4.459780220057034;8.374004360067216
3412096.102848039;1.8177045746699;-11.017241012767103;4.4597451525406155;8.375200434896389
3412881.857470139;1.8528572650876443;-10.983245693870455;4.459710093972672;8.376392864985426
3413667.793039759;1.887960514796263;-10.94929616878394;4.459675044345247;8.377581639234958
3414453.909598568;1.9230111575689395;-10.915395592657164;4.459640003652321;8.378766746573781
3415240.207188244;1.9580059629933682;-10.881547184848085;4.4596049718864315;8.379948175955022
3416026.685850478;1.992941636248323;-10.847754229149997;4.459569949040599;8.38112591635772
3416813.345626967;2.0278148175230535;-10.814020074415165;4.459534935108078;8.38229995683014
3417600.186559419;2.0626220812755225;-10.780348135214075;4.459499930081893;8.383470286407704
3418387.208689551;2.097359935710596;-10.746741892413702;4.459464933954575;8.384636894169725
3419174.412059091;2.13202482255027;-10.713204893424312;4.459429946719399;8.385799769255183
3419961.796709775;2.1666131163602533;-10.67974075283145;4.459394968369623;8.386958900822078
3420749.36268335;2.20112112411332;-10.646353152861888;4.4593599988982735;8.388114278076932
3421537.110021571;2.2355450846503993;-10.613045843900373;4.459325038297664;8.389265890253109
3422325.038766205;2.269881168798724;-10.579822644398062;4.459290086561534;8.390413726635254
3423113.148959026;2.3041254784969403;-10.546687441746542;4.459255143682432;8.391557776561053
3423901.440641819;2.3382740469535013;-10.51364419210425;4.459220209653883;8.392698029403867
3424689.913856379;2.3723228380366286;-10.48069692099714;4.459185284468674;8.393834474565091
3425478.568644509;2.406267746306259;-10.447849723354;4.459150368119593;8.394967101540665
3426267.405048024;2.4401045968264956;-10.415106763593446;4.459115460599698;8.396095899820244
3427056.423108746;2.4738291452661834;-10.382472275622806;4.459080561902724;8.397220858986266
3427845.622868509;2.5074370773517005;-10.34995056333365;4.459045672021003;8.398341968664347
3428635.004369155;2.5409240093494;-10.317546000122853;4.459010790947572;8.399459218524683
3429424.567652537;2.5742854879897097;-10.285263028973654;4.458975918675455;8.400572598287907
3430214.312760515;2.607516990753054;-10.253106162190663;4.458941055198197;8.401682097745516
3431004.239734962;2.640613925714802;-10.221079981549753;4.45890620050838;8.402787706756174
3431794.348617759;2.673571632042891;-10.18918913775656;4.458871354598749;8.403889415200702
3432584.639450796;2.7063853806725753;-10.157438349848727;4.458836517463388;8.404987213057911
3433375.112275975;2.7390503738798633;-10.125832405564388;4.458801689094332;8.40608109034992
3434165.767135204;2.7715617465611597;-10.094376160090384;4.458766869484895;8.407171037166648
3434956.604070405;2.803914566492624;-10.063074535802834;4.458732058628357;8.408257043667103
3435747.623123505;2.8361038348010457;-10.031932521782736;4.458697256517286;8.409339100066491
3436538.824336444;2.8681244871004594;-10.000955172695999;4.458662463145247;8.41041719665121
3437330.207751171;2.8999713939417027;-9.970147608338833;4.458627678505275;8.411491323775255
3438121.773409645;2.9316393617223957;-9.939515012728862;4.458592902589941;8.412561471861318
3438913.521353832;2.9631231339607127;-9.909062632828718;4.458558135392559;8.413627631396873
3439705.451625711;2.9944173921573984;-9.878795777697864;4.458523376906186;8.414689792949078
3440497.56426727;3.0255167570782273;-9.848719817201845;4.458488627124125;8.415747947155946
3441289.859320504;3.0564157898445976;-9.818840180908019;4.458453886039193;8.416802084713423
3442082.336827422;3.087108993386381;-9.789162356661155;4.458419153643986;8.417852196403548
3442874.996830038;3.1175908143288087;-9.759691888675624;4.458384429932507;8.418898273071925
3443667.83937038;3.1478556436908005;-9.730434376852457;4.458349714896658;8.4199403056466
3444460.864490483;3.177897819706069;-9.70139547395365;4.458315008530676;8.420978285129042
3445254.072232392;3.2077116285816123;-9.672580884816309;4.4582803108271705;8.422012202570748
3446047.462638162;3.2372913069504783;-9.643996363967663;4.4582456217789765;8.423042049139163
3446841.035749859;3.2666310437527377;-9.615647713659163;4.458210941378898;8.424067816033006
3447634.791609555;3.2957249826947095;-9.587540781473834;4.458176269620763;8.425089494547784
3448428.730259337;3.324567223979837;-9.5596814585696;4.458141606497414;8.426107076052022
3449222.851741297;3.353151826843132;-9.53207567714037;4.458106952001415;8.427120551982085
3450017.156097539;3.381472812447398;-9.504729407516052;4.4580723061266;8.428129913836848
3450811.643370177;3.409524165711505;-9.477648656353995;4.458037668865039;8.429135153200459
3451606.313601332;3.4372998391043823;-9.450839462833834;4.458003040211075;8.430136261727142
3452401.166833139;3.464793754257676;-9.424307897025503;4.457968420156791;8.431133231126388
3453196.203107738;3.491999805977282;-9.3980600559174;4.457933808695763;8.43212605319892
3453991.422467283;3.5189118645484685;-9.372102061051242;4.457899205820351;8.43311471977936
3454786.824953934;3.545523779874925;-9.346440054449662;4.4578646115248635;8.434099222799725
3455582.410609863;3.571829383601293;-9.32108019643221;4.457830025801409;8.435079554232095
3456378.179477252;3.5978224935556042;-9.29602866122081;4.457795448643328;8.436055706133086
3457174.131598291;3.623496916776991;-9.271291633852352;4.457760880043467;8.437027670585877
3457970.267015181;3.6488464535183924;-9.246875306230315;4.457726319995151;8.437995439753557
3458766.585770131;3.673864900964814;-9.222785873381135;4.457691768491982;8.438959005853965
3459563.087905363;3.6985460566254464;-9.199029530057217;4.457657225526065;8.439918361156597
3460359.773463105;3.722883723246;-9.175612465806061;4.457622691091237;8.440873497960826
3461156.642485598;3.7468717121320454;-9.15254086168364;4.457588165180109;8.44182440863558
3461953.695015091;3.770503847747038;-9.129820885621518;4.4575536477855415;8.442771085583018
3462750.931093841;3.7937739723965436;-9.107458687744678;4.457519138901846;8.443713521239378
3463548.350764119;3.8166759494647096;-9.08546039714231;4.457484638520672;8.444651708086347
3464345.954068202;3.839203669457894;-9.063832115810852;4.457450146636337;8.445585638632409
3465143.741048378;3.861351053163963;-9.042579915476951;4.45741566324097;8.446515305399942
3465941.711746946;3.8831120573822724;-9.021709831908561;4.457381188327932;8.447440700962904
3466739.866206213;3.904480679268283;-9.001227860527592;4.457346721890565;8.448361817905315
3467538.204468497;3.9254509610855792;-8.981139951643566;4.457312263921997;8.449278648807148
3468336.726576123;3.9460169951155244;-8.961452005572125;4.457277814415061;8.450191186272587
3469135.432571429;3.9661729286853102;-8.942169867597872;4.457243373362665;8.451099422920517
3469934.322496762;3.985912969410434;-8.923299322704013;4.4572089407586395;8.452003351355806
3470733.396394479;4.005231389684044;-8.904846091090382;4.457174516595836;8.452902964178593
3471532.654306944;4.02412253190816;-8.88681582294676;4.457140100866686;8.453798253988236
3472332.096276535;4.042580814158434;-8.8692140927797;4.457105693564994;8.454689213373138
3473131.722345636;4.060600734572492;-8.852046394983581;4.45707129468366;8.455575834872414
3473931.532556643;4.078176876897009;-8.835318138345183;4.457036904215798;8.456458111026393
3474731.526951962;4.09530391558352;-8.819034640900336;4.457002522154779;8.457336034329074
3475531.705574006;4.1119766205901325;-8.80320112515278;4.456968148493;8.458209597249912
3476332.068465201;4.128189863191491;-8.787822712218539;4.456933783224309;8.45907879218572
3477132.615667981;4.143938620336392;-8.772904417530649;4.456899426341346;8.459943611525693
3477933.34722479;4.159217980302824;-8.758451145099592;4.456865077837738;8.460804047564682
3478734.263178082;4.174023147076926;-8.74446768318305;4.456830737705859;8.461660092554116
3479535.363570322;4.188349446149223;-8.730958698448122;4.456796405939604;8.462511738657742
3480336.648443982;4.202192328758831;-8.717928731780802;4.456762082532081;8.463358978007552
3481138.117841546;4.215547376625485;-8.705382193443231;4.4567277674757015;8.464201802593013
3481939.771805507;4.22841030743914;-8.693323357698592;4.456693460764069;8.465040204373665
3482741.610378367;4.240776978718058;-8.68175635885015;4.456659162389879;8.465874175178328
3483543.63360264;4.252643393095948;-8.670685186011537;4.456624872346963;8.46670370676052
3484345.841520848;4.2640057019616;-8.66011367942128;4.4565905906279735;8.467528790754903
3485148.234175523;4.27486021048857;-8.650045525428162;4.456556317226563;8.46834941869017
3485950.811609207;4.285203380920862;-8.640484253188017;4.456522052134634;8.469165581974249
3486753.573864453;4.2950318379843635;-8.631433229269197;4.456487795346542;8.46997727190702
3487556.52098382;4.304342371462296;-8.622895655040022;4.456453546855205;8.470784479647111
3488359.653009882;4.313131940258951;-8.6148745626146;4.45641930665304;8.471587196220515
3489162.96998522;4.321397676735414;-8.607372810523696;4.456385074734415;8.472385412524696
3489966.471952423;4.329136888566268;-8.60039308183941;4.456350851090984;8.473179119314691
3490770.158954095;4.3363470637440935;-8.593937879152412;4.456316635717407;8.473968307179101
3491574.031032844;4.3430258718469625;-8.588009523337094;4.456282428605825;8.474752966578231
3492378.088231291;4.3491711679108045;-8.5826101496455;4.456248229749411;8.475533087806895
3493182.330592067;4.354780994848635;-8.57774170528785;4.456214039141793;8.476308660994693
3493986.758157811;4.359853585356454;-8.57340594753606;4.456179856775646;8.477079676116867
3494791.370971174;4.3643873645826465;-8.569604441033427;4.45614568264438;8.477846122971695
3495596.169074817;4.368380951731127;-8.566338556201387;4.456111516741143;8.478607991191373
3496401.152511407;4.371833161845783;-8.563609467452586;4.456077359059084;8.479365270239285
3497206.321323624;4.374743007215779;-8.561418151768647;4.456043209591395;8.480117949393032
3498011.675554159;4.37710969844456;-8.559765387642695;4.456009068330715;8.480866017756538
3498817.215245708;4.378932646040608;-8.558651753483504;4.455974935271199;8.481609464252918
3499622.940440983;4.380211460033004;-8.558077628000241;4.455940810405049;8.482348277628198
3500428.851182701;4.380945951366141;-8.558043188789565;4.455906693725435;8.48308244643027
3501234.947513591;4.381136132061319;-8.558548412206672;4.455872585226223;8.483811959041766
3502041.229476391;4.380782214549582;-8.559593073991628;4.4558384849001245;8.484536803641088
3502847.69711385;4.379884612096248;-8.561176748884648;4.455804392740774;8.485256968240126
3503654.350468726;4.3784439375806326;-8.563298811806423;4.455770308740644;8.48597244064641
3504461.189583786;4.3764610034056055;-8.565958437984142;4.455736232893125;8.486683208496622
3505268.214501808;4.373936820109608;-8.56915460432022;4.455702165191405;8.487389259238423
3506075.425265581;4.370872595165356;-8.572886090594574;4.455668105628655;8.488090580131274
3506882.821917901;4.367269731565592;-8.577151480890414;4.455634054198305;8.488787158257704
3507690.404501576;4.3631298257930515;-8.581949165639013;4.4556000108930265;8.48947898053904
3508498.173059423;4.358454666330514;-8.587277343046768;4.455565975706507;8.490166033670775
3509306.127634269;4.353246230937757;-8.593134021904422;4.4555319486314415;8.490848304210738
3510114.268268952;4.347506684881058;-8.599517023319592;4.455497929661719;8.491525778538927
3510922.595006317;4.341238377303056;-8.606423984341893;4.45546391878933;8.492198442855617
3511731.107889222;4.3344438398736225;-8.613852359339015;4.455429916008916;8.492866283203721
3512539.806960532;4.327125782041673;-8.621799424724012;4.455395921312444;8.493529285453242
3513348.692263126;4.31928708912589;-8.630262280896215;4.455361934693334;8.494187435328772
3514157.763839888;4.310930818506236;-8.639237856005055;4.4553279561452905;8.494840718365998
3514967.021733715;4.302060195509579;-8.648722910148035;4.455293985660507;8.495489119997108
3515776.465987513;4.292678610869769;-8.658714037837798;4.455260023233632;8.496132625473937
3516586.096644198;4.282789615204859;-8.669207673567772;4.455226068856677;8.496771219915951
3517395.913746695;4.272396916308654;-8.680200094519947;4.455192122523287;8.497404888305319
3518205.917337941;4.26150437421769;-8.691687425500994;4.455158184226445;8.49803361549224
3519016.107460881;4.2501159971199955;-8.703665643029892;4.455124253959318;8.498657386190567
3519826.48415847;4.238235936963794;-8.716130579777555;4.455090331715361;8.499276185025987
3520637.047473674;4.225868484655472;-8.729077929292991;4.4550564174877785;8.499889996460686
3521447.797449468;4.21301806530055;-8.742503250843718;4.455022511269044;8.500498804875223
3522258.734128837;4.19968923408627;-8.756401973517361;4.45498861305307;8.501102594550563
3523069.857554775;4.185886670751595;-8.770769401726502;4.454954722833096;8.501701349645
3523881.167770289;4.171615174923896;-8.785600719931242;4.454920840602307;8.502295054252832
3524692.664818393;4.1568796608847025;-8.800890997831068;4.454886966353174;8.502883692362598
3525504.348742111;4.141685153151028;-8.816635194810338;4.454853100079401;8.503467247881966
3526316.219584478;4.126036780960203;-8.832828165462832;4.454819241774436;8.504045704648599
3527128.27738854;4.109939773016178;-8.849464664846199;4.45478539143101;8.504619046431367
3527940.522197349;4.093399452896343;-8.86653935309283;4.454751549042818;8.505187256946353
3528752.954053972;4.076421233353226;-8.884046801078322;4.454717714602835;8.50575031982871
3529565.573001481;4.059010611382653;-8.901981495398598;4.454683888103785;8.506308218677466
3530378.379082962;4.041173163490378;-8.92033784311013;4.4546500695396025;8.506860937060901
3531191.372341508;4.022914539909463;-8.939110177473575;4.454616258903281;8.50740845847976
3532004.552820223;4.00424045981309;-8.958292762795669;4.454582456187775;8.507950766420983
3532817.920562223;3.985156706395852;-8.977879799334508;4.454548661386582;8.508487844343778
3533631.475610629;3.9656691215126427;-8.99786542865119;4.45451487449265;8.509019675671182
3534445.218008577;3.9457836008967426;-9.018243738431343;4.454481095498972;8.509546243829115
3535259.14779921;3.9255060895198763;-9.039008767097988;4.454447324399727;8.510067532218137
3536073.265025681;3.904842575926037;-9.060154509489685;4.4544135611874305;8.51058352422829
3536887.569731155;3.8837990879736632;-9.081674921154288;4.4543798058548285;8.511094203273124
3537702.061958806;3.862381688487308;-9.103563922650762;4.454346058396349;8.511599552741721
3538516.741751815;3.840596469612605;-9.125815405258006;4.454312318804493;8.512099556066117
3539331.609153378;3.8184495488115893;-9.148423234919353;4.454278587071991;8.512594196658954
3540146.664206697;3.7959470648232667;-9.171381256330777;4.454244863193338;8.513083457960704
3540961.906954987;3.773095172107508;-9.194683298507275;4.454211147160513;8.513567323454268
3541777.337441469;3.749900037739351;-9.218323177853806;4.454177438967476;8.514045776625679
3542592.955709378;3.726367836374178;-9.242294703234567;4.454143738606987;8.514518801001755
3543408.761801957;3.7025047467485668;-9.26659167947366;4.454110046072792;8.51498638014943
3544224.755762459;3.6783169471876547;-9.291207911830261;4.454076361357869;8.515448497660048
3545040.937634147;3.653810611997041;-9.316137209649568;4.454042684455188;8.515905137191423
3545857.307460295;3.628991907707041;-9.341373390069311;4.454009015358013;8.51635628241834
3546673.865284184;3.603866989643359;-9.36691028149631;4.453975354060576;8.516801917079091
3547490.61114911;3.5784419974379507;-9.392741728099672;4.453941700554383;8.51724202498324
3548307.545098374;3.552723053102529;-9.418861591683774;4.4539080548341765;8.517676589952124
3549124.667175289;3.5267162563820387;-9.445263756408778;4.4538744168924485;8.518105595898366
3549941.977423178;3.500427682316807;-9.471942131195318;4.453840786722438;8.518529026789688
3550759.475885376;3.4738633780485753;-9.498890652911363;4.453807164317669;8.51894686664227
3551577.162605224;3.447029359634091;-9.526103289578508;4.453773549670885;8.519359099541713
3552395.037626075;3.4199316098291037;-9.553574042621053;4.453739942776329;8.519765709673827
3553213.100991292;3.3925760744121307;-9.581296950440176;4.453706343626236;8.520166681226069
3554031.352744248;3.364968660618083;-9.609266090119485;4.453672752214367;8.520561998523199
3554849.792928326;3.3371152340078387;-9.637475580440029;4.453639168533775;8.520951645914094
3555668.42158692;3.309021616358864;-9.665919584063445;4.453605592577422;8.521335607844886
3556487.23876343;3.280693583685006;-9.694592309495235;4.453572024339317;8.521713868840926
3557306.244501271;3.2521368634935373;-9.723488013798093;4.45353846381199;8.52208641347964
3558125.438843866;3.2233571334926;-9.752601003944934;4.453504910989189;8.522453226448343
3558944.821834647;3.1943600190337813;-9.781925639293918;4.4534713658634235;8.522814292464275
3559764.393517056;3.1651510921099844;-9.811456332699212;4.453437828428721;8.523169596380473
3560584.153934549;3.1357358690221244;-9.84118755273226;4.4534042986783335;8.523519123076051
3561404.103130586;3.1061198090603224;-9.871113825097751;4.453370776605263;8.523862857552809
3562224.24114864;3.0763083129604025;-9.901229734100696;4.453337262202322;8.524200784858776
3563044.568032195;3.046306721890079;-9.931529923714379;4.453303755463238;8.52453289014122
3563865.083824744;3.0161203158995553;-9.962009099104897;4.453270256381552;8.524859158622899
3564685.788569788;2.985754312589111;-9.992662027977259;4.453236764949757;8.525179575616614
3565506.682310842;2.9552138666526013;-10.023483540991144;4.453203281162159;8.525494126481588
3566327.765091429;2.9245040681326904;-10.054468533579143;4.453169805011024;8.525802796700813
3567149.03695508;2.893629942248212;-10.085611966054998;4.45313633649011;8.526105571813098
3567970.49794534;2.862596448206751;-10.116908864823095;4.453102875592705;8.526402437437143
3568792.148105762;2.8314084785001232;-10.148354323092095;4.4530694223116;8.526693379280621
3569613.987479907;2.8000708585886844;-10.179943501181894;4.453035976640567;8.526978383130011
3570436.01611135;2.7685883460101257;-10.211671627389327;4.453002538572844;8.527257434826607
3571258.234043673;2.7369656300533944;-10.243533998376133;4.45296910810151;8.527530520328016
3572080.64132047;2.7052073313348286;-10.275525979529931;4.452935685219605;8.527797625645155
3572903.237985344;2.6733180017051588;-10.307643005081601;4.452902269921124;8.528058736865633
3573726.024081908;2.641302123494378;-10.339880578862346;4.452868862198631;8.528313840158091
3574548.999653785;2.6091641098792575;-10.372234273932976;4.452835462045893;8.528562921766339
3575372.16474461;2.576908304310721;-10.404699733153704;4.4528020694557116;8.528805968008713
3576195.519398024;2.544538980849193;-10.437272668859672;4.4527686844218675;8.529042965286994
3577019.063657681;2.512060343676211;-10.469948863307367;4.452735306936909;8.529273900046668
3577842.797567246;2.47947652776905;-10.502724168069914;4.452701936994877;8.529498758844086
3578666.721170391;2.446791598510855;-10.53559450435097;4.452668574589296;8.52971752827253
3579490.834510801;2.4140095516838374;-10.568555863043043;4.452635219711988;8.529930195014895
3580315.137632168;2.3811343145533423;-10.601604303622727;4.452601872357734;8.530136745818336
3581139.630578197;2.348169745149811;-10.634735954867764;4.45256853251931;8.530337167498267
3581964.313392601;2.3151196329706396;-10.667947014156123;4.4525352001895655;8.530531446937196
3582789.186119103;2.281987699501603;-10.701233746939954;4.452501875362498;8.530719571079056
3583614.248801439;2.248777598226393;-10.734592486752135;4.452468558031187;8.530901526947343
3584439.501483352;2.2154929150748295;-10.768019634723956;4.45243524818819;8.531077301610592
3585264.944208596;2.182137169347106;-10.801511658690796;4.452401945828013;8.531246882209889
3586090.577020935;2.1487138134754242;-10.8350650934212;4.452368650943262;8.531410255953363
3586916.399964143;2.115226234000388;-10.868676539632231;4.4523353635272125;8.531567410105406
3587742.413082005;2.08167775193203;-10.902342663621605;4.452302083572952;8.531718331980683
3588568.616418315;2.0480716235585;-10.936060196493196;4.452268811074493;8.531863008977203
3589395.010016878;2.0144110405465034;-10.969825933999616;4.452235546024425;8.532001428521696
3590221.593921507;1.9806991310492745;-11.00363673549406;4.452202288416328;8.53213357812701
3591048.368176029;1.9469389600936082;-11.037489523487887;4.452169038243714;8.532259445337782
3591875.332824276;1.9131335302677637;-11.071381282985996;4.452135795500156;8.532379017753605
3592702.487910095;1.8792857821312448;-11.105309061103112;4.452102560177515;8.532492283056841
3593529.83347734;1.845398595623549;-11.139269965596306;4.452069332270553;8.532599228949302
3594357.369569877;1.81147479003386;-11.173261164946979;4.452036111772358;8.532699843208484
3595185.096231579;1.7775171248523545;-11.20727988747663;4.452002898675247;8.53279411365374
3596013.013506333;1.7435283009483982;-11.241323420164901;4.451969692973548;8.532882028139754
3596841.121438034;1.7095109608381196;-11.275389108412078;4.451936494660563;8.532963574589633
3597669.420070588;1.6754676894825553;-11.309474355230769;4.4519033037288755;8.533038740984447
3598497.909447909;1.6414010153959655;-11.343576620095739;4.451870120172808;8.533107515318896
3599326.589613924;1.6073134108355878;-11.377693418816495;4.451836943984428;8.533169885667656
3600155.460612568;1.5732072932082561;-11.411822322076581;4.451803775157825;8.533225840127013
3600984.522487787;1.5390850254327892;-11.445960955110827;4.451770613686299;8.53327536685732
3601813.775283537;1.504948916857142;-11.48010699674966;4.45173745956343;8.533318454043371
3602643.219043785;1.4708012238366766;-11.514258178862779;4.4517043127815885;8.533355089917869
3603472.853812506;1.4366441509881944;-11.548412285121907;4.451671173334825;8.533385262775278
3604302.679633688;1.4024798515892565;-11.58256715054977;4.45163804121669;8.533408960922337
3605132.696551326;1.3683104283269198;-11.616720660823528;4.4516049164195906;8.533426172730854
3605962.904609427;1.3341379344796234;-11.650870751060602;4.451571798937556;8.53343688660267
3606793.303852008;1.2999643743526412;-11.685015405380963;4.451538688763916;8.533441090969687
3607623.894323096;1.2657917040911246;-11.719152656116707;4.451505585891294;8.533438774316537
3608454.676066727;1.2316218328166357;-11.753280582663034;4.451472490314007;8.533429925165663
3609285.64912695;1.1974566229181454;-11.787397311174182;4.451439402024872;8.533414532067455
3610116.813547822;1.163297891099564;-11.821501013530497;4.451406321016782;8.53339258361328
3610948.169373409;1.1291474093274139;-11.85558990638728;4.4513732472840255;8.533364068430668
3611779.71664779;1.095006905174554;-11.889662250827207;4.451340180819233;8.533328975182528
3612611.455415052;1.0608780629159922;-11.923716351256422;4.45130712161573;8.533287292556683
3613443.385719294;1.0267625242681635;-11.957750554698471;4.451274069667113;8.533239009299523
3614275.507604623;0.992661889099524;-11.991763250043874;4.451241024967223;8.533184114176175
3615107.821115158;0.9585777158882759;-12.025752867590565;4.451207987507936;8.533122595970907
3615940.326295027;0.9245115231776286;-12.059717877630721;4.451174957284057;8.533054443524291
3616773.023188369;0.890464789620138;-12.093656790372606;4.4511419342884615;8.532979645704282
3617605.911839332;0.8564389549969356;-12.127568154908666;4.45110891851424;8.532898191391363
3618438.992292075;0.8224354209833209;-12.161450558482858;4.451075909954751;8.532810069511429
3619272.264590768;0.788455551827192;-12.195302625811678;4.451042908603364;8.532715269035503
3620105.72877959;0.7545006750929675;-12.229123018306618;4.4510099144538815;8.5326137789457
3620939.384902729;0.7205720821401982;-12.262910433607729;4.450976927498733;8.532505588249194
3621773.233004387;0.6866710292357137;-12.296663604498217;4.450943947731989;8.532390686001941
3622607.273128771;0.6527987378403265;-12.330381298580749;4.450910975146502;8.532269061274576
3623441.505320103;0.6189563956622686;-12.364062317255149;4.450878009736613;8.532140703180806
3624275.929622613;0.5851451568790392;-12.397705495449905;4.450845051494957;8.532005600833985
3625110.54608054;0.5513661431088855;-12.431309700709917;4.450812100414406;8.531863743404397
3625945.354738136;0.5176204441160106;-12.464873832453273;4.450779156488823;8.531715120080463
3626780.355639661;0.48390911830893274;-12.498396821480904;4.450746219711791;8.531559720078048
3627615.548829386;0.4502331933836319;-12.531877629333323;4.450713290076698;8.53139753264026
3628450.934351592;0.4165936668546006;-12.56531524775367;4.450680367575917;8.531228547032352
3629286.51225057;0.3829915070416724;-12.598708697717846;4.450647452203806;8.531052752555713
3630122.282570622;0.34942765329077374;-12.632057029200903;4.450614543953486;8.530870138538193
3630958.24535606;0.315903016726837;-12.665359320411074;4.450581642818316;8.530680694319596
3631794.400651205;0.2824184808245758;-12.698614677241913;4.450548748791431;8.530484409275056
3632630.74850039;0.24897490205877673;-12.731822232618214;4.450515861866455;8.530281272810535
3633467.288947957;0.21557311036871338;-12.764981146025178;4.450482982036518;8.530071274357374
3634304.022038258;0.18221390981936206;-12.798090602819652;4.450450109295449;8.529854403343567
3635140.947815656;0.14889807900417934;-12.831149813902037;4.450417243635691;8.529630649270523
3635978.066324525;0.11562637190726809;-12.864158014780278;4.450384385051824;8.529400001635722
3636815.377609246;0.0823995179862064;-12.897114465511653;4.450351533536246;8.52916244996161
3637652.881714214;0.04921822308332069;-12.930018449799707;4.450318689082592;8.528917983800438
3638490.578683833;0.01608316979720957;-12.96286927461132;4.450285851684475;8.528666592724054
3639328.468562515;-0.017004982037879007;-12.995666269716388;4.450253021335041;8.528408266343467
3640166.551394686;-0.05004559482532021;-13.02840878713739;4.450220198027427;8.528142994284641
3641004.827224779;-0.08303805263594045;-13.061096200579447;4.450187381755496;8.52787076618801
3641843.296097239;-0.11598176085199947;-13.093727905097538;4.450154572512417;8.527591571733119
3642681.958056522;-0.14887614562372103;-13.126303316528873;4.450121770291547;8.527305400613605
3643520.81314709;-0.1817206533919254;-13.158821871040487;4.450088975086282;8.527012242562277
3644359.861413421;-0.21451475047588212;-13.191283024682221;4.450056186890002;8.526712087316339
3645199.102899999;-0.24725792257617085;-13.223686252923992;4.450023405696125;8.526404924651693
3646038.537651321;-0.279949674446611;-13.256031050307332;4.449990631497297;8.526090744363424
3646878.165711891;-0.3125895291497134;-13.288316929703782;4.44995786428836;8.525769536265704
3647717.987126227;-0.34517702809302114;-13.320543422361233;4.449925104061747;8.525441290206462
3648558.001938855;-0.3777117302841246;-13.352710077142689;4.449892350810858;8.525105996047708
3649398.210194312;-0.41019321199192654;-13.3848164601968;4.449859604529313;8.524763643675561
3650238.611937144;-0.44262106636196075;-13.416862154601265;4.449826865210525;8.524414223028778
3651079.207211909;-0.47499490312796;-13.44884675999256;4.44979413284739;8.524057724017212
3651919.996063174;-0.5073143479489011;-13.480769891991686;4.4497614074343215;8.52369413660846
3652760.978535518;-0.5395790424216236;-13.512631182188585;4.4497286889634555;8.523323450803506
3653602.154673527;-0.5717886433281206;-13.544430277360288;4.449695977428942;8.522945656603227
3654443.524521801;-0.6039428225514761;-13.576166839417422;4.44966327282371;8.522560744042236
3655285.088124948;-0.6360412664974473;-13.607840544823326;4.449630575141868;8.522168703184011
3656126.845527587;-0.6680836760173539;-13.639451084485543;4.44959788437611;8.52176952409208
3656968.796774347;-0.7000697657362056;-13.670998163153998;4.449565200520569;8.521363196897223
3657810.941909867;-0.7319992640742723;-13.702481499367485;4.44953252356769;8.520949711725523
3658653.280978798;-0.763871912622477;-13.733900824847085;4.449499853511357;8.52052905871325
3659495.814025798;-0.7956874658944677;-13.765255884303647;4.449467190345452;8.520101228063726
3660338.541095539;-0.8274456912208707;-13.796546435249816;4.449434534062436;8.519666209966509
3661181.462232701;-0.8591463681378644;-13.827772247439011;4.449401884656204;8.519223994644944
3662024.577481974;-0.8907892882218607;-13.85893310271344;4.449369242120404;8.518774572371177
3662867.88688806;-0.9223742549113095;-13.890028794767098;4.449336606447743;8.518317933408044
3663711.39049567;-0.9539010829708577;-13.921059128655955;4.4493039776323355;8.517854068052763
3664555.088349526;-0.9853695984210189;-13.95202392073459;4.44927135566713;8.517382966646439
3665398.98049436;-1.0167796381430323;-13.982922998219804;4.449238740545789;8.516904619530985
3666243.066974913;-1.0481310496768113;-14.013756199021243;4.449206132261479;8.51641901708295
3667087.34783594;-1.0794236909014008;-14.044523371412716;4.449173530807618;8.515926149703695
3667931.823122202;-1.1106574297526293;-14.075224373755411;4.449140936178145;8.515426007824637
3668776.492878473;-1.1418321441104953;-14.105859074364336;4.449108348365959;8.51491858188788
3669621.357149536;-1.172947721393009;-14.136427351137733;4.4490757673644925;8.514403862380233
3670466.415980186;-1.2040040583645193;-14.166929091331259;4.4490431931674435;8.513881839799298
3671311.669415227;-1.2350010609750581;-14.197364191406333;4.449010625767718;8.513352504663555
3672157.117499472;-1.265938643951863;-14.227732556656896;4.448978065159235;8.512815847545797
3673002.760277746;-1.2968167307614853;-14.258034101112676;4.448945511335192;8.512271859015998
3673848.597794886;-1.3276352532967075;-14.288268747264786;4.4489129642887635;8.511720529679314
3674694.630095736;-1.358394151635682;-14.318436425806834;4.448880424013638;8.511161850157515
3675540.857225152;-1.3890933738423432;-14.34853707546338;4.448847890503479;8.51059581111756
3676387.279228;-1.4197328758142114;-14.378570642813589;4.448815363751486;8.51002240324789
3677233.896149157;-1.4503126210390624;-14.4085370820344;4.448782843751081;8.509441617244256
3678080.708033509;-1.4808325803713953;-14.438436354719656;4.44875033049571;8.508853443852548
3678927.714925953;-1.5112927319001992;-14.468268429719402;4.448717823978322;8.508257873840883
3679774.916871397;-1.541693060666289;-14.498033282843783;4.448685324192836;8.507654897984658
3680622.313914759;-1.5720335585143441;-14.527730896748245;4.448652831133181;8.507044507100721
3681469.906100966;-1.6023142240129777;-14.557361260856748;4.448620344791828;8.506426692051939
3682317.693474958;-1.6325350621348775;-14.58692437098753;4.448587865162448;8.505801443690205
3683165.676081683;-1.6626960841185645;-14.61642022927101;4.448555392238735;8.50516875291371
3684013.8539661;-1.6927973073392302;-14.645848844010835;4.448522926013894;8.504528610657712
3684862.227173178;-1.7228387550764204;-14.675210229433803;4.448490466481855;8.50388100787553
3685710.795747899;-1.7528204564888397;-14.704504405662691;4.448458013635325;8.503225935538524
3686559.559735252;-1.782742446257803;-14.733731398386446;4.448425567468251;8.502563384660393
3687408.519180236;-1.8126047646073682;-14.762891238859034;4.448393127973581;8.50189334627808
3688257.674127865;-1.842407457010413;-14.791983963612003;4.448360695145256;8.501215811456333
3689107.024623158;-1.8721505741361366;-14.821009614406286;4.448328268976736;8.500530771293413
3689956.570711148;-1.9018341717478684;-14.84996823810538;4.448295849460727;8.499838216896784
3690806.312436876;-1.9314583103475669;-14.878859886365383;4.448263436591662;8.499138139426153
3691656.249845395;-1.961023055311297;-14.907684615729575;4.448231030362262;8.498430530056016
3692506.382981768;-1.9905284765469602;-14.936442487312181;4.448198630766237;8.497715379998983
3693356.711891069;-2.0199746484654475;-14.965133566749817;4.448166237797023;8.496992680487347
3694207.23661838;-2.049361649816686;-14.993757924066188;4.448133851447861;8.496262422801642
3695057.957208795;-2.0786895635678557;-15.022315633489228;4.448101471712662;8.495524598208705
3695908.873707419;-2.107958476788782;-15.050806773435475;4.448069098584426;8.494779198062265
3696759.986159367;-2.1371684805293887;-15.079231426279325;4.448036732056843;8.49402621369309
3697611.294609764;-2.166319669686489;-15.10758967831444;4.44800437212314;8.493265636504809
3698462.799103744;-2.1954121429042366;-15.1358816195787;4.447972018777007;8.49249745789746
3699314.499686455;-2.2244460024497585;-15.164107343782023;4.447939672011926;8.491721669320338
3700166.396403053;-2.2534213541369645;-15.192266948206306;4.447907331821113;8.490938262248228
3701018.489298703;-2.282338307151125;-15.220360533545263;4.447874998198264;8.490147228195873
3701870.778418584;-2.3111969740762475;-15.24838820389247;4.447842671136138;8.489348558680081
3702723.263807882;-2.3399974705551343;-15.276350066461182;4.4478103506294095;8.488542245276635
3703575.945511796;-2.368739915488901;-15.304246231737718;4.447778036670579;8.487728279578237
3704428.823575534;-2.397424430693111;-15.33207681317412;4.447745729253364;8.486906653227646
3705281.898044315;-2.426051140936255;-15.359841927172877;4.447713428371452;8.48607735786517
3706135.168963367;-2.4546201738198468;-15.387541693029123;4.447681134017852;8.485240385191425
3706988.636377931;-2.483131659629359;-15.415176232744617;4.447648846186546;8.484395726928708
3707842.300333256;-2.51158573136627;-15.4427456710583;4.447616564870481;8.48354337482155
3708696.160874603;-2.5399825244967844;-15.470250135235244;4.447584290063632;8.482683320674827
3709550.218047243;-2.568322177072174;-15.497689755118326;4.447552021758749;8.481815556287405
3710404.471896456;-2.596604829408723;-15.525064662872907;4.4475197599502945;8.48094007351389
3711258.922467534;-2.624830624234884;-15.552374993107055;4.447487504631001;8.48005686424117
3712113.56980578;-2.6529997064733397;-15.57962088264691;4.447455255794367;8.479165920379204
3712968.413956507;-2.6811122231733355;-15.606802470482812;4.447423013434344;8.478267233875131
3713823.454965036;-2.7091683235257458;-15.633919897783029;4.447390777543687;8.477360796713596
3714678.692876702;-2.737168158648044;-15.660973307662768;4.447358548116865;8.476446600897862
3715534.127736848;-2.7651118817192692;-15.687962845339133;4.447326325145894;8.475524638473969
3716389.759590828;-2.792999647608459;-15.71488865776917;4.447294108625724;8.474594901534989
3717245.588484008;-2.8208316131472744;-15.74175089387529;4.447261898548863;8.473657382179153
3718101.614461763;-2.8486079367871833;-15.76854970425387;4.447229694909518;8.472712072557165
3718957.837569478;-2.8763287787415743;-15.795285241290182;4.4471974977002375;8.47175896484837
3719814.257852548;-2.903994300738158;-15.821957658910424;4.447165306915469;8.470798051256798
3720670.875356382;-2.9316046660997435;-15.84856711269188;4.447133122548209;8.469829324043928
3721527.690126395;-2.9591600396377378;-15.875113759715793;4.447100944591717;8.468852775486335
3722384.702208015;-2.9866605875483323;-15.901597758488087;4.447068773039954;8.4678683978998
3723241.91164668;-3.0141064774438036;-15.9280192689501;4.447036607886196;8.466876183620098
3724099.318487839;-3.0414978782056705;-15.954378452380602;4.447004449123931;8.465876125051
3724956.922776951;-3.068834960004358;-15.980675471362453;4.446972296746411;8.464868214611682
3725814.724559483;-3.0961178941906264;-16.006910489680486;4.446940150747622;8.463852444742237
3726672.723880917;-3.1233468533052418;-16.033083672357687;4.446908011120568;8.462828807931878
3727530.920786743;-3.1505220109276117;-16.05919518550606;4.446875877859245;8.461797296719201
3728389.315322461;-3.1776435417794477;-16.085245196385646;4.4468437509564325;8.460757903649764
3729247.907533583;-3.2047116214973865;-16.11123387322715;4.446811630406346;8.459710621323417
3730106.697465629;-3.2317264267376444;-16.137161385315366;4.446779516202001;8.45865544237572
3730965.685164134;-3.25868813504722;-16.163027902848057;4.446747408337153;8.457592359463684
3731824.870674638;-3.2855969248620154;-16.18883359696134;4.446715306804835;8.456521365294494
3732684.254042695;-3.312452975399125;-16.214578639609506;4.446683211599026;8.45544245261136
3733543.835313869;-3.3392564666835263;-16.24026320357646;4.446651122713467;8.454355614179466
3734403.614533734;-3.3660075795246676;-16.265887462470697;4.446619040140947;8.453260842805083
3735263.591747875;-3.3927064953627903;-16.291451590592622;4.446586963875228;8.452158131354606
3736123.767001886;-3.419353396339322;-16.31695576294274;4.446554893910054;8.451047472693368
3736984.140341374;-3.4459484652123917;-16.342400155207226;4.446522830238687;8.449928859756147
3737844.711811954;-3.4724918853311637;-16.367784943682125;4.446490772854659;8.448802285496301
3738705.481459253;-3.49898384061043;-16.393110305256148;4.446458721751451;8.447667742894263
3739566.449328908;-3.5254245154593757;-16.418376417387336;4.446426676922149;8.446525225005812
3740427.615466567;-3.551814094743877;-16.443583457982;4.446394638361422;8.445374724876697
3741288.979917888;-3.578152763847504;-16.468731605537126;4.446362606061617;8.444216235628003
3742150.54272854;-3.6044407085080787;-16.493821038928726;4.446330580016716;8.44304975040393
3743012.303944201;-3.6306781148723726;-16.518851937474807;4.446298560220251;8.44187526238218
3743874.263610561;-3.656865169435966;-16.543824480884588;4.446266546665722;8.4406927647829
3744736.421773322;-3.6830020590106582;-16.568738849216924;4.446234539346914;8.439502250859352
3745598.778478193;-3.7090889707348538;-16.59359522291337;4.446202538256374;8.438303713922139
3746461.333770896;-3.735126091955317;-16.618393782635486;4.4461705433886145;8.437097147291556
3747324.087697162;-3.7611136103105096;-16.64313470938322;4.446138554736629;8.435882544336083
3748187.040302734;-3.7870517135804755;-16.667818184361035;4.446106572294458;8.434659898486103
3749050.191633365;-3.812940589824775;-16.69244438905723;4.446074596054659;8.433429203177795
3749913.541734818;-3.8387804271675523;-16.71701350507499;4.446042626011725;8.432190451895714
3750777.090652868;-3.8645714138881044;-16.74152571423843;4.44601066215894;8.430943638191389
3751640.838433297;-3.890313738451362;-16.76598119854888;4.445978704488878;8.429688755608641
3752504.785121903;-3.9160075892759294;-16.79038014003115;4.445946752996503;8.42842579775872
3753368.930764489;-3.941653154942289;-16.814722720908595;4.4459148076743995;8.427154758291909
3754233.275406873;-3.967250624033764;-16.839009123434565;4.445882868516328;8.425875630884471
3755097.819094881;-3.992800185135347;-16.86323952992646;4.44585093551583;8.424588409275282
3755962.56187435;-4.018302026832304;-16.887414122718898;4.445819008666917;8.42329308721968
3756827.503791128;-4.043756337746954;-16.911533084226594;4.445787087961927;8.42198965851771
3757692.644891073;-4.069163306339879;-16.935596596763453;4.445755173395597;8.420678117027974
3758557.985220055;-4.094523121123616;-16.959604842705136;4.445723264960494;8.419358456621026
3759423.524823952;-4.119835970434962;-16.983558004312666;4.445691362650907;8.418030671226798
3760289.263748655;-4.145102042552127;-17.007456263827518;4.445659466460107;8.416694754815282
3761155.202040064;-4.170321525652162;-17.031299803416342;4.445627576381172;8.415350701383005
3762021.33974409;-4.195494607708486;-17.055088805093614;4.445595692408605;8.413998504976522
3762887.676906656;-4.220621476614788;-17.078823450841984;4.445563814534728;8.412638159692468
3763754.213573693;-4.245702320021289;-17.102503922429662;4.445531942754068;8.411269659654309
3764620.949791145;-4.270737325441963;-17.12613040153293;4.445500077059684;8.409892999031284
3765487.885604965;-4.295726680191469;-17.149703069656006;4.445468217444888;8.408508172019653
3766355.021061116;-4.320670571291894;-17.173222108090016;4.445436363903931;8.407115172894192
3767222.356205575;-4.345569185608992;-17.19668769796842;4.445404516430148;8.405713995929279
3768089.891084325;-4.370422709734148;-17.220100020228386;4.445372675016582;8.404304635477658
3768957.625743362;-4.39523133001404;-17.243459255558516;4.445340839657048;8.402887085887428
3769825.560228694;-4.419995232479509;-17.26676558442418;4.445309010345075;8.401461341599601
3770693.694586337;-4.444714602913194;-17.290019187051264;4.445277187073978;8.40002739706409
3771562.028862318;-4.4693896267416;-17.31322024337147;4.445245369838064;8.39858524679181
3772430.563102676;-4.494020489152024;-17.336368933089805;4.445213558630375;8.39713488530741
3773299.29735346;-4.518607374963478;-17.35946543561819;4.445181753444233;8.395676307210477
3774168.231660729;-4.543150468672344;-17.38250993006517;4.445149954273189;8.394209507119633
3775037.366070553;-4.567649954389585;-17.40550259521519;4.4451181611112975;8.392734479714308
3775906.700629012;-4.592106015917573;-17.42844360956275;4.445086373951876;8.3912512196933
3776776.235382198;-4.616518836651332;-17.451333151274813;4.445054592788235;8.389759721835246
3777645.970376214;-4.640888599642053;-17.474171398170803;4.445022817613928;8.388259980914821
3778515.90565717;-4.665215487503758;-17.496958527699938;4.44499104842326;8.38675199177292
3779386.041271191;-4.689499682502088;-17.519694717026958;4.4449592852083475;8.385235749316521
3780256.377264409;-4.713741366449283;-17.54238014286234;4.444927527963937;8.383711248449119
3781126.91368297;-4.7379407207595206;-17.565014981588384;4.444895776683376;8.382178484145488
3781997.650573028;-4.762097926417562;-17.587599409205325;4.444864031359975;8.380637451427788
3782868.58798075;-4.786213163986364;-17.61013360131256;4.444832291987307;8.379088145338887
3783739.72595231;-4.810286613554252;-17.632617733101146;4.444800558559188;8.377530560987704
3784611.064533896;-4.834318454797282;-17.655051979379248;4.444768831068692;8.375964693513271
3785482.603771705;-4.858308866905735;-17.67743651452237;4.444737109509396;8.374390538107239
3786354.343711946;-4.882258028580639;-17.699771512452397;4.444705393875843;8.37280808999591
3787226.284400837;-4.906166118117857;-17.72205714673206;4.444673684160394;8.371217344453807
3788098.425884609;-4.930033313276857;-17.744293590433823;4.444641980357092;8.369618296799878
3788970.768209499;-4.953859791336273;-17.7664810161925;4.4446102824597835;8.368010942396442
3789843.31142176;-4.977645729111536;-17.78861959621896;4.444578590461527;8.3663952766459
3790716.055567653;-5.001391302884162;-17.810709502244123;4.4445469043561685;8.364771295003795
3791589.00069345;-5.02509668844135;-17.832750905553077;4.444515224137022;8.363138992974704
3792462.146845433;-5.048762061063295;-17.854743976941414;4.444483549798155;8.361498366079964
3793335.494069897;-5.072387595516455;-17.876688886762203;4.444451881332659;8.359849409913092
3794209.042413143;-5.095973466037522;-17.8985858048745;4.444420218734136;8.358192120102842
3795082.791921489;-5.119519846333773;-17.92043490064848;4.444388561996398;8.356526492318308
3795956.742641258;-5.143026909586007;-17.942236342980884;4.44435691111279;8.354852522282087
3796830.894618787;-5.166494828424194;-17.963990300254697;4.444325266077361;8.353170205753143
3797705.247900422;-5.189923774977222;-17.985696940399407;4.44429362688273;8.351479538539454
3798579.802532521;-5.213313920764705;-18.007356430791155;4.444261993523232;8.349780516503218
3799454.558561451;-5.236665436805592;-18.028968938331623;4.444230365992199;8.348073135533829
3800329.516033592;-5.25997849354191;-18.050534629391024;4.444198744283704;8.346357391565407
3801204.674995332;-5.283253260866498;-18.07205366986237;4.444167128390599;8.344633280605272
3802080.035493072;-5.306489908115324;-18.093526225100188;4.444135518306483;8.34290079867838
3802955.597573223;-5.329688604035487;-18.114952459925245;4.444103914025433;8.341159941864323
3803831.361282205;-5.35284951682695;-18.136332538656028;4.444072315540792;8.339410706288286
3804707.326666452;-5.375972814114672;-18.15766662507731;4.44404072284616;8.337653088116483
3805583.493772405;-5.399058662937048;-18.1789548824512;4.444009135934881;8.33588708357927
3806459.862646518;-5.42210722977741;-18.20019747349409;4.443977554800786;8.334112688915894
3807336.433335256;-5.445118680502283;-18.22139456039274;4.4439459794374905;8.332329900452963
3808213.205885094;-5.468093180426768;-18.242546304804936;4.4439144098383245;8.330538714539841
3809090.180342516;-5.4910308942542585;-18.263652867832665;4.443882845997156;8.328739127581251
3809967.356754019;-5.513931986131732;-18.284714410044373;4.4438512879075525;8.326931136005086
3810844.735166111;-5.53679661958363;-18.305731091468395;4.4438197355629026;8.325114736321865
3811722.315625309;-5.559624957549212;-18.32670307156762;4.443788188957277;8.323289925061134
3812600.09817814;-5.582417162406115;-18.3476305092971;4.443756648083271;8.321456698807719
3813478.082871146;-5.605173395872284;-18.36851356300514;4.443725112935524;8.319615054197335
3814356.269750874;-5.62789381911991;-18.389352390530213;4.443693583507114;8.317764987903189
3815234.658863886;-5.650578592708477;-18.410147149149335;4.443662059791417;8.315906496649442
3816113.250256754;-5.673227876575876;-18.430897995565246;4.443630541782502;8.314039577206868
3816992.043976058;-5.695841830064325;-18.451605085935675;4.443599029474001;8.31216422639735
3817871.040068393;-5.718420611946136;-18.472268575881007;4.4435675228587925;8.31028044107608
3818750.238580361;-5.740964380334242;-18.49288862042383;4.443536021931181;8.308388218158406
3819629.639558577;-5.763473292763658;-18.513465374050394;4.443504526684577;8.306487554602157
3820509.243049665;-5.785947506147915;-18.533998990681376;4.443473037112572;8.304578447420887
3821389.049100262;-5.808387176826449;-18.554489623674517;4.443441553208761;8.302660893639302
3822269.057757013;-5.830792460480662;-18.574937425830164;4.443410074966548;8.300734890382952
3823149.269066576;-5.85316351220385;-18.595342549367977;4.44337860237998;8.298800434784146
3824029.683075619;-5.875500486489774;-18.615705145972107;4.443347135441987;8.296857524040348
3824910.29983082;-5.897803537192127;-18.63602536672602;4.4433156741469;8.294906155386993
3825791.119378869;-5.920072817576596;-18.656303362184836;4.443284218487613;8.292946326120628
3826672.141766466;-5.942308480273476;-18.676539282294517;4.4432527684587;8.290978033562338
3827553.367040322;-5.964510677334643;-18.696733276490352;4.443221324052578;8.289001275103132
3828434.795247158;-5.986679560167172;-18.71688549359869;4.4431898852633385;8.287016048168176
3829316.426433708;-6.008815279557888;-18.736996081873045;4.443158452085347;8.28502235022981
3830198.260646713;-6.030917985717791;-18.757065189054675;4.443127024510753;8.283020178826128
3831080.297932928;-6.05298782819666;-18.777092962246943;4.443095602534639;8.281009531515643
3831962.538339119;-6.075024955973026;-18.797079548045442;4.443064186149661;8.278990405922753
3832844.98191206;-6.097029517381589;-18.81702509245053;4.443032775349664;8.276962799719277
3833727.628698537;-6.119001660160588;-18.83692974090035;4.4430013701283215;8.27492671061144
3834610.478745348;-6.140941531417904;-18.856793638264115;4.4429699704794565;8.272882136366754
3835493.532099301;-6.162849277669648;-18.87661692886602;4.442938576395997;8.270829074800373
3836376.788807213;-6.184725044801427;-18.896399756431418;4.442907187872269;8.268767523757722
3837260.248915914;-6.206568978087404;-18.91614226414316;4.442875804901688;8.26669748115407
3838143.912472246;-6.228381222204308;-18.9358445946259;4.44284442747737;8.264618944944221
3839027.779523057;-6.250161921174893;-18.955506889899713;4.442813055594172;8.262531913130648
3839911.850115211;-6.271911218484315;-18.97512929148368;4.442781689244284;8.260436383755081
3840796.12429558;-6.29362925692639;-18.994711940278247;4.442750328422291;8.258332354929566
3841680.602111047;-6.315316178751559;-19.014254976660293;4.442718973121097;8.256219824787637
3842565.283608506;-6.336972125538953;-19.03375854041166;4.442687623335075;8.254098791537631
3843450.168834861;-6.358597238316728;-19.05322277078777;4.442656279057127;8.251969253413913
3844335.25783703;-6.380191657470227;-19.07264780645502;4.4426249402813855;8.249831208703407
3845220.550661938;-6.401755522783221;-19.09203378553926;4.442593607001219;8.24768465575482
3846106.047356523;-6.423288973437118;-19.111380845594955;4.442562279210524;8.245529592947312
3846991.747967733;-6.444792148003114;-19.130689123632084;4.442530956902705;8.243366018726263
3847877.652542526;-6.466265184460336;-19.149958756103366;4.44249964007115;8.241193931571878
3848763.761127872;-6.487708220165867;-19.169189878884627;4.442468328710236;8.239013330008525
3849650.073770753;-6.509121391889354;-19.188382627341927;4.442437022812357;8.236824212640215
3850536.590518159;-6.530504835779356;-19.207537136226666;4.442405722372673;8.23462657807464
3851423.311417093;-6.551858687419838;-19.226653539794185;4.442374427383809;8.232420424990535
3852310.236514567;-6.573183081749589;-19.24573197172631;4.442343137839426;8.230205752137298
3853197.365857606;-6.594478153148302;-19.264772565150192;4.442311853733408;8.227982558268485
3854084.699493244;-6.615744035377448;-19.283775452649557;4.442280575059413;8.2257508422127
3854972.237468527;-6.636980861597835;-19.302740766256466;4.442249301811315;8.223510602847316
3855859.979830511;-6.658188764411114;-19.32166863748238;4.442218033981796;8.221261839089468
3856747.926626263;-6.67936787577313;-19.340559197252496;4.442186771565484;8.219004549913882
3857636.077902862;-6.700518327089987;-19.359412575980386;4.442155514555529;8.216738734334868
3858524.433707396;-6.721640249161089;-19.378228903526725;4.442124262945607;8.214464391420032
3859412.994086965;-6.742733772191621;-19.397008309206875;4.442093016729588;8.212181520285665
3860301.759088679;-6.763799025804183;-19.415750921802214;4.442061775901138;8.209890120096894
3861190.72875966;-6.7848361390410075;-19.434456869566148;4.442030540453436;8.207590190071706
3862079.90314704;-6.805845240351762;-19.453126280196354;4.441999310380598;8.205281729463996
3862969.282297963;-6.82682645760491;-19.471759280870398;4.4419680856760415;8.202964737589447
3863858.866259582;-6.847779918080377;-19.490355998222263;4.441936866333672;8.200639213808214
3864748.655079063;-6.868705748507253;-19.508916558374086;4.44190565234643;8.198305157520402
3865638.64880358;-6.889604074973805;-19.52744108688406;4.441874443708929;8.195962568201324
3866528.84748032;-6.9104750230566125;-19.545929708815414;4.441843240414104;8.193611445344697
3867419.251156481;-6.931318717719303;-19.564382548689395;4.4418120424556164;8.191251788514474
3868309.859879271;-6.952135283373004;-19.582799730497943;4.441780849827372;8.188883597297567
3869200.67369591;-6.972924843824177;-19.601181377707775;4.4417496625232875;8.186506871360308
3870091.692653627;-6.993687522334032;-19.619527613279725;4.441718480536521;8.184121610409173
3870982.916799663;-7.014423441603745;-19.637838559637878;4.441687303860986;8.18172781417315
3871874.34618127;-7.035132723725899;-19.656114338702977;4.441656132489852;8.17932548248723
3872765.980845711;-7.055815490275473;-19.674355071853626;4.44162496641755;8.176914615160605
3873657.820840259;-7.076471862214321;-19.692560879973627;4.441593805637451;8.174495212121851
3874549.866212199;-7.097101959993349;-19.710731883435763;4.441562650142779;8.172067273299636
3875442.117008826;-7.117705903475068;-19.728868202087845;4.441531499927429;8.16963079868535
3876334.573277446;-7.138283811936432;-19.746969955262728;4.441500354985556;8.167185788340738
3877227.235065376;-7.158835804142475;-19.76503726180711;4.441469215310105;8.164732242354525
3878120.102419945;-7.179361998291622;-19.783070240038477;4.441438080895231;8.162270160851625
3879013.175388492;-7.199862512012521;-19.801069007787163;4.4414069517341295;8.159799544040515
3879906.454018365;-7.220337462384708;-19.81903368236238;4.44137582782095;8.15732039215672
3880799.938356927;-7.24078696594718;-19.836964380585506;4.4413447091491145;8.15483270548921
3881693.628451548;-7.26121113868972;-19.854861218777287;4.441313595712076;8.152336484375493
3882587.52434961;-7.281610096055411;-19.872724312752936;4.441282487503738;8.149831729193787
3883481.626098509;-7.3019839529291275;-19.890553777835024;4.441251384517788;8.147318440388107
3884375.933745647;-7.322332823661684;-19.90834972885253;4.441220286747902;8.144796618442948
3885270.447338441;-7.342656822062308;-19.926112280137286;4.441189194187991;8.142266263886988
3886165.166924316;-7.362956061419199;-19.943841545552484;4.441158106830768;8.139727377302515
3887060.092550709;-7.3832306544375195;-19.961537638433335;4.441127024671136;8.137179959324675
3887955.224265069;-7.403480713341204;-19.979200671667627;4.441095947701802;8.134624010624618
3888850.562114854;-7.423706349788616;-19.996830757636108;4.441064875916678;8.132059531930816
3889746.106147535;-7.443907674892637;-20.014428008235985;4.4410338093097055;8.129486524033641
3890641.856410591;-7.464084799263114;-20.031992534884218;4.441002747874806;8.1269049877463
3891537.812951516;-7.484237832981847;-20.04952444853466;4.440971691604934;8.124314923947882
3892433.975817812;-7.504366885590531;-20.067023859646625;4.440940640494022;8.121716333562075
3893330.345056992;-7.524472066111025;-20.084490878212364;4.440909594535521;8.119109217565812
3894226.92071658;-7.54455348304761;-20.101925613734032;4.440878553723823;8.116493576962595
3895123.702844114;-7.564611244369893;-20.119328175261742;4.440847518052168;8.113869412839685
3896020.691487138;-7.584645457539144;-20.13669867137296;4.440816487513945;8.111236726319875
3896917.88669321;-7.604656229519896;-20.15403721016721;4.440785462103144;8.10859551854417
3897815.2885099;-7.624643666714822;-20.171343899278675;4.440754441813678;8.105945790750177
3898712.896984785;-7.644607875057234;-20.18861884588539;4.440723426638982;8.103287544189172
3899610.712165456;-7.6645489599514445;-20.205862156710488;4.440692416572046;8.100620780186999
3900508.734099515;-7.684467026281004;-20.223073937981315;4.440661411608006;8.097945500092308
3901406.962834574;-7.704362178450841;-20.240254295513566;4.440630411739107;8.095261705323619
3902305.398418256;-7.724234520332435;-20.25740333462766;4.440599416959997;8.092569397335234
3903204.040898195;-7.744084155309665;-20.274521160207915;4.440568427264148;8.089868577634098
3904102.890322036;-7.763911186273827;-20.29160787668999;4.440537442644777;8.087159247771387
3905001.946737436;-7.783715715583725;-20.308663588039565;4.440506463096298;8.08444140935954
3905901.210192061;-7.803497845141964;-20.32568839779973;4.44047548861144;8.081715064046328
3906800.680733589;-7.823257676314568;-20.342682409032218;4.440444519185119;8.078980213532533
3907700.358409709;-7.842995310019274;-20.359645724387754;4.440413554810054;8.076236859558424
3908600.243268122;-7.862710846640201;-20.37657844605432;4.4403825954802025;8.073485003933914
3909500.335356539;-7.882404386096921;-20.39348067578624;4.440351641189039;8.070724648500278
3910400.63472268;-7.902076027806526;-20.41035251488021;4.440320691931202;8.067955795142483
3911301.14141428;-7.92172587071764;-20.42719406423175;4.440289747698966;8.06517844581515
3912201.855479082;-7.941354013276955;-20.44400542425968;4.4402588084872345;8.062392602495489
3913102.776964841;-7.960960553460187;-20.460786694979074;4.440227874289004;8.059598267229886
3914003.905919324;-7.980545588751413;-20.47753797595844;4.4401969450981955;8.056795442108832
3914905.242390306;-8.000109216181245;-20.494259366339126;4.440166020908541;8.053984129249335
3915806.786425577;-8.019651532286769;-20.51095096484195;4.440135101713263;8.05116433084192
3916708.538072934;-8.039172633107864;-20.527612869740146;4.440104187507029;8.048336049125249
3917610.497380188;-8.058672614259667;-20.544245178906714;4.440073278282836;8.04549928636421
3918512.664395161;-8.078151570859744;-20.56084798978304;4.4400423740343715;8.042654044888927
3919415.039165683;-8.097609597556346;-20.577421399384818;4.440011474755606;8.039800327072866
3920317.621739598;-8.117046788543174;-20.593965504316248;4.439980580440016;8.036938135333054
3921220.412164759;-8.136463237529812;-20.610480400758227;4.439949691081554;8.034067472146864
3922123.410489033;-8.155859037782825;-20.62696618448333;4.439918806673679;8.031188340026825
3923026.616760294;-8.175234282108043;-20.643422950850756;4.439887927209881;8.028300741532831
3923930.031026431;-8.194589062833899;-20.65985079479516;4.439857052684578;8.025404679276686
3924833.65333534;-8.213923471852967;-20.676249810861336;4.4398261830907995;8.022500155917566
3925737.483734932;-8.233237600588984;-20.69262009317768;4.439795318422237;8.019587174166459
3926641.522273126;-8.252531540000172;-20.70896173545532;4.439764458673338;8.01666573678181
3927545.768997854;-8.271805380633243;-20.7252748310227;4.439733603837096;8.01373584655236
3928450.223957057;-8.291059212553796;-20.741559472792336;4.439702753907472;8.01079750633107
3929354.88719869;-8.310293125383808;-20.75781575328015;4.439671908878206;8.00785071901813
3930259.758770716;-8.329507208311382;-20.774043764606617;4.439641068742767;8.00489548755247
3931164.838721111;-8.34870155007516;-20.790243598486565;4.4396102334953405;8.001931814916066
3932070.127097861;-8.367876238956027;-20.80641534625238;4.4395794031292;7.998959704167149
3932975.623948964;-8.387031362826038;-20.822559098837413;4.439548577638048;7.995979158373325
3933881.329322428;-8.406167009099365;-20.83867494678109;4.43951775701586;7.992990180665865
3934787.243266273;-8.425283264744305;-20.854762980236114;4.439486941256353;7.989992774235456
3935693.365828529;-8.444380216331451;-20.870823288974623;4.439456130352789;7.9869869422903825
3936599.697057238;-8.463457949960153;-20.886855962366443;4.439425324299617;7.983972688106674
3937506.237000454;-8.482516551317357;-20.902861089418;4.439394523089831;7.98095001501081
3938412.985706239;-8.501556105655423;-20.918838758733074;4.439363726717892;7.9779189263597585
3939319.943222668;-8.52057669782488;-20.93478905856205;4.439332935176313;7.974879425560855
3940227.109597828;-8.5395784121987;-20.950712076743546;4.439302148460045;7.971831516084799
3941134.484879816;-8.558561332768592;-20.966607900762785;4.439271366562335;7.968775201431855
3942042.06911674;-8.577525543094428;-20.982476617720344;4.439240589477141;7.965710485148776
3942949.862356718;-8.596471126322541;-20.998318314349163;4.439209817197995;7.962637370828628
3943857.864647881;-8.615398165176803;-21.01413307702166;4.439179049717615;7.959555862127241
3944766.076038371;-8.634306741947475;-21.02992099170094;4.439148287031705;7.956465962721758
3945674.49657634;-8.653196938543253;-21.045682144027698;4.439117529132543;7.953367676351903
3946583.126309952;-8.672068836440012;-21.06141661925352;4.439086776014121;7.950261006799386
3947491.96528738;-8.69092251670429;-21.077124502266432;4.439056027670384;7.947145957891758
3948401.013556812;-8.709758059997375;-21.092805877591033;4.4390252840953455;7.944022533498309
3949310.271166443;-8.72857554657157;-21.108460829400343;4.438994545282236;7.940890737546536
3950219.738164482;-8.74737505628392;-21.124089441501766;4.438963811224817;7.937750573993027
3951129.414599147;-8.76615666857289;-21.13969179734258;4.438933081917066;7.934602046852621
3952039.300518669;-8.784920462493131;-21.155267980022558;4.438902357352242;7.931445160177183
3952949.395971289;-8.803666516682307;-21.17081807227898;4.438871637524318;7.9282799180723575
3953859.701005259;-8.822394909376635;-21.18634215648976;4.438840922427783;7.925106324685347
3954770.215668843;-8.841105718451027;-21.201840314710104;4.438810212054906;7.9219243842041696
3955680.940010315;-8.85979902134061;-21.217312628611772;4.438779506400662;7.918734100870503
3956591.874077961;-8.878474895128114;-21.23275917954114;4.438748805458315;7.9155354789547125
3957503.017920078;-8.89713341648024;-21.248180048498288;4.438718109221109;7.912328522796937
3958414.371584973;-8.915774661670607;-21.26357531612406;4.438687417683535;7.9091132367699215
3959325.935120966;-8.934398706602924;-21.278945062729186;4.4386567308391;7.905889625287161
3960237.708576387;-8.95300562678434;-21.294289368277305;4.43862604868179;7.902657692811176
3961149.691999577;-8.971595497355292;-21.309608312404983;4.43859537120461;7.89941744384508
3962061.885438889;-8.990168393033805;-21.32490197439294;4.438564698402068;7.896168882957069
3962974.288942686;-9.00872438822168;-21.340170433203976;4.43853403026718;7.892912014715117
3963886.902559343;-9.027263556870118;-21.355413767448887;4.438503366794434;7.889646843784332
3964799.726337246;-9.045785972617038;-21.370632055423755;4.43847270797682;7.886373374829901
3965712.760324791;-9.064291708664335;-21.385825375074795;4.438442053808879;7.883091612601581
3966626.004570387;-9.082780837892358;-21.400993804040837;4.438411404283333;7.879801561865144
3967539.459122453;-9.101253432779812;-21.416137419605302;4.4383807593951925;7.876503227430297
3968453.12402942;-9.119709565451252;-21.431256298751542;4.438350119137242;7.873196614163046
3969366.999339729;-9.138149307647602;-21.44635051812434;4.438319483503459;7.869881726973277
3970281.085101832;-9.156572730753448;-21.461420154047634;4.438288852487626;7.866558570806561
3971195.381364195;-9.174979905781;-21.476465282521175;4.438258226083725;7.86322715065645
3972109.888175291;-9.193370903380917;-21.491485979230212;4.43822760428528;7.859887471564015
3973024.605583607;-9.211745793848735;-21.506482319544197;4.438196987085582;7.856539538609878
3973939.533637641;-9.23010464712076;-21.521454378501808;4.438166374479094;7.853183356901954
3974854.672385901;-9.248447532746106;-21.536402230837407;4.438135766459364;7.84981893163194
3975770.021876906;-9.266774519954264;-21.551325950968767;4.438105163020126;7.846446267994378
3976685.582159188;-9.28508567760968;-21.566225613003812;4.438074564154931;7.8430653712392004
3977601.353281289;-9.303381074194618;-21.581101290731844;4.438043969857993;7.839676246679233
3978517.335291761;-9.32166077788423;-21.595953057648774;4.438013380122133;7.836278899642411
3979433.528239171;-9.339924856464398;-21.610780986918343;4.437982794942352;7.832873335511591
3980349.932172092;-9.358173377396156;-21.625585151419923;4.437952214311631;7.8294595597121415
3981266.547139111;-9.37640640777268;-21.640365623716953;4.437921638224034;7.826037577720236
3982183.373188828;-9.394624014369118;-21.655122476080344;4.4378910666725755;7.822607395038645
3983100.410369851;-9.412826263591045;-21.669855780463404;4.437860499651746;7.819169017220612
3984017.658730799;-9.431013221501507;-21.684565608526395;4.437829937155336;7.815722449869554
3984935.118320306;-9.449184953849667;-21.699252031633847;4.437799379176876;7.81226769860731
3985852.789187013;-9.467341526018492;-21.713915120850285;4.437768825710106;7.808804769121689
3986770.671379575;-9.485483003058736;-21.728554946946048;4.437738276748608;7.805333667138701
3987688.764946657;-9.503609449678699;-21.743171580387703;4.4377077322868175;7.8018543984221855
3988607.069936935;-9.521720930281134;-21.75776509136824;4.437677192317352;7.798366968769751
3989525.586399097;-9.539817508899741;-21.772335549763795;4.437646656835186;7.794871384028868
3990444.314381841;-9.557899249251061;-21.786883025180867;4.437616125833344;7.791367650096466
3991363.253933878;-9.57596621472256;-21.80140758692369;4.437585599306119;7.787855772895011
3992282.405103929;-9.594018468376007;-21.815909304022824;4.437555077246525;7.784335758400292
3993201.767940727;-9.612056072937111;-21.83038824521121;4.437524559648625;7.780807612625474
3994121.342493014;-9.630079090804767;-21.84484447893617;4.437494046506646;7.777271341624758
3995041.128809546;-9.64808758407137;-21.85927807337088;4.4374635378139;7.773726951485616
3995961.12693909;-9.66608161448555;-21.873689096401698;4.437433033564174;7.770174448351971
3996881.336930421;-9.68406124347697;-21.888077615629797;4.437402533751726;7.766613838401098
3997801.75883233;-9.70202653217746;-21.90244369838988;4.437372038369601;7.763045127842823
3998722.392693616;-9.719977541374488;-21.916787411725842;4.43734154741208;7.759468322939274
3999643.238563089;-9.73791433154985;-21.93110882241555;4.437311060872452;7.755883429993242
4000564.296489573;-9.75583696286159;-21.945407996954245;4.437280578744759;7.7522904553478975
4001485.566521901;-9.77374549517808;-21.959685001563898;4.437250101023002;7.748689405362819
4002407.048708917;-9.791639988026654;-21.97393990220049;4.437219627700523;7.745080286473314
4003328.743099478;-9.809520500630002;-21.98817276454044;4.4371891587715595;7.7414631051388785
4004250.64974245;-9.827387091923125;-22.0023836539997;4.437158694229405;7.737837867847172
4005172.768686713;-9.845239820498527;-22.01657263571581;4.437128234068368;7.734204581148917
4006095.099981157;-9.863078744674562;-22.030739774571426;4.4370977782815;7.730563251615364
4007017.643674681;-9.880903922444297;-22.044885135171977;4.437067326863055;7.726913885864626
4007940.3998162;-9.898715411493743;-22.059008781862836;4.43703687980684;7.723256490562252
4008863.368454636;-9.916513269219557;-22.073110778723862;4.437006437106884;7.7195910723974235
4009786.549638923;-9.934297552720775;-22.087191189586854;4.436975998755779;7.715917638110303
4010709.943418009;-9.952068318778654;-22.10125007799572;4.436945564748988;7.7122361944680815
4011633.549840851;-9.969825623889076;-22.115287507264675;4.4369151350788725;7.708546748296728
4012557.368956417;-9.987569524251864;-22.12930354042918;4.436884709739937;7.704849306437382
4013481.400813687;-10.00530007576591;-22.143298240277044;4.436854288725764;7.701143875785371
4014405.645461653;-10.023017334032584;-22.157271669334115;4.4368238720305975;7.697430463270932
4015330.102949317;-10.04072135437143;-22.171223889885002;4.436793459647282;7.693709075866293
4016254.773325692;-10.058412191807367;-22.18515496394811;4.436763051570102;7.689979720570643
4017179.656639805;-10.076089901062437;-22.199064953291945;4.436732647793095;7.686242404436411
4018104.752940691;-10.093754536599542;-22.212953919444143;4.436702248309333;7.682497134535269
4019030.062277397;-10.111406152550764;-22.22682192366396;4.43667185311381;7.678743917999387
4019955.584698983;-10.129044802803094;-22.240669026985856;4.436641462199146;7.674982761983621
4020881.32025452;-10.146670540945223;-22.25449529018148;4.436611075559596;7.67121367367666
4021807.268993089;-10.164283420272904;-22.268300773785175;4.436580693188505;7.667436660323763
4022733.430963781;-10.181883493805138;-22.282085538074124;4.436550315080615;7.663651729188374
4023659.806215703;-10.199470814287835;-22.295849643099437;4.436519941228791;7.659858887582818
4024586.394797969;-10.217045434181111;-22.30959314865718;4.436489571627304;7.656058142848766
4025513.196759705;-10.23460740567026;-22.323316114308852;4.436459206269713;7.652249502368883
4026440.212150051;-10.252156780656874;-22.33701859936971;4.436428845150313;7.648432973562521
4027367.441018155;-10.269693610775226;-22.350700662927064;4.436398488262185;7.644608563889653
4028294.883413179;-10.28721794738795;-22.36436236382266;4.436368135599365;7.640776280835348
4029222.539384293;-10.304729841571259;-22.378003760663322;4.436337787155682;7.6369361319363795
4030150.408980682;-10.322229344139409;-22.39162491181915;4.4363074429251785;7.633088124754565
4031078.492251541;-10.339716505638927;-22.405225875428382;4.436277102901649;7.629232266887804
4032006.789246075;-10.357191376349173;-22.41880670940466;4.436246767077957;7.625368565977526
4032935.300013502;-10.374654006261812;-22.43236747140886;4.436216435449352;7.621497029697698
4033864.02460305;-10.392104445131896;-22.445908218894196;4.43618610800845;7.617617665753852
4034792.963063959;-10.409542742426138;-22.459429009070405;4.436155784749513;7.613730481894752
4035722.115445482;-10.426968947358382;-22.472929898922274;4.436125465666384;7.609835485897515
4036651.48179688;-10.444383108873891;-22.486410945211848;4.436095150752387;7.605932685585568
4037581.062167428;-10.46178527566154;-22.499872204462683;4.436064840002293;7.6020220887988526
4038510.85660641;-10.479175496146912;-22.51331373298751;4.436034533409215;7.598103703431384
4039440.865163125;-10.49655381850405;-22.52673558687134;4.436004230966678;7.59417753740061
4040371.087886879;-10.513920290629517;-22.54013782196552;4.435973932669525;7.590243598666478
4041301.524826992;-10.531274960199573;-22.553520493918434;4.4359436385103335;7.58630189520853
4042232.176032796;-10.548617874594694;-22.566883658141737;4.435913348483637;7.582352435063402
4043163.041553632;-10.565949080958443;-22.580227369832627;4.435883062583273;7.57839522629091
4044094.121438853;-10.583268626190819;-22.59355168397462;4.43585278080257;7.57443027698123
4045025.415737826;-10.600576556932102;-22.606856655323327;4.435822503136065;7.570457595255158
4045956.924499925;-10.61787291956789;-22.620142338433876;4.4357922295763785;7.566477189289605
4046888.647774539;-10.635157760239412;-22.633408787624045;4.435761960118797;7.5624890672658385
4047820.585611067;-10.652431124836575;-22.646656057017335;4.435731694756141;7.558493237424618
4048752.738058919;-10.669693059017657;-22.659884200517716;4.435701433482017;7.554489708018043
4049685.105167517;-10.686943608162107;-22.673093271807183;4.435671176291207;7.550478487353869
4050617.686986294;-10.704182817442442;-22.686283324370034;4.435640923176811;7.54645958375078
4051550.483564694;-10.72141073176468;-22.69945441147644;4.435610674132412;7.542433005579351
4052483.494952174;-10.738627395789335;-22.712606586177706;4.435580429152804;7.5383987612355705
4053416.721198201;-10.755832853958651;-22.72573990133055;4.4355501882310815;7.534356859140815
4054350.162352253;-10.773027150453025;-22.738854409578273;4.435519951361083;7.530307307764167
4055283.81846382;-10.790210329226042;-22.751950163358522;4.435489718536631;7.526250115595852
4056217.689582406;-10.807382433989376;-22.765027214903238;4.435459489751543;7.522185291162317
4057151.77575752;-10.82454350821384;-22.77808561623644;4.435429265000143;7.5181128430224575
4058086.07703869;-10.841693595143955;-22.791125419186756;4.435399044275777;7.514032779767028
4059020.593475449;-10.85883273778517;-22.804146675376337;4.435368827572266;7.509945110018901
4059955.325117345;-10.875960978921704;-22.817149436229805;4.435338614882974;7.505849842425128
4060890.272013937;-10.893078361072714;-22.830133752958986;4.435308406202915;7.501746985683358
4061825.434214794;-10.910184926560236;-22.84309967659588;4.4352782015244925;7.497636548511151
4062760.811769499;-10.92728071746677;-22.856047257956035;4.435248000842512;7.493518539646749
4063696.404727642;-10.944365775638168;-22.86897654766346;4.435217804151035;7.4893929678742595
4064632.21313883;-10.96144014270805;-22.881887596155785;4.4351876114426805;7.485259842005054
4065568.237052678;-10.978503860059995;-22.894780453661006;4.435157422712032;7.481119170888979
4066504.476518812;-10.995556968873219;-22.907655170217947;4.435127237952895;7.476970963391833
4067440.93158687;-11.012599510094706;-22.920511795671295;4.435097057159149;7.472815228417438
4068377.602306504;-11.029631524447295;-22.93335037967532;4.435066880324347;7.4686519749036755
4069314.488727374;-11.04665305244167;-22.946170971688666;4.43503670744259;7.4644812118044035
4070251.590899153;-11.063664134349548;-22.95897362098231;4.435006538507475;7.460302948125292
4071188.908871525;-11.080664810229495;-22.97175837663055;4.434976373513557;7.456117192887501
4072126.442694185;-11.097655119935336;-22.98452528753417;4.4349462124532195;7.451923955145611
4073064.192416842;-11.114635103085995;-22.997274402388005;4.434916055321314;7.4477232439806915
4074002.158089213;-11.131604799083824;-23.010005769709053;4.434885902111377;7.443515068513853
4074940.339761028;-11.148564247126654;-23.022719437825145;4.4348557528173;7.439299437881193
4075878.737482029;-11.165513486187237;-23.035415454879494;4.434825607432892;7.435076361259368
4076817.351301969;-11.182452555029778;-23.048093868828225;4.434795465952262;7.430845847846186
4077756.181270612;-11.199381492211273;-23.06075472744931;4.434765328368766;7.426607906869269
4078695.227437734;-11.216300336061467;-23.073398078336243;4.434735194675979;7.422362547598799
4079634.489853122;-11.233209124702864;-23.086023968891098;4.434705064868765;7.418109779319469
4080573.968566575;-11.25010789607008;-23.098632446347604;4.434674938940218;7.413849611337304
4081513.663627903;-11.266996687850456;-23.111223557750687;4.434644816884644;7.409582053015584
4082453.575086927;-11.283875537572335;-23.12379734997348;4.434614698695201;7.405307113705939
4083393.702993482;-11.300744482505232;-23.136353869702894;4.434584584366215;7.401024802831447
4084334.047397411;-11.317603559754506;-23.148893163452815;4.43455447389128;7.396735129807029
4085274.608348571;-11.334452806206691;-23.161415277560433;4.434524367264;7.392438104089742
4086215.385896829;-11.351292258527554;-23.17392025817821;4.434494264479198;7.388133735171457
4087156.380092064;-11.368121953209911;-23.18640815129669;4.434464165529781;7.383822032557001
4088097.590984168;-11.384941926522984;-23.198879002722542;4.4344340704100595;7.379503005789499
4089039.018623041;-11.401752214549834;-23.21133285809505;4.434403979113401;7.375176664431816
4089980.663058597;-11.418552853166437;-23.2237697628775;4.434373891633671;7.370843018077391
4090922.524340762;-11.435343878040767;-23.236189762356425;4.43434380796544;7.3665020763502165
4091864.602519472;-11.452125324650897;-23.24859290165389;4.434313728102327;7.362153848900663
4092806.897644675;-11.46889722829567;-23.260979225724707;4.434283652037444;7.357798345391592
4093749.40976633;-11.485659624057922;-23.273348779349007;4.434253579764667;7.353435575526417
4094692.138934409;-11.50241254681718;-23.285701607130864;4.434223511279046;7.349065549034637
4095635.085198895;-11.519156031289018;-23.298037753523474;4.4341934465729995;7.344688275661456
4096578.24860978;-11.535890111966044;-23.310357262795705;4.434163385641589;7.340303765188077
4097521.629217071;-11.552614823168003;-23.32266017906413;4.434133328477704;7.335912027418426
4098465.227070785;-11.569330199011237;-23.334946546271922;4.434103275075458;7.331513072185226
4099409.04222095;-11.586036273424018;-23.347216408196164;4.434073225429152;7.327106909342998
4100353.074717606;-11.602733080165514;-23.359469808458726;4.434043179531745;7.322693548761466
4101297.324610806;-11.619420652781226;-23.37170679050487;4.434013137378248;7.318273000345391
4102241.791950612;-11.636099024626814;-23.383927397630877;4.433983098961579;7.313845274042486
4103186.4767871;-11.652768228899804;-23.396131672965375;4.433953064275612;7.309410379789959
4104131.379170354;-11.669428298585542;-23.408319659471243;4.433923033314902;7.3049683275707995
4105076.499150474;-11.686079266497378;-23.4204913999621;4.433893006072375;7.300519127392348
4106021.836777567;-11.702721165257358;-23.43264693707965;4.433862982542845;7.296062789279444
4106967.392101756;-11.719354027313784;-23.4447863133177;4.433832962719481;7.291599323284434
4107913.165173172;-11.735977884924182;-23.4569095710046;4.433802946596584;7.287128739483837
4108859.15604196;-11.752592770166498;-23.469016752318545;4.433772934167316;7.282651047984732
4109805.364758275;-11.769198714952617;-23.481107899275734;4.433742925425813;7.2781662588973015
4110751.791372284;-11.785795750987305;-23.493183053733375;4.433712920366631;7.273674382379439
4111698.435934165;-11.802383909828118;-23.505242257405577;4.43368291898243;7.26917542859503
4112645.298494109;-11.818963222821917;-23.517285551838686;4.433652921268069;7.2646694077487
4113592.379102317;-11.835533721173988;-23.529312978434582;4.433622927216913;7.260156330043683
4114539.677809003;-11.852095435887307;-23.54132457843746;4.43359293682309;7.255636205727065
4115487.194664391;-11.868648397798951;-23.553320392943917;4.433562950079972;7.251109045064993
4116434.929718718;-11.885192637577116;-23.565300462891923;4.43353296698216;7.246574858332648
4117382.883022232;-11.90172818571276;-23.577264829077023;4.433502987522808;7.2420336558414515
4118331.054625192;-11.918255072514846;-23.58921353213915;4.433473011696028;7.237485447928278
4119279.444577869;-11.934773328134584;-23.60114661256901;4.433443039495911;7.232930244938513
4120228.052930546;-11.951282982550103;-23.613064110712514;4.433413070915877;7.22836805724654
4121176.879733518;-11.967784065565269;-23.624966066763562;4.4333831059500275;7.223798895248267
4122125.925037089;-11.984276606816337;-23.63685252076997;4.433353144592252;7.219222769361381
4123075.188891578;-12.000760635771606;-23.64872351263321;4.433323186836405;7.2146396900252
4124024.671347314;-12.017236181736994;-23.66057908210979;4.4332932326761405;7.2100496676966515
4124974.372454637;-12.033703273832046;-23.67241926880876;4.433263282105547;7.205452712871162
4125924.292263899;-12.050161941041997;-23.684244112194918;4.433233335118552;7.200848836034366
4126874.430825463;-12.066612212171526;-23.69605365159327;4.433203391708485;7.196238047713259
4127824.788189707;-12.083054115846426;-23.70784792617841;4.433173451869765;7.19162035846222
4128775.364407015;-12.099487680559516;-23.719626974985175;4.433143515596483;7.186995778829175
4129726.159527788;-12.11591293461451;-23.731390836909387;4.433113582882045;7.182364319412834
4130677.173602435;-12.132329906174737;-23.74313955070641;4.433083653719837;7.1777259908118385
4131628.406681378;-12.148738623218842;-23.754873154982107;4.433053728104721;7.17308080365854
4132579.858815051;-12.165139113594199;-23.76659168820932;4.433023806030337;7.168428768584787
4133531.530053898;-12.181531404970372;-23.778295188725767;4.43299388748959;7.163769896265807
4134483.420448376;-12.197915524849229;-23.789983694716753;4.432963972477807;7.159104197389721
4135435.530048953;-12.214291500605476;-23.801657244243934;4.432934060987694;7.154431682650762
4136387.858906109;-12.230659359432023;-23.813315875221484;4.432904153013823;7.149752362775641
4137340.407070336;-12.247019128379415;-23.824959625432818;4.432874248549603;7.145066248503802
4138293.174592137;-12.26337083432703;-23.83658853251985;4.432844347589433;7.140373350603389
4139246.161522027;-12.279714504019406;-23.848202633997104;4.432814450126209;7.135673679851489
4140199.367910532;-12.29605016403143;-23.859801967233363;4.4327845561547745;7.130967247047159
4141152.793808189;-12.312377840799511;-23.87138656946954;4.432754665668794;7.126254063001233
4142106.43926555;-12.328697560591337;-23.88295647781293;4.432724778661894;7.121534138559699
4143060.304333174;-12.345009349531626;-23.894511729236207;4.4326948951279865;7.116807484576592
4144014.389061635;-12.361313233606603;-23.906052360578517;4.432665015061178;7.11207411191074
4144968.693501518;-12.377609238632166;-23.917578408549236;4.432635138455131;7.10733403146194
4145923.217703419;-12.39389739028189;-23.929089909723928;4.432605265303976;7.102587254138059
4146877.961717945;-12.410177714089377;-23.940586900551395;4.432575395601117;7.097833790860902
4147832.925595717;-12.426450235434078;-23.952069417344966;4.4325455293409375;7.093073652569948
4148788.109387365;-12.442714979538875;-23.963537496293796;4.43251566651684;7.0883068502380775
4149743.513143532;-12.458971971506315;-23.974991173455056;4.432485807122708;7.083533394826028
4150699.136914873;-12.47522123626033;-23.986430484754166;4.432455951153166;7.078753297340667
4151654.980752055;-12.491462798619676;-23.997855465997194;4.432426098601144;7.0739665687763775
4152611.044705755;-12.50769668322123;-24.009266152853037;4.4323962494615055;7.069173220170302
4153567.328826661;-12.5239229145742;-24.020662580874053;4.432366403727172;7.06437326257268
4154523.833165477;-12.540141517050994;-24.032044785477567;4.432336561392768;7.059566707033808
4155480.557772913;-12.556352514883134;-24.043412801964227;4.432306722451219;7.054753564629874
4156437.502699697;-12.572555932142356;-24.054766665499564;4.4322768868973865;7.049933846459818
4157394.667996563;-12.58875179278602;-24.066106411132374;4.4322470547246935;7.045107563621658
4158352.053714259;-12.604940120612202;-24.07743207378509;4.4322172259270305;7.040274727245858
4159309.659903544;-12.62112093929172;-24.088743688255356;4.432187400498543;7.035435348465093
4160267.486615192;-12.637294272341;-24.10004128922092;4.432157578432873;7.030589438447041
4161225.533899983;-12.653460143166503;-24.11132491123577;4.432127759723944;7.0257370083453194
4162183.801808713;-12.669618575008691;-24.122594588732383;4.432097944365644;7.020878069358044
4163142.290392189;-12.685769590998552;-24.133850356022315;4.43206813235188;7.016012632671879
4164100.999701228;-12.70191321410526;-24.145092247296226;4.4320383236765295;7.011140709514438
4165059.929786661;-12.71804946719074;-24.156320296626077;4.432008518333287;7.006262311102052
4166019.080699328;-12.73417837295822;-24.167534537959924;4.431978716316754;7.001377448684948
4166978.452490082;-12.750299953988783;-24.17873500513576;4.4319489176196285;6.996486133527348
4167938.04520979;-12.766414232736118;-24.189921731861745;4.431919122237035;6.9915883768885925
4168897.858909327;-12.782521231519839;-24.20109475173966;4.431889330161671;6.98668419005815
4169857.893639582;-12.798620972515021;-24.2122540982426;4.431859541388635;6.981773584338945
4170818.149451455;-12.814713477780003;-24.22339980473579;4.431829755911092;6.976856571044694
4171778.626395857;-12.830798769243664;-24.234531904465765;4.431799973722768;6.97193316149934
4172739.324523713;-12.846876868693984;-24.245650430558776;4.4317701948182355;6.967003367046557
4173700.243885956;-12.862947797808388;-24.256755416032934;4.431740419190687;6.962067199033857
4174661.384533535;-12.879011578117812;-24.26784689378641;4.4317106468343;6.957124668834299
4175622.746517409;-12.895068231031326;-24.278924896602476;4.431680877743419;6.952175787827734
4176584.329888546;-12.911117777842538;-24.289989457157017;4.431651111911045;6.947220567403434
4177546.134697931;-12.927160239711311;-24.301040608006236;4.431621349331524;6.942259018963402
4178508.160996556;-12.943195637670327;-24.31207838159456;4.431591589999008;6.937291153925232
4179470.408835427;-12.959223992618899;-24.32310281025735;4.4315618339069545;6.932316983731495
4180432.878265562;-12.97524532535759;-24.334113926212844;4.43153208104998;6.92733651980527
4181395.569337989;-12.991259656545646;-24.345111761576675;4.4315023314208055;6.9223497736102235
4182358.482103751;-13.007267006717548;-24.356096348344;4.431472585014269;6.91735675661218
4183321.616613898;-13.023267396296362;-24.367067718406027;4.4314428418238485;6.912357480285818
4184284.972919496;-13.039260845574;-24.378025903541012;4.43141310184366;6.90735195612335
4185248.551071621;-13.05524737472381;-24.388970935419863;4.431383365067406;6.902340195628648
4186212.351121361;-13.071227003816983;-24.399902845603926;4.43135363148898;6.897322210297961
4187176.373119816;-13.08719975277209;-24.4108216655445;4.431323901102553;6.892298011669854
4188140.617118096;-13.103165641410632;-24.421727426587644;4.431294173901794;6.887267611275223
4189105.083167326;-13.1191246894363;-24.432620159969872;4.431264449880841;6.88223102065273
4190069.77131864;-13.135076916427701;-24.44349989682457;4.43123472903292;6.877188251363947
4191034.681623185;-13.151022341849995;-24.454366668171485;4.43120501135289;6.872139314968601
4191999.814132119;-13.166960985047158;-24.4652205049307;4.431175296834197;6.867084223049344
4192965.168896614;-13.18289286525851;-24.4760614379155;4.431145585470516;6.862022987186477
4193930.74596785;-13.198818001600989;-24.486889497833424;4.4311158772557535;6.856955618976678
4194896.545397023;-13.214736413070511;-24.4977047152845;4.431086172184345;6.851882130029648
4195862.567235337;-13.230648118557022;-24.508507120768584;4.431056470249926;6.846802531961632
4196828.81153401;-13.24655313683957;-24.519296744681412;4.4310267714461755;6.841716836395668
4197795.278344272;-13.262451486576893;-24.53007361731411;4.430997075767072;6.83662505497014
4198761.967717363;-13.278343186320749;-24.540837768854303;4.430967383206729;6.831527199326826
4199728.879704536;-13.294228254506386;-24.55158922938837;4.430937693759063;6.82642328112292
4200696.014357056;-13.310106709463609;-24.562328028902417;4.430908007417552;6.821313312021259
4201663.371726201;-13.325978569411358;-24.573054197276008;4.430878324176817;6.816197303687837
4202630.951863257;-13.34184385245901;-24.58376776429517;4.430848644029812;6.811075267806349
4203598.754819525;-13.357702576603867;-24.594468759635628;4.430818966971682;6.80594721606008
