frequency;user0 (gain);user1 (gain);user2 (gain);user3 (gain)
3000000.0;-24.273037277763937;-36.16871133623946;4.48076549638856;7.414908562086966
3000690.855062474;-24.258450547841342;-36.15594819464361;4.480724632523123;7.416773014279143
3001381.86921852;-24.24384613323617;-36.14316779573389;4.480683781600644;7.418637880897078
3002073.042504776;-24.229223990479877;-36.130370092720355;4.4806429436139785;7.420503158626507
3002764.374957887;-24.21458407593387;-36.117555038653094;4.480602118554577;7.422368844164645
3003455.866614505;-24.199926345798445;-36.10472258639697;4.480561306414303;7.424234934184222
3004147.517511295;-24.18525075607373;-36.091872688625564;4.48052050718584;7.426101425365993
3004839.327684925;-24.170557262617688;-36.079005297837796;4.480479720861318;7.427968314358787
3005531.297172076;-24.155845821098495;-36.066120366350766;4.480438947432896;7.429835597819375
3006223.426009434;-24.141116387029054;-36.053217846305046;4.48039818689222;7.431703272383769
3006915.714233696;-24.126368915733583;-36.04029768964304;4.480357439231978;7.433571334677484
3007608.161881567;-24.11160336235513;-36.02735984812982;4.4803167044442995;7.4354397813303885
3008300.768989758;-24.096819681897152;-36.01440427335116;4.480275982520879;7.437308608933137
3008993.535594992;-24.08201782913592;-36.00143091669608;4.4802352734541095;7.439177814106045
3009686.461733998;-24.067197758702665;-35.98843972936558;4.480194577236415;7.441047393426505
3010379.547443514;-24.0523594250514;-35.97543066237985;4.4801538938597;7.442917343468748
3011072.792760287;-24.03750278244513;-35.96240366656198;4.480113223316406;7.444787660800443
3011766.197721072;-24.022627784975086;-35.94935869255919;4.480072565597949;7.446658341986145
3012459.762362634;-24.00773438653283;-35.93629569080291;4.480031920697489;7.448529383572586
3013153.486721743;-23.992822540864847;-35.92321461155345;4.479991288606726;7.4504007820818785
3013847.37083518;-23.9778922015066;-35.91011540487844;4.479950669317316;7.4522725340545275
3014541.414739735;-23.96294332180481;-35.89699802062972;4.479910062822454;7.454144636002451
3015235.618472205;-23.947975854945142;-35.88386240848958;4.479869469113558;7.45601708443088
3015929.982069396;-23.932989753916033;-35.87070851792981;4.479828888183074;7.4578898758307135
3016624.505568123;-23.91798497152013;-35.85753629822945;4.479788320023173;7.45976300668614
3017319.189005208;-23.902961460358068;-35.844345698465915;4.479747764626297;7.461636473481551
3018014.032417483;-23.887919172886622;-35.83113666753232;4.479707221983896;7.463510272661803
3018709.035841787;-23.872858061317718;-35.81790915410057;4.479666692088896;7.465384400693952
3019404.19931497;-23.8577780777184;-35.80466310666014;4.47962617493299;7.467258854008751
3020099.522873887;-23.842679173938237;-35.791398473491284;4.479585670508402;7.469133629044652
3020795.006555405;-23.82756130163497;-35.77811520266506;4.479545178807787;7.471008722222314
3021490.650396396;-23.81242441229255;-35.76481324206311;4.479504699822857;7.472884129947706
3022186.454433744;-23.797268457189364;-35.751492539355226;4.479464233545828;7.474759848620032
3022882.41870434;-23.78209338739389;-35.738153041994806;4.479423779969634;7.476635874631286
3023578.543245082;-23.766899153818027;-35.72479469725864;4.4793833390852065;7.478512204355411
3024274.828092878;-23.75168570714385;-35.711417452185046;4.479342910885568;7.480388834155627
3024971.273284645;-23.736452997858827;-35.6980212536204;4.479302495362629;7.482265760398939
3025667.878857308;-23.72120097626482;-35.68460604819319;4.479262092508845;7.484142979419522
3026364.644847799;-23.705929592457142;-35.671171782328784;4.479221702316195;7.486020487555446
3027061.571293061;-23.690638796322595;-35.657718402230074;4.479181324777369;7.487898281130104
3027758.658230043;-23.67532853756579;-35.644245853905815;4.479140959883866;7.48977635645616
3028455.905695706;-23.659998765669684;-35.63075408313662;4.479100607628106;7.4916547098388335
3029153.313727016;-23.644649429931;-35.617243035491235;4.479060268002372;7.493533337557864
3029850.882360949;-23.62928047941335;-35.60371265632011;4.479019940999074;7.495412235907686
3030548.611634489;-23.613891863010966;-35.59016289076344;4.478979626610214;7.497291401142253
3031246.501584629;-23.59848352938243;-35.57659368374079;4.478939324827996;7.499170829530362
3031944.552248371;-23.58305542699181;-35.56300497995157;4.478899035644683;7.501050517315083
3032642.763662725;-23.567607504096305;-35.54939672387691;4.478858759052453;7.5029304607281535
3033341.135864709;-23.55213970874179;-35.535768859779225;4.478818495043334;7.5048106559940955
3034039.66889135;-23.536651988732537;-35.52212133168063;4.478778243610515;7.506691099337578
3034738.362779683;-23.52114429173476;-35.508454083417995;4.478738004744764;7.508571786938472
3035437.217566754;-23.505616565112412;-35.494767058565515;4.478697778439294;7.510452715013809
3036136.233289613;-23.490068756084554;-35.481060200495456;4.478657564685856;7.5123338797250465
3036835.409985323;-23.474500811608632;-35.46733345233409;4.478617363477408;7.5142152772480495
3037534.747690952;-23.4589126784645;-35.45358675700314;4.478577174805473;7.516096903733166
3038234.246443579;-23.44330430318875;-35.43982005718827;4.478536998662042;7.51797875533748
3038933.906280292;-23.427675632097372;-35.42603329532967;4.478496835040089;7.519860828192209
3039633.727238184;-23.41202661131042;-35.41222641365193;4.478456683931634;7.521743118409874
3040333.709354361;-23.396357186705426;-35.398399354147905;4.478416545328657;7.523625622113823
3041033.852665933;-23.380667303945152;-35.38455205857345;4.478376419223412;7.525508335404885
3041734.157210023;-23.36495690846442;-35.370684468442064;4.478336305608645;7.527391254368995
3042434.62302376;-23.349225945491376;-35.356796525051394;4.478296204475861;7.529274375084155
3043135.25014428;-23.33347435999553;-35.34288816943465;4.478256115818319;7.5311576936207985
3043836.038608732;-23.31770209676542;-35.328959342419296;4.478216039627288;7.533041206026586
3044536.98845427;-23.30190910032627;-35.315009984577884;4.478175975895024;7.534924908356593
3045238.099718058;-23.286095314984387;-35.301040036227185;4.478135924614738;7.5368087966280575
3045939.372437268;-23.270260684830625;-35.287049437477435;4.478095885777536;7.538692866869275
3046640.80664908;-23.25440515368819;-35.27303812815789;4.47805585937684;7.540577115092861
3047342.402390684;-23.23852866520057;-35.25900604789347;4.4780158454037275;7.54246153728917
3048044.159699279;-23.222631162729556;-35.24495313603226;4.47797584385118;7.544346129451521
3048746.07861207;-23.206712589429785;-35.230879331688065;4.4779358547114825;7.546230887546793
3049448.159166272;-23.190772888213562;-35.216784573731715;4.477895877976657;7.548115807541503
3050150.401399109;-23.17481200176031;-35.20266880078561;4.477855913638729;7.55000088538658
3050852.805347814;-23.158829872502125;-35.18853195121028;4.477815961690453;7.5518861170177045
3051555.371049626;-23.14282644263676;-35.17437396312681;4.477776022123898;7.553771498366153
3052258.098541796;-23.126801654122403;-35.16019477440149;4.4777360949313;7.555657025347787
3052960.987861581;-23.110755448674357;-35.14599432264594;4.477696180104958;7.557542693866626
3053664.039046248;-23.094687767776932;-35.131772545221466;4.477656277636916;7.559428499807611
3054367.252133071;-23.078598552643154;-35.11752937922169;4.477616387519932;7.561314439058611
3055070.627159335;-23.06248774425589;-35.10326476149049;4.477576509746306;7.563200507488295
3055774.164162331;-23.046355283361166;-35.088978628622314;4.477536644307836;7.565086700953312
3056477.863179361;-23.03020111045653;-35.074670916947866;4.477496791196539;7.566973015294795
3057181.724247734;-23.014025165768075;-35.0603415625193;4.477456950405486;7.568859446345739
3057885.747404767;-22.997827389286716;-35.045990501144324;4.477417121926683;7.570745989930922
3058589.932687787;-22.981607720752848;-35.03161766835735;4.477377305752711;7.572632641851787
3059294.28013413;-22.965366099653913;-35.01722299944217;4.477337501875339;7.574519397912916
3059998.78978114;-22.949102465225447;-35.00280642941134;4.477297710286644;7.576406253899255
3060703.461666168;-22.93281675644538;-34.988367892997424;4.477257930979394;7.578293205572648
3061408.295826576;-22.916508912008435;-34.97390732466364;4.477218163946417;7.580180248708791
3062113.292299733;-22.90017887040698;-34.95942465863851;4.477178409178505;7.582067379053021
3062818.451123018;-22.883826569822013;-34.94491982882236;4.4771386666697115;7.583954592330629
3063523.772333817;-22.867451948214352;-34.93039276889895;4.477098936410861;7.585841884273733
3064229.255969526;-22.851054943237482;-34.915843412234956;4.477059218395251;7.587729250602226
3064934.902067548;-22.83463549233639;-34.90127169195219;4.4770195126144365;7.589616687001365
3065640.710665297;-22.818193532641704;-34.88667754087325;4.476979819061249;7.591504189170291
3066346.681800194;-22.801729001046404;-34.87206089155179;4.476940137727986;7.593391752777401
3067052.815509668;-22.78524183417398;-34.85742167627032;4.476900468606486;7.595279373489852
3067759.111831157;-22.768731968366215;-34.842759827018156;4.476860811689283;7.59716704696266
3068465.570802111;-22.75219933969548;-34.8280752754922;4.476821166969475;7.5990547688272585
3069172.192459983;-22.735643883993877;-34.81336795314209;4.476781534438129;7.600942534710088
3069878.976842238;-22.7190655367874;-34.79863779110102;4.476741914088077;7.602830340225543
3070585.923986349;-22.702464233335036;-34.783884720229274;4.476702305911377;7.604718180982861
3071293.033929798;-22.68583990861221;-34.76910867108104;4.47666270990111;7.6066060525677255
3072000.306710076;-22.669192497336674;-34.75430957393933;4.476623126049349;7.608493950553311
3072707.74236468;-22.65252193394936;-34.73948735880511;4.4765835543477035;7.610381870508043
3073415.340931118;-22.635828152591614;-34.72464195536096;4.476543994789236;7.612269807980105
3074123.102446908;-22.619111087134357;-34.70977329301319;4.47650444736604;7.614157758512803
3074831.026949572;-22.6023706711779;-34.69488130087364;4.476464912070193;7.616045717625543
3075539.114476646;-22.585606838009767;-34.679965907748375;4.476425388894293;7.6179336808443185
3076247.36506567;-22.568819520659787;-34.66502704214994;4.476385877830669;7.61982164365948
3076955.778754196;-22.55200865184742;-34.650064632287254;4.476346378871915;7.6217096015679155
3077664.355579783;-22.535174164038484;-34.63507860608681;4.47630689200964;7.623597550038684
3078373.095579999;-22.518315989370304;-34.62006889115388;4.476267417236436;7.625485484547148
3079081.998792421;-22.501434059702827;-34.6050354147815;4.476227954545368;7.6273734005333
3079791.065254633;-22.484528306616504;-34.58997810398404;4.476188503928077;7.629261293439464
3080500.295004231;-22.467598661387967;-34.57489688545629;4.476149065376888;7.631149158691436
3081209.688078817;-22.45064505498982;-34.5597916855842;4.476109638884181;7.633036991710202
3081919.244516001;-22.43366741811642;-34.54466243043963;4.476070224442537;7.634924787880676
3082628.964353404;-22.416665681143492;-34.529509045782355;4.476030822044572;7.636812542594288
3083338.847628655;-22.39963977416523;-34.51433145708408;4.475991431681635;7.638700251237216
3084048.894379391;-22.382589626951134;-34.499129589458434;4.475952053347338;7.640587909159962
3084759.104643257;-22.36551516899833;-34.483903367746585;4.475912687033047;7.642475511715208
3085469.478457909;-22.348416329473878;-34.46865271644813;4.475873332731378;7.644363054242879
3086180.01586101;-22.331293037250497;-34.453377559744084;4.475833990434943;7.6462505320586445
3086890.716890231;-22.314145220895114;-34.43807782150366;4.475794660135862;7.648137940472689
3087601.581583253;-22.29697280866163;-34.42275342527034;4.47575534182651;7.650025274782205
3088312.609977766;-22.279775728480683;-34.407404294262996;4.47571603549925;7.651912530283064
3089023.802111468;-22.26255390798777;-34.39203035136581;4.475676741146942;7.653799702231099
3089735.158022066;-22.245307274516325;-34.37663151916566;4.4756374587609855;7.655686785888356
3090446.677747273;-22.22803575504321;-34.36120771988175;4.475598188334731;7.657573776503812
3091158.361324816;-22.210739276274253;-34.34575887544709;4.475558929859342;7.659460669313491
3091870.208792426;-22.19341776456136;-34.33028490741434;4.4755196833284066;7.661347459524573
3092582.220187845;-22.17607114595294;-34.31478573703736;4.475480448733824;7.663234142350603
3093294.395548823;-22.158699346174664;-34.299261285219465;4.475441226068242;7.665120712976554
3094006.734913119;-22.141302290637974;-34.283711472554415;4.475402015323022;7.667007166593428
3094719.2383185;-22.123879904399292;-34.268136219250664;4.475362816491822;7.668893498359549
3095431.905802743;-22.106432112223917;-34.25253544521829;4.475323629566263;7.670779703428111
3096144.737403632;-22.088958838528065;-34.23690907000576;4.475284454538999;7.672665776938689
3096857.733158961;-22.071460007407488;-34.22125701282371;4.4752452914023975;7.6745517140138295
3097570.893106532;-22.053935542608425;-34.20557919253203;4.47520614014914;7.67643750977446
3098284.217284157;-22.03638536757613;-34.18987552767087;4.475167000770605;7.678323159324135
3098997.705729655;-22.01880940540109;-34.174145936391255;4.475127873260172;7.680208657729991
3099711.358480855;-22.001207578821827;-34.15839033652004;4.475088757610011;7.682094000088197
3100425.175575593;-21.98357981027928;-34.14260864552708;4.475049653812522;7.683979181435278
3101139.157051716;-21.96592602184927;-34.12680078054523;4.4750105618593565;7.6858641968366035
3101853.302947078;-21.948246135255566;-34.11096665831668;4.474971481743916;7.687749041317195
3102567.613299542;-21.930540071899856;-34.09510619524714;4.474932413458607;7.689633709888675
3103282.088146981;-21.912807752833444;-34.07921930740069;4.474893356995079;7.691518197572167
3103996.727527275;-21.89504909876524;-34.06330591045953;4.474854312346009;7.693402499348284
3104711.531478313;-21.87726403004575;-34.047365919745445;4.474815279504041;7.69528661019565
3105426.500037994;-21.859452466681617;-34.03139925022628;4.474776258461376;7.697170525083283
3106141.633244225;-21.841614328331893;-34.015405816500966;4.4747372492103725;7.699054238958701
3106856.931134921;-21.82374953428933;-33.99938553280045;4.474698251743494;7.700937746767629
3107572.393748007;-21.80585800350134;-33.9833383129774;4.474659266053619;7.702821043422446
3108288.021121415;-21.78793965456191;-33.96726407053986;4.474620292132455;7.704704123845496
3109003.813293088;-21.769994405708868;-33.95116271860344;4.474581329972663;7.706586982921908
3109719.770300976;-21.75202217480182;-33.935034169914935;4.474542379566659;7.708469615546458
3110435.892183039;-21.734022879362037;-33.91887833684574;4.474503440906885;7.710352016576819
3111152.178977245;-21.715996436533413;-33.90269513139521;4.474464513985501;7.7122341808762975
3111868.630721569;-21.697942763079535;-33.88648446516205;4.474425598795694;7.7141161032868135
3112585.247453998;-21.679861775438958;-33.870246249396594;4.474386695329144;7.71599777862849
3113302.029212527;-21.66175338964304;-33.85398039494483;4.4743478035785325;7.717879201723253
3114018.976035158;-21.64361752136592;-33.83768681227366;4.474308923536285;7.719760367371457
3114736.087959902;-21.625454085917365;-33.82136541146379;4.474270055194859;7.721641270351559
3115453.365024782;-21.607262998222904;-33.80501610221326;4.4742311985464305;7.723521905443923
3116170.807267825;-21.589044172840232;-33.788638793819366;4.474192353583696;7.725402267395436
3116888.414727069;-21.57079752392814;-33.77223339519339;4.474153520299092;7.727282350966157
3117606.187440563;-21.552522965298326;-33.755799814858165;4.474114698684815;7.7291621508750215
3118324.125446361;-21.53422041034517;-33.73933796092541;4.474075888733793;7.731041661846446
3119042.228782528;-21.51588977211802;-33.72284774113124;4.474037090437974;7.732920878575243
3119760.497487136;-21.49753096325781;-33.7063290628013;4.473998303789858;7.734799795753634
3120478.931598268;-21.479143896013667;-33.68978183285597;4.473959528782073;7.736678408060228
3121197.531154014;-21.460728482265008;-33.67320595781175;4.4739207654073665;7.73855671013938
3121916.296192473;-21.442284633497735;-33.65660134381571;4.473882013656955;7.740434696661016
3122635.226751755;-21.423812260780966;-33.63996789653958;4.473843273524994;7.742312362233622
3123354.322869976;-21.405311274824122;-33.623305521321264;4.473804545002476;7.744189701494662
3124073.584585261;-21.38678158593458;-33.6066141230488;4.473765828082107;7.746066709032114
3124793.011935744;-21.368223103973733;-33.58989360617465;4.473727122757588;7.74794337944333
3125512.604959571;-21.34963573847219;-33.573143874795846;4.473688429020124;7.749819707303532
3126232.363694892;-21.331019398534504;-33.55636483257015;4.47364974686197;7.751695687173665
3126952.288179868;-21.31237399283382;-33.53955638270318;4.473611076276795;7.753571313592566
3127672.378452669;-21.293699429680967;-33.52271842803346;4.473572417256089;7.755446581096402
3128392.634551474;-21.274995616938817;-33.505850870942886;4.473533769792823;7.757321484211244
3129113.056514469;-21.256262462102526;-33.48895361341433;4.473495133878966;7.759196017432835
3129833.644379851;-21.237499872223818;-33.47202655698173;4.473456509507479;7.761070175250438
3130554.398185825;-21.218707753967927;-33.45506960278093;4.473417896670116;7.762943952142888
3131275.317970604;-21.199886013561915;-33.43808265148469;4.473379295360072;7.764817342562701
3131996.403772411;-21.18103455682361;-33.42106560335708;4.473340705569596;7.766690340963869
3132717.655629477;-21.16215328915395;-33.40401835821928;4.4733021272914035;7.768562941773931
3133439.073580041;-21.14324211555184;-33.386940815475235;4.473263560517479;7.770435139405922
3134160.657662353;-21.12430094055895;-33.36983287407384;4.473225005240572;7.772306928274324
3134882.407914671;-21.10532966833064;-33.3526944325387;4.473186461452892;7.774178302755167
3135604.324375261;-21.08632820256734;-33.3355253889404;4.473147929147213;7.776049257225841
3136326.407082397;-21.067296446546038;-33.31832564090751;4.4731094083162395;7.77791978604523
3137048.656074366;-21.04823430314644;-33.30109508565539;4.473070898951478;7.779789883557472
3137771.071389458;-21.02914167476961;-33.283833619904236;4.473032401046421;7.781659544088205
3138493.653065976;-21.01001846339667;-33.26654113995054;4.472993914593551;7.7835287619603175
3139216.40114223;-20.990864570603062;-33.249217541654026;4.47295543958487;7.785397531466096
3139939.31565654;-20.97167989750811;-33.231862720415826;4.472916976012637;7.78726584689508
3140662.396647234;-20.952464344771066;-33.21447657115921;4.472878523870081;7.7891337025180585
3141385.64415265;-20.933217812653506;-33.19705898838959;4.47284008314897;7.7910010925871145
3142109.058211131;-20.913940200926554;-33.17960986611676;4.47280165384254;7.7928680113476725
3142832.638861035;-20.894631408966163;-33.162129097934645;4.472763235942343;7.794734453026138
3143556.386140724;-20.875291335656115;-33.14461657692816;4.4727248294417965;7.796600411830243
3144280.30008857;-20.855919879456852;-33.127072195746976;4.4726864343332275;7.798465881956896
3145004.380742954;-20.83651693838377;-33.10949584658451;4.47264805060865;7.800330857592087
3145728.628142267;-20.81708240998848;-33.091887421148286;4.4726096782607865;7.802195332899017
3146453.042324908;-20.797616191359097;-33.07424681067536;4.472571317282423;7.804059302033841
3147177.623329283;-20.7781181791537;-33.056573905953236;4.472532967665559;7.805922759133973
3147902.37119381;-20.758588269549413;-33.03886859726249;4.472494629403477;7.8077856983096074
3148627.285956915;-20.73902635827737;-33.02113077444965;4.472456302487944;7.8096481136843385
3149352.36765703;-20.71943234060423;-33.00336032685844;4.47241798691172;7.811509999342491
3150077.616332601;-20.699806111332187;-32.98555714336101;4.472379682667313;7.813371349361507
3150803.032022077;-20.680147564801132;-32.967721112348094;4.472341389747297;7.815232157799671
3151528.614763921;-20.660456594887616;-32.94985212174367;4.472303108143663;7.81709241871239
3152254.364596601;-20.64073309495476;-32.93195005893299;4.472264837850411;7.818952126127817
3152980.281558597;-20.62097695798692;-32.914014810915965;4.472226578857878;7.820811274071166
3153706.365688396;-20.601188076399666;-32.896046264084895;4.472188331160809;7.822669856524418
3154432.617024493;-20.581366342202635;-32.87804430444337;4.472150094750243;7.824527867490488
3155159.035605394;-20.561511646899536;-32.860008817455466;4.4721118696189635;7.8263853009369715
3155885.621469614;-20.54162388151715;-32.841939688093525;4.472073655759751;7.828242150816625
3156612.374655674;-20.521702936600484;-32.823836800840176;4.472035453165146;7.830098411074545
3157339.295202107;-20.501748702218137;-32.80570003968277;4.471997261827688;7.8319540756369355
3158066.383147453;-20.481761067956704;-32.78752928811501;4.471959081739679;7.83380913841863
3158793.638530262;-20.461739922921236;-32.769324429118385;4.471920912893897;7.835663593303256
3159521.061389092;-20.441685155719597;-32.75108534517737;4.471882755282887;7.837517434174892
3160248.65176251;-20.421596654496238;-32.732811918301294;4.471844608898213;7.839370654906842
3160976.409689092;-20.401474306841703;-32.71450402991645;4.47180647373415;7.841223249340597
3161704.335207424;-20.3813179999252;-32.69616156102556;4.471768349782;7.843075211318357
3162432.428356098;-20.361127620394956;-32.6777843920729;4.471730237034815;7.844926534643134
3163160.689173719;-20.340903054393543;-32.65937240301294;4.471692135484906;7.846777213134494
3163889.117698897;-20.32064418757472;-32.64092547327217;4.471654045125072;7.848627240572367
3164617.713970253;-20.300350905104153;-32.62244348178519;4.471615965947378;7.850476610733663
3165346.478026417;-20.280023091644054;-32.60392630695585;4.471577897944375;7.852325317367416
3166075.409906027;-20.25966063132295;-32.58537382664761;4.471539841109358;7.8541733542153045
3166804.50964773;-20.239263407775397;-32.566785918233876;4.4715017954346505;7.856020715023827
3167533.777290182;-20.218831304192854;-32.548162458580386;4.471463760912073;7.857867393475458
3168263.212872048;-20.198364203178436;-32.52950332399457;4.471425737534702;7.859713383281436
3168992.816432002;-20.177861986853447;-32.51080839026615;4.471387725295315;7.861558678117389
3169722.588008727;-20.15732453683551;-32.49207753267314;4.471349724186248;7.863403271651385
3170452.527640915;-20.136751734241322;-32.47331062596501;4.471311734199851;7.8652471575238465
3171182.635367267;-20.116143459644814;-32.45450754434926;4.471273755328895;7.867090329375555
3171912.911226491;-20.095499593121808;-32.43566816149964;4.471235787566225;7.868932780811608
3172643.355257307;-20.07482001422042;-32.41679235057435;4.471197830904169;7.870774505449757
3173373.967498442;-20.05410460200936;-32.39787998420376;4.471159885334803;7.8726154968595985
3174104.747988631;-20.033353234978616;-32.378930934453194;4.47112195085121;7.874455748623365
3174835.696766622;-20.012565791129333;-32.359945072859006;4.4710840274461985;7.876295254283471
3175566.813871167;-19.991742147953598;-32.34092227045561;4.47104611511138;7.878134007390624
3176298.099341029;-19.97088218235397;-32.321862397662535;4.4710082138408165;7.879972001467746
3177029.553214981;-19.949985770818042;-32.302765324449474;4.470970323625593;7.881809230005837
3177761.175531804;-19.929052789193673;-32.283630920165336;4.470932444459329;7.8836456865123345
3178492.966330287;-19.90808311287485;-32.264459053663764;4.470894576334049;7.885481364454858
3179224.925649229;-19.887076616699805;-32.245249593242974;4.470856719242162;7.887316257301002
3179957.053527439;-19.866033174969253;-32.22600240662467;4.470818873176959;7.889150358478458
3180689.350003732;-19.84495266145849;-32.20671736102049;4.470781038130564;7.890983661431427
3181421.815116935;-19.82383494941874;-32.18739432307816;4.470743214095564;7.892816159563854
3182154.448905881;-19.80267991154987;-32.16803315888656;4.470705401064803;7.894647846271885
3182887.251409415;-19.78148742003689;-32.14863373400706;4.470667599030376;7.896478714939802
3183620.222666388;-19.760257346499095;-32.12919591340843;4.470629807985632;7.898308758923697
3184353.362715662;-19.738989562054186;-32.10971956156059;4.470592027922197;7.900137971584204
3185086.671596108;-19.717683937248836;-32.09020454232346;4.470554258833389;7.901966346241238
3185820.149346605;-19.696340342093947;-32.07065071901733;4.470516500712069;7.903793876211315
3186553.796006042;-19.674958646091014;-32.051057954443614;4.470478753549878;7.905620554802724
3187287.611613314;-19.65353871815571;-32.03142611079153;4.470441017340143;7.907446375295676
3188021.596207328;-19.632080426701542;-32.01175504973867;4.470403292074753;7.909271330962375
3188755.749827;-19.610583639553425;-31.99204463234757;4.470365577747263;7.9110954150468835
3189490.072511254;-19.58904822403589;-31.972294719174634;4.470327874349595;7.912918620789151
3190224.564299022;-19.567474046904316;-31.95250517018398;4.470290181874585;7.914740941405079
3190959.225229247;-19.545860974368004;-31.932675844793287;4.47025250031462;7.916562370110656
3191694.05534088;-19.524208872084618;-31.91280660182479;4.470214829663041;7.918382900077132
3192429.05467288;-19.50251760520732;-31.89289729960263;4.47017716991126;7.920202524484047
3193164.223264217;-19.480787038264676;-31.8729477958044;4.470139521053108;7.92202123648662
3193899.561153868;-19.45901703531333;-31.852957947617682;4.470101883080222;7.923839029224135
3194635.06838082;-19.437207459805382;-31.832927611606443;4.4700642559859896;7.92565589581507
3195370.744984069;-19.41535817468194;-31.81285664381051;4.470026639762513;7.927471829366054
3196106.591002621;-19.393469042313402;-31.792744899687484;4.469989034402454;7.929286822971626
3196842.606475488;-19.371539924523123;-31.77259223412726;4.469951439898427;7.931100869705707
3197578.791441693;-19.34957068256825;-31.752398501437874;4.4699138562435445;7.932913962626077
3198315.145940269;-19.327561177206004;-31.732163555401677;4.469876283429718;7.934726094765957
3199051.670010256;-19.30551126858591;-31.711887249190625;4.469838721450086;7.936537259154627
3199788.363690704;-19.283420816334772;-31.691569435436804;4.469801170297011;7.938347448805024
3200525.227020671;-19.261289679518022;-31.671209966186794;4.469763629963407;7.94015665670536
3201262.260039225;-19.239117716660495;-31.650808692937893;4.469726100441635;7.941964875835764
3201999.462785444;-19.216904785738613;-31.63036546661084;4.469688581724366;7.943772099147863
3202736.835298412;-19.194650744163017;-31.609880137560133;4.469651073804233;7.945578319592884
3203474.377617225;-19.17235544880154;-31.589352555573353;4.46961357667387;7.94738353009794
3204212.089780985;-19.150018755975672;-31.568782569862613;4.469576090326194;7.949187723560752
3204949.971828807;-19.12764052144105;-31.54817002908265;4.4695386147538505;7.950990892887746
3205688.023799812;-19.10522060045954;-31.527514781360345;4.469501149948475;7.95279303095233
3206426.24573313;-19.082758847654798;-31.50681667417424;4.469463695903982;7.954594130615459
3207164.637667902;-19.060255117187367;-31.486075554512738;4.469426252612278;7.956394184713088
3207903.199643275;-19.037709262584556;-31.465291268745446;4.469388820066749;7.958193186094143
3208641.931698408;-19.015121136938784;-31.444463662742873;4.469351398259086;7.959991127545005
3209380.833872469;-18.992490592705114;-31.42359258176863;4.469313987182172;7.961788001881342
3210119.906204631;-18.969817481826453;-31.40267787051625;4.469276586829167;7.963583801860629
3210859.148734081;-18.94710165569415;-31.381719373155885;4.4692391971922545;7.965378520269477
3211598.561500012;-18.92434296516447;-31.360716933253308;4.469201818264816;7.967172149824019
3212338.144541628;-18.901541260571854;-31.339670393891907;4.4691644500382885;7.968964683281767
3213077.897898139;-18.878696391672698;-31.31857959751287;4.469127092506355;7.9707561133338185
3213817.821608768;-18.85580820773713;-31.297444386073398;4.469089745660895;7.972546432675374
3214557.915712744;-18.832876557419883;-31.27626460091685;4.469052409495352;7.974335634001611
3215298.180249306;-18.809901288919185;-31.255040082875002;4.46901508400215;7.976123709953669
3216038.615257702;-18.78688224986999;-31.23377067224113;4.468977769173471;7.977910653197665
3216779.22077719;-18.763819287393435;-31.212456208732636;4.468940465002213;7.979696456336988
3217519.996847035;-18.74071224800222;-31.191096531500783;4.468903171481813;7.981481112016744
3218260.943506513;-18.717560977824956;-31.169691479223516;4.468865888603956;7.9832646127946045
3219002.060794908;-18.69436532237118;-31.14824088999797;4.468828616361336;7.985046951265459
3219743.348751512;-18.671125126609326;-31.126744601355934;4.468791354747351;7.986828119999256
3220484.80741563;-18.647840235056098;-31.105202450350905;4.468754103753961;7.988608111540848
3221226.436826571;-18.624510491693236;-31.0836142734647;4.468716863374099;7.990386918397365
3221968.237023656;-18.601135739945715;-31.061979906639124;4.468679633600943;7.992164533092467
3222710.208046216;-18.57771582278916;-31.04029918534038;4.468642414426435;7.993940948124783
3223452.349933587;-18.5542505826621;-31.018571944469116;4.468605205843519;7.995716155963502
3224194.662725119;-18.530739861494897;-30.99679801841763;4.468568007844874;7.99749014907786
3224937.146460168;-18.507183500729187;-30.974977241059733;4.468530820423215;7.999262919907326
3225679.801178099;-18.483581341311123;-30.95310944575727;4.468493643571229;8.001034460874912
3226422.626918287;-18.459933223707104;-30.931194465383133;4.468456477281103;8.002804764394929
3227165.623720116;-18.43623898782934;-30.909232132232532;4.4684193215467864;8.004573822856406
3227908.791622979;-18.41249847318748;-30.887222278191587;4.468382176359994;8.006341628644117
3228652.130666278;-18.388711518792075;-30.86516473461031;4.468345041713416;8.008108174104818
3229395.640889424;-18.364877963151095;-30.843059332344566;4.468307917599749;8.00987345159372
3230139.322331838;-18.34099764430126;-30.82090590174158;4.46827080401223;8.011637453428088
3230883.175032948;-18.317070399834428;-30.798704272698156;4.4682337009432835;8.013400171920445
3231627.199032192;-18.293096066889742;-30.776454274633664;4.468196608385372;8.01516159935855
3232371.394369019;-18.269074482135128;-30.754155736483245;4.468159526331218;8.016921728016898
3233115.761082884;-18.24500548176301;-30.731808486694476;4.468122454774021;8.018680550157445
3233860.299213253;-18.22088890159645;-30.709412353318633;4.468085393705502;8.020438058016683
3234605.008799602;-18.19672457691638;-30.686967163854284;4.468048343119619;8.022194243818282
3235349.889881413;-18.172512342647316;-30.66447274542481;4.468011303008596;8.023949099768895
3236094.94249818;-18.148252033302246;-30.641928924724866;4.4679742733643995;8.025702618058219
3236840.166689403;-18.123943482897687;-30.619335527945438;4.467937254180504;8.027454790867242
3237585.562494596;-18.09958652510446;-30.59669238089259;4.4679002454493775;8.029205610338753
3238331.129953276;-18.075180993149168;-30.573999308928673;4.467863247163974;8.03095506861553
3239076.869104975;-18.050726719894712;-30.551256137022065;4.467826259316786;8.032703157810568
3239822.77998923;-18.02622353777717;-30.528462689722566;4.4677892819005605;8.034449870044835
3240568.862645587;-18.00167127887306;-30.50561879118268;4.467752314907982;8.036195197401636
3241315.117113606;-17.9770697748751;-30.482724265149457;4.467715358332049;8.037939131942313
3242061.543432849;-17.952418857137598;-30.459778935022634;4.467678412165009;8.039681665720027
3242808.141642894;-17.927718356611713;-30.43678262378231;4.467641476400073;8.041422790770522
3243554.911783322;-17.902968103937884;-30.41373515408845;4.467604551029484;8.043162499121085
3244301.853893728;-17.878167929391008;-30.39063634821044;4.467567636046233;8.044900782773196
3245048.968013714;-17.853317662941436;-30.36748602808309;4.467530731443047;8.046637633698605
3245796.25418289;-17.828417134211126;-30.34428401529283;4.467493837212919;8.048373043868786
3246543.712440877;-17.803466172544805;-30.321030131135146;4.467456953348091;8.05010700524225
3247291.342827304;-17.77846460697306;-30.297724196553744;4.4674200798415695;8.05183950973911
3248039.145381811;-17.753412266234086;-30.274366032212132;4.467383216685828;8.05357054929222
3248787.120144045;-17.72830897879983;-30.2509554584565;4.46734636387386;8.055300115782806
3249535.267153662;-17.70315457286557;-30.22749229536068;4.4673095213984295;8.05702820109668
3250283.586450329;-17.677948876388815;-30.20397636274283;4.467272689252024;8.058754797101992
3251032.07807372;-17.652691717067604;-30.180407480136534;4.467235867427667;8.06047989564126
3251780.742063521;-17.627382922399892;-30.156785466857666;4.467199055917822;8.062203488539954
3252529.578459425;-17.602022319637076;-30.133110141975386;4.467162254715264;8.063925567623047
3253278.587301133;-17.576609735837284;-30.109381324327472;4.467125463813009;8.06564612467718
3254027.768628358;-17.5511449978678;-30.085598832547888;4.467088683204044;8.067365151476045
3254777.122480821;-17.52562793245726;-30.061762485130444;4.467051912880383;8.069082639792795
3255526.648898251;-17.500058366160257;-30.037872100353145;4.467015152834809;8.07079858135808
3256276.347920388;-17.4744361253276;-30.01392749628637;4.466978403061045;8.072512967897724
3257026.219586979;-17.44876103629091;-29.989928490966406;4.466941663550628;8.074225791124865
3257776.263937783;-17.42303292514199;-29.96587490217469;4.466904934297554;8.07593704273515
3258526.481012566;-17.3972516180313;-29.94176654771856;4.4668682152931325;8.07764671439413
3259276.870851104;-17.371416940886377;-29.917603245184658;4.466831506531102;8.079354797767177
3260027.433493182;-17.34552871964324;-29.893384812132634;4.466794808004217;8.081061284485179
3260778.168978592;-17.319586780209992;-29.869111066085097;4.466758119704777;8.08276616617033
3261529.07734714;-17.293590948398723;-29.844781824461016;4.466721441626281;8.084469434436013
3262280.158638638;-17.267541050133154;-29.82039690475893;4.4666847737602895;8.086171080865485
3263031.412892906;-17.241436911220994;-29.795956124346255;4.466648116100804;8.087871097024461
3263782.840149775;-17.215278357609456;-29.771459300710905;4.466611468639844;8.089569474461607
3264534.440449086;-17.189065215230606;-29.746906251326322;4.466574831370455;8.091266204725262
3265286.213830688;-17.162797310123278;-29.722296793737776;4.466538204285411;8.092961279329089
3266038.160334438;-17.13647446844336;-29.697630745585858;4.466501587377255;8.094654689765246
3266790.280000205;-17.110096516410113;-29.672907924575107;4.466464980639255;8.09634642752574
3267542.572867864;-17.083663280462194;-29.648128148602204;4.466428384063467;8.098036484076545
3268295.038977303;-17.05717458713287;-29.623291235633957;4.466391797643411;8.099724850857674
3269047.678368415;-17.030630263201118;-29.598397003881427;4.466355221371375;8.101411519308932
3269800.491081105;-17.00403013563181;-29.57344527171201;4.466318655240416;8.10309648083978
3270553.477155286;-16.977374031657376;-29.548435857747172;4.466282099243069;8.104779726846727
3271306.636630881;-16.950661778734457;-29.523368580820225;4.466245553372618;8.106461248713154
3272059.969547821;-16.92389320471256;-29.49824326012544;4.466209017620883;8.108141037791999
3272813.475946048;-16.897068137645274;-29.473059715054347;4.466172491981618;8.10981908542745
3273567.155865512;-16.87018640600566;-29.447817765416474;4.466135976447168;8.111495382963644
3274321.009346171;-16.84324783867503;-29.422517231373618;4.466099471010072;8.113169921688515
3275075.036427995;-16.816252264860655;-29.397157933427064;4.466062975663868;8.114842692902544
3275829.237150962;-16.789199514297884;-29.371739692574774;4.466026490400848;8.116513687876047
3276583.611555057;-16.762089417170934;-29.346262330259393;4.465990015213598;8.118182897874862
3277338.159680278;-16.734921804144232;-29.320725668369747;4.465953550095416;8.119850314130098
3278092.881566629;-16.707696506465062;-29.295129529380603;4.465917095038603;8.121515927876933
3278847.777254126;-16.6804133559244;-29.269473736263897;4.46588065003647;8.123179730303026
3279602.846782792;-16.653072184943692;-29.243758112616952;4.465844215081837;8.124841712591422
3280358.09019266;-16.625672826588122;-29.2179824826977;4.46580779016701;8.126501865942567
3281113.507523772;-16.598215114623994;-29.192146671387682;4.465771375285039;8.128160181478652
3281869.098816181;-16.570698883526266;-29.166250504302607;4.465734970428507;8.12981665034783
3282624.864109945;-16.54312396850663;-29.140293807760884;4.465698575590732;8.13147126366352
3283380.803445137;-16.515490205641118;-29.114276408939574;4.465662190763796;8.133124012534662
3284136.916861834;-16.487797431770474;-29.088198135738562;4.465625815941483;8.134774888026604
3284893.204400124;-16.460045484693328;-29.062058817031446;4.465589451115895;8.136423881222223
3285649.666100106;-16.432234203107658;-29.035858282544243;4.465553096280102;8.138070983156483
3286406.302001887;-16.404363426712436;-29.00959636300734;4.465516751426425;8.139716184868478
3287163.112145581;-16.376432996158872;-28.98327289007441;4.465480416548429;8.141359477367114
3287920.096571316;-16.348442753225434;-28.956887696511927;4.465444091638713;8.143000851647777
3288677.255319225;-16.320392540815888;-28.93044061619877;4.465407776689611;8.144640298693268
3289434.588429451;-16.292282202963264;-28.903931484117212;4.465371471694177;8.146277809459772
3290192.095942149;-16.264111584877295;-28.877360136409706;4.4653351766460085;8.147913374886402
3290949.77789748;-16.23588053314539;-28.850726410581263;4.465298891536971;8.149546985898901
3291707.634335617;-16.207588895604548;-28.82403014537889;4.4652626163598566;8.151178633414483
3292465.665296739;-16.179236521408612;-28.797271180836958;4.465226351108516;8.152808308319827
3293223.870821036;-16.150823261271917;-28.770449358535156;4.465190095774785;8.154436001488456
3293982.250948708;-16.122348967294563;-28.743564521423124;4.465153850352029;8.156061703776535
3294740.805719964;-16.093813493196485;-28.716616514047402;4.465117614832562;8.15768540601836
3295499.535175021;-16.0652166942452;-28.689605182489903;4.4650813892095;8.159307099035203
3296258.439354106;-16.036558427382516;-28.662530374502303;4.4650451734756995;8.160926773644091
3297017.518297457;-16.00783855129577;-28.63539193953391;4.46500896762421;8.16254442061393
3297776.772045317;-15.979056926494684;-28.60818972886015;4.464972771647423;8.164160030718042
3298536.200637943;-15.950213415286303;-28.580923595533072;4.464936585538669;8.1657735947081
3299295.804115598;-15.921307881966566;-28.55359339458827;4.464900409290319;8.16738510333138
3300055.582518555;-15.892340192795519;-28.52619898297391;4.4648642428957;8.168994547282692
3300815.535887098;-15.863310216120134;-28.49874021974221;4.4648280863474366;8.170601917274636
3301575.664261518;-15.834217822464359;-28.47121696609145;4.464791939637896;8.172207203989196
3302335.967682117;-15.805062884487821;-28.443629085334862;4.464755802760647;8.173810398086394
3303096.446189204;-15.775845277211072;-28.415976443132887;4.4647196757083485;8.175411490213463
3303857.099823101;-15.746564878049224;-28.38825890752281;4.464683558473335;8.177010471000251
3304617.928624135;-15.717221566779173;-28.360476348892018;4.464647451049216;8.178607331063626
3305378.932632646;-15.687815225817317;-28.332628640235257;4.464611353428363;8.180202060989576
3306140.111888981;-15.658345740118698;-28.304715657083275;4.464575265604137;8.18179465136044
3306901.466433497;-15.628812997455698;-28.276737277764823;4.464539187568449;8.183385092740682
3307662.99630656;-15.599216888252233;-28.24869338323206;4.464503119315339;8.184973375664493
3308424.701548545;-15.56955730596842;-28.22058385746704;4.464467060836724;8.186559490661898
3309186.582199838;-15.539834146978965;-28.192408587345618;4.4644310121254955;8.188143428241158
3309948.638300833;-15.510047310682541;-28.164167462750832;4.464394973175245;8.189725178893047
3310710.869891933;-15.480196699730444;-28.135860376795982;4.464358943978613;8.19130473308692
3311473.27701355;-15.450282220047583;-28.10748722585469;4.464322924528207;8.1928820812789
3312235.859706108;-15.420303780918335;-28.079047909660623;4.46428691481667;8.194457213925615
3312998.618010036;-15.390261295116975;-28.050542331376334;4.464250914837141;8.196030121422218
3313761.551965777;-15.360154678944202;-28.02197039771794;4.464214924582986;8.197600794190748
3314524.661613779;-15.32998385252915;-27.99333201918051;4.464178944046367;8.199169222604997
3315287.946994503;-15.299748739737549;-27.96462711000118;4.464142973220124;8.200735397043514
3316051.408148416;-15.269449268308966;-27.93585558826582;4.464107012097916;8.202299307858938
3316815.045115997;-15.239085370159604;-27.907017376209083;4.464071060671893;8.203860945377587
3317578.857937733;-15.208656981274766;-27.87811240014075;4.464035118935172;8.205420299930811
3318342.846654121;-15.178164041973382;-27.849140590660152;4.463999186880671;8.2069773618061
3319107.011305666;-15.147606496994541;-27.820101882791487;4.4639632645009995;8.20853212129595
3319871.351932884;-15.116984295595914;-27.790996216047475;4.463927351789356;8.210084568662205
3320635.868576299;-15.086297391736917;-27.761823534629542;4.463891448738556;8.211634694154075
3321400.561276445;-15.055545744183956;-27.732583787533507;4.46385555534155;8.213182488008004
3322165.430073866;-15.024729316670232;-27.703276928695765;4.463819671591243;8.214727940434287
3322930.475009113;-14.993848078049773;-27.673902917156248;4.4637837974802625;8.216271041626214
3323695.69612275;-14.962902002396998;-27.644461717162816;4.4637479330015;8.217811781764318
3324461.093455346;-14.931891069140793;-27.614953298314138;4.463712078148142;8.219350151025203
3325226.667047483;-14.900815263301197;-27.585377635760633;4.463676232913077;8.220886139546357
3325992.416939751;-14.869674575625398;-27.55573471036246;4.463640397288951;8.222419737448114
3326758.343172749;-14.838469002673367;-27.526024508797814;4.46360457126869;8.22395093485576
3327524.445787085;-14.807198547051728;-27.496247023757032;4.46356875484521;8.225479721860093
3328290.724823378;-14.77586321751617;-27.466402254062565;4.46353294801188;8.227006088534518
3329057.180322255;-14.744463029267184;-27.436490204968372;4.463497150761142;8.228530024940047
3329823.812324352;-14.712998004018187;-27.406510888229;4.463461363085667;8.230051521125146
3330590.620870315;-14.681468170139727;-27.376464322235332;4.463425584978858;8.231570567116751
3331357.606000801;-14.649873562941911;-27.34635053230476;4.463389816433626;8.233087152929219
3332124.767756473;-14.618214224888003;-27.3161695508728;4.463354057442414;8.234601268542386
3332892.106178006;-14.586490205655105;-27.285921417590036;4.463318307998135;8.236112903936796
3333659.621306084;-14.554701562353927;-27.25560617952423;4.463282568094188;8.237622049076109
3334427.313181398;-14.52284835982497;-27.225223891446614;4.4632468377235055;8.239128693898142
3335195.181844653;-14.490930670846463;-27.1947746160577;4.463211116878296;8.240632828332945
3335963.227336558;-14.458948576168165;-27.16425842400057;4.463175405552185;8.242134442280221
3336731.449697835;-14.426902164894027;-27.133675394272633;4.463139703738123;8.243633525640485
3337499.848969216;-14.39479153472754;-27.103025614444988;4.4631040114282925;8.245130068289155
3338268.425191438;-14.36261679204531;-27.07230918073197;4.463068328615877;8.246624060070785
3339037.178405251;-14.330378052119501;-27.041526198259017;4.463032655294543;8.248115490844974
3339806.108651415;-14.298075439634996;-27.010676781509723;4.462996991456249;8.249604350418478
3340575.215970696;-14.265709088525663;-26.97976105423769;4.46296133709464;8.251090628617385
3341344.500403872;-14.233279142567259;-26.948779149989356;4.462925692202192;8.252574315219906
3342113.96199173;-14.2007857554253;-26.917731212197864;4.462890056771823;8.254055400000741
3342883.600775066;-14.168229090919962;-26.886617394448354;4.462854430796739;8.255533872731654
3343653.416794685;-14.13560932339357;-26.855437860799903;4.4628188142698635;8.257009723136472
3344423.410091402;-14.102926637915745;-26.82419278604446;4.462783207183904;8.25848294094481
3345193.580706041;-14.070181230548751;-26.79288235595918;4.462747609531546;8.25995351587888
3345963.928679436;-14.037373308587554;-26.761506767506763;4.462712021306244;8.261421437612965
3346734.454052431;-14.004503090882812;-26.730066229220263;4.462676442501172;8.262886695836285
3347505.156865877;-13.971570808272853;-26.698560961571815;4.462640873108558;8.264349280190403
3348276.037160637;-13.938576703608758;-26.66699119706669;4.462605313121589;8.265809180336344
3349047.094977581;-13.90552103223239;-26.63535718066651;4.462569762533221;8.267266385900905
3349818.330357591;-13.872404062218367;-26.603659170031815;4.462534221336888;8.268720886476562
3350589.743341556;-13.839226074895507;-26.571897436090694;4.462498689524087;8.270172671671098
3351361.333970376;-13.80598736463657;-26.54007226278906;4.462463167089731;8.271621731062757
3352133.10228496;-13.77268823991946;-26.508183948153672;4.4624276540253;8.273068054208911
3352905.048326227;-13.739329023069029;-26.476232804048628;4.462392150324254;8.274511630655345
3353677.172135104;-13.705910050844757;-26.444219156756617;4.462356655979796;8.275952449932069
3354449.473752529;-13.672431674849715;-26.41214334738697;4.462321170984386;8.277390501552869
3355221.953219447;-13.638894261710908;-26.380005732062266;4.462285695331255;8.278825775020096
3355994.610576816;-13.605298193553292;-26.34780668237363;4.462250229013584;8.280258259806748
3356767.4458656;-13.5716438684752;-26.315546585882174;4.4622147720233905;8.281687945383581
3357540.459126775;-13.537931700587658;-26.283225846147488;4.462179324354611;8.283114821205222
3358313.650401324;-13.504162120771316;-26.250844883468858;4.462143885999954;8.284538876697592
3359087.019730243;-13.470335576905486;-26.21840413514159;4.462108456952166;8.285960101283935
3359860.567154533;-13.436452534215416;-26.1859040557788;4.462073037204697;8.28737848435869
3360634.292715209;-13.402513475861992;-26.153345117944014;4.462037626749799;8.288794015332218
3361408.196453291;-13.368518903156364;-26.12072781228705;4.462002225580937;8.290206683549753
3362182.278409811;-13.334469336119252;-26.08805264820077;4.461966833690838;8.29161647839068
3362956.538625811;-13.30036531385527;-26.05532015411105;4.461931451072706;8.293023389183073
3363730.977142341;-13.266207395122118;-26.02253087808952;4.461896077718819;8.294427405248582
3364505.594000461;-13.231996158419665;-25.9896853879594;4.4618607136233654;8.295828515916366
3365280.38924124;-13.197732202954146;-25.95678427219263;4.461825358778846;8.297226710459638
3366055.362905757;-13.163416148851852;-25.923828140206723;4.461790013177501;8.298621978177373
3366830.5150351;-13.129048637520901;-25.89081762265551;4.461754676812811;8.300014308321801
3367605.845670368;-13.094630332268938;-25.857753372100007;4.461719349678009;8.301403690153059
3368381.354852668;-13.060161918826905;-25.824636063499945;4.46168403176609;8.302790112906948
3369157.042623115;-13.025644105913948;-25.79146639477928;4.461648723069294;8.30417356579604
3369932.909022837;-12.991077625411393;-25.758245087028957;4.461613423581615;8.30555403803595
3370708.95409297;-12.956463233355645;-25.72497288546539;4.461578133295301;8.30693151881444
3371485.177874657;-12.921801710111358;-25.691650559614928;4.461542852203587;8.30830599729998
3372261.580409054;-12.88709386103661;-25.658278904010206;4.461507580299467;8.30967746267413
3373038.161737325;-12.852340517117675;-25.624858738770094;4.461472317575449;8.31104590407697
3373814.921900643;-12.817542535261992;-25.591390909935;4.461437064025288;8.312411310647722
3374591.860940191;-12.782700799142372;-25.55787629028258;4.461401819641965;8.313773671498243
3375368.978897162;-12.74781621973688;-25.524315779885654;4.461366584417993;8.31513297573078
3376146.275812759;-12.712889735785923;-25.490710306588646;4.461331358346129;8.316489212456595
3376923.751728192;-12.677922314308372;-25.457060826470077;4.461296141420366;8.317842370741337
3377701.406684682;-12.642914951586317;-25.423368324874268;4.461260933632752;8.3191924396552
3378479.24072346;-12.607868673313021;-25.389633816540336;4.461225734976983;8.32053940825033
3379257.253885765;-12.572784535628696;-25.355858346635188;4.461190545445379;8.321883265561114
3380035.446212848;-12.537663625420766;-25.322042991064958;4.461155365031149;8.323224000613044
3380813.817745967;-12.502507061086817;-25.288188857237557;4.461120193727584;8.32456160242316
3381592.368526391;-12.467315993237404;-25.254297084751602;4.461085031527706;8.325896059986492
3382371.098595398;-12.432091605338023;-25.220368846056544;4.4610498784242525;8.32722736229427
3383150.007994275;-12.396835114345654;-25.186405347076075;4.461014734410014;8.328555498320407
3383929.096764319;-12.361547771289462;-25.152407827785286;4.460979599478505;8.329880457017317
3384708.364946836;-12.326230862095462;-25.11837756306135;4.460944473622735;8.331202227343153
3385487.812583143;-12.290885708313212;-25.08431586337872;4.460909356835252;8.332520798230256
3386267.439714566;-12.255513667621038;-25.050224075338363;4.4608742491093;8.333836158608024
3387047.246382439;-12.220116134653104;-25.01610358247142;4.4608391504381535;8.335148297380162
3387827.232628106;-12.184694541766978;-24.981955806029404;4.4608040608146;8.336457203447825
3388607.398492922;-12.149250359723228;-24.94778220567325;4.46076898023117;8.337762865718853
3389387.74401825;-12.113785098253164;-24.913584279983443;4.460733908681656;8.33906527304862
3390168.269245464;-12.078300307014542;-24.879363567491556;4.460698846159045;8.34036441431797
3390948.974215947;-12.0427975763947;-24.84512164742857;4.460663792655647;8.341660278378223
3391729.858971089;-12.00727853789051;-24.810860140125932;4.460628748165265;8.342952854070159
3392510.923552294;-11.971744865299272;-24.776580708207973;4.460593712680383;8.344242130228318
3393292.168000972;-11.936198275106198;-24.742285056986717;4.4605586861945845;8.34552809568593
3394073.592358544;-11.900640527695286;-24.707974935643193;4.460523668699893;8.346810739248012
3394855.196666441;-11.86507342747672;-24.67365213739039;4.460488660190567;8.348090049723103
3395636.980966102;-11.829498824365274;-24.639318500929605;4.460453660658936;8.349366015905396
3396418.945298977;-11.793918614171556;-24.60497591084442;4.4604186700977895;8.350638626575073
3397201.089706524;-11.75833473927285;-24.570626298285934;4.4603836885009;8.351907870512187
3397983.414230213;-11.722749189802368;-24.536271642141536;4.460348715860834;8.353173736478329
3398765.918911521;-11.687164004132885;-24.501913969534623;4.460313752170601;8.354436213231137
3399548.603791935;-11.651581269737061;-24.4675553566844;4.460278797423311;8.355695289524025
3400331.468912954;-11.61600312393457;-24.43319792964472;4.460243851612437;8.356950954097712
3401114.514316083;-11.580431754954956;-24.398843865360792;4.460208914730341;8.358203195675499
3401897.74004284;-11.544869402342071;-24.36449539210369;4.460173986770308;8.359452002991315
3402681.146134749;-11.509318358030377;-24.330154790508637;4.460139067725132;8.360697364753126
3403464.732633346;-11.473780966796543;-24.29582439406554;4.460104157588865;8.361939269680134
3404248.499580177;-11.438259627682799;-24.261506590502172;4.460069256353344;8.363177706466026
3405032.447016795;-11.402756794064468;-24.227203821897632;4.460034364012083;8.364412663821083
3405816.574984765;-11.367274974850897;-24.192918585825595;4.459999480558164;8.365644130416538
3406600.88352566;-11.331816735067688;-24.15865343600746;4.459964605984895;8.366872094954875
3407385.372681065;-11.296384696875197;-24.1244109832602;4.459929740284833;8.368096546100169
3408170.04249257;-11.26098154000161;-24.09019389597793;4.459894883451317;8.369317472525003
3408954.893001779;-11.225610002689754;-24.05600490107322;4.459860035477373;8.37053486290609
3409739.924250305;-11.190272882450596;-24.021846784703094;4.459825196355844;8.371748705896653
3410525.136279767;-11.15497303662062;-23.98772239286011;4.459790366080063;8.372958990159429
3411310.529131799;-11.119713383253567;-23.953634632245084;4.459755544643057;8.374165704348457
3412096.102848039;-11.084496901795017;-23.919586470937062;4.459720732037672;8.375368837104368
3412881.857470139;-11.049326633576866;-23.885580938917442;4.459685928257466;8.376568377083114
3413667.793039759;-11.014205682922189;-23.851621129144913;4.459651133294548;8.377764312928177
3414453.909598568;-10.979137217133498;-23.817710197556575;4.459616347142941;8.378956633280138
3415240.207188244;-10.94412446777659;-23.783851364344557;4.459581569795263;8.380145326772695
3416026.685850478;-10.90917073092174;-23.750047914199005;4.459546801244567;8.381330382032699
3416813.345626967;-10.874279367717048;-23.716303196923715;4.459512041484206;8.382511787722459
3417600.186559419;-10.839453805144622;-23.682620628108385;4.459477290507232;8.383689532456533
3418387.208689551;-10.8046975365273;-23.649003689691508;4.459442548306249;8.384863604857959
3419174.412059091;-10.77001412178268;-23.615455930229473;4.459407814874579;8.386033993572214
3419961.796709775;-10.73540718807047;-23.581980965502183;4.45937309020558;8.387200687226134
3420749.36268335;-10.700880430268025;-23.548582479016197;4.459338374292295;8.38836367445588
3421537.110021571;-10.666437611484197;-23.51526422249572;4.4593036671271005;8.389522943884423
3422325.038766205;-10.632082562951142;-23.48203001579983;4.459268968703821;8.390678484144864
3423113.148959026;-10.59781918490836;-23.448883747804427;4.459234279015048;8.391830283881019
3423901.440641819;-10.563651446436253;-23.415829376219655;4.45919959805438;8.392978331729022
3424689.913856379;-10.529583386080805;-23.382870928204234;4.459164925814653;8.394122616308778
3425478.568644509;-10.495619111813212;-23.350012500390648;4.4591302622887135;8.395263126288722
3426267.405048024;-10.461762801236647;-23.31725825899128;4.459095607469656;8.39639985028498
3427056.423108746;-10.428018701455947;-23.28461243976564;4.459060961351332;8.397532776958363
3427845.622868509;-10.394391129665967;-23.252079348556176;4.459026323926088;8.398661894964121
3428635.004369155;-10.360884472648618;-23.219663360788072;4.458991695187024;8.399787192952427
3429424.567652537;-10.327503186848778;-23.18736892154909;4.458957075127256;8.400908659573055
3430214.312760515;-10.294251798120088;-23.155200545354973;4.458922463740362;8.402026283494523
3431004.239734962;-10.261134901836042;-23.123162816254887;4.458887861018969;8.403140053399875
3431794.348617759;-10.228157162427355;-23.091260387323615;4.458853266955923;8.404249957940339
3432584.639450796;-10.19532331271485;-23.059497980070457;4.45881868154533;8.40535598581028
3433375.112275975;-10.162638154307563;-23.027880384778626;4.458784104779305;8.40645812569176
3434165.767135204;-10.130106556349801;-22.996412459278982;4.458749536651208;8.407556366277975
3434956.604070405;-10.097733455250946;-22.965099128678837;4.458714977154406;8.408650696273487
3435747.623123505;-10.06552385423824;-22.93394538490073;4.458680426281488;8.409741104381004
3436538.824336444;-10.033482822185453;-22.90295628552665;4.458645884026095;8.410827579315102
3437330.207751171;-10.001615493195729;-22.872136953375467;4.458611350381322;8.411910109798416
3438121.773409645;-9.969927065674273;-22.8414925755755;4.458576825339813;8.412988684561418
3438913.521353832;-9.938422801071248;-22.811028402304615;4.45854230889492;8.414063292338444
3439705.451625711;-9.907108023013674;-22.780749745934912;4.458507801039767;8.415133921881473
3440497.56426727;-9.87598811601254;-22.750661979731714;4.458473301767723;8.416200561951456
3441289.859320504;-9.84506852439769;-22.720770536773706;4.458438811071655;8.417263201304362
3442082.336827422;-9.814354750845236;-22.691080908508624;4.458404328944216;8.418321828719172
3442874.996830038;-9.783852354491154;-22.66159864284575;4.4583698553794795;8.419376432975117
3443667.83937038;-9.753566950254708;-22.632329343494337;4.4583353903693785;8.420427002870246
3444460.864490483;-9.723504205983314;-22.60327866710361;4.458300933908258;8.421473527212038
3445254.072232392;-9.693669841725509;-22.574452322508694;4.458266485988756;8.422515994794432
3446047.462638162;-9.664069627262396;-22.54585606832962;4.4582320466037535;8.423554394463471
3446841.035749859;-9.634709380224363;-22.51749571100314;4.458197615746146;8.42458871503263
3447634.791609555;-9.605594963629468;-22.48937710238806;4.458163193409799;8.425618945348797
3448428.730259337;-9.576732284171278;-22.46150613802766;4.458128779587606;8.426645074268775
3449222.851741297;-9.548127289649765;-22.433888754576227;4.458094374272209;8.427667090654253
3450017.156097539;-9.519785966101793;-22.406530926926955;4.458059977457493;8.428684983367665
3450811.643370177;-9.491714335947819;-22.379438666378118;4.4580255891355955;8.429698741294704
3451606.313601332;-9.463918454224029;-22.352618016855757;4.457991209300897;8.430708353330829
3452401.166833139;-9.436404406932738;-22.326075053244917;4.457956837945573;8.43171380836661
3453196.203107738;-9.409178307055164;-22.2998158774436;4.457922475063219;8.432715095325213
3453991.422467283;-9.382246292221929;-22.273846615973977;4.457888120646283;8.433712203105761
3454786.824953934;-9.3556145205906;-22.248173415928505;4.457853774689118;8.434705120648792
3455582.410609863;-9.329289168696835;-22.222802442760205;4.457819437183897;8.435693836879471
3456378.179477252;-9.303276427032088;-22.197739875910607;4.45778510812401;8.436678340754513
3457174.131598291;-9.277582496983534;-22.172991905690814;4.457750787502366;8.437658621204914
3457970.267015181;-9.252213586840044;-22.148564729344706;4.457716475312369;8.43863466719229
3458766.585770131;-9.227175908085613;-22.124464547318013;4.457682171547645;8.43960646768476
3459563.087905363;-9.202475671959514;-22.10069755981611;4.4576478762003715;8.440574011656224
3460359.773463105;-9.178119084575808;-22.077269961907685;4.4576135892644535;8.441537288067423
3461156.642485598;-9.154112343570155;-22.05418794020973;4.457579310732561;8.442496285907012
3461953.695015091;-9.130461633508451;-22.0314576682647;4.457545040597601;8.443450994158647
3462750.931093841;-9.107173121186122;-22.009085301844443;4.457510778853938;8.44440140180438
3463548.350764119;-9.084252952386827;-21.98707697571862;4.4574765254932975;8.445347497838496
3464345.954068202;-9.061707245830794;-21.965438797593137;4.4574422805100475;8.446289271252294
3465143.741048378;-9.039542090003893;-21.944176844924268;4.457408043896367;8.44722671102401
3465941.711746946;-9.017763537420125;-21.923297159226035;4.45737381564568;8.448159806160227
3466739.866206213;-8.9963776002679;-21.902805741676623;4.457339595751409;8.449088545657311
3467538.204468497;-8.975390245654706;-21.88270854835254;4.457305384206693;8.45001291849114
3468336.726576123;-8.954807390668243;-21.86301148532165;4.457271181004484;8.450932913648927
3469135.432571429;-8.934634897369563;-21.843720403630847;4.457236986137691;8.451848520123598
3469934.322496762;-8.91487856749794;-21.824841093987168;4.457202799600222;8.452759726889006
3470733.396394479;-8.895544138008734;-21.806379282306985;4.457168621385013;8.453666522913233
3471532.654306944;-8.87663727581581;-21.788340624467132;4.457134451484512;8.454568897166814
3472332.096276535;-8.858163572110199;-21.770730700619318;4.457100289892599;8.455466838616521
3473131.722345636;-8.840128537960766;-21.75355501075487;4.457066136602239;8.456360336191867
3473931.532556643;-8.82253759876746;-21.736818969213843;4.457031991606611;8.457249378839773
3474731.526951962;-8.80539608914446;-21.720527899524775;4.4569978548991225;8.458133955481191
3475531.705574006;-8.788709248105675;-21.70468702961633;4.456963726472233;8.45901405503842
3476332.068465201;-8.772482213246915;-21.689301485957607;4.456929606319848;8.459889666390845
3477132.615667981;-8.756720016361342;-21.67437628924087;4.456895494434686;8.460760778444834
3477933.34722479;-8.741427577804506;-21.65991634866707;4.45686139081039;8.461627380052175
3478734.263178082;-8.72660970205754;-21.64592645756202;4.4568272954394486;8.46248946006503
3479535.363570322;-8.712271071968612;-21.632411287581938;4.456793208315759;8.463347007297566
3480336.648443982;-8.698416244451783;-21.61937538446956;4.456759129432515;8.464200010585257
3481138.117841546;-8.685049645765957;-21.606823163228487;4.456725058782181;8.465048458680348
3481939.771805507;-8.672175566011598;-21.594758902738093;4.456690996358434;8.46589234036806
3482741.610378367;-8.659798155259926;-21.583186741785262;4.45665694215399;8.466731644371347
3483543.63360264;-8.64792141824436;-21.572110673817715;4.456622896162766;8.467566359410592
3484345.841520848;-8.636549210714739;-21.561534543257075;4.456588858377476;8.468396474164857
3485148.234175523;-8.625685234406374;-21.551462040487653;4.4565548287918055;8.46922197728947
3485950.811609207;-8.615333033720876;-21.541896698523853;4.456520807397731;8.470042857405243
3486753.573864453;-8.60549599033392;-21.532841887639712;4.4564867941896775;8.470859103116117
3487556.52098382;-8.596177320579777;-21.524300812720615;4.4564527891606;8.471670702980239
3488359.653009882;-8.587380071392548;-21.516276509217597;4.456418792302965;8.472477645522085
3489162.96998522;-8.57910711595665;-21.508771838809558;4.456384803611212;8.473279919241696
3489966.471952423;-8.571361151839195;-21.5017894875199;4.456350823077063;8.474077512603643
3490770.158954095;-8.56414469597958;-21.495331960692155;4.456316850695224;8.47487041401735
3491574.031032844;-8.557460083422198;-21.48940158175881;4.456282886457881;8.475658611878732
3492378.088231291;-8.551309463414071;-21.484000488308382;4.456248930358278;8.476442094536033
3493182.330592067;-8.545694796989908;-21.479130629673925;4.456214982390107;8.477220850293909
3493986.758157811;-8.540617855068154;-21.474793765041106;4.456181042546092;8.477994867426858
3494791.370971174;-8.536080215761356;-21.470991460740343;4.4561471108197;8.47876413415929
3495596.169074817;-8.532083262772453;-21.467725088656046;4.4561131872041235;8.479528638679469
3496401.152511407;-8.528628183606791;-21.46499582443814;4.456079271692603;8.480288369138743
3497206.321323624;-8.52571596816945;-21.4628046460846;4.456045364278331;8.481043313636821
3498011.675554159;-8.52334740766309;-21.461152332852805;4.456011464954065;8.48179346023565
3498817.215245708;-8.521523093037043;-21.46003946370505;4.455977573713986;8.482538796954023
3499622.940440983;-8.520243415330665;-21.459466417653626;4.455943690550353;8.483279311772609
3500428.851182701;-8.519508564306902;-21.45943337237749;4.455909815456385;8.484014992614199
3501234.947513591;-8.519318528261167;-21.459940304064094;4.455875948426026;8.484745827376901
3502041.229476391;-8.51967309472215;-21.460986988070665;4.455842089452036;8.485471803896484
3502847.69711385;-8.52057184998079;-21.462572998492885;4.455808238528113;8.48619290998398
3503654.350468726;-8.52201418037415;-21.464697709408753;4.4557743956467695;8.486909133387831
3504461.189583786;-8.523999272311997;-21.46736029494094;4.455740560801466;8.487620461827476
3505268.214501808;-8.526526113714478;-21.470559730674594;4.455706733985435;8.488326882974679
3506075.425265581;-8.529593495201462;-21.474294794846696;4.455672915191907;8.489028384453327
3506882.821917901;-8.53320001149228;-21.47856406975679;4.455639104414384;8.489724953850123
3507690.404501576;-8.537344063474922;-21.48336594384929;4.45560530164559;8.490416578728775
3508498.173059423;-8.542023859673332;-21.4886986131166;4.455571506879253;8.491103246564013
3509306.127634269;-8.547237418995216;-21.49456008393154;4.455537720108123;8.491784944828199
3510114.268268952;-8.552982572480463;-21.50094817475541;4.455503941326189;8.492461660948761
3510922.595006317;-8.559256966983117;-21.507860519812986;4.455470170525438;8.49313338230443
3511731.107889222;-8.566058066478385;-21.515294570424146;4.455436407700597;8.493800096245163
3512539.806960532;-8.573383156852165;-21.52324759976963;4.455402652843702;8.494461790073766
3513348.692263126;-8.581229347809936;-21.5317167048291;4.455368905948214;8.495118451070953
3514157.763839888;-8.589593576701361;-21.540698810157757;4.455335167007886;8.495770066448511
3514967.021733715;-8.598472612608942;-21.550190672055297;4.45530143601499;8.496416623431365
3515776.465987513;-8.607863058954194;-21.560188881096025;4.455267712964221;8.497058109177608
3516586.096644198;-8.617761358991576;-21.57068986766232;4.455233997847615;8.497694510823129
3517395.913746695;-8.628163798520955;-21.581689904652265;4.455200290658931;8.498325815472384
3518205.917337941;-8.639066510873054;-21.593185112464553;4.455166591391169;8.498952010200329
3519016.107460881;-8.650465480974255;-21.60517146305576;4.455132900037561;8.499573082043948
3519826.48415847;-8.662356549749447;-21.617644784387412;4.4550992165916306;8.500189018046338
3520637.047473674;-8.67473541897148;-21.63060076519555;4.455065541046613;8.50079980517746
3521447.797449468;-8.687597655992569;-21.644034959798724;4.455031873395058;8.501405430411097
3522258.734128837;-8.700938697889345;-21.657942792223558;4.454998213630946;8.502005880703265
3523069.857554775;-8.714753857015301;-21.672319561727065;4.454964561747537;8.502601142964227
3523881.167770289;-8.729038325658573;-21.687160447509633;4.454930917738082;8.503191204112976
3524692.664818393;-8.743787181293296;-21.702460513919032;4.454897281595142;8.503776051030595
3525504.348742111;-8.758995391018273;-21.71821471491173;4.454863653312444;8.504355670581019
3526316.219584478;-8.774657817083442;-21.734417899584308;4.45483003288349;8.504930049617375
3527128.27738854;-8.7907692221402;-21.75106481741934;4.454796420301073;8.505499174978063
3527940.522197349;-8.807324273867474;-21.76815012292524;4.454762815558956;8.50606303349881
3528752.954053972;-8.82431755066577;-21.78566838129553;4.454729218650163;8.506621611979595
3529565.573001481;-8.841743546625963;-21.803614073418572;4.454695629567464;8.507174897225143
3530378.379082962;-8.859596676233924;-21.821981600584696;4.454662048304869;8.507722876045902
3531191.372341508;-8.87787128019836;-21.84076529027041;4.454628474855406;8.508265535216642
3532004.552820223;-8.896561630237793;-21.859959400975594;4.4545949092121075;8.508802861525696
3532817.920562223;-8.915661934021905;-21.879558127147458;4.454561351368506;8.509334841757049
3533631.475610629;-8.935166340518409;-21.89955560451356;4.454527801317606;8.509861462677543
3534445.218008577;-8.955068944811593;-21.919945914935628;4.454494259052469;8.510382711071568
3535259.14779921;-8.975363792726466;-21.940723091003;4.4544607245673316;8.510898573709207
3536073.265025681;-8.996044886549239;-21.961881121760452;4.454427197854749;8.511409037356465
3536887.569731155;-9.017106189238195;-21.983413956951804;4.45439367890753;8.51191408880608
3537702.061958806;-9.038541628828563;-22.005315511374075;4.454360167720161;8.512413714825355
3538516.741751815;-9.060345104060506;-22.02757967056572;4.454326664285197;8.512907902220016
3539331.609153378;-9.082510488404992;-22.050200294768704;4.454293168595434;8.513396637768281
3540146.664206697;-9.105031634106048;-22.07317122301651;4.454259680645397;8.513879908265057
3540961.906954987;-9.127902377746418;-22.09648627870616;4.4542262004271445;8.514357700532596
3541777.337441469;-9.15111654336444;-22.120139272677513;4.45419272793468;8.514830001378394
3542592.955709378;-9.174667947486213;-22.144124008277075;4.454159263160836;8.515296797630022
3543408.761801957;-9.19855040266177;-22.168434284892044;4.45412580609938;8.515758076130895
3544224.755762459;-9.222757721913684;-22.19306390237943;4.454092356743352;8.516213823722392
3545040.937634147;-9.247283722390534;-22.218006664759503;4.454058915085834;8.516664027283142
3545857.307460295;-9.272122229133501;-22.24325638393013;4.4540254811200795;8.517108673676546
3546673.865284184;-9.297267078479424;-22.268806883115634;4.453992054840398;8.51754774979581
3547490.61114911;-9.322712122578842;-22.2946520013858;4.453958636238354;8.5179812425686
3548307.545098374;-9.348451231322194;-22.32078559552675;4.453925225308729;8.518409138895823
3549124.667175289;-9.37447829698832;-22.34720154476173;4.453891822044093;8.518831425729315
3549941.977423178;-9.400787236685916;-22.373893753157095;4.453858426437744;8.51924809003343
3550759.475885376;-9.427371995565952;-22.400856152826076;4.453825038483236;8.519659118776886
3551577.162605224;-9.454226549988517;-22.428082707114115;4.453791658173375;8.520064498952225
3552395.037626075;-9.481344909757809;-22.455567412865136;4.453758285502446;8.520464217604882
3553213.100991292;-9.508721121790915;-22.48330430398736;4.453724920462781;8.520858261733666
3554031.352744248;-9.53634927170185;-22.511287453174663;4.453691563048176;8.521246618424641
3554849.792928326;-9.564223486926508;-22.539510974915554;4.453658213251712;8.521629274737336
3555668.42158692;-9.592337938820387;-22.567969027663484;4.453624871066449;8.52200621777665
3556487.23876343;-9.620686844669434;-22.596655815829894;4.453591536486414;8.522377434674047
3557306.244501271;-9.649264470406617;-22.625565592470323;4.4535582095042185;8.522742912559487
3558125.438843866;-9.678065131926335;-22.654692660658725;4.453524890113641;8.523102638618747
3558944.821834647;-9.707083197621978;-22.684031375942162;4.453491578307275;8.523456600012908
3559764.393517056;-9.736313089414724;-22.71357614747732;4.453458274079174;8.52380478398342
3560584.153934549;-9.765749285065793;-22.743321440231114;4.453424977422655;8.524147177742666
3561404.103130586;-9.79538631950322;-22.773261776403576;4.4533916883308;8.52448376856956
3562224.24114864;-9.825218786366218;-22.80339173689604;4.453358406796437;8.524814543733383
3563044.568032195;-9.855241339018637;-22.833705962378627;4.453325132813365;8.525139490546623
3563865.083824744;-9.88544869209504;-22.864199154811256;4.453291866375174;8.525458596341037
3564685.788569788;-9.915835622833917;-22.89486607879053;4.453258607474442;8.525771848482174
3565506.682310842;-9.946396971538299;-22.925701561970317;4.453225356105489;8.526079234326527
3566327.765091429;-9.977127643318846;-22.95670049687766;4.453192112260638;8.526380741298173
3567149.03695508;-10.008022608238017;-22.987857840993353;4.453158875933733;8.5266763568216
3567970.49794534;-10.039076902555387;-23.01916861801946;4.453125647118086;8.526966068345988
3568792.148105762;-10.070285629370142;-23.050627918531298;4.453092425806564;8.527249863354589
3569613.987479907;-10.101643958971868;-23.082230900320244;4.453059211992965;8.527527729355407
3570436.01611135;-10.133147129707346;-23.11397278923493;4.453026005670635;8.527799653856938
3571258.234043673;-10.164790448329128;-23.145848879592535;4.452992806832662;8.528065624430742
3572080.64132047;-10.196569290400168;-23.177854534521245;4.452959615472144;8.528325628648933
3572903.237985344;-10.228479100391423;-23.209985186082847;4.452926431583126;8.528579654108299
3573726.024081908;-10.260515392424763;-23.242236336017633;4.452893255158249;8.528827688434623
3574548.999653785;-10.292673749918627;-23.27460355538841;4.452860086191324;8.529069719278455
3575372.16474461;-10.32494982614824;-23.307082485138004;4.452826924675209;8.529305734314557
3576195.519398024;-10.357339343914456;-23.339668835769707;4.452793770603726;8.529535721251522
3577019.063657681;-10.389838096021665;-23.372358387784665;4.452760623969507;8.529759667793495
3577842.797567246;-10.422441944609771;-23.405146991083626;4.45272748476662;8.529977561707238
3578666.721170391;-10.45514682153513;-23.438030565273355;4.452694352988631;8.530189390749593
3579490.834510801;-10.487948728375645;-23.471005099724074;4.45266122862746;8.53039514272097
3580315.137632168;-10.520843735346151;-23.50406665246455;4.452628111677917;8.530594805440485
3581139.630578197;-10.553827982018234;-23.537211350902155;4.452595002132825;8.530788366751104
3581964.313392601;-10.586897676605854;-23.570435391110482;4.452561899985101;8.530975814519522
3582789.186119103;-10.620049095445616;-23.60373503730528;4.452528805228781;8.531157136630883
3583614.248801439;-10.653278582990005;-23.637106621855356;4.452495717857011;8.531332321008337
3584439.501483352;-10.686582551347573;-23.670546544789048;4.452462637862409;8.531501355579065
3585264.944208596;-10.71995747936603;-23.70405127290848;4.45242956523953;8.531664228302919
3586090.577020935;-10.753399912857248;-23.737617340005905;4.452396499981014;8.531820927167644
3586916.399964143;-10.786906463628474;-23.771241345887795;4.452363442080228;8.531971440179094
3587742.413082005;-10.820473809108206;-23.80491995599471;4.452330391530268;8.532115755356237
3588568.616418315;-10.85409869154638;-23.838649900636657;4.452297348325237;8.532253860765046
3589395.010016878;-10.887777917898742;-23.872427974821253;4.452264312457771;8.532385744464738
3590221.593921507;-10.921508358734165;-23.90625103722194;4.452231283921489;8.532511394566288
3591048.368176029;-10.955286947828302;-23.94011600971686;4.452198262709965;8.532630799178595
3591875.332824276;-10.989110681474232;-23.97401987672413;4.452165248816841;8.532743946433056
3592702.487910095;-11.02297661808546;-24.007959684831253;4.452132242233989;8.532850824511803
3593529.83347734;-11.056881876761263;-24.04193254130316;4.452099242956279;8.532951421585617
3594357.369569877;-11.09082363733959;-24.07593561418729;4.4520662509768165;8.533045725870886
3595185.096231579;-11.124799139530182;-24.109966131414595;4.452033266287986;8.533133725596425
3596013.013506333;-11.158805681733558;-24.144021379616017;4.452000288884151;8.533215408998306
3596841.121438034;-11.192840620767445;-24.178098703879463;4.4519673187587;8.533290764353314
3597669.420070588;-11.226901371080647;-24.21219550695431;4.451934355904253;8.533359779969409
3598497.909447909;-11.260985403632377;-24.246309248090046;4.45190140031516;8.53342244414251
3599326.589613924;-11.295090245694528;-24.280437442901437;4.451868451983588;8.533478745223324
3600155.460612568;-11.329213479463025;-24.314577661926577;4.451835510903635;8.533528671559917
3600984.522487787;-11.363352741664876;-24.348727530274314;4.451802577068712;8.533572211540731
3601813.775283537;-11.397505722671468;-24.38288472670002;4.451769650472398;8.53360935355615
3602643.219043785;-11.431670165890008;-24.41704698301951;4.451736731107138;8.533640086022364
3603472.853812506;-11.465843866522892;-24.45121208288587;4.451703818967027;8.53366439739595
3604302.679633688;-11.500024671158553;-24.485377861329592;4.451670914045699;8.53368227612534
3605132.696551326;-11.534210477035183;-24.519542204074867;4.451638016335561;8.533693710704126
3605962.904609427;-11.568399230835873;-24.55370304630356;4.451605125830733;8.533698689636951
3606793.303852008;-11.602588928265082;-24.587858372229526;4.451572242524598;8.533697201439844
3607623.894323096;-11.636777613235573;-24.6220062143091;4.45153936640983;8.533689234663699
3608454.676066727;-11.670963376721966;-24.656144652083203;4.451506497480776;8.53367477788046
3609285.64912695;-11.70514435646413;-24.69027181186751;4.451473635730363;8.533653819673013
3610116.813547822;-11.739318735945709;-24.724385865746854;4.451440781151448;8.533626348649696
3610948.169373409;-11.773484743402864;-24.758485030580847;4.451407933738464;8.53359235343952
3611779.71664779;-11.807640651515117;-24.792567567691222;4.451375093484029;8.533551822692077
3612611.455415052;-11.841784776285042;-24.82663178173467;4.451342260381566;8.533504745068058
3613443.385719294;-11.87591547631312;-24.86067602001061;4.4513094344246955;8.5334511092728
3614275.507604623;-11.91003115207408;-24.894698671698983;4.45127661560732;8.53339090401758
3615107.821115158;-11.944130245464834;-24.92869816740638;4.451243803921373;8.533324118020172
3615940.326295027;-11.978211238346212;-24.962672977750636;4.451210999361694;8.533250740042726
3616773.023188369;-12.012272652491955;-24.996621613276723;4.4511782019212305;8.53317075886354
3617605.911839332;-12.046313048575302;-25.030542623430343;4.451145411593137;8.533084163261899
3618438.992292075;-12.080331025406267;-25.064434595829628;4.451112628370814;8.532990942052546
3619272.264590768;-12.114325219237427;-25.098296155570026;4.451079852247656;8.532891084084941
3620105.72877959;-12.148294303027324;-25.132125964455195;4.451047083217562;8.532784578210311
3620939.384902729;-12.182236985967776;-25.165922720536248;4.451014321272967;8.532671413295507
3621773.233004387;-12.216152012354048;-25.199685157009814;4.450981566408025;8.532551578247743
3622607.273128771;-12.250038161310586;-25.233412041906416;4.45094881861564;8.532425061980192
3623441.505320103;-12.283894245730835;-25.267102177062686;4.450916077890216;8.532291853441636
3624275.929622613;-12.317719112059429;-25.30075439785634;4.4508833442244224;8.53215194157249
3625110.54608054;-12.351511639311346;-25.334367572285835;4.4508506176111915;8.5320053153633
3625945.354738136;-12.385270738375935;-25.367940600236185;4.450817898044408;8.531851963815836
3626780.355639661;-12.418995351504474;-25.401472412975;4.450785185517769;8.531691875952758
3627615.548829386;-12.452684451683048;-25.43496197252578;4.450752480024658;8.531525040818078
3628450.934351592;-12.486337042084589;-25.468408271114047;4.450719781557538;8.531351447471916
3629286.51225057;-12.519952155090477;-25.50181033020661;4.450687090110798;8.531171085005331
3630122.282570622;-12.55352885206944;-25.535167200277588;4.450654405677617;8.530983942530527
3630958.24535606;-12.587066222614672;-25.568477960032766;4.45062172825142;8.53079000916668
3631794.400651205;-12.620563383988756;-25.601741715878322;4.450589057825375;8.530589274064189
3632630.74850039;-12.654019480453108;-25.634957601245823;4.450556394393155;8.530381726399558
3633467.288947957;-12.687433682819126;-25.668124776137915;4.450523737947954;8.530167355370835
3634304.022038258;-12.720805187773244;-25.701242426425832;4.450491088483677;8.52994615016891
3635140.947815656;-12.754133217487686;-25.734309763535133;4.450458445992778;8.529718100054668
3635978.066324525;-12.787417018745849;-25.76732602349753;4.4504258104699055;8.529483194281779
3636815.377609246;-12.820655862864532;-25.800290466897756;4.450393181907509;8.529241422125715
3637652.881714214;-12.853849044777972;-25.833202377966312;4.4503605602992815;8.528992772889062
3638490.578683833;-12.886995882672164;-25.86606106420255;4.450327945638867;8.528737235891523
3639328.468562515;-12.920095717498963;-25.898865855907893;4.450295337919489;8.528474800489441
3640166.551394686;-12.95314791245081;-25.931616105637005;4.450262737134343;8.528205456051852
3641004.827224779;-12.986151852395572;-25.96431118763341;4.450230143277305;8.52792919196053
3641843.296097239;-13.019106943508644;-25.99695049748466;4.450197556341625;8.527645997634393
3642681.958056522;-13.052012612737979;-26.029533451563587;4.450164976320707;8.527355862504903
3643520.81314709;-13.084868307322292;-26.06205948657135;4.450132403208011;8.527058776041049
3644359.861413421;-13.117673494382242;-26.09452805909441;4.450099836996956;8.52675472771521
3645199.102899999;-13.150427660423595;-26.126938645141937;4.450067277680999;8.526443707037343
3646038.537651321;-13.183130310996408;-26.15929073978455;4.450034725252856;8.526125703535284
3646878.165711891;-13.215780969967994;-26.191583856431006;4.450002179707417;8.525800706755597
3647717.987126227;-13.248379179546303;-26.22381752686101;4.44996964103717;8.525468706277533
3648558.001938855;-13.280924499541019;-26.255991300470672;4.449937109235561;8.52512969169409
3649398.210194312;-13.313416507022854;-26.288104743940917;4.449904584296261;8.5247836526218
3650238.611937144;-13.345854795931839;-26.320157440874453;4.449872066212738;8.524430578729879
3651079.207211909;-13.378238976802075;-26.35214899143817;4.449839554977952;8.524070459658141
3651919.996063174;-13.410568676091575;-26.384079011781893;4.449807050586328;8.523703285103995
3652760.978535518;-13.442843536186084;-26.41594713401489;4.449774553030102;8.523329044798706
3653602.154673527;-13.475063214662944;-26.447753005439758;4.449742062303445;8.522947728473365
3654443.524521801;-13.507227384192316;-26.47949628848452;4.449709578399356;8.52255932589285
3655285.088124948;-13.539335731968885;-26.511176660132506;4.4496771013119805;8.522163826851639
3656126.845527587;-13.571387959626687;-26.542793811805158;4.449644631034077;8.521761221144395
3656968.796774347;-13.603383782571965;-26.574347448765533;4.449612167559824;8.521351498633745
3657810.941909867;-13.635322930003362;-26.605837290063317;4.449579710881709;8.520934649178244
3658653.280978798;-13.66720514428617;-26.637263067926824;4.44954726099367;8.520510662646986
3659495.814025798;-13.699030180701918;-26.668624527569015;4.449514817889667;8.520079528977426
3660338.541095539;-13.730797807352817;-26.69992142700864;4.449482381562179;8.519641238093648
3661181.462232701;-13.762507804535373;-26.731153536495246;4.449449952005164;8.519195779954707
3662024.577481974;-13.794159964585031;-26.762320638366496;4.449417529212323;8.518743144569141
3662867.88688806;-13.82575409169657;-26.793422526810467;4.449385113176416;8.518283321937485
3663711.39049567;-13.857290001384268;-26.824459007371566;4.449352703891603;8.517816302095692
3664555.088349526;-13.88876752041531;-26.85542989689077;4.449320301350892;8.517342075124564
3665398.98049436;-13.920186486413176;-26.88633502306823;4.449287905547978;8.516860631107075
3666243.066974913;-13.951546747653602;-26.91717422429172;4.449255516476109;8.516371960162013
3667087.34783594;-13.982848162748677;-26.94794734931182;4.449223134128754;8.51587605243439
3667931.823122202;-14.014090600362575;-26.978654256962894;4.449190758499864;8.515372898100457
3668776.492878473;-14.045273939098553;-27.009294816029513;4.449158389582423;8.514862487348541
3669621.357149536;-14.076398067088547;-27.03986890487161;4.449126027369913;8.514344810413148
3670466.415980186;-14.10746288181635;-27.070376411213335;4.449093671856045;8.513819857540941
3671311.669415227;-14.138468289935211;-27.100817231970318;4.44906132303382;8.513287619001282
3672157.117499472;-14.16941420687449;-27.131191272890582;4.449028980897201;8.512748085118888
3673002.760277746;-14.200300556799924;-27.161498448456776;4.448996645439423;8.512201246217428
3673848.597794886;-14.231127272296114;-27.1917386816073;4.4489643166537265;8.511647092657462
3674694.630095736;-14.261894294128437;-27.22191190347981;4.448931994533837;8.511085614817537
3675540.857225152;-14.292601571040054;-27.252018053236753;4.448899679073477;8.510516803123224
3676387.279228;-14.323249059605686;-27.282057077894628;4.448867370265891;8.509940648023049
3677233.896149157;-14.353836723984665;-27.312028932063722;4.448835068104553;8.509357139974501
3678080.708033509;-14.384364535695815;-27.341933577766024;4.448802772582965;8.508766269487246
3678927.714925953;-14.414832473487404;-27.371770984275877;4.448770483694128;8.50816802709434
3679774.916871397;-14.445240523055357;-27.401541127825713;4.4487382014320005;8.507562403338355
3680622.313914759;-14.475588676892922;-27.431243991488206;4.448705925790569;8.506949388804713
3681469.906100966;-14.505876934209315;-27.46087956509854;4.448673656762356;8.50632897412687
3682317.693474958;-14.53610530061856;-27.490447844888365;4.44864139434109;8.505701149928713
3683165.676081683;-14.566273787987942;-27.519948833391034;4.448609138520508;8.505065906882587
3684013.8539661;-14.596382414320193;-27.54938253931375;4.448576889293877;8.504423235699683
3684862.227173178;-14.626431203516377;-27.57874897728211;4.448544646655156;8.503773127110582
3685710.795747899;-14.656420185349967;-27.608048167813223;4.448512410597117;8.503115571866143
3686559.559735252;-14.686349395112464;-27.637280136987478;4.448480181113749;8.502450560761266
3687408.519180236;-14.716218873631746;-27.66644491644564;4.448447958198061;8.501778084615838
3688257.674127865;-14.746028666978578;-27.695542543102107;4.448415741844044;8.501098134279482
3689107.024623158;-14.775778826416941;-27.724573059099185;4.448383532045191;8.50041070063705
3689956.570711148;-14.805469408294913;-27.753536511673577;4.448351328794281;8.499715774584386
3690806.312436876;-14.835100473698633;-27.782432952856013;4.448319132085788;8.499013347071587
3691656.249845395;-14.864672088581292;-27.81126243955892;4.4482869419124835;8.49830340906514
3692506.382981768;-14.89418432341942;-27.840025033259113;4.448254758268133;8.497585951571564
3693356.711891069;-14.923637253190327;-27.86872079995549;4.448222581146222;8.496860965618945
3694207.23661838;-14.953030957204703;-27.897349810030008;4.448190410540018;8.496128442285283
3695057.957208795;-14.982365518983919;-27.925912138064305;4.448158246443519;8.495388372636869
3695908.873707419;-15.011641026146528;-27.954407862824873;4.448126088849763;8.49464074782858
3696759.986159367;-15.040857570287116;-27.982837067033707;4.448093937752472;8.493885558994114
3697611.294609764;-15.070015246839109;-28.011199837325954;4.448061793144955;8.493122797341888
3698462.799103744;-15.099114154981983;-28.039496264081496;4.448029655020929;8.492352454078585
3699314.499686455;-15.128154397510993;-28.067726441346768;4.447997523373927;8.491574520461844
3700166.396403053;-15.1571360807607;-28.09589046673452;4.447965398197217;8.490788987776604
3701018.489298703;-15.186059314433935;-28.123988441268153;4.447933279484568;8.489995847349654
3701870.778418584;-15.214924211627245;-28.152020469367322;4.447901167228757;8.489195090511316
3702723.263807882;-15.243730888490283;-28.179986658567934;4.447869061424529;8.488386708653126
3703575.945511796;-15.272479464426782;-28.207887119676045;4.447836962064414;8.487570693184846
3704428.823575534;-15.301170061747529;-28.235721966457973;4.447804869142196;8.486747035568252
3705281.898044315;-15.329802805712973;-28.263491315629103;4.447772782651612;8.485915727264521
3706135.168963367;-15.35837782441099;-28.291195286793233;4.447740702585724;8.485076759796522
3706988.636377931;-15.38689524860965;-28.31883400225909;4.4477086289385435;8.484230124710898
3707842.300333256;-15.415355211784775;-28.34640758706602;4.4476765617030845;8.483375813578164
3708696.160874603;-15.443757849875027;-28.373916168778987;4.447644500873382;8.482513818030581
3709550.218047243;-15.472103301398661;-28.401359877537388;4.447612446442219;8.481644129696507
3710404.471896456;-15.500391707133556;-28.428738845799003;4.44758039840411;8.480766740261336
3711258.922467534;-15.528623210264684;-28.456053208461395;4.447548356751853;8.479881641444857
3712113.56980578;-15.55679795616757;-28.483303102637713;4.447516321478966;8.47898882499118
3712968.413956507;-15.584916092337709;-28.510488667600615;4.4474842925794755;8.478088282683432
3713823.454965036;-15.612977768409822;-28.537610044800065;4.4474522700461785;8.477180006344069
3714678.692876702;-15.640983135937486;-28.5646673776265;4.447420253873597;8.476263987815413
3715534.127736848;-15.668932348535368;-28.591660811573448;4.447388244053785;8.475340218984298
3716389.759590828;-15.696825561499601;-28.618590493867767;4.447356240581757;8.47440869178641
3717245.588484008;-15.724662932086716;-28.645456573700656;4.447324243450058;8.473469398163882
3718101.614461763;-15.752444619165706;-28.6722592019318;4.447292252652974;8.472522330113122
3718957.837569478;-15.78017078337034;-28.698998531214208;4.447260268183054;8.471567479660816
3719814.257852548;-15.807841586832572;-28.725674715726978;4.4472282900348326;8.470604838859577
3720670.875356382;-15.835457193285432;-28.752287911308002;4.447196318201342;8.469634399821231
3721527.690126395;-15.863017767941795;-28.778838275291903;4.447164352675896;8.468656154674216
3722384.702208015;-15.89052347739419;-28.80532596643436;4.447132393452499;8.467670095587675
3723241.91164668;-15.91797448964926;-28.831751144925953;4.447100440524491;8.466676214752203
3724099.318487839;-15.945370973977717;-28.85811397229102;4.447068493885395;8.465674504427906
3724956.922776951;-15.972713100934179;-28.88441461135453;4.447036553528513;8.464664956891838
3725814.724559483;-16.000001042250165;-28.91065322614145;4.447004619447884;8.463647564443404
3726672.723880917;-16.027234970843416;-28.936829981912545;4.44697269163657;8.462622319432558
3727530.920786743;-16.054415060665654;-28.962945045014393;4.446940770088597;8.461589214260142
3728389.315322461;-16.081541486807797;-28.988998582939836;4.446908854796802;8.460548241335236
3729247.907533583;-16.108614425269717;-29.014990764147946;4.44687694575546;8.459499393122766
3730106.697465629;-16.135634053068518;-29.040921758151008;4.446845042957637;8.458442662124854
3730965.685164134;-16.16260054810664;-29.066791735370163;4.446813146397137;8.457378040866384
3731824.870674638;-16.189514089176306;-29.092600867166844;4.446781256067009;8.456305521923525
3732684.254042695;-16.216374855840602;-29.118349325712195;4.446749371961306;8.455225097910294
3733543.835313869;-16.24318302846936;-29.144037284006995;4.446717494073841;8.454136761463793
3734403.614533734;-16.269938788214237;-29.16966491587511;4.446685622397416;8.453040505263457
3735263.591747875;-16.29664231685356;-29.195232395829894;4.446653756925859;8.451936322050473
3736123.767001886;-16.3232937968623;-29.22073989908111;4.446621897652961;8.450824204565851
3736984.140341374;-16.349893411327358;-29.246187601521328;4.446590044572032;8.44970414562194
3737844.711811954;-16.376441343926015;-29.271575679652972;4.446558197676661;8.448576138050294
3738705.481459253;-16.40293777889555;-29.296904310567335;4.446526356960378;8.447440174711401
3739566.449328908;-16.429382900965376;-29.32217367192356;4.446494522416284;8.446296248541902
3740427.615466567;-16.45577689531657;-29.347383941825733;4.446462694039145;8.445144352470015
3741288.979917888;-16.48211994764592;-29.372535298967442;4.446430871821329;8.443984479500195
3742150.54272854;-16.50841224400034;-29.39762792241894;4.446399055756867;8.44281662266174
3743012.303944201;-16.534653970830878;-29.42266199168826;4.446367245839358;8.441640775018026
3743874.263610561;-16.56084531493777;-29.447637686676632;4.446335442062341;8.440456929676522
3744736.421773322;-16.586986463429376;-29.472555187628004;4.446303644419651;8.43926507977898
3745598.778478193;-16.61307760374314;-29.497414675172436;4.4462718529038705;8.438065218525427
3746461.333770896;-16.639118923515525;-29.522216330152105;4.446240067509572;8.436857339127009
3747324.087697162;-16.665110610675896;-29.54696033374973;4.446208288229796;8.43564143484404
3748187.040302734;-16.691052853289165;-29.57164686734776;4.446176515058652;8.434417498999942
3749050.191633365;-16.71694583970016;-29.596276112613964;4.446144747988706;8.4331855249251
3749913.541734818;-16.742789758310003;-29.62084825132383;4.446112987014529;8.431945505999302
3750777.090652868;-16.768584797676873;-29.645363465476827;4.446081232129455;8.430697435670501
3751640.838433297;-16.794331146539424;-29.66982193724543;4.446049483326094;8.429441307379912
3752504.785121903;-16.820028993586792;-29.69422384882375;4.446017740599466;8.428177114637496
3753368.930764489;-16.845678527667644;-29.71856938260308;4.445986003942183;8.426904850993255
3754233.275406873;-16.871279937629133;-29.74285872100114;4.445954273348094;8.425624510023916
3755097.819094881;-16.89683341231952;-29.767092046500473;4.445922548810759;8.424336085370195
3755962.56187435;-16.922339140582526;-29.79126954159719;4.445890830324249;8.423039570690413
3756827.503791128;-16.947797311297915;-29.81539138886703;4.4458591178809295;8.42173495968819
3757692.644891073;-16.9732081131788;-29.83945777078143;4.4458274114756104;8.420422246127018
3758557.985220055;-16.99857173498685;-29.86346886987134;4.44579571110093;8.419101423783555
3759423.524823952;-17.023888365311425;-29.88742486855683;4.445764016751156;8.417772486494247
3760289.263748655;-17.049158192672024;-29.911325949228814;4.44573232841967;8.41643542813712
3761155.202040064;-17.074381405489472;-29.935172294206403;4.445700646099585;8.415090242617348
3762021.33974409;-17.09955819197758;-29.958964085654436;4.44566896978542;8.413736923891436
3762887.676906656;-17.12468874026714;-29.98270150570333;4.44563729946959;8.412375465966603
3763754.213573693;-17.149773238243053;-30.006384736267794;4.445605635146647;8.411005862878095
3764620.949791145;-17.174811873652143;-30.030013959169366;4.445573976809698;8.409628108707528
3765487.885604965;-17.199804834038133;-30.053589356055106;4.445542324452097;8.408242197564876
3766355.021061116;-17.224752306650142;-30.077111108357627;4.445510678068172;8.406848123639316
3767222.356205575;-17.24965447857914;-30.1005793973509;4.445479037651269;8.40544588112049
3768089.891084325;-17.27451153663829;-30.123994404110253;4.445447403194509;8.404035464277456
3768957.625743362;-17.299323667394614;-30.147356309461713;4.44541577469174;8.402616867375361
3769825.560228694;-17.324091057096524;-30.17066529400619;4.445384152136533;8.401190084773134
3770693.694586337;-17.348813891740914;-30.193921538102884;4.445352535522284;8.399755110839687
3771562.028862318;-17.373492356967656;-30.217125221816403;4.445320924843309;8.398311940005437
3772430.563102676;-17.39812663817487;-30.24027652498333;4.445289320092715;8.396860566715743
3773299.29735346;-17.42271692038947;-30.263375627144807;4.445257721263863;8.395400985491474
3774168.231660729;-17.447263388313317;-30.286422707537113;4.445226128350377;8.393933190873422
3775037.366070553;-17.471766226261444;-30.30941794507189;4.445194541346341;8.3924571774641
3775906.700629012;-17.496225618237922;-30.33236151836915;4.445162960245112;8.390972939886117
3776776.235382198;-17.52064174783632;-30.35525360571899;4.445131385040072;8.389480472842598
3777645.970376214;-17.545014798307022;-30.378094385065634;4.445099815724794;8.387979771033816
3778515.90565717;-17.56934495245615;-30.40088403397668;4.445068252293655;8.386470829226877
3779386.041271191;-17.593632392745274;-30.423622729739563;4.4450366947388025;8.384953642255487
3780256.377264409;-17.617877301175305;-30.44631064918147;4.445005143055044;8.383428204951127
3781126.91368297;-17.642079859349998;-30.46894796880256;4.444973597235774;8.381894512216787
3781997.650573028;-17.6662402484413;-30.491534864719682;4.444942057274338;8.380352559004042
3782868.58798075;-17.690358649196213;-30.51407151264616;4.444910523164371;8.378802340285578
3783739.72595231;-17.714435241886324;-30.536558087887286;4.444878994899739;8.37724385110122
3784611.064533896;-17.73847020636859;-30.558994765363316;4.444847472473544;8.375677086521181
3785482.603771705;-17.762463722012498;-30.58138171956129;4.444815955879428;8.374102041669364
3786354.343711946;-17.786415967695074;-30.603719124511883;4.444784445111981;8.372518711704828
3787226.284400837;-17.81032712188926;-30.62600715388859;4.444752940163584;8.370927091835746
3788098.425884609;-17.83419736252492;-30.64824598086836;4.444721441028379;8.369327177315059
3788970.768209499;-17.858026867054758;-30.670435778195184;4.444689947700206;8.367718963440222
3789843.31142176;-17.881815812462406;-30.692576718183666;4.444658460172209;8.366102445549053
3790716.055567653;-17.90556437519729;-30.71466897266904;4.444626978438265;8.364477619033483
3791589.00069345;-17.929272731212443;-30.736712713038997;4.44459550249175;8.362844479334804
3792462.146845433;-17.95294105595273;-30.75870811019149;4.444564032326761;8.361203021911997
3793335.494069897;-17.976569524346246;-30.780655334579457;4.44453256793646;8.359553242296755
3794209.042413143;-18.00015831079213;-30.80255455616325;4.444501109314461;8.357895136056662
3795082.791921489;-18.023707589155492;-30.82440594441032;4.444469656454647;8.356228698800182
3795956.742641258;-18.047217532774724;-30.846209668315385;4.444438209350406;8.354553926190258
3796830.894618787;-18.070688314435287;-30.867965896357347;4.444406767995839;8.352870813926216
3797705.247900422;-18.094120106420334;-30.88967479656144;4.444375332383624;8.351179357757486
3798579.802532521;-18.117513080402006;-30.911336536398455;4.444343902508108;8.349479553488342
3799454.558561451;-18.14086740754983;-30.932951282862895;4.4443124783627095;8.347771396950357
3800329.516033592;-18.164183258455495;-30.95451920241797;4.444281059941507;8.346054884020965
3801204.674995332;-18.18746080315946;-30.97604046104796;4.444249647237439;8.344330010651062
3802080.035493072;-18.21070021114352;-30.99751522419743;4.444218240244137;8.342596772809772
3802955.597573223;-18.23390165129997;-31.018943656777417;4.444186838955698;8.34085516652175
3803831.361282205;-18.25706529197094;-31.040325923193855;4.444155443365568;8.33910518785735
3804707.326666452;-18.280191300923644;-31.06166218731976;4.4441240534673545;8.337346832928764
3805583.493772405;-18.303279845336554;-31.082952612503792;4.444092669254459;8.335580097912782
3806459.862646518;-18.326331091831417;-31.104197361547943;4.444061290720752;8.333804978995774
3807336.433335256;-18.349345206412316;-31.125396596724023;4.444029917859915;8.332021472451798
3808213.205885094;-18.372322354529715;-31.146550479773477;4.443998550665308;8.330229574578459
3809090.180342516;-18.39526270102222;-31.167659171881958;4.443967189130843;8.328429281728896
3809967.356754019;-18.418166410168332;-31.18872283369878;4.443935833250154;8.326620590280296
3810844.735166111;-18.441033645625247;-31.20974162533472;4.443904483016659;8.324803496692812
3811722.315625309;-18.463864570462714;-31.230715706333243;4.443873138424474;8.322977997446053
3812600.09817814;-18.486659347185935;-31.25164523572772;4.443841799466269;8.321144089075515
3813478.082871146;-18.509418137641592;-31.272530371946488;4.4438104661366955;8.319301768168197
3814356.269750874;-18.532141103127547;-31.29337127290523;4.443779138428907;8.317451031348776
3815234.658863886;-18.554828404328735;-31.314168095958685;4.443747816336295;8.315591875293656
3816113.250256754;-18.57748020130632;-31.334920997885458;4.443716499853009;8.313724296726129
3816992.043976058;-18.600096653524986;-31.355630134919046;4.443685188972697;8.311848292421361
3817871.040068393;-18.622677919877635;-31.376295662753723;4.443653883688317;8.309963859187773
3818750.238580361;-18.64522415859777;-31.396917736486955;4.443622583994202;8.308070993894983
3819629.639558577;-18.66773552733948;-31.4174965106784;4.443591289883798;8.306169693455121
3820509.243049665;-18.69021218313266;-31.438032139320278;4.44356000135076;8.304259954836857
3821389.049100262;-18.712654282433576;-31.458524775842367;4.4435287183887295;8.302341775020063
3822269.057757013;-18.735061981039355;-31.478974573116695;4.443497440991126;8.300415151086213
3823149.269066576;-18.757435434155077;-31.49938168343114;4.443466169152111;8.298480080123953
3824029.683075619;-18.779774796389294;-31.519746258541176;4.4434349028646105;8.296536559287272
3824910.29983082;-18.802080221707097;-31.540068449598895;4.443403642122988;8.29458458576881
3825791.119378869;-18.824351863483557;-31.56034840722636;4.443372386920225;8.29262415682258
3826672.141766466;-18.846589874459497;-31.58058628143811;4.443341137250912;8.290655269727697
3827553.367040322;-18.86879440679424;-31.600782221735347;4.44330989310754;8.288677921833566
3828434.795247158;-18.890965612001988;-31.62093637701024;4.443278654484232;8.286692110524017
3829316.426433708;-18.913103640975688;-31.641048895581786;4.443247421375393;8.284697833230707
3830198.260646713;-18.935208644031615;-31.661119925256088;4.443216193773233;8.28269508745124
3831080.297932928;-18.957280770823395;-31.681149613200375;4.443184971672867;8.28068387070411
3831962.538339119;-18.979320170432437;-31.70113810607356;4.44315375506701;8.278664180574117
3832844.98191206;-19.001326991294807;-31.721085549938156;4.443122543949559;8.27663601469379
3833727.628698537;-19.02330138125071;-31.740992090295524;4.443091338314204;8.274599370730606
3834610.478745348;-19.045243487506998;-31.760857872075185;4.443060138154843;8.272554246413343
3835493.532099301;-19.067153456678774;-31.780683039662613;4.443028943464423;8.270500639519415
3836376.788807213;-19.08903143474967;-31.80046773684324;4.4429977542373535;8.268438547856213
3837260.248915914;-19.1108775670901;-31.820212106859028;4.442966570467082;8.266367969301845
3838143.912472246;-19.132691998473643;-31.839916292394324;4.442935392146746;8.264288901773934
3839027.779523057;-19.15447487301735;-31.85958043552706;4.44290421927129;8.262201343238424
3839911.850115211;-19.176226334300466;-31.879204677834107;4.442873051832906;8.260105291700736
3840796.12429558;-19.197946525210135;-31.898789160273235;4.442841889826254;8.258000745236844
3841680.602111047;-19.21963558808851;-31.918334023277662;4.442810733244291;8.255887701944859
3842565.283608506;-19.241293664606754;-31.937839406685974;4.442779582081404;8.253766159997811
3843450.168834861;-19.262920895882395;-31.95730544980806;4.442748436330583;8.251636117595083
3844335.25783703;-19.284517422390998;-31.976732291366027;4.442717295985965;8.249497572989062
3845220.550661938;-19.30608338400416;-31.996120069539373;4.442686161040992;8.247350524494223
3846106.047356523;-19.327618919991664;-32.015468921937035;4.44265503148962;8.24519497045575
3846991.747967733;-19.3491241690119;-32.03477898562252;4.442623907325235;8.243030909285386
3847877.652542526;-19.370599269129187;-32.0540503971007;4.442592788541326;8.24085833943019
3848763.761127872;-19.392044357785874;-32.07328329229971;4.442561675132314;8.238677259381525
3849650.073770753;-19.413459571835773;-32.09247780663708;4.442530567090639;8.236487667710662
3850536.590518159;-19.434845047511967;-32.111634074916445;4.442499464411476;8.234289562993006
3851423.311417093;-19.456200920480057;-32.130752231442905;4.442468367087519;8.232082943875328
3852310.236514567;-19.477527325761002;-32.14983240994871;4.442437275112476;8.22986780907523
3853197.365857606;-19.498824397815525;-32.16887474361054;4.442406188480273;8.227644157314737
3854084.699493244;-19.52009227048618;-32.18787936506221;4.442375107184599;8.225411987391432
3854972.237468527;-19.541331077011645;-32.20684640638308;4.442344031219422;8.223171298152009
3855859.979830511;-19.562540950073487;-32.22577599913371;4.442312960577418;8.220922088482801
3856747.926626263;-19.583722021706123;-32.24466827428766;4.4422818952532666;8.218664357328269
3857636.077902862;-19.604874423391305;-32.26352336230434;4.442250835240204;8.216398103672832
3858524.433707396;-19.625998286006283;-32.282341393092594;4.442219780531898;8.214123326554413
3859412.994086965;-19.647093739831398;-32.30112249601357;4.442188731122312;8.211840025059862
3860301.759088679;-19.668160914564684;-32.3198667998949;4.442157687005121;8.2095481983251
3861190.72875966;-19.68919993932185;-32.33857443303485;4.442126648173562;8.207247845539436
3862079.90314704;-19.710210942627135;-32.3572455231768;4.442095614621805;8.204938965927855
3862969.282297963;-19.73119405242115;-32.37588019754237;4.44206458634331;8.20262155877791
3863858.866259582;-19.75214939605648;-32.39447858281007;4.442033563332032;8.200295623421564
3864748.655079063;-19.773077100333964;-32.41304080514614;4.442002545580931;8.19796115923124
3865638.64880358;-19.79397729141181;-32.431566990151104;4.441971533084713;8.195618165654578
3866528.84748032;-19.814850094937878;-32.450057262932226;4.4419405258363085;8.193266642158036
3867419.251156481;-19.83569563594429;-32.46851174805225;4.441909523829465;8.190906588278498
3868309.859879271;-19.856514038911726;-32.486930569545784;4.441878527058101;8.188538003575959
3869200.67369591;-19.877305427714724;-32.50531385092136;4.441847535516199;8.186160887690438
3870091.692653627;-19.89806992568174;-32.52366171518067;4.441816549196954;8.183775240301976
3870982.916799663;-19.91880765558146;-32.54197428478916;4.441785568094321;8.181381061113374
3871874.34618127;-19.93951873957164;-32.560251681707086;4.441754592201548;8.1789783499339
3872765.980845711;-19.960203299294342;-32.57849402735459;4.441723621513057;8.176567106547195
3873657.820840259;-19.980861455775344;-32.59670144265394;4.441692656022306;8.174147330856286
3874549.866212199;-20.00149332953025;-32.614874048017754;4.4416616957225505;8.171719022764956
3875442.117008826;-20.022099040486022;-32.63301196333317;4.441630740607719;8.169282182239423
3876334.573277446;-20.04267870798181;-32.651115307970755;4.441599790672041;8.166836809316901
3877227.235065376;-20.063232450846073;-32.669184200816275;4.441568845908484;8.164382904061712
3878120.102419945;-20.083760387339282;-32.687218760224894;4.441537906311251;8.161920466574358
3879013.175388492;-20.104262635151287;-32.705219104064284;4.441506971873582;8.159449497039411
3879906.454018365;-20.124739311422456;-32.72318534968075;4.441476042589684;8.156969995668607
3880799.938356927;-20.145190532752398;-32.74111761393261;4.441445118453013;8.154481962727202
3881693.628451548;-20.165616415190794;-32.75901601317743;4.441414199457059;8.151985398529579
3882587.52434961;-20.186017074239714;-32.776880663266034;4.441383285595788;8.149480303430535
3883481.626098509;-20.20639262484249;-32.79471167955667;4.441352376862934;8.146966677851243
3884375.933745647;-20.22674318140845;-32.81250917691409;4.441321473252201;8.144444522253437
3885270.447338441;-20.247068857804752;-32.8302732697055;4.441290574757543;8.141913837143207
3886165.166924316;-20.267369767375985;-32.84800407182833;4.441259681371747;8.139374623080597
3887060.092550709;-20.28764602288461;-32.86570169665281;4.441228793089737;8.136826880678472
3887955.224265069;-20.307897736609874;-32.883366257100185;4.441197909904259;8.134270610586057
3888850.562114854;-20.328125020265855;-32.900997865585325;4.441167031809295;8.131705813510175
3889746.106147535;-20.34832798502088;-32.91859663403915;4.4411361587988205;8.129132490219446
3890641.856410591;-20.36850674153903;-32.936162673911696;4.4411052908667825;8.126550641505881
3891537.812951516;-20.38866139995592;-32.953696096189454;4.441074428006213;8.123960268227322
3892433.975817812;-20.40879206986745;-32.97119701136492;4.441043570211061;8.121361371286408
3893330.345056992;-20.42889886034793;-32.988665529462025;4.441012717474834;8.118753951639262
3894226.92071658;-20.448981879954417;-33.00610176001526;4.440981869791981;8.11613801026886
3895123.702844114;-20.469041236708772;-33.02350581210636;4.440951027155764;8.113513548241823
3896020.691487138;-20.489077038123504;-33.040877794344006;4.440920189559646;8.110880566660853
3896917.88669321;-20.50908939121459;-33.05821781485901;4.440889356997619;8.108239066646801
3897815.2885099;-20.529078402435484;-33.075525981316446;4.440858529463677;8.105589049417288
3898712.896984785;-20.549044177769353;-33.09280240092459;4.440827706951303;8.102930516203935
3899610.712165456;-20.568986822670922;-33.110047180437334;4.440796889453493;8.100263468312917
3900508.734099515;-20.58890644207251;-33.12726042611151;4.440766076965459;8.097587907073546
3901406.962834574;-20.60880314042833;-33.14444224379292;4.440735269479486;8.094903833885109
3902305.398418256;-20.62867702165798;-33.161592738831075;4.44070446699027;8.092211250182826
3903204.040898195;-20.64852818919366;-33.17871201613971;4.440673669491316;8.089510157454745
3904102.890322036;-20.6683567459746;-33.195800180183696;4.440642876975879;8.08680055723322
3905001.946737436;-20.688162794405844;-33.21285733495649;4.440612089438444;8.084082451112199
3905901.210192061;-20.70794643643772;-33.22988358403054;4.440581306871763;8.08135584072106
3906800.680733589;-20.727707773482017;-33.246879030495045;4.440550529270797;8.078620727742232
3907700.358409709;-20.7474469065026;-33.26384377702882;4.440519756628331;8.075877113897889
3908600.243268122;-20.76716393592934;-33.28077792584765;4.440488988938341;8.073125000979966
3909500.335356539;-20.786858961726864;-33.297681578733275;4.440458226194352;8.070364390812061
3910400.63472268;-20.806532083356615;-33.31455483700905;4.440427468391065;8.067595285261369
3911301.14141428;-20.826183399811846;-33.33139780159772;4.44039671552077;8.064817686265096
3912201.855479082;-20.845813009583654;-33.34821057294506;4.440365967578439;8.062031595782965
3913102.776964841;-20.865421010690444;-33.36499325109192;4.4403352245571;8.059237015844376
3914003.905919324;-20.885007500660105;-33.38174593563338;4.440304486450727;8.05643394852256
3914905.242390306;-20.90457257656565;-33.39846872573649;4.440273753253098;8.053622395917753
3915806.786425577;-20.9241163349874;-33.415161720148475;4.440243024957456;8.050802360203622
3916708.538072934;-20.943638872006503;-33.43182501716723;4.440212301558539;8.047973843602186
3917610.497380188;-20.963140283280378;-33.44845871469164;4.44018158304937;8.04513684836189
3918512.664395161;-20.98262066396718;-33.46506291018747;4.440150869423705;8.042291376796587
3919415.039165683;-21.002080108756665;-33.481637700695515;4.440120160675533;8.039437431263318
3920317.621739598;-21.021518711883623;-33.49818318284521;4.440089456798377;8.036575014163214
3921220.412164759;-21.04093656709672;-33.51469945284067;4.440058757786254;8.033704127957689
3922123.410489033;-21.06033376770343;-33.53118660647945;4.440028063632653;8.030824775143369
3923026.616760294;-21.079710406549218;-33.547644739144864;4.439997374331101;8.027936958264549
3923930.031026431;-21.099066576000585;-33.5640739457941;4.439966689876097;8.02504067991742
3924833.65333534;-21.11840236799084;-33.58047432099726;4.439936010260646;8.022135942745777
3925737.483734932;-21.137717873980755;-33.59684595890461;4.439905335478544;8.01922274944532
3926641.522273126;-21.157013184967866;-33.61318895325133;4.439874665524254;8.016301102759206
3927545.768997854;-21.176288391535742;-33.62950339738787;4.439844000390836;8.013371005461293
3928450.223957057;-21.195543583788215;-33.6457893842501;4.439813340072289;8.010432460389595
3929354.88719869;-21.2147788513848;-33.66204700637659;4.439782684562356;8.00748547042943
3930259.758770716;-21.233994283550604;-33.67827635591029;4.439752033854585;8.004530038505104
3931164.838721111;-21.253189969059783;-33.69447752458707;4.439721387943228;8.001566167584059
3932070.127097861;-21.272365996230967;-33.710650603762545;4.439690746821549;7.998593860710031
3932975.623948964;-21.29152245297153;-33.72679568439118;4.439660110483347;7.995613120936305
3933881.329322428;-21.310659426731213;-33.7429128570338;4.439629478922607;7.992623951379983
3934787.243266273;-21.329777004514003;-33.75900221186484;4.439598852133107;7.989626355217727
3935693.365828529;-21.348875272925856;-33.775063838677646;4.439568230108126;7.986620335643659
3936599.697057238;-21.3679543181007;-33.791097826863016;4.439537612842196;7.983605895920123
3937506.237000454;-21.387014225760037;-33.807104265448224;4.439507000328318;7.980583039359872
3938412.985706239;-21.406055081190445;-33.823083243057596;4.4394763925610174;7.977551769306133
3939319.943222668;-21.425076969276567;-33.83903484796215;4.4394457895328445;7.974512089152731
3940227.109597828;-21.444079974424906;-33.85495916802065;4.439415191238797;7.971464002356942
3941134.484879816;-21.463064180660503;-33.87085629073845;4.4393845976721735;7.968407512405772
3942042.06911674;-21.482029671576278;-33.88672630323598;4.439354008826973;7.965342622832729
3942949.862356718;-21.500976530352112;-33.9025692922666;4.43932342469674;7.96226933721775
3943857.864647881;-21.51990483974352;-33.91838534422157;4.439292845274283;7.959187659203759
3944766.076038371;-21.53881468207363;-33.93417454508392;4.439262270555318;7.956097592454966
3945674.49657634;-21.557706139282978;-33.949936980513456;4.439231700532185;7.952999140698298
3946583.126309952;-21.576579292879764;-33.96567273578137;4.439201135198883;7.949892307702725
3947491.96528738;-21.595434223960964;-33.981381895793774;4.439170574549455;7.946777097283354
3948401.013556812;-21.61427101321969;-33.99706454509444;4.439140018577918;7.943653513296834
3949310.271166443;-21.633089740939567;-34.01272076787548;4.439109467277558;7.940521559658352
3950219.738164482;-21.651890487008068;-34.02835064796248;4.439078920642183;7.937381240312233
3951129.414599147;-21.67067333089407;-34.043954268821004;4.4390483786658;7.934232559261138
3952039.300518669;-21.68943835168251;-34.0595317135689;4.439017841341737;7.931075520544649
3952949.395971289;-21.708185628041036;-34.075083064961674;4.438987308663997;7.927910128256642
3953859.701005259;-21.726915238235822;-34.09060840539525;4.438956780627094;7.924736386532335
3954770.215668843;-21.74562726017075;-34.10610781694195;4.438926257223381;7.921554299547821
3955680.940010315;-21.764321771310975;-34.12158138129198;4.4388957384478385;7.918363871533166
3956591.874077961;-21.782998848767704;-34.13702917980859;4.4388652242937905;7.915165106747095
3957503.017920078;-21.801658569236523;-34.15245129350927;4.438834714754527;7.911958009518222
3958414.371584973;-21.820301009019833;-34.167847803052126;4.438804209824571;7.908742584207721
3959325.935120966;-21.838926244049457;-34.183218788764805;4.438773709497475;7.9055188352178725
3960237.708576387;-21.857534349860906;-34.19856433062799;4.43874321376726;7.902286766999823
3961149.691999577;-21.87612540162175;-34.213884508294385;4.43871272262702;7.899046384045615
3962061.885438889;-21.894699474078728;-34.229179401062105;4.438682236071249;7.895797690912126
3962974.288942686;-21.913256641660382;-34.24444908790989;4.438651754093034;7.892540692156475
3963886.902559343;-21.93179697834552;-34.25969364746525;4.438621276686884;7.889275392432848
3964799.726337246;-21.950320557798527;-34.274913158039894;4.438590803845881;7.886001796395485
3965712.760324791;-21.968827453248437;-34.2901076975965;4.438560335564563;7.882719908783499
3966626.004570387;-21.987317737602247;-34.30527734378975;4.438529871835699;7.879429734351801
3967539.459122453;-22.005791483364867;-34.32042217391889;4.438499412654357;7.8761312778996695
3968453.12402942;-22.024248762687137;-34.33554226498293;4.438468958013363;7.8728245442824205
3969366.999339729;-22.04268964733568;-34.35063769364208;4.438438507906732;7.869509538399665
3970281.085101832;-22.06111420872084;-34.36570853623573;4.438408062328289;7.866186265186599
3971195.381364195;-22.07952251788077;-34.38075486877915;4.438377621272058;7.8628547296263305
3972109.888175291;-22.097914645490654;-34.39577676697217;4.438347184731628;7.859514936749892
3973024.605583607;-22.11629066187195;-34.41077430619985;4.438316752700294;7.856166891627608
3973939.533637641;-22.134650636985427;-34.42574756151552;4.438286325172594;7.852810599357502
3974854.672385901;-22.152994640405126;-34.44069660766843;4.438255902142101;7.849446065121198
3975770.021876906;-22.171322741385204;-34.45562151909118;4.438225483602592;7.846073294103395
3976685.582159188;-22.189635008814044;-34.47052236990572;4.438195069547672;7.842692291544008
3977601.353281289;-22.20793151119846;-34.48539923391645;4.4381646599716005;7.839303062746388
3978517.335291761;-22.226212316737076;-34.500252184632984;4.4381342548672365;7.835905613028667
3979433.528239171;-22.244477493240193;-34.51508129523377;4.438103854229595;7.832499947763983
3980349.932172092;-22.26272710819226;-34.52988663861224;4.4380734580517425;7.829086072368241
3981266.547139111;-22.280961228709696;-34.54466828734575;4.438043066327762;7.82566399230829
3982183.373188828;-22.29917992159105;-34.55942631371897;4.438012679050715;7.822233713077208
3983100.410369851;-22.317383253264467;-34.57416078969875;4.437982296215144;7.818795240219142
3984017.658730799;-22.335571289816514;-34.58887178695956;4.437951917814864;7.815348579328178
3984935.118320306;-22.35374409701898;-34.60355937687932;4.437921543843446;7.811893736016891
3985852.789187013;-22.371901740276755;-34.61822363053551;4.437891174294716;7.808430715964036
3986770.671379575;-22.39004428466363;-34.63286461871239;4.4378608091622365;7.804959524886516
3987688.764946657;-22.408171794909602;-34.647482411889385;4.437830448440546;7.801480168539243
3988607.069936935;-22.42628433543971;-34.66207708027282;4.437800092122256;7.797992652710857
3989525.586399097;-22.444381970309557;-34.67664869375193;4.437769740202388;7.794496983239986
3990444.314381841;-22.462464763256932;-34.691197321945594;4.437739392674055;7.790993166014612
3991363.253933878;-22.48053277769156;-34.70572303417173;4.4377090495315255;7.787481206948649
3992282.405103929;-22.498586076695524;-34.72022589947266;4.437678710767924;7.783961112009214
3993201.767940727;-22.516624723016673;-34.734705986594776;4.437648376377304;7.7804328872008
3994121.342493014;-22.53464877907441;-34.74916336399739;4.437618046353955;7.776896538569023
3995041.128809546;-22.552658306982;-34.76359809986611;4.437587720691237;7.773352072192877
3995961.12693909;-22.570653368509124;-34.77801026210009;4.437557399382953;7.769799494208006
3996881.336930421;-22.588634025105776;-34.79239991831233;4.437527082423433;7.766238810783113
3997801.75883233;-22.606600337923975;-34.80676713584952;4.437496769805756;7.76267002811979
3998722.392693616;-22.624552367771834;-34.82111198176805;4.4374664615242345;7.7590931524719835
3999643.238563089;-22.642490175150858;-34.8354345228573;4.437436157572217;7.7555081901342255
4000564.296489573;-22.660413820239214;-34.84973482562459;4.437405857943772;7.751915147441602
4001485.566521901;-22.678323362924804;-34.86401295630344;4.437375562632965;7.748314030745669
4002407.048708917;-22.696218862755334;-34.87826898086209;4.4373452716331325;7.744704846473622
4003328.743099478;-22.71410037897228;-34.89250296498788;4.437314984938602;7.741087601076996
4004250.64974245;-22.7319679705301;-34.906714974108375;4.4372847025427;7.737462301035572
4005172.768686713;-22.749821696040637;-34.92090507337272;4.437254424439761;7.7338289528923205
4006095.099981157;-22.767661613841472;-34.935073327674914;4.437224150622883;7.730187563210553
4007017.643674681;-22.785487781944184;-34.9492198016313;4.437193881086382;7.726538138600732
4007940.3998162;-22.803300258053728;-34.96334455959852;4.437163615824079;7.72288068572071
4008863.368454636;-22.82109909958539;-34.977447665667626;4.4371333548300615;7.719215211252171
4009786.549638923;-22.838884363657087;-34.99152918368139;4.437103098096958;7.715541721927352
4010709.943418009;-22.85665610706786;-35.005589177194516;4.437072845620276;7.711860224506381
4011633.549840851;-22.87441438633219;-35.01962770953196;4.437042597392415;7.708170725807357
4012557.368956417;-22.892159257667906;-35.033644843740014;4.437012353407934;7.7044732326641725
4013481.400813687;-22.909890776991855;-35.04764064261717;4.43698211366042;7.700767751964896
4014405.645461653;-22.927608999923102;-35.0616151686996;4.436951878144212;7.69705429063229
4015330.102949317;-22.945313981799053;-35.0755684842826;4.4369216468521655;7.693332855631384
4016254.773325692;-22.963005777662268;-35.08950065139499;4.436891419778608;7.6896034539541125
4017179.656639805;-22.98068444225221;-35.10341173181566;4.436861196917625;7.685866092645822
4018104.752940691;-22.9983500300489;-35.117301787082155;4.436830978262315;7.682120778770941
4019030.062277397;-23.016002595201925;-35.131170878464395;4.436800763807744;7.678367519454728
4019955.584698983;-23.033642191614913;-35.14501906700639;4.436770553546552;7.674606321844921
4020881.32025452;-23.051268872893708;-35.15884641349001;4.436740347473038;7.670837193123267
4021807.268993089;-23.068882692351053;-35.172652978459666;4.436710145580595;7.667060140528018
4022733.430963781;-23.086483703022573;-35.18643882220243;4.436679947864002;7.663275171315858
4023659.806215703;-23.10407195767059;-35.20020400477908;4.436649754316154;7.659482292792333
4024586.394797969;-23.121647508771886;-35.21394858599545;4.436619564931382;7.6556815122921895
4025513.196759705;-23.139210408528008;-35.22767262542263;4.436589379703277;7.651872837191343
4026440.212150051;-23.15676070885653;-35.24137618238535;4.4365591986262;7.64805627490262
4027367.441018155;-23.174298461408434;-35.255059315980844;4.436529021693226;7.64423183287919
4028294.883413179;-23.191823717561782;-35.268722085059906;4.436498848898473;7.640399518599647
4029222.539384293;-23.209336528408897;-35.28236454823875;4.4364686802357935;7.63655933959406
4030150.408980682;-23.22683694478001;-35.29598676389713;4.436438515699265;7.632711303417854
4031078.492251541;-23.24432501723684;-35.309588790181984;4.436408355282752;7.62885541766239
4032006.789246075;-23.261800796074446;-35.323170685016386;4.436378198979132;7.624991689962806
4032935.300013502;-23.279264331300233;-35.33673250607034;4.436348046783709;7.621120127986398
4033864.02460305;-23.296715672684478;-35.35027431080622;4.436317898689118;7.617240739432628
4034792.963063959;-23.31415486970858;-35.36379615644224;4.436287754689701;7.613353532043959
4035722.115445482;-23.331581971602233;-35.37729809997262;4.436257614779322;7.609458513591064
4036651.48179688;-23.348997027325243;-35.390780198167896;4.436227478951336;7.605555691891322
4037581.062167428;-23.36640008558132;-35.40424250756032;4.436197347200577;7.601645074778426
4038510.85660641;-23.3837911948113;-35.41768508447169;4.436167219520172;7.597726670140222
4039440.865163125;-23.4011704032034;-35.43110798499527;4.4361370959037325;7.593800485888137
4040371.087886879;-23.41853775866932;-35.44451126499139;4.436106976346073;7.5898665299760015
4041301.524826992;-23.435893308899225;-35.45789498011652;4.436076860839892;7.585924810377413
4042232.176032796;-23.453237101288344;-35.47125918579103;4.436046749379702;7.58197533512298
4043163.041553632;-23.470569182994435;-35.48460393722039;4.43601664195941;7.57801811226655
4044094.121438853;-23.487889600931673;-35.497929289396616;4.435986538572371;7.574053149892567
4045025.415737826;-23.50519840175432;-35.51123529708333;4.435956439213191;7.570080456115812
4045956.924499925;-23.522495631862007;-35.52452201484391;4.435926343874515;7.56610003910739
4046888.647774539;-23.53978133741023;-35.53778949700466;4.43589625255164;7.56211190704279
4047820.585611067;-23.557055564302058;-35.5510377976967;4.435866165237481;7.5581160681571635
4048752.738058919;-23.57431835820997;-35.56426697083227;4.435836081925649;7.554112530696658
4049685.105167517;-23.59156976452641;-35.57747707010088;4.435806002611002;7.550101302963471
4050617.686986294;-23.608809828438247;-35.590668148995654;4.435775927286623;7.546082393270787
4051550.483564694;-23.62603859486412;-35.60384026079378;4.435745855946218;7.542055809983444
4052483.494952174;-23.64325610847882;-35.616993458555164;4.435715788584523;7.538021561491819
4053416.721198201;-23.660462413736717;-35.63012779514339;4.435685725194754;7.533979656211915
4054350.162352253;-23.677657554832315;-35.64324332321016;4.43565566577075;7.529930102607097
4055283.81846382;-23.694841575731544;-35.65634009520026;4.435625610306389;7.5258729091623175
4056217.689582406;-23.712014520159315;-35.669418163353505;4.435595558795535;7.5218080843986534
4057151.77575752;-23.729176431599313;-35.682477579701306;4.43556551123254;7.517735636869453
4058086.07703869;-23.74632735330895;-35.695518396079876;4.435535467610796;7.513655575160131
4059020.593475449;-23.763467328306305;-35.70854066411875;4.435505427924158;7.509567907888291
4059955.325117345;-23.780596399388262;-35.7215444352501;4.435475392166035;7.505472643695806
4060890.272013937;-23.79771460908629;-35.734529760692595;4.435445360331486;7.501369791274809
4061825.434214794;-23.814821999735145;-35.74749669148604;4.435415332412975;7.497259359337924
4062760.811769499;-23.83191861342968;-35.76044527845296;4.435385308405301;7.493141356617984
4063696.404727642;-23.849004492027714;-35.77337557222433;4.435355288302598;7.489015791894017
4064632.21313883;-23.866079677175343;-35.78628762324515;4.435325272097525;7.484882673972288
4065568.237052678;-23.88314421026813;-35.79918148175044;4.435295259784706;7.480742011697595
4066504.476518812;-23.900198132497508;-35.81205719778609;4.435265251357977;7.476593813930604
4067440.93158687;-23.91724148482242;-35.824914821203805;4.435235246811241;7.472438089570147
4068377.602306504;-23.93427430797729;-35.837754401664604;4.435205246138133;7.468274847549177
4069314.488727374;-23.951296642484884;-35.85057598863405;4.435175249332771;7.464104096816389
4070251.590899153;-23.96830852862859;-35.863379631389996;4.435145256388797;7.459925846372607
4071188.908871525;-23.98531000647854;-35.87616537901348;4.435115267300803;7.455740105234136
4072126.442694185;-24.002301115900096;-35.888933280412054;4.435085282061223;7.451546882450736
4073064.192416842;-24.019281896523736;-35.901683384287224;4.435055300664929;7.447346187098562
4074002.158089213;-24.036252387763113;-35.91441573916253;4.435025323105536;7.443138028293874
4074940.339761028;-24.053212628827623;-35.9271303933726;4.434995349376931;7.438922415168045
4075878.737482029;-24.07016265870108;-35.939827395066935;4.434965379472981;7.434699356892878
4076817.351301969;-24.08710251615892;-35.952506792208446;4.434935413387845;7.4304688626616775
4077756.181270612;-24.104032239769513;-35.96516863258144;4.434905451114908;7.426230941697016
4078695.227437734;-24.120951867873067;-35.977812963785574;4.434875492647806;7.421985603264703
4079634.489853122;-24.137861438603466;-35.99043983322964;4.43484553798141;7.417732856644755
4080573.968566575;-24.154760989906375;-36.00304928815372;4.434815587108868;7.413472711138476
4081513.663627903;-24.171650559479385;-36.015641375608524;4.434785640024546;7.409205176104595
4082453.575086927;-24.188530184862213;-36.028216142474044;4.4347556967216155;7.404930260890209
4083393.702993482;-24.205399903334786;-36.04077363544305;4.434725757194449;7.40064797491382
4084334.047397411;-24.22225975201308;-36.05331390103569;4.434695821436687;7.396358327585924
4085274.608348571;-24.239109767793977;-36.065836985594984;4.4346658894419875;7.392061328359025
4086215.385896829;-24.255949987353947;-36.07834293527982;4.434635961205193;7.38775698672068
4087156.380092064;-24.272780447196457;-36.09083179608681;4.434606036719243;7.3834453121711086
4088097.590984168;-24.289601183600734;-36.1033036138284;4.434576115978497;7.379126314249168
4089039.018623041;-24.3064122326601;-36.115758434149825;4.434546198976387;7.374800002513339
4089980.663058597;-24.323213630260927;-36.12819630252038;4.434516285706789;7.370466386552659
4090922.524340762;-24.340005412081243;-36.14061726423238;4.43448637616432;7.366125475986821
4091864.602519472;-24.356787613609118;-36.153021364413675;4.4344564703426395;7.361777280461914
4092806.897644675;-24.373560270153575;-36.165408648025114;4.434426568234915;7.357421809636625
4093749.40976633;-24.390323416807426;-36.17777915985239;4.4343966698350314;7.3530590732099395
4094692.138934409;-24.407077088459697;-36.19013294450522;4.434366775138113;7.348689080907414
4095635.085198895;-24.423821319836453;-36.20247004644271;4.434336884136596;7.344311842469665
4096578.24860978;-24.440556145439306;-36.21479050993909;4.4343069968255895;7.339927367674197
4097521.629217071;-24.45728159959826;-36.227094379116714;4.434277113198023;7.335535666320427
4098465.227070785;-24.47399771643941;-36.239381697924465;4.434247233248025;7.331136748237032
4099409.04222095;-24.49070452989975;-36.25165251014435;4.434217356970004;7.326730623274598
4100353.074717606;-24.507402073749027;-36.26390685940447;4.434187484356874;7.322317301298568
4101297.324610806;-24.52409038154149;-36.2761447891551;4.434157615403756;7.317896792209847
4102241.791950612;-24.540769486642414;-36.28836634269802;4.4341277501035705;7.313469105952038
4103186.4767871;-24.55743942225872;-36.300571563167296;4.434097888450227;7.309034252458345
4104131.379170354;-24.574100221385077;-36.31276049353117;4.434068030438345;7.304592241707747
4105076.499150474;-24.59075191684387;-36.32493317660846;4.434038176060875;7.300143083703712
4106021.836777567;-24.607394541266544;-36.33708965504636;4.434008325312676;7.295686788467142
4106967.392101756;-24.624028127110083;-36.34922997134347;4.433978478186948;7.291223366046443
4107913.165173172;-24.6406527066415;-36.3613541678338;4.433948634678041;7.286752826514259
4108859.15604196;-24.657268311947607;-36.37346228670051;4.4339187947791645;7.2822751799737375
4109805.364758275;-24.673874974949236;-36.38555436996507;4.433888958484457;7.277790436531378
4110751.791372284;-24.690472727359875;-36.39763045948954;4.433859125788569;7.273298606341099
4111698.435934165;-24.707061600746076;-36.40969059699332;4.433829296684172;7.268799699563075
4112645.298494109;-24.723641626463646;-36.42173482402792;4.433799471166153;7.264293726398127
4113592.379102317;-24.74021283572608;-36.43376318199974;4.433769649227939;7.259780697045715
4114539.677809003;-24.756775259545442;-36.44577571215838;4.433739830863667;7.255260621749274
4115487.194664391;-24.773328928767327;-36.457772455605316;4.433710016066785;7.250733510771205
4116434.929718718;-24.789873874068213;-36.46975345328314;4.433680204831915;7.246199374383011
4117382.883022232;-24.806410125948133;-36.481718745992694;4.433650397152251;7.2416582228923065
4118331.054625192;-24.822937714724162;-36.49366837437856;4.433620593021933;7.237110066632464
4119279.444577869;-24.839456670555677;-36.505602378936054;4.433590792435132;7.232554915945245
4120228.052930546;-24.855967023429454;-36.51752080001609;4.433560995385269;7.227992781201367
4121176.879733518;-24.872468803157666;-36.52942367781732;4.433531201866505;7.223423672793141
4122125.925037089;-24.888962039384918;-36.54131105239246;4.433501411872728;7.218847601134812
4123075.188891578;-24.90544676158741;-36.553182963647195;4.433471625397891;7.2142645766619
4124024.671347314;-24.921922999079378;-36.56503945134316;4.433441842435648;7.209674609828131
4124974.372454637;-24.938390780988264;-36.57688055509362;4.433412062980157;7.205077711125196
4125924.292263899;-24.95485013630775;-36.5887063143684;4.433382287025349;7.200473891035304
4126874.430825463;-24.971301093850062;-36.600516768496654;4.4333525145646195;7.195863160081972
4127824.788189707;-24.987743682249356;-36.61231195665789;4.433322745592426;7.191245528816106
4128775.364407015;-25.004177930005852;-36.62409191789103;4.433292980102889;7.186621007782285
4129726.159527788;-25.020603865431895;-36.635856691097146;4.4332632180894365;7.181989607575813
4130677.173602435;-25.037021516697834;-36.64760631503522;4.433233459545536;7.177351338791844
4131628.406681378;-25.0534309117905;-36.65934082831592;4.4332037044660595;7.17270621205936
4132579.858815051;-25.069832078565074;-36.67106026941662;4.433173952844677;7.168054238006873
4133531.530053898;-25.08622504469827;-36.68276467667903;4.433144204674368;7.163395427306391
4134483.420448376;-25.10260983769996;-36.69445408829305;4.433114459950476;7.15872979064261
4135435.530048953;-25.118986484952618;-36.70612854232479;4.433084718665746;7.154057338706425
4136387.858906109;-25.135355013656312;-36.71778807669242;4.433054980814795;7.149378082221314
4137340.407070336;-25.151715450869162;-36.72943272918373;4.43302524639108;7.144692031923494
4138293.174592137;-25.168067823478136;-36.74106253744498;4.432995515388995;7.139999198577849
4139246.161522027;-25.184412158234988;-36.7526775389947;4.432965787801527;7.135299592958192
4140199.367910532;-25.200748481721945;-36.76427777120591;4.43293606362355;7.130593225860414
4141152.793808189;-25.217076820382992;-36.77586327132389;4.432906342848738;7.1258801080921605
4142106.43926555;-25.233397200492874;-36.787434076459874;4.432876625470784;7.121160250496219
4143060.304333174;-25.249709648183742;-36.79899022359076;4.432846911483628;7.116433663923393
4144014.389061635;-25.266014189448537;-36.81053174955948;4.432817200881428;7.111700359229514
4144968.693501518;-25.2823108501107;-36.82205869107976;4.432787493657868;7.10696034731119
4145923.217703419;-25.298599655850925;-36.83357108473119;4.4327577898071295;7.102213639073134
4146877.961717945;-25.31488063220959;-36.8450689669664;4.432728089322639;7.09746024543417
4147832.925595717;-25.331153804573482;-36.85655237410297;4.432698392198832;7.092700177330652
4148788.109387365;-25.34741919817211;-36.86802134233369;4.432668698429156;7.087933445732427
4149743.513143532;-25.36367683811532;-36.879475907719886;4.432639008007516;7.083160061597048
4150699.136914873;-25.379926749333617;-36.89091610619072;4.432609320928608;7.0783800359285
4151654.980752055;-25.396168956652822;-36.90234197355635;4.43257963718535;7.073593379718172
4152611.044705755;-25.412403484716457;-36.913753545489236;4.432549956772692;7.068800104000089
4153567.328826661;-25.428630358040696;-36.925150857545944;4.432520279683565;7.064000219821677
4154523.833165477;-25.444849601004535;-36.936533945147346;4.432490605912649;7.059193738230158
4155480.557772913;-25.46106123784616;-36.947902843597916;4.432460935452885;7.054380670298875
4156437.502699697;-25.47726529264432;-36.959257588067096;4.4324312682992115;7.0495610271235645
4157394.667996563;-25.49346178936243;-36.97059821360723;4.432401604445051;7.044734819799755
4158352.053714259;-25.509650751805456;-36.98192475514447;4.432371943884364;7.039902059454651
4159309.659903544;-25.52583220365085;-36.99323724748038;4.432342286611299;7.03506275721823
4160267.486615192;-25.542006168421306;-37.00453572529613;4.432312632619577;7.0302169242552495
4161225.533899983;-25.558172669529856;-37.01582022314949;4.432282981903138;7.025364571716496
4162183.801808713;-25.574331730223548;-37.02709077547659;4.432253334455908;7.020505710797135
4163142.290392189;-25.590483373639394;-37.038347416592515;4.432223690271838;7.015640352681282
4164100.999701228;-25.60662762275323;-37.04959018069157;4.432194049344844;7.010768508593484
4165059.929786661;-25.622764500433362;-37.06081910184934;4.43216441166865;7.005890189747327
4166019.080699328;-25.638894029388943;-37.07203421401721;4.4321347772379065;7.001005407390358
4166978.452490082;-25.655016232207647;-37.083235551036935;4.432105146045346;6.996114172783939
4167938.04520979;-25.671131131348943;-37.09442314661986;4.432075518086153;6.991216497184761
4168897.858909327;-25.687238749139336;-37.105597034371726;4.432045893353019;6.986312391879373
4169857.893639582;-25.70333910775939;-37.11675724776866;4.432016271841101;6.981401868168175
4170818.149451455;-25.71943222927362;-37.1279038201794;4.431986653543645;6.976484937362136
4171778.626395857;-25.735518135617514;-37.13903678485416;4.431957038454316;6.971561610782332
4172739.324523713;-25.751596848584537;-37.15015617492237;4.431927426567831;6.966631899770006
4173700.243885956;-25.767668389858258;-37.1612620234055;4.431897817877365;6.961695815669873
4174661.384533535;-25.78373278097569;-37.17235436320519;4.4318682123771325;6.956753369852367
4175622.746517409;-25.79979004335172;-37.1834332271079;4.431838610061546;6.951804573694631
4176584.329888546;-25.815840198286068;-37.19449864779306;4.431809010923604;6.94684943858339
4177546.134697931;-25.831883266944065;-37.20555065781989;4.431779414957734;6.941887975918095
4178508.160996556;-25.847919270364592;-37.2165892896363;4.431749822158109;6.936920197113602
4179470.408835427;-25.86394822945254;-37.227614575580766;4.431720232518216;6.931946113610009
4180432.878265562;-25.879970165014512;-37.23862654787498;4.431690646032701;6.926965736827767
4181395.569337989;-25.895985097715183;-37.2496252386376;4.431661062694336;6.921979078228082
4182358.482103751;-25.911993048095006;-37.26061067986705;4.431631482498023;6.916986149274013
4183321.616613898;-25.92799403658249;-37.271582903457656;4.431601905437243;6.911986961437924
4184284.972919496;-25.943988083475304;-37.282541941190914;4.431572331506166;6.906981526209445
4185248.551071621;-25.959975208952542;-37.29348782474094;4.431542760698513;6.9019698550898845
4186212.351121361;-25.97595543309071;-37.304420585672005;4.431513193008233;6.896951959573062
4187176.373119816;-25.99192877581413;-37.315340255438684;4.431483628429545;6.891927851195009
4188140.617118096;-26.007895256949794;-37.3262468653902;4.431454066956137;6.886897541484274
4189105.083167326;-26.02385489620665;-37.337140446765794;4.4314245085822055;6.88186104197694
4190069.77131864;-26.03980771316923;-37.34802103070233;4.4313949533009716;6.87681836423213
4191034.681623185;-26.055753727307597;-37.35888864822223;4.431365401107382;6.871769519807259
4191999.814132119;-26.071692957971546;-37.36974333024885;4.43133585199489;6.866714520282418
4192965.168896614;-26.087625424405566;-37.38058510759843;4.4313063059572215;6.861653377235638
4193930.74596785;-26.103551145731853;-37.39141401098129;4.4312767629883245;6.856586102261113
4194896.545397023;-26.11947014095196;-37.40223007100078;4.43124722308265;6.851512706966164
4195862.567235337;-26.135382428960746;-37.413033318159385;4.431217686233903;6.84643320296474
4196828.81153401;-26.151288028542687;-37.42382378285586;4.431188152435796;6.841347601877383
4197795.278344272;-26.167186958361714;-37.434601495384314;4.4311586216823065;6.83625591534029
4198761.967717363;-26.18307923697479;-37.44536648593529;4.431129093967629;6.831158154992865
4199728.879704536;-26.198964882822473;-37.45611878459799;4.431099569285695;6.826054332489825
4200696.014357056;-26.214843914239324;-37.46685842136129;4.431070047630033;6.820944459491929
4201663.371726201;-26.2307163494498;-37.477585426107794;4.431040528995299;6.8158285476626945
4202630.951863257;-26.246582206568092;-37.48829982862625;4.431011013374483;6.810706608683681
4203598.754819525;-26.26244150359678;-37.49900165859528;4.430981500762758;6.805578654235745
