dial_band,s4_pos,s5_pos,pto_mhz,crystal_mhz,wanted_mhz,frequency_hz,mixer_raw_vpp,filter_output_vpp,vfo_out_vpp
3.5-4.0 MHz,1,,5.250000,7.500000,12.750000,524999.999999,5.304618401986e-07,1.421106297023e-08,5.198879062758e-09
3.5-4.0 MHz,1,,5.250000,7.500000,12.750000,549999.999999,1.008204037491e-09,6.707197925871e-11,2.074245769767e-11
3.5-4.0 MHz,1,,5.250000,7.500000,12.750000,574999.999999,8.930918882727e-10,5.525043619234e-11,2.097706566878e-11
3.5-4.0 MHz,1,,5.250000,7.500000,12.750000,599999.999999,8.000830190741e-10,4.552139477042e-11,2.131312940661e-11
3.5-4.0 MHz,1,,5.250000,7.500000,12.750000,624999.999999,7.258528154630e-10,3.775833723035e-11,2.174803418658e-11
3.5-4.0 MHz,1,,5.250000,7.500000,12.750000,649999.999999,6.678986462933e-10,3.188530236371e-11,2.224483007816e-11
3.5-4.0 MHz,1,,5.250000,7.500000,12.750000,674999.999999,6.241625655955e-10,2.809133458665e-11,2.281274120779e-11
3.5-4.0 MHz,1,,5.250000,7.500000,12.750000,699999.999998,5.924619701326e-10,2.678208144908e-11,2.325771789889e-11
3.5-4.0 MHz,1,,5.250000,7.500000,12.750000,724999.999998,1.721523073296e-06,1.006017403135e-07,8.809793171005e-09
3.5-4.0 MHz,1,,5.250000,7.500000,12.750000,749999.999998,3.443972993342e-06,2.012649220675e-07,1.761578321397e-08
3.5-4.0 MHz,1,,5.250000,7.500000,12.750000,774999.999998,1.721629330364e-06,1.006015634241e-07,8.794418794285e-09
3.5-4.0 MHz,1,,5.250000,7.500000,12.750000,799999.999998,5.540574718236e-10,3.187570338844e-11,2.495523132353e-11
3.5-4.0 MHz,1,,5.250000,7.500000,12.750000,824999.999998,5.386144068575e-10,3.380252556934e-11,2.737650427011e-11
3.5-4.0 MHz,1,,5.250000,7.500000,12.750000,849999.999998,5.370193349489e-10,3.666400471429e-11,2.858595318766e-11
3.5-4.0 MHz,1,,5.250000,7.500000,12.750000,874999.999998,5.433810734129e-10,3.997388453339e-11,2.973887355037e-11
3.5-4.0 MHz,1,,5.250000,7.500000,12.750000,899999.999998,5.544413128121e-10,4.350689183450e-11,3.092316339304e-11
3.5-4.0 MHz,1,,5.250000,7.500000,12.750000,924999.999998,5.689221551795e-10,4.717038438140e-11,3.216408700530e-11
3.5-4.0 MHz,1,,5.250000,7.500000,12.750000,949999.999998,5.858046284103e-10,5.094024274742e-11,3.339876680802e-11
3.5-4.0 MHz,1,,5.250000,7.500000,12.750000,974999.999998,2.771868796105e-08,1.484254975380e-09,8.799198017745e-09
3.5-4.0 MHz,1,,5.250000,7.500000,12.750000,999999.999998,5.714272142125e-08,3.124760384275e-09,1.757638015862e-08
3.5-4.0 MHz,1,,5.250000,7.500000,12.750000,1024999.999998,2.766573349457e-08,1.475669126536e-09,8.799192343630e-09
3.5-4.0 MHz,1,,5.250000,7.500000,12.750000,1049999.999998,6.786034465515e-10,6.718994402019e-11,3.958290068394e-11
3.5-4.0 MHz,1,,5.250000,7.500000,12.750000,1074999.999998,7.066308056685e-10,7.159915839979e-11,4.154470625620e-11
3.5-4.0 MHz,1,,5.250000,7.500000,12.750000,1099999.999998,7.367868485739e-10,7.617426177329e-11,4.350392902485e-11
3.5-4.0 MHz,1,,5.250000,7.500000,12.750000,1124999.999998,7.692273496749e-10,8.095052435304e-11,4.558386572579e-11
3.5-4.0 MHz,1,,5.250000,7.500000,12.750000,1149999.999997,8.039997056706e-10,8.593960594960e-11,4.778930360688e-11
3.5-4.0 MHz,1,,5.250000,7.500000,12.750000,1174999.999997,8.412137088021e-10,9.119203579011e-11,5.016878919345e-11
3.5-4.0 MHz,1,,5.250000,7.500000,12.750000,1199999.999997,8.806162335641e-10,9.669641439110e-11,5.273868456622e-11
3.5-4.0 MHz,1,,5.250000,7.500000,12.750000,1224999.999997,8.533256694204e-08,5.529318756975e-09,1.022904128286e-09
3.5-4.0 MHz,1,,5.250000,7.500000,12.750000,1249999.999997,1.686471456662e-07,1.080438866309e-08,1.905077462432e-09
3.5-4.0 MHz,1,,5.250000,7.500000,12.750000,1274999.999997,8.542206328057e-08,5.541365909508e-09,1.027193970382e-09
3.5-4.0 MHz,1,,5.250000,7.500000,12.750000,1299999.999997,1.074247490004e-09,1.225961473412e-10,6.492546346441e-11
3.5-4.0 MHz,1,,5.250000,7.500000,12.750000,1324999.999997,1.133497757937e-09,1.302843119514e-10,6.860092822278e-11
3.5-4.0 MHz,1,,5.250000,7.500000,12.750000,1349999.999997,1.197069311205e-09,1.384856456252e-10,7.259381044485e-11
3.5-4.0 MHz,1,,5.250000,7.500000,12.750000,1374999.999997,1.265888478628e-09,1.473119991856e-10,7.695267021353e-11
3.5-4.0 MHz,1,,5.250000,7.500000,12.750000,1399999.999997,1.340729106753e-09,1.568461220951e-10,8.173854379888e-11
3.5-4.0 MHz,1,,5.250000,7.500000,12.750000,1424999.999997,1.422357200599e-09,1.670567280463e-10,8.706319298708e-11
3.5-4.0 MHz,1,,5.250000,7.500000,12.750000,1449999.999997,1.514105643859e-09,1.778376375858e-10,9.360865820313e-11
3.5-4.0 MHz,1,,5.250000,7.500000,12.750000,1474999.999997,2.244102016656e-07,3.703522071940e-08,2.806146695440e-08
3.5-4.0 MHz,1,,5.250000,7.500000,12.750000,1499999.999997,4.501254255201e-07,7.362497220393e-08,5.641660776522e-08
3.5-4.0 MHz,1,,5.250000,7.500000,12.750000,1524999.999997,2.244033572758e-07,3.705719840914e-08,2.804522132851e-08
3.5-4.0 MHz,1,,5.250000,7.500000,12.750000,1549999.999997,1.976277024030e-09,2.358078672701e-10,1.218024162238e-10
3.5-4.0 MHz,1,,5.250000,7.500000,12.750000,1574999.999997,2.118247625802e-09,2.545968773790e-10,1.305211132664e-10
3.5-4.0 MHz,1,,5.250000,7.500000,12.750000,1599999.999996,2.281241252181e-09,2.751965383224e-10,1.406613619390e-10
3.5-4.0 MHz,1,,5.250000,7.500000,12.750000,1624999.999996,2.465171092402e-09,2.982468016294e-10,1.521760360655e-10
3.5-4.0 MHz,1,,5.250000,7.500000,12.750000,1649999.999996,2.672926725482e-09,3.241311470190e-10,1.651937121365e-10
3.5-4.0 MHz,1,,5.250000,7.500000,12.750000,1674999.999996,2.908662579059e-09,3.534170434441e-10,1.800349236542e-10
3.5-4.0 MHz,1,,5.250000,7.500000,12.750000,1699999.999996,3.178147218303e-09,3.867426032016e-10,1.972753432696e-10
3.5-4.0 MHz,1,,5.250000,7.500000,12.750000,1724999.999996,7.209543745160e-08,6.701200174992e-09,1.987448696505e-08
3.5-4.0 MHz,1,,5.250000,7.500000,12.750000,1749999.999996,1.545228581651e-07,1.407884463487e-08,4.040734057086e-08
3.5-4.0 MHz,1,,5.250000,7.500000,12.750000,1774999.999996,7.136154859356e-08,6.659736312327e-09,1.982615919407e-08
3.5-4.0 MHz,1,,5.250000,7.500000,12.750000,1799999.999996,4.736938256598e-09,5.795194079324e-10,2.943009564982e-10
3.5-4.0 MHz,1,,5.250000,7.500000,12.750000,1824999.999996,5.307225245224e-09,6.500524937679e-10,3.296958710904e-10
3.5-4.0 MHz,1,,5.250000,7.500000,12.750000,1849999.999996,5.989343709288e-09,7.341544151256e-10,3.721403001307e-10
3.5-4.0 MHz,1,,5.250000,7.500000,12.750000,1874999.999996,6.813466661664e-09,8.357756465611e-10,4.235052540446e-10
3.5-4.0 MHz,1,,5.250000,7.500000,12.750000,1899999.999996,7.821642746620e-09,9.599341623732e-10,4.863130049636e-10
3.5-4.0 MHz,1,,5.250000,7.500000,12.750000,1924999.999996,9.073277048001e-09,1.113978733806e-09,5.642742363868e-10
3.5-4.0 MHz,1,,5.250000,7.500000,12.750000,1949999.999996,1.065515630567e-08,1.308515215311e-09,6.628209544177e-10
3.5-4.0 MHz,1,,5.250000,7.500000,12.750000,1974999.999996,2.150139950128e-07,1.917921084398e-08,7.040107231331e-09
3.5-4.0 MHz,1,,5.250000,7.500000,12.750000,1999999.999996,4.445584165598e-07,3.846138230219e-08,1.636191218343e-08
3.5-4.0 MHz,1,,5.250000,7.500000,12.750000,2024999.999996,2.131177080576e-07,1.923662811918e-08,6.697910042355e-09
3.5-4.0 MHz,1,,5.250000,7.500000,12.750000,2049999.999996,2.412729900988e-08,2.965261082655e-09,1.501670365487e-09
3.5-4.0 MHz,1,,5.250000,7.500000,12.750000,2074999.999995,3.164398328535e-08,3.889555137985e-09,1.969470086930e-09
3.5-4.0 MHz,1,,5.250000,7.500000,12.750000,2099999.999995,4.336660365891e-08,5.330602175425e-09,2.699102277043e-09
3.5-4.0 MHz,1,,5.250000,7.500000,12.750000,2124999.999995,6.318846520451e-08,7.767002632069e-09,3.932815907708e-09
3.5-4.0 MHz,1,,5.250000,7.500000,12.750000,2149999.999995,1.009772438574e-07,1.241155811895e-08,6.284755367065e-09
3.5-4.0 MHz,1,,5.250000,7.500000,12.750000,2174999.999995,1.889217773081e-07,2.322055220012e-08,1.175826300426e-08
3.5-4.0 MHz,1,,5.250000,7.500000,12.750000,2199999.999995,5.009073956125e-07,6.156808289959e-08,3.117290250890e-08
3.5-4.0 MHz,1,,5.250000,7.500000,12.750000,2224999.999995,1.519788650839e-02,1.867683582361e-03,9.455744607171e-04
3.5-4.0 MHz,1,,5.250000,7.500000,12.750000,2249999.999995,3.039352173409e-02,3.735090463521e-03,1.891008709878e-03
3.5-4.0 MHz,1,,5.250000,7.500000,12.750000,2274999.999995,1.519790530354e-02,1.867685859097e-03,9.455754541970e-04
3.5-4.0 MHz,1,,5.250000,7.500000,12.750000,2299999.999995,5.051586154254e-07,6.208569532551e-08,3.140039558276e-08
3.5-4.0 MHz,1,,5.250000,7.500000,12.750000,2324999.999995,1.899499615250e-07,2.334632791960e-08,1.181278263751e-08
3.5-4.0 MHz,1,,5.250000,7.500000,12.750000,2349999.999995,1.013903573529e-07,1.246352163411e-08,6.307111223128e-09
3.5-4.0 MHz,1,,5.250000,7.500000,12.750000,2374999.999995,6.339459974598e-08,7.794634196620e-09,3.944570105483e-09
3.5-4.0 MHz,1,,5.250000,7.500000,12.750000,2399999.999995,4.348232717227e-08,5.347951896361e-09,2.706306429964e-09
3.5-4.0 MHz,1,,5.250000,7.500000,12.750000,2424999.999995,3.171162710094e-08,3.901860668002e-09,1.974290422091e-09
3.5-4.0 MHz,1,,5.250000,7.500000,12.750000,2449999.999995,2.415733654685e-08,2.974224947238e-09,1.504327899028e-09
3.5-4.0 MHz,1,,5.250000,7.500000,12.750000,2474999.999995,6.629727381830e-07,7.732453177696e-08,6.131129542895e-08
3.5-4.0 MHz,1,,5.250000,7.500000,12.750000,2499999.999995,1.282010559165e-06,1.507285472832e-07,1.202826438220e-07
3.5-4.0 MHz,1,,5.250000,7.500000,12.750000,2524999.999994,6.577658250490e-07,7.686221797544e-08,6.103852796169e-08
3.5-4.0 MHz,1,,5.250000,7.500000,12.750000,2549999.999994,1.065001671668e-08,1.315373957696e-09,6.644866450312e-10
3.5-4.0 MHz,1,,5.250000,7.500000,12.750000,2574999.999994,9.078074803264e-09,1.121944153734e-09,5.670488043996e-10
3.5-4.0 MHz,1,,5.250000,7.500000,12.750000,2599999.999994,7.827694426973e-09,9.683857798353e-10,4.894216163423e-10
3.5-4.0 MHz,1,,5.250000,7.500000,12.750000,2624999.999994,6.819113802248e-09,8.445578817211e-10,4.267665162226e-10
3.5-4.0 MHz,1,,5.250000,7.500000,12.750000,2649999.999994,5.993745232961e-09,7.431415879097e-10,3.754287038234e-10
3.5-4.0 MHz,1,,5.250000,7.500000,12.750000,2674999.999994,5.308941310026e-09,6.590806310776e-10,3.328659686940e-10
3.5-4.0 MHz,1,,5.250000,7.500000,12.750000,2699999.999994,4.729440581740e-09,5.875292376185e-10,2.967126875233e-10
3.5-4.0 MHz,1,,5.250000,7.500000,12.750000,2724999.999994,4.622039489670e-07,7.544814362935e-08,5.160297091429e-08
3.5-4.0 MHz,1,,5.250000,7.500000,12.750000,2749999.999994,9.138273053365e-07,1.495607207083e-07,1.025830713546e-07
3.5-4.0 MHz,1,,5.250000,7.500000,12.750000,2774999.999994,4.615030737927e-07,7.535797036164e-08,5.156140828430e-08
3.5-4.0 MHz,1,,5.250000,7.500000,12.750000,2799999.999994,3.180460288178e-09,3.966184250961e-10,1.995658608447e-10
3.5-4.0 MHz,1,,5.250000,7.500000,12.750000,2824999.999994,2.928779919368e-09,3.656228176507e-10,1.842923410133e-10
3.5-4.0 MHz,1,,5.250000,7.500000,12.750000,2849999.999994,2.714377691523e-09,3.389388201394e-10,1.711518972357e-10
3.5-4.0 MHz,1,,5.250000,7.500000,12.750000,2874999.999994,2.554721816537e-09,3.195277949157e-10,1.622134890613e-10
3.5-4.0 MHz,1,,5.250000,7.500000,12.750000,2899999.999994,2.510990012036e-09,3.181774758395e-10,1.641921974407e-10
3.5-4.0 MHz,1,,5.250000,7.500000,12.750000,2924999.999994,2.868675000872e-09,3.832753407568e-10,2.057014656824e-10
3.5-4.0 MHz,1,,5.250000,7.500000,12.750000,2949999.999994,5.301225756201e-09,7.796724774869e-10,4.372141616174e-10
3.5-4.0 MHz,1,,5.250000,7.500000,12.750000,2974999.999993,1.723223677833e-04,2.661905477987e-05,1.479622998927e-05
3.5-4.0 MHz,1,,5.250000,7.500000,12.750000,2999999.999993,3.446229156602e-04,5.323466628544e-05,2.959051080492e-05
3.5-4.0 MHz,1,,5.250000,7.500000,12.750000,3024999.999993,1.723254479217e-04,2.661952365655e-05,1.479645555033e-05
3.5-4.0 MHz,1,,5.250000,7.500000,12.750000,3049999.999993,6.230819139970e-09,9.336771297874e-10,5.101434296365e-10
3.5-4.0 MHz,1,,5.250000,7.500000,12.750000,3074999.999993,2.720670783097e-09,3.898125819008e-10,2.105673533260e-10
3.5-4.0 MHz,1,,5.250000,7.500000,12.750000,3099999.999993,1.835118858254e-09,2.534012807810e-10,1.338308184240e-10
3.5-4.0 MHz,1,,5.250000,7.500000,12.750000,3124999.999993,1.491930507617e-09,2.026984886399e-10,1.050363828416e-10
3.5-4.0 MHz,1,,5.250000,7.500000,12.750000,3149999.999993,1.315403063130e-09,1.784474833279e-10,9.138302995710e-11
3.5-4.0 MHz,1,,5.250000,7.500000,12.750000,3174999.999993,1.202871017229e-09,1.639663409300e-10,8.341816821490e-11
3.5-4.0 MHz,1,,5.250000,7.500000,12.750000,3199999.999993,1.121102487314e-09,1.539567118043e-10,7.812688834957e-11
3.5-4.0 MHz,1,,5.250000,7.500000,12.750000,3224999.999993,7.361589505537e-08,2.232744279428e-08,1.123687719258e-08
3.5-4.0 MHz,1,,5.250000,7.500000,12.750000,3249999.999993,1.491780089757e-07,4.467465491207e-08,2.259099726062e-08
3.5-4.0 MHz,1,,5.250000,7.500000,12.750000,3274999.999993,7.362428426958e-08,2.231735772345e-08,1.123547835445e-08
3.5-4.0 MHz,1,,5.250000,7.500000,12.750000,3299999.999993,8.977380677362e-10,1.285305724941e-10,6.488408227714e-11
3.5-4.0 MHz,1,,5.250000,7.500000,12.750000,3324999.999993,8.545882761466e-10,1.237406869558e-10,6.229069865768e-11
3.5-4.0 MHz,1,,5.250000,7.500000,12.750000,3349999.999993,8.159303861148e-10,1.196205756038e-10,6.014837343441e-11
3.5-4.0 MHz,1,,5.250000,7.500000,12.750000,3374999.999993,7.803538738147e-10,1.157727910066e-10,5.816797694673e-11
3.5-4.0 MHz,1,,5.250000,7.500000,12.750000,3399999.999993,7.473254099876e-10,1.122173456556e-10,5.633954866617e-11
3.5-4.0 MHz,1,,5.250000,7.500000,12.750000,3424999.999992,7.162582339706e-10,1.088797673184e-10,5.460690368960e-11
3.5-4.0 MHz,1,,5.250000,7.500000,12.750000,3449999.999992,6.853052165909e-10,1.054935642497e-10,5.274300092813e-11
3.5-4.0 MHz,1,,5.250000,7.500000,12.750000,3474999.999992,1.742940341791e-07,4.080387523102e-08,1.843889443548e-08
3.5-4.0 MHz,1,,5.250000,7.500000,12.750000,3499999.999992,3.470986026265e-07,8.142309441252e-08,3.675889892365e-08
3.5-4.0 MHz,1,,5.250000,7.500000,12.750000,3524999.999992,1.742741902808e-07,4.080326379064e-08,1.843719767703e-08
3.5-4.0 MHz,1,,5.250000,7.500000,12.750000,3549999.999992,5.910859905371e-10,9.623940854217e-11,4.839137664642e-11
3.5-4.0 MHz,1,,5.250000,7.500000,12.750000,3574999.999992,5.744743413621e-10,9.491906597268e-11,4.758604051037e-11
3.5-4.0 MHz,1,,5.250000,7.500000,12.750000,3599999.999992,5.573818528538e-10,9.356164853077e-11,4.686429088825e-11
3.5-4.0 MHz,1,,5.250000,7.500000,12.750000,3624999.999992,5.414640144750e-10,9.226069781286e-11,4.617624628739e-11
3.5-4.0 MHz,1,,5.250000,7.500000,12.750000,3649999.999992,5.273450133007e-10,9.142309518304e-11,4.570441627100e-11
3.5-4.0 MHz,1,,5.250000,7.500000,12.750000,3674999.999992,5.161143112128e-10,9.093845251103e-11,4.536724881294e-11
3.5-4.0 MHz,1,,5.250000,7.500000,12.750000,3699999.999992,5.140914626894e-10,9.236446525313e-11,4.585297889724e-11
3.5-4.0 MHz,1,,5.250000,7.500000,12.750000,3724999.999992,6.417274401702e-07,1.621234817359e-07,4.451030147115e-08
3.5-4.0 MHz,1,,5.250000,7.500000,12.750000,3749999.999992,1.284567168901e-06,3.244093905237e-07,8.914508772626e-08
3.5-4.0 MHz,1,,5.250000,7.500000,12.750000,3774999.999992,6.417647762243e-07,1.621270763925e-07,4.451365578025e-08
3.5-4.0 MHz,1,,5.250000,7.500000,12.750000,3799999.999992,4.730236261007e-10,9.038980185238e-11,4.521188772468e-11
3.5-4.0 MHz,1,,5.250000,7.500000,12.750000,3824999.999992,4.541391482483e-10,8.785399849523e-11,4.391954004231e-11
3.5-4.0 MHz,1,,5.250000,7.500000,12.750000,3849999.999992,4.448471754933e-10,8.731056716482e-11,4.366627497185e-11
3.5-4.0 MHz,1,,5.250000,7.500000,12.750000,3874999.999992,4.385125603756e-10,8.731932651048e-11,4.367864801404e-11
3.5-4.0 MHz,1,,5.250000,7.500000,12.750000,3899999.999991,4.340159366121e-10,8.763727978816e-11,4.383652623746e-11
3.5-4.0 MHz,1,,5.250000,7.500000,12.750000,3924999.999991,4.308210577370e-10,8.812275088502e-11,4.407522643495e-11
3.5-4.0 MHz,1,,5.250000,7.500000,12.750000,3949999.999991,4.284536882621e-10,8.832199866974e-11,4.417200209853e-11
3.5-4.0 MHz,1,,5.250000,7.500000,12.750000,3974999.999991,1.790663519155e-07,3.957414180188e-08,1.958354345505e-08
3.5-4.0 MHz,1,,5.250000,7.500000,12.750000,3999999.999991,3.574388796979e-07,7.888577951595e-08,3.902726970359e-08
3.5-4.0 MHz,1,,5.250000,7.500000,12.750000,4024999.999991,1.791034519347e-07,3.957844169461e-08,1.958445663092e-08
3.5-4.0 MHz,1,,5.250000,7.500000,12.750000,4049999.999991,4.387334134803e-10,9.479092217456e-11,4.741253735232e-11
3.5-4.0 MHz,1,,5.250000,7.500000,12.750000,4074999.999991,4.464378749337e-10,9.777963240760e-11,4.888413235462e-11
3.5-4.0 MHz,1,,5.250000,7.500000,12.750000,4099999.999991,4.553103797041e-10,1.005864282651e-10,5.027488212882e-11
3.5-4.0 MHz,1,,5.250000,7.500000,12.750000,4124999.999991,4.659230993740e-10,1.037112224169e-10,5.181785161972e-11
3.5-4.0 MHz,1,,5.250000,7.500000,12.750000,4149999.999991,4.784294618348e-10,1.071914814766e-10,5.352131411772e-11
3.5-4.0 MHz,1,,5.250000,7.500000,12.750000,4174999.999991,4.931206142029e-10,1.112572570180e-10,5.547460707489e-11
3.5-4.0 MHz,1,,5.250000,7.500000,12.750000,4199999.999991,5.097239544363e-10,1.158279943123e-10,5.742381209474e-11
3.5-4.0 MHz,1,,5.250000,7.500000,12.750000,4224999.999991,1.353458468210e-07,2.103359992073e-08,1.538732227314e-08
3.5-4.0 MHz,1,,5.250000,7.500000,12.750000,4249999.999991,2.703994634699e-07,4.229926408693e-08,3.072297727794e-08
3.5-4.0 MHz,1,,5.250000,7.500000,12.750000,4274999.999991,1.353941645461e-07,2.103062232540e-08,1.539130497435e-08
3.5-4.0 MHz,1,,5.250000,7.500000,12.750000,4299999.999991,6.056207294495e-10,1.392344416393e-10,6.921075856635e-11
3.5-4.0 MHz,1,,5.250000,7.500000,12.750000,4324999.999991,6.416650309653e-10,1.472551473854e-10,7.339954628361e-11
3.5-4.0 MHz,1,,5.250000,7.500000,12.750000,4349999.999990,6.835933382583e-10,1.570165502195e-10,7.827607462753e-11
3.5-4.0 MHz,1,,5.250000,7.500000,12.750000,4374999.999990,7.355858256327e-10,1.690106293258e-10,8.418169425728e-11
3.5-4.0 MHz,1,,5.250000,7.500000,12.750000,4399999.999990,8.065003744323e-10,1.855040542714e-10,9.221501652353e-11
3.5-4.0 MHz,1,,5.250000,7.500000,12.750000,4424999.999990,9.228102881576e-10,2.123183491491e-10,1.050989899984e-10
3.5-4.0 MHz,1,,5.250000,7.500000,12.750000,4449999.999990,1.200638543547e-09,2.776851571466e-10,1.358589376434e-10
3.5-4.0 MHz,1,,5.250000,7.500000,12.750000,4474999.999990,1.244511485500e-05,2.866395541663e-06,1.304864129001e-06
3.5-4.0 MHz,1,,5.250000,7.500000,12.750000,4499999.999990,2.489096191527e-05,5.732955278567e-06,2.609818894183e-06
3.5-4.0 MHz,1,,5.250000,7.500000,12.750000,4524999.999990,1.244486672284e-05,2.866340691180e-06,1.304825989292e-06
3.5-4.0 MHz,1,,5.250000,7.500000,12.750000,4549999.999990,1.458890464196e-09,3.385256110608e-10,1.643568552005e-10
3.5-4.0 MHz,1,,5.250000,7.500000,12.750000,4574999.999990,1.293128070070e-09,2.997939782473e-10,1.485226823729e-10
3.5-4.0 MHz,1,,5.250000,7.500000,12.750000,4599999.999990,1.318560767830e-09,3.059301307605e-10,1.526564934151e-10
3.5-4.0 MHz,1,,5.250000,7.500000,12.750000,4624999.999990,1.393322580744e-09,3.237364381248e-10,1.620697546479e-10
3.5-4.0 MHz,1,,5.250000,7.500000,12.750000,4649999.999990,1.495216139357e-09,3.476602231265e-10,1.743600693700e-10
3.5-4.0 MHz,1,,5.250000,7.500000,12.750000,4674999.999990,1.619282708775e-09,3.771565205845e-10,1.893762434898e-10
3.5-4.0 MHz,1,,5.250000,7.500000,12.750000,4699999.999990,1.765489382900e-09,4.112561132076e-10,2.067512170099e-10
3.5-4.0 MHz,1,,5.250000,7.500000,12.750000,4724999.999990,3.665851544377e-07,8.592217506463e-08,4.523134576105e-08
3.5-4.0 MHz,1,,5.250000,7.500000,12.750000,4749999.999990,7.318430817025e-07,1.711737886574e-07,9.011849540377e-08
3.5-4.0 MHz,1,,5.250000,7.500000,12.750000,4774999.999990,3.666313556147e-07,8.596088693142e-08,4.525039202230e-08
3.5-4.0 MHz,1,,5.250000,7.500000,12.750000,4799999.999989,2.641052950369e-09,6.198123708214e-10,3.120212061976e-10
3.5-4.0 MHz,1,,5.250000,7.500000,12.750000,4824999.999989,2.965074319557e-09,6.977605521862e-10,3.513523930634e-10
3.5-4.0 MHz,1,,5.250000,7.500000,12.750000,4849999.999989,3.352014039268e-09,7.904564579603e-10,3.981427994624e-10
3.5-4.0 MHz,1,,5.250000,7.500000,12.750000,4874999.999989,3.818747564323e-09,9.021494922768e-10,4.545230340044e-10
3.5-4.0 MHz,1,,5.250000,7.500000,12.750000,4899999.999989,4.388774041469e-09,1.038829559796e-09,5.235141533793e-10
3.5-4.0 MHz,1,,5.250000,7.500000,12.750000,4924999.999989,5.094273467308e-09,1.208010133498e-09,6.089288476782e-10
3.5-4.0 MHz,1,,5.250000,7.500000,12.750000,4949999.999989,5.981017262078e-09,1.420454056037e-09,7.163261400965e-10
3.5-4.0 MHz,1,,5.250000,7.500000,12.750000,4974999.999989,9.808493303616e-07,2.451810109918e-07,1.295399529508e-07
3.5-4.0 MHz,1,,5.250000,7.500000,12.750000,4999999.999989,1.954108207441e-06,4.880677966703e-07,2.581981834962e-07
3.5-4.0 MHz,1,,5.250000,7.500000,12.750000,5024999.999989,9.819647193472e-07,2.455302220820e-07,1.296728267581e-07
3.5-4.0 MHz,1,,5.250000,7.500000,12.750000,5049999.999989,1.346585963128e-08,3.226122699040e-09,1.626930788544e-09
3.5-4.0 MHz,1,,5.250000,7.500000,12.750000,5074999.999989,1.756172998349e-08,4.218500792112e-09,2.126905325453e-09
3.5-4.0 MHz,1,,5.250000,7.500000,12.750000,5099999.999989,2.382534013379e-08,5.740151469295e-09,2.893548388331e-09
3.5-4.0 MHz,1,,5.250000,7.500000,12.750000,5124999.999989,3.409264594035e-08,8.245101868362e-09,4.154982742707e-09
3.5-4.0 MHz,1,,5.250000,7.500000,12.750000,5149999.999989,5.256254744310e-08,1.278644076684e-08,6.439801796827e-09
3.5-4.0 MHz,1,,5.250000,7.500000,12.750000,5174999.999989,8.996338567606e-08,2.215295587673e-08,1.114287428497e-08
3.5-4.0 MHz,1,,5.250000,7.500000,12.750000,5199999.999989,1.580860788531e-07,4.164555668011e-08,2.082141886624e-08
3.5-4.0 MHz,1,,5.250000,7.500000,12.750000,5224999.999989,8.790110139627e-03,2.099785108678e-03,1.060753910373e-03
3.5-4.0 MHz,1,,5.250000,7.500000,12.750000,5249999.999988,1.757933767958e-02,4.199335162518e-03,2.121390774340e-03
3.5-4.0 MHz,1,,5.250000,7.500000,12.750000,5274999.999988,8.790224958075e-03,2.099793319883e-03,1.060759710745e-03
3.5-4.0 MHz,1,,5.250000,7.500000,12.750000,5299999.999988,1.866086722539e-07,4.342866713004e-08,2.213995754378e-08
3.5-4.0 MHz,1,,5.250000,7.500000,12.750000,5324999.999988,9.687160966540e-08,2.273801955119e-08,1.153225795703e-08
3.5-4.0 MHz,1,,5.250000,7.500000,12.750000,5349999.999988,5.526596559442e-08,1.301329686563e-08,6.591331538907e-09
3.5-4.0 MHz,1,,5.250000,7.500000,12.750000,5374999.999988,3.541310476412e-08,8.349932297838e-09,4.226237903343e-09
3.5-4.0 MHz,1,,5.250000,7.500000,12.750000,5399999.999988,2.455735881451e-08,5.792378839807e-09,2.930233865297e-09
3.5-4.0 MHz,1,,5.250000,7.500000,12.750000,5424999.999988,1.799989138240e-08,4.244318046997e-09,2.146119052695e-09
3.5-4.0 MHz,1,,5.250000,7.500000,12.750000,5449999.999988,1.373501341825e-08,3.236313473324e-09,1.635442352624e-09
3.5-4.0 MHz,1,,5.250000,7.500000,12.750000,5474999.999988,1.107808648323e-06,2.843763420210e-07,1.408056048850e-07
3.5-4.0 MHz,1,,5.250000,7.500000,12.750000,5499999.999988,2.201970730710e-06,5.661451914800e-07,2.799525026371e-07
3.5-4.0 MHz,1,,5.250000,7.500000,12.750000,5524999.999988,1.106355501869e-06,2.841096297869e-07,1.406283797664e-07
3.5-4.0 MHz,1,,5.250000,7.500000,12.750000,5549999.999988,6.019062831382e-09,1.407574712590e-09,7.101684548158e-10
3.5-4.0 MHz,1,,5.250000,7.500000,12.750000,5574999.999988,5.118518548584e-09,1.193369269478e-09,6.020162950346e-10
3.5-4.0 MHz,1,,5.250000,7.500000,12.750000,5599999.999988,4.398216584218e-09,1.022129814975e-09,5.154530070062e-10
3.5-4.0 MHz,1,,5.250000,7.500000,12.750000,5624999.999988,3.815969451501e-09,8.836439120893e-10,4.454311059131e-10
3.5-4.0 MHz,1,,5.250000,7.500000,12.750000,5649999.999988,3.339287428111e-09,7.701978764995e-10,3.880676443486e-10
3.5-4.0 MHz,1,,5.250000,7.500000,12.750000,5674999.999988,2.944875649232e-09,6.762738772243e-10,3.405888427791e-10
3.5-4.0 MHz,1,,5.250000,7.500000,12.750000,5699999.999988,2.618616910595e-09,5.981485584923e-10,3.011587093183e-10
3.5-4.0 MHz,1,,5.250000,7.500000,12.750000,5724999.999987,3.200185582089e-07,6.021288114993e-08,3.189136096567e-08
3.5-4.0 MHz,1,,5.250000,7.500000,12.750000,5749999.999987,6.462105952534e-07,1.217323527635e-07,6.448166964998e-08
3.5-4.0 MHz,1,,5.250000,7.500000,12.750000,5774999.999987,3.204212842598e-07,6.029882983284e-08,3.193800754299e-08
3.5-4.0 MHz,1,,5.250000,7.500000,12.750000,5799999.999987,1.707787657678e-09,3.816572856488e-10,1.915844365836e-10
3.5-4.0 MHz,1,,5.250000,7.500000,12.750000,5824999.999987,1.542731189378e-09,3.428097883800e-10,1.719811018148e-10
3.5-4.0 MHz,1,,5.250000,7.500000,12.750000,5849999.999987,1.401025992998e-09,3.093110069316e-10,1.551042567902e-10
3.5-4.0 MHz,1,,5.250000,7.500000,12.750000,5874999.999987,1.275592130821e-09,2.798086326914e-10,1.403113065463e-10
3.5-4.0 MHz,1,,5.250000,7.500000,12.750000,5899999.999987,1.162672381029e-09,2.535538869377e-10,1.273116850649e-10
3.5-4.0 MHz,1,,5.250000,7.500000,12.750000,5924999.999987,1.057805393767e-09,2.294994635551e-10,1.158483949017e-10
3.5-4.0 MHz,1,,5.250000,7.500000,12.750000,5949999.999987,9.526406704562e-10,2.079939375654e-10,1.076807184536e-10
3.5-4.0 MHz,1,,5.250000,7.500000,12.750000,5974999.999987,4.388144385719e-06,1.062158037990e-06,5.196922983397e-07
3.5-4.0 MHz,1,,5.250000,7.500000,12.750000,5999999.999987,8.774925514955e-06,2.124080733179e-06,1.039325532711e-06
3.5-4.0 MHz,1,,5.250000,7.500000,12.750000,6024999.999987,4.388156807604e-06,1.062172495769e-06,5.197007197323e-07
3.5-4.0 MHz,1,,5.250000,7.500000,12.750000,6049999.999987,6.673464998494e-10,1.391433810199e-10,7.162285712005e-11
3.5-4.0 MHz,1,,5.250000,7.500000,12.750000,6074999.999987,6.284689718874e-10,1.277410758074e-10,6.398458817611e-11
3.5-4.0 MHz,1,,5.250000,7.500000,12.750000,6099999.999987,5.822136136830e-10,1.167067949676e-10,5.778565528353e-11
3.5-4.0 MHz,1,,5.250000,7.500000,12.750000,6124999.999987,5.359479435702e-10,1.061684032245e-10,5.216980529078e-11
3.5-4.0 MHz,1,,5.250000,7.500000,12.750000,6149999.999987,4.910557532841e-10,9.606724324917e-11,4.691056496619e-11
3.5-4.0 MHz,1,,5.250000,7.500000,12.750000,6174999.999986,4.473325529060e-10,8.651129290449e-11,4.202820726732e-11
3.5-4.0 MHz,1,,5.250000,7.500000,12.750000,6199999.999986,4.016987687657e-10,7.697765641704e-11,3.736434639395e-11
3.5-4.0 MHz,1,,5.250000,7.500000,12.750000,6224999.999986,4.504244322737e-07,1.139066630632e-07,5.257411563824e-08
3.5-4.0 MHz,1,,5.250000,7.500000,12.750000,6249999.999986,9.001929252714e-07,2.277429128066e-07,1.051415622258e-07
3.5-4.0 MHz,1,,5.250000,7.500000,12.750000,6274999.999986,4.503812554480e-07,1.138942290795e-07,5.256981277571e-08
3.5-4.0 MHz,1,,5.250000,7.500000,12.750000,6299999.999986,2.577549388096e-10,4.958192997849e-11,2.333250774081e-11
3.5-4.0 MHz,1,,5.250000,7.500000,12.750000,6324999.999986,2.286029968438e-10,4.363272252876e-11,1.997159705725e-11
3.5-4.0 MHz,1,,5.250000,7.500000,12.750000,6349999.999986,1.971501811129e-10,3.871849860391e-11,1.742530210186e-11
3.5-4.0 MHz,1,,5.250000,7.500000,12.750000,6374999.999986,1.654880296188e-10,3.435410182675e-11,1.528436180224e-11
3.5-4.0 MHz,1,,5.250000,7.500000,12.750000,6399999.999986,1.343324831192e-10,3.089095440710e-11,1.373910295850e-11
3.5-4.0 MHz,1,,5.250000,7.500000,12.750000,6424999.999986,1.049942455345e-10,2.799318509934e-11,1.261710940281e-11
3.5-4.0 MHz,1,,5.250000,7.500000,12.750000,6449999.999986,8.737972228792e-11,2.344216256794e-11,1.068244421804e-11
3.5-4.0 MHz,1,,5.250000,7.500000,12.750000,6474999.999986,1.007169884415e-06,2.590860549873e-07,1.268032497128e-07
3.5-4.0 MHz,1,,5.250000,7.500000,12.750000,6499999.999986,2.014256374752e-06,5.180389008393e-07,2.535392623466e-07
3.5-4.0 MHz,1,,5.250000,7.500000,12.750000,6524999.999986,1.007199163200e-06,2.590971740497e-07,1.268085383395e-07
3.5-4.0 MHz,1,,5.250000,7.500000,12.750000,6549999.999986,8.814962758358e-11,3.690991715930e-11,1.988630222394e-11
3.5-4.0 MHz,1,,5.250000,7.500000,12.750000,6574999.999986,1.250689137301e-10,4.937387170484e-11,2.624939784298e-11
3.5-4.0 MHz,1,,5.250000,7.500000,12.750000,6599999.999986,1.731489305415e-10,5.860990536940e-11,3.112095858628e-11
3.5-4.0 MHz,1,,5.250000,7.500000,12.750000,6624999.999985,2.306959381698e-10,6.945037286650e-11,3.683157999467e-11
3.5-4.0 MHz,1,,5.250000,7.500000,12.750000,6649999.999985,3.068712565380e-10,8.356874718616e-11,4.425499422635e-11
3.5-4.0 MHz,1,,5.250000,7.500000,12.750000,6674999.999985,4.334399470583e-10,1.092848413226e-10,5.767531852790e-11
3.5-4.0 MHz,1,,5.250000,7.500000,12.750000,6699999.999985,7.868069965260e-10,1.926271226100e-10,1.006370437086e-10
3.5-4.0 MHz,1,,5.250000,7.500000,12.750000,6724999.999985,1.612727915749e-05,4.382777347322e-06,2.249694433697e-06
3.5-4.0 MHz,1,,5.250000,7.500000,12.750000,6749999.999985,3.225303179563e-05,8.765027609670e-06,4.499127928528e-06
3.5-4.0 MHz,1,,5.250000,7.500000,12.750000,6774999.999985,1.612721234336e-05,4.382762984405e-06,2.249691267884e-06
3.5-4.0 MHz,1,,5.250000,7.500000,12.750000,6799999.999985,1.029676584608e-09,2.506621917554e-10,1.306470514664e-10
3.5-4.0 MHz,1,,5.250000,7.500000,12.750000,6824999.999985,8.167178147545e-10,1.989697575851e-10,1.031327527681e-10
3.5-4.0 MHz,1,,5.250000,7.500000,12.750000,6849999.999985,8.326385208606e-10,2.030410526688e-10,1.048475870286e-10
3.5-4.0 MHz,1,,5.250000,7.500000,12.750000,6874999.999985,9.065335330439e-10,2.203154313818e-10,1.134586031003e-10
3.5-4.0 MHz,1,,5.250000,7.500000,12.750000,6899999.999985,1.012693762567e-09,2.450138594190e-10,1.258983666477e-10
3.5-4.0 MHz,1,,5.250000,7.500000,12.750000,6924999.999985,1.151297823065e-09,2.784010765375e-10,1.427857168804e-10
3.5-4.0 MHz,1,,5.250000,7.500000,12.750000,6949999.999985,1.352412570810e-09,3.304400828826e-10,1.692744392190e-10
3.5-4.0 MHz,1,,5.250000,7.500000,12.750000,6974999.999985,4.717211184904e-06,1.335298061486e-06,6.734780811447e-07
3.5-4.0 MHz,1,,5.250000,7.500000,12.750000,6999999.999985,9.436033507334e-06,2.671065412547e-06,1.347205347730e-06
3.5-4.0 MHz,1,,5.250000,7.500000,12.750000,7024999.999985,4.717064070501e-06,1.335266933490e-06,6.734605282858e-07
3.5-4.0 MHz,1,,5.250000,7.500000,12.750000,7049999.999985,2.276399422434e-09,5.450354362118e-10,2.778017037621e-10
3.5-4.0 MHz,1,,5.250000,7.500000,12.750000,7074999.999984,2.594324292535e-09,6.178441876067e-10,3.141521918588e-10
3.5-4.0 MHz,1,,5.250000,7.500000,12.750000,7099999.999984,3.035085347537e-09,7.246043163972e-10,3.679166541044e-10
3.5-4.0 MHz,1,,5.250000,7.500000,12.750000,7124999.999984,3.598562285243e-09,8.635179801572e-10,4.379509147096e-10
3.5-4.0 MHz,1,,5.250000,7.500000,12.750000,7149999.999984,4.320955456260e-09,1.044069591332e-09,5.290038127552e-10
3.5-4.0 MHz,1,,5.250000,7.500000,12.750000,7174999.999984,5.261157482231e-09,1.281878410957e-09,6.489197555721e-10
3.5-4.0 MHz,1,,5.250000,7.500000,12.750000,7199999.999984,6.506632318096e-09,1.600362074432e-09,8.093735727784e-10
3.5-4.0 MHz,1,,5.250000,7.500000,12.750000,7224999.999984,6.889448160058e-07,1.797839618001e-07,9.711867866611e-08
3.5-4.0 MHz,1,,5.250000,7.500000,12.750000,7249999.999984,1.355898892516e-06,3.538789247565e-07,1.914152981815e-07
3.5-4.0 MHz,1,,5.250000,7.500000,12.750000,7274999.999984,6.944690088264e-07,1.813015954911e-07,9.787534241956e-08
3.5-4.0 MHz,1,,5.250000,7.500000,12.750000,7299999.999984,1.963628979446e-08,5.079519034062e-09,2.564872235344e-09
3.5-4.0 MHz,1,,5.250000,7.500000,12.750000,7324999.999984,2.853332548217e-08,7.495001735290e-09,3.783429089715e-09
3.5-4.0 MHz,1,,5.250000,7.500000,12.750000,7349999.999984,4.420807777535e-08,1.180245593273e-08,5.956471840963e-09
3.5-4.0 MHz,1,,5.250000,7.500000,12.750000,7374999.999984,7.499505172962e-08,2.036800950393e-08,1.027757973815e-08
3.5-4.0 MHz,1,,5.250000,7.500000,12.750000,7399999.999984,1.458946446598e-07,4.034335073392e-08,2.035438601974e-08
3.5-4.0 MHz,1,,5.250000,7.500000,12.750000,7424999.999984,3.589360669759e-07,1.011522613368e-07,5.102912261353e-08
3.5-4.0 MHz,1,,5.250000,7.500000,12.750000,7449999.999984,1.562801644191e-06,4.498131430816e-07,2.268988899032e-07
3.5-4.0 MHz,1,,5.250000,7.500000,12.750000,7474999.999984,5.575830984927e-03,1.346141029477e-03,6.799027270042e-04
3.5-4.0 MHz,1,,5.250000,7.500000,12.750000,7499999.999984,1.114911431295e-02,2.692339913828e-03,1.359833740846e-03
3.5-4.0 MHz,1,,5.250000,7.500000,12.750000,7524999.999983,5.572320250934e-03,1.345854556535e-03,6.797574567091e-04
3.5-4.0 MHz,1,,5.250000,7.500000,12.750000,7549999.999983,1.473471623549e-06,4.453143659199e-07,2.246254335963e-07
3.5-4.0 MHz,1,,5.250000,7.500000,12.750000,7574999.999983,3.212008004791e-07,9.895317675882e-08,4.991186285739e-08
3.5-4.0 MHz,1,,5.250000,7.500000,12.750000,7599999.999983,1.255983269742e-07,3.922155175727e-08,1.978268701610e-08
3.5-4.0 MHz,1,,5.250000,7.500000,12.750000,7624999.999983,6.255603172489e-08,1.975162060780e-08,9.962160810253e-09
3.5-4.0 MHz,1,,5.250000,7.500000,12.750000,7649999.999983,3.596498377142e-08,1.145968201224e-08,5.779893159753e-09
3.5-4.0 MHz,1,,5.250000,7.500000,12.750000,7674999.999983,2.278412609220e-08,7.314962419618e-09,3.689449781045e-09
3.5-4.0 MHz,1,,5.250000,7.500000,12.750000,7699999.999983,1.548283249606e-08,5.003165160324e-09,2.523367386638e-09
3.5-4.0 MHz,1,,5.250000,7.500000,12.750000,7724999.999983,6.955163711874e-07,2.117796021033e-07,1.037862988933e-07
3.5-4.0 MHz,1,,5.250000,7.500000,12.750000,7749999.999983,1.363608929345e-06,4.144343242625e-07,2.027964421429e-07
3.5-4.0 MHz,1,,5.250000,7.500000,12.750000,7774999.999983,6.908935513335e-07,2.103110497676e-07,1.030283354207e-07
3.5-4.0 MHz,1,,5.250000,7.500000,12.750000,7799999.999983,5.138711674999e-09,1.701233197892e-09,8.587467588137e-10
3.5-4.0 MHz,1,,5.250000,7.500000,12.750000,7824999.999983,4.203769715829e-09,1.401727962594e-09,7.076559134185e-10
3.5-4.0 MHz,1,,5.250000,7.500000,12.750000,7849999.999983,3.503725647398e-09,1.178357123386e-09,5.950442971789e-10
3.5-4.0 MHz,1,,5.250000,7.500000,12.750000,7874999.999983,2.970773412530e-09,1.008374546915e-09,5.093581424639e-10
3.5-4.0 MHz,1,,5.250000,7.500000,12.750000,7899999.999983,2.561467185791e-09,8.777887217818e-10,4.435275812289e-10
3.5-4.0 MHz,1,,5.250000,7.500000,12.750000,7924999.999983,2.253962391007e-09,7.780768980378e-10,3.932305413813e-10
3.5-4.0 MHz,1,,5.250000,7.500000,12.750000,7949999.999983,2.087300201589e-09,7.143462346859e-10,3.609436958121e-10
3.5-4.0 MHz,1,,5.250000,7.500000,12.750000,7974999.999983,7.790450815571e-06,2.395649410214e-06,1.218184042453e-06
3.5-4.0 MHz,1,,5.250000,7.500000,12.750000,7999999.999982,1.558270220009e-05,4.791568521687e-06,2.436495339271e-06
3.5-4.0 MHz,1,,5.250000,7.500000,12.750000,8024999.999982,7.790641384532e-06,2.395683187686e-06,1.218198730179e-06
3.5-4.0 MHz,1,,5.250000,7.500000,12.750000,8049999.999982,1.396020006994e-09,5.034001668943e-10,2.547572429057e-10
3.5-4.0 MHz,1,,5.250000,7.500000,12.750000,8074999.999982,1.165329540627e-09,4.454259980215e-10,2.256455426221e-10
3.5-4.0 MHz,1,,5.250000,7.500000,12.750000,8099999.999982,1.024661183708e-09,4.065299537770e-10,2.060445982519e-10
3.5-4.0 MHz,1,,5.250000,7.500000,12.750000,8124999.999982,9.010989977805e-10,3.697085043299e-10,1.874681417733e-10
3.5-4.0 MHz,1,,5.250000,7.500000,12.750000,8149999.999982,7.673164046253e-10,3.272905082312e-10,1.660735513987e-10
3.5-4.0 MHz,1,,5.250000,7.500000,12.750000,8174999.999982,5.754327943509e-10,2.570078907580e-10,1.306725136394e-10
3.5-4.0 MHz,1,,5.250000,7.500000,12.750000,8199999.999982,4.472679155762e-10,6.885878681395e-11,3.773687267161e-11
3.5-4.0 MHz,1,,5.250000,7.500000,12.750000,8224999.999982,2.980760165632e-05,9.521197947236e-06,4.827041662049e-06
3.5-4.0 MHz,1,,5.250000,7.500000,12.750000,8249999.999982,5.960868031461e-05,1.903994163890e-05,9.652841330559e-06
3.5-4.0 MHz,1,,5.250000,7.500000,12.750000,8274999.999982,2.980744755309e-05,9.521147828142e-06,4.827016237070e-06
3.5-4.0 MHz,1,,5.250000,7.500000,12.750000,8299999.999982,5.512884295076e-10,1.105982522330e-10,5.879441082831e-11
3.5-4.0 MHz,1,,5.250000,7.500000,12.750000,8324999.999982,3.606822649654e-10,2.089287816569e-10,1.063026685244e-10
3.5-4.0 MHz,1,,5.250000,7.500000,12.750000,8349999.999982,4.582655963918e-10,2.561604943458e-10,1.299341209257e-10
3.5-4.0 MHz,1,,5.250000,7.500000,12.750000,8374999.999982,5.047794737292e-10,2.765833025566e-10,1.401493268624e-10
3.5-4.0 MHz,1,,5.250000,7.500000,12.750000,8399999.999982,5.279000030103e-10,2.874382944678e-10,1.455476368629e-10
3.5-4.0 MHz,1,,5.250000,7.500000,12.750000,8424999.999982,5.420463956936e-10,2.951000745525e-10,1.493008403319e-10
3.5-4.0 MHz,1,,5.250000,7.500000,12.750000,8449999.999981,5.590257353502e-10,3.047273497241e-10,1.538774899518e-10
3.5-4.0 MHz,1,,5.250000,7.500000,12.750000,8474999.999981,2.643482750967e-06,9.049499619370e-07,4.525465686176e-07
3.5-4.0 MHz,1,,5.250000,7.500000,12.750000,8499999.999981,5.286681482625e-06,1.809943979257e-06,9.051045564567e-07
3.5-4.0 MHz,1,,5.250000,7.500000,12.750000,8524999.999981,2.643433495988e-06,9.049375293898e-07,4.525403369793e-07
3.5-4.0 MHz,1,,5.250000,7.500000,12.750000,8549999.999981,6.007801308203e-10,3.227668289412e-10,1.628151354573e-10
3.5-4.0 MHz,1,,5.250000,7.500000,12.750000,8574999.999981,5.999501084165e-10,3.231559095867e-10,1.632402356286e-10
3.5-4.0 MHz,1,,5.250000,7.500000,12.750000,8599999.999981,6.086611797130e-10,3.271138577789e-10,1.652953070463e-10
3.5-4.0 MHz,1,,5.250000,7.500000,12.750000,8624999.999981,6.204967305308e-10,3.326021327442e-10,1.680896026521e-10
3.5-4.0 MHz,1,,5.250000,7.500000,12.750000,8649999.999981,6.334352552109e-10,3.380869196946e-10,1.708951320870e-10
3.5-4.0 MHz,1,,5.250000,7.500000,12.750000,8674999.999981,6.463460793762e-10,3.444245035277e-10,1.742098854995e-10
3.5-4.0 MHz,1,,5.250000,7.500000,12.750000,8699999.999981,6.484016093314e-10,3.464665565776e-10,1.757158162267e-10
3.5-4.0 MHz,1,,5.250000,7.500000,12.750000,8724999.999981,1.788995992063e-06,6.141855674774e-07,3.057102360591e-07
3.5-4.0 MHz,1,,5.250000,7.500000,12.750000,8749999.999981,3.576699696123e-06,1.227794737268e-06,6.111673505303e-07
3.5-4.0 MHz,1,,5.250000,7.500000,12.750000,8774999.999981,1.789042507961e-06,6.141999369657e-07,3.057172246618e-07
3.5-4.0 MHz,1,,5.250000,7.500000,12.750000,8799999.999981,7.602744115977e-10,3.923154044397e-10,1.986711219459e-10
3.5-4.0 MHz,1,,5.250000,7.500000,12.750000,8824999.999981,8.133606110138e-10,4.117119436391e-10,2.080304278937e-10
3.5-4.0 MHz,1,,5.250000,7.500000,12.750000,8849999.999981,8.658566309425e-10,4.318945099319e-10,2.181083908635e-10
3.5-4.0 MHz,1,,5.250000,7.500000,12.750000,8874999.999981,9.299397245689e-10,4.561843248435e-10,2.303640024891e-10
3.5-4.0 MHz,1,,5.250000,7.500000,12.750000,8899999.999980,1.021868512468e-09,4.907679309515e-10,2.479152512558e-10
3.5-4.0 MHz,1,,5.250000,7.500000,12.750000,8924999.999980,1.187699871688e-09,5.514471239081e-10,2.788749969368e-10
3.5-4.0 MHz,1,,5.250000,7.500000,12.750000,8949999.999980,1.683033240724e-09,7.310274919844e-10,3.709009747052e-10
3.5-4.0 MHz,1,,5.250000,7.500000,12.750000,8974999.999980,2.139382293493e-05,7.668765187512e-06,3.940189288025e-06
3.5-4.0 MHz,1,,5.250000,7.500000,12.750000,8999999.999980,4.278744096165e-05,1.533784367681e-05,7.880526961314e-06
3.5-4.0 MHz,1,,5.250000,7.500000,12.750000,9024999.999980,2.139361106654e-05,7.668684816879e-06,3.940151429209e-06
3.5-4.0 MHz,1,,5.250000,7.500000,12.750000,9049999.999980,1.883328852890e-09,8.116348977885e-10,4.120521849840e-10
3.5-4.0 MHz,1,,5.250000,7.500000,12.750000,9074999.999980,1.523770175440e-09,6.859847183195e-10,3.466400310125e-10
3.5-4.0 MHz,1,,5.250000,7.500000,12.750000,9099999.999980,1.480410447547e-09,6.734835437586e-10,3.397904949869e-10
3.5-4.0 MHz,1,,5.250000,7.500000,12.750000,9124999.999980,1.515942035450e-09,6.896525396445e-10,3.476939230706e-10
3.5-4.0 MHz,1,,5.250000,7.500000,12.750000,9149999.999980,1.585798031529e-09,7.179304828474e-10,3.617949544267e-10
3.5-4.0 MHz,1,,5.250000,7.500000,12.750000,9174999.999980,1.677081981378e-09,7.546695217367e-10,3.801983992043e-10
3.5-4.0 MHz,1,,5.250000,7.500000,12.750000,9199999.999980,1.774872852616e-09,7.926240208234e-10,3.991623874192e-10
3.5-4.0 MHz,1,,5.250000,7.500000,12.750000,9224999.999980,2.133139101372e-06,7.963854729380e-07,3.972307093846e-07
3.5-4.0 MHz,1,,5.250000,7.500000,12.750000,9249999.999980,4.262367914991e-06,1.590923434381e-06,7.935193156193e-07
3.5-4.0 MHz,1,,5.250000,7.500000,12.750000,9274999.999980,2.133352040771e-06,7.964755706444e-07,3.972753982216e-07
3.5-4.0 MHz,1,,5.250000,7.500000,12.750000,9299999.999980,2.493828352787e-09,1.075191969593e-09,5.415928980099e-10
3.5-4.0 MHz,1,,5.250000,7.500000,12.750000,9324999.999980,2.795048987099e-09,1.192824731940e-09,6.007181144225e-10
3.5-4.0 MHz,1,,5.250000,7.500000,12.750000,9349999.999979,3.129495093095e-09,1.322962683333e-09,6.662264475347e-10
3.5-4.0 MHz,1,,5.250000,7.500000,12.750000,9374999.999979,3.529961648363e-09,1.478642462428e-09,7.446111574406e-10
3.5-4.0 MHz,1,,5.250000,7.500000,12.750000,9399999.999979,4.024222449612e-09,1.670074145524e-09,8.410137499820e-10
3.5-4.0 MHz,1,,5.250000,7.500000,12.750000,9424999.999979,4.660540436908e-09,1.916386192088e-09,9.650660696954e-10
3.5-4.0 MHz,1,,5.250000,7.500000,12.750000,9449999.999979,5.580016420382e-09,2.271333970321e-09,1.143845621116e-09
3.5-4.0 MHz,1,,5.250000,7.500000,12.750000,9474999.999979,1.415326888824e-05,5.280756443160e-06,2.649466111288e-06
3.5-4.0 MHz,1,,5.250000,7.500000,12.750000,9499999.999979,2.831694851917e-05,1.056595996705e-05,5.301190206691e-06
3.5-4.0 MHz,1,,5.250000,7.500000,12.750000,9524999.999979,1.415149356145e-05,5.280054059313e-06,2.649109979134e-06
3.5-4.0 MHz,1,,5.250000,7.500000,12.750000,9549999.999979,1.187583939306e-08,4.695762755025e-09,2.364719163974e-09
3.5-4.0 MHz,1,,5.250000,7.500000,12.750000,9574999.999979,1.517612863510e-08,5.965322572406e-09,3.004077633483e-09
3.5-4.0 MHz,1,,5.250000,7.500000,12.750000,9599999.999979,2.057477454559e-08,8.040460353266e-09,4.049143786299e-09
3.5-4.0 MHz,1,,5.250000,7.500000,12.750000,9624999.999979,2.976880201913e-08,1.157288872630e-08,5.828149524230e-09
3.5-4.0 MHz,1,,5.250000,7.500000,12.750000,9649999.999979,4.729056891562e-08,1.830297579786e-08,9.217594837066e-09
3.5-4.0 MHz,1,,5.250000,7.500000,12.750000,9674999.999979,8.770683379218e-08,3.382485911423e-08,1.703486181895e-08
3.5-4.0 MHz,1,,5.250000,7.500000,12.750000,9699999.999979,2.226238259368e-07,8.564226870905e-08,4.313068731915e-08
3.5-4.0 MHz,1,,5.250000,7.500000,12.750000,9724999.999979,6.955329916652e-03,2.669945910864e-03,1.344576357925e-03
3.5-4.0 MHz,1,,5.250000,7.500000,12.750000,9749999.999979,1.390959399332e-02,5.339482917430e-03,2.688946755839e-03
3.5-4.0 MHz,1,,5.250000,7.500000,12.750000,9774999.999979,6.955275321842e-03,2.669924743613e-03,1.344565646108e-03
3.5-4.0 MHz,1,,5.250000,7.500000,12.750000,9799999.999979,2.186310764850e-07,8.407956648521e-08,4.232870688982e-08
3.5-4.0 MHz,1,,5.250000,7.500000,12.750000,9824999.999978,8.358599636001e-08,3.224706893111e-08,1.623709729697e-08
3.5-4.0 MHz,1,,5.250000,7.500000,12.750000,9849999.999978,4.546563133579e-08,1.761980404951e-08,8.872255961856e-09
3.5-4.0 MHz,1,,5.250000,7.500000,12.750000,9874999.999978,2.887430842655e-08,1.125562044180e-08,5.667692980666e-09
3.5-4.0 MHz,1,,5.250000,7.500000,12.750000,9899999.999978,2.010006132442e-08,7.891684475378e-09,3.973822187515e-09
3.5-4.0 MHz,1,,5.250000,7.500000,12.750000,9924999.999978,1.487898974746e-08,5.891849386173e-09,2.966881758560e-09
3.5-4.0 MHz,1,,5.250000,7.500000,12.750000,9949999.999978,1.147908267187e-08,4.590861192127e-09,2.312078278644e-09
3.5-4.0 MHz,1,,5.250000,7.500000,12.750000,9974999.999978,1.476994102403e-05,5.930874656176e-06,2.981474560878e-06
3.5-4.0 MHz,1,,5.250000,7.500000,12.750000,9999999.999978,2.953267170881e-05,1.185888515078e-05,5.961534673661e-06
3.5-4.0 MHz,1,,5.250000,7.500000,12.750000,10024999.999978,1.476931726481e-05,5.930652470164e-06,2.981367187736e-06
3.5-4.0 MHz,1,,5.250000,7.500000,12.750000,10049999.999978,5.618969871245e-09,2.360019013129e-09,1.188382857308e-09
3.5-4.0 MHz,1,,5.250000,7.500000,12.750000,10074999.999978,4.983817045137e-09,2.123203988606e-09,1.068864869246e-09
3.5-4.0 MHz,1,,5.250000,7.500000,12.750000,10099999.999978,4.490882022181e-09,1.941252787973e-09,9.771355320665e-10
3.5-4.0 MHz,1,,5.250000,7.500000,12.750000,10124999.999978,4.112881647384e-09,1.803890009234e-09,9.078873315604e-10
3.5-4.0 MHz,1,,5.250000,7.500000,12.750000,10149999.999978,3.828884784760e-09,1.703593493009e-09,8.573043428887e-10
3.5-4.0 MHz,1,,5.250000,7.500000,12.750000,10174999.999978,3.622166755480e-09,1.634594396476e-09,8.224885710046e-10
3.5-4.0 MHz,1,,5.250000,7.500000,12.750000,10199999.999978,3.465015671811e-09,1.584931360362e-09,7.974825454393e-10
3.5-4.0 MHz,1,,5.250000,7.500000,12.750000,10224999.999978,3.450598197302e-06,1.416177317208e-06,7.160784025483e-07
3.5-4.0 MHz,1,,5.250000,7.500000,12.750000,10249999.999978,6.895038919116e-06,2.829401406518e-06,1.430679806412e-06
3.5-4.0 MHz,1,,5.250000,7.500000,12.750000,10274999.999977,3.450852102744e-06,1.416326448514e-06,7.161536177272e-07
3.5-4.0 MHz,1,,5.250000,7.500000,12.750000,10299999.999977,3.917791447655e-09,1.861330674855e-09,9.355778813551e-10
3.5-4.0 MHz,1,,5.250000,7.500000,12.750000,10324999.999977,4.493072433368e-09,2.142874361771e-09,1.076930962901e-09
3.5-4.0 MHz,1,,5.250000,7.500000,12.750000,10349999.999977,5.422264413237e-09,2.593614981026e-09,1.303265348606e-09
3.5-4.0 MHz,1,,5.250000,7.500000,12.750000,10374999.999977,7.083428464098e-09,3.394751014956e-09,1.705676156914e-09
3.5-4.0 MHz,1,,5.250000,7.500000,12.750000,10399999.999977,1.041590731861e-08,4.996713544127e-09,2.510566075556e-09
3.5-4.0 MHz,1,,5.250000,7.500000,12.750000,10424999.999977,1.867952063606e-08,8.951626056459e-09,4.498178820200e-09
3.5-4.0 MHz,1,,5.250000,7.500000,12.750000,10449999.999977,5.153066685101e-08,2.440081580451e-08,1.226551050733e-08
3.5-4.0 MHz,1,,5.250000,7.500000,12.750000,10474999.999977,1.297751786035e-03,6.174375648217e-04,3.103473140443e-04
3.5-4.0 MHz,1,,5.250000,7.500000,12.750000,10499999.999977,2.595312982175e-03,1.234781247073e-03,6.206474557909e-04
3.5-4.0 MHz,1,,5.250000,7.500000,12.750000,10524999.999977,1.297776021757e-03,6.174447353864e-04,3.103509480291e-04
3.5-4.0 MHz,1,,5.250000,7.500000,12.750000,10549999.999977,5.755120025967e-08,2.673254444960e-08,1.344088853434e-08
3.5-4.0 MHz,1,,5.250000,7.500000,12.750000,10574999.999977,1.978090927748e-08,9.291230293639e-09,4.670455201923e-09
3.5-4.0 MHz,1,,5.250000,7.500000,12.750000,10599999.999977,1.070045973908e-08,5.100071834968e-09,2.562880471832e-09
3.5-4.0 MHz,1,,5.250000,7.500000,12.750000,10624999.999977,7.041274951628e-09,3.409496227343e-09,1.712836222203e-09
3.5-4.0 MHz,1,,5.250000,7.500000,12.750000,10649999.999977,5.187081531070e-09,2.555389989736e-09,1.283427600412e-09
3.5-4.0 MHz,1,,5.250000,7.500000,12.750000,10674999.999977,4.118150573807e-09,2.067045388359e-09,1.037931741370e-09
3.5-4.0 MHz,1,,5.250000,7.500000,12.750000,10699999.999977,3.465494844289e-09,1.773036154510e-09,8.900639797343e-10
3.5-4.0 MHz,1,,5.250000,7.500000,12.750000,10724999.999976,1.543260957976e-06,7.010956104895e-07,3.533935504599e-07
3.5-4.0 MHz,1,,5.250000,7.500000,12.750000,10749999.999976,3.093667833553e-06,1.406083080702e-06,7.087023355392e-07
3.5-4.0 MHz,1,,5.250000,7.500000,12.750000,10774999.999976,1.543761662043e-06,7.013427008418e-07,3.535172042530e-07
3.5-4.0 MHz,1,,5.250000,7.500000,12.750000,10799999.999976,2.286608827684e-09,1.263630037054e-09,6.340078645572e-10
3.5-4.0 MHz,1,,5.250000,7.500000,12.750000,10824999.999976,2.126345799986e-09,1.199965235713e-09,6.023141893573e-10
3.5-4.0 MHz,1,,5.250000,7.500000,12.750000,10849999.999976,2.020159888883e-09,1.160069536026e-09,5.823600575790e-10
3.5-4.0 MHz,1,,5.250000,7.500000,12.750000,10874999.999976,1.940291571749e-09,1.133509206200e-09,5.690755577607e-10
3.5-4.0 MHz,1,,5.250000,7.500000,12.750000,10899999.999976,1.879720867661e-09,1.115393343320e-09,5.600125230408e-10
3.5-4.0 MHz,1,,5.250000,7.500000,12.750000,10924999.999976,1.831559210336e-09,1.102946268621e-09,5.537969057361e-10
3.5-4.0 MHz,1,,5.250000,7.500000,12.750000,10949999.999976,1.783197190846e-09,1.089709477756e-09,5.471922378153e-10
3.5-4.0 MHz,1,,5.250000,7.500000,12.750000,10974999.999976,9.632382711827e-07,4.704710121886e-07,2.354520640661e-07
3.5-4.0 MHz,1,,5.250000,7.500000,12.750000,10999999.999976,1.921503839785e-06,9.376279137841e-07,4.692329846858e-07
3.5-4.0 MHz,1,,5.250000,7.500000,12.750000,11024999.999976,9.632359290347e-07,4.704935012486e-07,2.354631235963e-07
3.5-4.0 MHz,1,,5.250000,7.500000,12.750000,11049999.999976,1.741727752796e-09,1.113924396295e-09,5.594604572554e-10
3.5-4.0 MHz,1,,5.250000,7.500000,12.750000,11074999.999976,1.768442483544e-09,1.138661421371e-09,5.718598160843e-10
3.5-4.0 MHz,1,,5.250000,7.500000,12.750000,11099999.999976,1.787084571058e-09,1.159681685689e-09,5.824175544782e-10
3.5-4.0 MHz,1,,5.250000,7.500000,12.750000,11124999.999976,1.809890079415e-09,1.182099849912e-09,5.936721713478e-10
3.5-4.0 MHz,1,,5.250000,7.500000,12.750000,11149999.999976,1.839623344663e-09,1.208857906282e-09,6.070933092257e-10
3.5-4.0 MHz,1,,5.250000,7.500000,12.750000,11174999.999975,1.886492848446e-09,1.242945194995e-09,6.241657285882e-10
3.5-4.0 MHz,1,,5.250000,7.500000,12.750000,11199999.999975,1.993417466695e-09,1.304441087561e-09,6.549507702072e-10
3.5-4.0 MHz,1,,5.250000,7.500000,12.750000,11224999.999975,5.221145296660e-06,2.739028849520e-06,1.328005061453e-06
3.5-4.0 MHz,1,,5.250000,7.500000,12.750000,11249999.999975,1.044551638531e-05,5.479859430629e-06,2.656934651705e-06
3.5-4.0 MHz,1,,5.250000,7.500000,12.750000,11274999.999975,5.221099412197e-06,2.739005001967e-06,1.327988818913e-06
3.5-4.0 MHz,1,,5.250000,7.500000,12.750000,11299999.999975,2.138336434969e-09,1.430837567014e-09,7.183430303080e-10
3.5-4.0 MHz,1,,5.250000,7.500000,12.750000,11324999.999975,2.112007702882e-09,1.437763306348e-09,7.220381841900e-10
3.5-4.0 MHz,1,,5.250000,7.500000,12.750000,11349999.999975,2.142699707612e-09,1.470946340961e-09,7.387886010250e-10
3.5-4.0 MHz,1,,5.250000,7.500000,12.750000,11374999.999975,2.189391463874e-09,1.511399233303e-09,7.591492244766e-10
3.5-4.0 MHz,1,,5.250000,7.500000,12.750000,11399999.999975,2.243658964465e-09,1.555952660228e-09,7.815550988763e-10
3.5-4.0 MHz,1,,5.250000,7.500000,12.750000,11424999.999975,2.300851225707e-09,1.602941061131e-09,8.051886814104e-10
3.5-4.0 MHz,1,,5.250000,7.500000,12.750000,11449999.999975,2.350648583257e-09,1.643653643654e-09,8.257772515188e-10
3.5-4.0 MHz,1,,5.250000,7.500000,12.750000,11474999.999975,1.451963865729e-06,8.023853527365e-07,4.033788250675e-07
3.5-4.0 MHz,1,,5.250000,7.500000,12.750000,11499999.999975,2.898600797772e-06,1.600587039270e-06,8.046467593535e-07
3.5-4.0 MHz,1,,5.250000,7.500000,12.750000,11524999.999975,1.452083956279e-06,8.024910817932e-07,4.034323482329e-07
3.5-4.0 MHz,1,,5.250000,7.500000,12.750000,11549999.999975,2.688581712915e-09,1.902045596035e-09,9.553137112053e-10
3.5-4.0 MHz,1,,5.250000,7.500000,12.750000,11574999.999975,2.811349986378e-09,1.991635633897e-09,1.000389684254e-09
3.5-4.0 MHz,1,,5.250000,7.500000,12.750000,11599999.999975,2.926291279271e-09,2.077575018007e-09,1.043579435106e-09
3.5-4.0 MHz,1,,5.250000,7.500000,12.750000,11624999.999975,3.047384365286e-09,2.166965289109e-09,1.088483847251e-09
3.5-4.0 MHz,1,,5.250000,7.500000,12.750000,11649999.999974,3.176375497796e-09,2.263198034204e-09,1.136829864030e-09
3.5-4.0 MHz,1,,5.250000,7.500000,12.750000,11674999.999974,3.317116295952e-09,2.367079973906e-09,1.189011232185e-09
3.5-4.0 MHz,1,,5.250000,7.500000,12.750000,11699999.999974,3.477462450543e-09,2.484312634172e-09,1.247927876711e-09
3.5-4.0 MHz,1,,5.250000,7.500000,12.750000,11724999.999974,8.345667892987e-07,5.033694640935e-07,2.526487165542e-07
3.5-4.0 MHz,1,,5.250000,7.500000,12.750000,11749999.999974,1.677850512147e-06,1.013428081992e-06,5.086713980500e-07
3.5-4.0 MHz,1,,5.250000,7.500000,12.750000,11774999.999974,8.342999046000e-07,5.031526994920e-07,2.525388657292e-07
3.5-4.0 MHz,1,,5.250000,7.500000,12.750000,11799999.999974,4.200488255027e-09,3.016226677212e-09,1.514953444432e-09
3.5-4.0 MHz,1,,5.250000,7.500000,12.750000,11824999.999974,4.406926153130e-09,3.168184126196e-09,1.591268127912e-09
3.5-4.0 MHz,1,,5.250000,7.500000,12.750000,11849999.999974,4.646504686987e-09,3.342375833458e-09,1.678706685328e-09
3.5-4.0 MHz,1,,5.250000,7.500000,12.750000,11874999.999974,4.914318978825e-09,3.536508680145e-09,1.776115940618e-09
3.5-4.0 MHz,1,,5.250000,7.500000,12.750000,11899999.999974,5.218763162577e-09,3.753399544589e-09,1.884871030702e-09
3.5-4.0 MHz,1,,5.250000,7.500000,12.750000,11924999.999974,5.579393279810e-09,4.004267549806e-09,2.010447219763e-09
3.5-4.0 MHz,1,,5.250000,7.500000,12.750000,11949999.999974,6.080765957765e-09,4.321740897504e-09,2.168437327275e-09
3.5-4.0 MHz,1,,5.250000,7.500000,12.750000,11974999.999974,2.492178372422e-05,1.464970605557e-05,7.395601788921e-06
3.5-4.0 MHz,1,,5.250000,7.500000,12.750000,11999999.999974,4.985116787206e-05,2.930437512188e-05,1.479360281340e-05
3.5-4.0 MHz,1,,5.250000,7.500000,12.750000,12024999.999974,2.492247736893e-05,1.465010194783e-05,7.395803745442e-06
3.5-4.0 MHz,1,,5.250000,7.500000,12.750000,12049999.999974,8.126961785646e-09,5.768272756918e-09,2.895283995554e-09
3.5-4.0 MHz,1,,5.250000,7.500000,12.750000,12074999.999974,8.265424671081e-09,5.958764311289e-09,2.992158887476e-09
3.5-4.0 MHz,1,,5.250000,7.500000,12.750000,12099999.999973,8.782805970064e-09,6.358873574687e-09,3.193506537453e-09
3.5-4.0 MHz,1,,5.250000,7.500000,12.750000,12124999.999973,9.436383050801e-09,6.846268030513e-09,3.438466858118e-09
3.5-4.0 MHz,1,,5.250000,7.500000,12.750000,12149999.999973,1.019812422388e-08,7.408357696836e-09,3.720836426914e-09
3.5-4.0 MHz,1,,5.250000,7.500000,12.750000,12174999.999973,1.106832972784e-08,8.047295608057e-09,4.041694661440e-09
3.5-4.0 MHz,1,,5.250000,7.500000,12.750000,12199999.999973,1.203925361919e-08,8.762342258830e-09,4.400385748623e-09
3.5-4.0 MHz,1,,5.250000,7.500000,12.750000,12224999.999973,2.009923582935e-06,1.279218172752e-06,6.573693612105e-07
3.5-4.0 MHz,1,,5.250000,7.500000,12.750000,12249999.999973,3.979652418576e-06,2.528706792713e-06,1.299818464242e-06
3.5-4.0 MHz,1,,5.250000,7.500000,12.750000,12274999.999973,2.012758738757e-06,1.281325048152e-06,6.584240444350e-07
3.5-4.0 MHz,1,,5.250000,7.500000,12.750000,12299999.999973,1.794871255614e-08,1.308311657547e-08,6.571223060737e-09
3.5-4.0 MHz,1,,5.250000,7.500000,12.750000,12324999.999973,2.016276399124e-08,1.469717240518e-08,7.381994507308e-09
3.5-4.0 MHz,1,,5.250000,7.500000,12.750000,12349999.999973,2.276980547322e-08,1.660034639845e-08,8.337953872575e-09
3.5-4.0 MHz,1,,5.250000,7.500000,12.750000,12374999.999973,2.590971312156e-08,1.889383014034e-08,9.489923723651e-09
3.5-4.0 MHz,1,,5.250000,7.500000,12.750000,12399999.999973,2.974740566294e-08,2.169621147563e-08,1.089748114324e-08
3.5-4.0 MHz,1,,5.250000,7.500000,12.750000,12424999.999973,3.450630542502e-08,2.517308140618e-08,1.264375878514e-08
3.5-4.0 MHz,1,,5.250000,7.500000,12.750000,12449999.999973,4.050013367078e-08,2.955277640484e-08,1.484326068065e-08
3.5-4.0 MHz,1,,5.250000,7.500000,12.750000,12474999.999973,1.686650564280e-06,1.032581315111e-06,5.387573793809e-07
3.5-4.0 MHz,1,,5.250000,7.500000,12.750000,12499999.999973,3.257409449002e-06,1.984265265055e-06,1.036822426080e-06
3.5-4.0 MHz,1,,5.250000,7.500000,12.750000,12524999.999973,1.704927407801e-06,1.045427585198e-06,5.452118295183e-07
3.5-4.0 MHz,1,,5.250000,7.500000,12.750000,12549999.999972,9.182015621297e-08,6.702440915089e-08,3.366459254317e-08
3.5-4.0 MHz,1,,5.250000,7.500000,12.750000,12574999.999972,1.205010340236e-07,8.796153736626e-08,4.418138397431e-08
3.5-4.0 MHz,1,,5.250000,7.500000,12.750000,12599999.999972,1.651882851488e-07,1.205878319852e-07,6.056929523452e-08
3.5-4.0 MHz,1,,5.250000,7.500000,12.750000,12624999.999972,2.407504774321e-07,1.757569077955e-07,8.828035474238e-08
3.5-4.0 MHz,1,,5.250000,7.500000,12.750000,12649999.999972,3.848337902718e-07,2.809578083964e-07,1.411226779129e-07
3.5-4.0 MHz,1,,5.250000,7.500000,12.750000,12674999.999972,7.203023110674e-07,5.259045511591e-07,2.641619721237e-07
3.5-4.0 MHz,1,,5.250000,7.500000,12.750000,12699999.999972,1.911488233556e-06,1.395879513919e-06,7.011705744257e-07
3.5-4.0 MHz,1,,5.250000,7.500000,12.750000,12724999.999972,5.789395516393e-02,4.226733267669e-02,2.122970181118e-02
3.5-4.0 MHz,1,,5.250000,7.500000,12.750000,12749999.999972,1.157793229791e-01,8.452839419290e-02,4.245625332759e-02
3.5-4.0 MHz,1,,5.250000,7.500000,12.750000,12774999.999972,5.789402562406e-02,4.226738291461e-02,2.122972657743e-02
3.5-4.0 MHz,1,,5.250000,7.500000,12.750000,12799999.999972,1.928871568264e-06,1.408275757288e-06,7.072718228486e-07
3.5-4.0 MHz,1,,5.250000,7.500000,12.750000,12824999.999972,7.239713658993e-07,5.285228250624e-07,2.654530079996e-07
3.5-4.0 MHz,1,,5.250000,7.500000,12.750000,12849999.999972,3.862625940649e-07,2.819797137073e-07,1.416272155251e-07
3.5-4.0 MHz,1,,5.250000,7.500000,12.750000,12874999.999972,2.414560452423e-07,1.762648408548e-07,8.853135088999e-08
3.5-4.0 MHz,1,,5.250000,7.500000,12.750000,12899999.999972,1.655894561752e-07,1.208782095669e-07,6.071295369106e-08
3.5-4.0 MHz,1,,5.250000,7.500000,12.750000,12924999.999972,1.207561716217e-07,8.814835577799e-08,4.427410777465e-08
3.5-4.0 MHz,1,,5.250000,7.500000,12.750000,12949999.999972,9.201991269000e-08,6.716880938173e-08,3.373717622901e-08
3.5-4.0 MHz,1,,5.250000,7.500000,12.750000,12974999.999972,3.582256837868e-07,2.085513413059e-07,1.048671698899e-07
3.5-4.0 MHz,1,,5.250000,7.500000,12.750000,12999999.999971,8.505807233669e-07,5.245667009158e-07,2.699615359383e-07
3.5-4.0 MHz,1,,5.250000,7.500000,12.750000,13024999.999971,3.727648965704e-07,2.202544403678e-07,1.116341859906e-07
3.5-4.0 MHz,1,,5.250000,7.500000,12.750000,13049999.999971,4.056907156900e-08,2.960915356459e-08,1.487222632541e-08
3.5-4.0 MHz,1,,5.250000,7.500000,12.750000,13074999.999971,3.453424081122e-08,2.520301753267e-08,1.265894498467e-08
3.5-4.0 MHz,1,,5.250000,7.500000,12.750000,13099999.999971,2.975686770155e-08,2.171657184967e-08,1.090776618254e-08
3.5-4.0 MHz,1,,5.250000,7.500000,12.750000,13124999.999971,2.590981289623e-08,1.890708663462e-08,9.496640083079e-09
3.5-4.0 MHz,1,,5.250000,7.500000,12.750000,13149999.999971,2.276454385700e-08,1.661199907172e-08,8.343906682251e-09
3.5-4.0 MHz,1,,5.250000,7.500000,12.750000,13174999.999971,2.016076378775e-08,1.471126149891e-08,7.389275733254e-09
3.5-4.0 MHz,1,,5.250000,7.500000,12.750000,13199999.999971,1.798135519279e-08,1.311830004535e-08,6.589313802887e-09
3.5-4.0 MHz,1,,5.250000,7.500000,12.750000,13224999.999971,1.738491888347e-08,9.883529510355e-08,4.151758384112e-08
3.5-4.0 MHz,1,,5.250000,7.500000,12.750000,13249999.999971,3.698453461524e-08,1.655980880382e-07,7.000186615199e-08
3.5-4.0 MHz,1,,5.250000,7.500000,12.750000,13274999.999971,1.573836977001e-08,9.682162784467e-08,4.066660455236e-08
3.5-4.0 MHz,1,,5.250000,7.500000,12.750000,13299999.999971,1.203612295231e-08,8.779424810218e-09,4.410354421199e-09
3.5-4.0 MHz,1,,5.250000,7.500000,12.750000,13324999.999971,1.101398344713e-08,8.035814443401e-09,4.036505096980e-09
3.5-4.0 MHz,1,,5.250000,7.500000,12.750000,13349999.999971,1.011696094272e-08,7.380616876484e-09,3.707347898703e-09
3.5-4.0 MHz,1,,5.250000,7.500000,12.750000,13374999.999971,9.325176245501e-09,6.803380563308e-09,3.417419616633e-09
3.5-4.0 MHz,1,,5.250000,7.500000,12.750000,13399999.999971,8.622766579822e-09,6.290866172206e-09,3.160059465258e-09
3.5-4.0 MHz,1,,5.250000,7.500000,12.750000,13424999.999971,7.996950509199e-09,5.832095958401e-09,2.929796827065e-09
3.5-4.0 MHz,1,,5.250000,7.500000,12.750000,13449999.999971,7.436611015538e-09,5.415313678523e-09,2.720993358687e-09
3.5-4.0 MHz,1,,5.250000,7.500000,12.750000,13474999.999970,1.495545060398e-06,1.832983377711e-06,9.061335139803e-07
3.5-4.0 MHz,1,,5.250000,7.500000,12.750000,13499999.999970,2.988261388675e-06,3.661331473180e-06,1.810249793599e-06
3.5-4.0 MHz,1,,5.250000,7.500000,12.750000,13524999.999970,1.495462427235e-06,1.832826336113e-06,9.060677951403e-07
3.5-4.0 MHz,1,,5.250000,7.500000,12.750000,13549999.999970,5.697534769639e-09,4.147785090795e-09,2.085242883208e-09
3.5-4.0 MHz,1,,5.250000,7.500000,12.750000,13574999.999970,5.361326248717e-09,3.911841973940e-09,1.965479964871e-09
3.5-4.0 MHz,1,,5.250000,7.500000,12.750000,13599999.999970,5.053628150244e-09,3.688478311950e-09,1.852971022949e-09
3.5-4.0 MHz,1,,5.250000,7.500000,12.750000,13624999.999970,4.770247657739e-09,3.485300020677e-09,1.750790739602e-09
3.5-4.0 MHz,1,,5.250000,7.500000,12.750000,13649999.999970,4.510625477354e-09,3.296274516509e-09,1.655773455558e-09
3.5-4.0 MHz,1,,5.250000,7.500000,12.750000,13674999.999970,4.270766857821e-09,3.121967970992e-09,1.568185705546e-09
3.5-4.0 MHz,1,,5.250000,7.500000,12.750000,13699999.999970,4.046732914854e-09,2.959756030755e-09,1.486660013896e-09
3.5-4.0 MHz,1,,5.250000,7.500000,12.750000,13724999.999970,2.128091140534e-07,1.819976194903e-07,9.110104488074e-08
3.5-4.0 MHz,1,,5.250000,7.500000,12.750000,13749999.999970,4.154584472229e-07,3.568425150809e-07,1.786895332812e-07
3.5-4.0 MHz,1,,5.250000,7.500000,12.750000,13774999.999970,2.124870263219e-07,1.817753948990e-07,9.099121871063e-08
3.5-4.0 MHz,1,,5.250000,7.500000,12.750000,13799999.999970,3.317139031115e-09,2.431319053627e-09,1.221324911067e-09
3.5-4.0 MHz,1,,5.250000,7.500000,12.750000,13824999.999970,3.170210118769e-09,2.324477675729e-09,1.167539935763e-09
3.5-4.0 MHz,1,,5.250000,7.500000,12.750000,13849999.999970,3.030356070385e-09,2.223981194320e-09,1.117018905071e-09
3.5-4.0 MHz,1,,5.250000,7.500000,12.750000,13874999.999970,2.898990062523e-09,2.129644816219e-09,1.069606743744e-09
3.5-4.0 MHz,1,,5.250000,7.500000,12.750000,13899999.999970,2.776400416144e-09,2.040380654792e-09,1.024731428076e-09
3.5-4.0 MHz,1,,5.250000,7.500000,12.750000,13924999.999969,2.661079950816e-09,1.957735317749e-09,9.831627488266e-10
3.5-4.0 MHz,1,,5.250000,7.500000,12.750000,13949999.999969,2.553100631669e-09,1.880073560585e-09,9.439776486389e-10
3.5-4.0 MHz,1,,5.250000,7.500000,12.750000,13974999.999969,1.512479631864e-07,2.232705181870e-07,1.167102351541e-07
3.5-4.0 MHz,1,,5.250000,7.500000,12.750000,13999999.999969,3.020575434288e-07,4.444200388868e-07,2.321759288356e-07
3.5-4.0 MHz,1,,5.250000,7.500000,12.750000,14024999.999969,1.512409207225e-07,2.232258952564e-07,1.166829568176e-07
3.5-4.0 MHz,1,,5.250000,7.500000,12.750000,14049999.999969,2.181775207602e-09,1.615892908382e-09,8.110133376256e-10
3.5-4.0 MHz,1,,5.250000,7.500000,12.750000,14074999.999969,2.102185210565e-09,1.560487031179e-09,7.835131273030e-10
3.5-4.0 MHz,1,,5.250000,7.500000,12.750000,14099999.999969,2.026811230435e-09,1.510084000193e-09,7.582667816369e-10
3.5-4.0 MHz,1,,5.250000,7.500000,12.750000,14124999.999969,1.956074054123e-09,1.461041717312e-09,7.336739360694e-10
3.5-4.0 MHz,1,,5.250000,7.500000,12.750000,14149999.999969,1.889381151089e-09,1.418147903469e-09,7.121597344119e-10
3.5-4.0 MHz,1,,5.250000,7.500000,12.750000,14174999.999969,1.827272877443e-09,1.381439675812e-09,6.937783357156e-10
3.5-4.0 MHz,1,,5.250000,7.500000,12.750000,14199999.999969,1.774655347577e-09,1.362874683718e-09,6.842850239596e-10
3.5-4.0 MHz,1,,5.250000,7.500000,12.750000,14224999.999969,1.775129512661e-06,2.798623280689e-06,1.345745798616e-06
3.5-4.0 MHz,1,,5.250000,7.500000,12.750000,14249999.999969,3.550511382154e-06,5.598004260649e-06,2.691945858444e-06
3.5-4.0 MHz,1,,5.250000,7.500000,12.750000,14274999.999969,1.775147391148e-06,2.798655200854e-06,1.345773458808e-06
3.5-4.0 MHz,1,,5.250000,7.500000,12.750000,14299999.999969,1.550959267299e-09,1.204544877218e-09,6.037374443064e-10
3.5-4.0 MHz,1,,5.250000,7.500000,12.750000,14324999.999969,1.505647046194e-09,1.168219370889e-09,5.862703524951e-10
3.5-4.0 MHz,1,,5.250000,7.500000,12.750000,14349999.999969,1.461726076925e-09,1.138637383547e-09,5.714478669038e-10
3.5-4.0 MHz,1,,5.250000,7.500000,12.750000,14374999.999968,1.419879582417e-09,1.114114766363e-09,5.590939930713e-10
3.5-4.0 MHz,1,,5.250000,7.500000,12.750000,14399999.999968,1.380637711313e-09,1.090735149005e-09,5.473113440113e-10
3.5-4.0 MHz,1,,5.250000,7.500000,12.750000,14424999.999968,1.342418005963e-09,1.073242166533e-09,5.385088536843e-10
3.5-4.0 MHz,1,,5.250000,7.500000,12.750000,14449999.999968,1.305658894719e-09,1.056861610621e-09,5.303899793588e-10
3.5-4.0 MHz,1,,5.250000,7.500000,12.750000,14474999.999968,3.231412089254e-07,4.118294578636e-07,2.077826087325e-07
3.5-4.0 MHz,1,,5.250000,7.500000,12.750000,14499999.999968,6.453418524157e-07,8.231527734207e-07,4.153837816655e-07
3.5-4.0 MHz,1,,5.250000,7.500000,12.750000,14524999.999968,3.231231173857e-07,4.118060257454e-07,2.077705386439e-07
3.5-4.0 MHz,1,,5.250000,7.500000,12.750000,14549999.999968,1.185785289981e-09,1.030686500026e-09,5.168385545449e-10
3.5-4.0 MHz,1,,5.250000,7.500000,12.750000,14574999.999968,1.161673712029e-09,1.039377756628e-09,5.208832897414e-10
3.5-4.0 MHz,1,,5.250000,7.500000,12.750000,14599999.999968,1.139807239371e-09,1.051515284073e-09,5.267831140433e-10
3.5-4.0 MHz,1,,5.250000,7.500000,12.750000,14624999.999968,1.120513846179e-09,1.072946883971e-09,5.373405304235e-10
3.5-4.0 MHz,1,,5.250000,7.500000,12.750000,14649999.999968,1.103360852433e-09,1.107476990579e-09,5.544893147878e-10
3.5-4.0 MHz,1,,5.250000,7.500000,12.750000,14674999.999968,1.090998041835e-09,1.155768518670e-09,5.785129175375e-10
3.5-4.0 MHz,1,,5.250000,7.500000,12.750000,14699999.999968,1.082629307663e-09,1.231758347931e-09,6.165172557772e-10
3.5-4.0 MHz,1,,5.250000,7.500000,12.750000,14724999.999968,1.289778130622e-07,3.027615578965e-07,1.564210267226e-07
3.5-4.0 MHz,1,,5.250000,7.500000,12.750000,14749999.999968,2.600974998951e-07,6.094483342353e-07,3.147963729693e-07
3.5-4.0 MHz,1,,5.250000,7.500000,12.750000,14774999.999968,1.289717311844e-07,3.024664258137e-07,1.562752791270e-07
3.5-4.0 MHz,1,,5.250000,7.500000,12.750000,14799999.999968,1.132370189197e-09,1.956885199267e-09,9.787889422229e-10
3.5-4.0 MHz,1,,5.250000,7.500000,12.750000,14824999.999967,1.190405613571e-09,2.410341372772e-09,1.205426798182e-09
3.5-4.0 MHz,1,,5.250000,7.500000,12.750000,14849999.999967,1.300340898583e-09,3.171347050616e-09,1.586153269497e-09
3.5-4.0 MHz,1,,5.250000,7.500000,12.750000,14874999.999967,1.518453552299e-09,4.561132802586e-09,2.281666175022e-09
3.5-4.0 MHz,1,,5.250000,7.500000,12.750000,14899999.999967,2.027224065105e-09,7.503960267290e-09,3.754676070062e-09
3.5-4.0 MHz,1,,5.250000,7.500000,12.750000,14924999.999967,3.661815108472e-09,1.556905799011e-08,7.792173665872e-09
3.5-4.0 MHz,1,,5.250000,7.500000,12.750000,14949999.999967,1.391899366976e-08,5.550113988858e-08,2.778525000295e-08
3.5-4.0 MHz,1,,5.250000,7.500000,12.750000,14974999.999967,1.893650485195e-04,7.669855637601e-04,3.833468776417e-04
3.5-4.0 MHz,1,,5.250000,7.500000,12.750000,14999999.999967,3.787556190252e-04,1.533761720107e-03,7.665887925732e-04
3.5-4.0 MHz,1,,5.250000,7.500000,12.750000,15024999.999967,1.894288120654e-04,7.669321515080e-04,3.833199303526e-04
3.5-4.0 MHz,1,,5.250000,7.500000,12.750000,15049999.999967,1.888558381892e-08,4.771305513331e-08,2.386093940592e-08
3.5-4.0 MHz,1,,5.250000,7.500000,12.750000,15074999.999967,5.474251482516e-09,1.308957204653e-08,6.540319808618e-09
3.5-4.0 MHz,1,,5.250000,7.500000,12.750000,15099999.999967,2.746119949123e-09,6.203336550385e-09,3.097346078449e-09
3.5-4.0 MHz,1,,5.250000,7.500000,12.750000,15124999.999967,1.773847676320e-09,3.723434479524e-09,1.858124997017e-09
3.5-4.0 MHz,1,,5.250000,7.500000,12.750000,15149999.999967,1.328849909305e-09,2.554488544434e-09,1.274332167852e-09
3.5-4.0 MHz,1,,5.250000,7.500000,12.750000,15174999.999967,1.092179721497e-09,1.911557146704e-09,9.534356486040e-10
3.5-4.0 MHz,1,,5.250000,7.500000,12.750000,15199999.999967,9.514168312848e-10,1.529864209272e-09,7.632318431059e-10
3.5-4.0 MHz,1,,5.250000,7.500000,12.750000,15224999.999967,1.745153325596e-07,4.085656170236e-07,2.031450157034e-07
3.5-4.0 MHz,1,,5.250000,7.500000,12.750000,15249999.999967,3.512131561764e-07,8.205172759653e-07,4.079711764868e-07
3.5-4.0 MHz,1,,5.250000,7.500000,12.750000,15274999.999967,1.745916026213e-07,4.088874510940e-07,2.033038822757e-07
3.5-4.0 MHz,1,,5.250000,7.500000,12.750000,15299999.999966,7.009178396472e-10,8.516574810116e-10,4.247825188204e-10
3.5-4.0 MHz,1,,5.250000,7.500000,12.750000,15324999.999966,6.642352073891e-10,7.718264212003e-10,3.853060676174e-10
3.5-4.0 MHz,1,,5.250000,7.500000,12.750000,15349999.999966,6.362326089741e-10,7.081824722427e-10,3.536941549896e-10
3.5-4.0 MHz,1,,5.250000,7.500000,12.750000,15374999.999966,6.112337844472e-10,6.583337816183e-10,3.289658246851e-10
3.5-4.0 MHz,1,,5.250000,7.500000,12.750000,15399999.999966,5.891058991858e-10,6.177405570652e-10,3.088230274381e-10
3.5-4.0 MHz,1,,5.250000,7.500000,12.750000,15424999.999966,5.681786669118e-10,5.867127028307e-10,2.934208756168e-10
3.5-4.0 MHz,1,,5.250000,7.500000,12.750000,15449999.999966,5.448460553897e-10,5.660814177859e-10,2.832107850941e-10
3.5-4.0 MHz,1,,5.250000,7.500000,12.750000,15474999.999966,2.492352069689e-07,9.651889309720e-07,4.780215658736e-07
3.5-4.0 MHz,1,,5.250000,7.500000,12.750000,15499999.999966,4.968744933618e-07,1.930967875550e-06,9.563431122440e-07
3.5-4.0 MHz,1,,5.250000,7.500000,12.750000,15524999.999966,2.492014364977e-07,9.651786984204e-07,4.780166357048e-07
3.5-4.0 MHz,1,,5.250000,7.500000,12.750000,15549999.999966,4.741700196330e-10,4.973981760269e-10,2.494941856508e-10
3.5-4.0 MHz,1,,5.250000,7.500000,12.750000,15574999.999966,4.576748726111e-10,4.845229162946e-10,2.432210103442e-10
3.5-4.0 MHz,1,,5.250000,7.500000,12.750000,15599999.999966,4.354875290702e-10,4.750299228957e-10,2.387288269748e-10
3.5-4.0 MHz,1,,5.250000,7.500000,12.750000,15624999.999966,4.014450096283e-10,4.936700225306e-10,2.484180621418e-10
3.5-4.0 MHz,1,,5.250000,7.500000,12.750000,15649999.999966,3.500005985518e-10,5.390661750885e-10,2.715980296979e-10
3.5-4.0 MHz,1,,5.250000,7.500000,12.750000,15674999.999966,2.532854521593e-10,6.714022052042e-10,3.384905872696e-10
3.5-4.0 MHz,1,,5.250000,7.500000,12.750000,15699999.999966,1.745495086642e-10,1.109184452966e-09,5.591674386051e-10
3.5-4.0 MHz,1,,5.250000,7.500000,12.750000,15724999.999966,2.153180502927e-05,4.308817090527e-05,2.151955339373e-05
3.5-4.0 MHz,1,,5.250000,7.500000,12.750000,15749999.999965,4.306042434208e-05,8.617290291571e-05,4.303738797599e-05
3.5-4.0 MHz,1,,5.250000,7.500000,12.750000,15774999.999965,2.153276284925e-05,4.309008660600e-05,2.152049751513e-05
3.5-4.0 MHz,1,,5.250000,7.500000,12.750000,15799999.999965,3.944989440561e-10,1.373698731603e-09,6.883314275607e-10
3.5-4.0 MHz,1,,5.250000,7.500000,12.750000,15824999.999965,1.956270744698e-10,6.800781978611e-10,3.427414884116e-10
3.5-4.0 MHz,1,,5.250000,7.500000,12.750000,15849999.999965,2.712786282721e-10,4.815652384391e-10,2.431455133763e-10
3.5-4.0 MHz,1,,5.250000,7.500000,12.750000,15874999.999965,3.126622629747e-10,4.036495182235e-10,2.037340408652e-10
3.5-4.0 MHz,1,,5.250000,7.500000,12.750000,15899999.999965,3.330058640244e-10,3.644519777172e-10,1.837848989115e-10
3.5-4.0 MHz,1,,5.250000,7.500000,12.750000,15924999.999965,3.418506453231e-10,3.442497137745e-10,1.734515132988e-10
3.5-4.0 MHz,1,,5.250000,7.500000,12.750000,15949999.999965,3.440594297443e-10,3.302804752882e-10,1.664123346031e-10
3.5-4.0 MHz,1,,5.250000,7.500000,12.750000,15974999.999965,1.163966420321e-07,1.998108303171e-07,1.109964898985e-07
3.5-4.0 MHz,1,,5.250000,7.500000,12.750000,15999999.999965,2.317925515485e-07,4.000201109904e-07,2.221764778954e-07
3.5-4.0 MHz,1,,5.250000,7.500000,12.750000,16024999.999965,1.163924695530e-07,1.998236920945e-07,1.110019134593e-07
3.5-4.0 MHz,1,,5.250000,7.500000,12.750000,16049999.999965,3.416421749241e-10,2.868566804840e-10,1.442738957901e-10
3.5-4.0 MHz,1,,5.250000,7.500000,12.750000,16074999.999965,3.395418520375e-10,2.818652792545e-10,1.416697404419e-10
3.5-4.0 MHz,1,,5.250000,7.500000,12.750000,16099999.999965,3.371607759472e-10,2.727947812661e-10,1.370722157823e-10
3.5-4.0 MHz,1,,5.250000,7.500000,12.750000,16124999.999965,3.334562672200e-10,2.685958243427e-10,1.349471370526e-10
3.5-4.0 MHz,1,,5.250000,7.500000,12.750000,16149999.999965,3.301456508028e-10,2.612634990201e-10,1.312658268513e-10
3.5-4.0 MHz,1,,5.250000,7.500000,12.750000,16174999.999965,3.269144407415e-10,2.549207715282e-10,1.280386678752e-10
3.5-4.0 MHz,1,,5.250000,7.500000,12.750000,16199999.999964,3.237547303941e-10,2.468261619960e-10,1.240593771698e-10
3.5-4.0 MHz,1,,5.250000,7.500000,12.750000,16224999.999964,2.242357614547e-07,2.797985951967e-07,1.362496574528e-07
3.5-4.0 MHz,1,,5.250000,7.500000,12.750000,16249999.999964,4.486648506958e-07,5.590564440697e-07,2.722292154682e-07
3.5-4.0 MHz,1,,5.250000,7.500000,12.750000,16274999.999964,2.242358003293e-07,2.797911418475e-07,1.362463487185e-07
3.5-4.0 MHz,1,,5.250000,7.500000,12.750000,16299999.999964,3.088384954271e-10,2.279443203152e-10,1.144823403612e-10
3.5-4.0 MHz,1,,5.250000,7.500000,12.750000,16324999.999964,3.041026371697e-10,2.270617082858e-10,1.139753437506e-10
3.5-4.0 MHz,1,,5.250000,7.500000,12.750000,16349999.999964,3.000914487538e-10,2.226209398933e-10,1.117266951706e-10
3.5-4.0 MHz,1,,5.250000,7.500000,12.750000,16374999.999964,2.955227812109e-10,2.203685574642e-10,1.105612262593e-10
3.5-4.0 MHz,1,,5.250000,7.500000,12.750000,16399999.999964,2.911679594314e-10,2.149186552235e-10,1.077087357770e-10
3.5-4.0 MHz,1,,5.250000,7.500000,12.750000,16424999.999964,2.848677197990e-10,2.083448207437e-10,1.042612123855e-10
3.5-4.0 MHz,1,,5.250000,7.500000,12.750000,16449999.999964,2.730724335699e-10,1.975490669738e-10,9.792635346517e-11
3.5-4.0 MHz,1,,5.250000,7.500000,12.750000,16474999.999964,1.060449273302e-06,1.461922055155e-06,7.227376478811e-07
3.5-4.0 MHz,1,,5.250000,7.500000,12.750000,16499999.999964,2.120278610992e-06,2.923483471433e-06,1.445289694502e-06
3.5-4.0 MHz,1,,5.250000,7.500000,12.750000,16524999.999964,1.060489773783e-06,1.461972860475e-06,7.227655403889e-07
3.5-4.0 MHz,1,,5.250000,7.500000,12.750000,16549999.999964,2.614794068226e-10,1.817476967645e-10,9.086172879903e-11
3.5-4.0 MHz,1,,5.250000,7.500000,12.750000,16574999.999964,2.684762825013e-10,1.868765714195e-10,9.358959370155e-11
3.5-4.0 MHz,1,,5.250000,7.500000,12.750000,16599999.999964,2.700193686572e-10,1.857830165435e-10,9.304211030307e-11
3.5-4.0 MHz,1,,5.250000,7.500000,12.750000,16624999.999964,2.699926142521e-10,1.823288575294e-10,9.131126934663e-11
3.5-4.0 MHz,1,,5.250000,7.500000,12.750000,16649999.999963,2.691335032722e-10,1.815179322107e-10,9.083925088369e-11
3.5-4.0 MHz,1,,5.250000,7.500000,12.750000,16674999.999963,2.693930132675e-10,1.748504518363e-10,8.737086157013e-11
3.5-4.0 MHz,1,,5.250000,7.500000,12.750000,16699999.999963,2.709757204307e-10,1.687550445607e-10,8.384295634947e-11
3.5-4.0 MHz,1,,5.250000,7.500000,12.750000,16724999.999963,1.301427962158e-07,2.354338308884e-07,1.365383747616e-07
3.5-4.0 MHz,1,,5.250000,7.500000,12.750000,16749999.999963,2.610675418851e-07,4.703893037526e-07,2.728300431513e-07
3.5-4.0 MHz,1,,5.250000,7.500000,12.750000,16774999.999963,1.301479479753e-07,2.354288448106e-07,1.365352192721e-07
3.5-4.0 MHz,1,,5.250000,7.500000,12.750000,16799999.999963,2.733444196731e-10,1.552142370124e-10,7.708118446797e-11
3.5-4.0 MHz,1,,5.250000,7.500000,12.750000,16824999.999963,2.722115898003e-10,1.555601027577e-10,7.748430449174e-11
3.5-4.0 MHz,1,,5.250000,7.500000,12.750000,16849999.999963,2.741727874360e-10,1.529241369656e-10,7.618913158718e-11
3.5-4.0 MHz,1,,5.250000,7.500000,12.750000,16874999.999963,2.781291407901e-10,1.510022454683e-10,7.512203686200e-11
3.5-4.0 MHz,1,,5.250000,7.500000,12.750000,16899999.999963,2.835409801955e-10,1.475385825027e-10,7.329580778598e-11
3.5-4.0 MHz,1,,5.250000,7.500000,12.750000,16924999.999963,2.913598947865e-10,1.439481948443e-10,7.131639118645e-11
3.5-4.0 MHz,1,,5.250000,7.500000,12.750000,16949999.999963,3.004151300909e-10,1.455103352877e-10,7.181455729030e-11
3.5-4.0 MHz,1,,5.250000,7.500000,12.750000,16974999.999963,2.814139227293e-07,2.037183073421e-07,9.531197697536e-08
3.5-4.0 MHz,1,,5.250000,7.500000,12.750000,16999999.999963,5.623536902913e-07,4.077584545734e-07,1.907877733653e-07
3.5-4.0 MHz,1,,5.250000,7.500000,12.750000,17024999.999963,2.814208376297e-07,2.037536595199e-07,9.532947983005e-08
3.5-4.0 MHz,1,,5.250000,7.500000,12.750000,17049999.999963,4.171055293460e-10,1.685932592476e-10,8.229099559296e-11
3.5-4.0 MHz,1,,5.250000,7.500000,12.750000,17074999.999963,4.917471328635e-10,2.021344527544e-10,9.892240572373e-11
3.5-4.0 MHz,1,,5.250000,7.500000,12.750000,17099999.999963,6.075203217744e-10,2.732763505758e-10,1.344892564376e-10
3.5-4.0 MHz,1,,5.250000,7.500000,12.750000,17124999.999962,8.058236487926e-10,4.070931714976e-10,2.015929711546e-10
3.5-4.0 MHz,1,,5.250000,7.500000,12.750000,17149999.999962,1.187497380317e-09,6.754346894111e-10,3.362780680494e-10
3.5-4.0 MHz,1,,5.250000,7.500000,12.750000,17174999.999962,2.074043690235e-09,1.304859287824e-09,6.525514283821e-10
3.5-4.0 MHz,1,,5.250000,7.500000,12.750000,17199999.999962,5.128746229634e-09,3.479320781284e-09,1.748720300400e-09
3.5-4.0 MHz,1,,5.250000,7.500000,12.750000,17224999.999962,1.586566688600e-04,1.135526153487e-04,5.671177354083e-05
3.5-4.0 MHz,1,,5.250000,7.500000,12.750000,17249999.999962,3.172913008433e-04,2.270890299973e-04,1.134153388879e-04
3.5-4.0 MHz,1,,5.250000,7.500000,12.750000,17274999.999962,1.586575572715e-04,1.135533064137e-04,5.671200946678e-05
3.5-4.0 MHz,1,,5.250000,7.500000,12.750000,17299999.999962,5.324241975655e-09,3.667983785175e-09,1.817406242411e-09
3.5-4.0 MHz,1,,5.250000,7.500000,12.750000,17324999.999962,2.097049730258e-09,1.354755988938e-09,6.715409980196e-10
3.5-4.0 MHz,1,,5.250000,7.500000,12.750000,17349999.999962,1.179778285179e-09,6.983111908585e-10,3.454648873273e-10
3.5-4.0 MHz,1,,5.250000,7.500000,12.750000,17374999.999962,7.862538498825e-10,4.206665537164e-10,2.074133137260e-10
3.5-4.0 MHz,1,,5.250000,7.500000,12.750000,17399999.999962,5.810058609007e-10,2.789829654084e-10,1.369634999496e-10
3.5-4.0 MHz,1,,5.250000,7.500000,12.750000,17424999.999962,4.617725158723e-10,2.031615227123e-10,9.937724256963e-11
3.5-4.0 MHz,1,,5.250000,7.500000,12.750000,17449999.999962,3.912434204883e-10,1.616432617173e-10,7.908292094278e-11
3.5-4.0 MHz,1,,5.250000,7.500000,12.750000,17474999.999962,4.165387463408e-07,3.017191725341e-07,1.614059199636e-07
3.5-4.0 MHz,1,,5.250000,7.500000,12.750000,17499999.999962,8.338286310058e-07,6.037219950042e-07,3.229572432229e-07
3.5-4.0 MHz,1,,5.250000,7.500000,12.750000,17524999.999962,4.166199150337e-07,3.017684275878e-07,1.614297111842e-07
3.5-4.0 MHz,1,,5.250000,7.500000,12.750000,17549999.999962,2.504448364574e-10,1.077266644852e-10,5.377760806602e-11
3.5-4.0 MHz,1,,5.250000,7.500000,12.750000,17574999.999961,2.261142628553e-10,1.010465792255e-10,5.016907083679e-11
3.5-4.0 MHz,1,,5.250000,7.500000,12.750000,17599999.999961,2.098908305894e-10,9.971802271169e-11,4.959185609487e-11
3.5-4.0 MHz,1,,5.250000,7.500000,12.750000,17624999.999961,1.971729722662e-10,9.959342014102e-11,4.962167014486e-11
3.5-4.0 MHz,1,,5.250000,7.500000,12.750000,17649999.999961,1.862781825052e-10,1.010155676086e-10,5.045400311241e-11
3.5-4.0 MHz,1,,5.250000,7.500000,12.750000,17674999.999961,1.763962108019e-10,1.047451784235e-10,5.242774661971e-11
3.5-4.0 MHz,1,,5.250000,7.500000,12.750000,17699999.999961,1.664940501210e-10,1.096085517052e-10,5.490533723662e-11
3.5-4.0 MHz,1,,5.250000,7.500000,12.750000,17724999.999961,6.010927197620e-07,3.316462226373e-07,1.753139588705e-07
3.5-4.0 MHz,1,,5.250000,7.500000,12.750000,17749999.999961,1.201977790169e-06,6.634416474662e-07,3.507051589801e-07
3.5-4.0 MHz,1,,5.250000,7.500000,12.750000,17774999.999961,6.010307716017e-07,3.316140313490e-07,1.752994537778e-07
3.5-4.0 MHz,1,,5.250000,7.500000,12.750000,17799999.999961,2.075524390872e-10,1.523419546160e-10,7.739193756049e-11
3.5-4.0 MHz,1,,5.250000,7.500000,12.750000,17824999.999961,2.502117415213e-10,1.761579600767e-10,8.894683426577e-11
3.5-4.0 MHz,1,,5.250000,7.500000,12.750000,17849999.999961,3.390712775488e-10,2.266564153067e-10,1.142258979001e-10
3.5-4.0 MHz,1,,5.250000,7.500000,12.750000,17874999.999961,5.126181316823e-10,3.199047443973e-10,1.609359757951e-10
3.5-4.0 MHz,1,,5.250000,7.500000,12.750000,17899999.999961,8.766590274484e-10,5.145581262453e-10,2.583400621481e-10
3.5-4.0 MHz,1,,5.250000,7.500000,12.750000,17924999.999961,1.799298743272e-09,1.000798532877e-09,5.012909000637e-10
3.5-4.0 MHz,1,,5.250000,7.500000,12.750000,17949999.999961,5.632589149157e-09,3.006653987561e-09,1.498214673987e-09
3.5-4.0 MHz,1,,5.250000,7.500000,12.750000,17974999.999961,1.156369187522e-04,5.951840847612e-05,2.990166107126e-05
3.5-4.0 MHz,1,,5.250000,7.500000,12.750000,17999999.999961,2.312405731877e-04,1.190197359211e-04,5.979486588792e-05
3.5-4.0 MHz,1,,5.250000,7.500000,12.750000,18024999.999960,1.156187107612e-04,5.950904955256e-05,2.989706055178e-05
3.5-4.0 MHz,1,,5.250000,7.500000,12.750000,18049999.999960,1.148893017628e-09,4.996751889717e-10,2.613464235866e-10
3.5-4.0 MHz,1,,5.250000,7.500000,12.750000,18074999.999960,8.608178338323e-10,4.110531314437e-10,2.080149563027e-10
3.5-4.0 MHz,1,,5.250000,7.500000,12.750000,18099999.999960,5.514157025421e-10,2.680582930684e-10,1.352788297809e-10
3.5-4.0 MHz,1,,5.250000,7.500000,12.750000,18124999.999960,3.809953039312e-10,1.920684884297e-10,9.680859255933e-11
3.5-4.0 MHz,1,,5.250000,7.500000,12.750000,18149999.999960,2.831715901322e-10,1.500065938150e-10,7.555018789374e-11
3.5-4.0 MHz,1,,5.250000,7.500000,12.750000,18174999.999960,2.235795441691e-10,1.259255890169e-10,6.334614343037e-11
3.5-4.0 MHz,1,,5.250000,7.500000,12.750000,18199999.999960,1.822577223363e-10,1.126965606563e-10,5.644160584763e-11
3.5-4.0 MHz,1,,5.250000,7.500000,12.750000,18224999.999960,2.984295101051e-07,1.263362724100e-07,5.881649409843e-08
3.5-4.0 MHz,1,,5.250000,7.500000,12.750000,18249999.999960,5.963533783061e-07,2.527460103860e-07,1.176527961163e-07
3.5-4.0 MHz,1,,5.250000,7.500000,12.750000,18274999.999960,2.983947453991e-07,1.263232735723e-07,5.880824002178e-08
3.5-4.0 MHz,1,,5.250000,7.500000,12.750000,18299999.999960,1.310475869298e-10,9.439438045791e-11,4.718956882515e-11
3.5-4.0 MHz,1,,5.250000,7.500000,12.750000,18324999.999960,1.319622505590e-10,9.102777591575e-11,4.573638164467e-11
3.5-4.0 MHz,1,,5.250000,7.500000,12.750000,18349999.999960,1.304429996756e-10,8.801854004091e-11,4.428316045166e-11
3.5-4.0 MHz,1,,5.250000,7.500000,12.750000,18374999.999960,1.287165879634e-10,8.776508283987e-11,4.417547917522e-11
3.5-4.0 MHz,1,,5.250000,7.500000,12.750000,18399999.999960,1.276928354321e-10,8.535121274890e-11,4.300418768837e-11
3.5-4.0 MHz,1,,5.250000,7.500000,12.750000,18424999.999960,1.274750653050e-10,8.394694540845e-11,4.235717016242e-11
3.5-4.0 MHz,1,,5.250000,7.500000,12.750000,18449999.999960,1.303376637978e-10,8.169607373766e-11,4.146715416357e-11
3.5-4.0 MHz,1,,5.250000,7.500000,12.750000,18474999.999959,2.084561555702e-07,8.857853250722e-08,3.801563835250e-08
3.5-4.0 MHz,1,,5.250000,7.500000,12.750000,18499999.999959,4.172040326533e-07,1.769006098528e-07,7.590255159260e-08
3.5-4.0 MHz,1,,5.250000,7.500000,12.750000,18524999.999959,2.084575623320e-07,8.857706804253e-08,3.801626558958e-08
3.5-4.0 MHz,1,,5.250000,7.500000,12.750000,18549999.999959,1.266866701493e-10,7.766267891866e-11,3.916529506585e-11
3.5-4.0 MHz,1,,5.250000,7.500000,12.750000,18574999.999959,1.228269999129e-10,7.858861860412e-11,3.964676080815e-11
3.5-4.0 MHz,1,,5.250000,7.500000,12.750000,18599999.999959,1.220192073180e-10,7.769775292786e-11,3.921902431135e-11
3.5-4.0 MHz,1,,5.250000,7.500000,12.750000,18624999.999959,1.224175044957e-10,7.646008771907e-11,3.866083527962e-11
3.5-4.0 MHz,1,,5.250000,7.500000,12.750000,18649999.999959,1.245807274898e-10,7.485054800367e-11,3.791116065282e-11
3.5-4.0 MHz,1,,5.250000,7.500000,12.750000,18674999.999959,1.309370538581e-10,7.133013300209e-11,3.637904072123e-11
3.5-4.0 MHz,1,,5.250000,7.500000,12.750000,18699999.999959,1.554076173092e-10,6.045285613548e-11,3.172043435460e-11
3.5-4.0 MHz,1,,5.250000,7.500000,12.750000,18724999.999959,1.365641685449e-06,5.184388772453e-07,2.285903412155e-07
3.5-4.0 MHz,1,,5.250000,7.500000,12.750000,18749999.999959,2.731419403847e-06,1.036579665989e-06,4.570384277394e-07
3.5-4.0 MHz,1,,5.250000,7.500000,12.750000,18774999.999959,1.365655291485e-06,5.184444855968e-07,2.285957701047e-07
3.5-4.0 MHz,1,,5.250000,7.500000,12.750000,18799999.999959,1.554935872041e-10,5.662838648462e-11,2.917713780248e-11
3.5-4.0 MHz,1,,5.250000,7.500000,12.750000,18824999.999959,1.271856517604e-10,6.730043296567e-11,3.421504801389e-11
3.5-4.0 MHz,1,,5.250000,7.500000,12.750000,18849999.999959,1.188336089979e-10,6.904327415220e-11,3.496251835118e-11
3.5-4.0 MHz,1,,5.250000,7.500000,12.750000,18874999.999959,1.147315646143e-10,7.061043109658e-11,3.569464923210e-11
3.5-4.0 MHz,1,,5.250000,7.500000,12.750000,18899999.999959,1.123644300662e-10,7.014995988039e-11,3.545848077883e-11
3.5-4.0 MHz,1,,5.250000,7.500000,12.750000,18924999.999959,1.104347942915e-10,6.999924103571e-11,3.543779103562e-11
3.5-4.0 MHz,1,,5.250000,7.500000,12.750000,18949999.999958,1.079724562685e-10,6.996281057804e-11,3.565684885675e-11
3.5-4.0 MHz,1,,5.250000,7.500000,12.750000,18974999.999958,7.568828117020e-08,5.215270220196e-08,2.273592992344e-08
3.5-4.0 MHz,1,,5.250000,7.500000,12.750000,18999999.999958,1.511326802424e-07,1.042970448657e-07,4.552126328122e-08
3.5-4.0 MHz,1,,5.250000,7.500000,12.750000,19024999.999958,7.568699767833e-08,5.215325808567e-08,2.273623355149e-08
3.5-4.0 MHz,1,,5.250000,7.500000,12.750000,19049999.999958,1.051862723869e-10,6.798405055052e-11,3.454091271771e-11
3.5-4.0 MHz,1,,5.250000,7.500000,12.750000,19074999.999958,1.058803045925e-10,6.695834971569e-11,3.381403510423e-11
3.5-4.0 MHz,1,,5.250000,7.500000,12.750000,19099999.999958,1.057130564076e-10,6.681810633676e-11,3.366512963164e-11
3.5-4.0 MHz,1,,5.250000,7.500000,12.750000,19124999.999958,1.054148949270e-10,6.637547428428e-11,3.341265396575e-11
3.5-4.0 MHz,1,,5.250000,7.500000,12.750000,19149999.999958,1.051314565526e-10,6.562923910087e-11,3.300906967502e-11
3.5-4.0 MHz,1,,5.250000,7.500000,12.750000,19174999.999958,1.045918665053e-10,6.596028055744e-11,3.312503508876e-11
3.5-4.0 MHz,1,,5.250000,7.500000,12.750000,19199999.999958,1.037384341111e-10,6.535658688246e-11,3.270890176009e-11
3.5-4.0 MHz,1,,5.250000,7.500000,12.750000,19224999.999958,1.081883648283e-07,4.816028746343e-08,2.510772235071e-08
3.5-4.0 MHz,1,,5.250000,7.500000,12.750000,19249999.999958,2.162098913723e-07,9.650472286626e-08,5.029631957214e-08
3.5-4.0 MHz,1,,5.250000,7.500000,12.750000,19274999.999958,1.081840422810e-07,4.816122645541e-08,2.510892357493e-08
3.5-4.0 MHz,1,,5.250000,7.500000,12.750000,19299999.999958,1.044547117408e-10,6.365999855795e-11,3.196306934043e-11
3.5-4.0 MHz,1,,5.250000,7.500000,12.750000,19324999.999958,1.055569231478e-10,6.255449364842e-11,3.133108554285e-11
3.5-4.0 MHz,1,,5.250000,7.500000,12.750000,19349999.999958,1.064977736769e-10,6.194056100847e-11,3.094189784172e-11
3.5-4.0 MHz,1,,5.250000,7.500000,12.750000,19374999.999958,1.076571869909e-10,6.166707422183e-11,3.071706506495e-11
3.5-4.0 MHz,1,,5.250000,7.500000,12.750000,19399999.999957,1.096559449267e-10,6.223312745343e-11,3.081644995907e-11
3.5-4.0 MHz,1,,5.250000,7.500000,12.750000,19424999.999957,1.142196669756e-10,6.468626636480e-11,3.159162349217e-11
3.5-4.0 MHz,1,,5.250000,7.500000,12.750000,19449999.999957,1.347862792612e-10,7.274581745090e-11,3.370681135450e-11
3.5-4.0 MHz,1,,5.250000,7.500000,12.750000,19474999.999957,1.943696507963e-06,5.536987822376e-07,1.745512595517e-07
3.5-4.0 MHz,1,,5.250000,7.500000,12.750000,19499999.999957,3.887192494057e-06,1.107472274483e-06,3.491673505596e-07
3.5-4.0 MHz,1,,5.250000,7.500000,12.750000,19524999.999957,1.943712645783e-06,5.537094510112e-07,1.745586282778e-07
3.5-4.0 MHz,1,,5.250000,7.500000,12.750000,19549999.999957,1.421859887393e-10,7.335050106677e-11,3.388687005827e-11
3.5-4.0 MHz,1,,5.250000,7.500000,12.750000,19574999.999957,1.249179454651e-10,6.083050584911e-11,2.939557690236e-11
3.5-4.0 MHz,1,,5.250000,7.500000,12.750000,19599999.999957,1.234688379390e-10,5.717108644505e-11,2.803818965026e-11
3.5-4.0 MHz,1,,5.250000,7.500000,12.750000,19624999.999957,1.249573222010e-10,5.492291765639e-11,2.707655368770e-11
3.5-4.0 MHz,1,,5.250000,7.500000,12.750000,19649999.999957,1.274582714384e-10,5.393006380588e-11,2.667883965236e-11
3.5-4.0 MHz,1,,5.250000,7.500000,12.750000,19674999.999957,1.305632283746e-10,5.282658758772e-11,2.618452703523e-11
3.5-4.0 MHz,1,,5.250000,7.500000,12.750000,19699999.999957,1.323225929641e-10,5.229478937869e-11,2.605708863709e-11
3.5-4.0 MHz,1,,5.250000,7.500000,12.750000,19724999.999957,1.741282146250e-07,3.965445384309e-08,2.228335807964e-08
3.5-4.0 MHz,1,,5.250000,7.500000,12.750000,19749999.999957,3.478204640307e-07,7.942835661204e-08,4.462080191883e-08
3.5-4.0 MHz,1,,5.250000,7.500000,12.750000,19774999.999957,1.741454069882e-07,3.966017344595e-08,2.228538333302e-08
3.5-4.0 MHz,1,,5.250000,7.500000,12.750000,19799999.999957,1.637986647497e-10,4.966134777987e-11,2.419376752935e-11
3.5-4.0 MHz,1,,5.250000,7.500000,12.750000,19824999.999957,1.804927508956e-10,4.883139049484e-11,2.387244682650e-11
3.5-4.0 MHz,1,,5.250000,7.500000,12.750000,19849999.999956,1.971983009569e-10,4.932929356668e-11,2.407843130834e-11
3.5-4.0 MHz,1,,5.250000,7.500000,12.750000,19874999.999956,2.168626683558e-10,4.983342850296e-11,2.428187519442e-11
3.5-4.0 MHz,1,,5.250000,7.500000,12.750000,19899999.999956,2.410185261906e-10,5.203789197158e-11,2.534637068979e-11
3.5-4.0 MHz,1,,5.250000,7.500000,12.750000,19924999.999956,2.712964727676e-10,5.652371420886e-11,2.758473115201e-11
3.5-4.0 MHz,1,,5.250000,7.500000,12.750000,19949999.999956,3.092681494719e-10,6.103216974262e-11,2.997511384565e-11
3.5-4.0 MHz,1,,5.250000,7.500000,12.750000,19974999.999956,2.018220082208e-07,5.113042809507e-08,3.342622510373e-08
3.5-4.0 MHz,1,,5.250000,7.500000,12.750000,19999999.999956,4.034583452476e-07,1.022258586542e-07,6.685448882086e-08
3.5-4.0 MHz,1,,5.250000,7.500000,12.750000,20024999.999956,2.018712865397e-07,5.110964895764e-08,3.341265733380e-08
3.5-4.0 MHz,1,,5.250000,7.500000,12.750000,20049999.999956,6.486857210788e-10,1.365228462918e-10,6.907896603022e-11
3.5-4.0 MHz,1,,5.250000,7.500000,12.750000,20074999.999956,8.408481594244e-10,1.842574273779e-10,9.373722986714e-11
3.5-4.0 MHz,1,,5.250000,7.500000,12.750000,20099999.999956,1.141162187891e-09,2.579948598265e-10,1.323258520934e-10
3.5-4.0 MHz,1,,5.250000,7.500000,12.750000,20124999.999956,1.650617369662e-09,3.859849890038e-10,1.999167872090e-10
3.5-4.0 MHz,1,,5.250000,7.500000,12.750000,20149999.999956,2.622119219872e-09,6.303093053703e-10,3.307170377880e-10
3.5-4.0 MHz,1,,5.250000,7.500000,12.750000,20174999.999956,4.861038926551e-09,1.192059165054e-09,6.386151991787e-10
3.5-4.0 MHz,1,,5.250000,7.500000,12.750000,20199999.999956,1.213657701325e-08,2.994625097076e-09,1.697844467474e-09
3.5-4.0 MHz,1,,5.250000,7.500000,12.750000,20224999.999956,3.780915249819e-04,9.696966522795e-05,4.812011305206e-05
3.5-4.0 MHz,1,,5.250000,7.500000,12.750000,20249999.999956,7.561222029298e-04,1.939242261151e-04,9.623100815186e-05
3.5-4.0 MHz,1,,5.250000,7.500000,12.750000,20274999.999956,3.780847992821e-04,9.696851541128e-05,4.811785370424e-05
3.5-4.0 MHz,1,,5.250000,7.500000,12.750000,20299999.999955,1.131342943917e-08,2.919434280861e-09,1.281611253688e-09
3.5-4.0 MHz,1,,5.250000,7.500000,12.750000,20324999.999955,4.367902219781e-09,1.104042544133e-09,5.023495310477e-10
3.5-4.0 MHz,1,,5.250000,7.500000,12.750000,20349999.999955,2.399914941038e-09,5.920552237785e-10,2.743687315434e-10
3.5-4.0 MHz,1,,5.250000,7.500000,12.750000,20374999.999955,1.532052199454e-09,3.680048178193e-10,1.722095649233e-10
3.5-4.0 MHz,1,,5.250000,7.500000,12.750000,20399999.999955,1.068831656499e-09,2.492221501148e-10,1.172046100085e-10
3.5-4.0 MHz,1,,5.250000,7.500000,12.750000,20424999.999955,7.908170850952e-10,1.781984084272e-10,8.391420797752e-11
3.5-4.0 MHz,1,,5.250000,7.500000,12.750000,20449999.999955,6.069750157994e-10,1.323512337781e-10,6.201691075375e-11
3.5-4.0 MHz,1,,5.250000,7.500000,12.750000,20474999.999955,2.611352186464e-07,7.231225503671e-08,4.986722386089e-08
3.5-4.0 MHz,1,,5.250000,7.500000,12.750000,20499999.999955,5.208434394878e-07,1.443191530902e-07,9.959188065818e-08
3.5-4.0 MHz,1,,5.250000,7.500000,12.750000,20524999.999955,2.609835053928e-07,7.227644643147e-08,4.985228732487e-08
3.5-4.0 MHz,1,,5.250000,7.500000,12.750000,20549999.999955,2.851624512335e-10,5.814344151140e-11,2.709524127709e-11
3.5-4.0 MHz,1,,5.250000,7.500000,12.750000,20574999.999955,2.528506582939e-10,5.269930541831e-11,2.488905498390e-11
3.5-4.0 MHz,1,,5.250000,7.500000,12.750000,20599999.999955,2.246258300858e-10,4.819842766356e-11,2.295937248277e-11
3.5-4.0 MHz,1,,5.250000,7.500000,12.750000,20624999.999955,2.014408740875e-10,4.469752462524e-11,2.144985658509e-11
3.5-4.0 MHz,1,,5.250000,7.500000,12.750000,20649999.999955,1.826117926400e-10,4.244604975443e-11,2.050080897954e-11
3.5-4.0 MHz,1,,5.250000,7.500000,12.750000,20674999.999955,1.673927368229e-10,4.128126752519e-11,2.009740106749e-11
3.5-4.0 MHz,1,,5.250000,7.500000,12.750000,20699999.999955,1.563564744699e-10,3.993279862651e-11,1.963554074993e-11
3.5-4.0 MHz,1,,5.250000,7.500000,12.750000,20724999.999955,1.199737406783e-07,3.908037576297e-08,2.070350109449e-08
3.5-4.0 MHz,1,,5.250000,7.500000,12.750000,20749999.999955,2.403162109778e-07,7.818054372911e-08,4.143158079861e-08
3.5-4.0 MHz,1,,5.250000,7.500000,12.750000,20774999.999954,1.199945543980e-07,3.908497048546e-08,2.070557841855e-08
3.5-4.0 MHz,1,,5.250000,7.500000,12.750000,20799999.999954,1.207968242742e-10,3.799677673898e-11,1.901014604680e-11
3.5-4.0 MHz,1,,5.250000,7.500000,12.750000,20824999.999954,1.124059931363e-10,3.836646797746e-11,1.910615234043e-11
3.5-4.0 MHz,1,,5.250000,7.500000,12.750000,20849999.999954,1.065182931428e-10,3.826907428691e-11,1.905964316277e-11
3.5-4.0 MHz,1,,5.250000,7.500000,12.750000,20874999.999954,1.018239969570e-10,3.827037438491e-11,1.903820434122e-11
3.5-4.0 MHz,1,,5.250000,7.500000,12.750000,20899999.999954,9.790679839692e-11,3.906593343671e-11,1.942752844643e-11
3.5-4.0 MHz,1,,5.250000,7.500000,12.750000,20924999.999954,9.525195828561e-11,3.969361786592e-11,1.968500670690e-11
3.5-4.0 MHz,1,,5.250000,7.500000,12.750000,20949999.999954,9.771956015658e-11,4.420567425355e-11,2.192803574179e-11
3.5-4.0 MHz,1,,5.250000,7.500000,12.750000,20974999.999954,1.002212867533e-06,2.503581774825e-07,1.757678801365e-07
3.5-4.0 MHz,1,,5.250000,7.500000,12.750000,20999999.999954,2.004305800620e-06,5.007951558900e-07,3.515367556748e-07
3.5-4.0 MHz,1,,5.250000,7.500000,12.750000,21024999.999954,1.002238403433e-06,2.503683990536e-07,1.757644013312e-07
3.5-4.0 MHz,1,,5.250000,7.500000,12.750000,21049999.999954,7.552108928052e-11,4.612109645464e-11,2.205960930393e-11
3.5-4.0 MHz,1,,5.250000,7.500000,12.750000,21074999.999954,7.601785053012e-11,4.037182191746e-11,1.989178365195e-11
3.5-4.0 MHz,1,,5.250000,7.500000,12.750000,21099999.999954,7.507695319981e-11,3.828851658443e-11,1.903006282047e-11
3.5-4.0 MHz,1,,5.250000,7.500000,12.750000,21124999.999954,7.394178327888e-11,3.769431849547e-11,1.880609675048e-11
3.5-4.0 MHz,1,,5.250000,7.500000,12.750000,21149999.999954,7.291806215768e-11,3.712700905491e-11,1.856710502731e-11
3.5-4.0 MHz,1,,5.250000,7.500000,12.750000,21174999.999954,7.255041783836e-11,3.643485657550e-11,1.822375086499e-11
3.5-4.0 MHz,1,,5.250000,7.500000,12.750000,21199999.999954,7.429352781280e-11,3.606629263948e-11,1.802365225148e-11
3.5-4.0 MHz,1,,5.250000,7.500000,12.750000,21224999.999953,1.583091770404e-07,3.179524699012e-08,2.756259686970e-08
3.5-4.0 MHz,1,,5.250000,7.500000,12.750000,21249999.999953,3.167942761695e-07,6.348268900757e-08,5.508262214935e-08
3.5-4.0 MHz,1,,5.250000,7.500000,12.750000,21274999.999953,1.583116469250e-07,3.179551910310e-08,2.756372481413e-08
3.5-4.0 MHz,1,,5.250000,7.500000,12.750000,21299999.999953,7.028327467997e-11,3.514991153379e-11,1.762507098272e-11
3.5-4.0 MHz,1,,5.250000,7.500000,12.750000,21324999.999953,6.602924709779e-11,3.566923160942e-11,1.792933238164e-11
3.5-4.0 MHz,1,,5.250000,7.500000,12.750000,21349999.999953,6.423833133798e-11,3.544227162218e-11,1.784501602619e-11
3.5-4.0 MHz,1,,5.250000,7.500000,12.750000,21374999.999953,6.298886539667e-11,3.562645655712e-11,1.794704686897e-11
3.5-4.0 MHz,1,,5.250000,7.500000,12.750000,21399999.999953,6.196528025552e-11,3.576324414092e-11,1.801397320546e-11
3.5-4.0 MHz,1,,5.250000,7.500000,12.750000,21424999.999953,6.112463077189e-11,3.515382830535e-11,1.770034943045e-11
3.5-4.0 MHz,1,,5.250000,7.500000,12.750000,21449999.999953,6.022762715698e-11,3.627385931232e-11,1.810642880493e-11
3.5-4.0 MHz,1,,5.250000,7.500000,12.750000,21474999.999953,6.964623969037e-08,3.479954122329e-08,9.899077494428e-09
3.5-4.0 MHz,1,,5.250000,7.500000,12.750000,21499999.999953,1.392518421673e-07,6.968572954746e-08,1.984802285209e-08
3.5-4.0 MHz,1,,5.250000,7.500000,12.750000,21524999.999953,6.964973057283e-08,3.480025890427e-08,9.899322917096e-09
3.5-4.0 MHz,1,,5.250000,7.500000,12.750000,21549999.999953,5.696382915418e-11,3.540684103279e-11,1.777592385525e-11
3.5-4.0 MHz,1,,5.250000,7.500000,12.750000,21574999.999953,5.716409005771e-11,3.447787450416e-11,1.745849287700e-11
3.5-4.0 MHz,1,,5.250000,7.500000,12.750000,21599999.999953,5.699113886483e-11,3.398977676156e-11,1.730302428700e-11
3.5-4.0 MHz,1,,5.250000,7.500000,12.750000,21624999.999953,5.703928916757e-11,3.386774147183e-11,1.732075252169e-11
3.5-4.0 MHz,1,,5.250000,7.500000,12.750000,21649999.999953,5.774906338941e-11,3.335444816835e-11,1.719746438051e-11
3.5-4.0 MHz,1,,5.250000,7.500000,12.750000,21674999.999952,6.123740346270e-11,3.279719967611e-11,1.718594260134e-11
3.5-4.0 MHz,1,,5.250000,7.500000,12.750000,21699999.999952,8.277556274323e-11,3.208069631073e-11,1.793082608287e-11
3.5-4.0 MHz,1,,5.250000,7.500000,12.750000,21724999.999952,1.723853325722e-06,3.101495437053e-07,1.668885406799e-07
3.5-4.0 MHz,1,,5.250000,7.500000,12.750000,21749999.999952,3.447468581304e-06,6.202150459989e-07,3.337465191979e-07
3.5-4.0 MHz,1,,5.250000,7.500000,12.750000,21774999.999952,1.723843030839e-06,3.101463985319e-07,1.668849820205e-07
3.5-4.0 MHz,1,,5.250000,7.500000,12.750000,21799999.999952,8.416836046768e-11,3.094553125817e-11,1.795741283684e-11
3.5-4.0 MHz,1,,5.250000,7.500000,12.750000,21824999.999952,6.045662249009e-11,3.163651746474e-11,1.686329414360e-11
3.5-4.0 MHz,1,,5.250000,7.500000,12.750000,21849999.999952,5.555501404704e-11,3.168501947992e-11,1.653493602807e-11
3.5-4.0 MHz,1,,5.250000,7.500000,12.750000,21874999.999952,5.363970035450e-11,3.224610592134e-11,1.668296734159e-11
3.5-4.0 MHz,1,,5.250000,7.500000,12.750000,21899999.999952,5.271128990865e-11,3.182767789668e-11,1.644322055810e-11
3.5-4.0 MHz,1,,5.250000,7.500000,12.750000,21924999.999952,5.217499154831e-11,3.169455738222e-11,1.639674133501e-11
3.5-4.0 MHz,1,,5.250000,7.500000,12.750000,21949999.999952,5.218179691198e-11,3.140710209597e-11,1.635621278332e-11
3.5-4.0 MHz,1,,5.250000,7.500000,12.750000,21974999.999952,4.140946625563e-08,1.228990315925e-08,8.502036253104e-09
3.5-4.0 MHz,1,,5.250000,7.500000,12.750000,21999999.999952,8.294806370961e-08,2.450312020845e-08,1.704587639773e-08
3.5-4.0 MHz,1,,5.250000,7.500000,12.750000,22024999.999952,4.141267588674e-08,1.228952779812e-08,8.503985836777e-09
3.5-4.0 MHz,1,,5.250000,7.500000,12.750000,22049999.999952,5.149082708387e-11,3.095588918013e-11,1.659043325872e-11
3.5-4.0 MHz,1,,5.250000,7.500000,12.750000,22074999.999952,5.019725722340e-11,3.081057778625e-11,1.609507209207e-11
3.5-4.0 MHz,1,,5.250000,7.500000,12.750000,22099999.999952,4.966625118588e-11,3.088841124873e-11,1.607945422490e-11
3.5-4.0 MHz,1,,5.250000,7.500000,12.750000,22124999.999951,4.928801116043e-11,3.073449686723e-11,1.601529323284e-11
3.5-4.0 MHz,1,,5.250000,7.500000,12.750000,22149999.999951,4.878376979952e-11,3.054637881301e-11,1.593178567884e-11
3.5-4.0 MHz,1,,5.250000,7.500000,12.750000,22174999.999951,4.770546150783e-11,3.072647822833e-11,1.609107377087e-11
3.5-4.0 MHz,1,,5.250000,7.500000,12.750000,22199999.999951,4.340527729414e-11,3.124717188290e-11,1.632740901634e-11
3.5-4.0 MHz,1,,5.250000,7.500000,12.750000,22224999.999951,2.322054574160e-07,3.699870135355e-08,1.832331987672e-08
3.5-4.0 MHz,1,,5.250000,7.500000,12.750000,22249999.999951,4.642266739383e-07,7.408146247159e-08,3.669308328118e-08
3.5-4.0 MHz,1,,5.250000,7.500000,12.750000,22274999.999951,2.322037617106e-07,3.699898863814e-08,1.832431974259e-08
3.5-4.0 MHz,1,,5.250000,7.500000,12.750000,22299999.999951,5.510154493362e-11,3.172263865665e-11,1.787594205473e-11
3.5-4.0 MHz,1,,5.250000,7.500000,12.750000,22324999.999951,6.899385764480e-11,3.142627415650e-11,1.824229128475e-11
3.5-4.0 MHz,1,,5.250000,7.500000,12.750000,22349999.999951,9.102350388356e-11,3.353265568389e-11,2.034087826231e-11
3.5-4.0 MHz,1,,5.250000,7.500000,12.750000,22374999.999951,1.388892058161e-10,3.997674735162e-11,2.529877004153e-11
3.5-4.0 MHz,1,,5.250000,7.500000,12.750000,22399999.999951,2.583628788469e-10,5.745937310978e-11,3.725941954391e-11
3.5-4.0 MHz,1,,5.250000,7.500000,12.750000,22424999.999951,6.323233362034e-10,1.153171470091e-10,7.289072043121e-11
3.5-4.0 MHz,1,,5.250000,7.500000,12.750000,22449999.999951,2.800235165250e-09,4.577887673573e-10,2.623977957999e-10
3.5-4.0 MHz,1,,5.250000,7.500000,12.750000,22474999.999951,1.816323273618e-05,2.774792267286e-06,1.724131793887e-06
3.5-4.0 MHz,1,,5.250000,7.500000,12.750000,22499999.999951,3.632626793627e-05,5.550703063033e-06,3.447268523712e-06
3.5-4.0 MHz,1,,5.250000,7.500000,12.750000,22524999.999951,1.816208703498e-05,2.775849116871e-06,1.723156135042e-06
3.5-4.0 MHz,1,,5.250000,7.500000,12.750000,22549999.999951,2.816010634877e-09,4.759262405919e-10,1.928861599239e-10
3.5-4.0 MHz,1,,5.250000,7.500000,12.750000,22574999.999950,6.570221006285e-10,1.001527368011e-10,3.265398213626e-11
3.5-4.0 MHz,1,,5.250000,7.500000,12.750000,22599999.999950,2.883847879107e-10,3.395460230980e-11,8.347306016057e-12
3.5-4.0 MHz,1,,5.250000,7.500000,12.750000,22624999.999950,1.680474212919e-10,1.735094578015e-11,7.466925219113e-12
3.5-4.0 MHz,1,,5.250000,7.500000,12.750000,22649999.999950,1.164534512819e-10,1.752775034870e-11,9.855155830746e-12
3.5-4.0 MHz,1,,5.250000,7.500000,12.750000,22674999.999950,9.086427375154e-11,1.953821205917e-11,1.104353128852e-11
3.5-4.0 MHz,1,,5.250000,7.500000,12.750000,22699999.999950,7.966105599381e-11,2.085130692063e-11,1.152205544899e-11
3.5-4.0 MHz,1,,5.250000,7.500000,12.750000,22724999.999950,2.224989371428e-07,4.439854795757e-08,3.105815404503e-08
3.5-4.0 MHz,1,,5.250000,7.500000,12.750000,22749999.999950,4.451407757559e-07,8.872007846509e-08,6.207561741921e-08
3.5-4.0 MHz,1,,5.250000,7.500000,12.750000,22774999.999950,2.225113224695e-07,4.440104945074e-08,3.105996339324e-08
3.5-4.0 MHz,1,,5.250000,7.500000,12.750000,22799999.999950,5.291960349484e-11,2.457647515656e-11,1.253535405683e-11
3.5-4.0 MHz,1,,5.250000,7.500000,12.750000,22824999.999950,4.445539086852e-11,2.587253144347e-11,1.350787352736e-11
3.5-4.0 MHz,1,,5.250000,7.500000,12.750000,22849999.999950,3.977161655327e-11,2.681915573476e-11,1.402266192575e-11
3.5-4.0 MHz,1,,5.250000,7.500000,12.750000,22874999.999950,3.596217666398e-11,2.709912254825e-11,1.417707199763e-11
3.5-4.0 MHz,1,,5.250000,7.500000,12.750000,22899999.999950,3.232426830027e-11,2.771296155759e-11,1.452160491814e-11
3.5-4.0 MHz,1,,5.250000,7.500000,12.750000,22924999.999950,2.830862535851e-11,2.827858301746e-11,1.491612639208e-11
3.5-4.0 MHz,1,,5.250000,7.500000,12.750000,22949999.999950,2.224513084620e-11,2.933778901773e-11,1.595131506082e-11
3.5-4.0 MHz,1,,5.250000,7.500000,12.750000,22974999.999950,1.291263247972e-07,2.003251474103e-08,3.010615569650e-08
3.5-4.0 MHz,1,,5.250000,7.500000,12.750000,22999999.999950,2.581672885414e-07,4.014605592783e-08,6.025104640649e-08
3.5-4.0 MHz,1,,5.250000,7.500000,12.750000,23024999.999950,1.291209101368e-07,2.003058855760e-08,3.010447298810e-08
3.5-4.0 MHz,1,,5.250000,7.500000,12.750000,23049999.999949,2.342139608558e-11,3.315972124846e-11,1.768010460373e-11
3.5-4.0 MHz,1,,5.250000,7.500000,12.750000,23074999.999949,3.831374719457e-11,3.481503573266e-11,1.815701645705e-11
3.5-4.0 MHz,1,,5.250000,7.500000,12.750000,23099999.999949,6.275499188579e-11,3.821693793894e-11,1.981176300237e-11
3.5-4.0 MHz,1,,5.250000,7.500000,12.750000,23124999.999949,1.057167406552e-10,4.410965979298e-11,2.279897091390e-11
3.5-4.0 MHz,1,,5.250000,7.500000,12.750000,23149999.999949,1.888549642528e-10,5.562271625741e-11,2.875131199659e-11
3.5-4.0 MHz,1,,5.250000,7.500000,12.750000,23174999.999949,3.829778983940e-10,8.248472397089e-11,4.270412751394e-11
3.5-4.0 MHz,1,,5.250000,7.500000,12.750000,23199999.999949,1.068292953791e-09,1.787245594390e-10,9.355843432418e-11
3.5-4.0 MHz,1,,5.250000,7.500000,12.750000,23224999.999949,3.351305639654e-05,4.697864634440e-06,2.455861937139e-06
3.5-4.0 MHz,1,,5.250000,7.500000,12.750000,23249999.999949,6.702102924282e-05,9.395096129415e-06,4.911396877223e-06
3.5-4.0 MHz,1,,5.250000,7.500000,12.750000,23274999.999949,3.351307875283e-05,4.697863568341e-06,2.455868401304e-06
3.5-4.0 MHz,1,,5.250000,7.500000,12.750000,23299999.999949,1.082616667154e-09,1.786715333456e-10,9.422129379598e-11
3.5-4.0 MHz,1,,5.250000,7.500000,12.750000,23324999.999949,3.854554993750e-10,8.174150781391e-11,4.275473575421e-11
3.5-4.0 MHz,1,,5.250000,7.500000,12.750000,23349999.999949,1.911006614647e-10,5.451714932140e-11,2.835609566844e-11
3.5-4.0 MHz,1,,5.250000,7.500000,12.750000,23374999.999949,1.081148676805e-10,4.301223015889e-11,2.227735414978e-11
3.5-4.0 MHz,1,,5.250000,7.500000,12.750000,23399999.999949,6.488875317159e-11,3.676905370748e-11,1.900391215902e-11
3.5-4.0 MHz,1,,5.250000,7.500000,12.750000,23424999.999949,3.948164251578e-11,3.371240561205e-11,1.742098714112e-11
3.5-4.0 MHz,1,,5.250000,7.500000,12.750000,23449999.999949,2.146680963117e-11,3.063561164211e-11,1.594230675845e-11
3.5-4.0 MHz,1,,5.250000,7.500000,12.750000,23474999.999949,2.096435337322e-07,2.923215517455e-08,1.220408924339e-08
3.5-4.0 MHz,1,,5.250000,7.500000,12.750000,23499999.999948,4.192133207082e-07,5.845943313421e-08,2.443137369967e-08
3.5-4.0 MHz,1,,5.250000,7.500000,12.750000,23524999.999948,2.096312630968e-07,2.923152660851e-08,1.220467465923e-08
3.5-4.0 MHz,1,,5.250000,7.500000,12.750000,23549999.999948,1.932368517808e-11,2.661686542759e-11,1.388144281178e-11
3.5-4.0 MHz,1,,5.250000,7.500000,12.750000,23574999.999948,2.016987265690e-11,2.623385616013e-11,1.350085576760e-11
3.5-4.0 MHz,1,,5.250000,7.500000,12.750000,23599999.999948,2.137490796970e-11,2.556764371048e-11,1.311943492293e-11
3.5-4.0 MHz,1,,5.250000,7.500000,12.750000,23624999.999948,2.235365491704e-11,2.536684291642e-11,1.295715005596e-11
3.5-4.0 MHz,1,,5.250000,7.500000,12.750000,23649999.999948,2.303171683207e-11,2.507881401278e-11,1.278194749345e-11
3.5-4.0 MHz,1,,5.250000,7.500000,12.750000,23674999.999948,2.313362363948e-11,2.479772760257e-11,1.253418913312e-11
3.5-4.0 MHz,1,,5.250000,7.500000,12.750000,23699999.999948,2.128246633781e-11,2.470878695865e-11,1.218797192498e-11
3.5-4.0 MHz,1,,5.250000,7.500000,12.750000,23724999.999948,2.095494811864e-07,1.954798955261e-08,1.623509624316e-08
3.5-4.0 MHz,1,,5.250000,7.500000,12.750000,23749999.999948,4.190113207155e-07,3.914281393399e-08,3.245365291395e-08
3.5-4.0 MHz,1,,5.250000,7.500000,12.750000,23774999.999948,2.095505722651e-07,1.954825494395e-08,1.623493829765e-08
3.5-4.0 MHz,1,,5.250000,7.500000,12.750000,23799999.999948,2.369812924625e-11,2.391825226943e-11,1.181922547234e-11
3.5-4.0 MHz,1,,5.250000,7.500000,12.750000,23824999.999948,2.687070580986e-11,2.340019372573e-11,1.178187428895e-11
3.5-4.0 MHz,1,,5.250000,7.500000,12.750000,23849999.999948,2.846952266731e-11,2.296608833611e-11,1.160697096581e-11
3.5-4.0 MHz,1,,5.250000,7.500000,12.750000,23874999.999948,2.993447872226e-11,2.293658898739e-11,1.157269151430e-11
3.5-4.0 MHz,1,,5.250000,7.500000,12.750000,23899999.999948,3.210516792925e-11,2.247288502669e-11,1.121320055398e-11
3.5-4.0 MHz,1,,5.250000,7.500000,12.750000,23924999.999948,3.669807980426e-11,2.209309376373e-11,1.079082728347e-11
3.5-4.0 MHz,1,,5.250000,7.500000,12.750000,23949999.999947,5.348067756435e-11,2.033690506865e-11,8.808948531817e-12
3.5-4.0 MHz,1,,5.250000,7.500000,12.750000,23974999.999947,7.215757218635e-07,8.170477706039e-08,8.988988583881e-08
3.5-4.0 MHz,1,,5.250000,7.500000,12.750000,23999999.999947,1.443100639556e-06,1.633442331829e-07,1.797398784156e-07
3.5-4.0 MHz,1,,5.250000,7.500000,12.750000,24024999.999947,7.215555531269e-07,8.170109980833e-08,8.989278344928e-08
3.5-4.0 MHz,1,,5.250000,7.500000,12.750000,24049999.999947,4.934201366049e-11,2.031862534863e-11,8.952683170957e-12
3.5-4.0 MHz,1,,5.250000,7.500000,12.750000,24074999.999947,3.592878723869e-11,2.147364117082e-11,1.047187618907e-11
3.5-4.0 MHz,1,,5.250000,7.500000,12.750000,24099999.999947,3.199263112943e-11,2.152282611972e-11,1.080435367703e-11
3.5-4.0 MHz,1,,5.250000,7.500000,12.750000,24124999.999947,3.011692175850e-11,2.175396056004e-11,1.102596805653e-11
3.5-4.0 MHz,1,,5.250000,7.500000,12.750000,24149999.999947,2.874752673624e-11,2.160012666612e-11,1.102754186505e-11
3.5-4.0 MHz,1,,5.250000,7.500000,12.750000,24174999.999947,2.709880314387e-11,2.174428593717e-11,1.111362446289e-11
3.5-4.0 MHz,1,,5.250000,7.500000,12.750000,24199999.999947,2.301800617415e-11,2.203294324174e-11,1.123762629348e-11
3.5-4.0 MHz,1,,5.250000,7.500000,12.750000,24224999.999947,1.979695396034e-07,2.409394271197e-08,8.756940074502e-09
3.5-4.0 MHz,1,,5.250000,7.500000,12.750000,24249999.999947,3.958261996596e-07,4.824765809606e-08,1.754314966212e-08
3.5-4.0 MHz,1,,5.250000,7.500000,12.750000,24274999.999947,1.979699386212e-07,2.409436953180e-08,8.756833329520e-09
3.5-4.0 MHz,1,,5.250000,7.500000,12.750000,24299999.999947,2.177181793352e-11,2.176205895735e-11,1.097900165632e-11
3.5-4.0 MHz,1,,5.250000,7.500000,12.750000,24324999.999947,2.572616640799e-11,2.096546225794e-11,1.082164627029e-11
3.5-4.0 MHz,1,,5.250000,7.500000,12.750000,24349999.999947,2.677505555794e-11,2.114200234888e-11,1.096589532790e-11
3.5-4.0 MHz,1,,5.250000,7.500000,12.750000,24374999.999947,2.729315510716e-11,2.077124573261e-11,1.082727584449e-11
3.5-4.0 MHz,1,,5.250000,7.500000,12.750000,24399999.999946,2.775049227682e-11,2.052018033606e-11,1.075284165884e-11
3.5-4.0 MHz,1,,5.250000,7.500000,12.750000,24424999.999946,2.865908947516e-11,2.044818309198e-11,1.076291319697e-11
3.5-4.0 MHz,1,,5.250000,7.500000,12.750000,24449999.999946,3.198247328059e-11,1.967757999518e-11,1.061538218144e-11
3.5-4.0 MHz,1,,5.250000,7.500000,12.750000,24474999.999946,2.034473523185e-07,2.500980535065e-08,1.025839896697e-08
3.5-4.0 MHz,1,,5.250000,7.500000,12.750000,24499999.999946,4.069293365032e-07,4.995569399081e-08,2.049503094087e-08
3.5-4.0 MHz,1,,5.250000,7.500000,12.750000,24524999.999946,2.034482396587e-07,2.501010655298e-08,1.025975754909e-08
3.5-4.0 MHz,1,,5.250000,7.500000,12.750000,24549999.999946,3.038273844577e-11,1.961667293251e-11,1.058766334965e-11
3.5-4.0 MHz,1,,5.250000,7.500000,12.750000,24574999.999946,2.636463322501e-11,1.993256460772e-11,1.068444201176e-11
3.5-4.0 MHz,1,,5.250000,7.500000,12.750000,24599999.999946,2.519398673429e-11,2.031501167062e-11,1.087840946908e-11
3.5-4.0 MHz,1,,5.250000,7.500000,12.750000,24624999.999946,2.584424655997e-11,2.048802483699e-11,1.103531170692e-11
3.5-4.0 MHz,1,,5.250000,7.500000,12.750000,24649999.999946,3.193649120993e-11,2.123024822462e-11,1.150729598021e-11
3.5-4.0 MHz,1,,5.250000,7.500000,12.750000,24674999.999946,5.720224488318e-11,2.277831704667e-11,1.242470311455e-11
3.5-4.0 MHz,1,,5.250000,7.500000,12.750000,24699999.999946,1.669494419828e-10,3.143377342344e-11,1.678257369564e-11
3.5-4.0 MHz,1,,5.250000,7.500000,12.750000,24724999.999946,4.462205302362e-06,5.386786163817e-07,2.541291768972e-07
3.5-4.0 MHz,1,,5.250000,7.500000,12.750000,24749999.999946,8.923523878215e-06,1.077276831323e-06,5.082540763606e-07
3.5-4.0 MHz,1,,5.250000,7.500000,12.750000,24774999.999946,4.462063781992e-06,5.386656728812e-07,2.541521560618e-07
3.5-4.0 MHz,1,,5.250000,7.500000,12.750000,24799999.999946,1.580652096824e-10,2.866160031544e-11,1.901500302920e-11
3.5-4.0 MHz,1,,5.250000,7.500000,12.750000,24824999.999946,5.289177633612e-11,2.135788983207e-11,1.233996491137e-11
3.5-4.0 MHz,1,,5.250000,7.500000,12.750000,24849999.999946,3.193920846074e-11,1.983618312693e-11,1.119154109968e-11
3.5-4.0 MHz,1,,5.250000,7.500000,12.750000,24874999.999945,2.634441541591e-11,1.955119870885e-11,1.093523823962e-11
3.5-4.0 MHz,1,,5.250000,7.500000,12.750000,24899999.999945,2.480582802236e-11,1.901513587099e-11,1.070015162604e-11
3.5-4.0 MHz,1,,5.250000,7.500000,12.750000,24924999.999945,2.419778690301e-11,1.908215208551e-11,1.068692475682e-11
3.5-4.0 MHz,1,,5.250000,7.500000,12.750000,24949999.999945,2.266738518114e-11,1.859621715512e-11,1.043782315402e-11
3.5-4.0 MHz,1,,5.250000,7.500000,12.750000,24974999.999945,7.284544018488e-08,1.843589102538e-08,2.299397591474e-08
3.5-4.0 MHz,1,,5.250000,7.500000,12.750000,24999999.999945,1.456054108987e-07,3.687341999934e-08,4.596874277780e-08
7.0-7.5 MHz,2,,5.250000,11.000000,16.250000,524999.999999,1.341607303661e-04,3.969745765053e-06,3.004392742708e-06
7.0-7.5 MHz,2,,5.250000,11.000000,16.250000,549999.999999,2.729505350413e-09,1.104163509867e-10,7.070969246470e-11
7.0-7.5 MHz,2,,5.250000,11.000000,16.250000,574999.999999,6.210648887045e-10,8.350547916404e-11,1.891057137050e-11
7.0-7.5 MHz,2,,5.250000,11.000000,16.250000,599999.999999,1.639177021687e-10,7.626060225180e-11,1.051833212510e-11
7.0-7.5 MHz,2,,5.250000,11.000000,16.250000,624999.999999,2.331923411240e-10,7.016556646708e-11,1.225141531408e-11
7.0-7.5 MHz,2,,5.250000,11.000000,16.250000,649999.999999,2.932124539773e-10,6.463599981744e-11,1.435113321658e-11
7.0-7.5 MHz,2,,5.250000,11.000000,16.250000,674999.999999,3.119532864891e-10,5.971027363061e-11,1.568422725576e-11
7.0-7.5 MHz,2,,5.250000,11.000000,16.250000,699999.999998,3.085175828215e-10,5.544427850254e-11,1.603330275470e-11
7.0-7.5 MHz,2,,5.250000,11.000000,16.250000,724999.999998,2.120829247267e-07,6.491696672444e-09,4.257059178916e-08
7.0-7.5 MHz,2,,5.250000,11.000000,16.250000,749999.999998,4.232874253247e-07,1.286646127026e-08,8.509839762444e-08
7.0-7.5 MHz,2,,5.250000,11.000000,16.250000,774999.999998,2.120460957561e-07,6.491634277873e-09,4.257253836860e-08
7.0-7.5 MHz,2,,5.250000,11.000000,16.250000,799999.999998,2.428926548435e-10,4.437587135265e-11,1.792216922191e-11
7.0-7.5 MHz,2,,5.250000,11.000000,16.250000,824999.999998,2.271512355780e-10,4.275189499515e-11,1.871808686464e-11
7.0-7.5 MHz,2,,5.250000,11.000000,16.250000,849999.999998,2.114717400359e-10,4.147734352398e-11,1.895028122833e-11
7.0-7.5 MHz,2,,5.250000,11.000000,16.250000,874999.999998,1.970068334932e-10,4.047030382789e-11,1.891095142618e-11
7.0-7.5 MHz,2,,5.250000,11.000000,16.250000,899999.999998,1.847530712573e-10,3.979545892225e-11,1.859242779581e-11
7.0-7.5 MHz,2,,5.250000,11.000000,16.250000,924999.999998,1.764953568472e-10,3.948316772896e-11,1.764416615966e-11
7.0-7.5 MHz,2,,5.250000,11.000000,16.250000,949999.999998,1.727675822830e-10,3.988968754569e-11,1.541914049916e-11
7.0-7.5 MHz,2,,5.250000,11.000000,16.250000,974999.999998,1.682387989623e-06,8.623305468593e-08,3.935104305369e-07
7.0-7.5 MHz,2,,5.250000,11.000000,16.250000,999999.999998,3.364857689112e-06,1.725185205107e-07,7.869303123831e-07
7.0-7.5 MHz,2,,5.250000,11.000000,16.250000,1024999.999998,1.682437564599e-06,8.622928221788e-08,3.935150810843e-07
7.0-7.5 MHz,2,,5.250000,11.000000,16.250000,1049999.999998,1.322189955823e-10,3.851259150066e-11,1.634026660985e-11
7.0-7.5 MHz,2,,5.250000,11.000000,16.250000,1074999.999998,1.170172563840e-10,3.785636925938e-11,1.829991451055e-11
7.0-7.5 MHz,2,,5.250000,11.000000,16.250000,1099999.999998,1.069813312250e-10,3.769727879147e-11,1.947269949641e-11
7.0-7.5 MHz,2,,5.250000,11.000000,16.250000,1124999.999998,9.960638764511e-11,3.769249752435e-11,2.003907508755e-11
7.0-7.5 MHz,2,,5.250000,11.000000,16.250000,1149999.999997,9.388512170799e-11,3.776168701154e-11,2.032027030721e-11
7.0-7.5 MHz,2,,5.250000,11.000000,16.250000,1174999.999997,8.976673571921e-11,3.794143362708e-11,2.030725960073e-11
7.0-7.5 MHz,2,,5.250000,11.000000,16.250000,1199999.999997,8.768598797259e-11,3.834286741555e-11,1.927042604879e-11
7.0-7.5 MHz,2,,5.250000,11.000000,16.250000,1224999.999997,2.530863957449e-07,1.725257457261e-08,3.347877521066e-08
7.0-7.5 MHz,2,,5.250000,11.000000,16.250000,1249999.999997,5.062541169063e-07,3.460239192212e-08,6.691677979333e-08
7.0-7.5 MHz,2,,5.250000,11.000000,16.250000,1274999.999997,2.530936037861e-07,1.725284644896e-08,3.347196101796e-08
7.0-7.5 MHz,2,,5.250000,11.000000,16.250000,1299999.999997,7.777671329844e-11,3.902401666195e-11,2.184722879031e-11
7.0-7.5 MHz,2,,5.250000,11.000000,16.250000,1324999.999997,7.558057576988e-11,3.895138470106e-11,2.169644995218e-11
7.0-7.5 MHz,2,,5.250000,11.000000,16.250000,1349999.999997,7.503454942403e-11,3.915598183461e-11,2.179252894059e-11
7.0-7.5 MHz,2,,5.250000,11.000000,16.250000,1374999.999997,7.542587780817e-11,3.938760219272e-11,2.190915019210e-11
7.0-7.5 MHz,2,,5.250000,11.000000,16.250000,1399999.999997,7.678770441960e-11,3.972477938851e-11,2.208355571251e-11
7.0-7.5 MHz,2,,5.250000,11.000000,16.250000,1424999.999997,7.984373513438e-11,4.019385089914e-11,2.233792269515e-11
7.0-7.5 MHz,2,,5.250000,11.000000,16.250000,1449999.999997,8.852302054340e-11,4.109448647763e-11,2.293198848000e-11
7.0-7.5 MHz,2,,5.250000,11.000000,16.250000,1474999.999997,6.666621703576e-07,5.093522404552e-08,1.278770798088e-07
7.0-7.5 MHz,2,,5.250000,11.000000,16.250000,1499999.999997,1.333466817573e-06,1.019832957054e-07,2.557532035862e-07
7.0-7.5 MHz,2,,5.250000,11.000000,16.250000,1524999.999997,6.666883750747e-07,5.093501920266e-08,1.278827551255e-07
7.0-7.5 MHz,2,,5.250000,11.000000,16.250000,1549999.999997,9.874632962300e-11,4.213948013596e-11,2.285112787793e-11
7.0-7.5 MHz,2,,5.250000,11.000000,16.250000,1574999.999997,8.831841867438e-11,4.172476087636e-11,2.284405400469e-11
7.0-7.5 MHz,2,,5.250000,11.000000,16.250000,1599999.999996,8.611647248935e-11,4.174463103007e-11,2.290630517361e-11
7.0-7.5 MHz,2,,5.250000,11.000000,16.250000,1624999.999996,8.614985995673e-11,4.191624099885e-11,2.300785557722e-11
7.0-7.5 MHz,2,,5.250000,11.000000,16.250000,1649999.999996,8.698866322776e-11,4.214438025847e-11,2.314877039008e-11
7.0-7.5 MHz,2,,5.250000,11.000000,16.250000,1674999.999996,8.811733968181e-11,4.240541460206e-11,2.337105320437e-11
7.0-7.5 MHz,2,,5.250000,11.000000,16.250000,1699999.999996,8.933260537580e-11,4.278961623492e-11,2.407741820093e-11
7.0-7.5 MHz,2,,5.250000,11.000000,16.250000,1724999.999996,6.757603303872e-08,1.233853738531e-08,3.606047099360e-08
7.0-7.5 MHz,2,,5.250000,11.000000,16.250000,1749999.999996,1.349839205832e-07,2.474851628575e-08,7.215049031392e-08
7.0-7.5 MHz,2,,5.250000,11.000000,16.250000,1774999.999996,6.758422814311e-08,1.233927133044e-08,3.606376259743e-08
7.0-7.5 MHz,2,,5.250000,11.000000,16.250000,1799999.999996,9.695947184962e-11,4.399739195309e-11,2.442381288432e-11
7.0-7.5 MHz,2,,5.250000,11.000000,16.250000,1824999.999996,9.916078842769e-11,4.418800356323e-11,2.404424563666e-11
7.0-7.5 MHz,2,,5.250000,11.000000,16.250000,1849999.999996,1.012489695773e-10,4.442421051308e-11,2.403524062135e-11
7.0-7.5 MHz,2,,5.250000,11.000000,16.250000,1874999.999996,1.033038805515e-10,4.475618361492e-11,2.412981486345e-11
7.0-7.5 MHz,2,,5.250000,11.000000,16.250000,1899999.999996,1.052165346819e-10,4.505427192168e-11,2.422151586282e-11
7.0-7.5 MHz,2,,5.250000,11.000000,16.250000,1924999.999996,1.068285906996e-10,4.534836806844e-11,2.433191984027e-11
7.0-7.5 MHz,2,,5.250000,11.000000,16.250000,1949999.999996,1.077418197062e-10,4.565430927421e-11,2.481508363429e-11
7.0-7.5 MHz,2,,5.250000,11.000000,16.250000,1974999.999996,1.590353336692e-07,3.307827929975e-08,2.036873288318e-07
7.0-7.5 MHz,2,,5.250000,11.000000,16.250000,1999999.999996,3.178547501813e-07,6.616077447008e-08,4.073409075285e-07
7.0-7.5 MHz,2,,5.250000,11.000000,16.250000,2024999.999996,1.590416628151e-07,3.307835173804e-08,2.036878261060e-07
7.0-7.5 MHz,2,,5.250000,11.000000,16.250000,2049999.999996,1.187539368903e-10,4.715550394466e-11,2.577119255879e-11
7.0-7.5 MHz,2,,5.250000,11.000000,16.250000,2074999.999995,1.211339630904e-10,4.758393897108e-11,2.532306103566e-11
7.0-7.5 MHz,2,,5.250000,11.000000,16.250000,2099999.999995,1.236392033611e-10,4.787797782914e-11,2.541807608088e-11
7.0-7.5 MHz,2,,5.250000,11.000000,16.250000,2124999.999995,1.261716921953e-10,4.830762923204e-11,2.564888779637e-11
7.0-7.5 MHz,2,,5.250000,11.000000,16.250000,2149999.999995,1.285596973104e-10,4.864696383381e-11,2.585466376502e-11
7.0-7.5 MHz,2,,5.250000,11.000000,16.250000,2174999.999995,1.308966754121e-10,4.912441906721e-11,2.618922065117e-11
7.0-7.5 MHz,2,,5.250000,11.000000,16.250000,2199999.999995,1.332032998259e-10,4.953968744229e-11,2.659127518044e-11
7.0-7.5 MHz,2,,5.250000,11.000000,16.250000,2224999.999995,2.452720697768e-07,2.578054232733e-08,3.576736232334e-08
7.0-7.5 MHz,2,,5.250000,11.000000,16.250000,2249999.999995,4.904325317375e-07,5.158770524175e-08,7.161205865390e-08
7.0-7.5 MHz,2,,5.250000,11.000000,16.250000,2274999.999995,2.452847939551e-07,2.578129391259e-08,3.576999809853e-08
7.0-7.5 MHz,2,,5.250000,11.000000,16.250000,2299999.999995,1.451998454114e-10,5.146477989901e-11,2.789535424952e-11
7.0-7.5 MHz,2,,5.250000,11.000000,16.250000,2324999.999995,1.472775071436e-10,5.179995656481e-11,2.746967546574e-11
7.0-7.5 MHz,2,,5.250000,11.000000,16.250000,2349999.999995,1.501411247598e-10,5.223438888499e-11,2.744590183106e-11
7.0-7.5 MHz,2,,5.250000,11.000000,16.250000,2374999.999995,1.531649411213e-10,5.271704288249e-11,2.752871760171e-11
7.0-7.5 MHz,2,,5.250000,11.000000,16.250000,2399999.999995,1.563064508684e-10,5.325372819344e-11,2.763737220229e-11
7.0-7.5 MHz,2,,5.250000,11.000000,16.250000,2424999.999995,1.598144025197e-10,5.387737614055e-11,2.767372289247e-11
7.0-7.5 MHz,2,,5.250000,11.000000,16.250000,2449999.999995,1.648108389760e-10,5.481899679378e-11,2.735374188715e-11
7.0-7.5 MHz,2,,5.250000,11.000000,16.250000,2474999.999995,2.016240052463e-07,2.122053562043e-08,5.321979029494e-08
7.0-7.5 MHz,2,,5.250000,11.000000,16.250000,2499999.999995,4.034159854151e-07,4.260236288832e-08,1.063961380175e-07
7.0-7.5 MHz,2,,5.250000,11.000000,16.250000,2524999.999994,2.016276317817e-07,2.121988140921e-08,5.322219820653e-08
7.0-7.5 MHz,2,,5.250000,11.000000,16.250000,2549999.999994,1.775039540759e-10,5.716498247288e-11,2.901278351423e-11
7.0-7.5 MHz,2,,5.250000,11.000000,16.250000,2574999.999994,1.786695749938e-10,5.720449638316e-11,2.927647396424e-11
7.0-7.5 MHz,2,,5.250000,11.000000,16.250000,2599999.999994,1.815728686310e-10,5.767239038385e-11,2.961188443920e-11
7.0-7.5 MHz,2,,5.250000,11.000000,16.250000,2624999.999994,1.848278681190e-10,5.826659711131e-11,2.993797101087e-11
7.0-7.5 MHz,2,,5.250000,11.000000,16.250000,2649999.999994,1.883089630302e-10,5.893813950852e-11,3.027688721330e-11
7.0-7.5 MHz,2,,5.250000,11.000000,16.250000,2674999.999994,1.919180517066e-10,5.971218125989e-11,3.066442022429e-11
7.0-7.5 MHz,2,,5.250000,11.000000,16.250000,2699999.999994,1.960218172006e-10,6.081580437297e-11,3.137285576465e-11
7.0-7.5 MHz,2,,5.250000,11.000000,16.250000,2724999.999994,2.046535198648e-07,3.829722375183e-08,1.906116449324e-08
7.0-7.5 MHz,2,,5.250000,11.000000,16.250000,2749999.999994,4.094000534074e-07,7.673442423696e-08,3.812401945707e-08
7.0-7.5 MHz,2,,5.250000,11.000000,16.250000,2774999.999994,2.046555032019e-07,3.829678792318e-08,1.905683022649e-08
7.0-7.5 MHz,2,,5.250000,11.000000,16.250000,2799999.999994,2.125106252303e-10,6.369468771349e-11,3.215326709193e-11
7.0-7.5 MHz,2,,5.250000,11.000000,16.250000,2824999.999994,2.152833871577e-10,6.384107213157e-11,3.252954789004e-11
7.0-7.5 MHz,2,,5.250000,11.000000,16.250000,2849999.999994,2.189897805447e-10,6.447045295093e-11,3.296220197544e-11
7.0-7.5 MHz,2,,5.250000,11.000000,16.250000,2874999.999994,2.228690628267e-10,6.511014380951e-11,3.334417629862e-11
7.0-7.5 MHz,2,,5.250000,11.000000,16.250000,2899999.999994,2.267238771455e-10,6.582916870394e-11,3.379761867358e-11
7.0-7.5 MHz,2,,5.250000,11.000000,16.250000,2924999.999994,2.300949175668e-10,6.648201607029e-11,3.429276273788e-11
7.0-7.5 MHz,2,,5.250000,11.000000,16.250000,2949999.999994,2.314031936250e-10,6.678143206635e-11,3.499174062697e-11
7.0-7.5 MHz,2,,5.250000,11.000000,16.250000,2974999.999993,2.228786657184e-07,3.584979723404e-08,3.306936816890e-08
7.0-7.5 MHz,2,,5.250000,11.000000,16.250000,2999999.999993,4.450363425601e-07,7.155406347158e-08,6.623587307618e-08
7.0-7.5 MHz,2,,5.250000,11.000000,16.250000,3024999.999993,2.228897864536e-07,3.585147457562e-08,3.307236297841e-08
7.0-7.5 MHz,2,,5.250000,11.000000,16.250000,3049999.999993,2.514891673826e-10,7.069934265710e-11,3.753865090370e-11
7.0-7.5 MHz,2,,5.250000,11.000000,16.250000,3074999.999993,2.597896914014e-10,7.199042254160e-11,3.711464557220e-11
7.0-7.5 MHz,2,,5.250000,11.000000,16.250000,3099999.999993,2.660837296432e-10,7.311065806708e-11,3.736183831693e-11
7.0-7.5 MHz,2,,5.250000,11.000000,16.250000,3124999.999993,2.718376447118e-10,7.416288424677e-11,3.773934732487e-11
7.0-7.5 MHz,2,,5.250000,11.000000,16.250000,3149999.999993,2.771998163231e-10,7.515487763217e-11,3.815986500694e-11
7.0-7.5 MHz,2,,5.250000,11.000000,16.250000,3174999.999993,2.817458718110e-10,7.600026502496e-11,3.858978849983e-11
7.0-7.5 MHz,2,,5.250000,11.000000,16.250000,3199999.999993,2.830427032913e-10,7.626968007925e-11,3.920414376097e-11
7.0-7.5 MHz,2,,5.250000,11.000000,16.250000,3224999.999993,3.172194173481e-07,5.691078132466e-08,5.194978720223e-08
7.0-7.5 MHz,2,,5.250000,11.000000,16.250000,3249999.999993,6.335188147715e-07,1.135953968523e-07,1.037846599323e-07
7.0-7.5 MHz,2,,5.250000,11.000000,16.250000,3274999.999993,3.172344273346e-07,5.691289276064e-08,5.196266736866e-08
7.0-7.5 MHz,2,,5.250000,11.000000,16.250000,3299999.999993,3.102234479447e-10,8.152861080587e-11,3.916001165968e-11
7.0-7.5 MHz,2,,5.250000,11.000000,16.250000,3324999.999993,3.220894439206e-10,8.375433788565e-11,4.159487804071e-11
7.0-7.5 MHz,2,,5.250000,11.000000,16.250000,3349999.999993,3.311201565686e-10,8.543585321724e-11,4.273809325795e-11
7.0-7.5 MHz,2,,5.250000,11.000000,16.250000,3374999.999993,3.395217443813e-10,8.705327116776e-11,4.364938247306e-11
7.0-7.5 MHz,2,,5.250000,11.000000,16.250000,3399999.999993,3.478060020084e-10,8.862901608557e-11,4.447267742149e-11
7.0-7.5 MHz,2,,5.250000,11.000000,16.250000,3424999.999992,3.562059781389e-10,9.028281531226e-11,4.530102227359e-11
7.0-7.5 MHz,2,,5.250000,11.000000,16.250000,3449999.999992,3.651460626563e-10,9.215618554014e-11,4.623741908628e-11
7.0-7.5 MHz,2,,5.250000,11.000000,16.250000,3474999.999992,2.357348267484e-07,3.036434865885e-08,7.054227459653e-09
7.0-7.5 MHz,2,,5.250000,11.000000,16.250000,3499999.999992,4.713022420374e-07,6.077422400399e-08,1.402993900866e-08
7.0-7.5 MHz,2,,5.250000,11.000000,16.250000,3524999.999992,2.357503151262e-07,3.036726983012e-08,7.056096357111e-09
7.0-7.5 MHz,2,,5.250000,11.000000,16.250000,3549999.999992,4.027945228035e-10,9.957219838000e-11,4.936764164053e-11
7.0-7.5 MHz,2,,5.250000,11.000000,16.250000,3574999.999992,4.121147046269e-10,1.012698470420e-10,5.060765596051e-11
7.0-7.5 MHz,2,,5.250000,11.000000,16.250000,3599999.999992,4.224361226793e-10,1.031623527330e-10,5.162453306340e-11
7.0-7.5 MHz,2,,5.250000,11.000000,16.250000,3624999.999992,4.330855939314e-10,1.053053326183e-10,5.269679303143e-11
7.0-7.5 MHz,2,,5.250000,11.000000,16.250000,3649999.999992,4.437497463849e-10,1.074040413862e-10,5.370793034080e-11
7.0-7.5 MHz,2,,5.250000,11.000000,16.250000,3674999.999992,4.539286734228e-10,1.095470677749e-10,5.463586961497e-11
7.0-7.5 MHz,2,,5.250000,11.000000,16.250000,3699999.999992,4.606233659599e-10,1.112242730649e-10,5.465671791704e-11
7.0-7.5 MHz,2,,5.250000,11.000000,16.250000,3724999.999992,3.543276866368e-07,6.309490476832e-08,8.269261805146e-08
7.0-7.5 MHz,2,,5.250000,11.000000,16.250000,3749999.999992,7.073547547160e-07,1.259902470995e-07,1.653769907854e-07
7.0-7.5 MHz,2,,5.250000,11.000000,16.250000,3774999.999992,3.543622383398e-07,6.310168458993e-08,8.269465573623e-08
7.0-7.5 MHz,2,,5.250000,11.000000,16.250000,3799999.999992,5.147143174601e-10,1.220275621922e-10,6.313507111853e-11
7.0-7.5 MHz,2,,5.250000,11.000000,16.250000,3824999.999992,5.357763279611e-10,1.257322156374e-10,6.348432190903e-11
7.0-7.5 MHz,2,,5.250000,11.000000,16.250000,3849999.999992,5.532692976096e-10,1.289988091710e-10,6.478737639194e-11
7.0-7.5 MHz,2,,5.250000,11.000000,16.250000,3874999.999992,5.704570951380e-10,1.323588585660e-10,6.638105653214e-11
7.0-7.5 MHz,2,,5.250000,11.000000,16.250000,3899999.999991,5.880472075433e-10,1.358147047782e-10,6.814493829487e-11
7.0-7.5 MHz,2,,5.250000,11.000000,16.250000,3924999.999991,6.060975690956e-10,1.393044338976e-10,7.012771569146e-11
7.0-7.5 MHz,2,,5.250000,11.000000,16.250000,3949999.999991,6.243142557260e-10,1.427940430758e-10,7.299670477108e-11
7.0-7.5 MHz,2,,5.250000,11.000000,16.250000,3974999.999991,2.082295497129e-08,1.331577198177e-08,6.194720276400e-08
7.0-7.5 MHz,2,,5.250000,11.000000,16.250000,3999999.999991,3.973359027529e-08,2.623054069962e-08,1.239883536944e-07
7.0-7.5 MHz,2,,5.250000,11.000000,16.250000,4024999.999991,2.085810658723e-08,1.332427937750e-08,6.193971728413e-08
7.0-7.5 MHz,2,,5.250000,11.000000,16.250000,4049999.999991,7.107164027121e-10,1.601538032125e-10,8.085355097085e-11
7.0-7.5 MHz,2,,5.250000,11.000000,16.250000,4074999.999991,7.351706858444e-10,1.652437022176e-10,8.275527357273e-11
7.0-7.5 MHz,2,,5.250000,11.000000,16.250000,4099999.999991,7.605003182859e-10,1.704449753897e-10,8.512944420633e-11
7.0-7.5 MHz,2,,5.250000,11.000000,16.250000,4124999.999991,7.870448898583e-10,1.758252486000e-10,8.765248941812e-11
7.0-7.5 MHz,2,,5.250000,11.000000,16.250000,4149999.999991,8.146326455976e-10,1.816306040823e-10,9.033136882992e-11
7.0-7.5 MHz,2,,5.250000,11.000000,16.250000,4174999.999991,8.425916429215e-10,1.875691893330e-10,9.282400671351e-11
7.0-7.5 MHz,2,,5.250000,11.000000,16.250000,4199999.999991,8.669809477137e-10,1.934654418701e-10,9.428148973263e-11
7.0-7.5 MHz,2,,5.250000,11.000000,16.250000,4224999.999991,5.987516639401e-07,4.204320621400e-08,4.707697414036e-08
7.0-7.5 MHz,2,,5.250000,11.000000,16.250000,4249999.999991,1.195642771023e-06,8.381887242539e-08,9.407783276293e-08
7.0-7.5 MHz,2,,5.250000,11.000000,16.250000,4274999.999991,5.988266771461e-07,4.205714946465e-08,4.709905351287e-08
7.0-7.5 MHz,2,,5.250000,11.000000,16.250000,4299999.999991,1.015822440768e-09,2.239306249915e-10,1.172211600732e-10
7.0-7.5 MHz,2,,5.250000,11.000000,16.250000,4324999.999991,1.066888825457e-09,2.330332486899e-10,1.175798031952e-10
7.0-7.5 MHz,2,,5.250000,11.000000,16.250000,4349999.999990,1.115637586923e-09,2.426581352872e-10,1.216506962514e-10
7.0-7.5 MHz,2,,5.250000,11.000000,16.250000,4374999.999990,1.166438093363e-09,2.527372120844e-10,1.264873340586e-10
7.0-7.5 MHz,2,,5.250000,11.000000,16.250000,4399999.999990,1.220555997134e-09,2.636786407224e-10,1.319337106672e-10
7.0-7.5 MHz,2,,5.250000,11.000000,16.250000,4424999.999990,1.278681367837e-09,2.753785720635e-10,1.378909308183e-10
7.0-7.5 MHz,2,,5.250000,11.000000,16.250000,4449999.999990,1.342907144505e-09,2.877221363440e-10,1.445781937160e-10
7.0-7.5 MHz,2,,5.250000,11.000000,16.250000,4474999.999990,3.597013017355e-07,7.599048224531e-08,6.128931656725e-08
7.0-7.5 MHz,2,,5.250000,11.000000,16.250000,4499999.999990,7.199598110018e-07,1.517738550455e-07,1.227267758913e-07
7.0-7.5 MHz,2,,5.250000,11.000000,16.250000,4524999.999990,3.597315570423e-07,7.601084502084e-08,6.129495467989e-08
7.0-7.5 MHz,2,,5.250000,11.000000,16.250000,4549999.999990,1.648606355267e-09,3.503192485777e-10,1.764399488373e-10
7.0-7.5 MHz,2,,5.250000,11.000000,16.250000,4574999.999990,1.739085513784e-09,3.695558054935e-10,1.851969375222e-10
7.0-7.5 MHz,2,,5.250000,11.000000,16.250000,4599999.999990,1.840432937332e-09,3.904710200956e-10,1.954822788822e-10
7.0-7.5 MHz,2,,5.250000,11.000000,16.250000,4624999.999990,1.951302017031e-09,4.130835301038e-10,2.067590670950e-10
7.0-7.5 MHz,2,,5.250000,11.000000,16.250000,4649999.999990,2.071191976013e-09,4.371028297562e-10,2.187959139402e-10
7.0-7.5 MHz,2,,5.250000,11.000000,16.250000,4674999.999990,2.197352040335e-09,4.612929819340e-10,2.309587786516e-10
7.0-7.5 MHz,2,,5.250000,11.000000,16.250000,4699999.999990,2.324255896137e-09,4.794667736957e-10,2.400974915125e-10
7.0-7.5 MHz,2,,5.250000,11.000000,16.250000,4724999.999990,1.294189084071e-05,2.585767110455e-06,1.342458687134e-06
7.0-7.5 MHz,2,,5.250000,11.000000,16.250000,4749999.999990,2.587943850083e-05,5.170401014423e-06,2.684367967586e-06
7.0-7.5 MHz,2,,5.250000,11.000000,16.250000,4774999.999990,1.294189486722e-05,2.585771975914e-06,1.342466357643e-06
7.0-7.5 MHz,2,,5.250000,11.000000,16.250000,4799999.999989,3.195388447051e-09,6.669151543729e-10,3.344296749940e-10
7.0-7.5 MHz,2,,5.250000,11.000000,16.250000,4824999.999989,3.576339465706e-09,7.542721093628e-10,3.781028961427e-10
7.0-7.5 MHz,2,,5.250000,11.000000,16.250000,4849999.999989,3.968702790178e-09,8.398334925641e-10,4.209422154007e-10
7.0-7.5 MHz,2,,5.250000,11.000000,16.250000,4874999.999989,4.420816540328e-09,9.375179865854e-10,4.698374464134e-10
7.0-7.5 MHz,2,,5.250000,11.000000,16.250000,4899999.999989,4.960467078639e-09,1.054320298061e-09,5.281906509153e-10
7.0-7.5 MHz,2,,5.250000,11.000000,16.250000,4924999.999989,5.618176769288e-09,1.197003688917e-09,5.991548301264e-10
7.0-7.5 MHz,2,,5.250000,11.000000,16.250000,4949999.999989,6.434461960760e-09,1.375352064355e-09,6.863164923463e-10
7.0-7.5 MHz,2,,5.250000,11.000000,16.250000,4974999.999989,1.878479142059e-08,1.535115437710e-08,1.025993300468e-07
7.0-7.5 MHz,2,,5.250000,11.000000,16.250000,4999999.999989,1.608874650058e-08,3.578217357147e-08,2.029861046915e-07
7.0-7.5 MHz,2,,5.250000,11.000000,16.250000,5024999.999989,2.170041728040e-08,1.468169689999e-08,1.028546180131e-07
7.0-7.5 MHz,2,,5.250000,11.000000,16.250000,5049999.999989,1.315433043971e-08,2.858771960994e-09,1.429227720316e-09
7.0-7.5 MHz,2,,5.250000,11.000000,16.250000,5074999.999989,1.677800672595e-08,3.667672262285e-09,1.833840903215e-09
7.0-7.5 MHz,2,,5.250000,11.000000,16.250000,5099999.999989,2.228949208121e-08,4.905825148412e-09,2.449511062964e-09
7.0-7.5 MHz,2,,5.250000,11.000000,16.250000,5124999.999989,3.126575543089e-08,6.938169628332e-09,3.455342564310e-09
7.0-7.5 MHz,2,,5.250000,11.000000,16.250000,5149999.999989,4.726514233643e-08,1.060228117601e-08,5.256012928645e-09
7.0-7.5 MHz,2,,5.250000,11.000000,16.250000,5174999.999989,7.908045884963e-08,1.806750716085e-08,8.870971083990e-09
7.0-7.5 MHz,2,,5.250000,11.000000,16.250000,5199999.999989,1.312016038181e-07,3.265675539714e-08,1.535939254974e-08
7.0-7.5 MHz,2,,5.250000,11.000000,16.250000,5224999.999989,7.638141277375e-03,1.691683334980e-03,8.558274452976e-04
7.0-7.5 MHz,2,,5.250000,11.000000,16.250000,5249999.999988,1.527555832555e-02,3.383181586264e-03,1.711570720074e-03
7.0-7.5 MHz,2,,5.250000,11.000000,16.250000,5274999.999988,7.638258266260e-03,1.691690276662e-03,8.558399031179e-04
7.0-7.5 MHz,2,,5.250000,11.000000,16.250000,5299999.999988,1.555449283737e-07,3.346567796255e-08,1.788425865902e-08
7.0-7.5 MHz,2,,5.250000,11.000000,16.250000,5324999.999988,8.357266589847e-08,1.799643817966e-08,9.341889287617e-09
7.0-7.5 MHz,2,,5.250000,11.000000,16.250000,5349999.999988,4.905414072953e-08,1.054013132128e-08,5.417985925976e-09
7.0-7.5 MHz,2,,5.250000,11.000000,16.250000,5374999.999988,3.334984595417e-08,7.130991491000e-09,3.641189560878e-09
7.0-7.5 MHz,2,,5.250000,11.000000,16.250000,5399999.999988,2.591798232057e-08,5.522338621952e-09,2.804212042722e-09
7.0-7.5 MHz,2,,5.250000,11.000000,16.250000,5424999.999988,2.288145145383e-08,4.882309891386e-09,2.468630599168e-09
7.0-7.5 MHz,2,,5.250000,11.000000,16.250000,5449999.999988,2.259726549412e-08,4.852953948857e-09,2.446472311159e-09
7.0-7.5 MHz,2,,5.250000,11.000000,16.250000,5474999.999988,2.921866428954e-07,4.926224148779e-08,8.330146896697e-08
7.0-7.5 MHz,2,,5.250000,11.000000,16.250000,5499999.999988,6.142417177890e-07,1.131647450410e-07,1.601040031730e-07
7.0-7.5 MHz,2,,5.250000,11.000000,16.250000,5524999.999988,2.956587514487e-07,4.836214699170e-08,8.453862604917e-08
7.0-7.5 MHz,2,,5.250000,11.000000,16.250000,5549999.999988,4.152726986980e-08,9.145994025202e-09,4.610146259681e-09
7.0-7.5 MHz,2,,5.250000,11.000000,16.250000,5574999.999988,5.387492078133e-08,1.189576518721e-08,6.001210140598e-09
7.0-7.5 MHz,2,,5.250000,11.000000,16.250000,5599999.999988,7.333198431935e-08,1.621879561516e-08,8.184790615248e-09
7.0-7.5 MHz,2,,5.250000,11.000000,16.250000,5624999.999988,1.063720682843e-07,2.355033319477e-08,1.188691186152e-08
7.0-7.5 MHz,2,,5.250000,11.000000,16.250000,5649999.999988,1.694380638019e-07,3.753519854235e-08,1.894800396771e-08
7.0-7.5 MHz,2,,5.250000,11.000000,16.250000,5674999.999988,3.161312510026e-07,7.005373342935e-08,3.536624061520e-08
7.0-7.5 MHz,2,,5.250000,11.000000,16.250000,5699999.999988,8.358035639418e-07,1.852413677209e-07,9.352034234888e-08
7.0-7.5 MHz,2,,5.250000,11.000000,16.250000,5724999.999987,2.551062724766e-02,5.653796195199e-03,2.854593663475e-03
7.0-7.5 MHz,2,,5.250000,11.000000,16.250000,5749999.999987,5.101751731631e-02,1.130676404702e-02,5.708769128636e-03
7.0-7.5 MHz,2,,5.250000,11.000000,16.250000,5774999.999987,2.551069513497e-02,5.653811169749e-03,2.854601255326e-03
7.0-7.5 MHz,2,,5.250000,11.000000,16.250000,5799999.999987,8.504260529061e-07,1.884840633117e-07,9.516264543165e-08
7.0-7.5 MHz,2,,5.250000,11.000000,16.250000,5824999.999987,3.197729880941e-07,7.087588181469e-08,3.578419678628e-08
7.0-7.5 MHz,2,,5.250000,11.000000,16.250000,5849999.999987,1.707487484154e-07,3.785092177880e-08,1.910953092345e-08
7.0-7.5 MHz,2,,5.250000,11.000000,16.250000,5874999.999987,1.068115235053e-07,2.368302255445e-08,1.195608955895e-08
7.0-7.5 MHz,2,,5.250000,11.000000,16.250000,5899999.999987,7.330717243278e-08,1.625932859139e-08,8.207977373558e-09
7.0-7.5 MHz,2,,5.250000,11.000000,16.250000,5924999.999987,5.350746530004e-08,1.187271435312e-08,5.993577209281e-09
7.0-7.5 MHz,2,,5.250000,11.000000,16.250000,5949999.999987,4.082434852030e-08,9.062935895684e-09,4.576533251854e-09
7.0-7.5 MHz,2,,5.250000,11.000000,16.250000,5974999.999987,8.004065378299e-07,1.519588230964e-07,1.326968217412e-07
7.0-7.5 MHz,2,,5.250000,11.000000,16.250000,5999999.999987,1.675474188340e-06,3.227105847904e-07,2.751376198412e-07
7.0-7.5 MHz,2,,5.250000,11.000000,16.250000,6024999.999987,8.090738222315e-07,1.541605989560e-07,1.338392978650e-07
7.0-7.5 MHz,2,,5.250000,11.000000,16.250000,6049999.999987,1.808326092818e-08,4.027264937866e-09,2.033145216087e-09
7.0-7.5 MHz,2,,5.250000,11.000000,16.250000,6074999.999987,1.540212292231e-08,3.433937584059e-09,1.732703922606e-09
7.0-7.5 MHz,2,,5.250000,11.000000,16.250000,6099999.999987,1.328529798103e-08,2.965582797201e-09,1.496041154935e-09
7.0-7.5 MHz,2,,5.250000,11.000000,16.250000,6124999.999987,1.158147540642e-08,2.588665298974e-09,1.305760821913e-09
7.0-7.5 MHz,2,,5.250000,11.000000,16.250000,6149999.999987,1.018990680839e-08,2.281260321759e-09,1.150827507209e-09
7.0-7.5 MHz,2,,5.250000,11.000000,16.250000,6174999.999986,9.040957585940e-09,2.027477227572e-09,1.023704560193e-09
7.0-7.5 MHz,2,,5.250000,11.000000,16.250000,6199999.999986,8.090169697132e-09,1.818454342820e-09,9.239182036149e-10
7.0-7.5 MHz,2,,5.250000,11.000000,16.250000,6224999.999986,7.331237695713e-07,2.489633922471e-07,1.409053822745e-07
7.0-7.5 MHz,2,,5.250000,11.000000,16.250000,6249999.999986,1.485213304073e-06,5.020898636475e-07,2.837850668188e-07
7.0-7.5 MHz,2,,5.250000,11.000000,16.250000,6274999.999986,7.342024092861e-07,2.492047597765e-07,1.409663052821e-07
7.0-7.5 MHz,2,,5.250000,11.000000,16.250000,6299999.999986,5.429893238211e-09,1.231973878723e-09,6.198985590631e-10
7.0-7.5 MHz,2,,5.250000,11.000000,16.250000,6324999.999986,4.972160731985e-09,1.129107507320e-09,5.680259525926e-10
7.0-7.5 MHz,2,,5.250000,11.000000,16.250000,6349999.999986,4.571555468825e-09,1.040410201564e-09,5.234901028585e-10
7.0-7.5 MHz,2,,5.250000,11.000000,16.250000,6374999.999986,4.217871469720e-09,9.622961305764e-10,4.842347926740e-10
7.0-7.5 MHz,2,,5.250000,11.000000,16.250000,6399999.999986,3.903641391013e-09,8.929591937510e-10,4.494425969503e-10
7.0-7.5 MHz,2,,5.250000,11.000000,16.250000,6424999.999986,3.621755369423e-09,8.307306449212e-10,4.184420995882e-10
7.0-7.5 MHz,2,,5.250000,11.000000,16.250000,6449999.999986,3.360839928429e-09,7.728683800682e-10,3.906133545977e-10
7.0-7.5 MHz,2,,5.250000,11.000000,16.250000,6474999.999986,5.335791536170e-07,1.409347513539e-07,3.878838450619e-08
7.0-7.5 MHz,2,,5.250000,11.000000,16.250000,6499999.999986,1.057910066445e-06,2.797643424887e-07,7.781758811535e-08
7.0-7.5 MHz,2,,5.250000,11.000000,16.250000,6524999.999986,5.332023454640e-07,1.408552655771e-07,3.879530450011e-08
7.0-7.5 MHz,2,,5.250000,11.000000,16.250000,6549999.999986,2.586112855455e-09,6.029533713950e-10,3.057106532079e-10
7.0-7.5 MHz,2,,5.250000,11.000000,16.250000,6574999.999986,2.447680417046e-09,5.733339381726e-10,2.887814984870e-10
7.0-7.5 MHz,2,,5.250000,11.000000,16.250000,6599999.999986,2.314149219157e-09,5.443326579043e-10,2.736373205154e-10
7.0-7.5 MHz,2,,5.250000,11.000000,16.250000,6624999.999985,2.191570683391e-09,5.177424293814e-10,2.600426192585e-10
7.0-7.5 MHz,2,,5.250000,11.000000,16.250000,6649999.999985,2.081198513585e-09,4.938929925442e-10,2.480069410595e-10
7.0-7.5 MHz,2,,5.250000,11.000000,16.250000,6674999.999985,1.986717986020e-09,4.737052154379e-10,2.381001452425e-10
7.0-7.5 MHz,2,,5.250000,11.000000,16.250000,6699999.999985,1.930450227605e-09,4.625634884714e-10,2.342389063943e-10
7.0-7.5 MHz,2,,5.250000,11.000000,16.250000,6724999.999985,2.527454081663e-06,6.117204026038e-07,3.505282632013e-07
7.0-7.5 MHz,2,,5.250000,11.000000,16.250000,6749999.999985,5.058928069218e-06,1.224415966258e-06,7.014698154502e-07
7.0-7.5 MHz,2,,5.250000,11.000000,16.250000,6774999.999985,2.527604317457e-06,6.117571099103e-07,3.505290500045e-07
7.0-7.5 MHz,2,,5.250000,11.000000,16.250000,6799999.999985,1.601868128464e-09,3.919224815146e-10,1.954185656586e-10
7.0-7.5 MHz,2,,5.250000,11.000000,16.250000,6824999.999985,1.492708368613e-09,3.670231336099e-10,1.832820220826e-10
7.0-7.5 MHz,2,,5.250000,11.000000,16.250000,6849999.999985,1.417617314500e-09,3.509331920453e-10,1.752733031057e-10
7.0-7.5 MHz,2,,5.250000,11.000000,16.250000,6874999.999985,1.353399387857e-09,3.370322517422e-10,1.682832058958e-10
7.0-7.5 MHz,2,,5.250000,11.000000,16.250000,6899999.999985,1.295623300817e-09,3.249258404802e-10,1.621609397150e-10
7.0-7.5 MHz,2,,5.250000,11.000000,16.250000,6924999.999985,1.243044864709e-09,3.139758844398e-10,1.565529447574e-10
7.0-7.5 MHz,2,,5.250000,11.000000,16.250000,6949999.999985,1.196542870661e-09,3.052997858542e-10,1.517546684410e-10
7.0-7.5 MHz,2,,5.250000,11.000000,16.250000,6974999.999985,2.248393257756e-07,9.419359040777e-08,4.167194314087e-08
7.0-7.5 MHz,2,,5.250000,11.000000,16.250000,6999999.999985,4.524953656569e-07,1.891997314035e-07,8.374559550009e-08
7.0-7.5 MHz,2,,5.250000,11.000000,16.250000,7024999.999985,2.249160571431e-07,9.421230943005e-08,4.167982387901e-08
7.0-7.5 MHz,2,,5.250000,11.000000,16.250000,7049999.999985,1.027054144224e-09,2.697209071289e-10,1.342220073288e-10
7.0-7.5 MHz,2,,5.250000,11.000000,16.250000,7074999.999984,9.871786002140e-10,2.606475992121e-10,1.297354385749e-10
7.0-7.5 MHz,2,,5.250000,11.000000,16.250000,7099999.999984,9.519488848427e-10,2.532945937242e-10,1.260072022853e-10
7.0-7.5 MHz,2,,5.250000,11.000000,16.250000,7124999.999984,9.192193361503e-10,2.463052381827e-10,1.224055137434e-10
7.0-7.5 MHz,2,,5.250000,11.000000,16.250000,7149999.999984,8.890913768105e-10,2.404637070167e-10,1.192711757491e-10
7.0-7.5 MHz,2,,5.250000,11.000000,16.250000,7174999.999984,8.617516965007e-10,2.351542476414e-10,1.160405406718e-10
7.0-7.5 MHz,2,,5.250000,11.000000,16.250000,7199999.999984,8.414497529608e-10,2.318822584103e-10,1.117270933747e-10
7.0-7.5 MHz,2,,5.250000,11.000000,16.250000,7224999.999984,7.663684690073e-07,2.540353026507e-07,1.050134571145e-07
7.0-7.5 MHz,2,,5.250000,11.000000,16.250000,7249999.999984,1.533653430977e-06,5.083014559650e-07,2.101179748971e-07
7.0-7.5 MHz,2,,5.250000,11.000000,16.250000,7274999.999984,7.663827158224e-07,2.540410066657e-07,1.050316136798e-07
7.0-7.5 MHz,2,,5.250000,11.000000,16.250000,7299999.999984,7.419532823066e-10,2.117532322073e-10,1.063697414252e-10
7.0-7.5 MHz,2,,5.250000,11.000000,16.250000,7324999.999984,7.134734420994e-10,2.056657514761e-10,1.024999895544e-10
7.0-7.5 MHz,2,,5.250000,11.000000,16.250000,7349999.999984,6.909531316931e-10,2.013970946396e-10,1.002052261402e-10
7.0-7.5 MHz,2,,5.250000,11.000000,16.250000,7374999.999984,6.702520613763e-10,1.973227072240e-10,9.812833328254e-11
7.0-7.5 MHz,2,,5.250000,11.000000,16.250000,7399999.999984,6.508043002728e-10,1.937596591346e-10,9.636574863248e-11
7.0-7.5 MHz,2,,5.250000,11.000000,16.250000,7424999.999984,6.320498157980e-10,1.902546704547e-10,9.469533243552e-11
7.0-7.5 MHz,2,,5.250000,11.000000,16.250000,7449999.999984,6.130123947241e-10,1.873628153040e-10,9.360459417128e-11
7.0-7.5 MHz,2,,5.250000,11.000000,16.250000,7474999.999984,1.391221561391e-07,1.837098512304e-08,2.095705928656e-08
7.0-7.5 MHz,2,,5.250000,11.000000,16.250000,7499999.999984,2.772025612714e-07,3.682037599858e-08,4.204575836902e-08
7.0-7.5 MHz,2,,5.250000,11.000000,16.250000,7524999.999983,1.390966974431e-07,1.836542790302e-08,2.095984978985e-08
7.0-7.5 MHz,2,,5.250000,11.000000,16.250000,7549999.999983,5.487228666871e-10,1.756896623718e-10,8.719229136147e-11
7.0-7.5 MHz,2,,5.250000,11.000000,16.250000,7574999.999983,5.379209200471e-10,1.736730021493e-10,8.625683527184e-11
7.0-7.5 MHz,2,,5.250000,11.000000,16.250000,7599999.999983,5.251614221074e-10,1.714715635048e-10,8.516549534975e-11
7.0-7.5 MHz,2,,5.250000,11.000000,16.250000,7624999.999983,5.124985965384e-10,1.694524980456e-10,8.415925293291e-11
7.0-7.5 MHz,2,,5.250000,11.000000,16.250000,7649999.999983,5.003010154089e-10,1.676215588779e-10,8.323732917516e-11
7.0-7.5 MHz,2,,5.250000,11.000000,16.250000,7674999.999983,4.886606132607e-10,1.660964321394e-10,8.242710597156e-11
7.0-7.5 MHz,2,,5.250000,11.000000,16.250000,7699999.999983,4.794183294350e-10,1.662975635259e-10,8.215067228514e-11
7.0-7.5 MHz,2,,5.250000,11.000000,16.250000,7724999.999983,9.103867643766e-07,2.494581453250e-07,1.651458832532e-07
7.0-7.5 MHz,2,,5.250000,11.000000,16.250000,7749999.999983,1.820642489807e-06,4.990181747238e-07,3.303479641055e-07
7.0-7.5 MHz,2,,5.250000,11.000000,16.250000,7774999.999983,9.103968931043e-07,2.494588714513e-07,1.651468986763e-07
7.0-7.5 MHz,2,,5.250000,11.000000,16.250000,7799999.999983,4.359926873816e-10,1.598892608352e-10,8.082725063011e-11
7.0-7.5 MHz,2,,5.250000,11.000000,16.250000,7824999.999983,4.250542442470e-10,1.565808527838e-10,7.820981647037e-11
7.0-7.5 MHz,2,,5.250000,11.000000,16.250000,7849999.999983,4.155742953525e-10,1.549625787908e-10,7.714746460030e-11
7.0-7.5 MHz,2,,5.250000,11.000000,16.250000,7874999.999983,4.062412261323e-10,1.534304646536e-10,7.625781155757e-11
7.0-7.5 MHz,2,,5.250000,11.000000,16.250000,7899999.999983,3.971751432889e-10,1.524582169365e-10,7.566528345239e-11
7.0-7.5 MHz,2,,5.250000,11.000000,16.250000,7924999.999983,3.876677760649e-10,1.512183226242e-10,7.485876519321e-11
7.0-7.5 MHz,2,,5.250000,11.000000,16.250000,7949999.999983,3.761870896925e-10,1.511266089375e-10,7.423961350837e-11
7.0-7.5 MHz,2,,5.250000,11.000000,16.250000,7974999.999983,6.433801836845e-07,1.630320661692e-07,8.593094166211e-08
7.0-7.5 MHz,2,,5.250000,11.000000,16.250000,7999999.999982,1.286302640478e-06,3.261031360715e-07,1.718056295989e-07
7.0-7.5 MHz,2,,5.250000,11.000000,16.250000,8024999.999982,6.433704041712e-07,1.630278741812e-07,8.593167108482e-08
7.0-7.5 MHz,2,,5.250000,11.000000,16.250000,8049999.999982,3.436620261472e-10,1.466873108536e-10,7.236574820045e-11
7.0-7.5 MHz,2,,5.250000,11.000000,16.250000,8074999.999982,3.413570576981e-10,1.456788576202e-10,7.223723627184e-11
7.0-7.5 MHz,2,,5.250000,11.000000,16.250000,8099999.999982,3.355214408791e-10,1.446009063889e-10,7.185141582256e-11
7.0-7.5 MHz,2,,5.250000,11.000000,16.250000,8124999.999982,3.290073876530e-10,1.440000251609e-10,7.165698702431e-11
7.0-7.5 MHz,2,,5.250000,11.000000,16.250000,8149999.999982,3.216291790543e-10,1.427580489690e-10,7.114963761341e-11
7.0-7.5 MHz,2,,5.250000,11.000000,16.250000,8174999.999982,3.127469310552e-10,1.414417296599e-10,7.072508830181e-11
7.0-7.5 MHz,2,,5.250000,11.000000,16.250000,8199999.999982,2.961104461138e-10,1.380733727568e-10,7.003426692845e-11
7.0-7.5 MHz,2,,5.250000,11.000000,16.250000,8224999.999982,6.002989898490e-07,1.572917917836e-07,8.971962726149e-08
7.0-7.5 MHz,2,,5.250000,11.000000,16.250000,8249999.999982,1.199823301115e-06,3.142122471537e-07,1.793044533978e-07
7.0-7.5 MHz,2,,5.250000,11.000000,16.250000,8274999.999982,6.003047610357e-07,1.572959093893e-07,8.972199070176e-08
7.0-7.5 MHz,2,,5.250000,11.000000,16.250000,8299999.999982,2.741937983708e-10,1.361949224935e-10,6.785651641071e-11
7.0-7.5 MHz,2,,5.250000,11.000000,16.250000,8324999.999982,2.792141256846e-10,1.386900538317e-10,6.897806770671e-11
7.0-7.5 MHz,2,,5.250000,11.000000,16.250000,8349999.999982,2.769573545058e-10,1.393274602558e-10,6.921212690973e-11
7.0-7.5 MHz,2,,5.250000,11.000000,16.250000,8374999.999982,2.733895670676e-10,1.395476505723e-10,6.916601712819e-11
7.0-7.5 MHz,2,,5.250000,11.000000,16.250000,8399999.999982,2.694572259246e-10,1.394485445662e-10,6.881565728776e-11
7.0-7.5 MHz,2,,5.250000,11.000000,16.250000,8424999.999982,2.663806018623e-10,1.399877946418e-10,6.833927919703e-11
7.0-7.5 MHz,2,,5.250000,11.000000,16.250000,8449999.999981,2.664482357653e-10,1.408823644921e-10,6.598715268342e-11
7.0-7.5 MHz,2,,5.250000,11.000000,16.250000,8474999.999981,5.137141089316e-07,1.563532366653e-07,9.517870263080e-08
7.0-7.5 MHz,2,,5.250000,11.000000,16.250000,8499999.999981,1.027688003256e-06,3.128722193332e-07,1.901584628776e-07
7.0-7.5 MHz,2,,5.250000,11.000000,16.250000,8524999.999981,5.137255447628e-07,1.563567468664e-07,9.517564175085e-08
7.0-7.5 MHz,2,,5.250000,11.000000,16.250000,8549999.999981,2.477904115799e-10,1.402023975124e-10,6.670208375036e-11
7.0-7.5 MHz,2,,5.250000,11.000000,16.250000,8574999.999981,2.393819535828e-10,1.393068174769e-10,6.836174349024e-11
7.0-7.5 MHz,2,,5.250000,11.000000,16.250000,8599999.999981,2.336364261158e-10,1.384305693751e-10,6.855106941137e-11
7.0-7.5 MHz,2,,5.250000,11.000000,16.250000,8624999.999981,2.290640043689e-10,1.386439848313e-10,6.891301973623e-11
7.0-7.5 MHz,2,,5.250000,11.000000,16.250000,8649999.999981,2.245672544652e-10,1.384452616021e-10,6.893075317000e-11
7.0-7.5 MHz,2,,5.250000,11.000000,16.250000,8674999.999981,2.204294613964e-10,1.388106499685e-10,6.908691917354e-11
7.0-7.5 MHz,2,,5.250000,11.000000,16.250000,8699999.999981,2.170608531728e-10,1.403183776529e-10,6.941849484221e-11
7.0-7.5 MHz,2,,5.250000,11.000000,16.250000,8724999.999981,4.454985118444e-07,1.598111387149e-07,6.057756776172e-08
7.0-7.5 MHz,2,,5.250000,11.000000,16.250000,8749999.999981,8.909287682693e-07,3.197532193354e-07,1.211581977168e-07
7.0-7.5 MHz,2,,5.250000,11.000000,16.250000,8774999.999981,4.454806919910e-07,1.598054107802e-07,6.057378853517e-08
7.0-7.5 MHz,2,,5.250000,11.000000,16.250000,8799999.999981,1.997575277207e-10,1.399426487097e-10,6.923462590895e-11
7.0-7.5 MHz,2,,5.250000,11.000000,16.250000,8824999.999981,1.965281222219e-10,1.387252244017e-10,6.943636862024e-11
7.0-7.5 MHz,2,,5.250000,11.000000,16.250000,8849999.999981,1.928600848847e-10,1.386797647939e-10,6.971414318602e-11
7.0-7.5 MHz,2,,5.250000,11.000000,16.250000,8874999.999981,1.891908491594e-10,1.388716692371e-10,7.006526908217e-11
7.0-7.5 MHz,2,,5.250000,11.000000,16.250000,8899999.999980,1.855198260363e-10,1.388648512529e-10,7.039752596820e-11
7.0-7.5 MHz,2,,5.250000,11.000000,16.250000,8924999.999980,1.826825786748e-10,1.397867164279e-10,7.152133552274e-11
7.0-7.5 MHz,2,,5.250000,11.000000,16.250000,8949999.999980,1.858154213484e-10,1.427225549353e-10,7.517574517728e-11
7.0-7.5 MHz,2,,5.250000,11.000000,16.250000,8974999.999980,1.572297695146e-06,4.793878346320e-07,2.398238502447e-07
7.0-7.5 MHz,2,,5.250000,11.000000,16.250000,8999999.999980,3.144353206529e-06,9.587961232653e-07,4.797402752823e-07
7.0-7.5 MHz,2,,5.250000,11.000000,16.250000,9024999.999980,1.572271725944e-06,4.793803812163e-07,2.398160535620e-07
7.0-7.5 MHz,2,,5.250000,11.000000,16.250000,9049999.999980,1.744522863226e-10,1.428692899336e-10,7.451816185152e-11
7.0-7.5 MHz,2,,5.250000,11.000000,16.250000,9074999.999980,1.641868524919e-10,1.403596724469e-10,7.182194036201e-11
7.0-7.5 MHz,2,,5.250000,11.000000,16.250000,9099999.999980,1.594908054017e-10,1.395076197185e-10,7.095970794241e-11
7.0-7.5 MHz,2,,5.250000,11.000000,16.250000,9124999.999980,1.558101468086e-10,1.392031280477e-10,7.062082551136e-11
7.0-7.5 MHz,2,,5.250000,11.000000,16.250000,9149999.999980,1.526418397724e-10,1.394287905970e-10,7.063671642246e-11
7.0-7.5 MHz,2,,5.250000,11.000000,16.250000,9174999.999980,1.498110518109e-10,1.395467687532e-10,7.058916562640e-11
7.0-7.5 MHz,2,,5.250000,11.000000,16.250000,9199999.999980,1.490045035665e-10,1.406007373049e-10,7.084626753028e-11
7.0-7.5 MHz,2,,5.250000,11.000000,16.250000,9224999.999980,9.777780816251e-08,7.263639247662e-08,6.108696221260e-09
7.0-7.5 MHz,2,,5.250000,11.000000,16.250000,9249999.999980,1.955776676616e-07,1.454357848485e-07,1.241849285589e-08
7.0-7.5 MHz,2,,5.250000,11.000000,16.250000,9274999.999980,9.778291520760e-08,7.263618000340e-08,6.111234941881e-09
7.0-7.5 MHz,2,,5.250000,11.000000,16.250000,9299999.999980,1.307180547535e-10,1.381021691081e-10,7.104972694941e-11
7.0-7.5 MHz,2,,5.250000,11.000000,16.250000,9324999.999980,1.287373239539e-10,1.374511056560e-10,7.039091638088e-11
7.0-7.5 MHz,2,,5.250000,11.000000,16.250000,9349999.999979,1.248118864781e-10,1.365014046400e-10,7.011892455341e-11
7.0-7.5 MHz,2,,5.250000,11.000000,16.250000,9374999.999979,1.189735839169e-10,1.352500584573e-10,6.988050863863e-11
7.0-7.5 MHz,2,,5.250000,11.000000,16.250000,9399999.999979,1.091897271276e-10,1.326760273220e-10,6.935761780817e-11
7.0-7.5 MHz,2,,5.250000,11.000000,16.250000,9424999.999979,8.699279140046e-11,1.261593428275e-10,6.779686591755e-11
7.0-7.5 MHz,2,,5.250000,11.000000,16.250000,9449999.999979,1.663039623199e-11,1.054437979125e-10,6.347758703168e-11
7.0-7.5 MHz,2,,5.250000,11.000000,16.250000,9474999.999979,3.887763896719e-06,1.149102056506e-06,3.713751520096e-07
7.0-7.5 MHz,2,,5.250000,11.000000,16.250000,9499999.999979,7.774596245489e-06,2.297663770865e-06,7.425609523226e-07
7.0-7.5 MHz,2,,5.250000,11.000000,16.250000,9524999.999979,3.887824858671e-06,1.149121351389e-06,3.713851000253e-07
7.0-7.5 MHz,2,,5.250000,11.000000,16.250000,9549999.999979,4.816484152327e-11,1.001636564755e-10,6.137761630968e-11
7.0-7.5 MHz,2,,5.250000,11.000000,16.250000,9574999.999979,1.029999120220e-10,1.232830050030e-10,6.681573735736e-11
7.0-7.5 MHz,2,,5.250000,11.000000,16.250000,9599999.999979,1.287477243589e-10,1.289906417107e-10,6.808518288326e-11
7.0-7.5 MHz,2,,5.250000,11.000000,16.250000,9624999.999979,1.427498487719e-10,1.309588796951e-10,6.849066665605e-11
7.0-7.5 MHz,2,,5.250000,11.000000,16.250000,9649999.999979,1.518863420869e-10,1.307756499696e-10,6.820908626252e-11
7.0-7.5 MHz,2,,5.250000,11.000000,16.250000,9674999.999979,1.562125770846e-10,1.285549501978e-10,6.721437633475e-11
7.0-7.5 MHz,2,,5.250000,11.000000,16.250000,9699999.999979,1.456145649000e-10,1.199035441326e-10,6.383554615842e-11
7.0-7.5 MHz,2,,5.250000,11.000000,16.250000,9724999.999979,1.458652086464e-06,4.533378764097e-07,2.096383477433e-07
7.0-7.5 MHz,2,,5.250000,11.000000,16.250000,9749999.999979,2.916613096003e-06,9.062394475180e-07,4.190645410345e-07
7.0-7.5 MHz,2,,5.250000,11.000000,16.250000,9774999.999979,1.458669252108e-06,4.533416989200e-07,2.096435068096e-07
7.0-7.5 MHz,2,,5.250000,11.000000,16.250000,9799999.999979,2.024375496381e-10,1.133757569291e-10,5.987327483816e-11
7.0-7.5 MHz,2,,5.250000,11.000000,16.250000,9824999.999978,2.338817876168e-10,1.194604271720e-10,6.269943687653e-11
7.0-7.5 MHz,2,,5.250000,11.000000,16.250000,9849999.999978,2.511242834408e-10,1.170051331189e-10,6.145119378192e-11
7.0-7.5 MHz,2,,5.250000,11.000000,16.250000,9874999.999978,2.625813797757e-10,1.091070831904e-10,5.750199590818e-11
7.0-7.5 MHz,2,,5.250000,11.000000,16.250000,9899999.999978,2.681146301013e-10,9.296965677008e-11,4.931300840005e-11
7.0-7.5 MHz,2,,5.250000,11.000000,16.250000,9924999.999978,2.829769982480e-10,5.271808833882e-11,2.857174658402e-11
7.0-7.5 MHz,2,,5.250000,11.000000,16.250000,9949999.999978,5.707468465180e-10,9.326290202879e-11,4.681264098072e-11
7.0-7.5 MHz,2,,5.250000,11.000000,16.250000,9974999.999978,2.275373455511e-05,7.349477630952e-06,3.761393270631e-06
7.0-7.5 MHz,2,,5.250000,11.000000,16.250000,9999999.999978,4.550336773052e-05,1.469746450490e-05,7.522005815972e-06
7.0-7.5 MHz,2,,5.250000,11.000000,16.250000,10024999.999978,2.275389770534e-05,7.349528819695e-06,3.761410271355e-06
7.0-7.5 MHz,2,,5.250000,11.000000,16.250000,10049999.999978,6.696627232830e-10,1.068674411378e-10,5.361638080885e-11
7.0-7.5 MHz,2,,5.250000,11.000000,16.250000,10074999.999978,5.505716055532e-10,9.053185553235e-11,5.095811628259e-11
7.0-7.5 MHz,2,,5.250000,11.000000,16.250000,10099999.999978,6.410549451282e-10,1.357914045437e-10,7.400065834016e-11
7.0-7.5 MHz,2,,5.250000,11.000000,16.250000,10124999.999978,7.326855336779e-10,1.642077481940e-10,8.859334106783e-11
7.0-7.5 MHz,2,,5.250000,11.000000,16.250000,10149999.999978,8.236981230145e-10,1.872553484330e-10,1.005001881347e-10
7.0-7.5 MHz,2,,5.250000,11.000000,16.250000,10174999.999978,9.133361509978e-10,2.075878973648e-10,1.110885699120e-10
7.0-7.5 MHz,2,,5.250000,11.000000,16.250000,10199999.999978,9.696204957136e-10,2.173386505000e-10,1.167355519206e-10
7.0-7.5 MHz,2,,5.250000,11.000000,16.250000,10224999.999978,3.442209299634e-06,1.150187747214e-06,6.113337329289e-07
7.0-7.5 MHz,2,,5.250000,11.000000,16.250000,10249999.999978,6.880259404345e-06,2.299396083864e-06,1.222162043970e-06
7.0-7.5 MHz,2,,5.250000,11.000000,16.250000,10274999.999977,3.442630885256e-06,1.150314727391e-06,6.114098070936e-07
7.0-7.5 MHz,2,,5.250000,11.000000,16.250000,10299999.999977,1.800607185729e-09,4.364433763927e-10,2.256596063001e-10
7.0-7.5 MHz,2,,5.250000,11.000000,16.250000,10324999.999977,2.263943938121e-09,5.752880704305e-10,2.972343127123e-10
7.0-7.5 MHz,2,,5.250000,11.000000,16.250000,10349999.999977,2.853667962066e-09,7.551159546514e-10,3.882942900167e-10
7.0-7.5 MHz,2,,5.250000,11.000000,16.250000,10374999.999977,3.767200330162e-09,1.041647805796e-09,5.326789487082e-10
7.0-7.5 MHz,2,,5.250000,11.000000,16.250000,10399999.999977,5.418495742535e-09,1.572270081604e-09,7.992919783416e-10
7.0-7.5 MHz,2,,5.250000,11.000000,16.250000,10424999.999977,9.190199674131e-09,2.811714416885e-09,1.420839936714e-09
7.0-7.5 MHz,2,,5.250000,11.000000,16.250000,10449999.999977,2.280475975868e-08,7.490047091062e-09,3.754294806134e-09
7.0-7.5 MHz,2,,5.250000,11.000000,16.250000,10474999.999977,5.525990945962e-04,1.908392705025e-04,9.459260472944e-05
7.0-7.5 MHz,2,,5.250000,11.000000,16.250000,10499999.999977,1.105116987702e-03,3.816518951251e-04,1.891718093312e-04
7.0-7.5 MHz,2,,5.250000,11.000000,16.250000,10524999.999977,5.526012381563e-04,1.908427708513e-04,9.459409556733e-05
7.0-7.5 MHz,2,,5.250000,11.000000,16.250000,10549999.999977,2.612216796759e-08,8.815800613436e-09,4.396752103955e-09
7.0-7.5 MHz,2,,5.250000,11.000000,16.250000,10574999.999977,1.150530383749e-08,3.667229125283e-09,1.842419532100e-09
7.0-7.5 MHz,2,,5.250000,11.000000,16.250000,10599999.999977,8.675947189423e-09,2.670826794549e-09,1.350557699689e-09
7.0-7.5 MHz,2,,5.250000,11.000000,16.250000,10624999.999977,8.181099624910e-09,2.510839570190e-09,1.271394074316e-09
7.0-7.5 MHz,2,,5.250000,11.000000,16.250000,10649999.999977,8.662037361961e-09,2.687086623240e-09,1.359438708047e-09
7.0-7.5 MHz,2,,5.250000,11.000000,16.250000,10674999.999977,9.828559583609e-09,3.094892353762e-09,1.563921405742e-09
7.0-7.5 MHz,2,,5.250000,11.000000,16.250000,10699999.999977,1.170867931686e-08,3.743940374765e-09,1.891148240141e-09
7.0-7.5 MHz,2,,5.250000,11.000000,16.250000,10724999.999976,5.370154917318e-06,1.869465313767e-06,9.646765856630e-07
7.0-7.5 MHz,2,,5.250000,11.000000,16.250000,10749999.999976,1.075106315973e-05,3.743034537175e-06,1.931627956056e-06
7.0-7.5 MHz,2,,5.250000,11.000000,16.250000,10774999.999976,5.365886504741e-06,1.867888520885e-06,9.638298566926e-07
7.0-7.5 MHz,2,,5.250000,11.000000,16.250000,10799999.999976,3.406685219880e-08,1.149501748231e-08,5.787675706734e-09
7.0-7.5 MHz,2,,5.250000,11.000000,16.250000,10824999.999976,4.965579748539e-08,1.695413103740e-08,8.533880664531e-09
7.0-7.5 MHz,2,,5.250000,11.000000,16.250000,10849999.999976,7.743324719885e-08,2.674200333561e-08,1.345836895162e-08
7.0-7.5 MHz,2,,5.250000,11.000000,16.250000,10874999.999976,1.322974045044e-07,4.618837510146e-08,2.324240899151e-08
7.0-7.5 MHz,2,,5.250000,11.000000,16.250000,10899999.999976,2.586359376430e-07,9.123410276928e-08,4.590578438949e-08
7.0-7.5 MHz,2,,5.250000,11.000000,16.250000,10924999.999976,6.327994551864e-07,2.254412312700e-07,1.134252016637e-07
7.0-7.5 MHz,2,,5.250000,11.000000,16.250000,10949999.999976,2.557045349736e-06,9.199641697556e-07,4.628109098330e-07
7.0-7.5 MHz,2,,5.250000,11.000000,16.250000,10974999.999976,7.598375905685e-03,2.358029157375e-03,1.187285306723e-03
7.0-7.5 MHz,2,,5.250000,11.000000,16.250000,10999999.999976,1.519397874390e-02,4.716064441433e-03,2.374568808101e-03
7.0-7.5 MHz,2,,5.250000,11.000000,16.250000,11024999.999976,7.593490642720e-03,2.357188089927e-03,1.186857512131e-03
7.0-7.5 MHz,2,,5.250000,11.000000,16.250000,11049999.999976,2.457045097983e-06,9.059042114590e-07,4.556878811468e-07
7.0-7.5 MHz,2,,5.250000,11.000000,16.250000,11074999.999976,5.909761566534e-07,2.196602065347e-07,1.104846389122e-07
7.0-7.5 MHz,2,,5.250000,11.000000,16.250000,11099999.999976,2.358571880516e-07,8.825497280465e-08,4.438774142285e-08
7.0-7.5 MHz,2,,5.250000,11.000000,16.250000,11124999.999976,1.180572184576e-07,4.446351633448e-08,2.236189656331e-08
7.0-7.5 MHz,2,,5.250000,11.000000,16.250000,11149999.999976,6.773664144149e-08,2.567939682952e-08,1.291461924794e-08
7.0-7.5 MHz,2,,5.250000,11.000000,16.250000,11174999.999975,4.264581368250e-08,1.628008558488e-08,8.187730729866e-09
7.0-7.5 MHz,2,,5.250000,11.000000,16.250000,11199999.999975,2.875054329925e-08,1.105986287888e-08,5.563199901704e-09
7.0-7.5 MHz,2,,5.250000,11.000000,16.250000,11224999.999975,5.610260569356e-06,2.110920373457e-06,1.023750984731e-06
7.0-7.5 MHz,2,,5.250000,11.000000,16.250000,11249999.999975,1.123260684300e-05,4.228400751484e-06,2.050857581391e-06
7.0-7.5 MHz,2,,5.250000,11.000000,16.250000,11274999.999975,5.613687789636e-06,2.112405157278e-06,1.024503018889e-06
7.0-7.5 MHz,2,,5.250000,11.000000,16.250000,11299999.999975,9.018390622559e-09,3.611517020482e-09,1.817180381775e-09
7.0-7.5 MHz,2,,5.250000,11.000000,16.250000,11324999.999975,7.229384813319e-09,2.929616231862e-09,1.474920003365e-09
7.0-7.5 MHz,2,,5.250000,11.000000,16.250000,11349999.999975,5.915171211626e-09,2.431084735554e-09,1.224554928642e-09
7.0-7.5 MHz,2,,5.250000,11.000000,16.250000,11374999.999975,4.920945195977e-09,2.056634392016e-09,1.036548167172e-09
7.0-7.5 MHz,2,,5.250000,11.000000,16.250000,11399999.999975,4.150053844251e-09,1.770053417529e-09,8.927765321250e-10
7.0-7.5 MHz,2,,5.250000,11.000000,16.250000,11424999.999975,3.540538241362e-09,1.552369531183e-09,7.837913090484e-10
7.0-7.5 MHz,2,,5.250000,11.000000,16.250000,11449999.999975,3.130479614860e-09,1.442237232754e-09,7.285289964781e-10
7.0-7.5 MHz,2,,5.250000,11.000000,16.250000,11474999.999975,2.440214503805e-05,9.975418825361e-06,4.768043957777e-06
7.0-7.5 MHz,2,,5.250000,11.000000,16.250000,11499999.999975,4.879935412806e-05,1.994957478523e-05,9.535532413123e-06
7.0-7.5 MHz,2,,5.250000,11.000000,16.250000,11524999.999975,2.440229697152e-05,9.975504755949e-06,4.768093533936e-06
7.0-7.5 MHz,2,,5.250000,11.000000,16.250000,11549999.999975,1.870505279031e-09,9.888066200368e-10,4.982266043759e-10
7.0-7.5 MHz,2,,5.250000,11.000000,16.250000,11574999.999975,1.637046175948e-09,8.563252997048e-10,4.332999617972e-10
7.0-7.5 MHz,2,,5.250000,11.000000,16.250000,11599999.999975,1.481796414566e-09,7.866833219442e-10,3.983051204507e-10
7.0-7.5 MHz,2,,5.250000,11.000000,16.250000,11624999.999975,1.342562000556e-09,7.312619131543e-10,3.704261651310e-10
7.0-7.5 MHz,2,,5.250000,11.000000,16.250000,11649999.999974,1.211118542721e-09,6.819617263979e-10,3.457105147664e-10
7.0-7.5 MHz,2,,5.250000,11.000000,16.250000,11674999.999974,1.072700047557e-09,6.301043405070e-10,3.200094224875e-10
7.0-7.5 MHz,2,,5.250000,11.000000,16.250000,11699999.999974,8.571506516594e-10,5.428631829801e-10,2.780274840038e-10
7.0-7.5 MHz,2,,5.250000,11.000000,16.250000,11724999.999974,6.936786091339e-06,2.771491800239e-06,1.357574136509e-06
7.0-7.5 MHz,2,,5.250000,11.000000,16.250000,11749999.999974,1.386992020537e-05,5.540772842571e-06,2.714049665617e-06
7.0-7.5 MHz,2,,5.250000,11.000000,16.250000,11774999.999974,6.936688873884e-06,2.771455919714e-06,1.357569113676e-06
7.0-7.5 MHz,2,,5.250000,11.000000,16.250000,11799999.999974,5.663637413872e-10,4.589392472788e-10,2.325634145682e-10
7.0-7.5 MHz,2,,5.250000,11.000000,16.250000,11824999.999974,6.455276071901e-10,5.047370916361e-10,2.555122772800e-10
7.0-7.5 MHz,2,,5.250000,11.000000,16.250000,11849999.999974,6.348274483331e-10,5.116323909151e-10,2.587268693527e-10
7.0-7.5 MHz,2,,5.250000,11.000000,16.250000,11874999.999974,6.106665116919e-10,5.144555839533e-10,2.597771088529e-10
7.0-7.5 MHz,2,,5.250000,11.000000,16.250000,11899999.999974,6.017915243216e-10,5.240701083327e-10,2.639623159626e-10
7.0-7.5 MHz,2,,5.250000,11.000000,16.250000,11924999.999974,6.979873755758e-10,5.678829881805e-10,2.846218183498e-10
7.0-7.5 MHz,2,,5.250000,11.000000,16.250000,11949999.999974,1.451563181623e-09,8.303867140486e-10,4.131140749025e-10
7.0-7.5 MHz,2,,5.250000,11.000000,16.250000,11974999.999974,4.533028228767e-05,1.885775817157e-05,9.359975577828e-06
7.0-7.5 MHz,2,,5.250000,11.000000,16.250000,11999999.999974,9.065350343558e-05,3.771291146992e-05,1.871863501998e-05
7.0-7.5 MHz,2,,5.250000,11.000000,16.250000,12024999.999974,4.533026869975e-05,1.885775846657e-05,9.359965679403e-06
7.0-7.5 MHz,2,,5.250000,11.000000,16.250000,12049999.999974,1.505548889044e-09,8.419244467478e-10,4.171350205055e-10
7.0-7.5 MHz,2,,5.250000,11.000000,16.250000,12074999.999974,6.935275546857e-10,5.652100929756e-10,2.824505788137e-10
7.0-7.5 MHz,2,,5.250000,11.000000,16.250000,12099999.999973,5.295031952863e-10,5.139071778813e-10,2.579837431591e-10
7.0-7.5 MHz,2,,5.250000,11.000000,16.250000,12124999.999973,4.803164965510e-10,4.985971058473e-10,2.507970264933e-10
7.0-7.5 MHz,2,,5.250000,11.000000,16.250000,12149999.999973,4.611488391008e-10,4.936002536158e-10,2.484972489900e-10
7.0-7.5 MHz,2,,5.250000,11.000000,16.250000,12174999.999973,4.567597848671e-10,4.949534030643e-10,2.492194543825e-10
7.0-7.5 MHz,2,,5.250000,11.000000,16.250000,12199999.999973,4.832675906935e-10,5.089661025210e-10,2.559506934604e-10
7.0-7.5 MHz,2,,5.250000,11.000000,16.250000,12224999.999973,3.000806042616e-06,1.259675069624e-06,6.645433457035e-07
7.0-7.5 MHz,2,,5.250000,11.000000,16.250000,12249999.999973,6.001759690430e-06,2.519912798527e-06,1.329344100830e-06
7.0-7.5 MHz,2,,5.250000,11.000000,16.250000,12274999.999973,3.000805483498e-06,1.259671795700e-06,6.645462370916e-07
7.0-7.5 MHz,2,,5.250000,11.000000,16.250000,12299999.999973,4.786763565035e-10,5.196161059303e-10,2.612834461426e-10
7.0-7.5 MHz,2,,5.250000,11.000000,16.250000,12324999.999973,4.365130495190e-10,5.067682172647e-10,2.551701216716e-10
7.0-7.5 MHz,2,,5.250000,11.000000,16.250000,12349999.999973,4.311820448750e-10,5.088737385460e-10,2.562884661137e-10
7.0-7.5 MHz,2,,5.250000,11.000000,16.250000,12374999.999973,4.359675722821e-10,5.144276892358e-10,2.591167835303e-10
7.0-7.5 MHz,2,,5.250000,11.000000,16.250000,12399999.999973,4.541118491158e-10,5.254555032380e-10,2.647317668165e-10
7.0-7.5 MHz,2,,5.250000,11.000000,16.250000,12424999.999973,5.040955663699e-10,5.492264118842e-10,2.769733158067e-10
7.0-7.5 MHz,2,,5.250000,11.000000,16.250000,12449999.999973,7.015369051945e-10,6.304001158733e-10,3.197754637348e-10
7.0-7.5 MHz,2,,5.250000,11.000000,16.250000,12474999.999973,1.011793775714e-05,4.469917989026e-06,2.480810188328e-06
7.0-7.5 MHz,2,,5.250000,11.000000,16.250000,12499999.999973,2.023528264557e-05,8.940294828499e-06,4.961765994661e-06
7.0-7.5 MHz,2,,5.250000,11.000000,16.250000,12524999.999973,1.011789927632e-05,4.469892619999e-06,2.480795265455e-06
7.0-7.5 MHz,2,,5.250000,11.000000,16.250000,12549999.999972,7.184029833095e-10,6.531945610857e-10,3.310847185032e-10
7.0-7.5 MHz,2,,5.250000,11.000000,16.250000,12574999.999972,5.190251765542e-10,5.783484637016e-10,2.914150225049e-10
7.0-7.5 MHz,2,,5.250000,11.000000,16.250000,12599999.999972,4.687858166754e-10,5.630084321773e-10,2.832829003148e-10
7.0-7.5 MHz,2,,5.250000,11.000000,16.250000,12624999.999972,4.475899779915e-10,5.590403378408e-10,2.810995346979e-10
7.0-7.5 MHz,2,,5.250000,11.000000,16.250000,12649999.999972,4.363932883701e-10,5.590508394884e-10,2.809179338648e-10
7.0-7.5 MHz,2,,5.250000,11.000000,16.250000,12674999.999972,4.255997900790e-10,5.588777271731e-10,2.805497125393e-10
7.0-7.5 MHz,2,,5.250000,11.000000,16.250000,12699999.999972,3.993998466527e-10,5.515412553776e-10,2.761275426343e-10
7.0-7.5 MHz,2,,5.250000,11.000000,16.250000,12724999.999972,1.845132297783e-06,7.941309032784e-07,4.312067103268e-07
7.0-7.5 MHz,2,,5.250000,11.000000,16.250000,12749999.999972,3.688829133917e-06,1.586505419142e-06,8.615098645429e-07
7.0-7.5 MHz,2,,5.250000,11.000000,16.250000,12774999.999972,1.845200044826e-06,7.941707647121e-07,4.312236326234e-07
7.0-7.5 MHz,2,,5.250000,11.000000,16.250000,12799999.999972,3.919453438462e-10,5.687082053315e-10,2.852400812220e-10
7.0-7.5 MHz,2,,5.250000,11.000000,16.250000,12824999.999972,4.346956427053e-10,5.931343894804e-10,2.978147916406e-10
7.0-7.5 MHz,2,,5.250000,11.000000,16.250000,12849999.999972,4.485442062795e-10,6.048157825695e-10,3.038507001904e-10
7.0-7.5 MHz,2,,5.250000,11.000000,16.250000,12874999.999972,4.532584442031e-10,6.127362286233e-10,3.080035883205e-10
7.0-7.5 MHz,2,,5.250000,11.000000,16.250000,12899999.999972,4.527993828058e-10,6.197445496362e-10,3.117886063230e-10
7.0-7.5 MHz,2,,5.250000,11.000000,16.250000,12924999.999972,4.418069420630e-10,6.228849469206e-10,3.139517999111e-10
7.0-7.5 MHz,2,,5.250000,11.000000,16.250000,12949999.999972,4.337675075945e-10,6.202206317686e-10,3.143998122545e-10
7.0-7.5 MHz,2,,5.250000,11.000000,16.250000,12974999.999972,9.621495372238e-06,4.606649032294e-06,2.224995860188e-06
7.0-7.5 MHz,2,,5.250000,11.000000,16.250000,12999999.999971,1.924093093832e-05,9.212086600853e-06,4.449430721134e-06
7.0-7.5 MHz,2,,5.250000,11.000000,16.250000,13024999.999971,9.621671320258e-06,4.606735847299e-06,2.225036198326e-06
7.0-7.5 MHz,2,,5.250000,11.000000,16.250000,13049999.999971,4.625873929080e-10,6.601137431421e-10,3.340340440259e-10
7.0-7.5 MHz,2,,5.250000,11.000000,16.250000,13074999.999971,4.793680998733e-10,6.777093785846e-10,3.413044798262e-10
7.0-7.5 MHz,2,,5.250000,11.000000,16.250000,13099999.999971,5.076306289879e-10,6.946665275220e-10,3.492488687209e-10
7.0-7.5 MHz,2,,5.250000,11.000000,16.250000,13124999.999971,5.216752974892e-10,7.045780755906e-10,3.539578099828e-10
7.0-7.5 MHz,2,,5.250000,11.000000,16.250000,13149999.999971,5.285507317849e-10,7.150572914976e-10,3.591162963894e-10
7.0-7.5 MHz,2,,5.250000,11.000000,16.250000,13174999.999971,5.220723939841e-10,7.189562045137e-10,3.610756230758e-10
7.0-7.5 MHz,2,,5.250000,11.000000,16.250000,13199999.999971,4.702305028575e-10,7.056253148573e-10,3.548101022494e-10
7.0-7.5 MHz,2,,5.250000,11.000000,16.250000,13224999.999971,4.794153462376e-06,2.383141735938e-06,1.214428124002e-06
7.0-7.5 MHz,2,,5.250000,11.000000,16.250000,13249999.999971,9.586188458235e-06,4.764350463014e-06,2.427917852575e-06
7.0-7.5 MHz,2,,5.250000,11.000000,16.250000,13274999.999971,4.794345251796e-06,2.383248365597e-06,1.214480047695e-06
7.0-7.5 MHz,2,,5.250000,11.000000,16.250000,13299999.999971,4.854411364109e-10,7.441128198234e-10,3.739670651244e-10
7.0-7.5 MHz,2,,5.250000,11.000000,16.250000,13324999.999971,5.869038888605e-10,7.938771897174e-10,3.982434459969e-10
7.0-7.5 MHz,2,,5.250000,11.000000,16.250000,13349999.999971,6.260354058381e-10,8.172827104775e-10,4.097198420164e-10
7.0-7.5 MHz,2,,5.250000,11.000000,16.250000,13374999.999971,6.525476335654e-10,8.383014366669e-10,4.200731614459e-10
7.0-7.5 MHz,2,,5.250000,11.000000,16.250000,13399999.999971,6.745638240616e-10,8.553436872270e-10,4.283568423003e-10
7.0-7.5 MHz,2,,5.250000,11.000000,16.250000,13424999.999971,7.063428168188e-10,8.763204722585e-10,4.383532025562e-10
7.0-7.5 MHz,2,,5.250000,11.000000,16.250000,13449999.999971,7.709391026410e-10,9.074733253176e-10,4.524167895454e-10
7.0-7.5 MHz,2,,5.250000,11.000000,16.250000,13474999.999970,4.097437004059e-06,2.216534042904e-06,1.031196409584e-06
7.0-7.5 MHz,2,,5.250000,11.000000,16.250000,13499999.999970,8.195303586589e-06,4.433361139556e-06,2.062457819471e-06
7.0-7.5 MHz,2,,5.250000,11.000000,16.250000,13524999.999970,4.097436105211e-06,2.216533478328e-06,1.031193185953e-06
7.0-7.5 MHz,2,,5.250000,11.000000,16.250000,13549999.999970,8.306357584093e-10,9.731581656694e-10,4.847937342172e-10
7.0-7.5 MHz,2,,5.250000,11.000000,16.250000,13574999.999970,7.999531331503e-10,9.798088549164e-10,4.899597739940e-10
7.0-7.5 MHz,2,,5.250000,11.000000,16.250000,13599999.999970,8.041218591570e-10,9.964633177745e-10,4.988248111745e-10
7.0-7.5 MHz,2,,5.250000,11.000000,16.250000,13624999.999970,8.203718129739e-10,1.017446746330e-09,5.095513646349e-10
7.0-7.5 MHz,2,,5.250000,11.000000,16.250000,13649999.999970,8.433121272706e-10,1.041816569714e-09,5.218849295979e-10
7.0-7.5 MHz,2,,5.250000,11.000000,16.250000,13674999.999970,8.794389768444e-10,1.076083898596e-09,5.391682158243e-10
7.0-7.5 MHz,2,,5.250000,11.000000,16.250000,13699999.999970,9.828096174852e-10,1.151797034818e-09,5.771398988624e-10
7.0-7.5 MHz,2,,5.250000,11.000000,16.250000,13724999.999970,4.164334547070e-06,2.363582262012e-06,1.214632857216e-06
7.0-7.5 MHz,2,,5.250000,11.000000,16.250000,13749999.999970,8.329866142735e-06,4.729771168443e-06,2.430590823521e-06
7.0-7.5 MHz,2,,5.250000,11.000000,16.250000,13774999.999970,4.164190023251e-06,2.363467894712e-06,1.214583997469e-06
7.0-7.5 MHz,2,,5.250000,11.000000,16.250000,13799999.999970,1.008519998267e-09,1.216037361902e-09,6.114225840936e-10
7.0-7.5 MHz,2,,5.250000,11.000000,16.250000,13824999.999970,9.674121308129e-10,1.197354396542e-09,6.004387425439e-10
7.0-7.5 MHz,2,,5.250000,11.000000,16.250000,13849999.999970,9.687404164164e-10,1.206594188916e-09,6.046215589659e-10
7.0-7.5 MHz,2,,5.250000,11.000000,16.250000,13874999.999970,9.768942542915e-10,1.223362304936e-09,6.128135636528e-10
7.0-7.5 MHz,2,,5.250000,11.000000,16.250000,13899999.999970,9.805402484807e-10,1.238480424685e-09,6.202425238523e-10
7.0-7.5 MHz,2,,5.250000,11.000000,16.250000,13924999.999969,9.737976733671e-10,1.246126204331e-09,6.238720842066e-10
7.0-7.5 MHz,2,,5.250000,11.000000,16.250000,13949999.999969,8.936218106699e-10,1.206926634391e-09,6.037731542548e-10
7.0-7.5 MHz,2,,5.250000,11.000000,16.250000,13974999.999969,5.655816151844e-06,3.264337195054e-06,1.645471019645e-06
7.0-7.5 MHz,2,,5.250000,11.000000,16.250000,13999999.999969,1.130816101781e-05,6.524362198041e-06,3.288764188141e-06
7.0-7.5 MHz,2,,5.250000,11.000000,16.250000,14024999.999969,5.656009740974e-06,3.264486381325e-06,1.645543287289e-06
7.0-7.5 MHz,2,,5.250000,11.000000,16.250000,14049999.999969,9.767038306289e-10,1.308267793772e-09,6.545390232611e-10
7.0-7.5 MHz,2,,5.250000,11.000000,16.250000,14074999.999969,1.111463209681e-09,1.415680479489e-09,7.085741721371e-10
7.0-7.5 MHz,2,,5.250000,11.000000,16.250000,14099999.999969,1.165369245661e-09,1.466750516461e-09,7.341965185106e-10
7.0-7.5 MHz,2,,5.250000,11.000000,16.250000,14124999.999969,1.202134629443e-09,1.506419424547e-09,7.540436068640e-10
7.0-7.5 MHz,2,,5.250000,11.000000,16.250000,14149999.999969,1.229740561975e-09,1.537809288965e-09,7.696962092438e-10
7.0-7.5 MHz,2,,5.250000,11.000000,16.250000,14174999.999969,1.242603843903e-09,1.557044212164e-09,7.792138505733e-10
7.0-7.5 MHz,2,,5.250000,11.000000,16.250000,14199999.999969,1.210417939937e-09,1.523129656733e-09,7.621786345913e-10
7.0-7.5 MHz,2,,5.250000,11.000000,16.250000,14224999.999969,8.072952994823e-06,5.030621534851e-06,2.564222912416e-06
7.0-7.5 MHz,2,,5.250000,11.000000,16.250000,14249999.999969,1.614285884168e-05,1.005697663055e-05,5.126287298455e-06
7.0-7.5 MHz,2,,5.250000,11.000000,16.250000,14274999.999969,8.073015652672e-06,5.030695910003e-06,2.564261878089e-06
7.0-7.5 MHz,2,,5.250000,11.000000,16.250000,14299999.999969,1.382797569340e-09,1.711315630942e-09,8.544228013034e-10
7.0-7.5 MHz,2,,5.250000,11.000000,16.250000,14324999.999969,1.469523767754e-09,1.824802209878e-09,9.126882108339e-10
7.0-7.5 MHz,2,,5.250000,11.000000,16.250000,14349999.999969,1.529144832678e-09,1.894378031577e-09,9.479022958522e-10
7.0-7.5 MHz,2,,5.250000,11.000000,16.250000,14374999.999968,1.579803977896e-09,1.954521665786e-09,9.781637781105e-10
7.0-7.5 MHz,2,,5.250000,11.000000,16.250000,14399999.999968,1.629801314161e-09,2.013319628411e-09,1.007683629002e-09
7.0-7.5 MHz,2,,5.250000,11.000000,16.250000,14424999.999968,1.679758443659e-09,2.072496114670e-09,1.037377728671e-09
7.0-7.5 MHz,2,,5.250000,11.000000,16.250000,14449999.999968,1.733059465984e-09,2.133619688653e-09,1.068069737512e-09
7.0-7.5 MHz,2,,5.250000,11.000000,16.250000,14474999.999968,1.291258253053e-06,9.082631499619e-07,4.196227050631e-07
7.0-7.5 MHz,2,,5.250000,11.000000,16.250000,14499999.999968,2.583854308473e-06,1.816939168276e-06,8.395888113292e-07
7.0-7.5 MHz,2,,5.250000,11.000000,16.250000,14524999.999968,1.291318265419e-06,9.083103223469e-07,4.196454825829e-07
7.0-7.5 MHz,2,,5.250000,11.000000,16.250000,14549999.999968,1.950127183932e-09,2.393435057359e-09,1.198293252198e-09
7.0-7.5 MHz,2,,5.250000,11.000000,16.250000,14574999.999968,2.009267787509e-09,2.470668819244e-09,1.236705166019e-09
7.0-7.5 MHz,2,,5.250000,11.000000,16.250000,14599999.999968,2.074111051168e-09,2.550304279381e-09,1.276486216345e-09
7.0-7.5 MHz,2,,5.250000,11.000000,16.250000,14624999.999968,2.145717555450e-09,2.635104955696e-09,1.318910994559e-09
7.0-7.5 MHz,2,,5.250000,11.000000,16.250000,14649999.999968,2.225229938688e-09,2.729017323973e-09,1.365991831821e-09
7.0-7.5 MHz,2,,5.250000,11.000000,16.250000,14674999.999968,2.327077252653e-09,2.840818469710e-09,1.422276593167e-09
7.0-7.5 MHz,2,,5.250000,11.000000,16.250000,14699999.999968,2.507649959415e-09,3.020194261859e-09,1.513962521391e-09
7.0-7.5 MHz,2,,5.250000,11.000000,16.250000,14724999.999968,6.573829446341e-06,4.844816770827e-06,2.402468890384e-06
7.0-7.5 MHz,2,,5.250000,11.000000,16.250000,14749999.999968,1.315283737612e-05,9.697509084820e-06,4.808865929085e-06
7.0-7.5 MHz,2,,5.250000,11.000000,16.250000,14774999.999968,6.573762266957e-06,4.844686797061e-06,2.402380901589e-06
7.0-7.5 MHz,2,,5.250000,11.000000,16.250000,14799999.999968,2.862169591269e-09,3.447320814291e-09,1.722137792261e-09
7.0-7.5 MHz,2,,5.250000,11.000000,16.250000,14824999.999967,2.839338172606e-09,3.465494724332e-09,1.733245290921e-09
7.0-7.5 MHz,2,,5.250000,11.000000,16.250000,14849999.999967,2.907120436334e-09,3.561845996935e-09,1.781901901510e-09
7.0-7.5 MHz,2,,5.250000,11.000000,16.250000,14874999.999967,3.001008636623e-09,3.681924276407e-09,1.842112872630e-09
7.0-7.5 MHz,2,,5.250000,11.000000,16.250000,14899999.999967,3.110103701562e-09,3.816171805556e-09,1.909299665499e-09
7.0-7.5 MHz,2,,5.250000,11.000000,16.250000,14924999.999967,3.236680917938e-09,3.965828159820e-09,1.984090904513e-09
7.0-7.5 MHz,2,,5.250000,11.000000,16.250000,14949999.999967,3.396148766075e-09,4.146964276497e-09,2.074393053528e-09
7.0-7.5 MHz,2,,5.250000,11.000000,16.250000,14974999.999967,1.932488296275e-06,1.552856445026e-06,7.566473755742e-07
7.0-7.5 MHz,2,,5.250000,11.000000,16.250000,14999999.999967,3.875139260851e-06,3.117489658768e-06,1.519106176475e-06
7.0-7.5 MHz,2,,5.250000,11.000000,16.250000,15024999.999967,1.932203936115e-06,1.552528194102e-06,7.564828277598e-07
7.0-7.5 MHz,2,,5.250000,11.000000,16.250000,15049999.999967,3.977435364935e-09,4.857482790660e-09,2.429080242919e-09
7.0-7.5 MHz,2,,5.250000,11.000000,16.250000,15074999.999967,4.113004576926e-09,5.040470817819e-09,2.521546758315e-09
7.0-7.5 MHz,2,,5.250000,11.000000,16.250000,15099999.999967,4.289618701582e-09,5.259421782177e-09,2.631323023711e-09
7.0-7.5 MHz,2,,5.250000,11.000000,16.250000,15124999.999967,4.488915597240e-09,5.502613818134e-09,2.753097682670e-09
7.0-7.5 MHz,2,,5.250000,11.000000,16.250000,15149999.999967,4.718800603181e-09,5.775449839664e-09,2.889660271227e-09
7.0-7.5 MHz,2,,5.250000,11.000000,16.250000,15174999.999967,4.999096037505e-09,6.097710263994e-09,3.050938182218e-09
7.0-7.5 MHz,2,,5.250000,11.000000,16.250000,15199999.999967,5.454678912539e-09,6.576620563531e-09,3.290445201882e-09
7.0-7.5 MHz,2,,5.250000,11.000000,16.250000,15224999.999967,1.219824408800e-05,1.001212941331e-05,5.057667982959e-06
7.0-7.5 MHz,2,,5.250000,11.000000,16.250000,15249999.999967,2.441026795831e-05,2.004275534619e-05,1.012459509487e-05
7.0-7.5 MHz,2,,5.250000,11.000000,16.250000,15274999.999967,1.219774093416e-05,1.001146051351e-05,5.057348415435e-06
7.0-7.5 MHz,2,,5.250000,11.000000,16.250000,15299999.999966,6.595503040960e-09,7.966176524724e-09,3.988786779475e-09
7.0-7.5 MHz,2,,5.250000,11.000000,16.250000,15324999.999966,6.699536428592e-09,8.185540381536e-09,4.096283420200e-09
7.0-7.5 MHz,2,,5.250000,11.000000,16.250000,15349999.999966,6.996392285211e-09,8.580616426219e-09,4.293415717273e-09
7.0-7.5 MHz,2,,5.250000,11.000000,16.250000,15374999.999966,7.365403972666e-09,9.044814041290e-09,4.525489511613e-09
7.0-7.5 MHz,2,,5.250000,11.000000,16.250000,15399999.999966,7.778540531584e-09,9.563135422008e-09,4.784818506506e-09
7.0-7.5 MHz,2,,5.250000,11.000000,16.250000,15424999.999966,8.230595787855e-09,1.012628744855e-08,5.066851442164e-09
7.0-7.5 MHz,2,,5.250000,11.000000,16.250000,15449999.999966,8.690075269130e-09,1.071140208149e-08,5.361011814378e-09
7.0-7.5 MHz,2,,5.250000,11.000000,16.250000,15474999.999966,2.649156214441e-06,2.566485706842e-06,1.215900066390e-06
7.0-7.5 MHz,2,,5.250000,11.000000,16.250000,15499999.999966,5.269298282678e-06,5.098072212596e-06,2.414177403115e-06
7.0-7.5 MHz,2,,5.250000,11.000000,16.250000,15524999.999966,2.650493144155e-06,2.568093629932e-06,1.216717201753e-06
7.0-7.5 MHz,2,,5.250000,11.000000,16.250000,15549999.999966,1.133141405416e-08,1.397309649855e-08,6.991896384541e-09
7.0-7.5 MHz,2,,5.250000,11.000000,16.250000,15574999.999966,1.223524146051e-08,1.507520376574e-08,7.542119595036e-09
7.0-7.5 MHz,2,,5.250000,11.000000,16.250000,15599999.999966,1.318916936496e-08,1.625245371206e-08,8.130689938065e-09
7.0-7.5 MHz,2,,5.250000,11.000000,16.250000,15624999.999966,1.423341687826e-08,1.754829623436e-08,8.778730827938e-09
7.0-7.5 MHz,2,,5.250000,11.000000,16.250000,15649999.999966,1.537211118847e-08,1.897522847870e-08,9.492333383770e-09
7.0-7.5 MHz,2,,5.250000,11.000000,16.250000,15674999.999966,1.657280762644e-08,2.050882586716e-08,1.025914011147e-08
7.0-7.5 MHz,2,,5.250000,11.000000,16.250000,15699999.999966,1.753543970576e-08,2.191183948982e-08,1.096020702761e-08
7.0-7.5 MHz,2,,5.250000,11.000000,16.250000,15724999.999966,4.995335987817e-05,4.865419050327e-05,2.433179799968e-05
7.0-7.5 MHz,2,,5.250000,11.000000,16.250000,15749999.999965,9.984106266519e-05,9.723052886529e-05,4.862469923482e-05
7.0-7.5 MHz,2,,5.250000,11.000000,16.250000,15774999.999965,4.996167698293e-05,4.866325064397e-05,2.433628661715e-05
7.0-7.5 MHz,2,,5.250000,11.000000,16.250000,15799999.999965,2.622558465063e-08,3.279976707323e-08,1.641852413830e-08
7.0-7.5 MHz,2,,5.250000,11.000000,16.250000,15824999.999965,3.055046764471e-08,3.777359124467e-08,1.889859562143e-08
7.0-7.5 MHz,2,,5.250000,11.000000,16.250000,15849999.999965,3.490967111735e-08,4.303286303889e-08,2.152782789866e-08
7.0-7.5 MHz,2,,5.250000,11.000000,16.250000,15874999.999965,3.992980561004e-08,4.916367964715e-08,2.459412247238e-08
7.0-7.5 MHz,2,,5.250000,11.000000,16.250000,15899999.999965,4.597503990266e-08,5.657584562743e-08,2.830175266774e-08
7.0-7.5 MHz,2,,5.250000,11.000000,16.250000,15924999.999965,5.343672178468e-08,6.573757179501e-08,3.288485364244e-08
7.0-7.5 MHz,2,,5.250000,11.000000,16.250000,15949999.999965,6.285395170780e-08,7.730512473143e-08,3.867214902961e-08
7.0-7.5 MHz,2,,5.250000,11.000000,16.250000,15974999.999965,1.976818189265e-06,1.852731295834e-06,9.895466050212e-07
7.0-7.5 MHz,2,,5.250000,11.000000,16.250000,15999999.999965,4.184362556131e-06,3.997893068392e-06,2.126031830727e-06
7.0-7.5 MHz,2,,5.250000,11.000000,16.250000,16024999.999965,1.940947480738e-06,1.807187113916e-06,9.666546452104e-07
7.0-7.5 MHz,2,,5.250000,11.000000,16.250000,16049999.999965,1.426511744650e-07,1.754492347927e-07,8.776765092242e-08
7.0-7.5 MHz,2,,5.250000,11.000000,16.250000,16074999.999965,1.871289800136e-07,2.301762624793e-07,1.151422061858e-07
7.0-7.5 MHz,2,,5.250000,11.000000,16.250000,16099999.999965,2.565146926147e-07,3.155397941564e-07,1.578437432760e-07
7.0-7.5 MHz,2,,5.250000,11.000000,16.250000,16124999.999965,3.738345017885e-07,4.598809401852e-07,2.300490435561e-07
7.0-7.5 MHz,2,,5.250000,11.000000,16.250000,16149999.999965,5.974780107614e-07,7.350570090805e-07,3.677056584460e-07
7.0-7.5 MHz,2,,5.250000,11.000000,16.250000,16174999.999965,1.117975532159e-06,1.375594277909e-06,6.881428017916e-07
7.0-7.5 MHz,2,,5.250000,11.000000,16.250000,16199999.999964,2.966978026871e-06,3.652685556793e-06,1.827322139782e-06
7.0-7.5 MHz,2,,5.250000,11.000000,16.250000,16224999.999964,9.004175411958e-02,1.107603438572e-01,5.540428870070e-02
7.0-7.5 MHz,2,,5.250000,11.000000,16.250000,16249999.999964,1.800702222465e-01,2.215043282640e-01,1.108003926368e-01
7.0-7.5 MHz,2,,5.250000,11.000000,16.250000,16274999.999964,9.004193723721e-02,1.107605560508e-01,5.540439335252e-02
7.0-7.5 MHz,2,,5.250000,11.000000,16.250000,16299999.999964,3.008779098082e-06,3.700791932873e-06,1.850985862759e-06
7.0-7.5 MHz,2,,5.250000,11.000000,16.250000,16324999.999964,1.127891540549e-06,1.387035343375e-06,6.937881283562e-07
7.0-7.5 MHz,2,,5.250000,11.000000,16.250000,16349999.999964,6.014306573373e-07,7.395868451910e-07,3.699427436326e-07
7.0-7.5 MHz,2,,5.250000,11.000000,16.250000,16374999.999964,3.757884478972e-07,4.620683276133e-07,2.311286867355e-07
7.0-7.5 MHz,2,,5.250000,11.000000,16.250000,16399999.999964,2.576003251345e-07,3.166919553597e-07,1.584109462006e-07
7.0-7.5 MHz,2,,5.250000,11.000000,16.250000,16424999.999964,1.877651046688e-07,2.307786570017e-07,1.154361590835e-07
7.0-7.5 MHz,2,,5.250000,11.000000,16.250000,16449999.999964,1.430057458205e-07,1.756977341578e-07,8.788227418722e-08
7.0-7.5 MHz,2,,5.250000,11.000000,16.250000,16474999.999964,2.603930623884e-07,4.175863064703e-07,1.694561184755e-07
7.0-7.5 MHz,2,,5.250000,11.000000,16.250000,16499999.999964,8.092749729583e-07,1.208884991937e-06,5.019578709334e-07
7.0-7.5 MHz,2,,5.250000,11.000000,16.250000,16524999.999964,2.932174426213e-07,4.615249339731e-07,1.873709940624e-07
7.0-7.5 MHz,2,,5.250000,11.000000,16.250000,16549999.999964,6.274404884440e-08,7.671119193300e-08,3.836750292219e-08
7.0-7.5 MHz,2,,5.250000,11.000000,16.250000,16574999.999964,5.326553333152e-08,6.490429929476e-08,3.246209612468e-08
7.0-7.5 MHz,2,,5.250000,11.000000,16.250000,16599999.999964,4.569529057134e-08,5.537012721317e-08,2.769190190673e-08
7.0-7.5 MHz,2,,5.250000,11.000000,16.250000,16624999.999964,3.949139677811e-08,4.737465826279e-08,2.369001453125e-08
7.0-7.5 MHz,2,,5.250000,11.000000,16.250000,16649999.999963,3.424921171670e-08,4.029750378340e-08,2.014473188479e-08
7.0-7.5 MHz,2,,5.250000,11.000000,16.250000,16674999.999963,2.980525992702e-08,3.384884270463e-08,1.690718328743e-08
7.0-7.5 MHz,2,,5.250000,11.000000,16.250000,16699999.999963,3.007095060011e-08,3.698950957976e-08,1.848355027862e-08
7.0-7.5 MHz,2,,5.250000,11.000000,16.250000,16724999.999963,7.634861381515e-04,1.231495360645e-03,6.155008769810e-04
7.0-7.5 MHz,2,,5.250000,11.000000,16.250000,16749999.999963,1.526822703132e-03,2.462737939695e-03,1.230874685746e-03
7.0-7.5 MHz,2,,5.250000,11.000000,16.250000,16774999.999963,7.634622885032e-04,1.231455056277e-03,6.154801671919e-04
7.0-7.5 MHz,2,,5.250000,11.000000,16.250000,16799999.999963,2.375073897786e-08,3.114266557894e-08,1.546347221637e-08
7.0-7.5 MHz,2,,5.250000,11.000000,16.250000,16824999.999963,1.708453731912e-08,1.951186735732e-08,9.724510838173e-09
7.0-7.5 MHz,2,,5.250000,11.000000,16.250000,16849999.999963,1.530375279617e-08,1.758311331060e-08,8.780288986251e-09
7.0-7.5 MHz,2,,5.250000,11.000000,16.250000,16874999.999963,1.408753149662e-08,1.642404726800e-08,8.207332052703e-09
7.0-7.5 MHz,2,,5.250000,11.000000,16.250000,16899999.999963,1.305358377641e-08,1.539031340741e-08,7.693070852003e-09
7.0-7.5 MHz,2,,5.250000,11.000000,16.250000,16924999.999963,1.213318637030e-08,1.441693447646e-08,7.207247231911e-09
7.0-7.5 MHz,2,,5.250000,11.000000,16.250000,16949999.999963,1.129920294432e-08,1.349626688654e-08,6.745772171270e-09
7.0-7.5 MHz,2,,5.250000,11.000000,16.250000,16974999.999963,5.231824259397e-07,8.649105508781e-07,5.372650928341e-07
7.0-7.5 MHz,2,,5.250000,11.000000,16.250000,16999999.999963,1.015324875246e-06,1.693246934195e-06,1.056149522272e-06
7.0-7.5 MHz,2,,5.250000,11.000000,16.250000,17024999.999963,5.219247397576e-07,8.635618256769e-07,5.365884647441e-07
7.0-7.5 MHz,2,,5.250000,11.000000,16.250000,17049999.999963,8.687117898779e-09,1.050103861031e-08,5.248389355238e-09
7.0-7.5 MHz,2,,5.250000,11.000000,16.250000,17074999.999963,8.187072858827e-09,9.920044972084e-09,4.960430131140e-09
7.0-7.5 MHz,2,,5.250000,11.000000,16.250000,17099999.999963,7.719386016394e-09,9.374573622699e-09,4.688419766387e-09
7.0-7.5 MHz,2,,5.250000,11.000000,16.250000,17124999.999962,7.288947317828e-09,8.871713225343e-09,4.437326812889e-09
7.0-7.5 MHz,2,,5.250000,11.000000,16.250000,17149999.999962,6.892243483046e-09,8.413549007160e-09,4.208473164901e-09
7.0-7.5 MHz,2,,5.250000,11.000000,16.250000,17174999.999962,6.524752557476e-09,8.010838730400e-09,4.007333830940e-09
7.0-7.5 MHz,2,,5.250000,11.000000,16.250000,17199999.999962,6.178270357863e-09,7.735958242230e-09,3.869891413300e-09
7.0-7.5 MHz,2,,5.250000,11.000000,16.250000,17224999.999962,6.228423621056e-06,1.397595039796e-05,6.922789902014e-06
7.0-7.5 MHz,2,,5.250000,11.000000,16.250000,17249999.999962,1.245370730922e-05,2.795786816729e-05,1.384871454453e-05
7.0-7.5 MHz,2,,5.250000,11.000000,16.250000,17274999.999962,6.228343833050e-06,1.397618729799e-05,6.922926395873e-06
7.0-7.5 MHz,2,,5.250000,11.000000,16.250000,17299999.999962,5.044983982259e-09,6.350343261360e-09,3.177806975923e-09
7.0-7.5 MHz,2,,5.250000,11.000000,16.250000,17324999.999962,4.833480319068e-09,5.968658693193e-09,2.986432495325e-09
7.0-7.5 MHz,2,,5.250000,11.000000,16.250000,17349999.999962,4.620652068144e-09,5.680001647147e-09,2.841835226765e-09
7.0-7.5 MHz,2,,5.250000,11.000000,16.250000,17374999.999962,4.421495742235e-09,5.419999240546e-09,2.711713622271e-09
7.0-7.5 MHz,2,,5.250000,11.000000,16.250000,17399999.999962,4.231293515778e-09,5.185410008917e-09,2.594386333179e-09
7.0-7.5 MHz,2,,5.250000,11.000000,16.250000,17424999.999962,4.054345141952e-09,4.964557299821e-09,2.484047347803e-09
7.0-7.5 MHz,2,,5.250000,11.000000,16.250000,17449999.999962,3.884490442433e-09,4.763604049109e-09,2.384165604364e-09
7.0-7.5 MHz,2,,5.250000,11.000000,16.250000,17474999.999962,6.186297045741e-07,1.779407993060e-06,9.169696075592e-07
7.0-7.5 MHz,2,,5.250000,11.000000,16.250000,17499999.999962,1.233679453090e-06,3.558626976465e-06,1.833964838506e-06
7.0-7.5 MHz,2,,5.250000,11.000000,16.250000,17524999.999962,6.185323365545e-07,1.779391034209e-06,9.169616630171e-07
7.0-7.5 MHz,2,,5.250000,11.000000,16.250000,17549999.999962,3.308914499348e-09,4.055933449431e-09,2.029853621609e-09
7.0-7.5 MHz,2,,5.250000,11.000000,16.250000,17574999.999961,3.187845988152e-09,3.906139224603e-09,1.954613210690e-09
7.0-7.5 MHz,2,,5.250000,11.000000,16.250000,17599999.999961,3.072534955087e-09,3.761792178569e-09,1.882395061328e-09
7.0-7.5 MHz,2,,5.250000,11.000000,16.250000,17624999.999961,2.960455261519e-09,3.628099958374e-09,1.815607204380e-09
7.0-7.5 MHz,2,,5.250000,11.000000,16.250000,17649999.999961,2.853464736354e-09,3.500743373354e-09,1.752189402797e-09
7.0-7.5 MHz,2,,5.250000,11.000000,16.250000,17674999.999961,2.749504647586e-09,3.381310907320e-09,1.693302400031e-09
7.0-7.5 MHz,2,,5.250000,11.000000,16.250000,17699999.999961,2.636692807378e-09,3.286944239710e-09,1.650613092128e-09
7.0-7.5 MHz,2,,5.250000,11.000000,16.250000,17724999.999961,1.183083288286e-06,2.845530196432e-06,1.440707813948e-06
7.0-7.5 MHz,2,,5.250000,11.000000,16.250000,17749999.999961,2.359553542149e-06,5.689881799352e-06,2.880882451727e-06
7.0-7.5 MHz,2,,5.250000,11.000000,16.250000,17774999.999961,1.182889633918e-06,2.845249188530e-06,1.440537001718e-06
7.0-7.5 MHz,2,,5.250000,11.000000,16.250000,17799999.999961,2.310137933775e-09,2.863289117085e-09,1.432427247546e-09
7.0-7.5 MHz,2,,5.250000,11.000000,16.250000,17824999.999961,2.250066873263e-09,2.764559894301e-09,1.383203538542e-09
7.0-7.5 MHz,2,,5.250000,11.000000,16.250000,17849999.999961,2.183455966620e-09,2.680387955834e-09,1.341231361055e-09
7.0-7.5 MHz,2,,5.250000,11.000000,16.250000,17874999.999961,2.119273638747e-09,2.595895236241e-09,1.299066080054e-09
7.0-7.5 MHz,2,,5.250000,11.000000,16.250000,17899999.999961,2.055600560894e-09,2.516552198661e-09,1.259476283005e-09
7.0-7.5 MHz,2,,5.250000,11.000000,16.250000,17924999.999961,1.992873551417e-09,2.438922316760e-09,1.220827988083e-09
7.0-7.5 MHz,2,,5.250000,11.000000,16.250000,17949999.999961,1.927334164874e-09,2.356332300399e-09,1.180065552827e-09
7.0-7.5 MHz,2,,5.250000,11.000000,16.250000,17974999.999961,5.341280427071e-07,1.327371723573e-06,6.135242083220e-07
7.0-7.5 MHz,2,,5.250000,11.000000,16.250000,17999999.999961,1.063684514456e-06,2.650150075251e-06,1.224803712252e-06
7.0-7.5 MHz,2,,5.250000,11.000000,16.250000,18024999.999960,5.340686022770e-07,1.327350814393e-06,6.135111140495e-07
7.0-7.5 MHz,2,,5.250000,11.000000,16.250000,18049999.999960,1.716445599524e-09,2.082530864496e-09,1.044040641990e-09
7.0-7.5 MHz,2,,5.250000,11.000000,16.250000,18074999.999960,1.676691223639e-09,2.048519246119e-09,1.025862207201e-09
7.0-7.5 MHz,2,,5.250000,11.000000,16.250000,18099999.999960,1.633110589349e-09,1.998990751561e-09,1.000796479614e-09
7.0-7.5 MHz,2,,5.250000,11.000000,16.250000,18124999.999960,1.587321477818e-09,1.950961702666e-09,9.766990289683e-10
7.0-7.5 MHz,2,,5.250000,11.000000,16.250000,18149999.999960,1.543027419709e-09,1.898504862958e-09,9.505316001907e-10
7.0-7.5 MHz,2,,5.250000,11.000000,16.250000,18174999.999960,1.492240481990e-09,1.852143882192e-09,9.276743578723e-10
7.0-7.5 MHz,2,,5.250000,11.000000,16.250000,18199999.999960,1.417382093359e-09,1.816478877214e-09,9.115416577215e-10
7.0-7.5 MHz,2,,5.250000,11.000000,16.250000,18224999.999960,1.711432130899e-06,4.127061833041e-06,2.106475132012e-06
7.0-7.5 MHz,2,,5.250000,11.000000,16.250000,18249999.999960,3.418491702645e-06,8.252470216236e-06,4.212145562590e-06
7.0-7.5 MHz,2,,5.250000,11.000000,16.250000,18274999.999960,1.711312034972e-06,4.126903152403e-06,2.106392245298e-06
7.0-7.5 MHz,2,,5.250000,11.000000,16.250000,18299999.999960,1.291052294077e-09,1.615490029204e-09,8.080537520642e-10
7.0-7.5 MHz,2,,5.250000,11.000000,16.250000,18324999.999960,1.286438294442e-09,1.587775134770e-09,7.946265967291e-10
7.0-7.5 MHz,2,,5.250000,11.000000,16.250000,18349999.999960,1.262785962507e-09,1.558088352467e-09,7.798478296812e-10
7.0-7.5 MHz,2,,5.250000,11.000000,16.250000,18374999.999960,1.235199270284e-09,1.528473676243e-09,7.650704202818e-10
7.0-7.5 MHz,2,,5.250000,11.000000,16.250000,18399999.999960,1.208386244324e-09,1.497104846771e-09,7.494257845983e-10
7.0-7.5 MHz,2,,5.250000,11.000000,16.250000,18424999.999960,1.178667880755e-09,1.479318734751e-09,7.405476015029e-10
7.0-7.5 MHz,2,,5.250000,11.000000,16.250000,18449999.999960,1.146783442096e-09,1.492771248953e-09,7.473152846539e-10
7.0-7.5 MHz,2,,5.250000,11.000000,16.250000,18474999.999959,1.115022788678e-06,2.010124053395e-06,1.015643735527e-06
7.0-7.5 MHz,2,,5.250000,11.000000,16.250000,18499999.999959,2.228388537160e-06,4.023960105104e-06,2.033152903206e-06
7.0-7.5 MHz,2,,5.250000,11.000000,16.250000,18524999.999959,1.114953235906e-06,2.010090981506e-06,1.015627586779e-06
7.0-7.5 MHz,2,,5.250000,11.000000,16.250000,18549999.999959,1.048244161497e-09,1.352937912703e-09,6.775492013669e-10
7.0-7.5 MHz,2,,5.250000,11.000000,16.250000,18574999.999959,1.032613341178e-09,1.289542412627e-09,6.456845023214e-10
7.0-7.5 MHz,2,,5.250000,11.000000,16.250000,18599999.999959,1.011451791912e-09,1.254830101735e-09,6.282136162434e-10
7.0-7.5 MHz,2,,5.250000,11.000000,16.250000,18624999.999959,9.903348372985e-10,1.222005531923e-09,6.117522461610e-10
7.0-7.5 MHz,2,,5.250000,11.000000,16.250000,18649999.999959,9.682437002063e-10,1.192114508703e-09,5.966977070302e-10
7.0-7.5 MHz,2,,5.250000,11.000000,16.250000,18674999.999959,9.446203619971e-10,1.155709293130e-09,5.783388268462e-10
7.0-7.5 MHz,2,,5.250000,11.000000,16.250000,18699999.999959,9.099712407345e-10,1.100842178933e-09,5.499407014313e-10
7.0-7.5 MHz,2,,5.250000,11.000000,16.250000,18724999.999959,1.559135382915e-06,2.673027767403e-06,1.319765575363e-06
7.0-7.5 MHz,2,,5.250000,11.000000,16.250000,18749999.999959,3.116286681006e-06,5.344291607978e-06,2.638642811855e-06
7.0-7.5 MHz,2,,5.250000,11.000000,16.250000,18774999.999959,1.559163324586e-06,2.673083756574e-06,1.319792203448e-06
7.0-7.5 MHz,2,,5.250000,11.000000,16.250000,18799999.999959,8.266708665466e-10,1.022628132481e-09,5.131476125980e-10
7.0-7.5 MHz,2,,5.250000,11.000000,16.250000,18824999.999959,8.322683700580e-10,1.027183634437e-09,5.147091194884e-10
7.0-7.5 MHz,2,,5.250000,11.000000,16.250000,18849999.999959,8.208107679644e-10,1.016107334994e-09,5.090841804120e-10
7.0-7.5 MHz,2,,5.250000,11.000000,16.250000,18874999.999959,8.072532633513e-10,9.990155954521e-10,5.005732476631e-10
7.0-7.5 MHz,2,,5.250000,11.000000,16.250000,18899999.999959,7.895884477892e-10,9.863484951410e-10,4.944146502100e-10
7.0-7.5 MHz,2,,5.250000,11.000000,16.250000,18924999.999959,7.676613375106e-10,9.758712190243e-10,4.896964297921e-10
7.0-7.5 MHz,2,,5.250000,11.000000,16.250000,18949999.999958,7.266242460275e-10,9.850788058373e-10,4.962129858852e-10
7.0-7.5 MHz,2,,5.250000,11.000000,16.250000,18974999.999958,1.456023897526e-06,2.055417644497e-06,1.064004004138e-06
7.0-7.5 MHz,2,,5.250000,11.000000,16.250000,18999999.999958,2.909593858299e-06,4.112098426415e-06,2.128709945185e-06
7.0-7.5 MHz,2,,5.250000,11.000000,16.250000,19024999.999958,1.456010609075e-06,2.055450930205e-06,1.064016455418e-06
7.0-7.5 MHz,2,,5.250000,11.000000,16.250000,19049999.999958,6.728202336312e-10,9.086336959772e-10,4.573186288475e-10
7.0-7.5 MHz,2,,5.250000,11.000000,16.250000,19074999.999958,6.891675427194e-10,8.761695441026e-10,4.395770847368e-10
7.0-7.5 MHz,2,,5.250000,11.000000,16.250000,19099999.999958,6.847176766106e-10,8.573730846378e-10,4.297902342196e-10
7.0-7.5 MHz,2,,5.250000,11.000000,16.250000,19124999.999958,6.780496373776e-10,8.402786410078e-10,4.209920912161e-10
7.0-7.5 MHz,2,,5.250000,11.000000,16.250000,19149999.999958,6.680699989042e-10,8.289528112047e-10,4.152577777648e-10
7.0-7.5 MHz,2,,5.250000,11.000000,16.250000,19174999.999958,6.606355672116e-10,8.211992678890e-10,4.111890473536e-10
7.0-7.5 MHz,2,,5.250000,11.000000,16.250000,19199999.999958,6.570380881444e-10,8.326103884497e-10,4.166357604832e-10
7.0-7.5 MHz,2,,5.250000,11.000000,16.250000,19224999.999958,1.619734436056e-06,1.996139978450e-06,1.027184620130e-06
7.0-7.5 MHz,2,,5.250000,11.000000,16.250000,19249999.999958,3.239421151916e-06,3.993639453073e-06,2.055029041662e-06
7.0-7.5 MHz,2,,5.250000,11.000000,16.250000,19274999.999958,1.619747240581e-06,1.996178279354e-06,1.027206482532e-06
7.0-7.5 MHz,2,,5.250000,11.000000,16.250000,19299999.999958,6.096543044016e-10,7.909006706901e-10,3.966082991237e-10
7.0-7.5 MHz,2,,5.250000,11.000000,16.250000,19324999.999958,5.994781370356e-10,7.475486537154e-10,3.743780235751e-10
7.0-7.5 MHz,2,,5.250000,11.000000,16.250000,19349999.999958,5.915690066991e-10,7.239061114860e-10,3.623893119238e-10
7.0-7.5 MHz,2,,5.250000,11.000000,16.250000,19374999.999958,5.838200357670e-10,7.084213839611e-10,3.544860939920e-10
7.0-7.5 MHz,2,,5.250000,11.000000,16.250000,19399999.999957,5.781404567710e-10,6.936616064030e-10,3.468664439181e-10
7.0-7.5 MHz,2,,5.250000,11.000000,16.250000,19424999.999957,5.771495888248e-10,6.790837723292e-10,3.390543723751e-10
7.0-7.5 MHz,2,,5.250000,11.000000,16.250000,19449999.999957,5.984986759010e-10,6.549182032973e-10,3.252394685298e-10
7.0-7.5 MHz,2,,5.250000,11.000000,16.250000,19474999.999957,1.471603211573e-06,1.507394717387e-06,7.892752679225e-07
7.0-7.5 MHz,2,,5.250000,11.000000,16.250000,19499999.999957,2.944325636891e-06,3.013865874812e-06,1.577995064921e-06
7.0-7.5 MHz,2,,5.250000,11.000000,16.250000,19524999.999957,1.471590285966e-06,1.507365415366e-06,7.892628407365e-07
7.0-7.5 MHz,2,,5.250000,11.000000,16.250000,19549999.999957,5.600872917884e-10,6.174398631724e-10,3.069887056399e-10
7.0-7.5 MHz,2,,5.250000,11.000000,16.250000,19574999.999957,5.266155969063e-10,6.177629453998e-10,3.084860424795e-10
7.0-7.5 MHz,2,,5.250000,11.000000,16.250000,19599999.999957,5.116320125027e-10,6.121618278934e-10,3.061143548947e-10
7.0-7.5 MHz,2,,5.250000,11.000000,16.250000,19624999.999957,5.008451387202e-10,6.046204872085e-10,3.025657633274e-10
7.0-7.5 MHz,2,,5.250000,11.000000,16.250000,19649999.999957,4.908140111626e-10,5.993634893677e-10,3.000911372925e-10
7.0-7.5 MHz,2,,5.250000,11.000000,16.250000,19674999.999957,4.818088020396e-10,5.928142610950e-10,2.970241102889e-10
7.0-7.5 MHz,2,,5.250000,11.000000,16.250000,19699999.999957,4.675205020182e-10,5.993603280366e-10,3.009831332924e-10
7.0-7.5 MHz,2,,5.250000,11.000000,16.250000,19724999.999957,9.297562919699e-07,8.061292673339e-07,4.251879576068e-07
7.0-7.5 MHz,2,,5.250000,11.000000,16.250000,19749999.999957,1.858590069995e-06,1.613856874174e-06,8.511714531886e-07
7.0-7.5 MHz,2,,5.250000,11.000000,16.250000,19774999.999957,9.297633119807e-07,8.061607858538e-07,4.252007445208e-07
7.0-7.5 MHz,2,,5.250000,11.000000,16.250000,19799999.999957,4.292959957060e-10,5.709889154714e-10,2.857933756711e-10
7.0-7.5 MHz,2,,5.250000,11.000000,16.250000,19824999.999957,4.363686260244e-10,5.482722583614e-10,2.743318625808e-10
7.0-7.5 MHz,2,,5.250000,11.000000,16.250000,19849999.999956,4.334389403309e-10,5.359534548529e-10,2.680049955420e-10
7.0-7.5 MHz,2,,5.250000,11.000000,16.250000,19874999.999956,4.277177356316e-10,5.291047286454e-10,2.642432361319e-10
7.0-7.5 MHz,2,,5.250000,11.000000,16.250000,19899999.999956,4.205028507571e-10,5.215373648811e-10,2.599676770739e-10
7.0-7.5 MHz,2,,5.250000,11.000000,16.250000,19924999.999956,4.094025201944e-10,5.181304506973e-10,2.571263084975e-10
7.0-7.5 MHz,2,,5.250000,11.000000,16.250000,19949999.999956,3.838711131257e-10,5.229010252436e-10,2.555441608056e-10
7.0-7.5 MHz,2,,5.250000,11.000000,16.250000,19974999.999956,1.252333607277e-06,9.114702285621e-07,3.409560466246e-07
7.0-7.5 MHz,2,,5.250000,11.000000,16.250000,19999999.999956,2.503478544167e-06,1.824121124484e-06,6.822872656607e-07
7.0-7.5 MHz,2,,5.250000,11.000000,16.250000,20024999.999956,1.252384722511e-06,9.115266761579e-07,3.409726190310e-07
7.0-7.5 MHz,2,,5.250000,11.000000,16.250000,20049999.999956,3.528422131363e-10,5.069127284444e-10,2.474626874511e-10
7.0-7.5 MHz,2,,5.250000,11.000000,16.250000,20074999.999956,3.760242571842e-10,4.807987130436e-10,2.383718437160e-10
7.0-7.5 MHz,2,,5.250000,11.000000,16.250000,20099999.999956,3.786639164326e-10,4.692241782699e-10,2.336960263143e-10
7.0-7.5 MHz,2,,5.250000,11.000000,16.250000,20124999.999956,3.768570492461e-10,4.605562063694e-10,2.298197076182e-10
7.0-7.5 MHz,2,,5.250000,11.000000,16.250000,20149999.999956,3.725942971813e-10,4.559944593051e-10,2.276852222493e-10
7.0-7.5 MHz,2,,5.250000,11.000000,16.250000,20174999.999956,3.673463059364e-10,4.511408661567e-10,2.251605425718e-10
7.0-7.5 MHz,2,,5.250000,11.000000,16.250000,20199999.999956,3.560057533791e-10,4.550675037425e-10,2.262246943990e-10
7.0-7.5 MHz,2,,5.250000,11.000000,16.250000,20224999.999956,7.265851333174e-07,5.230850172365e-07,2.302526504463e-07
7.0-7.5 MHz,2,,5.250000,11.000000,16.250000,20249999.999956,1.452387689806e-06,1.047373533834e-06,4.611182308224e-07
7.0-7.5 MHz,2,,5.250000,11.000000,16.250000,20274999.999956,7.265794849684e-07,5.231020129677e-07,2.302654610290e-07
7.0-7.5 MHz,2,,5.250000,11.000000,16.250000,20299999.999955,3.386863863459e-10,4.345674909395e-10,2.171816394831e-10
7.0-7.5 MHz,2,,5.250000,11.000000,16.250000,20324999.999955,3.453976908495e-10,4.174959367996e-10,2.090164204027e-10
7.0-7.5 MHz,2,,5.250000,11.000000,16.250000,20349999.999955,3.452734010870e-10,4.103081357928e-10,2.056096504584e-10
7.0-7.5 MHz,2,,5.250000,11.000000,16.250000,20374999.999955,3.443592574675e-10,4.036465247483e-10,2.024949563604e-10
7.0-7.5 MHz,2,,5.250000,11.000000,16.250000,20399999.999955,3.446815746304e-10,3.989149166302e-10,2.003967020911e-10
7.0-7.5 MHz,2,,5.250000,11.000000,16.250000,20424999.999955,3.492521327955e-10,3.947104416225e-10,1.989452525546e-10
7.0-7.5 MHz,2,,5.250000,11.000000,16.250000,20449999.999955,3.772953117265e-10,3.929717301484e-10,2.003562849928e-10
7.0-7.5 MHz,2,,5.250000,11.000000,16.250000,20474999.999955,2.084724688730e-06,1.293787266334e-06,6.970815180827e-07
7.0-7.5 MHz,2,,5.250000,11.000000,16.250000,20499999.999955,4.169565611834e-06,2.587698792005e-06,1.394278529330e-06
7.0-7.5 MHz,2,,5.250000,11.000000,16.250000,20524999.999955,2.084686296353e-06,1.293767791115e-06,6.970705478700e-07
7.0-7.5 MHz,2,,5.250000,11.000000,16.250000,20549999.999955,3.452191197504e-10,3.842450370671e-10,1.947502105659e-10
7.0-7.5 MHz,2,,5.250000,11.000000,16.250000,20574999.999955,3.250186310109e-10,3.697840312020e-10,1.861816135562e-10
7.0-7.5 MHz,2,,5.250000,11.000000,16.250000,20599999.999955,3.172344147314e-10,3.622127443285e-10,1.819678261879e-10
7.0-7.5 MHz,2,,5.250000,11.000000,16.250000,20624999.999955,3.116282408822e-10,3.577610095296e-10,1.795153179046e-10
7.0-7.5 MHz,2,,5.250000,11.000000,16.250000,20649999.999955,3.056748427568e-10,3.548744281644e-10,1.779713073251e-10
7.0-7.5 MHz,2,,5.250000,11.000000,16.250000,20674999.999955,2.978672120134e-10,3.546108184244e-10,1.777597698526e-10
7.0-7.5 MHz,2,,5.250000,11.000000,16.250000,20699999.999955,2.794421335075e-10,3.675070989189e-10,1.844389363364e-10
7.0-7.5 MHz,2,,5.250000,11.000000,16.250000,20724999.999955,1.320208709707e-06,7.426042551417e-07,3.573533059334e-07
7.0-7.5 MHz,2,,5.250000,11.000000,16.250000,20749999.999955,2.639607379031e-06,1.486028918846e-06,7.150962953123e-07
7.0-7.5 MHz,2,,5.250000,11.000000,16.250000,20774999.999954,1.320175737965e-06,7.425890921623e-07,3.573468025974e-07
7.0-7.5 MHz,2,,5.250000,11.000000,16.250000,20799999.999954,2.749830074122e-10,3.467265058669e-10,1.733399678791e-10
7.0-7.5 MHz,2,,5.250000,11.000000,16.250000,20824999.999954,2.866612031382e-10,3.290122692630e-10,1.649241569567e-10
7.0-7.5 MHz,2,,5.250000,11.000000,16.250000,20849999.999954,2.893004178101e-10,3.226155366256e-10,1.621057751716e-10
7.0-7.5 MHz,2,,5.250000,11.000000,16.250000,20874999.999954,2.903818846120e-10,3.188065707958e-10,1.606259211075e-10
7.0-7.5 MHz,2,,5.250000,11.000000,16.250000,20899999.999954,2.911909884372e-10,3.176794612940e-10,1.608749210005e-10
7.0-7.5 MHz,2,,5.250000,11.000000,16.250000,20924999.999954,2.943781783864e-10,3.223907055065e-10,1.651679385032e-10
7.0-7.5 MHz,2,,5.250000,11.000000,16.250000,20949999.999954,3.161434962440e-10,3.484477772686e-10,1.860033660559e-10
7.0-7.5 MHz,2,,5.250000,11.000000,16.250000,20974999.999954,3.361385663872e-06,2.341353897210e-06,1.590938443244e-06
7.0-7.5 MHz,2,,5.250000,11.000000,16.250000,20999999.999954,6.722199521427e-06,4.683050585846e-06,3.181975133259e-06
7.0-7.5 MHz,2,,5.250000,11.000000,16.250000,21024999.999954,3.361358491928e-06,2.341361946496e-06,1.590941572292e-06
7.0-7.5 MHz,2,,5.250000,11.000000,16.250000,21049999.999954,2.767034004497e-10,3.441690124917e-10,1.827958409972e-10
7.0-7.5 MHz,2,,5.250000,11.000000,16.250000,21074999.999954,2.858794339365e-10,3.001665091257e-10,1.535415158554e-10
7.0-7.5 MHz,2,,5.250000,11.000000,16.250000,21099999.999954,2.909288972171e-10,2.850159500475e-10,1.439837097417e-10
7.0-7.5 MHz,2,,5.250000,11.000000,16.250000,21124999.999954,2.945560601609e-10,2.755907448782e-10,1.384051922191e-10
7.0-7.5 MHz,2,,5.250000,11.000000,16.250000,21149999.999954,2.980630618400e-10,2.690430033171e-10,1.346186231864e-10
7.0-7.5 MHz,2,,5.250000,11.000000,16.250000,21174999.999954,3.011214432183e-10,2.648712796376e-10,1.323284853746e-10
7.0-7.5 MHz,2,,5.250000,11.000000,16.250000,21199999.999954,3.022771621940e-10,2.634135856282e-10,1.323036799114e-10
7.0-7.5 MHz,2,,5.250000,11.000000,16.250000,21224999.999953,2.781187672433e-07,1.821108662959e-07,1.269745271953e-07
7.0-7.5 MHz,2,,5.250000,11.000000,16.250000,21249999.999953,5.552605112710e-07,3.649058140718e-07,2.542875631150e-07
7.0-7.5 MHz,2,,5.250000,11.000000,16.250000,21274999.999953,2.781197322696e-07,1.821100464411e-07,1.269698675430e-07
7.0-7.5 MHz,2,,5.250000,11.000000,16.250000,21299999.999953,3.385873063676e-10,2.489678210861e-10,1.210705541722e-10
7.0-7.5 MHz,2,,5.250000,11.000000,16.250000,21324999.999953,3.527964256414e-10,2.512622558734e-10,1.198516025707e-10
7.0-7.5 MHz,2,,5.250000,11.000000,16.250000,21349999.999953,3.631408636302e-10,2.652754757179e-10,1.240951684983e-10
7.0-7.5 MHz,2,,5.250000,11.000000,16.250000,21374999.999953,3.658766448478e-10,3.039347890834e-10,1.392455215238e-10
7.0-7.5 MHz,2,,5.250000,11.000000,16.250000,21399999.999953,4.030838594967e-10,4.129412284739e-10,1.860564381407e-10
7.0-7.5 MHz,2,,5.250000,11.000000,16.250000,21424999.999953,1.040546689580e-09,8.097706290655e-10,3.665995378133e-10
7.0-7.5 MHz,2,,5.250000,11.000000,16.250000,21449999.999953,6.495557704380e-09,3.410217721289e-09,1.602397326784e-09
7.0-7.5 MHz,2,,5.250000,11.000000,16.250000,21474999.999953,1.453491356158e-04,6.785682373638e-05,3.426176086556e-05
7.0-7.5 MHz,2,,5.250000,11.000000,16.250000,21499999.999953,2.907485160748e-04,1.357366226579e-04,6.853524290348e-05
7.0-7.5 MHz,2,,5.250000,11.000000,16.250000,21524999.999953,1.454234954059e-04,6.789161615972e-05,3.427922428659e-05
7.0-7.5 MHz,2,,5.250000,11.000000,16.250000,21549999.999953,1.418667486512e-08,6.571044114486e-09,3.231938163822e-09
7.0-7.5 MHz,2,,5.250000,11.000000,16.250000,21574999.999953,4.244458413540e-09,1.865137102034e-09,9.192143218781e-10
7.0-7.5 MHz,2,,5.250000,11.000000,16.250000,21599999.999953,2.067187939554e-09,8.333362600847e-10,4.071840609928e-10
7.0-7.5 MHz,2,,5.250000,11.000000,16.250000,21624999.999953,1.278329110096e-09,4.598057039727e-10,2.206362532767e-10
7.0-7.5 MHz,2,,5.250000,11.000000,16.250000,21649999.999953,9.277198018606e-10,2.896556539692e-10,1.351104331913e-10
7.0-7.5 MHz,2,,5.250000,11.000000,16.250000,21674999.999952,7.601162940087e-10,2.006510146592e-10,8.997447436421e-11
7.0-7.5 MHz,2,,5.250000,11.000000,16.250000,21699999.999952,6.753769916304e-10,1.421897418864e-10,5.927538112415e-11
7.0-7.5 MHz,2,,5.250000,11.000000,16.250000,21724999.999952,1.023679757329e-06,4.886268417261e-07,2.810621077330e-07
7.0-7.5 MHz,2,,5.250000,11.000000,16.250000,21749999.999952,2.045334128628e-06,9.768923119852e-07,5.619707265261e-07
7.0-7.5 MHz,2,,5.250000,11.000000,16.250000,21774999.999952,1.023719830096e-06,4.886829930257e-07,2.810980116069e-07
7.0-7.5 MHz,2,,5.250000,11.000000,16.250000,21799999.999952,9.625521829284e-10,1.889644430603e-10,8.322788220372e-11
7.0-7.5 MHz,2,,5.250000,11.000000,16.250000,21824999.999952,1.222101333461e-09,3.162936361940e-10,1.482692400873e-10
7.0-7.5 MHz,2,,5.250000,11.000000,16.250000,21849999.999952,1.626445031523e-09,5.194779954854e-10,2.481132372713e-10
7.0-7.5 MHz,2,,5.250000,11.000000,16.250000,21874999.999952,2.343983800535e-09,8.841633553569e-10,4.258646196392e-10
7.0-7.5 MHz,2,,5.250000,11.000000,16.250000,21899999.999952,3.828919803833e-09,1.640486469396e-09,7.934204742716e-10
7.0-7.5 MHz,2,,5.250000,11.000000,16.250000,21924999.999952,7.851213285955e-09,3.663857271495e-09,1.777015004173e-09
7.0-7.5 MHz,2,,5.250000,11.000000,16.250000,21949999.999952,2.740316862385e-08,1.301578003919e-08,6.343489387013e-09
7.0-7.5 MHz,2,,5.250000,11.000000,16.250000,21974999.999952,5.161780080325e-04,2.227923630855e-04,1.109029301899e-04
7.0-7.5 MHz,2,,5.250000,11.000000,16.250000,21999999.999952,1.032310361800e-03,4.455379058718e-04,2.217844389819e-04
7.0-7.5 MHz,2,,5.250000,11.000000,16.250000,22024999.999952,5.162315783152e-04,2.227895615946e-04,1.109033719396e-04
7.0-7.5 MHz,2,,5.250000,11.000000,16.250000,22049999.999952,3.273083563006e-08,1.231274480531e-08,6.220026405332e-09
7.0-7.5 MHz,2,,5.250000,11.000000,16.250000,22074999.999952,9.895933090609e-09,3.538810741912e-09,1.799323025724e-09
7.0-7.5 MHz,2,,5.250000,11.000000,16.250000,22099999.999952,4.726746152104e-09,1.594818339947e-09,8.141552135141e-10
7.0-7.5 MHz,2,,5.250000,11.000000,16.250000,22124999.999951,2.778005819752e-09,8.623234812579e-10,4.423617792373e-10
7.0-7.5 MHz,2,,5.250000,11.000000,16.250000,22149999.999951,1.840773266372e-09,5.069933681231e-10,2.622625956611e-10
7.0-7.5 MHz,2,,5.250000,11.000000,16.250000,22174999.999951,1.318053679759e-09,3.087563709154e-10,1.626524627511e-10
7.0-7.5 MHz,2,,5.250000,11.000000,16.250000,22199999.999951,9.861484855633e-10,1.839793019939e-10,1.026758113703e-10
7.0-7.5 MHz,2,,5.250000,11.000000,16.250000,22224999.999951,1.167746909714e-06,4.327028250047e-07,1.883152217797e-07
7.0-7.5 MHz,2,,5.250000,11.000000,16.250000,22249999.999951,2.333963868989e-06,8.652626066128e-07,3.766192867552e-07
7.0-7.5 MHz,2,,5.250000,11.000000,16.250000,22274999.999951,1.167635440418e-06,4.326424554343e-07,1.883038272422e-07
7.0-7.5 MHz,2,,5.250000,11.000000,16.250000,22299999.999951,4.433804633194e-10,5.910233655049e-11,3.714859025001e-11
7.0-7.5 MHz,2,,5.250000,11.000000,16.250000,22324999.999951,4.003723921914e-10,6.649465959172e-11,3.768682345102e-11
7.0-7.5 MHz,2,,5.250000,11.000000,16.250000,22349999.999951,3.549360820749e-10,8.032228253324e-11,4.315528954480e-11
7.0-7.5 MHz,2,,5.250000,11.000000,16.250000,22374999.999951,3.113651168276e-10,9.539277629566e-11,4.983607475238e-11
7.0-7.5 MHz,2,,5.250000,11.000000,16.250000,22399999.999951,2.633972959007e-10,1.128481464781e-10,5.801321882899e-11
7.0-7.5 MHz,2,,5.250000,11.000000,16.250000,22424999.999951,1.927846309895e-10,1.405907054229e-10,7.151336745261e-11
7.0-7.5 MHz,2,,5.250000,11.000000,16.250000,22449999.999951,1.993072533501e-10,2.341902143331e-10,1.177777576338e-10
7.0-7.5 MHz,2,,5.250000,11.000000,16.250000,22474999.999951,7.350358727415e-06,2.525334327773e-06,1.296340122644e-06
7.0-7.5 MHz,2,,5.250000,11.000000,16.250000,22499999.999951,1.469827584738e-05,5.050222276741e-06,2.592432219082e-06
7.0-7.5 MHz,2,,5.250000,11.000000,16.250000,22524999.999951,7.349731109799e-06,2.525080490205e-06,1.296188145930e-06
7.0-7.5 MHz,2,,5.250000,11.000000,16.250000,22549999.999951,3.350097874672e-10,1.761919197807e-10,8.618970288424e-11
7.0-7.5 MHz,2,,5.250000,11.000000,16.250000,22574999.999950,2.071096043204e-10,1.438266596500e-10,7.246467446841e-11
7.0-7.5 MHz,2,,5.250000,11.000000,16.250000,22599999.999950,1.954354519386e-10,1.391886606867e-10,7.032985704660e-11
7.0-7.5 MHz,2,,5.250000,11.000000,16.250000,22624999.999950,1.917265278478e-10,1.377569684939e-10,6.954064086737e-11
7.0-7.5 MHz,2,,5.250000,11.000000,16.250000,22649999.999950,1.886352664631e-10,1.381340524720e-10,6.960444964841e-11
7.0-7.5 MHz,2,,5.250000,11.000000,16.250000,22674999.999950,1.868269919960e-10,1.369720958341e-10,6.889985162231e-11
7.0-7.5 MHz,2,,5.250000,11.000000,16.250000,22699999.999950,1.898262072440e-10,1.341989470085e-10,6.718678787873e-11
7.0-7.5 MHz,2,,5.250000,11.000000,16.250000,22724999.999950,4.145100787091e-07,1.731461582662e-07,1.090233474120e-07
7.0-7.5 MHz,2,,5.250000,11.000000,16.250000,22749999.999950,8.294349873303e-07,3.458591206344e-07,2.178291786873e-07
7.0-7.5 MHz,2,,5.250000,11.000000,16.250000,22774999.999950,4.145388012690e-07,1.731554697742e-07,1.090291696498e-07
7.0-7.5 MHz,2,,5.250000,11.000000,16.250000,22799999.999950,1.801860366909e-10,1.329364473521e-10,6.623608690924e-11
7.0-7.5 MHz,2,,5.250000,11.000000,16.250000,22824999.999950,1.671165959097e-10,1.366519571637e-10,6.835937487567e-11
7.0-7.5 MHz,2,,5.250000,11.000000,16.250000,22849999.999950,1.611110670905e-10,1.374289782720e-10,6.874846601788e-11
7.0-7.5 MHz,2,,5.250000,11.000000,16.250000,22874999.999950,1.564210083041e-10,1.373477212817e-10,6.857224041302e-11
7.0-7.5 MHz,2,,5.250000,11.000000,16.250000,22899999.999950,1.515211498400e-10,1.366400076821e-10,6.790655475778e-11
7.0-7.5 MHz,2,,5.250000,11.000000,16.250000,22924999.999950,1.450441028188e-10,1.345628371788e-10,6.607091922367e-11
7.0-7.5 MHz,2,,5.250000,11.000000,16.250000,22949999.999950,1.351919479294e-10,1.300259719931e-10,6.059386166764e-11
7.0-7.5 MHz,2,,5.250000,11.000000,16.250000,22974999.999950,2.154200170429e-06,7.246578882772e-07,3.210215378186e-07
7.0-7.5 MHz,2,,5.250000,11.000000,16.250000,22999999.999950,4.307930627315e-06,1.449007851114e-06,6.418008820379e-07
7.0-7.5 MHz,2,,5.250000,11.000000,16.250000,23024999.999950,2.154203306607e-06,7.246678253469e-07,3.210352064515e-07
7.0-7.5 MHz,2,,5.250000,11.000000,16.250000,23049999.999949,1.399780631909e-10,1.236241848153e-10,5.649921259471e-11
7.0-7.5 MHz,2,,5.250000,11.000000,16.250000,23074999.999949,1.343942085372e-10,1.321597047332e-10,6.467539798733e-11
7.0-7.5 MHz,2,,5.250000,11.000000,16.250000,23099999.999949,1.344114286782e-10,1.327444425975e-10,6.594764238123e-11
7.0-7.5 MHz,2,,5.250000,11.000000,16.250000,23124999.999949,1.331366975819e-10,1.338841881196e-10,6.694884301034e-11
7.0-7.5 MHz,2,,5.250000,11.000000,16.250000,23149999.999949,1.311207772723e-10,1.339931683246e-10,6.732518287526e-11
7.0-7.5 MHz,2,,5.250000,11.000000,16.250000,23174999.999949,1.272484593970e-10,1.344730867928e-10,6.791862435021e-11
7.0-7.5 MHz,2,,5.250000,11.000000,16.250000,23199999.999949,1.180939394373e-10,1.366683942448e-10,6.991864998603e-11
7.0-7.5 MHz,2,,5.250000,11.000000,16.250000,23224999.999949,1.061856835494e-06,3.396925773022e-07,1.786305752324e-07
7.0-7.5 MHz,2,,5.250000,11.000000,16.250000,23249999.999949,2.123350764312e-06,6.794759565943e-07,3.573517504151e-07
7.0-7.5 MHz,2,,5.250000,11.000000,16.250000,23274999.999949,1.061865099082e-06,3.396999562450e-07,1.786365749660e-07
7.0-7.5 MHz,2,,5.250000,11.000000,16.250000,23299999.999949,1.128349717353e-10,1.340369291817e-10,6.767127201632e-11
7.0-7.5 MHz,2,,5.250000,11.000000,16.250000,23324999.999949,1.202247325497e-10,1.304147648453e-10,6.571613019302e-11
7.0-7.5 MHz,2,,5.250000,11.000000,16.250000,23349999.999949,1.224991898683e-10,1.288700534812e-10,6.477796924092e-11
7.0-7.5 MHz,2,,5.250000,11.000000,16.250000,23374999.999949,1.234103159648e-10,1.275374719463e-10,6.396309681278e-11
7.0-7.5 MHz,2,,5.250000,11.000000,16.250000,23399999.999949,1.242045529254e-10,1.261167552991e-10,6.302625831577e-11
7.0-7.5 MHz,2,,5.250000,11.000000,16.250000,23424999.999949,1.265920169258e-10,1.229276993278e-10,6.098128542224e-11
7.0-7.5 MHz,2,,5.250000,11.000000,16.250000,23449999.999949,1.364345510563e-10,1.165083963725e-10,5.632799162562e-11
7.0-7.5 MHz,2,,5.250000,11.000000,16.250000,23474999.999949,1.227281273271e-06,4.844732709201e-07,2.928312824698e-07
7.0-7.5 MHz,2,,5.250000,11.000000,16.250000,23499999.999948,2.454576961139e-06,9.685724002257e-07,5.854444011126e-07
7.0-7.5 MHz,2,,5.250000,11.000000,16.250000,23524999.999948,1.227301722106e-06,4.844792180860e-07,2.928387523688e-07
7.0-7.5 MHz,2,,5.250000,11.000000,16.250000,23549999.999948,1.440582848321e-10,1.094950050144e-10,5.230531381934e-11
7.0-7.5 MHz,2,,5.250000,11.000000,16.250000,23574999.999948,1.240970097370e-10,1.179288277637e-10,5.834551956862e-11
7.0-7.5 MHz,2,,5.250000,11.000000,16.250000,23599999.999948,1.183817169685e-10,1.199053001479e-10,5.985350691739e-11
7.0-7.5 MHz,2,,5.250000,11.000000,16.250000,23624999.999948,1.155790942449e-10,1.198812691872e-10,6.007057124952e-11
7.0-7.5 MHz,2,,5.250000,11.000000,16.250000,23649999.999948,1.136702559734e-10,1.199099753906e-10,6.021211131999e-11
7.0-7.5 MHz,2,,5.250000,11.000000,16.250000,23674999.999948,1.121501044754e-10,1.191549334142e-10,5.991763685816e-11
7.0-7.5 MHz,2,,5.250000,11.000000,16.250000,23699999.999948,1.108930345180e-10,1.185626746476e-10,5.958676113929e-11
7.0-7.5 MHz,2,,5.250000,11.000000,16.250000,23724999.999948,2.877941484779e-07,9.259155708055e-08,7.517048942661e-08
7.0-7.5 MHz,2,,5.250000,11.000000,16.250000,23749999.999948,5.755403182534e-07,1.850820835601e-07,1.503312553603e-07
7.0-7.5 MHz,2,,5.250000,11.000000,16.250000,23774999.999948,2.878000349051e-07,9.259296649721e-08,7.517356964175e-08
7.0-7.5 MHz,2,,5.250000,11.000000,16.250000,23799999.999948,1.073443368972e-10,1.158286463262e-10,5.901549531783e-11
7.0-7.5 MHz,2,,5.250000,11.000000,16.250000,23824999.999948,1.056416120249e-10,1.163027750404e-10,5.897657806309e-11
7.0-7.5 MHz,2,,5.250000,11.000000,16.250000,23849999.999948,1.042406608250e-10,1.157364962229e-10,5.869191646209e-11
7.0-7.5 MHz,2,,5.250000,11.000000,16.250000,23874999.999948,1.027429721988e-10,1.152773306080e-10,5.860971849518e-11
7.0-7.5 MHz,2,,5.250000,11.000000,16.250000,23899999.999948,1.005289500527e-10,1.153261264826e-10,5.893730077454e-11
7.0-7.5 MHz,2,,5.250000,11.000000,16.250000,23924999.999948,9.645158138311e-11,1.156002745900e-10,5.984586446058e-11
7.0-7.5 MHz,2,,5.250000,11.000000,16.250000,23949999.999947,8.333940682602e-11,1.191141355355e-10,6.441041294954e-11
7.0-7.5 MHz,2,,5.250000,11.000000,16.250000,23974999.999947,5.378720324942e-07,2.108993928248e-07,2.678926331300e-07
7.0-7.5 MHz,2,,5.250000,11.000000,16.250000,23999999.999947,1.075358174332e-06,4.220268359310e-07,5.358794407365e-07
7.0-7.5 MHz,2,,5.250000,11.000000,16.250000,24024999.999947,5.378535964676e-07,2.108960668427e-07,2.678919920442e-07
7.0-7.5 MHz,2,,5.250000,11.000000,16.250000,24049999.999947,8.299212851612e-11,1.158056169476e-10,6.262613887032e-11
7.0-7.5 MHz,2,,5.250000,11.000000,16.250000,24074999.999947,9.261353669318e-11,1.119065522651e-10,5.792239786184e-11
7.0-7.5 MHz,2,,5.250000,11.000000,16.250000,24099999.999947,9.466156392332e-11,1.098626930053e-10,5.614356900248e-11
7.0-7.5 MHz,2,,5.250000,11.000000,16.250000,24124999.999947,9.487507433259e-11,1.089516227201e-10,5.535426426121e-11
7.0-7.5 MHz,2,,5.250000,11.000000,16.250000,24149999.999947,9.428612550404e-11,1.084613456667e-10,5.490378805691e-11
7.0-7.5 MHz,2,,5.250000,11.000000,16.250000,24174999.999947,9.278801468057e-11,1.072367914042e-10,5.414934847676e-11
7.0-7.5 MHz,2,,5.250000,11.000000,16.250000,24199999.999947,8.780389015295e-11,1.077210622339e-10,5.437184847618e-11
7.0-7.5 MHz,2,,5.250000,11.000000,16.250000,24224999.999947,4.408850054253e-07,1.663969063583e-07,9.669105528866e-08
7.0-7.5 MHz,2,,5.250000,11.000000,16.250000,24249999.999947,8.815760092517e-07,3.327544115991e-07,1.933169958306e-07
7.0-7.5 MHz,2,,5.250000,11.000000,16.250000,24274999.999947,4.408864134088e-07,1.663988856287e-07,9.669487703048e-08
7.0-7.5 MHz,2,,5.250000,11.000000,16.250000,24299999.999947,8.997140032009e-11,1.025488972730e-10,5.011336137468e-11
7.0-7.5 MHz,2,,5.250000,11.000000,16.250000,24324999.999947,9.133880321246e-11,1.029808699420e-10,5.149799993946e-11
7.0-7.5 MHz,2,,5.250000,11.000000,16.250000,24349999.999947,9.174708120594e-11,1.027200217304e-10,5.167472307037e-11
7.0-7.5 MHz,2,,5.250000,11.000000,16.250000,24374999.999947,9.216434347413e-11,1.018137404445e-10,5.139914697519e-11
7.0-7.5 MHz,2,,5.250000,11.000000,16.250000,24399999.999946,9.285493678575e-11,1.009730430556e-10,5.115775088621e-11
7.0-7.5 MHz,2,,5.250000,11.000000,16.250000,24424999.999946,9.468639701823e-11,1.001780475361e-10,5.108781882733e-11
7.0-7.5 MHz,2,,5.250000,11.000000,16.250000,24449999.999946,1.031042334234e-10,9.778694721845e-11,5.087268818280e-11
7.0-7.5 MHz,2,,5.250000,11.000000,16.250000,24474999.999946,5.031744161619e-07,9.210424234702e-08,5.023476492861e-08
7.0-7.5 MHz,2,,5.250000,11.000000,16.250000,24499999.999946,1.006483114674e-06,1.839531163721e-07,1.005137470415e-07
7.0-7.5 MHz,2,,5.250000,11.000000,16.250000,24524999.999946,5.031835218323e-07,9.210669626470e-08,5.024026763871e-08
7.0-7.5 MHz,2,,5.250000,11.000000,16.250000,24549999.999946,1.021335651577e-10,9.529264856210e-11,4.947698204737e-11
7.0-7.5 MHz,2,,5.250000,11.000000,16.250000,24574999.999946,9.204954975770e-11,9.654360633455e-11,4.924479810012e-11
7.0-7.5 MHz,2,,5.250000,11.000000,16.250000,24599999.999946,8.921228946815e-11,9.628368769681e-11,4.885242390286e-11
7.0-7.5 MHz,2,,5.250000,11.000000,16.250000,24624999.999946,8.774394693867e-11,9.584863816054e-11,4.849634001706e-11
7.0-7.5 MHz,2,,5.250000,11.000000,16.250000,24649999.999946,8.686261188841e-11,9.525106833264e-11,4.813081606191e-11
7.0-7.5 MHz,2,,5.250000,11.000000,16.250000,24674999.999946,8.648158412401e-11,9.453579084744e-11,4.766867913417e-11
7.0-7.5 MHz,2,,5.250000,11.000000,16.250000,24699999.999946,8.856556300397e-11,9.179114955210e-11,4.586806668816e-11
7.0-7.5 MHz,2,,5.250000,11.000000,16.250000,24724999.999946,6.869897283687e-07,1.483560439491e-07,4.341159449031e-08
7.0-7.5 MHz,2,,5.250000,11.000000,16.250000,24749999.999946,1.373900964733e-06,2.965199514655e-07,8.669430846969e-08
7.0-7.5 MHz,2,,5.250000,11.000000,16.250000,24774999.999946,6.869886312746e-07,1.483537626307e-07,4.340765600555e-08
7.0-7.5 MHz,2,,5.250000,11.000000,16.250000,24799999.999946,8.796341100185e-11,9.044077078763e-11,4.620822741561e-11
7.0-7.5 MHz,2,,5.250000,11.000000,16.250000,24824999.999946,8.307422691600e-11,9.094077772560e-11,4.604329404327e-11
7.0-7.5 MHz,2,,5.250000,11.000000,16.250000,24849999.999946,8.132987247202e-11,9.182229454328e-11,4.633757328089e-11
7.0-7.5 MHz,2,,5.250000,11.000000,16.250000,24874999.999945,8.004380825901e-11,9.094338995619e-11,4.581375477768e-11
7.0-7.5 MHz,2,,5.250000,11.000000,16.250000,24899999.999945,7.824060300818e-11,9.137673498814e-11,4.594428668015e-11
7.0-7.5 MHz,2,,5.250000,11.000000,16.250000,24924999.999945,7.512188868812e-11,9.113506350830e-11,4.567324505938e-11
7.0-7.5 MHz,2,,5.250000,11.000000,16.250000,24949999.999945,6.548142555111e-11,9.260026750576e-11,4.599986748448e-11
7.0-7.5 MHz,2,,5.250000,11.000000,16.250000,24974999.999945,4.399435413099e-07,1.089486409893e-07,4.793062472760e-08
7.0-7.5 MHz,2,,5.250000,11.000000,16.250000,24999999.999945,8.795784857471e-07,2.180768859907e-07,9.586748661224e-08
14.0-14.5 MHz,3,,5.250000,,5.250000,524999.999999,4.746887266961e-07,1.482112863916e-06,6.416416362256e-07
14.0-14.5 MHz,3,,5.250000,,5.250000,549999.999999,1.184689256400e-09,2.201853271117e-09,1.101914308152e-09
14.0-14.5 MHz,3,,5.250000,,5.250000,574999.999999,1.061364179293e-09,2.205810444533e-09,1.101524058124e-09
14.0-14.5 MHz,3,,5.250000,,5.250000,599999.999999,9.566321635971e-10,2.212262697018e-09,1.105167482742e-09
14.0-14.5 MHz,3,,5.250000,,5.250000,624999.999999,8.712396820984e-10,2.220125848644e-09,1.109910473708e-09
14.0-14.5 MHz,3,,5.250000,,5.250000,649999.999999,8.026532555955e-10,2.228981001108e-09,1.115061840296e-09
14.0-14.5 MHz,3,,5.250000,,5.250000,674999.999999,7.486281029223e-10,2.238353880714e-09,1.120114626076e-09
14.0-14.5 MHz,3,,5.250000,,5.250000,699999.999998,7.096064238037e-10,2.246382462983e-09,1.123081662412e-09
14.0-14.5 MHz,3,,5.250000,,5.250000,724999.999998,2.885474560893e-07,1.022324777917e-06,4.360598766910e-07
14.0-14.5 MHz,3,,5.250000,,5.250000,749999.999998,5.786479985378e-07,2.043931795465e-06,8.710048238030e-07
14.0-14.5 MHz,3,,5.250000,,5.250000,774999.999998,2.886422715999e-07,1.022353370076e-06,4.360817963594e-07
14.0-14.5 MHz,3,,5.250000,,5.250000,799999.999998,6.132371916138e-10,2.299040969491e-09,1.151597035245e-09
14.0-14.5 MHz,3,,5.250000,,5.250000,824999.999998,5.982729495268e-10,2.313675944879e-09,1.161255559614e-09
14.0-14.5 MHz,3,,5.250000,,5.250000,849999.999998,5.904053704397e-10,2.328900933230e-09,1.169676510897e-09
14.0-14.5 MHz,3,,5.250000,,5.250000,874999.999998,5.860192869009e-10,2.344619812009e-09,1.177842900145e-09
14.0-14.5 MHz,3,,5.250000,,5.250000,899999.999998,5.845870689412e-10,2.360975031303e-09,1.185880127123e-09
14.0-14.5 MHz,3,,5.250000,,5.250000,924999.999998,5.858929064631e-10,2.378176006796e-09,1.193334321537e-09
14.0-14.5 MHz,3,,5.250000,,5.250000,949999.999998,5.923783721095e-10,2.396334387534e-09,1.197026431945e-09
14.0-14.5 MHz,3,,5.250000,,5.250000,974999.999998,4.948301091068e-07,1.767994504558e-06,8.286525307229e-07
14.0-14.5 MHz,3,,5.250000,,5.250000,999999.999998,9.905284096590e-07,3.536239324162e-06,1.656207409849e-06
14.0-14.5 MHz,3,,5.250000,,5.250000,1024999.999998,4.948635198364e-07,1.768030328776e-06,8.286757305734e-07
14.0-14.5 MHz,3,,5.250000,,5.250000,1049999.999998,6.064467238165e-10,2.474751643784e-09,1.238394984183e-09
14.0-14.5 MHz,3,,5.250000,,5.250000,1074999.999998,6.059314991412e-10,2.489659939854e-09,1.252730855268e-09
14.0-14.5 MHz,3,,5.250000,,5.250000,1099999.999998,6.099175064150e-10,2.509306590929e-09,1.265492019191e-09
14.0-14.5 MHz,3,,5.250000,,5.250000,1124999.999998,6.144936876485e-10,2.530099857954e-09,1.278598013148e-09
14.0-14.5 MHz,3,,5.250000,,5.250000,1149999.999997,6.190252538201e-10,2.551915016937e-09,1.293502050125e-09
14.0-14.5 MHz,3,,5.250000,,5.250000,1174999.999997,6.214941606970e-10,2.575982100672e-09,1.313908921486e-09
14.0-14.5 MHz,3,,5.250000,,5.250000,1199999.999997,6.187475276059e-10,2.622530420803e-09,1.365174770210e-09
14.0-14.5 MHz,3,,5.250000,,5.250000,1224999.999997,2.826749533746e-06,1.042624140762e-05,5.232171238539e-06
14.0-14.5 MHz,3,,5.250000,,5.250000,1249999.999997,5.652494367302e-06,2.085074872648e-05,1.046451749415e-05
14.0-14.5 MHz,3,,5.250000,,5.250000,1274999.999997,2.826737059938e-06,1.042622836654e-05,5.232150762968e-06
14.0-14.5 MHz,3,,5.250000,,5.250000,1299999.999997,6.482178884268e-10,2.701105764385e-09,1.406120784041e-09
14.0-14.5 MHz,3,,5.250000,,5.250000,1324999.999997,6.692862966870e-10,2.720578913049e-09,1.388092627377e-09
14.0-14.5 MHz,3,,5.250000,,5.250000,1349999.999997,6.809173846595e-10,2.744386192017e-09,1.392451180871e-09
14.0-14.5 MHz,3,,5.250000,,5.250000,1374999.999997,6.897200435728e-10,2.766698526152e-09,1.400829448092e-09
14.0-14.5 MHz,3,,5.250000,,5.250000,1399999.999997,6.962950330646e-10,2.784225174984e-09,1.408951551472e-09
14.0-14.5 MHz,3,,5.250000,,5.250000,1424999.999997,6.980738770611e-10,2.787167677872e-09,1.411959777982e-09
14.0-14.5 MHz,3,,5.250000,,5.250000,1449999.999997,6.802966929173e-10,2.724646776267e-09,1.389502376574e-09
14.0-14.5 MHz,3,,5.250000,,5.250000,1474999.999997,1.476932075748e-06,5.603770928664e-06,2.643571315493e-06
14.0-14.5 MHz,3,,5.250000,,5.250000,1499999.999997,2.951597416505e-06,1.119930034008e-05,5.283479890350e-06
14.0-14.5 MHz,3,,5.250000,,5.250000,1524999.999997,1.476942330670e-06,5.603802246210e-06,2.643579749443e-06
14.0-14.5 MHz,3,,5.250000,,5.250000,1549999.999997,7.202372253205e-10,2.851359202092e-09,1.451014380978e-09
14.0-14.5 MHz,3,,5.250000,,5.250000,1574999.999997,7.588785907420e-10,2.984775643929e-09,1.509196693504e-09
14.0-14.5 MHz,3,,5.250000,,5.250000,1599999.999996,7.775234142055e-10,3.048492853523e-09,1.538615976717e-09
14.0-14.5 MHz,3,,5.250000,,5.250000,1624999.999996,7.920381098002e-10,3.098022838506e-09,1.562307160655e-09
14.0-14.5 MHz,3,,5.250000,,5.250000,1649999.999996,8.053514429806e-10,3.143928459778e-09,1.584654107936e-09
14.0-14.5 MHz,3,,5.250000,,5.250000,1674999.999996,8.189206202829e-10,3.191221574089e-09,1.607815091182e-09
14.0-14.5 MHz,3,,5.250000,,5.250000,1699999.999996,8.354229359901e-10,3.251305169828e-09,1.636929585726e-09
14.0-14.5 MHz,3,,5.250000,,5.250000,1724999.999996,2.504548848211e-07,9.876666669555e-07,4.833171626692e-07
14.0-14.5 MHz,3,,5.250000,,5.250000,1749999.999996,5.029405758229e-07,1.983820225818e-06,9.707107827850e-07
14.0-14.5 MHz,3,,5.250000,,5.250000,1774999.999996,2.504280588395e-07,9.875783360221e-07,4.832756062444e-07
14.0-14.5 MHz,3,,5.250000,,5.250000,1799999.999996,8.855901207331e-10,3.424917517146e-09,1.723824126592e-09
14.0-14.5 MHz,3,,5.250000,,5.250000,1824999.999996,8.947251676613e-10,3.453443909471e-09,1.738587387379e-09
14.0-14.5 MHz,3,,5.250000,,5.250000,1849999.999996,9.072978054666e-10,3.496484369521e-09,1.760240872204e-09
14.0-14.5 MHz,3,,5.250000,,5.250000,1874999.999996,9.210336403458e-10,3.544901970669e-09,1.784437986343e-09
14.0-14.5 MHz,3,,5.250000,,5.250000,1899999.999996,9.364457600370e-10,3.598691942734e-09,1.811196868638e-09
14.0-14.5 MHz,3,,5.250000,,5.250000,1924999.999996,9.544964365025e-10,3.662965600193e-09,1.842853132884e-09
14.0-14.5 MHz,3,,5.250000,,5.250000,1949999.999996,9.837219152779e-10,3.767577476659e-09,1.893208844044e-09
14.0-14.5 MHz,3,,5.250000,,5.250000,1974999.999996,8.495510944640e-07,3.278916954311e-06,1.657617707742e-06
14.0-14.5 MHz,3,,5.250000,,5.250000,1999999.999996,1.701551791303e-06,6.566681402722e-06,3.319304801648e-06
14.0-14.5 MHz,3,,5.250000,,5.250000,2024999.999996,8.495296608141e-07,3.278844344894e-06,1.657585957738e-06
14.0-14.5 MHz,3,,5.250000,,5.250000,2049999.999996,1.044857370809e-09,3.985775330042e-09,2.002894785865e-09
14.0-14.5 MHz,3,,5.250000,,5.250000,2074999.999995,1.044961495760e-09,3.984435488725e-09,2.004173328909e-09
14.0-14.5 MHz,3,,5.250000,,5.250000,2099999.999995,1.056968990278e-09,4.026862121277e-09,2.026045847350e-09
14.0-14.5 MHz,3,,5.250000,,5.250000,2124999.999995,1.071768820784e-09,4.079864410877e-09,2.052912093496e-09
14.0-14.5 MHz,3,,5.250000,,5.250000,2149999.999995,1.087904010393e-09,4.137643341653e-09,2.082063003618e-09
14.0-14.5 MHz,3,,5.250000,,5.250000,2174999.999995,1.104581923545e-09,4.198074125629e-09,2.112523463777e-09
14.0-14.5 MHz,3,,5.250000,,5.250000,2199999.999995,1.121765568837e-09,4.260607293756e-09,2.144110889548e-09
14.0-14.5 MHz,3,,5.250000,,5.250000,2224999.999995,1.960460745742e-07,7.659792665933e-07,4.602711985863e-07
14.0-14.5 MHz,3,,5.250000,,5.250000,2249999.999995,3.913004470232e-07,1.530064609055e-06,9.198914414457e-07
14.0-14.5 MHz,3,,5.250000,,5.250000,2274999.999995,1.960457102442e-07,7.659706287645e-07,4.602638726758e-07
14.0-14.5 MHz,3,,5.250000,,5.250000,2299999.999995,1.196371500386e-09,4.529418309741e-09,2.279360331707e-09
14.0-14.5 MHz,3,,5.250000,,5.250000,2324999.999995,1.217475999585e-09,4.604646542378e-09,2.316811288791e-09
14.0-14.5 MHz,3,,5.250000,,5.250000,2349999.999995,1.237929564194e-09,4.677961029156e-09,2.353562808130e-09
14.0-14.5 MHz,3,,5.250000,,5.250000,2374999.999995,1.258092139382e-09,4.750500598719e-09,2.389991878743e-09
14.0-14.5 MHz,3,,5.250000,,5.250000,2399999.999995,1.277415993715e-09,4.819680760248e-09,2.424804595650e-09
14.0-14.5 MHz,3,,5.250000,,5.250000,2424999.999995,1.293510166324e-09,4.875935320482e-09,2.453301502010e-09
14.0-14.5 MHz,3,,5.250000,,5.250000,2449999.999995,1.293004131619e-09,4.866857552946e-09,2.449914947747e-09
14.0-14.5 MHz,3,,5.250000,,5.250000,2474999.999995,1.185422259125e-06,4.647556251958e-06,2.308910150699e-06
14.0-14.5 MHz,3,,5.250000,,5.250000,2499999.999995,2.366629805851e-06,9.279116975152e-06,4.609837735802e-06
14.0-14.5 MHz,3,,5.250000,,5.250000,2524999.999994,1.185476369410e-06,4.647753346732e-06,2.309012805485e-06
14.0-14.5 MHz,3,,5.250000,,5.250000,2549999.999994,1.393255734672e-09,5.231121956278e-09,2.631810165585e-09
14.0-14.5 MHz,3,,5.250000,,5.250000,2574999.999994,1.444666806838e-09,5.426215684470e-09,2.729156615437e-09
14.0-14.5 MHz,3,,5.250000,,5.250000,2599999.999994,1.479447736117e-09,5.555287079167e-09,2.793671210960e-09
14.0-14.5 MHz,3,,5.250000,,5.250000,2624999.999994,1.511497548570e-09,5.673032111203e-09,2.852545865186e-09
14.0-14.5 MHz,3,,5.250000,,5.250000,2649999.999994,1.543507464209e-09,5.790682102571e-09,2.911294592185e-09
14.0-14.5 MHz,3,,5.250000,,5.250000,2674999.999994,1.577388653313e-09,5.915121294928e-09,2.973134967450e-09
14.0-14.5 MHz,3,,5.250000,,5.250000,2699999.999994,1.619002292789e-09,6.068736793564e-09,3.048157427953e-09
14.0-14.5 MHz,3,,5.250000,,5.250000,2724999.999994,4.950518172490e-07,1.889405051181e-06,8.901190799648e-07
14.0-14.5 MHz,3,,5.250000,,5.250000,2749999.999994,9.949503147545e-07,3.796884190722e-06,1.788866016390e-06
14.0-14.5 MHz,3,,5.250000,,5.250000,2774999.999994,4.949857456255e-07,1.889164995785e-06,8.900041902877e-07
14.0-14.5 MHz,3,,5.250000,,5.250000,2799999.999994,1.754435552820e-09,6.565047497112e-09,3.296964348864e-09
14.0-14.5 MHz,3,,5.250000,,5.250000,2824999.999994,1.780623504263e-09,6.659431823766e-09,3.346531145736e-09
14.0-14.5 MHz,3,,5.250000,,5.250000,2849999.999994,1.815402231930e-09,6.786645018067e-09,3.410957766140e-09
14.0-14.5 MHz,3,,5.250000,,5.250000,2874999.999994,1.853226000379e-09,6.925343716871e-09,3.480780130596e-09
14.0-14.5 MHz,3,,5.250000,,5.250000,2899999.999994,1.893666816367e-09,7.073286122460e-09,3.555063224648e-09
14.0-14.5 MHz,3,,5.250000,,5.250000,2924999.999994,1.937146791889e-09,7.233365066251e-09,3.635241292688e-09
14.0-14.5 MHz,3,,5.250000,,5.250000,2949999.999994,1.989825837342e-09,7.427876064192e-09,3.731947393606e-09
14.0-14.5 MHz,3,,5.250000,,5.250000,2974999.999993,7.114581339183e-07,2.758200582979e-06,1.324203596877e-06
14.0-14.5 MHz,3,,5.250000,,5.250000,2999999.999993,1.427339585221e-06,5.532487063329e-06,2.656535867222e-06
14.0-14.5 MHz,3,,5.250000,,5.250000,3024999.999993,7.113950752417e-07,2.757974156050e-06,1.324090519882e-06
14.0-14.5 MHz,3,,5.250000,,5.250000,3049999.999993,2.173383466334e-09,8.101879622559e-09,4.070704359090e-09
14.0-14.5 MHz,3,,5.250000,,5.250000,3074999.999993,2.211843126326e-09,8.241685847260e-09,4.141600768619e-09
14.0-14.5 MHz,3,,5.250000,,5.250000,3099999.999993,2.260084632048e-09,8.418633486683e-09,4.230673427968e-09
14.0-14.5 MHz,3,,5.250000,,5.250000,3124999.999993,2.311743438248e-09,8.608298490806e-09,4.326031680829e-09
14.0-14.5 MHz,3,,5.250000,,5.250000,3149999.999993,2.365484949737e-09,8.805747405291e-09,4.425309173307e-09
14.0-14.5 MHz,3,,5.250000,,5.250000,3174999.999993,2.420337041652e-09,9.007156181998e-09,4.526715844503e-09
14.0-14.5 MHz,3,,5.250000,,5.250000,3199999.999993,2.472163766945e-09,9.198025878070e-09,4.623576070219e-09
14.0-14.5 MHz,3,,5.250000,,5.250000,3224999.999993,8.980411804918e-07,3.465348477779e-06,1.678849709833e-06
14.0-14.5 MHz,3,,5.250000,,5.250000,3249999.999993,1.792416652165e-06,6.917579771758e-06,3.351301943905e-06
14.0-14.5 MHz,3,,5.250000,,5.250000,3274999.999993,8.980935009207e-07,3.465533698622e-06,1.678940565291e-06
14.0-14.5 MHz,3,,5.250000,,5.250000,3299999.999993,2.731379006419e-09,1.015060255522e-08,5.101553022956e-09
14.0-14.5 MHz,3,,5.250000,,5.250000,3324999.999993,2.812456816711e-09,1.044948628458e-08,5.250699612320e-09
14.0-14.5 MHz,3,,5.250000,,5.250000,3349999.999993,2.889749876952e-09,1.073376998064e-08,5.393148790617e-09
14.0-14.5 MHz,3,,5.250000,,5.250000,3374999.999993,2.968455507528e-09,1.102372685547e-08,5.538616260032e-09
14.0-14.5 MHz,3,,5.250000,,5.250000,3399999.999993,3.049969454089e-09,1.132353400438e-08,5.689135860704e-09
14.0-14.5 MHz,3,,5.250000,,5.250000,3424999.999992,3.134493971839e-09,1.163457397875e-08,5.845470330530e-09
14.0-14.5 MHz,3,,5.250000,,5.250000,3449999.999992,3.221920813354e-09,1.195595624342e-08,6.007725427056e-09
14.0-14.5 MHz,3,,5.250000,,5.250000,3474999.999992,3.481530636112e-07,1.344977405534e-06,6.503749470788e-07
14.0-14.5 MHz,3,,5.250000,,5.250000,3499999.999992,6.957567037973e-07,2.687440162008e-06,1.300825956254e-06
14.0-14.5 MHz,3,,5.250000,,5.250000,3524999.999992,3.481736095712e-07,1.345060393271e-06,6.503922106956e-07
14.0-14.5 MHz,3,,5.250000,,5.250000,3549999.999992,3.614450183711e-09,1.340171778240e-08,6.733106874332e-09
14.0-14.5 MHz,3,,5.250000,,5.250000,3574999.999992,3.723513598755e-09,1.380352390880e-08,6.933596092000e-09
14.0-14.5 MHz,3,,5.250000,,5.250000,3599999.999992,3.837580499894e-09,1.422394143393e-08,7.144103906061e-09
14.0-14.5 MHz,3,,5.250000,,5.250000,3624999.999992,3.957058063211e-09,1.466381655834e-08,7.364397085413e-09
14.0-14.5 MHz,3,,5.250000,,5.250000,3649999.999992,4.082087765120e-09,1.512426420905e-08,7.594763849039e-09
14.0-14.5 MHz,3,,5.250000,,5.250000,3674999.999992,4.212987526028e-09,1.560568932402e-08,7.834833351784e-09
14.0-14.5 MHz,3,,5.250000,,5.250000,3699999.999992,4.348264406104e-09,1.610101965896e-08,8.078126082672e-09
14.0-14.5 MHz,3,,5.250000,,5.250000,3724999.999992,2.212525917919e-06,8.452459139323e-06,4.303470314168e-06
14.0-14.5 MHz,3,,5.250000,,5.250000,3749999.999992,4.424699059581e-06,1.690273767137e-05,8.604327806869e-06
14.0-14.5 MHz,3,,5.250000,,5.250000,3774999.999992,2.212539568913e-06,8.452526783494e-06,4.303536076894e-06
14.0-14.5 MHz,3,,5.250000,,5.250000,3799999.999992,4.981417605511e-09,1.843576574847e-08,9.249165580532e-09
14.0-14.5 MHz,3,,5.250000,,5.250000,3824999.999992,5.156854714509e-09,1.908506853529e-08,9.580127563724e-09
14.0-14.5 MHz,3,,5.250000,,5.250000,3849999.999992,5.346405606894e-09,1.978504750100e-08,9.932441860163e-09
14.0-14.5 MHz,3,,5.250000,,5.250000,3874999.999992,5.549580073403e-09,2.053474780936e-08,1.030848883297e-08
14.0-14.5 MHz,3,,5.250000,,5.250000,3899999.999991,5.770408517948e-09,2.135023945531e-08,1.071643800010e-08
14.0-14.5 MHz,3,,5.250000,,5.250000,3924999.999991,6.021663569223e-09,2.227966229310e-08,1.117914510144e-08
14.0-14.5 MHz,3,,5.250000,,5.250000,3949999.999991,6.368269185901e-09,2.356744339811e-08,1.181127526692e-08
14.0-14.5 MHz,3,,5.250000,,5.250000,3974999.999991,6.227554589345e-06,2.363162085266e-05,1.141570191112e-05
14.0-14.5 MHz,3,,5.250000,,5.250000,3999999.999991,1.247199169045e-05,4.732528650899e-05,2.286173851446e-05
14.0-14.5 MHz,3,,5.250000,,5.250000,4024999.999991,6.227073582285e-06,2.362985605833e-05,1.141483609119e-05
14.0-14.5 MHz,3,,5.250000,,5.250000,4049999.999991,7.448422228382e-09,2.755108607217e-08,1.381141088204e-08
14.0-14.5 MHz,3,,5.250000,,5.250000,4074999.999991,7.640094506090e-09,2.824674791331e-08,1.417473039783e-08
14.0-14.5 MHz,3,,5.250000,,5.250000,4099999.999991,7.939263994273e-09,2.934660168405e-08,1.473082706693e-08
14.0-14.5 MHz,3,,5.250000,,5.250000,4124999.999991,8.279453153958e-09,3.059960948386e-08,1.536158021117e-08
14.0-14.5 MHz,3,,5.250000,,5.250000,4149999.999991,8.649991529234e-09,3.196504171680e-08,1.604804470526e-08
14.0-14.5 MHz,3,,5.250000,,5.250000,4174999.999991,9.047571745494e-09,3.342998832156e-08,1.678437350187e-08
14.0-14.5 MHz,3,,5.250000,,5.250000,4199999.999991,9.462979596710e-09,3.495952765705e-08,1.755425901027e-08
14.0-14.5 MHz,3,,5.250000,,5.250000,4224999.999991,1.285927971668e-06,4.873123274064e-06,2.369991040111e-06
14.0-14.5 MHz,3,,5.250000,,5.250000,4249999.999991,2.551701092721e-06,9.671357691565e-06,4.703196851165e-06
14.0-14.5 MHz,3,,5.250000,,5.250000,4274999.999991,1.286632200466e-06,4.875733534304e-06,2.371276028725e-06
14.0-14.5 MHz,3,,5.250000,,5.250000,4299999.999991,1.156351533925e-08,4.270496582343e-08,2.144238706455e-08
14.0-14.5 MHz,3,,5.250000,,5.250000,4324999.999991,1.221430539955e-08,4.510747518533e-08,2.264659211627e-08
14.0-14.5 MHz,3,,5.250000,,5.250000,4349999.999990,1.290728871524e-08,4.766320035772e-08,2.392892217486e-08
14.0-14.5 MHz,3,,5.250000,,5.250000,4374999.999990,1.365698912263e-08,5.042825832361e-08,2.531656713884e-08
14.0-14.5 MHz,3,,5.250000,,5.250000,4399999.999990,1.447170876447e-08,5.343304682346e-08,2.682458180289e-08
14.0-14.5 MHz,3,,5.250000,,5.250000,4424999.999990,1.535816932556e-08,5.670165535508e-08,2.846493584596e-08
14.0-14.5 MHz,3,,5.250000,,5.250000,4449999.999990,1.631376769910e-08,6.022446719385e-08,3.023236850736e-08
14.0-14.5 MHz,3,,5.250000,,5.250000,4474999.999990,1.074212982904e-06,4.044402465370e-06,2.060271059677e-06
14.0-14.5 MHz,3,,5.250000,,5.250000,4499999.999990,2.095941585763e-06,7.894794840111e-06,4.022801412328e-06
14.0-14.5 MHz,3,,5.250000,,5.250000,4524999.999990,1.076655388953e-06,4.053421164902e-06,2.064812386717e-06
14.0-14.5 MHz,3,,5.250000,,5.250000,4549999.999990,2.132799612620e-08,7.871770679010e-08,3.951453195686e-08
14.0-14.5 MHz,3,,5.250000,,5.250000,4574999.999990,2.296372756308e-08,8.475249217343e-08,4.254433431932e-08
14.0-14.5 MHz,3,,5.250000,,5.250000,4599999.999990,2.477489856022e-08,9.143306321698e-08,4.589771376668e-08
14.0-14.5 MHz,3,,5.250000,,5.250000,4624999.999990,2.680453749569e-08,9.891927973186e-08,4.965536967269e-08
14.0-14.5 MHz,3,,5.250000,,5.250000,4649999.999990,2.909338791564e-08,1.073613611607e-07,5.389281382198e-08
14.0-14.5 MHz,3,,5.250000,,5.250000,4674999.999990,3.169070337339e-08,1.169415158575e-07,5.870164629295e-08
14.0-14.5 MHz,3,,5.250000,,5.250000,4699999.999990,3.466670467009e-08,1.279193833512e-07,6.421285196692e-08
14.0-14.5 MHz,3,,5.250000,,5.250000,4724999.999990,1.139035260894e-06,4.264396349494e-06,2.197926415888e-06
14.0-14.5 MHz,3,,5.250000,,5.250000,4749999.999990,2.395845807571e-06,8.963327115992e-06,4.613851009883e-06
14.0-14.5 MHz,3,,5.250000,,5.250000,4774999.999990,1.130589915914e-06,4.233248752485e-06,2.182301736839e-06
14.0-14.5 MHz,3,,5.250000,,5.250000,4799999.999989,5.182540886223e-08,1.912069071898e-07,9.597805157104e-08
14.0-14.5 MHz,3,,5.250000,,5.250000,4824999.999989,5.809499693298e-08,2.143300784773e-07,1.075827987834e-07
14.0-14.5 MHz,3,,5.250000,,5.250000,4849999.999989,6.560505943394e-08,2.420297764481e-07,1.214854085181e-07
14.0-14.5 MHz,3,,5.250000,,5.250000,4874999.999989,7.468081254607e-08,2.755045145406e-07,1.382867503750e-07
14.0-14.5 MHz,3,,5.250000,,5.250000,4899999.999989,8.578485318085e-08,3.164605223188e-07,1.588430504453e-07
14.0-14.5 MHz,3,,5.250000,,5.250000,4924999.999989,9.956851990483e-08,3.672998663820e-07,1.843597496656e-07
14.0-14.5 MHz,3,,5.250000,,5.250000,4949999.999989,1.169633845542e-07,4.314592081049e-07,2.165609192720e-07
14.0-14.5 MHz,3,,5.250000,,5.250000,4974999.999989,1.356505587939e-06,5.045140106451e-06,2.642069925665e-06
14.0-14.5 MHz,3,,5.250000,,5.250000,4999999.999989,2.437968366494e-06,9.080523007200e-06,4.777951213034e-06
14.0-14.5 MHz,3,,5.250000,,5.250000,5024999.999989,1.403783135178e-06,5.218733098802e-06,2.728771725499e-06
14.0-14.5 MHz,3,,5.250000,,5.250000,5049999.999989,2.655432293053e-07,9.794806174524e-07,4.916204647444e-07
14.0-14.5 MHz,3,,5.250000,,5.250000,5074999.999989,3.485691477472e-07,1.285712911744e-06,6.453227359107e-07
14.0-14.5 MHz,3,,5.250000,,5.250000,5099999.999989,4.780843776760e-07,1.763414041243e-06,8.850841701666e-07
14.0-14.5 MHz,3,,5.250000,,5.250000,5124999.999989,6.973037717911e-07,2.571972986703e-06,1.290899758396e-06
14.0-14.5 MHz,3,,5.250000,,5.250000,5149999.999989,1.115965617394e-06,4.116130645546e-06,2.065892948563e-06
14.0-14.5 MHz,3,,5.250000,,5.250000,5174999.999989,2.093586213165e-06,7.721824174429e-06,3.875438294246e-06
14.0-14.5 MHz,3,,5.250000,,5.250000,5199999.999989,5.590305280597e-06,2.061771929132e-05,1.034592486044e-05
14.0-14.5 MHz,3,,5.250000,,5.250000,5224999.999989,1.672734071065e-01,6.169758968680e-01,3.096712569856e-01
14.0-14.5 MHz,3,,5.250000,,5.250000,5249999.999988,3.345216949503e-01,1.233859142917e+00,6.192960162200e-01
14.0-14.5 MHz,3,,5.250000,,5.250000,5274999.999988,1.672734152538e-01,6.169759183747e-01,3.096712674279e-01
14.0-14.5 MHz,3,,5.250000,,5.250000,5299999.999988,5.593134208236e-06,2.062478750735e-05,1.034968428985e-05
14.0-14.5 MHz,3,,5.250000,,5.250000,5324999.999988,2.093915092521e-06,7.722732955240e-06,3.875833222847e-06
14.0-14.5 MHz,3,,5.250000,,5.250000,5349999.999988,1.116069449591e-06,4.116436477525e-06,2.066015371243e-06
14.0-14.5 MHz,3,,5.250000,,5.250000,5374999.999988,6.973526638012e-07,2.572122324288e-06,1.290958476143e-06
14.0-14.5 MHz,3,,5.250000,,5.250000,5399999.999988,4.781151477838e-07,1.763510487001e-06,8.851237156083e-07
14.0-14.5 MHz,3,,5.250000,,5.250000,5424999.999988,3.485960773599e-07,1.285801235539e-06,6.453627181194e-07
14.0-14.5 MHz,3,,5.250000,,5.250000,5449999.999988,2.655868884080e-07,9.796334019471e-07,4.916977711068e-07
14.0-14.5 MHz,3,,5.250000,,5.250000,5474999.999988,2.894927491935e-07,1.070894944904e-06,6.357825439620e-07
14.0-14.5 MHz,3,,5.250000,,5.250000,5499999.999988,8.618626146712e-07,3.172703253343e-06,1.813840400369e-06
14.0-14.5 MHz,3,,5.250000,,5.250000,5524999.999988,3.039638798222e-07,1.122362536203e-06,6.708562888335e-07
14.0-14.5 MHz,3,,5.250000,,5.250000,5549999.999988,1.169971599446e-07,4.315765422279e-07,2.166236378173e-07
14.0-14.5 MHz,3,,5.250000,,5.250000,5574999.999988,9.958177275306e-08,3.673414919051e-07,1.843820274350e-07
14.0-14.5 MHz,3,,5.250000,,5.250000,5599999.999988,8.579147067296e-08,3.164771887586e-07,1.588522457785e-07
14.0-14.5 MHz,3,,5.250000,,5.250000,5624999.999988,7.468360076861e-08,2.755066362089e-07,1.382884473339e-07
14.0-14.5 MHz,3,,5.250000,,5.250000,5649999.999988,6.560424852028e-08,2.420179782346e-07,1.214799435400e-07
14.0-14.5 MHz,3,,5.250000,,5.250000,5674999.999988,5.808831947220e-08,2.142956365834e-07,1.075655903955e-07
14.0-14.5 MHz,3,,5.250000,,5.250000,5699999.999988,5.180038086544e-08,1.911029335854e-07,9.592440316255e-08
14.0-14.5 MHz,3,,5.250000,,5.250000,5724999.999987,4.260839451682e-07,1.554982736234e-06,8.441784595827e-07
14.0-14.5 MHz,3,,5.250000,,5.250000,5749999.999987,9.393919849631e-07,3.430521848026e-06,1.832894890129e-06
14.0-14.5 MHz,3,,5.250000,,5.250000,5774999.999987,4.312292852126e-07,1.573861735041e-06,8.525970279264e-07
14.0-14.5 MHz,3,,5.250000,,5.250000,5799999.999987,3.464069531696e-08,1.278099925037e-07,6.415699822449e-08
14.0-14.5 MHz,3,,5.250000,,5.250000,5824999.999987,3.168299128342e-08,1.169008471774e-07,5.868193077064e-08
14.0-14.5 MHz,3,,5.250000,,5.250000,5849999.999987,2.909113797034e-08,1.073409908027e-07,5.388384888076e-08
14.0-14.5 MHz,3,,5.250000,,5.250000,5874999.999987,2.680520085740e-08,9.890942150765e-08,4.965202139854e-08
14.0-14.5 MHz,3,,5.250000,,5.250000,5899999.999987,2.477820524767e-08,9.143276438229e-08,4.589947159584e-08
14.0-14.5 MHz,3,,5.250000,,5.250000,5924999.999987,2.297110169337e-08,8.476768143965e-08,4.255430173001e-08
14.0-14.5 MHz,3,,5.250000,,5.250000,5949999.999987,2.134785153700e-08,7.878101532814e-08,3.954984189020e-08
14.0-14.5 MHz,3,,5.250000,,5.250000,5974999.999987,5.441440876366e-07,1.963865390090e-06,1.013500059181e-06
14.0-14.5 MHz,3,,5.250000,,5.250000,5999999.999987,1.041940176417e-06,3.757230714236e-06,1.945214574321e-06
14.0-14.5 MHz,3,,5.250000,,5.250000,6024999.999987,5.421442422092e-07,1.956508998944e-06,1.009965738946e-06
14.0-14.5 MHz,3,,5.250000,,5.250000,6049999.999987,1.633612611092e-08,6.029490704685e-08,3.027153556658e-08
14.0-14.5 MHz,3,,5.250000,,5.250000,6074999.999987,1.536709695438e-08,5.671972912470e-08,2.847692418731e-08
14.0-14.5 MHz,3,,5.250000,,5.250000,6099999.999987,1.447724370393e-08,5.343709033608e-08,2.682930871918e-08
14.0-14.5 MHz,3,,5.250000,,5.250000,6124999.999987,1.366118052489e-08,5.042727968960e-08,2.531868892662e-08
14.0-14.5 MHz,3,,5.250000,,5.250000,6149999.999987,1.291140329137e-08,4.766134286421e-08,2.393051753937e-08
14.0-14.5 MHz,3,,5.250000,,5.250000,6174999.999986,1.221977660278e-08,4.511071202664e-08,2.265050503184e-08
14.0-14.5 MHz,3,,5.250000,,5.250000,6199999.999986,1.157472236891e-08,4.273277052185e-08,2.145755695916e-08
14.0-14.5 MHz,3,,5.250000,,5.250000,6224999.999986,4.870218093776e-07,1.728543912403e-06,8.247589250768e-07
14.0-14.5 MHz,3,,5.250000,,5.250000,6249999.999986,9.424074313492e-07,3.340369609743e-06,1.590171917277e-06
14.0-14.5 MHz,3,,5.250000,,5.250000,6274999.999986,4.859999209487e-07,1.724776634414e-06,8.228440620788e-07
14.0-14.5 MHz,3,,5.250000,,5.250000,6299999.999986,9.473250798543e-09,3.498049493891e-08,1.756668558913e-08
14.0-14.5 MHz,3,,5.250000,,5.250000,6324999.999986,9.047023040208e-09,3.340650046248e-08,1.677574831967e-08
14.0-14.5 MHz,3,,5.250000,,5.250000,6349999.999986,8.644033171524e-09,3.191943759508e-08,1.602889757375e-08
14.0-14.5 MHz,3,,5.250000,,5.250000,6374999.999986,8.267391629358e-09,3.052934450711e-08,1.533059738735e-08
14.0-14.5 MHz,3,,5.250000,,5.250000,6399999.999986,7.916972583695e-09,2.923547578859e-08,1.468010876712e-08
14.0-14.5 MHz,3,,5.250000,,5.250000,6424999.999986,7.594669242559e-09,2.804456611736e-08,1.407985729529e-08
14.0-14.5 MHz,3,,5.250000,,5.250000,6449999.999986,7.321014687453e-09,2.702686764004e-08,1.356015937886e-08
14.0-14.5 MHz,3,,5.250000,,5.250000,6474999.999986,2.470394771269e-06,8.671981173949e-06,3.807801692073e-06
14.0-14.5 MHz,3,,5.250000,,5.250000,6499999.999986,4.955169368563e-06,1.739664295515e-05,7.641554418299e-06
14.0-14.5 MHz,3,,5.250000,,5.250000,6524999.999986,2.470783030156e-06,8.673399998283e-06,3.808497307164e-06
14.0-14.5 MHz,3,,5.250000,,5.250000,6549999.999986,6.241817800155e-09,2.304615998304e-08,1.156125922360e-08
14.0-14.5 MHz,3,,5.250000,,5.250000,6574999.999986,5.975510378435e-09,2.207176640418e-08,1.108209677052e-08
14.0-14.5 MHz,3,,5.250000,,5.250000,6599999.999986,5.746807004120e-09,2.122988531357e-08,1.066218817624e-08
14.0-14.5 MHz,3,,5.250000,,5.250000,6624999.999985,5.535406832767e-09,2.045101768407e-08,1.027228151370e-08
14.0-14.5 MHz,3,,5.250000,,5.250000,6649999.999985,5.336764041345e-09,1.971900381637e-08,9.905162430632e-09
14.0-14.5 MHz,3,,5.250000,,5.250000,6674999.999985,5.148734987431e-09,1.902573950262e-08,9.556718994925e-09
14.0-14.5 MHz,3,,5.250000,,5.250000,6699999.999985,4.968412013787e-09,1.836059138794e-08,9.219871737584e-09
14.0-14.5 MHz,3,,5.250000,,5.250000,6724999.999985,3.507631414488e-07,1.237623675919e-06,6.636624798255e-07
14.0-14.5 MHz,3,,5.250000,,5.250000,6749999.999985,6.935166559894e-07,2.444929125494e-06,1.306554850921e-06
14.0-14.5 MHz,3,,5.250000,,5.250000,6774999.999985,3.505908996911e-07,1.236972176283e-06,6.632182806495e-07
14.0-14.5 MHz,3,,5.250000,,5.250000,6799999.999985,4.344115412577e-09,1.605963158416e-08,8.065754800998e-09
14.0-14.5 MHz,3,,5.250000,,5.250000,6824999.999985,4.210968878967e-09,1.556907338845e-08,7.823151465504e-09
14.0-14.5 MHz,3,,5.250000,,5.250000,6849999.999985,4.080726008997e-09,1.509053131321e-08,7.584104197232e-09
14.0-14.5 MHz,3,,5.250000,,5.250000,6874999.999985,3.955254116326e-09,1.463179930002e-08,7.354488362227e-09
14.0-14.5 MHz,3,,5.250000,,5.250000,6899999.999985,3.833433310833e-09,1.419285991365e-08,7.134679983425e-09
14.0-14.5 MHz,3,,5.250000,,5.250000,6924999.999985,3.709823175437e-09,1.377356764902e-08,6.924836789761e-09
14.0-14.5 MHz,3,,5.250000,,5.250000,6949999.999985,3.524998124627e-09,1.337331285892e-08,6.725411989658e-09
14.0-14.5 MHz,3,,5.250000,,5.250000,6974999.999985,2.238167996016e-08,7.608703646032e-08,9.926247937215e-08
14.0-14.5 MHz,3,,5.250000,,5.250000,6999999.999985,4.089488563789e-08,1.423122971634e-07,2.074896869544e-07
14.0-14.5 MHz,3,,5.250000,,5.250000,7024999.999985,2.234891743648e-08,7.589878550202e-08,9.944973197927e-08
14.0-14.5 MHz,3,,5.250000,,5.250000,7049999.999985,3.245277016036e-09,1.192905691745e-08,6.001170074187e-09
14.0-14.5 MHz,3,,5.250000,,5.250000,7074999.999984,3.143974989825e-09,1.160557949037e-08,5.837759731978e-09
14.0-14.5 MHz,3,,5.250000,,5.250000,7099999.999984,3.056121550009e-09,1.129476247563e-08,5.681569067114e-09
14.0-14.5 MHz,3,,5.250000,,5.250000,7124999.999984,2.973887184129e-09,1.099612546834e-08,5.531670378877e-09
14.0-14.5 MHz,3,,5.250000,,5.250000,7149999.999984,2.895550433998e-09,1.070923936311e-08,5.387696410028e-09
14.0-14.5 MHz,3,,5.250000,,5.250000,7174999.999984,2.820403325782e-09,1.043329449540e-08,5.249149969293e-09
14.0-14.5 MHz,3,,5.250000,,5.250000,7199999.999984,2.748109568017e-09,1.016708911396e-08,5.115058553269e-09
14.0-14.5 MHz,3,,5.250000,,5.250000,7224999.999984,1.448170053000e-07,4.925996493478e-07,2.659695429691e-07
14.0-14.5 MHz,3,,5.250000,,5.250000,7249999.999984,2.894185404937e-07,9.843050777659e-07,5.298273530036e-07
14.0-14.5 MHz,3,,5.250000,,5.250000,7274999.999984,1.448088717003e-07,4.925681527610e-07,2.659268732756e-07
14.0-14.5 MHz,3,,5.250000,,5.250000,7299999.999984,2.486780354736e-09,9.203366589919e-09,4.631997441141e-09
14.0-14.5 MHz,3,,5.250000,,5.250000,7324999.999984,2.426974751676e-09,8.983125221639e-09,4.522327976151e-09
14.0-14.5 MHz,3,,5.250000,,5.250000,7349999.999984,2.369537589607e-09,8.771215397101e-09,4.416374774982e-09
14.0-14.5 MHz,3,,5.250000,,5.250000,7374999.999984,2.314135593615e-09,8.566936096214e-09,4.314179592081e-09
14.0-14.5 MHz,3,,5.250000,,5.250000,7399999.999984,2.260875907349e-09,8.370063914115e-09,4.215747493667e-09
14.0-14.5 MHz,3,,5.250000,,5.250000,7424999.999984,2.209559718362e-09,8.180862844046e-09,4.121357323694e-09
14.0-14.5 MHz,3,,5.250000,,5.250000,7449999.999984,2.161306796605e-09,8.002205589911e-09,4.033216281072e-09
14.0-14.5 MHz,3,,5.250000,,5.250000,7474999.999984,1.362445306335e-07,4.581686846375e-07,2.571860401196e-07
14.0-14.5 MHz,3,,5.250000,,5.250000,7499999.999984,2.758663446191e-07,9.289615080144e-07,5.228558530325e-07
14.0-14.5 MHz,3,,5.250000,,5.250000,7524999.999983,1.362954569767e-07,4.583577109468e-07,2.573097450434e-07
14.0-14.5 MHz,3,,5.250000,,5.250000,7549999.999983,1.977258683795e-09,7.323231454079e-09,3.693083282167e-09
14.0-14.5 MHz,3,,5.250000,,5.250000,7574999.999983,1.933638666405e-09,7.162506023082e-09,3.611242900993e-09
14.0-14.5 MHz,3,,5.250000,,5.250000,7599999.999983,1.892338316278e-09,7.010249796600e-09,3.534524163794e-09
14.0-14.5 MHz,3,,5.250000,,5.250000,7624999.999983,1.852565563428e-09,6.863380107916e-09,3.460596951966e-09
14.0-14.5 MHz,3,,5.250000,,5.250000,7649999.999983,1.814179229507e-09,6.721759511343e-09,3.389115161704e-09
14.0-14.5 MHz,3,,5.250000,,5.250000,7674999.999983,1.777197995974e-09,6.585011046806e-09,3.319360540689e-09
14.0-14.5 MHz,3,,5.250000,,5.250000,7699999.999983,1.742221868702e-09,6.454942916843e-09,3.249556282256e-09
14.0-14.5 MHz,3,,5.250000,,5.250000,7724999.999983,1.337402398708e-07,4.452949085306e-07,2.424746630980e-07
14.0-14.5 MHz,3,,5.250000,,5.250000,7749999.999983,2.691009361966e-07,8.956605731513e-07,4.784307893210e-07
14.0-14.5 MHz,3,,5.250000,,5.250000,7774999.999983,1.337628641656e-07,4.453660005562e-07,2.423948905629e-07
14.0-14.5 MHz,3,,5.250000,,5.250000,7799999.999983,1.607728204360e-09,5.958652794113e-09,3.001424391737e-09
14.0-14.5 MHz,3,,5.250000,,5.250000,7824999.999983,1.575958494397e-09,5.842214864782e-09,2.947919554514e-09
14.0-14.5 MHz,3,,5.250000,,5.250000,7849999.999983,1.545389432536e-09,5.730109300865e-09,2.893138502850e-09
14.0-14.5 MHz,3,,5.250000,,5.250000,7874999.999983,1.516178673091e-09,5.621650198835e-09,2.839335433388e-09
14.0-14.5 MHz,3,,5.250000,,5.250000,7899999.999983,1.487455866864e-09,5.516117610423e-09,2.786508401391e-09
14.0-14.5 MHz,3,,5.250000,,5.250000,7924999.999983,1.459669436935e-09,5.413412877721e-09,2.734327482493e-09
14.0-14.5 MHz,3,,5.250000,,5.250000,7949999.999983,1.432208182222e-09,5.312171350658e-09,2.679807197011e-09
14.0-14.5 MHz,3,,5.250000,,5.250000,7974999.999983,2.394047411609e-08,1.017303666894e-07,2.582686539247e-07
14.0-14.5 MHz,3,,5.250000,,5.250000,7999999.999982,4.442337906266e-08,1.913475879051e-07,5.092793597178e-07
14.0-14.5 MHz,3,,5.250000,,5.250000,8024999.999982,2.389903602989e-08,1.015864007828e-07,2.581845815394e-07
14.0-14.5 MHz,3,,5.250000,,5.250000,8049999.999982,1.331761098131e-09,4.941190924574e-09,2.495513050929e-09
14.0-14.5 MHz,3,,5.250000,,5.250000,8074999.999982,1.308575783129e-09,4.856005082307e-09,2.457345976098e-09
14.0-14.5 MHz,3,,5.250000,,5.250000,8099999.999982,1.285870645642e-09,4.771934166878e-09,2.416815716055e-09
14.0-14.5 MHz,3,,5.250000,,5.250000,8124999.999982,1.263507070992e-09,4.689888857182e-09,2.376697345396e-09
14.0-14.5 MHz,3,,5.250000,,5.250000,8149999.999982,1.241878179478e-09,4.609756660790e-09,2.337419429422e-09
14.0-14.5 MHz,3,,5.250000,,5.250000,8174999.999982,1.220559506328e-09,4.531374916215e-09,2.299224684833e-09
14.0-14.5 MHz,3,,5.250000,,5.250000,8199999.999982,1.199754282807e-09,4.454400976092e-09,2.263040646947e-09
14.0-14.5 MHz,3,,5.250000,,5.250000,8224999.999982,2.733181452872e-08,8.041856769507e-08,6.593031626826e-08
14.0-14.5 MHz,3,,5.250000,,5.250000,8249999.999982,5.233243631385e-08,1.518899827206e-07,1.377023604700e-07
14.0-14.5 MHz,3,,5.250000,,5.250000,8274999.999982,2.730673205567e-08,8.032173360064e-08,6.599141599535e-08
14.0-14.5 MHz,3,,5.250000,,5.250000,8299999.999982,1.122347145373e-09,4.168797626208e-09,2.121844771371e-09
14.0-14.5 MHz,3,,5.250000,,5.250000,8324999.999982,1.104383972094e-09,4.102837496874e-09,2.087548095965e-09
14.0-14.5 MHz,3,,5.250000,,5.250000,8349999.999982,1.086930120925e-09,4.037863323042e-09,2.055000919129e-09
14.0-14.5 MHz,3,,5.250000,,5.250000,8374999.999982,1.069793316244e-09,3.974422298750e-09,2.023488316631e-09
14.0-14.5 MHz,3,,5.250000,,5.250000,8399999.999982,1.052935534655e-09,3.912622196818e-09,1.992822813271e-09
14.0-14.5 MHz,3,,5.250000,,5.250000,8424999.999982,1.037022329934e-09,3.853201351320e-09,1.963163221870e-09
14.0-14.5 MHz,3,,5.250000,,5.250000,8449999.999981,1.022556846182e-09,3.798945215636e-09,1.934954831235e-09
14.0-14.5 MHz,3,,5.250000,,5.250000,8474999.999981,8.245746046919e-08,2.597306466008e-07,9.459575758318e-08
14.0-14.5 MHz,3,,5.250000,,5.250000,8499999.999981,1.677304007152e-07,5.298224477806e-07,1.918592822257e-07
14.0-14.5 MHz,3,,5.250000,,5.250000,8524999.999981,8.248632604390e-08,2.598363345401e-07,9.462179726180e-08
14.0-14.5 MHz,3,,5.250000,,5.250000,8549999.999981,9.614358459953e-10,3.573737476998e-09,1.825031160265e-09
14.0-14.5 MHz,3,,5.250000,,5.250000,8574999.999981,9.455008818151e-10,3.515918072389e-09,1.798493051165e-09
14.0-14.5 MHz,3,,5.250000,,5.250000,8599999.999981,9.310878915606e-10,3.462695084479e-09,1.773154526651e-09
14.0-14.5 MHz,3,,5.250000,,5.250000,8624999.999981,9.170501735468e-10,3.411355382464e-09,1.748570775948e-09
14.0-14.5 MHz,3,,5.250000,,5.250000,8649999.999981,9.034900285203e-10,3.361382863253e-09,1.724686977381e-09
14.0-14.5 MHz,3,,5.250000,,5.250000,8674999.999981,8.903058509469e-10,3.312823909352e-09,1.701707876126e-09
14.0-14.5 MHz,3,,5.250000,,5.250000,8699999.999981,8.773957149748e-10,3.265248856838e-09,1.680142333549e-09
14.0-14.5 MHz,3,,5.250000,,5.250000,8724999.999981,4.450041079258e-09,2.405323070741e-08,1.052448723559e-07
14.0-14.5 MHz,3,,5.250000,,5.250000,8749999.999981,9.226861501315e-09,4.956960550870e-08,2.131847498847e-07
14.0-14.5 MHz,3,,5.250000,,5.250000,8774999.999981,4.448554989185e-09,2.405481947687e-08,1.052688904767e-07
14.0-14.5 MHz,3,,5.250000,,5.250000,8799999.999981,8.284351827955e-10,3.084889520768e-09,1.594216319900e-09
14.0-14.5 MHz,3,,5.250000,,5.250000,8824999.999981,8.166778150540e-10,3.041920602815e-09,1.572848995192e-09
14.0-14.5 MHz,3,,5.250000,,5.250000,8849999.999981,8.052657802278e-10,2.999825810334e-09,1.552792918567e-09
14.0-14.5 MHz,3,,5.250000,,5.250000,8874999.999981,7.939240204708e-10,2.958299439793e-09,1.533296242281e-09
14.0-14.5 MHz,3,,5.250000,,5.250000,8899999.999980,7.827253399325e-10,2.917197723234e-09,1.514192598425e-09
14.0-14.5 MHz,3,,5.250000,,5.250000,8924999.999980,7.711475019650e-10,2.875325795079e-09,1.494934523518e-09
14.0-14.5 MHz,3,,5.250000,,5.250000,8949999.999980,7.575989163705e-10,2.827489700519e-09,1.473255534890e-09
14.0-14.5 MHz,3,,5.250000,,5.250000,8974999.999980,1.541848565887e-07,4.649221965620e-07,1.990879237460e-07
14.0-14.5 MHz,3,,5.250000,,5.250000,8999999.999980,3.061517846904e-07,9.215691683129e-07,3.940823667386e-07
14.0-14.5 MHz,3,,5.250000,,5.250000,9024999.999980,1.541652397470e-07,4.648500966214e-07,1.990534742601e-07
14.0-14.5 MHz,3,,5.250000,,5.250000,9049999.999980,7.178174062033e-10,2.681320830846e-09,1.407959305284e-09
14.0-14.5 MHz,3,,5.250000,,5.250000,9074999.999980,7.113559348282e-10,2.655685268627e-09,1.396211395565e-09
14.0-14.5 MHz,3,,5.250000,,5.250000,9099999.999980,7.027537271731e-10,2.623859354513e-09,1.382369088921e-09
14.0-14.5 MHz,3,,5.250000,,5.250000,9124999.999980,6.938309931040e-10,2.591020529373e-09,1.368428676904e-09
14.0-14.5 MHz,3,,5.250000,,5.250000,9149999.999980,6.846586976101e-10,2.557672578967e-09,1.354701283496e-09
14.0-14.5 MHz,3,,5.250000,,5.250000,9174999.999980,6.750440269010e-10,2.522908529587e-09,1.341201992701e-09
14.0-14.5 MHz,3,,5.250000,,5.250000,9199999.999980,6.626682915384e-10,2.481011896354e-09,1.327592125592e-09
14.0-14.5 MHz,3,,5.250000,,5.250000,9224999.999980,1.973075256252e-07,5.576839956760e-07,3.009135790621e-07
14.0-14.5 MHz,3,,5.250000,,5.250000,9249999.999980,3.927969031291e-07,1.108500630218e-06,6.015115654932e-07
14.0-14.5 MHz,3,,5.250000,,5.250000,9274999.999980,1.972923910172e-07,5.576281721748e-07,3.009044180239e-07
14.0-14.5 MHz,3,,5.250000,,5.250000,9299999.999980,6.301944684510e-10,2.362162217851e-09,1.281820751231e-09
14.0-14.5 MHz,3,,5.250000,,5.250000,9324999.999980,6.260578641506e-10,2.344108987492e-09,1.271329652065e-09
14.0-14.5 MHz,3,,5.250000,,5.250000,9349999.999979,6.194481420760e-10,2.319083729809e-09,1.261451081587e-09
14.0-14.5 MHz,3,,5.250000,,5.250000,9374999.999979,6.123122024727e-10,2.293012398658e-09,1.252155007091e-09
14.0-14.5 MHz,3,,5.250000,,5.250000,9399999.999979,6.051571016593e-10,2.266888945058e-09,1.243440717741e-09
14.0-14.5 MHz,3,,5.250000,,5.250000,9424999.999979,5.980979006151e-10,2.241096566490e-09,1.235352185071e-09
14.0-14.5 MHz,3,,5.250000,,5.250000,9449999.999979,5.914067312009e-10,2.216512240989e-09,1.228266711612e-09
14.0-14.5 MHz,3,,5.250000,,5.250000,9474999.999979,3.999375406752e-08,1.047041670379e-07,1.071956896586e-07
14.0-14.5 MHz,3,,5.250000,,5.250000,9499999.999979,8.059814909049e-08,2.118433669107e-07,2.147591235371e-07
14.0-14.5 MHz,3,,5.250000,,5.250000,9524999.999979,3.999892074678e-08,1.047219485093e-07,1.072093250851e-07
14.0-14.5 MHz,3,,5.250000,,5.250000,9549999.999979,5.639763921056e-10,2.117775403928e-09,1.205044007008e-09
14.0-14.5 MHz,3,,5.250000,,5.250000,9574999.999979,5.571147112908e-10,2.093662860254e-09,1.201364705902e-09
14.0-14.5 MHz,3,,5.250000,,5.250000,9599999.999979,5.504433219919e-10,2.070360323325e-09,1.198663570125e-09
14.0-14.5 MHz,3,,5.250000,,5.250000,9624999.999979,5.441346198570e-10,2.047799931274e-09,1.197145885555e-09
14.0-14.5 MHz,3,,5.250000,,5.250000,9649999.999979,5.378689963325e-10,2.025682438969e-09,1.196813345042e-09
14.0-14.5 MHz,3,,5.250000,,5.250000,9674999.999979,5.316314966489e-10,2.004164479076e-09,1.197905009893e-09
14.0-14.5 MHz,3,,5.250000,,5.250000,9699999.999979,5.258373282696e-10,1.983843380783e-09,1.201024040487e-09
14.0-14.5 MHz,3,,5.250000,,5.250000,9724999.999979,1.319974111538e-08,4.179242753698e-08,4.871768326473e-08
14.0-14.5 MHz,3,,5.250000,,5.250000,9749999.999979,2.787572420861e-08,8.924654616926e-08,1.002273860262e-07
14.0-14.5 MHz,3,,5.250000,,5.250000,9774999.999979,1.321118561846e-08,4.183062086342e-08,4.868968776598e-08
14.0-14.5 MHz,3,,5.250000,,5.250000,9799999.999979,5.021514566240e-10,1.903161560037e-09,1.229047955826e-09
14.0-14.5 MHz,3,,5.250000,,5.250000,9824999.999978,4.960174372204e-10,1.883253781780e-09,1.241087814830e-09
14.0-14.5 MHz,3,,5.250000,,5.250000,9849999.999978,4.902307807972e-10,1.864425579638e-09,1.256907855127e-09
14.0-14.5 MHz,3,,5.250000,,5.250000,9874999.999978,4.845538367664e-10,1.846281076525e-09,1.276547311460e-09
14.0-14.5 MHz,3,,5.250000,,5.250000,9899999.999978,4.788138734609e-10,1.828500480510e-09,1.300418349517e-09
14.0-14.5 MHz,3,,5.250000,,5.250000,9924999.999978,4.730802038930e-10,1.811180832516e-09,1.329277734372e-09
14.0-14.5 MHz,3,,5.250000,,5.250000,9949999.999978,4.669066738960e-10,1.792800824339e-09,1.363199479715e-09
14.0-14.5 MHz,3,,5.250000,,5.250000,9974999.999978,3.912640711413e-08,1.130317300173e-07,6.322644341477e-08
14.0-14.5 MHz,3,,5.250000,,5.250000,9999999.999978,7.711992377564e-08,2.215331537050e-07,1.222784448892e-07
14.0-14.5 MHz,3,,5.250000,,5.250000,10024999.999978,3.911731098209e-08,1.130142302719e-07,6.335161152854e-08
14.0-14.5 MHz,3,,5.250000,,5.250000,10049999.999978,4.445735198083e-10,1.735775188438e-09,1.594584635084e-09
14.0-14.5 MHz,3,,5.250000,,5.250000,10074999.999978,4.395540853612e-10,1.725952862977e-09,1.687921487025e-09
14.0-14.5 MHz,3,,5.250000,,5.250000,10099999.999978,4.339892091470e-10,1.716239277397e-09,1.801341304424e-09
14.0-14.5 MHz,3,,5.250000,,5.250000,10124999.999978,4.278403866445e-10,1.707932465071e-09,1.941415133012e-09
14.0-14.5 MHz,3,,5.250000,,5.250000,10149999.999978,4.217261597699e-10,1.701847097563e-09,2.116460784322e-09
14.0-14.5 MHz,3,,5.250000,,5.250000,10174999.999978,4.150350956172e-10,1.698724641691e-09,2.337933295330e-09
14.0-14.5 MHz,3,,5.250000,,5.250000,10199999.999978,4.077613870039e-10,1.699237959534e-09,2.622606845458e-09
14.0-14.5 MHz,3,,5.250000,,5.250000,10224999.999978,2.103500632286e-08,5.252922032632e-08,7.285144337274e-08
14.0-14.5 MHz,3,,5.250000,,5.250000,10249999.999978,4.156500437203e-08,1.022613203649e-07,1.515614790278e-07
14.0-14.5 MHz,3,,5.250000,,5.250000,10274999.999977,2.103042020813e-08,5.264800035990e-08,7.196965062245e-08
14.0-14.5 MHz,3,,5.250000,,5.250000,10299999.999977,3.674622498590e-10,1.803416060489e-09,5.121390171918e-09
14.0-14.5 MHz,3,,5.250000,,5.250000,10324999.999977,3.504441092333e-10,1.894849814187e-09,6.536369726563e-09
14.0-14.5 MHz,3,,5.250000,,5.250000,10349999.999977,3.266886151753e-10,2.060234323744e-09,8.754278403819e-09
14.0-14.5 MHz,3,,5.250000,,5.250000,10374999.999977,2.900823748970e-10,2.380505273350e-09,1.251964670324e-08
14.0-14.5 MHz,3,,5.250000,,5.250000,10399999.999977,2.285990833384e-10,3.070489069766e-09,1.972756912929e-08
14.0-14.5 MHz,3,,5.250000,,5.250000,10424999.999977,1.449675150579e-10,4.844195795436e-09,3.660021169885e-08
14.0-14.5 MHz,3,,5.250000,,5.250000,10449999.999977,5.153159558382e-10,1.166331986316e-08,9.724326770109e-08
14.0-14.5 MHz,3,,5.250000,,5.250000,10474999.999977,2.974857458394e-05,3.201496330875e-04,2.876947814541e-03
14.0-14.5 MHz,3,,5.250000,,5.250000,10499999.999977,5.949253437729e-05,6.402507848967e-04,5.753462645480e-03
14.0-14.5 MHz,3,,5.250000,,5.250000,10524999.999977,2.974946358234e-05,3.201474304087e-04,2.876946570867e-03
14.0-14.5 MHz,3,,5.250000,,5.250000,10549999.999977,7.639341123436e-10,1.098736456275e-08,9.692572797731e-08
14.0-14.5 MHz,3,,5.250000,,5.250000,10574999.999977,1.222883302832e-10,4.675454967102e-09,3.651788612941e-08
14.0-14.5 MHz,3,,5.250000,,5.250000,10599999.999977,1.840438670934e-10,2.943434804117e-09,1.967099793396e-08
14.0-14.5 MHz,3,,5.250000,,5.250000,10624999.999977,2.457882277931e-10,2.242937361240e-09,1.246265677485e-08
14.0-14.5 MHz,3,,5.250000,,5.250000,10649999.999977,2.787148440952e-10,1.899830532200e-09,8.689763082066e-09
14.0-14.5 MHz,3,,5.250000,,5.250000,10674999.999977,2.971332447114e-10,1.708219129584e-09,6.461133513014e-09
14.0-14.5 MHz,3,,5.250000,,5.250000,10699999.999977,3.076995691285e-10,1.589572366410e-09,5.031710920841e-09
14.0-14.5 MHz,3,,5.250000,,5.250000,10724999.999976,1.736821348533e-08,4.746738462523e-08,1.038389528315e-07
14.0-14.5 MHz,3,,5.250000,,5.250000,10749999.999976,3.457720651516e-08,9.273292625542e-08,1.967182777933e-07
14.0-14.5 MHz,3,,5.250000,,5.250000,10774999.999976,1.736446343720e-08,4.732697233853e-08,1.027395996147e-07
14.0-14.5 MHz,3,,5.250000,,5.250000,10799999.999976,3.203100887625e-10,1.376158647560e-09,2.480884958704e-09
14.0-14.5 MHz,3,,5.250000,,5.250000,10824999.999976,3.203374333470e-10,1.348054159651e-09,2.184942709637e-09
14.0-14.5 MHz,3,,5.250000,,5.250000,10849999.999976,3.195636984722e-10,1.323731169422e-09,1.949813546768e-09
14.0-14.5 MHz,3,,5.250000,,5.250000,10874999.999976,3.185527730239e-10,1.302346672550e-09,1.760442507171e-09
14.0-14.5 MHz,3,,5.250000,,5.250000,10899999.999976,3.171438904099e-10,1.283113395465e-09,1.605776579804e-09
14.0-14.5 MHz,3,,5.250000,,5.250000,10924999.999976,3.152205664786e-10,1.265406119264e-09,1.477982762238e-09
14.0-14.5 MHz,3,,5.250000,,5.250000,10949999.999976,3.133008870021e-10,1.248342531653e-09,1.371973728097e-09
14.0-14.5 MHz,3,,5.250000,,5.250000,10974999.999976,2.458140138059e-08,6.241327859229e-08,6.112390068295e-08
14.0-14.5 MHz,3,,5.250000,,5.250000,10999999.999976,4.829908612009e-08,1.216754155903e-07,1.256209217110e-07
14.0-14.5 MHz,3,,5.250000,,5.250000,11024999.999976,2.457811199718e-08,6.239742308804e-08,6.127463105112e-08
14.0-14.5 MHz,3,,5.250000,,5.250000,11049999.999976,3.049594422660e-10,1.192773255627e-09,1.078454803297e-09
14.0-14.5 MHz,3,,5.250000,,5.250000,11074999.999976,3.035078310824e-10,1.181578324234e-09,1.026501724193e-09
14.0-14.5 MHz,3,,5.250000,,5.250000,11099999.999976,3.013424346623e-10,1.170117104018e-09,9.813999543747e-10
14.0-14.5 MHz,3,,5.250000,,5.250000,11124999.999976,2.992065208835e-10,1.158740161777e-09,9.414302330339e-10
14.0-14.5 MHz,3,,5.250000,,5.250000,11149999.999976,2.971098396861e-10,1.147809661457e-09,9.057756967811e-10
14.0-14.5 MHz,3,,5.250000,,5.250000,11174999.999975,2.949402239847e-10,1.137215052826e-09,8.735259913675e-10
14.0-14.5 MHz,3,,5.250000,,5.250000,11199999.999975,2.931169421743e-10,1.127400674961e-09,8.432915733706e-10
14.0-14.5 MHz,3,,5.250000,,5.250000,11224999.999975,1.862070873414e-08,4.203404770905e-08,7.019989873881e-08
14.0-14.5 MHz,3,,5.250000,,5.250000,11249999.999975,3.799105466750e-08,8.680173111463e-08,1.379534551963e-07
14.0-14.5 MHz,3,,5.250000,,5.250000,11274999.999975,1.862430268176e-08,4.204732678893e-08,7.015376745282e-08
14.0-14.5 MHz,3,,5.250000,,5.250000,11299999.999975,2.843208944266e-10,1.087763407993e-09,7.521590307565e-10
14.0-14.5 MHz,3,,5.250000,,5.250000,11324999.999975,2.818918437574e-10,1.077547212325e-09,7.352027176151e-10
14.0-14.5 MHz,3,,5.250000,,5.250000,11349999.999975,2.796136552265e-10,1.068054233722e-09,7.186035561860e-10
14.0-14.5 MHz,3,,5.250000,,5.250000,11374999.999975,2.773696839883e-10,1.058979362150e-09,7.030706262937e-10
14.0-14.5 MHz,3,,5.250000,,5.250000,11399999.999975,2.752743414153e-10,1.049975060452e-09,6.884958741429e-10
14.0-14.5 MHz,3,,5.250000,,5.250000,11424999.999975,2.733609636495e-10,1.041340888658e-09,6.750878827102e-10
14.0-14.5 MHz,3,,5.250000,,5.250000,11449999.999975,2.712146350980e-10,1.033233949693e-09,6.632857069491e-10
14.0-14.5 MHz,3,,5.250000,,5.250000,11474999.999975,1.286726064110e-08,3.834331393478e-08,1.104191198704e-07
14.0-14.5 MHz,3,,5.250000,,5.250000,11499999.999975,2.647105472409e-08,7.916334438545e-08,2.217575852673e-07
14.0-14.5 MHz,3,,5.250000,,5.250000,11524999.999975,1.287104943468e-08,3.835525631330e-08,1.104217757763e-07
14.0-14.5 MHz,3,,5.250000,,5.250000,11549999.999975,2.632349750632e-10,9.999066857990e-10,6.184525284487e-10
14.0-14.5 MHz,3,,5.250000,,5.250000,11574999.999975,2.608177916085e-10,9.910897839766e-10,6.074150451812e-10
14.0-14.5 MHz,3,,5.250000,,5.250000,11599999.999975,2.588662580249e-10,9.829512098380e-10,5.976359814715e-10
14.0-14.5 MHz,3,,5.250000,,5.250000,11624999.999975,2.566499455273e-10,9.748488071368e-10,5.882701772614e-10
14.0-14.5 MHz,3,,5.250000,,5.250000,11649999.999974,2.546959008101e-10,9.667404236105e-10,5.790488453373e-10
14.0-14.5 MHz,3,,5.250000,,5.250000,11674999.999974,2.524561097155e-10,9.584222535003e-10,5.693777580463e-10
14.0-14.5 MHz,3,,5.250000,,5.250000,11699999.999974,2.497591974656e-10,9.484911668191e-10,5.561141898335e-10
14.0-14.5 MHz,3,,5.250000,,5.250000,11724999.999974,1.212818744656e-07,3.407146653307e-07,5.374742270894e-07
14.0-14.5 MHz,3,,5.250000,,5.250000,11749999.999974,2.422244073406e-07,6.801920317346e-07,1.074023154517e-06
14.0-14.5 MHz,3,,5.250000,,5.250000,11774999.999974,1.212807461900e-07,3.407109165176e-07,5.374734663679e-07
14.0-14.5 MHz,3,,5.250000,,5.250000,11799999.999974,2.418917857193e-10,9.182185204436e-10,5.272999965355e-10
14.0-14.5 MHz,3,,5.250000,,5.250000,11824999.999974,2.411541383294e-10,9.145594365457e-10,5.265100395585e-10
14.0-14.5 MHz,3,,5.250000,,5.250000,11849999.999974,2.397219134755e-10,9.084728555017e-10,5.218070235326e-10
14.0-14.5 MHz,3,,5.250000,,5.250000,11874999.999974,2.380386021444e-10,9.018649609588e-10,5.162791922344e-10
14.0-14.5 MHz,3,,5.250000,,5.250000,11899999.999974,2.363266844467e-10,8.951571171634e-10,5.104786450418e-10
14.0-14.5 MHz,3,,5.250000,,5.250000,11924999.999974,2.345384825986e-10,8.882422954615e-10,5.042302824552e-10
14.0-14.5 MHz,3,,5.250000,,5.250000,11949999.999974,2.323319911391e-10,8.803152658737e-10,4.958611215076e-10
14.0-14.5 MHz,3,,5.250000,,5.250000,11974999.999974,2.484707200773e-08,6.858070765610e-08,2.018849411630e-07
14.0-14.5 MHz,3,,5.250000,,5.250000,11999999.999974,4.900945144368e-08,1.345412720649e-07,4.027012707018e-07
14.0-14.5 MHz,3,,5.250000,,5.250000,12024999.999974,2.484384767000e-08,6.856815164029e-08,2.018800938992e-07
14.0-14.5 MHz,3,,5.250000,,5.250000,12049999.999974,2.256840580526e-10,8.547607268558e-10,4.757681464834e-10
14.0-14.5 MHz,3,,5.250000,,5.250000,12074999.999974,2.246194715698e-10,8.500601291141e-10,4.739344786121e-10
14.0-14.5 MHz,3,,5.250000,,5.250000,12099999.999973,2.230429588965e-10,8.442144687640e-10,4.700684502934e-10
14.0-14.5 MHz,3,,5.250000,,5.250000,12124999.999973,2.216701048835e-10,8.383832214223e-10,4.659370896365e-10
14.0-14.5 MHz,3,,5.250000,,5.250000,12149999.999973,2.200317507850e-10,8.324712746527e-10,4.617344113972e-10
14.0-14.5 MHz,3,,5.250000,,5.250000,12174999.999973,2.184939951417e-10,8.266739964820e-10,4.576672135172e-10
14.0-14.5 MHz,3,,5.250000,,5.250000,12199999.999973,2.171608899670e-10,8.209809494186e-10,4.541004671316e-10
14.0-14.5 MHz,3,,5.250000,,5.250000,12224999.999973,1.348509664674e-08,2.582274847677e-08,6.960437440240e-08
14.0-14.5 MHz,3,,5.250000,,5.250000,12249999.999973,2.709444373552e-08,5.227647491318e-08,1.396034674206e-07
14.0-14.5 MHz,3,,5.250000,,5.250000,12274999.999973,1.348616152543e-08,2.582683038931e-08,6.960370252095e-08
14.0-14.5 MHz,3,,5.250000,,5.250000,12299999.999973,2.110530614862e-10,7.981519915061e-10,4.378130671636e-10
14.0-14.5 MHz,3,,5.250000,,5.250000,12324999.999973,2.095529899091e-10,7.925213931222e-10,4.336446899259e-10
14.0-14.5 MHz,3,,5.250000,,5.250000,12349999.999973,2.080784532140e-10,7.870364327360e-10,4.297976376439e-10
14.0-14.5 MHz,3,,5.250000,,5.250000,12374999.999973,2.069023304738e-10,7.816266561466e-10,4.260720617351e-10
14.0-14.5 MHz,3,,5.250000,,5.250000,12399999.999973,2.051621232346e-10,7.763150705996e-10,4.224330756963e-10
14.0-14.5 MHz,3,,5.250000,,5.250000,12424999.999973,2.041944966147e-10,7.712192379987e-10,4.188826288984e-10
14.0-14.5 MHz,3,,5.250000,,5.250000,12449999.999973,2.028918691432e-10,7.667032263061e-10,4.153612175355e-10
14.0-14.5 MHz,3,,5.250000,,5.250000,12474999.999973,1.706825311973e-08,3.762291328767e-08,2.406813975592e-08
14.0-14.5 MHz,3,,5.250000,,5.250000,12499999.999973,3.471559409709e-08,7.744961239500e-08,4.819797499742e-08
14.0-14.5 MHz,3,,5.250000,,5.250000,12524999.999973,1.707078198129e-08,3.763263597760e-08,2.407055737350e-08
14.0-14.5 MHz,3,,5.250000,,5.250000,12549999.999972,1.976416370341e-10,7.462336678760e-10,4.021611955004e-10
14.0-14.5 MHz,3,,5.250000,,5.250000,12574999.999972,1.958985183346e-10,7.404716976878e-10,3.989060868435e-10
14.0-14.5 MHz,3,,5.250000,,5.250000,12599999.999972,1.943433268316e-10,7.352432532845e-10,3.957322843825e-10
14.0-14.5 MHz,3,,5.250000,,5.250000,12624999.999972,1.932514331580e-10,7.302689754865e-10,3.926655706834e-10
14.0-14.5 MHz,3,,5.250000,,5.250000,12649999.999972,1.916944976020e-10,7.253949322786e-10,3.896737762032e-10
14.0-14.5 MHz,3,,5.250000,,5.250000,12674999.999972,1.905201267758e-10,7.204783366839e-10,3.867416517803e-10
14.0-14.5 MHz,3,,5.250000,,5.250000,12699999.999972,1.892457904082e-10,7.156019366951e-10,3.841729591001e-10
14.0-14.5 MHz,3,,5.250000,,5.250000,12724999.999972,1.132434941104e-08,1.820658216377e-08,7.478725501278e-08
14.0-14.5 MHz,3,,5.250000,,5.250000,12749999.999972,2.245444233833e-08,3.537935200327e-08,1.497548282986e-07
14.0-14.5 MHz,3,,5.250000,,5.250000,12774999.999972,1.132401643141e-08,1.820286420736e-08,7.478679862554e-08
14.0-14.5 MHz,3,,5.250000,,5.250000,12799999.999972,1.842350178207e-10,6.968844798227e-10,3.726200812308e-10
14.0-14.5 MHz,3,,5.250000,,5.250000,12824999.999972,1.830038379012e-10,6.926409985860e-10,3.697601186185e-10
14.0-14.5 MHz,3,,5.250000,,5.250000,12849999.999972,1.818315740740e-10,6.881363124596e-10,3.670132887066e-10
14.0-14.5 MHz,3,,5.250000,,5.250000,12874999.999972,1.807225704133e-10,6.836425800142e-10,3.643865395384e-10
14.0-14.5 MHz,3,,5.250000,,5.250000,12899999.999972,1.792887722538e-10,6.792170191244e-10,3.619282716054e-10
14.0-14.5 MHz,3,,5.250000,,5.250000,12924999.999972,1.781808319091e-10,6.744998478905e-10,3.596301902208e-10
14.0-14.5 MHz,3,,5.250000,,5.250000,12949999.999972,1.762891835917e-10,6.691829764526e-10,3.582672346071e-10
14.0-14.5 MHz,3,,5.250000,,5.250000,12974999.999972,3.694559517114e-08,6.036296631645e-08,2.628019191854e-07
14.0-14.5 MHz,3,,5.250000,,5.250000,12999999.999971,7.344897624943e-08,1.188917578067e-07,5.258010750365e-07
14.0-14.5 MHz,3,,5.250000,,5.250000,13024999.999971,3.694379940859e-08,6.035515622340e-08,2.628037689280e-07
14.0-14.5 MHz,3,,5.250000,,5.250000,13049999.999971,1.717636799311e-10,6.524394295581e-10,3.488379969065e-10
14.0-14.5 MHz,3,,5.250000,,5.250000,13074999.999971,1.714347712728e-10,6.494324583530e-10,3.449427397648e-10
14.0-14.5 MHz,3,,5.250000,,5.250000,13099999.999971,1.705334692424e-10,6.457597206585e-10,3.422916053558e-10
14.0-14.5 MHz,3,,5.250000,,5.250000,13124999.999971,1.694203798535e-10,6.418383227723e-10,3.398861293963e-10
14.0-14.5 MHz,3,,5.250000,,5.250000,13149999.999971,1.685304870395e-10,6.380344459260e-10,3.377515218697e-10
14.0-14.5 MHz,3,,5.250000,,5.250000,13174999.999971,1.674881302498e-10,6.342348483258e-10,3.359568666317e-10
14.0-14.5 MHz,3,,5.250000,,5.250000,13199999.999971,1.665653964413e-10,6.307233092297e-10,3.355209416802e-10
14.0-14.5 MHz,3,,5.250000,,5.250000,13224999.999971,7.010099539677e-09,2.551704511832e-08,1.640770845613e-07
14.0-14.5 MHz,3,,5.250000,,5.250000,13249999.999971,1.427354724697e-08,5.218437949431e-08,3.286881901523e-07
14.0-14.5 MHz,3,,5.250000,,5.250000,13274999.999971,7.011359840007e-09,2.552218662965e-08,1.640807627722e-07
14.0-14.5 MHz,3,,5.250000,,5.250000,13299999.999971,1.624455207522e-10,6.154558907145e-10,3.269713566755e-10
14.0-14.5 MHz,3,,5.250000,,5.250000,13324999.999971,1.613434339611e-10,6.114542963549e-10,3.227335315611e-10
14.0-14.5 MHz,3,,5.250000,,5.250000,13349999.999971,1.604340741027e-10,6.076871093335e-10,3.200472374478e-10
14.0-14.5 MHz,3,,5.250000,,5.250000,13374999.999971,1.595624146887e-10,6.040241644884e-10,3.176921076668e-10
14.0-14.5 MHz,3,,5.250000,,5.250000,13399999.999971,1.583182466725e-10,6.003385439820e-10,3.153860999933e-10
14.0-14.5 MHz,3,,5.250000,,5.250000,13424999.999971,1.575375899234e-10,5.967608843243e-10,3.130428831572e-10
14.0-14.5 MHz,3,,5.250000,,5.250000,13449999.999971,1.565191326439e-10,5.931899532433e-10,3.100968580275e-10
14.0-14.5 MHz,3,,5.250000,,5.250000,13474999.999970,3.200576158870e-09,1.195070486684e-08,9.833318352301e-08
14.0-14.5 MHz,3,,5.250000,,5.250000,13499999.999970,6.731587524340e-09,2.370975551092e-08,1.962107329087e-07
14.0-14.5 MHz,3,,5.250000,,5.250000,13524999.999970,3.201808656850e-09,1.194897476332e-08,9.833025252678e-08
14.0-14.5 MHz,3,,5.250000,,5.250000,13549999.999970,1.528168522497e-10,5.792986467492e-10,3.021855580813e-10
14.0-14.5 MHz,3,,5.250000,,5.250000,13574999.999970,1.519416997504e-10,5.759772928922e-10,3.013696454987e-10
14.0-14.5 MHz,3,,5.250000,,5.250000,13599999.999970,1.507862716798e-10,5.725614127161e-10,2.997963520011e-10
14.0-14.5 MHz,3,,5.250000,,5.250000,13624999.999970,1.500133056887e-10,5.692013953796e-10,2.981419570427e-10
14.0-14.5 MHz,3,,5.250000,,5.250000,13649999.999970,1.491630382995e-10,5.659599293838e-10,2.965782312909e-10
14.0-14.5 MHz,3,,5.250000,,5.250000,13674999.999970,1.482597130082e-10,5.626412575212e-10,2.951886907650e-10
14.0-14.5 MHz,3,,5.250000,,5.250000,13699999.999970,1.470710425043e-10,5.595137056189e-10,2.949314492100e-10
14.0-14.5 MHz,3,,5.250000,,5.250000,13724999.999970,7.943032063761e-09,1.663556008326e-08,9.487832411526e-08
14.0-14.5 MHz,3,,5.250000,,5.250000,13749999.999970,1.568106976430e-08,3.330265588683e-08,1.903873398118e-07
14.0-14.5 MHz,3,,5.250000,,5.250000,13774999.999970,7.942623573338e-09,1.663619461570e-08,9.488153236511e-08
14.0-14.5 MHz,3,,5.250000,,5.250000,13799999.999970,1.432477097408e-10,5.466925400671e-10,2.880015363236e-10
14.0-14.5 MHz,3,,5.250000,,5.250000,13824999.999970,1.423893713657e-10,5.436344944155e-10,2.848056719503e-10
14.0-14.5 MHz,3,,5.250000,,5.250000,13849999.999970,1.408264354080e-10,5.406255223072e-10,2.827251906325e-10
14.0-14.5 MHz,3,,5.250000,,5.250000,13874999.999970,1.391847814881e-10,5.376062202308e-10,2.808485701753e-10
14.0-14.5 MHz,3,,5.250000,,5.250000,13899999.999970,1.353342857939e-10,5.347107047678e-10,2.790572173962e-10
14.0-14.5 MHz,3,,5.250000,,5.250000,13924999.999969,1.254947520101e-10,5.324246076555e-10,2.774308208769e-10
14.0-14.5 MHz,3,,5.250000,,5.250000,13949999.999969,1.158704572506e-10,5.343631426359e-10,2.771383896662e-10
14.0-14.5 MHz,3,,5.250000,,5.250000,13974999.999969,4.556721134750e-09,8.928977105915e-09,6.488857116757e-08
14.0-14.5 MHz,3,,5.250000,,5.250000,13999999.999969,8.489201228570e-09,1.711458255167e-08,1.289845211410e-07
14.0-14.5 MHz,3,,5.250000,,5.250000,14024999.999969,4.046596813772e-09,8.919911457253e-09,6.489711970109e-08
14.0-14.5 MHz,3,,5.250000,,5.250000,14049999.999969,1.581958471673e-10,5.152843553128e-10,2.670792396130e-10
14.0-14.5 MHz,3,,5.250000,,5.250000,14074999.999969,1.415502784867e-10,5.134591008700e-10,2.674621252888e-10
14.0-14.5 MHz,3,,5.250000,,5.250000,14099999.999969,1.371698018529e-10,5.107994769747e-10,2.665090531858e-10
14.0-14.5 MHz,3,,5.250000,,5.250000,14124999.999969,1.348437852470e-10,5.080673857966e-10,2.653702050612e-10
14.0-14.5 MHz,3,,5.250000,,5.250000,14149999.999969,1.337236232629e-10,5.052758762171e-10,2.642495389184e-10
14.0-14.5 MHz,3,,5.250000,,5.250000,14174999.999969,1.324099915287e-10,5.022919964371e-10,2.633059452933e-10
14.0-14.5 MHz,3,,5.250000,,5.250000,14199999.999969,1.309670383665e-10,4.989382182620e-10,2.634930672837e-10
14.0-14.5 MHz,3,,5.250000,,5.250000,14224999.999969,3.405747399017e-08,5.314742931616e-08,8.105144954581e-08
14.0-14.5 MHz,3,,5.250000,,5.250000,14249999.999969,6.788379991585e-08,1.054515907691e-07,1.627992399967e-07
14.0-14.5 MHz,3,,5.250000,,5.250000,14274999.999969,3.405639027866e-08,5.314386508368e-08,8.105461660532e-08
14.0-14.5 MHz,3,,5.250000,,5.250000,14299999.999969,1.278291675277e-10,4.883565789435e-10,2.586752630769e-10
14.0-14.5 MHz,3,,5.250000,,5.250000,14324999.999969,1.272578024879e-10,4.862140918263e-10,2.559144078255e-10
14.0-14.5 MHz,3,,5.250000,,5.250000,14349999.999969,1.268742193613e-10,4.838271340717e-10,2.545631252909e-10
14.0-14.5 MHz,3,,5.250000,,5.250000,14374999.999968,1.258307581444e-10,4.812119369569e-10,2.536625107387e-10
14.0-14.5 MHz,3,,5.250000,,5.250000,14399999.999968,1.252566077652e-10,4.786691085605e-10,2.534683636291e-10
14.0-14.5 MHz,3,,5.250000,,5.250000,14424999.999968,1.242817144257e-10,4.759522364979e-10,2.547909897906e-10
14.0-14.5 MHz,3,,5.250000,,5.250000,14449999.999968,1.228517649666e-10,4.730687314645e-10,2.630485414955e-10
14.0-14.5 MHz,3,,5.250000,,5.250000,14474999.999968,6.694599859631e-08,1.206599966283e-07,4.580024143081e-07
14.0-14.5 MHz,3,,5.250000,,5.250000,14499999.999968,1.337204204434e-07,2.410934006867e-07,9.166709830765e-07
14.0-14.5 MHz,3,,5.250000,,5.250000,14524999.999968,6.694521461698e-08,1.206590023627e-07,4.580058997748e-07
14.0-14.5 MHz,3,,5.250000,,5.250000,14549999.999968,1.202917971777e-10,4.633915258226e-10,2.586871653053e-10
14.0-14.5 MHz,3,,5.250000,,5.250000,14574999.999968,1.199863774668e-10,4.611241795902e-10,2.478040962930e-10
14.0-14.5 MHz,3,,5.250000,,5.250000,14599999.999968,1.194897428053e-10,4.588477930366e-10,2.440316745980e-10
14.0-14.5 MHz,3,,5.250000,,5.250000,14624999.999968,1.189551741553e-10,4.563763657536e-10,2.417001088378e-10
14.0-14.5 MHz,3,,5.250000,,5.250000,14649999.999968,1.179912231746e-10,4.540076875158e-10,2.398931533746e-10
14.0-14.5 MHz,3,,5.250000,,5.250000,14674999.999968,1.175607206162e-10,4.515480884737e-10,2.379751055070e-10
14.0-14.5 MHz,3,,5.250000,,5.250000,14699999.999968,1.166551813680e-10,4.488505926290e-10,2.345473351467e-10
14.0-14.5 MHz,3,,5.250000,,5.250000,14724999.999968,5.911315025161e-09,1.674614996413e-08,1.166577572633e-07
14.0-14.5 MHz,3,,5.250000,,5.250000,14749999.999968,1.149260369346e-08,3.216257023381e-08,2.326210884713e-07
14.0-14.5 MHz,3,,5.250000,,5.250000,14774999.999968,5.910107358164e-09,1.674155014006e-08,1.166576034426e-07
14.0-14.5 MHz,3,,5.250000,,5.250000,14799999.999968,1.135153292651e-10,4.396110751291e-10,2.313077860610e-10
14.0-14.5 MHz,3,,5.250000,,5.250000,14824999.999967,1.134335930893e-10,4.376159353744e-10,2.330551845583e-10
14.0-14.5 MHz,3,,5.250000,,5.250000,14849999.999967,1.123654514502e-10,4.354375672179e-10,2.332650524067e-10
14.0-14.5 MHz,3,,5.250000,,5.250000,14874999.999967,1.118032423511e-10,4.331795445885e-10,2.332218429207e-10
14.0-14.5 MHz,3,,5.250000,,5.250000,14899999.999967,1.109728176054e-10,4.309571376410e-10,2.332649750849e-10
14.0-14.5 MHz,3,,5.250000,,5.250000,14924999.999967,1.103434453346e-10,4.287966015368e-10,2.335646962387e-10
14.0-14.5 MHz,3,,5.250000,,5.250000,14949999.999967,1.092346420738e-10,4.263995251696e-10,2.346265350113e-10
14.0-14.5 MHz,3,,5.250000,,5.250000,14974999.999967,6.697147000850e-09,8.323326717776e-09,4.976140945499e-08
14.0-14.5 MHz,3,,5.250000,,5.250000,14999999.999967,1.317321766432e-08,1.634800968711e-08,1.001694844149e-07
14.0-14.5 MHz,3,,5.250000,,5.250000,15024999.999967,6.695383395885e-09,8.322556047009e-09,4.976347541316e-08
14.0-14.5 MHz,3,,5.250000,,5.250000,15049999.999967,1.060842708054e-10,4.175494375211e-10,2.372991293142e-10
14.0-14.5 MHz,3,,5.250000,,5.250000,15074999.999967,1.054592948958e-10,4.153617334239e-10,2.377862024830e-10
14.0-14.5 MHz,3,,5.250000,,5.250000,15099999.999967,1.043565607397e-10,4.131522088487e-10,2.394383557963e-10
14.0-14.5 MHz,3,,5.250000,,5.250000,15124999.999967,1.034895471111e-10,4.109552493201e-10,2.417748634905e-10
14.0-14.5 MHz,3,,5.250000,,5.250000,15149999.999967,1.025181015040e-10,4.086610015086e-10,2.447500729108e-10
14.0-14.5 MHz,3,,5.250000,,5.250000,15174999.999967,1.013991937629e-10,4.064295343579e-10,2.484174656347e-10
14.0-14.5 MHz,3,,5.250000,,5.250000,15199999.999967,1.004042812328e-10,4.041392914678e-10,2.520767550828e-10
14.0-14.5 MHz,3,,5.250000,,5.250000,15224999.999967,9.800896750101e-09,9.457682580814e-09,6.866477717428e-08
14.0-14.5 MHz,3,,5.250000,,5.250000,15249999.999967,1.969641810834e-08,1.891742432241e-08,1.365417487730e-07
14.0-14.5 MHz,3,,5.250000,,5.250000,15274999.999967,9.803400094462e-09,9.457185653754e-09,6.867702655768e-08
14.0-14.5 MHz,3,,5.250000,,5.250000,15299999.999966,9.505455804691e-11,3.946663627090e-10,2.897691483119e-10
14.0-14.5 MHz,3,,5.250000,,5.250000,15324999.999966,9.324736336381e-11,3.921048944117e-10,3.073524218773e-10
14.0-14.5 MHz,3,,5.250000,,5.250000,15349999.999966,9.117680421286e-11,3.895152474711e-10,3.283826285464e-10
14.0-14.5 MHz,3,,5.250000,,5.250000,15374999.999966,8.924999745329e-11,3.866696930508e-10,3.547976823336e-10
14.0-14.5 MHz,3,,5.250000,,5.250000,15399999.999966,8.661351251838e-11,3.837913883378e-10,3.888135545063e-10
14.0-14.5 MHz,3,,5.250000,,5.250000,15424999.999966,8.402116369337e-11,3.805425058655e-10,4.330212743588e-10
14.0-14.5 MHz,3,,5.250000,,5.250000,15449999.999966,8.072898013799e-11,3.772003130655e-10,4.925547057339e-10
14.0-14.5 MHz,3,,5.250000,,5.250000,15474999.999966,8.189899856192e-09,1.040157583557e-08,1.230096886335e-07
14.0-14.5 MHz,3,,5.250000,,5.250000,15499999.999966,1.657869541418e-08,2.191278970927e-08,2.477782731497e-07
14.0-14.5 MHz,3,,5.250000,,5.250000,15524999.999966,8.189950679012e-09,1.041212640335e-08,1.227830610463e-07
14.0-14.5 MHz,3,,5.250000,,5.250000,15549999.999966,6.740350156963e-11,3.552631381306e-10,1.011941588726e-09
14.0-14.5 MHz,3,,5.250000,,5.250000,15574999.999966,7.173217881924e-11,3.450392365193e-10,1.308131679846e-09
14.0-14.5 MHz,3,,5.250000,,5.250000,15599999.999966,9.172170580701e-11,3.304156825303e-10,1.776624633589e-09
14.0-14.5 MHz,3,,5.250000,,5.250000,15624999.999966,1.432973817098e-10,3.071982980257e-10,2.574270367855e-09
14.0-14.5 MHz,3,,5.250000,,5.250000,15649999.999966,2.566100969450e-10,2.648152156820e-10,4.103073480203e-09
14.0-14.5 MHz,3,,5.250000,,5.250000,15674999.999966,5.358109912541e-10,1.704193997006e-10,7.685213454405e-09
14.0-14.5 MHz,3,,5.250000,,5.250000,15699999.999966,1.558418100649e-09,1.684810779251e-10,2.057262118255e-08
14.0-14.5 MHz,3,,5.250000,,5.250000,15724999.999966,4.801882807671e-05,1.682122953645e-05,6.101615572418e-04
14.0-14.5 MHz,3,,5.250000,,5.250000,15749999.999965,9.603005947013e-05,3.363904000662e-05,1.220231402621e-03
14.0-14.5 MHz,3,,5.250000,,5.250000,15774999.999965,4.801866401011e-05,1.682141235754e-05,6.101618908453e-04
14.0-14.5 MHz,3,,5.250000,,5.250000,15799999.999965,1.513221564947e-09,2.184083148569e-10,2.065345861937e-08
14.0-14.5 MHz,3,,5.250000,,5.250000,15824999.999965,5.299589848969e-10,1.492844528177e-10,7.693439116976e-09
14.0-14.5 MHz,3,,5.250000,,5.250000,15849999.999965,2.558000373724e-10,2.476343496462e-10,4.103326777484e-09
14.0-14.5 MHz,3,,5.250000,,5.250000,15874999.999965,1.434733542286e-10,2.885139446480e-10,2.572093159999e-09
14.0-14.5 MHz,3,,5.250000,,5.250000,15899999.999965,9.099305787555e-11,3.092414691014e-10,1.773014439677e-09
14.0-14.5 MHz,3,,5.250000,,5.250000,15924999.999965,6.884714576716e-11,3.207433922746e-10,1.302354809070e-09
14.0-14.5 MHz,3,,5.250000,,5.250000,15949999.999965,6.235872543745e-11,3.276546189507e-10,1.000421719695e-09
14.0-14.5 MHz,3,,5.250000,,5.250000,15974999.999965,9.480075078026e-09,6.285307646351e-09,1.191430897461e-07
14.0-14.5 MHz,3,,5.250000,,5.250000,15999999.999965,1.901943121395e-08,1.348255232358e-08,2.360044712502e-07
14.0-14.5 MHz,3,,5.250000,,5.250000,16024999.999965,9.460912904886e-09,6.282194717481e-09,1.188970234343e-07
14.0-14.5 MHz,3,,5.250000,,5.250000,16049999.999965,7.025354648363e-11,3.364497675955e-10,4.759035975592e-10
14.0-14.5 MHz,3,,5.250000,,5.250000,16074999.999965,7.202640303320e-11,3.364758684151e-10,4.197276998310e-10
14.0-14.5 MHz,3,,5.250000,,5.250000,16099999.999965,7.425383275484e-11,3.363210603207e-10,3.749735721457e-10
14.0-14.5 MHz,3,,5.250000,,5.250000,16124999.999965,7.513252797544e-11,3.358173458805e-10,3.396799592697e-10
14.0-14.5 MHz,3,,5.250000,,5.250000,16149999.999965,7.725151046395e-11,3.352163400361e-10,3.115613776636e-10
14.0-14.5 MHz,3,,5.250000,,5.250000,16174999.999965,7.758377421359e-11,3.345136138204e-10,2.891889369953e-10
14.0-14.5 MHz,3,,5.250000,,5.250000,16199999.999964,7.835300382922e-11,3.334073101379e-10,2.716753849715e-10
14.0-14.5 MHz,3,,5.250000,,5.250000,16224999.999964,6.176824298859e-09,7.792367849105e-09,8.116846274718e-08
14.0-14.5 MHz,3,,5.250000,,5.250000,16249999.999964,1.214281065877e-08,1.459452841245e-08,1.627167765113e-07
14.0-14.5 MHz,3,,5.250000,,5.250000,16274999.999964,6.178584389979e-09,7.790267028056e-09,8.119772687661e-08
14.0-14.5 MHz,3,,5.250000,,5.250000,16299999.999964,8.003220203674e-11,3.293275443695e-10,2.243516682351e-10
14.0-14.5 MHz,3,,5.250000,,5.250000,16324999.999964,8.054324002864e-11,3.282663891924e-10,2.161427742579e-10
14.0-14.5 MHz,3,,5.250000,,5.250000,16349999.999964,8.059531236640e-11,3.271447635659e-10,2.095926692834e-10
14.0-14.5 MHz,3,,5.250000,,5.250000,16374999.999964,8.105283609867e-11,3.260470137345e-10,2.040280340615e-10
14.0-14.5 MHz,3,,5.250000,,5.250000,16399999.999964,8.065051888747e-11,3.248151736598e-10,1.991748530039e-10
14.0-14.5 MHz,3,,5.250000,,5.250000,16424999.999964,8.091099997893e-11,3.236614653577e-10,1.949454559030e-10
14.0-14.5 MHz,3,,5.250000,,5.250000,16449999.999964,8.088013704588e-11,3.227053626840e-10,1.910692269585e-10
14.0-14.5 MHz,3,,5.250000,,5.250000,16474999.999964,9.749780580506e-09,1.090841164596e-08,5.465910622877e-08
14.0-14.5 MHz,3,,5.250000,,5.250000,16499999.999964,1.973564281133e-08,2.271228874626e-08,1.092319479895e-07
14.0-14.5 MHz,3,,5.250000,,5.250000,16524999.999964,9.750220597783e-09,1.091079345729e-08,5.465114823395e-08
14.0-14.5 MHz,3,,5.250000,,5.250000,16549999.999964,8.069877487877e-11,3.176922565743e-10,1.801022590500e-10
14.0-14.5 MHz,3,,5.250000,,5.250000,16574999.999964,8.012943401977e-11,3.161491325895e-10,1.779679564498e-10
14.0-14.5 MHz,3,,5.250000,,5.250000,16599999.999964,8.032912188309e-11,3.149342900582e-10,1.760401203791e-10
14.0-14.5 MHz,3,,5.250000,,5.250000,16624999.999964,7.979895702236e-11,3.135784116646e-10,1.741860956073e-10
14.0-14.5 MHz,3,,5.250000,,5.250000,16649999.999963,7.947838380031e-11,3.123855670854e-10,1.725288144549e-10
14.0-14.5 MHz,3,,5.250000,,5.250000,16674999.999963,7.951548939534e-11,3.111382239821e-10,1.709591102873e-10
14.0-14.5 MHz,3,,5.250000,,5.250000,16699999.999963,7.955427075300e-11,3.100064261334e-10,1.695844530821e-10
14.0-14.5 MHz,3,,5.250000,,5.250000,16724999.999963,1.266442414776e-08,6.080890058979e-09,9.306092848922e-08
14.0-14.5 MHz,3,,5.250000,,5.250000,16749999.999963,2.547422824257e-08,1.303471660370e-08,1.860985623185e-07
14.0-14.5 MHz,3,,5.250000,,5.250000,16774999.999963,1.266516438484e-08,6.083022792731e-09,9.306402120536e-08
14.0-14.5 MHz,3,,5.250000,,5.250000,16799999.999963,7.814077702424e-11,3.049860896522e-10,1.643090831827e-10
14.0-14.5 MHz,3,,5.250000,,5.250000,16824999.999963,7.806388091775e-11,3.035928027299e-10,1.634363152452e-10
14.0-14.5 MHz,3,,5.250000,,5.250000,16849999.999963,7.755914138361e-11,3.023823623810e-10,1.626534892209e-10
14.0-14.5 MHz,3,,5.250000,,5.250000,16874999.999963,7.720202998546e-11,3.009664165161e-10,1.619648671366e-10
14.0-14.5 MHz,3,,5.250000,,5.250000,16899999.999963,7.694850372742e-11,2.996720201225e-10,1.617575911538e-10
14.0-14.5 MHz,3,,5.250000,,5.250000,16924999.999963,7.568039605360e-11,2.981000725109e-10,1.626157285722e-10
14.0-14.5 MHz,3,,5.250000,,5.250000,16949999.999963,7.384779375481e-11,2.956708981099e-10,1.683341922815e-10
14.0-14.5 MHz,3,,5.250000,,5.250000,16974999.999963,1.161468711532e-07,6.425944069539e-08,5.028318638118e-07
14.0-14.5 MHz,3,,5.250000,,5.250000,16999999.999963,2.321038228466e-07,1.276667481734e-07,1.005880050619e-06
14.0-14.5 MHz,3,,5.250000,,5.250000,17024999.999963,1.161472459369e-07,6.425740513962e-08,5.028317185374e-07
14.0-14.5 MHz,3,,5.250000,,5.250000,17049999.999963,7.271095130988e-11,2.909452806996e-10,1.659656122213e-10
14.0-14.5 MHz,3,,5.250000,,5.250000,17074999.999963,7.452938828934e-11,2.910099996033e-10,1.577196582976e-10
14.0-14.5 MHz,3,,5.250000,,5.250000,17099999.999963,7.426597353378e-11,2.902032394460e-10,1.550211020230e-10
14.0-14.5 MHz,3,,5.250000,,5.250000,17124999.999962,7.481038894259e-11,2.891607084659e-10,1.535161412181e-10
14.0-14.5 MHz,3,,5.250000,,5.250000,17149999.999962,7.431087450471e-11,2.881658467628e-10,1.526086074922e-10
14.0-14.5 MHz,3,,5.250000,,5.250000,17174999.999962,7.425815436447e-11,2.870141986333e-10,1.521831484800e-10
14.0-14.5 MHz,3,,5.250000,,5.250000,17199999.999962,7.435752871124e-11,2.859761247976e-10,1.535083260318e-10
14.0-14.5 MHz,3,,5.250000,,5.250000,17224999.999962,1.716927742067e-08,9.255444544640e-09,1.220899360045e-07
14.0-14.5 MHz,3,,5.250000,,5.250000,17249999.999962,3.434530742262e-08,1.868616814636e-08,2.445600142396e-07
14.0-14.5 MHz,3,,5.250000,,5.250000,17274999.999962,1.716934460403e-08,9.255688490878e-09,1.220912472802e-07
14.0-14.5 MHz,3,,5.250000,,5.250000,17299999.999962,7.265282821740e-11,2.815785630803e-10,1.504752842734e-10
14.0-14.5 MHz,3,,5.250000,,5.250000,17324999.999962,7.285065410337e-11,2.803918611146e-10,1.473100349098e-10
14.0-14.5 MHz,3,,5.250000,,5.250000,17349999.999962,7.228042132146e-11,2.793310439423e-10,1.459432769285e-10
14.0-14.5 MHz,3,,5.250000,,5.250000,17374999.999962,7.257595295830e-11,2.781714356720e-10,1.448504701148e-10
14.0-14.5 MHz,3,,5.250000,,5.250000,17399999.999962,7.187660074933e-11,2.771220518024e-10,1.439055168485e-10
14.0-14.5 MHz,3,,5.250000,,5.250000,17424999.999962,7.140868939142e-11,2.760340553635e-10,1.428170406869e-10
14.0-14.5 MHz,3,,5.250000,,5.250000,17449999.999962,7.139240192733e-11,2.748292984753e-10,1.408535087450e-10
14.0-14.5 MHz,3,,5.250000,,5.250000,17474999.999962,9.420863922478e-09,5.040483163217e-09,7.276173102351e-08
14.0-14.5 MHz,3,,5.250000,,5.250000,17499999.999962,1.879308729979e-08,9.382935232018e-09,1.451695933524e-07
14.0-14.5 MHz,3,,5.250000,,5.250000,17524999.999962,9.420740292218e-09,5.038754513598e-09,7.276069680386e-08
14.0-14.5 MHz,3,,5.250000,,5.250000,17549999.999962,6.952513108540e-11,2.706047647511e-10,1.382130367901e-10
14.0-14.5 MHz,3,,5.250000,,5.250000,17574999.999961,7.024301165812e-11,2.697135239126e-10,1.388921292674e-10
14.0-14.5 MHz,3,,5.250000,,5.250000,17599999.999961,6.992044573299e-11,2.686730534697e-10,1.386531771352e-10
14.0-14.5 MHz,3,,5.250000,,5.250000,17624999.999961,6.946618799808e-11,2.676081562103e-10,1.382516913734e-10
14.0-14.5 MHz,3,,5.250000,,5.250000,17649999.999961,6.948599969841e-11,2.666690419166e-10,1.379315273866e-10
14.0-14.5 MHz,3,,5.250000,,5.250000,17674999.999961,6.892053065030e-11,2.656479959706e-10,1.377649990356e-10
14.0-14.5 MHz,3,,5.250000,,5.250000,17699999.999961,6.906249623882e-11,2.647709804201e-10,1.386952109502e-10
14.0-14.5 MHz,3,,5.250000,,5.250000,17724999.999961,7.352665386597e-10,5.267551053161e-09,7.417399069471e-08
14.0-14.5 MHz,3,,5.250000,,5.250000,17749999.999961,1.389405543066e-09,1.132392287891e-08,1.487273988047e-07
14.0-14.5 MHz,3,,5.250000,,5.250000,17774999.999961,7.346085645343e-10,5.269519944484e-09,7.417501039762e-08
14.0-14.5 MHz,3,,5.250000,,5.250000,17799999.999961,6.757066731353e-11,2.607665027145e-10,1.364182008740e-10
14.0-14.5 MHz,3,,5.250000,,5.250000,17824999.999961,6.763851680660e-11,2.596362552409e-10,1.342985491149e-10
14.0-14.5 MHz,3,,5.250000,,5.250000,17849999.999961,6.715759690994e-11,2.586742580694e-10,1.332985517673e-10
14.0-14.5 MHz,3,,5.250000,,5.250000,17874999.999961,6.730410237346e-11,2.576215414809e-10,1.324603257387e-10
14.0-14.5 MHz,3,,5.250000,,5.250000,17899999.999961,6.614120002427e-11,2.566560354871e-10,1.316702288091e-10
14.0-14.5 MHz,3,,5.250000,,5.250000,17924999.999961,6.712432095306e-11,2.557130906980e-10,1.307079420653e-10
14.0-14.5 MHz,3,,5.250000,,5.250000,17949999.999961,6.610717017425e-11,2.545022009473e-10,1.286467586361e-10
14.0-14.5 MHz,3,,5.250000,,5.250000,17974999.999961,4.404265366807e-09,6.719757604088e-09,7.140929324390e-08
14.0-14.5 MHz,3,,5.250000,,5.250000,17999999.999961,8.619666019867e-09,1.270207935961e-08,1.424322884361e-07
14.0-14.5 MHz,3,,5.250000,,5.250000,18024999.999960,4.403680796714e-09,6.717899731434e-09,7.140830850433e-08
14.0-14.5 MHz,3,,5.250000,,5.250000,18049999.999960,6.507543464303e-11,2.508487702514e-10,1.267229132168e-10
14.0-14.5 MHz,3,,5.250000,,5.250000,18074999.999960,6.542527522900e-11,2.499441753853e-10,1.276662469796e-10
14.0-14.5 MHz,3,,5.250000,,5.250000,18099999.999960,6.405817471017e-11,2.490664471837e-10,1.277049222344e-10
14.0-14.5 MHz,3,,5.250000,,5.250000,18124999.999960,6.518532754900e-11,2.481636392225e-10,1.276196757595e-10
14.0-14.5 MHz,3,,5.250000,,5.250000,18149999.999960,6.433413380101e-11,2.472863447547e-10,1.277000720214e-10
14.0-14.5 MHz,3,,5.250000,,5.250000,18174999.999960,6.455185861286e-11,2.463160525280e-10,1.283702617240e-10
14.0-14.5 MHz,3,,5.250000,,5.250000,18199999.999960,6.316277203402e-11,2.452714078923e-10,1.319461373045e-10
14.0-14.5 MHz,3,,5.250000,,5.250000,18224999.999960,5.627825471817e-08,1.377294610364e-08,1.921850249738e-07
14.0-14.5 MHz,3,,5.250000,,5.250000,18249999.999960,1.125421050800e-07,2.728313759890e-08,3.847149032998e-07
14.0-14.5 MHz,3,,5.250000,,5.250000,18274999.999960,5.627862726865e-08,1.377207759505e-08,1.921859645634e-07
14.0-14.5 MHz,3,,5.250000,,5.250000,18299999.999960,6.294318466212e-11,2.418114350045e-10,1.302016668603e-10
14.0-14.5 MHz,3,,5.250000,,5.250000,18324999.999960,6.302971303524e-11,2.409606757218e-10,1.257505731308e-10
14.0-14.5 MHz,3,,5.250000,,5.250000,18349999.999960,6.191513720912e-11,2.400998475317e-10,1.243120611262e-10
14.0-14.5 MHz,3,,5.250000,,5.250000,18374999.999960,6.291522172256e-11,2.393151368297e-10,1.236680241813e-10
14.0-14.5 MHz,3,,5.250000,,5.250000,18399999.999960,6.109272316765e-11,2.382862827588e-10,1.234208208257e-10
14.0-14.5 MHz,3,,5.250000,,5.250000,18424999.999960,6.218669449371e-11,2.375738022027e-10,1.241916400190e-10
14.0-14.5 MHz,3,,5.250000,,5.250000,18449999.999960,6.095390844606e-11,2.366197942985e-10,1.284247040051e-10
14.0-14.5 MHz,3,,5.250000,,5.250000,18474999.999959,4.230997549630e-08,1.005339324387e-08,2.404754710107e-07
14.0-14.5 MHz,3,,5.250000,,5.250000,18499999.999959,8.452876215291e-08,1.990003067369e-08,4.812518506860e-07
14.0-14.5 MHz,3,,5.250000,,5.250000,18524999.999959,4.231002765920e-08,1.005278541063e-08,2.404764722854e-07
14.0-14.5 MHz,3,,5.250000,,5.250000,18549999.999959,5.968750297595e-11,2.332125710829e-10,1.261236434602e-10
14.0-14.5 MHz,3,,5.250000,,5.250000,18574999.999959,6.070758274949e-11,2.324993171199e-10,1.209280634076e-10
14.0-14.5 MHz,3,,5.250000,,5.250000,18599999.999959,6.013742960207e-11,2.316017585696e-10,1.190455409317e-10
14.0-14.5 MHz,3,,5.250000,,5.250000,18624999.999959,6.025236550644e-11,2.308029976129e-10,1.179404134247e-10
14.0-14.5 MHz,3,,5.250000,,5.250000,18649999.999959,5.909597623588e-11,2.300430061487e-10,1.170684905126e-10
14.0-14.5 MHz,3,,5.250000,,5.250000,18674999.999959,6.072593614868e-11,2.292451394026e-10,1.161169525113e-10
14.0-14.5 MHz,3,,5.250000,,5.250000,18699999.999959,5.931182971686e-11,2.283332731067e-10,1.143669149332e-10
14.0-14.5 MHz,3,,5.250000,,5.250000,18724999.999959,1.287337105957e-08,7.259157709684e-10,8.605383597293e-08
14.0-14.5 MHz,3,,5.250000,,5.250000,18749999.999959,2.588451236129e-08,1.752067105324e-09,1.718877739506e-07
14.0-14.5 MHz,3,,5.250000,,5.250000,18774999.999959,1.287408647357e-08,7.261506519750e-10,8.605322274335e-08
14.0-14.5 MHz,3,,5.250000,,5.250000,18799999.999959,5.910946424111e-11,2.252352092273e-10,1.125096743050e-10
14.0-14.5 MHz,3,,5.250000,,5.250000,18824999.999959,5.847219772512e-11,2.243827277369e-10,1.130240720338e-10
14.0-14.5 MHz,3,,5.250000,,5.250000,18849999.999959,5.789050879028e-11,2.236190665580e-10,1.128795989160e-10
14.0-14.5 MHz,3,,5.250000,,5.250000,18874999.999959,5.836937999866e-11,2.228411170264e-10,1.125801597664e-10
14.0-14.5 MHz,3,,5.250000,,5.250000,18899999.999959,5.794076940699e-11,2.220319356164e-10,1.122562055573e-10
14.0-14.5 MHz,3,,5.250000,,5.250000,18924999.999959,5.765560785160e-11,2.212654444862e-10,1.120676805192e-10
14.0-14.5 MHz,3,,5.250000,,5.250000,18949999.999958,5.744207071386e-11,2.203573327342e-10,1.124078740814e-10
14.0-14.5 MHz,3,,5.250000,,5.250000,18974999.999958,1.827389709599e-08,4.725525872460e-09,5.466936246812e-08
14.0-14.5 MHz,3,,5.250000,,5.250000,18999999.999958,3.650011041073e-08,8.833520493077e-09,1.095533369919e-07
14.0-14.5 MHz,3,,5.250000,,5.250000,19024999.999958,1.827387790475e-08,4.724123141430e-09,5.467007743592e-08
14.0-14.5 MHz,3,,5.250000,,5.250000,19049999.999958,5.694410838479e-11,2.173656728453e-10,1.105138569302e-10
14.0-14.5 MHz,3,,5.250000,,5.250000,19074999.999958,5.609928556789e-11,2.166775687896e-10,1.092825814028e-10
14.0-14.5 MHz,3,,5.250000,,5.250000,19099999.999958,5.615108759646e-11,2.160108031284e-10,1.086117151647e-10
14.0-14.5 MHz,3,,5.250000,,5.250000,19124999.999958,5.587733169745e-11,2.152594770937e-10,1.080080969931e-10
14.0-14.5 MHz,3,,5.250000,,5.250000,19149999.999958,5.583572829105e-11,2.145314767224e-10,1.074041490266e-10
14.0-14.5 MHz,3,,5.250000,,5.250000,19174999.999958,5.534159212475e-11,2.138042890724e-10,1.067003659112e-10
14.0-14.5 MHz,3,,5.250000,,5.250000,19199999.999958,5.542889637411e-11,2.132137006555e-10,1.054919692766e-10
14.0-14.5 MHz,3,,5.250000,,5.250000,19224999.999958,1.161191101454e-08,3.864086431741e-09,8.518462355247e-08
14.0-14.5 MHz,3,,5.250000,,5.250000,19249999.999958,2.328968278484e-08,8.173797494513e-09,1.702151250610e-07
14.0-14.5 MHz,3,,5.250000,,5.250000,19274999.999958,1.161536874317e-08,3.865209906460e-09,8.518435724273e-08
14.0-14.5 MHz,3,,5.250000,,5.250000,19299999.999958,5.432807061320e-11,2.103007649462e-10,1.036532446520e-10
14.0-14.5 MHz,3,,5.250000,,5.250000,19324999.999958,5.517240160866e-11,2.094843357177e-10,1.038814009302e-10
14.0-14.5 MHz,3,,5.250000,,5.250000,19349999.999958,5.411845189514e-11,2.088032426243e-10,1.036410992972e-10
14.0-14.5 MHz,3,,5.250000,,5.250000,19374999.999958,5.402651722899e-11,2.080890742547e-10,1.032545222286e-10
14.0-14.5 MHz,3,,5.250000,,5.250000,19399999.999957,5.385779983367e-11,2.074086369962e-10,1.028253007585e-10
14.0-14.5 MHz,3,,5.250000,,5.250000,19424999.999957,5.391150218850e-11,2.066769300505e-10,1.023403553623e-10
14.0-14.5 MHz,3,,5.250000,,5.250000,19449999.999957,5.372354937098e-11,2.059630684979e-10,1.019366411911e-10
14.0-14.5 MHz,3,,5.250000,,5.250000,19474999.999957,3.150401112710e-09,1.143791252941e-08,1.653365226098e-07
14.0-14.5 MHz,3,,5.250000,,5.250000,19499999.999957,6.366693211163e-09,2.289080669266e-08,3.306306343503e-07
14.0-14.5 MHz,3,,5.250000,,5.250000,19524999.999957,3.150795933712e-09,1.143760134813e-08,1.653364665956e-07
14.0-14.5 MHz,3,,5.250000,,5.250000,19549999.999957,5.255024710580e-11,2.032878805231e-10,9.970537093671e-11
14.0-14.5 MHz,3,,5.250000,,5.250000,19574999.999957,5.237544259418e-11,2.025557620349e-10,9.937436426278e-11
14.0-14.5 MHz,3,,5.250000,,5.250000,19599999.999957,5.243627539878e-11,2.019610530441e-10,9.895015401267e-11
14.0-14.5 MHz,3,,5.250000,,5.250000,19624999.999957,5.218933396373e-11,2.012344505567e-10,9.839226687310e-11
14.0-14.5 MHz,3,,5.250000,,5.250000,19649999.999957,5.236190411184e-11,2.005617258873e-10,9.781018565039e-11
14.0-14.5 MHz,3,,5.250000,,5.250000,19674999.999957,5.145309833076e-11,1.998804083169e-10,9.713700846525e-11
14.0-14.5 MHz,3,,5.250000,,5.250000,19699999.999957,5.243142980100e-11,1.991506363286e-10,9.636958856993e-11
14.0-14.5 MHz,3,,5.250000,,5.250000,19724999.999957,1.653232415533e-08,1.893437149155e-08,2.742030110798e-07
14.0-14.5 MHz,3,,5.250000,,5.250000,19749999.999957,3.311314897775e-08,3.777952375136e-08,5.483199503905e-07
14.0-14.5 MHz,3,,5.250000,,5.250000,19774999.999957,1.653229315518e-08,1.893385317833e-08,2.742033228306e-07
14.0-14.5 MHz,3,,5.250000,,5.250000,19799999.999957,5.116628428355e-11,1.965873078319e-10,9.346300459252e-11
14.0-14.5 MHz,3,,5.250000,,5.250000,19824999.999957,5.044666684942e-11,1.960529463615e-10,9.373493648807e-11
14.0-14.5 MHz,3,,5.250000,,5.250000,19849999.999956,5.060705135666e-11,1.953841864947e-10,9.338103092502e-11
14.0-14.5 MHz,3,,5.250000,,5.250000,19874999.999956,5.054568009276e-11,1.947266554421e-10,9.289281208733e-11
14.0-14.5 MHz,3,,5.250000,,5.250000,19899999.999956,4.994991166369e-11,1.941753844528e-10,9.240940738287e-11
14.0-14.5 MHz,3,,5.250000,,5.250000,19924999.999956,5.017226706412e-11,1.935071988196e-10,9.190465503833e-11
14.0-14.5 MHz,3,,5.250000,,5.250000,19949999.999956,5.037992913563e-11,1.929065008753e-10,9.172953897521e-11
14.0-14.5 MHz,3,,5.250000,,5.250000,19974999.999956,1.108192680429e-08,7.187660530162e-10,9.880007718378e-08
14.0-14.5 MHz,3,,5.250000,,5.250000,19999999.999956,2.227260100466e-08,2.005962837477e-09,1.976517566687e-07
14.0-14.5 MHz,3,,5.250000,,5.250000,20024999.999956,1.108183845252e-08,7.199671968029e-10,9.879980083137e-08
14.0-14.5 MHz,3,,5.250000,,5.250000,20049999.999956,4.869235580285e-11,1.904590056442e-10,8.904025860276e-11
14.0-14.5 MHz,3,,5.250000,,5.250000,20074999.999956,4.913060482505e-11,1.898119695363e-10,8.753910275024e-11
14.0-14.5 MHz,3,,5.250000,,5.250000,20099999.999956,4.872380122975e-11,1.892047813395e-10,8.650052772522e-11
14.0-14.5 MHz,3,,5.250000,,5.250000,20124999.999956,4.827872284149e-11,1.886136904349e-10,8.548540829249e-11
14.0-14.5 MHz,3,,5.250000,,5.250000,20149999.999956,4.838274732420e-11,1.880051746624e-10,8.439676865029e-11
14.0-14.5 MHz,3,,5.250000,,5.250000,20174999.999956,4.780497781846e-11,1.873580495728e-10,8.310941724343e-11
14.0-14.5 MHz,3,,5.250000,,5.250000,20199999.999956,4.759362296655e-11,1.867311129631e-10,8.116794491828e-11
14.0-14.5 MHz,3,,5.250000,,5.250000,20224999.999956,5.651475374250e-09,4.548695292627e-09,7.317255263098e-08
14.0-14.5 MHz,3,,5.250000,,5.250000,20249999.999956,1.122992109912e-08,8.677460597203e-09,1.461811276334e-07
14.0-14.5 MHz,3,,5.250000,,5.250000,20274999.999956,5.651927473083e-09,4.547892612381e-09,7.317213673152e-08
14.0-14.5 MHz,3,,5.250000,,5.250000,20299999.999955,4.686964644756e-11,1.844184319585e-10,7.597978978868e-11
14.0-14.5 MHz,3,,5.250000,,5.250000,20324999.999955,4.639409599567e-11,1.838474493365e-10,7.548240944704e-11
14.0-14.5 MHz,3,,5.250000,,5.250000,20349999.999955,4.640317413644e-11,1.833459664278e-10,7.418475132632e-11
14.0-14.5 MHz,3,,5.250000,,5.250000,20374999.999955,4.623333421989e-11,1.827598239533e-10,7.257689434113e-11
14.0-14.5 MHz,3,,5.250000,,5.250000,20399999.999955,4.527407721342e-11,1.821756674463e-10,7.078778555555e-11
14.0-14.5 MHz,3,,5.250000,,5.250000,20424999.999955,4.601203336092e-11,1.817520984838e-10,6.901233757030e-11
14.0-14.5 MHz,3,,5.250000,,5.250000,20449999.999955,4.479347726660e-11,1.812004624693e-10,6.753497013677e-11
14.0-14.5 MHz,3,,5.250000,,5.250000,20474999.999955,6.163717411828e-09,5.418845093366e-09,4.806738708337e-08
14.0-14.5 MHz,3,,5.250000,,5.250000,20499999.999955,1.235530517862e-08,1.128016707139e-08,9.629348284998e-08
14.0-14.5 MHz,3,,5.250000,,5.250000,20524999.999955,6.163272060512e-09,5.419588345154e-09,4.806975313229e-08
14.0-14.5 MHz,3,,5.250000,,5.250000,20549999.999955,4.360396761327e-11,1.790650573045e-10,5.631898260839e-11
14.0-14.5 MHz,3,,5.250000,,5.250000,20574999.999955,4.309954941325e-11,1.783063765365e-10,5.202916634667e-11
14.0-14.5 MHz,3,,5.250000,,5.250000,20599999.999955,4.265510179725e-11,1.778552063047e-10,4.868705945685e-11
14.0-14.5 MHz,3,,5.250000,,5.250000,20624999.999955,4.181267616751e-11,1.772904222685e-10,4.611534981634e-11
14.0-14.5 MHz,3,,5.250000,,5.250000,20649999.999955,4.097373196910e-11,1.767489729907e-10,4.524113258280e-11
14.0-14.5 MHz,3,,5.250000,,5.250000,20674999.999955,3.986846894506e-11,1.762285452271e-10,4.753391794936e-11
14.0-14.5 MHz,3,,5.250000,,5.250000,20699999.999955,3.906607829695e-11,1.756937194150e-10,5.410144021422e-11
14.0-14.5 MHz,3,,5.250000,,5.250000,20724999.999955,1.028971337538e-08,2.991719794764e-09,1.202980816964e-07
14.0-14.5 MHz,3,,5.250000,,5.250000,20749999.999955,2.047440793274e-08,5.648171967480e-09,2.404852177512e-07
14.0-14.5 MHz,3,,5.250000,,5.250000,20774999.999954,1.028714797808e-08,2.991656514596e-09,1.202838713745e-07
14.0-14.5 MHz,3,,5.250000,,5.250000,20799999.999954,3.100078398852e-11,1.739011561648e-10,1.821662950789e-10
14.0-14.5 MHz,3,,5.250000,,5.250000,20824999.999954,2.768124096585e-11,1.735645462789e-10,2.599489266943e-10
14.0-14.5 MHz,3,,5.250000,,5.250000,20849999.999954,2.456926536996e-11,1.734108508993e-10,3.825467300216e-10
14.0-14.5 MHz,3,,5.250000,,5.250000,20874999.999954,2.692267249413e-11,1.733591479991e-10,5.913596922473e-10
14.0-14.5 MHz,3,,5.250000,,5.250000,20899999.999954,4.792361986419e-11,1.738996892095e-10,9.917785822519e-10
14.0-14.5 MHz,3,,5.250000,,5.250000,20924999.999954,1.126805315332e-10,1.759341915491e-10,1.931279208521e-09
14.0-14.5 MHz,3,,5.250000,,5.250000,20949999.999954,3.592631970470e-10,1.869727636059e-10,5.327032314668e-09
14.0-14.5 MHz,3,,5.250000,,5.250000,20974999.999954,1.182563579393e-05,1.398927674088e-06,1.593961495375e-04
14.0-14.5 MHz,3,,5.250000,,5.250000,20999999.999954,2.364939339444e-05,2.797768659855e-06,3.187679493184e-04
14.0-14.5 MHz,3,,5.250000,,5.250000,21024999.999954,1.182565259101e-05,1.398911137950e-06,1.593961329411e-04
14.0-14.5 MHz,3,,5.250000,,5.250000,21049999.999954,3.670148566878e-10,1.866357831828e-10,5.329441509808e-09
14.0-14.5 MHz,3,,5.250000,,5.250000,21074999.999954,1.147928753883e-10,1.734275348578e-10,1.933600660573e-09
14.0-14.5 MHz,3,,5.250000,,5.250000,21099999.999954,4.990831481224e-11,1.699951904689e-10,9.943486980319e-10
14.0-14.5 MHz,3,,5.250000,,5.250000,21124999.999954,2.757873115783e-11,1.684442774473e-10,5.940323440462e-10
14.0-14.5 MHz,3,,5.250000,,5.250000,21149999.999954,2.416600108746e-11,1.673713094533e-10,3.852376662117e-10
14.0-14.5 MHz,3,,5.250000,,5.250000,21174999.999954,2.622266321606e-11,1.665506738978e-10,2.623628660147e-10
14.0-14.5 MHz,3,,5.250000,,5.250000,21199999.999954,2.944583910014e-11,1.659583415252e-10,1.832449796115e-10
14.0-14.5 MHz,3,,5.250000,,5.250000,21224999.999953,3.813140648867e-09,4.773447833604e-09,1.001691104183e-07
14.0-14.5 MHz,3,,5.250000,,5.250000,21249999.999953,7.716438239997e-09,9.895741835830e-09,2.000622985981e-07
14.0-14.5 MHz,3,,5.250000,,5.250000,21274999.999953,3.811459128584e-09,4.774502547106e-09,1.001090509665e-07
14.0-14.5 MHz,3,,5.250000,,5.250000,21299999.999953,3.600886182523e-11,1.635922840706e-10,5.691933055344e-11
14.0-14.5 MHz,3,,5.250000,,5.250000,21324999.999953,3.663922585278e-11,1.630641856928e-10,4.804760980992e-11
14.0-14.5 MHz,3,,5.250000,,5.250000,21349999.999953,3.760434902893e-11,1.625454832051e-10,4.332813393525e-11
14.0-14.5 MHz,3,,5.250000,,5.250000,21374999.999953,3.769103744307e-11,1.619485366740e-10,4.185233629023e-11
14.0-14.5 MHz,3,,5.250000,,5.250000,21399999.999953,3.820991053485e-11,1.615159281722e-10,4.243740249726e-11
14.0-14.5 MHz,3,,5.250000,,5.250000,21424999.999953,3.851910280605e-11,1.609664347977e-10,4.380922560539e-11
14.0-14.5 MHz,3,,5.250000,,5.250000,21449999.999953,3.849918763139e-11,1.604689975374e-10,4.472671931995e-11
14.0-14.5 MHz,3,,5.250000,,5.250000,21474999.999953,3.425031064966e-09,1.800374639610e-09,6.708761184005e-08
14.0-14.5 MHz,3,,5.250000,,5.250000,21499999.999953,6.732362298812e-09,3.131375176217e-09,1.340267241982e-07
14.0-14.5 MHz,3,,5.250000,,5.250000,21524999.999953,3.425035837568e-09,1.799410909903e-09,6.709374815421e-08
14.0-14.5 MHz,3,,5.250000,,5.250000,21549999.999953,3.921832220832e-11,1.586165572828e-10,5.305961846798e-11
14.0-14.5 MHz,3,,5.250000,,5.250000,21574999.999953,3.920800861781e-11,1.580707571305e-10,5.607356518139e-11
14.0-14.5 MHz,3,,5.250000,,5.250000,21599999.999953,3.943109908423e-11,1.576841839879e-10,5.804315870239e-11
14.0-14.5 MHz,3,,5.250000,,5.250000,21624999.999953,3.916537780674e-11,1.572516828395e-10,5.966049537589e-11
14.0-14.5 MHz,3,,5.250000,,5.250000,21649999.999953,3.960671063233e-11,1.567603459757e-10,6.109950399868e-11
14.0-14.5 MHz,3,,5.250000,,5.250000,21674999.999952,3.916793565009e-11,1.563145112044e-10,6.263714439026e-11
14.0-14.5 MHz,3,,5.250000,,5.250000,21699999.999952,3.941153832363e-11,1.558523836836e-10,6.511626422176e-11
14.0-14.5 MHz,3,,5.250000,,5.250000,21724999.999952,2.299121686874e-09,1.747100515166e-09,7.879437111954e-08
14.0-14.5 MHz,3,,5.250000,,5.250000,21749999.999952,4.702540341954e-09,3.553913711840e-09,1.577479546512e-07
14.0-14.5 MHz,3,,5.250000,,5.250000,21774999.999952,2.299225631576e-09,1.747052415195e-09,7.879245134466e-08
14.0-14.5 MHz,3,,5.250000,,5.250000,21799999.999952,3.921653045755e-11,1.540565214756e-10,6.798364524576e-11
14.0-14.5 MHz,3,,5.250000,,5.250000,21824999.999952,3.912810994135e-11,1.536558890095e-10,6.703270933072e-11
14.0-14.5 MHz,3,,5.250000,,5.250000,21849999.999952,3.904590050144e-11,1.531396963270e-10,6.702148573705e-11
14.0-14.5 MHz,3,,5.250000,,5.250000,21874999.999952,3.891738177316e-11,1.527791245151e-10,6.724123806347e-11
14.0-14.5 MHz,3,,5.250000,,5.250000,21899999.999952,3.883826802416e-11,1.523185375012e-10,6.738950263558e-11
14.0-14.5 MHz,3,,5.250000,,5.250000,21924999.999952,3.887042958951e-11,1.519249210497e-10,6.740242673435e-11
14.0-14.5 MHz,3,,5.250000,,5.250000,21949999.999952,3.867066376236e-11,1.515097669204e-10,6.661595118609e-11
14.0-14.5 MHz,3,,5.250000,,5.250000,21974999.999952,3.481570238622e-09,5.564957218830e-09,8.548618864308e-08
14.0-14.5 MHz,3,,5.250000,,5.250000,21999999.999952,6.847002797497e-09,1.136400967295e-08,1.708429018730e-07
14.0-14.5 MHz,3,,5.250000,,5.250000,22024999.999952,3.481742159573e-09,5.565461824156e-09,8.548712432716e-08
14.0-14.5 MHz,3,,5.250000,,5.250000,22049999.999952,3.815610427354e-11,1.497887647347e-10,6.766373168372e-11
14.0-14.5 MHz,3,,5.250000,,5.250000,22074999.999952,3.832042534710e-11,1.493484672585e-10,6.889337509490e-11
14.0-14.5 MHz,3,,5.250000,,5.250000,22099999.999952,3.830061504804e-11,1.488256883734e-10,6.945125924313e-11
14.0-14.5 MHz,3,,5.250000,,5.250000,22124999.999951,3.830798992500e-11,1.484172550192e-10,7.002788480601e-11
14.0-14.5 MHz,3,,5.250000,,5.250000,22149999.999951,3.820216192550e-11,1.479392965500e-10,7.081810423403e-11
14.0-14.5 MHz,3,,5.250000,,5.250000,22174999.999951,3.807357115146e-11,1.474370100563e-10,7.251357734059e-11
14.0-14.5 MHz,3,,5.250000,,5.250000,22199999.999951,3.892900476419e-11,1.464999560023e-10,7.846306893409e-11
14.0-14.5 MHz,3,,5.250000,,5.250000,22224999.999951,2.277292635329e-08,3.271896064330e-08,3.449862436886e-07
14.0-14.5 MHz,3,,5.250000,,5.250000,22249999.999951,4.565191506173e-08,6.516069279110e-08,6.900757120735e-07
14.0-14.5 MHz,3,,5.250000,,5.250000,22274999.999951,2.277255403033e-08,3.271830704837e-08,3.449860414469e-07
14.0-14.5 MHz,3,,5.250000,,5.250000,22299999.999951,3.810522395801e-11,1.450177734083e-10,7.829946147629e-11
14.0-14.5 MHz,3,,5.250000,,5.250000,22324999.999951,3.768202825771e-11,1.449395123635e-10,7.270731435596e-11
14.0-14.5 MHz,3,,5.250000,,5.250000,22349999.999951,3.751202912224e-11,1.446423976884e-10,7.121966357261e-11
14.0-14.5 MHz,3,,5.250000,,5.250000,22374999.999951,3.741621212404e-11,1.443073176341e-10,7.066783358818e-11
14.0-14.5 MHz,3,,5.250000,,5.250000,22399999.999951,3.720039080248e-11,1.439145383860e-10,7.052691136077e-11
14.0-14.5 MHz,3,,5.250000,,5.250000,22424999.999951,3.712233927453e-11,1.435730633795e-10,7.088513119936e-11
14.0-14.5 MHz,3,,5.250000,,5.250000,22449999.999951,3.710570506420e-11,1.430218253824e-10,7.286829243140e-11
14.0-14.5 MHz,3,,5.250000,,5.250000,22474999.999951,4.825298340869e-09,9.436707344348e-09,1.628575649289e-07
14.0-14.5 MHz,3,,5.250000,,5.250000,22499999.999951,9.720921347058e-09,1.871848473376e-08,3.258119256214e-07
14.0-14.5 MHz,3,,5.250000,,5.250000,22524999.999951,4.825452801605e-09,9.436281611857e-09,1.628576126856e-07
14.0-14.5 MHz,3,,5.250000,,5.250000,22549999.999951,3.696328562649e-11,1.414927126444e-10,7.211978700231e-11
14.0-14.5 MHz,3,,5.250000,,5.250000,22574999.999950,3.637556003363e-11,1.411787135503e-10,6.998384797147e-11
14.0-14.5 MHz,3,,5.250000,,5.250000,22599999.999950,3.648009846606e-11,1.409013165438e-10,6.935076180112e-11
14.0-14.5 MHz,3,,5.250000,,5.250000,22624999.999950,3.626167149780e-11,1.404574174481e-10,6.895216125767e-11
14.0-14.5 MHz,3,,5.250000,,5.250000,22649999.999950,3.635877704390e-11,1.400804027410e-10,6.870219480350e-11
14.0-14.5 MHz,3,,5.250000,,5.250000,22674999.999950,3.594027945604e-11,1.397606385949e-10,6.849208321178e-11
14.0-14.5 MHz,3,,5.250000,,5.250000,22699999.999950,3.607834948059e-11,1.393815381714e-10,6.815399404172e-11
14.0-14.5 MHz,3,,5.250000,,5.250000,22724999.999950,1.998578649797e-09,2.017304311651e-09,7.980942675058e-08
14.0-14.5 MHz,3,,5.250000,,5.250000,22749999.999950,3.924677605547e-09,4.369380457331e-09,1.595889785861e-07
14.0-14.5 MHz,3,,5.250000,,5.250000,22774999.999950,1.998611046796e-09,2.017959220662e-09,7.980946145918e-08
14.0-14.5 MHz,3,,5.250000,,5.250000,22799999.999950,3.556610558111e-11,1.379246706396e-10,6.776993306617e-11
14.0-14.5 MHz,3,,5.250000,,5.250000,22824999.999950,3.563021063594e-11,1.374819168152e-10,6.766447977926e-11
14.0-14.5 MHz,3,,5.250000,,5.250000,22849999.999950,3.546263185361e-11,1.371394839562e-10,6.758872790885e-11
14.0-14.5 MHz,3,,5.250000,,5.250000,22874999.999950,3.529507669260e-11,1.367146609594e-10,6.746312836729e-11
14.0-14.5 MHz,3,,5.250000,,5.250000,22899999.999950,3.537681227771e-11,1.363939847473e-10,6.738998000801e-11
14.0-14.5 MHz,3,,5.250000,,5.250000,22924999.999950,3.524462300582e-11,1.359578764593e-10,6.730745458620e-11
14.0-14.5 MHz,3,,5.250000,,5.250000,22949999.999950,3.512305611607e-11,1.356194820052e-10,6.748916604826e-11
14.0-14.5 MHz,3,,5.250000,,5.250000,22974999.999950,2.179196868438e-09,2.230204164903e-09,5.050158842791e-08
14.0-14.5 MHz,3,,5.250000,,5.250000,22999999.999950,4.419791973361e-09,4.078916851998e-09,1.010368181055e-07
14.0-14.5 MHz,3,,5.250000,,5.250000,23024999.999950,2.179272136149e-09,2.229551482563e-09,5.050157977958e-08
14.0-14.5 MHz,3,,5.250000,,5.250000,23049999.999949,3.488262804511e-11,1.341521816583e-10,6.683161058352e-11
14.0-14.5 MHz,3,,5.250000,,5.250000,23074999.999949,3.465338211518e-11,1.338335529039e-10,6.649959472436e-11
14.0-14.5 MHz,3,,5.250000,,5.250000,23099999.999949,3.458437265896e-11,1.335103112924e-10,6.630786340438e-11
14.0-14.5 MHz,3,,5.250000,,5.250000,23124999.999949,3.447996966623e-11,1.331282553288e-10,6.613446271315e-11
14.0-14.5 MHz,3,,5.250000,,5.250000,23149999.999949,3.442441408512e-11,1.328161045511e-10,6.598619913987e-11
14.0-14.5 MHz,3,,5.250000,,5.250000,23174999.999949,3.436048350045e-11,1.324837634704e-10,6.585196276425e-11
14.0-14.5 MHz,3,,5.250000,,5.250000,23199999.999949,3.408133147868e-11,1.322085699487e-10,6.574648651908e-11
14.0-14.5 MHz,3,,5.250000,,5.250000,23224999.999949,2.473478953729e-09,3.219832440896e-09,9.252712377230e-08
14.0-14.5 MHz,3,,5.250000,,5.250000,23249999.999949,4.946677558251e-09,6.818089009156e-09,1.850466469103e-07
14.0-14.5 MHz,3,,5.250000,,5.250000,23274999.999949,2.473387748299e-09,3.220495085733e-09,9.252727839352e-08
14.0-14.5 MHz,3,,5.250000,,5.250000,23299999.999949,3.382705388158e-11,1.307852121122e-10,6.519477504125e-11
14.0-14.5 MHz,3,,5.250000,,5.250000,23324999.999949,3.377809570443e-11,1.304151076278e-10,6.481371925378e-11
14.0-14.5 MHz,3,,5.250000,,5.250000,23349999.999949,3.361123456083e-11,1.300228176980e-10,6.450358734112e-11
14.0-14.5 MHz,3,,5.250000,,5.250000,23374999.999949,3.378971380824e-11,1.296459974426e-10,6.414907274787e-11
14.0-14.5 MHz,3,,5.250000,,5.250000,23399999.999949,3.338503054736e-11,1.293403153452e-10,6.366909783651e-11
14.0-14.5 MHz,3,,5.250000,,5.250000,23424999.999949,3.352019495464e-11,1.288427380411e-10,6.264796957583e-11
14.0-14.5 MHz,3,,5.250000,,5.250000,23449999.999949,3.341108646497e-11,1.283533028946e-10,5.994958754599e-11
14.0-14.5 MHz,3,,5.250000,,5.250000,23474999.999949,4.786261937800e-09,1.070144299394e-08,2.666315801888e-07
14.0-14.5 MHz,3,,5.250000,,5.250000,23499999.999948,9.594730843272e-09,2.101681324306e-08,5.331136480292e-07
14.0-14.5 MHz,3,,5.250000,,5.250000,23524999.999948,4.786233510510e-09,1.070074962868e-08,2.666314100454e-07
14.0-14.5 MHz,3,,5.250000,,5.250000,23549999.999948,3.304207499429e-11,1.269815856883e-10,5.884042638977e-11
14.0-14.5 MHz,3,,5.250000,,5.250000,23574999.999948,3.290511267400e-11,1.269036469493e-10,6.166128984559e-11
14.0-14.5 MHz,3,,5.250000,,5.250000,23599999.999948,3.282398049160e-11,1.266404318442e-10,6.230899580995e-11
14.0-14.5 MHz,3,,5.250000,,5.250000,23624999.999948,3.293100477086e-11,1.262591492565e-10,6.239210170935e-11
14.0-14.5 MHz,3,,5.250000,,5.250000,23649999.999948,3.256716638244e-11,1.260226963285e-10,6.225745439610e-11
14.0-14.5 MHz,3,,5.250000,,5.250000,23674999.999948,3.261575460470e-11,1.256099995835e-10,6.166339481591e-11
14.0-14.5 MHz,3,,5.250000,,5.250000,23699999.999948,3.259974298590e-11,1.251108237520e-10,5.975026210514e-11
14.0-14.5 MHz,3,,5.250000,,5.250000,23724999.999948,5.636439397341e-09,9.653213353120e-09,1.500988452315e-07
14.0-14.5 MHz,3,,5.250000,,5.250000,23749999.999948,1.128821115799e-08,1.896349929235e-08,3.000506184845e-07
14.0-14.5 MHz,3,,5.250000,,5.250000,23774999.999948,5.636468602201e-09,9.652665813007e-09,1.500989294554e-07
14.0-14.5 MHz,3,,5.250000,,5.250000,23799999.999948,3.235953622081e-11,1.238533911729e-10,5.906498985425e-11
14.0-14.5 MHz,3,,5.250000,,5.250000,23824999.999948,3.197686884310e-11,1.237282757710e-10,6.109293189320e-11
14.0-14.5 MHz,3,,5.250000,,5.250000,23849999.999948,3.222790528078e-11,1.234486674641e-10,6.158376309829e-11
14.0-14.5 MHz,3,,5.250000,,5.250000,23874999.999948,3.181839808501e-11,1.231824300984e-10,6.178756608798e-11
14.0-14.5 MHz,3,,5.250000,,5.250000,23899999.999948,3.186015903084e-11,1.229153566959e-10,6.193246948309e-11
14.0-14.5 MHz,3,,5.250000,,5.250000,23924999.999948,3.171342389998e-11,1.225804468844e-10,6.215424436978e-11
14.0-14.5 MHz,3,,5.250000,,5.250000,23949999.999947,3.196971914372e-11,1.224202436893e-10,6.319267803263e-11
14.0-14.5 MHz,3,,5.250000,,5.250000,23974999.999947,2.397843294081e-09,4.303786349560e-09,8.072880796203e-08
14.0-14.5 MHz,3,,5.250000,,5.250000,23999999.999947,4.836077588024e-09,8.950812216864e-09,1.615656013307e-07
14.0-14.5 MHz,3,,5.250000,,5.250000,24024999.999947,2.397822262223e-09,4.304278202764e-09,8.072892762554e-08
14.0-14.5 MHz,3,,5.250000,,5.250000,24049999.999947,3.147521874634e-11,1.211937845577e-10,6.282178916506e-11
14.0-14.5 MHz,3,,5.250000,,5.250000,24074999.999947,3.127404144668e-11,1.207362636862e-10,6.145163223547e-11
14.0-14.5 MHz,3,,5.250000,,5.250000,24099999.999947,3.132532498192e-11,1.204535731402e-10,6.098037036276e-11
14.0-14.5 MHz,3,,5.250000,,5.250000,24124999.999947,3.103583433079e-11,1.201583568501e-10,6.064774829367e-11
14.0-14.5 MHz,3,,5.250000,,5.250000,24149999.999947,3.115577104211e-11,1.198056767376e-10,6.025649498330e-11
14.0-14.5 MHz,3,,5.250000,,5.250000,24174999.999947,3.094530713451e-11,1.195229293884e-10,5.971620051457e-11
14.0-14.5 MHz,3,,5.250000,,5.250000,24199999.999947,3.099153409161e-11,1.191245473489e-10,5.811636577569e-11
14.0-14.5 MHz,3,,5.250000,,5.250000,24224999.999947,1.261576258056e-09,4.444726727511e-09,7.575349972197e-08
14.0-14.5 MHz,3,,5.250000,,5.250000,24249999.999947,2.485465367513e-09,8.603802387784e-09,1.513282826625e-07
14.0-14.5 MHz,3,,5.250000,,5.250000,24274999.999947,1.261486666434e-09,4.444316964351e-09,7.575330261173e-08
14.0-14.5 MHz,3,,5.250000,,5.250000,24299999.999947,3.069835950081e-11,1.179500729293e-10,5.755301522031e-11
14.0-14.5 MHz,3,,5.250000,,5.250000,24324999.999947,3.045034518515e-11,1.177253420886e-10,5.893296780197e-11
14.0-14.5 MHz,3,,5.250000,,5.250000,24349999.999947,3.040019196955e-11,1.174817164865e-10,5.927656725977e-11
14.0-14.5 MHz,3,,5.250000,,5.250000,24374999.999947,3.049449789667e-11,1.171328170093e-10,5.935702117724e-11
14.0-14.5 MHz,3,,5.250000,,5.250000,24399999.999946,3.026120617210e-11,1.169648504875e-10,5.950847435532e-11
14.0-14.5 MHz,3,,5.250000,,5.250000,24424999.999946,3.034280454770e-11,1.165849331034e-10,5.970561976730e-11
14.0-14.5 MHz,3,,5.250000,,5.250000,24449999.999946,3.005767926017e-11,1.164279419586e-10,6.081490872581e-11
14.0-14.5 MHz,3,,5.250000,,5.250000,24474999.999946,1.720718496480e-09,2.964383080143e-09,5.627276196259e-08
14.0-14.5 MHz,3,,5.250000,,5.250000,24499999.999946,3.492187323612e-09,6.090991440794e-09,1.127130370523e-07
14.0-14.5 MHz,3,,5.250000,,5.250000,24524999.999946,1.720868469330e-09,2.964530402978e-09,5.627312166729e-08
14.0-14.5 MHz,3,,5.250000,,5.250000,24549999.999946,2.988200563167e-11,1.152565301870e-10,6.027941528031e-11
14.0-14.5 MHz,3,,5.250000,,5.250000,24574999.999946,2.981396270314e-11,1.148922431194e-10,5.886595723648e-11
14.0-14.5 MHz,3,,5.250000,,5.250000,24599999.999946,2.975464375724e-11,1.146309732111e-10,5.831969111948e-11
14.0-14.5 MHz,3,,5.250000,,5.250000,24624999.999946,2.965482034487e-11,1.143972306460e-10,5.789148609426e-11
14.0-14.5 MHz,3,,5.250000,,5.250000,24649999.999946,2.957559876638e-11,1.140652863669e-10,5.731035987891e-11
14.0-14.5 MHz,3,,5.250000,,5.250000,24674999.999946,2.942884052371e-11,1.137813118657e-10,5.631320933243e-11
14.0-14.5 MHz,3,,5.250000,,5.250000,24699999.999946,2.932350235841e-11,1.135242178439e-10,5.324256955720e-11
14.0-14.5 MHz,3,,5.250000,,5.250000,24724999.999946,4.012872420522e-09,4.082214868430e-09,1.455339563661e-07
14.0-14.5 MHz,3,,5.250000,,5.250000,24749999.999946,7.952930388410e-09,8.124644320213e-09,2.908793193914e-07
14.0-14.5 MHz,3,,5.250000,,5.250000,24774999.999946,4.012693690766e-09,4.082209955772e-09,1.455334736492e-07
14.0-14.5 MHz,3,,5.250000,,5.250000,24799999.999946,2.914360131195e-11,1.124342110678e-10,5.233663929328e-11
14.0-14.5 MHz,3,,5.250000,,5.250000,24824999.999946,2.887081338192e-11,1.121224447419e-10,5.494180750020e-11
14.0-14.5 MHz,3,,5.250000,,5.250000,24849999.999946,2.909535180790e-11,1.118943576318e-10,5.532823337012e-11
14.0-14.5 MHz,3,,5.250000,,5.250000,24874999.999945,2.892625383196e-11,1.116605396092e-10,5.497607952103e-11
14.0-14.5 MHz,3,,5.250000,,5.250000,24899999.999945,2.880584252650e-11,1.112998774635e-10,5.383079494824e-11
14.0-14.5 MHz,3,,5.250000,,5.250000,24924999.999945,2.879685797941e-11,1.111501247303e-10,5.108223837538e-11
14.0-14.5 MHz,3,,5.250000,,5.250000,24949999.999945,2.857377937031e-11,1.107920965814e-10,4.087994117347e-11
14.0-14.5 MHz,3,,5.250000,,5.250000,24974999.999945,5.076799219593e-09,2.455150131038e-08,4.888100872432e-07
14.0-14.5 MHz,3,,5.250000,,5.250000,24999999.999945,1.007750403924e-08,4.911121883107e-08,9.773774289138e-07
21.0-21.5 MHz,4,,5.260000,6.990000,12.250000,524999.999999,1.906824702850e-07,5.541457704326e-09,8.013964395070e-08
21.0-21.5 MHz,4,,5.260000,6.990000,12.250000,549999.999999,4.426187202324e-08,3.444652355589e-09,3.800594399170e-08
21.0-21.5 MHz,4,,5.260000,6.990000,12.250000,574999.999999,1.648810905477e-07,8.208620253230e-09,2.385002502315e-08
21.0-21.5 MHz,4,,5.260000,6.990000,12.250000,599999.999999,3.733952689639e-07,8.891523279452e-09,4.627453381721e-08
21.0-21.5 MHz,4,,5.260000,6.990000,12.250000,624999.999999,3.691685392986e-07,1.483164963274e-08,5.214513605156e-08
21.0-21.5 MHz,4,,5.260000,6.990000,12.250000,649999.999999,2.764901495007e-08,4.303328310569e-09,1.654194095263e-08
21.0-21.5 MHz,4,,5.260000,6.990000,12.250000,674999.999999,1.811806774979e-07,5.680314022504e-09,1.007636107072e-08
21.0-21.5 MHz,4,,5.260000,6.990000,12.250000,699999.999998,2.374744451476e-07,1.355072056406e-08,1.393917057512e-08
21.0-21.5 MHz,4,,5.260000,6.990000,12.250000,724999.999998,4.519842845949e-08,4.942740320780e-09,3.253618889848e-08
21.0-21.5 MHz,4,,5.260000,6.990000,12.250000,749999.999998,1.557949139005e-07,1.087043191078e-08,5.837100418386e-08
21.0-21.5 MHz,4,,5.260000,6.990000,12.250000,774999.999998,1.247250162440e-07,9.781274063411e-09,3.115348564747e-08
21.0-21.5 MHz,4,,5.260000,6.990000,12.250000,799999.999998,1.088102434623e-07,7.637114385981e-09,7.881418108014e-09
21.0-21.5 MHz,4,,5.260000,6.990000,12.250000,824999.999998,2.705043917774e-07,1.720349467855e-08,3.979476394791e-08
21.0-21.5 MHz,4,,5.260000,6.990000,12.250000,849999.999998,7.768921682333e-08,6.403398397460e-09,4.753326316002e-08
21.0-21.5 MHz,4,,5.260000,6.990000,12.250000,874999.999998,2.914173832140e-07,2.005256039490e-08,6.845012983266e-08
21.0-21.5 MHz,4,,5.260000,6.990000,12.250000,899999.999998,7.987740131839e-08,8.739242037811e-09,4.588743279686e-08
21.0-21.5 MHz,4,,5.260000,6.990000,12.250000,924999.999998,3.044909472232e-07,2.153895652666e-08,3.385847608024e-08
21.0-21.5 MHz,4,,5.260000,6.990000,12.250000,949999.999998,1.474657491233e-07,1.584720655157e-08,5.277109531324e-09
21.0-21.5 MHz,4,,5.260000,6.990000,12.250000,974999.999998,2.970808816004e-07,2.060061470396e-08,1.216201843550e-08
21.0-21.5 MHz,4,,5.260000,6.990000,12.250000,999999.999998,2.560030647169e-07,2.603234163362e-08,2.984129325252e-08
21.0-21.5 MHz,4,,5.260000,6.990000,12.250000,1024999.999998,1.850120615534e-07,1.659512503067e-08,2.607847106038e-08
21.0-21.5 MHz,4,,5.260000,6.990000,12.250000,1049999.999998,3.162432898483e-07,2.971476898957e-08,4.876779292326e-08
21.0-21.5 MHz,4,,5.260000,6.990000,12.250000,1074999.999998,2.881419011685e-07,2.930390705921e-08,1.272654285027e-08
21.0-21.5 MHz,4,,5.260000,6.990000,12.250000,1099999.999998,3.871171770543e-07,3.254137597153e-08,1.515841750755e-08
21.0-21.5 MHz,4,,5.260000,6.990000,12.250000,1124999.999998,2.947745821861e-07,3.369363749341e-08,2.825871388288e-08
21.0-21.5 MHz,4,,5.260000,6.990000,12.250000,1149999.999997,5.254923529024e-07,4.567411435568e-08,4.627733961089e-08
21.0-21.5 MHz,4,,5.260000,6.990000,12.250000,1174999.999997,4.155968450316e-07,4.450810044018e-08,2.286593217402e-08
21.0-21.5 MHz,4,,5.260000,6.990000,12.250000,1199999.999997,4.984562273535e-07,5.155598878714e-08,6.993323866167e-08
21.0-21.5 MHz,4,,5.260000,6.990000,12.250000,1224999.999997,7.879154586791e-07,6.947404433367e-08,6.890335121188e-08
21.0-21.5 MHz,4,,5.260000,6.990000,12.250000,1249999.999997,6.202430434486e-07,6.618934328023e-08,6.332891515637e-08
21.0-21.5 MHz,4,,5.260000,6.990000,12.250000,1274999.999997,9.681323648410e-07,8.906506931981e-08,7.041118088061e-08
21.0-21.5 MHz,4,,5.260000,6.990000,12.250000,1299999.999997,1.058899832287e-06,1.052928754347e-07,7.598476317850e-08
21.0-21.5 MHz,4,,5.260000,6.990000,12.250000,1324999.999997,1.245661895094e-06,1.207671116405e-07,5.075658107511e-08
21.0-21.5 MHz,4,,5.260000,6.990000,12.250000,1349999.999997,1.557770731671e-06,1.511226313927e-07,1.171685315964e-07
21.0-21.5 MHz,4,,5.260000,6.990000,12.250000,1374999.999997,1.736743101982e-06,1.731007703589e-07,7.957884000175e-08
21.0-21.5 MHz,4,,5.260000,6.990000,12.250000,1399999.999997,2.416206583243e-06,2.334421634041e-07,1.341104437593e-07
21.0-21.5 MHz,4,,5.260000,6.990000,12.250000,1424999.999997,2.851742982947e-06,2.771439265648e-07,1.339665041765e-07
21.0-21.5 MHz,4,,5.260000,6.990000,12.250000,1449999.999997,3.777441950666e-06,3.793094940137e-07,1.946559432227e-07
21.0-21.5 MHz,4,,5.260000,6.990000,12.250000,1474999.999997,5.173891765317e-06,4.965777927830e-07,2.395755453692e-07
21.0-21.5 MHz,4,,5.260000,6.990000,12.250000,1499999.999997,6.779726396262e-06,6.498338000765e-07,4.040517347990e-07
21.0-21.5 MHz,4,,5.260000,6.990000,12.250000,1524999.999997,9.755233545786e-06,9.734850767000e-07,4.534697338497e-07
21.0-21.5 MHz,4,,5.260000,6.990000,12.250000,1549999.999997,1.447503220148e-05,1.408358944317e-06,7.437553038335e-07
21.0-21.5 MHz,4,,5.260000,6.990000,12.250000,1574999.999997,2.281460029986e-05,2.236199447574e-06,1.100498384175e-06
21.0-21.5 MHz,4,,5.260000,6.990000,12.250000,1599999.999996,3.904158401154e-05,3.814740998745e-06,1.966590543376e-06
21.0-21.5 MHz,4,,5.260000,6.990000,12.250000,1624999.999996,7.555917122402e-05,7.395491092567e-06,3.682367669732e-06
21.0-21.5 MHz,4,,5.260000,6.990000,12.250000,1649999.999996,1.791453118594e-04,1.747409971600e-05,9.007982030747e-06
21.0-21.5 MHz,4,,5.260000,6.990000,12.250000,1674999.999996,6.262386489296e-04,6.127749983744e-05,3.082174831111e-05
21.0-21.5 MHz,4,,5.260000,6.990000,12.250000,1699999.999996,1.002705853907e-02,9.804290860086e-04,4.957361800811e-04
21.0-21.5 MHz,4,,5.260000,6.990000,12.250000,1724999.999996,2.757096195064e-02,2.695877315197e-03,1.363018180976e-03
21.0-21.5 MHz,4,,5.260000,6.990000,12.250000,1749999.999996,1.838139473867e-02,1.797328780175e-03,9.087237141598e-04
21.0-21.5 MHz,4,,5.260000,6.990000,12.250000,1774999.999996,1.313490622461e-03,1.284329424326e-04,6.506762491778e-05
21.0-21.5 MHz,4,,5.260000,6.990000,12.250000,1799999.999996,2.769285080964e-04,2.708862254736e-05,1.344205928130e-05
21.0-21.5 MHz,4,,5.260000,6.990000,12.250000,1824999.999996,1.035894209473e-04,1.011882395281e-05,5.255418103388e-06
21.0-21.5 MHz,4,,5.260000,6.990000,12.250000,1849999.999996,4.956944229544e-05,4.841502157343e-06,2.440599477132e-06
21.0-21.5 MHz,4,,5.260000,6.990000,12.250000,1874999.999996,2.883094298222e-05,2.833878867897e-06,1.431942983099e-06
21.0-21.5 MHz,4,,5.260000,6.990000,12.250000,1899999.999996,1.719313294832e-05,1.674823041861e-06,8.258779532680e-07
21.0-21.5 MHz,4,,5.260000,6.990000,12.250000,1924999.999996,1.076329151540e-05,1.069417356996e-06,6.458814716275e-07
21.0-21.5 MHz,4,,5.260000,6.990000,12.250000,1949999.999996,8.290258948667e-06,7.881046759756e-07,3.815371714306e-07
21.0-21.5 MHz,4,,5.260000,6.990000,12.250000,1974999.999996,5.893517382981e-06,5.840394221621e-07,2.734473255614e-07
21.0-21.5 MHz,4,,5.260000,6.990000,12.250000,1999999.999996,3.896521762625e-06,3.872722585133e-07,2.380959607028e-07
21.0-21.5 MHz,4,,5.260000,6.990000,12.250000,2024999.999996,3.249016729127e-06,3.116190457308e-07,1.288800894120e-07
21.0-21.5 MHz,4,,5.260000,6.990000,12.250000,2049999.999996,2.626514963189e-06,2.584681732029e-07,1.429558299307e-07
21.0-21.5 MHz,4,,5.260000,6.990000,12.250000,2074999.999995,2.125498496404e-06,2.154682377079e-07,1.205371879761e-07
21.0-21.5 MHz,4,,5.260000,6.990000,12.250000,2099999.999995,1.674393042114e-06,1.565804263446e-07,1.126779271646e-07
21.0-21.5 MHz,4,,5.260000,6.990000,12.250000,2124999.999995,1.327874686208e-06,1.342111294088e-07,3.265300911164e-08
21.0-21.5 MHz,4,,5.260000,6.990000,12.250000,2149999.999995,1.045919883516e-06,9.764213655075e-08,2.916702983220e-08
21.0-21.5 MHz,4,,5.260000,6.990000,12.250000,2174999.999995,1.072322136711e-06,1.059480520537e-07,9.528301093461e-08
21.0-21.5 MHz,4,,5.260000,6.990000,12.250000,2199999.999995,8.086671004137e-07,8.519607598905e-08,3.825048748702e-08
21.0-21.5 MHz,4,,5.260000,6.990000,12.250000,2224999.999995,6.298213920914e-07,4.924556909966e-08,8.301014450174e-08
21.0-21.5 MHz,4,,5.260000,6.990000,12.250000,2249999.999995,5.357757015221e-07,6.126875319351e-08,8.393293625701e-08
21.0-21.5 MHz,4,,5.260000,6.990000,12.250000,2274999.999995,5.726705939240e-07,5.483527923856e-08,6.724407408072e-08
21.0-21.5 MHz,4,,5.260000,6.990000,12.250000,2299999.999995,3.132463521783e-07,2.968116316602e-08,1.681887136329e-08
21.0-21.5 MHz,4,,5.260000,6.990000,12.250000,2324999.999995,6.275961149190e-07,6.305217185128e-08,6.424777223139e-08
21.0-21.5 MHz,4,,5.260000,6.990000,12.250000,2349999.999995,3.242620306536e-07,2.917006725893e-08,1.413563124682e-08
21.0-21.5 MHz,4,,5.260000,6.990000,12.250000,2374999.999995,2.561041801669e-07,3.149321042376e-08,1.940010054492e-08
21.0-21.5 MHz,4,,5.260000,6.990000,12.250000,2399999.999995,4.988803478171e-07,4.869072530273e-08,3.959798557382e-08
21.0-21.5 MHz,4,,5.260000,6.990000,12.250000,2424999.999995,3.426370893406e-07,3.925758514593e-08,1.460277584545e-08
21.0-21.5 MHz,4,,5.260000,6.990000,12.250000,2449999.999995,2.442128093125e-07,2.134846475296e-08,3.883056344365e-08
21.0-21.5 MHz,4,,5.260000,6.990000,12.250000,2474999.999995,3.855362127024e-07,3.686775924494e-08,2.728067456537e-08
21.0-21.5 MHz,4,,5.260000,6.990000,12.250000,2499999.999995,2.626646836985e-08,7.977049923734e-09,1.374073620823e-08
21.0-21.5 MHz,4,,5.260000,6.990000,12.250000,2524999.999994,3.434496127191e-07,3.330269864512e-08,2.851958912488e-08
21.0-21.5 MHz,4,,5.260000,6.990000,12.250000,2549999.999994,9.040440182182e-08,1.101558821317e-08,4.102329670878e-08
21.0-21.5 MHz,4,,5.260000,6.990000,12.250000,2574999.999994,3.493361631739e-07,3.834879872767e-08,5.702274755724e-08
21.0-21.5 MHz,4,,5.260000,6.990000,12.250000,2599999.999994,1.483640595419e-07,1.933932627177e-08,3.763644684018e-08
21.0-21.5 MHz,4,,5.260000,6.990000,12.250000,2624999.999994,3.191212672219e-07,2.843042876509e-08,3.709331640850e-08
21.0-21.5 MHz,4,,5.260000,6.990000,12.250000,2649999.999994,1.082785689066e-07,1.335476484312e-08,1.696644945214e-08
21.0-21.5 MHz,4,,5.260000,6.990000,12.250000,2674999.999994,2.925968758920e-07,3.194722097826e-08,1.361128020552e-08
21.0-21.5 MHz,4,,5.260000,6.990000,12.250000,2699999.999994,2.265856034276e-07,2.791272130004e-08,6.225467718631e-08
21.0-21.5 MHz,4,,5.260000,6.990000,12.250000,2724999.999994,2.458609230037e-07,2.886891795785e-08,5.267891313005e-08
21.0-21.5 MHz,4,,5.260000,6.990000,12.250000,2749999.999994,2.144494814890e-07,3.161350179145e-08,3.487967423209e-08
21.0-21.5 MHz,4,,5.260000,6.990000,12.250000,2774999.999994,2.303776991844e-07,2.705361085171e-08,1.581349444835e-08
21.0-21.5 MHz,4,,5.260000,6.990000,12.250000,2799999.999994,1.440760908416e-07,1.356433313369e-08,2.425681416493e-08
21.0-21.5 MHz,4,,5.260000,6.990000,12.250000,2824999.999994,1.143575565325e-07,1.584292031454e-08,2.135863877867e-08
21.0-21.5 MHz,4,,5.260000,6.990000,12.250000,2849999.999994,2.379914367195e-07,2.824325197049e-08,1.736972669555e-08
21.0-21.5 MHz,4,,5.260000,6.990000,12.250000,2874999.999994,5.080034112362e-08,1.226651839674e-08,1.535463384147e-08
21.0-21.5 MHz,4,,5.260000,6.990000,12.250000,2899999.999994,5.966768796002e-08,1.426443334273e-08,1.502318018511e-08
21.0-21.5 MHz,4,,5.260000,6.990000,12.250000,2924999.999994,3.404454321088e-07,4.872009148492e-08,4.791178188989e-08
21.0-21.5 MHz,4,,5.260000,6.990000,12.250000,2949999.999994,2.099817118352e-07,4.171697355527e-08,6.560636719717e-08
21.0-21.5 MHz,4,,5.260000,6.990000,12.250000,2974999.999993,1.626267375898e-07,3.069126468282e-08,4.155108724783e-08
21.0-21.5 MHz,4,,5.260000,6.990000,12.250000,2999999.999993,9.556802471116e-08,9.168685937919e-09,1.744007711189e-08
21.0-21.5 MHz,4,,5.260000,6.990000,12.250000,3024999.999993,2.332846421929e-07,4.337352906046e-08,2.988448367683e-08
21.0-21.5 MHz,4,,5.260000,6.990000,12.250000,3049999.999993,3.102096265575e-07,4.953993748024e-08,5.967299071608e-08
21.0-21.5 MHz,4,,5.260000,6.990000,12.250000,3074999.999993,2.449985948434e-07,3.533342181763e-08,5.016487672153e-08
21.0-21.5 MHz,4,,5.260000,6.990000,12.250000,3099999.999993,3.358812270538e-07,5.514936100922e-08,9.327704313926e-09
21.0-21.5 MHz,4,,5.260000,6.990000,12.250000,3124999.999993,1.597149336650e-07,2.540185868432e-08,2.477802154409e-08
21.0-21.5 MHz,4,,5.260000,6.990000,12.250000,3149999.999993,1.658246803665e-07,2.239876888817e-08,6.804373655448e-08
21.0-21.5 MHz,4,,5.260000,6.990000,12.250000,3174999.999993,9.256479151731e-08,2.263990466890e-08,7.540398660259e-08
21.0-21.5 MHz,4,,5.260000,6.990000,12.250000,3199999.999993,2.218158299332e-07,2.307751011542e-08,5.511847087729e-08
21.0-21.5 MHz,4,,5.260000,6.990000,12.250000,3224999.999993,5.003424804657e-07,7.172364313349e-08,6.198565995985e-08
21.0-21.5 MHz,4,,5.260000,6.990000,12.250000,3249999.999993,3.904645184544e-07,7.485225746428e-08,6.542726582944e-08
21.0-21.5 MHz,4,,5.260000,6.990000,12.250000,3274999.999993,8.633683842546e-07,1.302399426262e-07,2.001448618693e-07
21.0-21.5 MHz,4,,5.260000,6.990000,12.250000,3299999.999993,5.973819428181e-07,8.327452970403e-08,1.180012254440e-07
21.0-21.5 MHz,4,,5.260000,6.990000,12.250000,3324999.999993,3.338161036218e-07,2.637641274020e-08,1.204100342223e-07
21.0-21.5 MHz,4,,5.260000,6.990000,12.250000,3349999.999993,3.510706312319e-07,4.913946660596e-08,6.072099579915e-08
21.0-21.5 MHz,4,,5.260000,6.990000,12.250000,3374999.999993,1.605840005942e-06,2.405143308208e-07,1.681129690481e-07
21.0-21.5 MHz,4,,5.260000,6.990000,12.250000,3399999.999993,1.390220942615e-06,2.111848370579e-07,1.163536433031e-07
21.0-21.5 MHz,4,,5.260000,6.990000,12.250000,3424999.999992,9.348430894053e-07,1.501190207668e-07,2.692449096666e-07
21.0-21.5 MHz,4,,5.260000,6.990000,12.250000,3449999.999992,9.459459212517e-06,1.881416075828e-06,7.567508877736e-07
21.0-21.5 MHz,4,,5.260000,6.990000,12.250000,3474999.999992,4.587385491479e-06,3.944802946060e-07,1.273003589334e-06
21.0-21.5 MHz,4,,5.260000,6.990000,12.250000,3499999.999992,1.324625485590e-04,2.329296953967e-05,1.185104640189e-05
21.0-21.5 MHz,4,,5.260000,6.990000,12.250000,3524999.999992,3.619373878224e-04,6.351805717476e-05,3.272462453756e-05
21.0-21.5 MHz,4,,5.260000,6.990000,12.250000,3549999.999992,2.414450531115e-04,4.238593760820e-05,2.179573653178e-05
21.0-21.5 MHz,4,,5.260000,6.990000,12.250000,3574999.999992,1.725557865125e-05,2.963874074964e-06,1.558736958658e-06
21.0-21.5 MHz,4,,5.260000,6.990000,12.250000,3599999.999992,3.788756866426e-06,7.722367681720e-07,3.952917088395e-07
21.0-21.5 MHz,4,,5.260000,6.990000,12.250000,3624999.999992,1.425328481528e-06,1.931099929850e-07,1.370316724001e-07
21.0-21.5 MHz,4,,5.260000,6.990000,12.250000,3649999.999992,2.779942069915e-07,4.889832763858e-08,4.281769819697e-08
21.0-21.5 MHz,4,,5.260000,6.990000,12.250000,3674999.999992,7.580215164688e-07,1.589464506830e-07,5.602315236547e-08
21.0-21.5 MHz,4,,5.260000,6.990000,12.250000,3699999.999992,1.171348023977e-06,1.840523265437e-07,1.504001288466e-07
21.0-21.5 MHz,4,,5.260000,6.990000,12.250000,3724999.999992,7.096185639597e-07,1.001324001792e-07,9.059448775171e-08
21.0-21.5 MHz,4,,5.260000,6.990000,12.250000,3749999.999992,1.319476225516e-07,4.096262044892e-08,5.121688711337e-08
21.0-21.5 MHz,4,,5.260000,6.990000,12.250000,3774999.999992,5.208862847004e-07,8.616318334472e-08,6.585364294868e-08
21.0-21.5 MHz,4,,5.260000,6.990000,12.250000,3799999.999992,2.716663012570e-07,4.283406918173e-08,2.517029200837e-08
21.0-21.5 MHz,4,,5.260000,6.990000,12.250000,3824999.999992,2.360196303937e-07,4.327971878548e-08,3.023769932005e-08
21.0-21.5 MHz,4,,5.260000,6.990000,12.250000,3849999.999992,3.121578579939e-08,9.991544230208e-09,3.294681274515e-08
21.0-21.5 MHz,4,,5.260000,6.990000,12.250000,3874999.999992,8.679206856725e-08,3.111858286414e-08,6.318377691953e-08
21.0-21.5 MHz,4,,5.260000,6.990000,12.250000,3899999.999991,1.445054306264e-07,2.311808137153e-08,6.877849019093e-08
21.0-21.5 MHz,4,,5.260000,6.990000,12.250000,3924999.999991,2.238175839677e-07,3.334210495659e-08,4.460947339696e-08
21.0-21.5 MHz,4,,5.260000,6.990000,12.250000,3949999.999991,4.105561408818e-07,8.122616672955e-08,6.359649434790e-08
21.0-21.5 MHz,4,,5.260000,6.990000,12.250000,3974999.999991,2.227068684349e-07,3.932192378769e-08,8.849323269461e-08
21.0-21.5 MHz,4,,5.260000,6.990000,12.250000,3999999.999991,2.190692460024e-07,3.587866896006e-08,7.610286334198e-08
21.0-21.5 MHz,4,,5.260000,6.990000,12.250000,4024999.999991,4.474958386559e-08,1.337599641564e-08,3.791292702587e-08
21.0-21.5 MHz,4,,5.260000,6.990000,12.250000,4049999.999991,1.039295144292e-07,1.360817433572e-08,1.518717977867e-08
21.0-21.5 MHz,4,,5.260000,6.990000,12.250000,4074999.999991,2.398692090201e-07,3.991826248713e-08,2.564900685345e-08
21.0-21.5 MHz,4,,5.260000,6.990000,12.250000,4099999.999991,2.965733243157e-07,6.987139226582e-08,2.942131100005e-08
21.0-21.5 MHz,4,,5.260000,6.990000,12.250000,4124999.999991,3.456161413838e-07,8.300845494046e-08,2.206230493932e-08
21.0-21.5 MHz,4,,5.260000,6.990000,12.250000,4149999.999991,3.249631026584e-07,6.353292805780e-08,2.838774382031e-08
21.0-21.5 MHz,4,,5.260000,6.990000,12.250000,4174999.999991,2.123641925962e-07,4.544102300314e-08,2.195295342006e-08
21.0-21.5 MHz,4,,5.260000,6.990000,12.250000,4199999.999991,1.539176231455e-07,2.689505720264e-08,6.009324519550e-08
21.0-21.5 MHz,4,,5.260000,6.990000,12.250000,4224999.999991,1.733240419244e-07,3.434371366379e-08,3.122721231724e-08
21.0-21.5 MHz,4,,5.260000,6.990000,12.250000,4249999.999991,9.872488239684e-08,1.340108380956e-08,2.713553601422e-08
21.0-21.5 MHz,4,,5.260000,6.990000,12.250000,4274999.999991,4.143793841514e-08,8.157903413393e-09,1.711831067094e-08
21.0-21.5 MHz,4,,5.260000,6.990000,12.250000,4299999.999991,2.380225282668e-07,3.710801031749e-08,4.713873644742e-08
21.0-21.5 MHz,4,,5.260000,6.990000,12.250000,4324999.999991,3.921033875130e-08,1.096988194302e-08,4.164687959261e-08
21.0-21.5 MHz,4,,5.260000,6.990000,12.250000,4349999.999990,2.963151422762e-07,5.099515738457e-08,6.378864820320e-08
21.0-21.5 MHz,4,,5.260000,6.990000,12.250000,4374999.999990,1.612550058902e-07,3.738004034897e-08,2.183467264211e-08
21.0-21.5 MHz,4,,5.260000,6.990000,12.250000,4399999.999990,1.989121003206e-07,4.073882694407e-08,2.116634556967e-08
21.0-21.5 MHz,4,,5.260000,6.990000,12.250000,4424999.999990,2.870198553033e-07,6.436257618098e-08,5.230623831520e-08
21.0-21.5 MHz,4,,5.260000,6.990000,12.250000,4449999.999990,2.048117503993e-07,3.282028724241e-08,1.684116864141e-08
21.0-21.5 MHz,4,,5.260000,6.990000,12.250000,4474999.999990,3.514699606618e-07,7.659962908895e-08,6.075874793863e-08
21.0-21.5 MHz,4,,5.260000,6.990000,12.250000,4499999.999990,3.045282360921e-07,5.909740436406e-08,6.585983315476e-08
21.0-21.5 MHz,4,,5.260000,6.990000,12.250000,4524999.999990,3.091679073128e-07,6.545387261686e-08,4.264593203584e-08
21.0-21.5 MHz,4,,5.260000,6.990000,12.250000,4549999.999990,1.553733808142e-07,3.179999109537e-08,2.675239390169e-08
21.0-21.5 MHz,4,,5.260000,6.990000,12.250000,4574999.999990,8.225247450352e-07,1.577943709371e-07,9.042409311771e-08
21.0-21.5 MHz,4,,5.260000,6.990000,12.250000,4599999.999990,3.471028394119e-07,7.741542073847e-08,3.586704178004e-08
21.0-21.5 MHz,4,,5.260000,6.990000,12.250000,4624999.999990,3.046662063442e-07,7.213354088316e-08,2.052367979914e-08
21.0-21.5 MHz,4,,5.260000,6.990000,12.250000,4649999.999990,3.248886662378e-07,5.716237655485e-08,1.229443305758e-08
21.0-21.5 MHz,4,,5.260000,6.990000,12.250000,4674999.999990,5.709323846332e-07,1.595308259356e-07,1.286248274144e-07
21.0-21.5 MHz,4,,5.260000,6.990000,12.250000,4699999.999990,3.619913667240e-07,7.746525843482e-08,1.576028708677e-08
21.0-21.5 MHz,4,,5.260000,6.990000,12.250000,4724999.999990,5.492432579035e-07,1.356750746306e-07,1.177313806863e-07
21.0-21.5 MHz,4,,5.260000,6.990000,12.250000,4749999.999990,5.868008182383e-07,1.489313540538e-07,4.325363788302e-08
21.0-21.5 MHz,4,,5.260000,6.990000,12.250000,4774999.999990,6.334758033961e-07,1.455629996878e-07,1.053497875334e-07
21.0-21.5 MHz,4,,5.260000,6.990000,12.250000,4799999.999989,8.460476541537e-07,2.140347947917e-07,1.422758792304e-07
21.0-21.5 MHz,4,,5.260000,6.990000,12.250000,4824999.999989,1.054069182338e-06,2.571520830751e-07,7.156730475178e-08
21.0-21.5 MHz,4,,5.260000,6.990000,12.250000,4849999.999989,1.149605144405e-06,2.828162581096e-07,1.687520852359e-07
21.0-21.5 MHz,4,,5.260000,6.990000,12.250000,4874999.999989,1.495532543666e-06,3.611786169124e-07,1.701428108870e-07
21.0-21.5 MHz,4,,5.260000,6.990000,12.250000,4899999.999989,1.492506954455e-06,3.681686639525e-07,2.036566216626e-07
21.0-21.5 MHz,4,,5.260000,6.990000,12.250000,4924999.999989,2.471475286497e-06,6.213866709682e-07,2.818769808393e-07
21.0-21.5 MHz,4,,5.260000,6.990000,12.250000,4949999.999989,2.459984037005e-06,5.979628604470e-07,3.161690401596e-07
21.0-21.5 MHz,4,,5.260000,6.990000,12.250000,4974999.999989,3.285333624245e-06,8.330558826739e-07,4.876663216518e-07
21.0-21.5 MHz,4,,5.260000,6.990000,12.250000,4999999.999989,5.716722591501e-06,1.349012996743e-06,6.736576514279e-07
21.0-21.5 MHz,4,,5.260000,6.990000,12.250000,5024999.999989,4.744116157677e-06,1.208334063288e-06,5.833924818193e-07
21.0-21.5 MHz,4,,5.260000,6.990000,12.250000,5049999.999989,9.642446808032e-06,2.359659700313e-06,1.212857386397e-06
21.0-21.5 MHz,4,,5.260000,6.990000,12.250000,5074999.999989,1.289633781924e-05,3.162750251075e-06,1.573633880683e-06
21.0-21.5 MHz,4,,5.260000,6.990000,12.250000,5099999.999989,1.951893755777e-05,4.723187599661e-06,2.416617407805e-06
21.0-21.5 MHz,4,,5.260000,6.990000,12.250000,5124999.999989,3.347018321431e-05,8.347253426590e-06,4.221400532331e-06
21.0-21.5 MHz,4,,5.260000,6.990000,12.250000,5149999.999989,6.243563904365e-05,1.530916997936e-05,7.721873337277e-06
21.0-21.5 MHz,4,,5.260000,6.990000,12.250000,5174999.999989,1.465897210870e-04,3.594207539218e-05,1.821157071403e-05
21.0-21.5 MHz,4,,5.260000,6.990000,12.250000,5199999.999989,4.414511186937e-04,1.085121391078e-04,5.476137189399e-05
21.0-21.5 MHz,4,,5.260000,6.990000,12.250000,5224999.999989,3.794714476157e-03,9.322920256545e-04,4.709673562707e-04
21.0-21.5 MHz,4,,5.260000,6.990000,12.250000,5249999.999988,1.517147605184e-02,3.727397025358e-03,1.882948695557e-03
21.0-21.5 MHz,4,,5.260000,6.990000,12.250000,5274999.999988,1.327544167074e-02,3.261557174339e-03,1.647634738392e-03
21.0-21.5 MHz,4,,5.260000,6.990000,12.250000,5299999.999988,2.043224432595e-03,5.019768136969e-04,2.536071458517e-04
21.0-21.5 MHz,4,,5.260000,6.990000,12.250000,5324999.999988,3.395647405452e-04,8.344756973655e-05,4.211153548933e-05
21.0-21.5 MHz,4,,5.260000,6.990000,12.250000,5349999.999988,1.191398595181e-04,2.924706874657e-05,1.479831036975e-05
21.0-21.5 MHz,4,,5.260000,6.990000,12.250000,5374999.999988,5.446839769237e-05,1.338466317061e-05,6.669457438475e-06
21.0-21.5 MHz,4,,5.260000,6.990000,12.250000,5399999.999988,3.093918026288e-05,7.631261453833e-06,4.048686641588e-06
21.0-21.5 MHz,4,,5.260000,6.990000,12.250000,5424999.999988,1.708490530541e-05,4.155186291050e-06,1.998870961369e-06
21.0-21.5 MHz,4,,5.260000,6.990000,12.250000,5449999.999988,1.215394110853e-05,3.010286620592e-06,1.534743343685e-06
21.0-21.5 MHz,4,,5.260000,6.990000,12.250000,5474999.999988,9.233093843615e-06,2.267257400943e-06,1.129899691714e-06
21.0-21.5 MHz,4,,5.260000,6.990000,12.250000,5499999.999988,4.563204502102e-06,1.124738402225e-06,5.863673880457e-07
21.0-21.5 MHz,4,,5.260000,6.990000,12.250000,5524999.999988,5.213895644760e-06,1.278378969733e-06,6.550540148646e-07
21.0-21.5 MHz,4,,5.260000,6.990000,12.250000,5549999.999988,3.353816299881e-06,8.233723369767e-07,3.925255537237e-07
21.0-21.5 MHz,4,,5.260000,6.990000,12.250000,5574999.999988,2.454997028347e-06,6.018769539447e-07,2.902919517498e-07
21.0-21.5 MHz,4,,5.260000,6.990000,12.250000,5599999.999988,2.347492061398e-06,5.935661808385e-07,3.154064724620e-07
21.0-21.5 MHz,4,,5.260000,6.990000,12.250000,5624999.999988,9.271644908612e-07,2.207286173354e-07,1.027003870402e-07
21.0-21.5 MHz,4,,5.260000,6.990000,12.250000,5649999.999988,1.807023089361e-06,4.470901896911e-07,2.494596603046e-07
21.0-21.5 MHz,4,,5.260000,6.990000,12.250000,5674999.999988,8.649865031693e-07,2.043224255194e-07,8.963219694452e-08
21.0-21.5 MHz,4,,5.260000,6.990000,12.250000,5699999.999988,1.322538114119e-06,3.149214301260e-07,2.428595717162e-07
21.0-21.5 MHz,4,,5.260000,6.990000,12.250000,5724999.999987,9.492800998708e-07,2.412429228463e-07,7.822599931716e-08
21.0-21.5 MHz,4,,5.260000,6.990000,12.250000,5749999.999987,4.255180270810e-07,9.629179961060e-08,2.242110924247e-08
21.0-21.5 MHz,4,,5.260000,6.990000,12.250000,5774999.999987,1.249922088393e-06,3.169109915951e-07,1.662224485215e-07
21.0-21.5 MHz,4,,5.260000,6.990000,12.250000,5799999.999987,5.044078404599e-07,1.274239951955e-07,3.987320544303e-08
21.0-21.5 MHz,4,,5.260000,6.990000,12.250000,5824999.999987,1.783319372220e-07,2.232767580262e-08,3.467506389867e-08
21.0-21.5 MHz,4,,5.260000,6.990000,12.250000,5849999.999987,1.124021290473e-06,2.968448513636e-07,1.185292614542e-07
21.0-21.5 MHz,4,,5.260000,6.990000,12.250000,5874999.999987,1.293886940595e-06,2.901659877769e-07,1.509770522286e-07
21.0-21.5 MHz,4,,5.260000,6.990000,12.250000,5899999.999987,1.093056156043e-06,2.571008177487e-07,1.618897852307e-07
21.0-21.5 MHz,4,,5.260000,6.990000,12.250000,5924999.999987,8.581208293793e-07,2.217023727920e-07,1.194022012438e-07
21.0-21.5 MHz,4,,5.260000,6.990000,12.250000,5949999.999987,1.676664640358e-06,3.989488993717e-07,2.220021994440e-07
21.0-21.5 MHz,4,,5.260000,6.990000,12.250000,5974999.999987,7.797187151587e-07,1.980648302422e-07,1.103316525017e-07
21.0-21.5 MHz,4,,5.260000,6.990000,12.250000,5999999.999987,9.815580263655e-07,2.315153057598e-07,9.622143950176e-08
21.0-21.5 MHz,4,,5.260000,6.990000,12.250000,6024999.999987,1.107156469440e-06,2.841705358278e-07,1.215180618168e-07
21.0-21.5 MHz,4,,5.260000,6.990000,12.250000,6049999.999987,1.036938465971e-06,2.516993230023e-07,1.402200080127e-07
21.0-21.5 MHz,4,,5.260000,6.990000,12.250000,6074999.999987,1.328522637063e-06,3.349886836765e-07,1.939149501594e-07
21.0-21.5 MHz,4,,5.260000,6.990000,12.250000,6099999.999987,8.617440089618e-07,2.106264977134e-07,1.185730473031e-07
21.0-21.5 MHz,4,,5.260000,6.990000,12.250000,6124999.999987,9.250783993080e-07,2.389529005643e-07,1.480856679375e-07
21.0-21.5 MHz,4,,5.260000,6.990000,12.250000,6149999.999987,9.193188904046e-07,2.245334861689e-07,1.520870175440e-07
21.0-21.5 MHz,4,,5.260000,6.990000,12.250000,6174999.999986,9.703184288606e-07,2.515093056080e-07,1.223740223804e-07
21.0-21.5 MHz,4,,5.260000,6.990000,12.250000,6199999.999986,1.770389233042e-07,5.039489198915e-08,6.176273655279e-09
21.0-21.5 MHz,4,,5.260000,6.990000,12.250000,6224999.999986,2.816924319575e-07,7.782487357629e-08,5.051120054751e-08
21.0-21.5 MHz,4,,5.260000,6.990000,12.250000,6249999.999986,6.207318704287e-07,1.574260669375e-07,9.373983886664e-08
21.0-21.5 MHz,4,,5.260000,6.990000,12.250000,6274999.999986,4.579894478861e-07,1.106488219548e-07,5.031921999664e-08
21.0-21.5 MHz,4,,5.260000,6.990000,12.250000,6299999.999986,1.247553261803e-06,3.442554009545e-07,1.892112647260e-07
21.0-21.5 MHz,4,,5.260000,6.990000,12.250000,6324999.999986,1.163224918641e-06,3.086576767157e-07,1.770181126213e-07
21.0-21.5 MHz,4,,5.260000,6.990000,12.250000,6349999.999986,7.142284793188e-07,1.894520331737e-07,7.323128623989e-08
21.0-21.5 MHz,4,,5.260000,6.990000,12.250000,6374999.999986,2.709573289562e-06,7.614690856152e-07,3.977806383594e-07
21.0-21.5 MHz,4,,5.260000,6.990000,12.250000,6399999.999986,2.028607546955e-06,5.453648576356e-07,3.176975909061e-07
21.0-21.5 MHz,4,,5.260000,6.990000,12.250000,6424999.999986,6.940786629207e-07,1.760682055243e-07,1.012375793485e-07
21.0-21.5 MHz,4,,5.260000,6.990000,12.250000,6449999.999986,6.386067770827e-07,1.669107369482e-07,8.723564535608e-08
21.0-21.5 MHz,4,,5.260000,6.990000,12.250000,6474999.999986,1.371988193429e-06,3.692846599960e-07,1.831799260252e-07
21.0-21.5 MHz,4,,5.260000,6.990000,12.250000,6499999.999986,1.505227268435e-06,4.611200807085e-07,1.910987658063e-07
21.0-21.5 MHz,4,,5.260000,6.990000,12.250000,6524999.999986,2.224464623837e-06,5.896852059005e-07,2.668557325253e-07
21.0-21.5 MHz,4,,5.260000,6.990000,12.250000,6549999.999986,2.850504892592e-06,8.051702052840e-07,3.927129748645e-07
21.0-21.5 MHz,4,,5.260000,6.990000,12.250000,6574999.999986,3.906424403934e-06,1.030065946552e-06,5.194287639675e-07
21.0-21.5 MHz,4,,5.260000,6.990000,12.250000,6599999.999986,8.201869040600e-07,2.751380011618e-07,1.474710995295e-07
21.0-21.5 MHz,4,,5.260000,6.990000,12.250000,6624999.999985,1.926157073023e-06,4.624803127534e-07,1.896249093755e-07
21.0-21.5 MHz,4,,5.260000,6.990000,12.250000,6649999.999985,9.415189572324e-07,2.700044383280e-07,1.734645150549e-07
21.0-21.5 MHz,4,,5.260000,6.990000,12.250000,6674999.999985,6.234347783600e-07,1.334489643270e-07,7.717854428577e-08
21.0-21.5 MHz,4,,5.260000,6.990000,12.250000,6699999.999985,2.135763966744e-06,4.659967302415e-07,2.300237913575e-07
21.0-21.5 MHz,4,,5.260000,6.990000,12.250000,6724999.999985,8.626877544908e-06,2.419497859062e-06,1.166856174813e-06
21.0-21.5 MHz,4,,5.260000,6.990000,12.250000,6749999.999985,5.223792908650e-06,1.362865493927e-06,7.109746911177e-07
21.0-21.5 MHz,4,,5.260000,6.990000,12.250000,6774999.999985,6.019358790141e-06,1.409074942338e-06,7.017453292217e-07
21.0-21.5 MHz,4,,5.260000,6.990000,12.250000,6799999.999985,1.007431582197e-05,3.107876415316e-06,1.573501154990e-06
21.0-21.5 MHz,4,,5.260000,6.990000,12.250000,6824999.999985,7.013654577750e-06,1.187532646595e-06,6.055165638159e-07
21.0-21.5 MHz,4,,5.260000,6.990000,12.250000,6849999.999985,3.086320596889e-05,7.753747631801e-06,3.946996637254e-06
21.0-21.5 MHz,4,,5.260000,6.990000,12.250000,6874999.999985,2.010148740705e-05,4.646758326663e-06,2.340290256689e-06
21.0-21.5 MHz,4,,5.260000,6.990000,12.250000,6899999.999985,8.105307708301e-05,1.909265356732e-05,9.312127427670e-06
21.0-21.5 MHz,4,,5.260000,6.990000,12.250000,6924999.999985,1.420326004309e-04,3.030041708712e-05,1.592408055968e-05
21.0-21.5 MHz,4,,5.260000,6.990000,12.250000,6949999.999985,1.062254833946e-03,2.385285797197e-04,1.204412357552e-04
21.0-21.5 MHz,4,,5.260000,6.990000,12.250000,6974999.999985,6.813817158520e-03,1.525802029517e-03,7.717871527546e-04
21.0-21.5 MHz,4,,5.260000,6.990000,12.250000,6999999.999985,7.785636358451e-03,1.743549756461e-03,8.818604682382e-04
21.0-21.5 MHz,4,,5.260000,6.990000,12.250000,7024999.999985,1.953534576740e-03,4.384858631957e-04,2.219324301224e-04
21.0-21.5 MHz,4,,5.260000,6.990000,12.250000,7049999.999985,2.064428509812e-04,4.299197775322e-05,2.112896511161e-05
21.0-21.5 MHz,4,,5.260000,6.990000,12.250000,7074999.999984,9.141782657482e-05,2.303932630700e-05,1.220832023473e-05
21.0-21.5 MHz,4,,5.260000,6.990000,12.250000,7099999.999984,2.940575240261e-05,5.646863204006e-06,2.812455194171e-06
21.0-21.5 MHz,4,,5.260000,6.990000,12.250000,7124999.999984,3.003320905767e-05,8.449838158080e-06,4.242044439179e-06
21.0-21.5 MHz,4,,5.260000,6.990000,12.250000,7149999.999984,2.923119372872e-06,7.742656401526e-07,3.939444165728e-07
21.0-21.5 MHz,4,,5.260000,6.990000,12.250000,7174999.999984,1.528364255116e-05,3.949239698236e-06,2.036756944121e-06
21.0-21.5 MHz,4,,5.260000,6.990000,12.250000,7199999.999984,5.892514552805e-06,1.756913895926e-06,8.955682321362e-07
21.0-21.5 MHz,4,,5.260000,6.990000,12.250000,7224999.999984,3.243797000498e-06,1.400880683229e-06,6.426708707119e-07
21.0-21.5 MHz,4,,5.260000,6.990000,12.250000,7249999.999984,1.134348823288e-05,3.292403071247e-06,1.686012310176e-06
21.0-21.5 MHz,4,,5.260000,6.990000,12.250000,7274999.999984,1.555805671305e-06,6.718183039922e-07,3.342717145846e-07
21.0-21.5 MHz,4,,5.260000,6.990000,12.250000,7299999.999984,7.371213171808e-07,2.627335524753e-07,1.352379067730e-07
21.0-21.5 MHz,4,,5.260000,6.990000,12.250000,7324999.999984,1.536198617383e-06,3.535740107620e-07,1.786543868803e-07
21.0-21.5 MHz,4,,5.260000,6.990000,12.250000,7349999.999984,1.796126056411e-06,5.666824547570e-07,3.714643915758e-07
21.0-21.5 MHz,4,,5.260000,6.990000,12.250000,7374999.999984,1.440126512139e-06,4.024902989988e-07,2.185907320797e-07
21.0-21.5 MHz,4,,5.260000,6.990000,12.250000,7399999.999984,4.090099048762e-06,1.269968735729e-06,6.297935478913e-07
21.0-21.5 MHz,4,,5.260000,6.990000,12.250000,7424999.999984,4.198282088212e-06,1.342355703617e-06,6.550144540634e-07
21.0-21.5 MHz,4,,5.260000,6.990000,12.250000,7449999.999984,2.948430741439e-06,9.277031709730e-07,4.701990297236e-07
21.0-21.5 MHz,4,,5.260000,6.990000,12.250000,7474999.999984,2.652731069711e-06,8.093133055742e-07,4.298343818322e-07
21.0-21.5 MHz,4,,5.260000,6.990000,12.250000,7499999.999984,2.076842421580e-06,6.560298334501e-07,3.209896950385e-07
21.0-21.5 MHz,4,,5.260000,6.990000,12.250000,7524999.999983,9.943907039828e-07,3.640992273836e-07,1.764771082798e-07
21.0-21.5 MHz,4,,5.260000,6.990000,12.250000,7549999.999983,8.125850834052e-07,2.511911853261e-07,1.108241232833e-07
21.0-21.5 MHz,4,,5.260000,6.990000,12.250000,7574999.999983,2.387050544730e-06,7.954525479679e-07,3.614993290957e-07
21.0-21.5 MHz,4,,5.260000,6.990000,12.250000,7599999.999983,4.608760922224e-06,1.469561668863e-06,7.178454838776e-07
21.0-21.5 MHz,4,,5.260000,6.990000,12.250000,7624999.999983,1.764688052033e-06,5.845885447485e-07,3.038412709271e-07
21.0-21.5 MHz,4,,5.260000,6.990000,12.250000,7649999.999983,1.467938585823e-06,4.811697373478e-07,2.389935613169e-07
21.0-21.5 MHz,4,,5.260000,6.990000,12.250000,7674999.999983,2.353231852243e-06,7.574472420834e-07,3.748079390523e-07
21.0-21.5 MHz,4,,5.260000,6.990000,12.250000,7699999.999983,1.024390397424e-06,3.433895591837e-07,1.815442909013e-07
21.0-21.5 MHz,4,,5.260000,6.990000,12.250000,7724999.999983,7.640100305171e-07,2.493780170876e-07,1.123153604648e-07
21.0-21.5 MHz,4,,5.260000,6.990000,12.250000,7749999.999983,7.023197913188e-07,2.084567528116e-07,9.402969008082e-08
21.0-21.5 MHz,4,,5.260000,6.990000,12.250000,7774999.999983,5.295462902329e-07,1.770581543552e-07,1.119378145853e-07
21.0-21.5 MHz,4,,5.260000,6.990000,12.250000,7799999.999983,1.540673833800e-06,4.983776343414e-07,2.576954369626e-07
21.0-21.5 MHz,4,,5.260000,6.990000,12.250000,7824999.999983,1.828890586369e-06,6.221317582516e-07,2.680178860560e-07
21.0-21.5 MHz,4,,5.260000,6.990000,12.250000,7849999.999983,1.711216044408e-06,5.590003816860e-07,2.553440649307e-07
21.0-21.5 MHz,4,,5.260000,6.990000,12.250000,7874999.999983,1.617118493816e-06,5.495310243858e-07,2.754019665887e-07
21.0-21.5 MHz,4,,5.260000,6.990000,12.250000,7899999.999983,2.068282256868e-06,7.103481459092e-07,3.436606658974e-07
21.0-21.5 MHz,4,,5.260000,6.990000,12.250000,7924999.999983,1.935137554517e-06,6.771240408357e-07,3.292482887416e-07
21.0-21.5 MHz,4,,5.260000,6.990000,12.250000,7949999.999983,1.926238527502e-06,6.511313304196e-07,3.591886604175e-07
21.0-21.5 MHz,4,,5.260000,6.990000,12.250000,7974999.999983,1.716146408521e-06,5.829736149108e-07,3.272996303521e-07
21.0-21.5 MHz,4,,5.260000,6.990000,12.250000,7999999.999982,1.423650196267e-06,4.985733397506e-07,2.541881781249e-07
21.0-21.5 MHz,4,,5.260000,6.990000,12.250000,8024999.999982,2.632259323589e-06,9.321953876307e-07,4.611605407413e-07
21.0-21.5 MHz,4,,5.260000,6.990000,12.250000,8049999.999982,2.325634785824e-06,8.287650558979e-07,4.039784585876e-07
21.0-21.5 MHz,4,,5.260000,6.990000,12.250000,8074999.999982,1.194199494236e-06,4.214211490907e-07,1.929429217553e-07
21.0-21.5 MHz,4,,5.260000,6.990000,12.250000,8099999.999982,2.999370997731e-06,1.066612547422e-06,5.298120312594e-07
21.0-21.5 MHz,4,,5.260000,6.990000,12.250000,8124999.999982,2.059706240897e-06,7.301679968665e-07,3.768912705597e-07
21.0-21.5 MHz,4,,5.260000,6.990000,12.250000,8149999.999982,1.002721552302e-06,3.527469520990e-07,1.876930921045e-07
21.0-21.5 MHz,4,,5.260000,6.990000,12.250000,8174999.999982,4.134150699890e-07,1.287794284305e-07,9.262331970992e-08
21.0-21.5 MHz,4,,5.260000,6.990000,12.250000,8199999.999982,1.863314559443e-06,6.482799981406e-07,3.623080755263e-07
21.0-21.5 MHz,4,,5.260000,6.990000,12.250000,8224999.999982,1.393630561163e-06,4.846047693654e-07,2.690020752944e-07
21.0-21.5 MHz,4,,5.260000,6.990000,12.250000,8249999.999982,8.874834872119e-07,3.061090266315e-07,2.015893993799e-07
21.0-21.5 MHz,4,,5.260000,6.990000,12.250000,8274999.999982,6.368004071269e-07,2.322007876702e-07,3.365108082752e-08
21.0-21.5 MHz,4,,5.260000,6.990000,12.250000,8299999.999982,1.206229270937e-06,4.268059289941e-07,1.620168060166e-07
21.0-21.5 MHz,4,,5.260000,6.990000,12.250000,8324999.999982,1.395458083331e-06,4.919573855897e-07,2.067021495651e-07
21.0-21.5 MHz,4,,5.260000,6.990000,12.250000,8349999.999982,2.228151513701e-06,7.887563826183e-07,3.742646157725e-07
21.0-21.5 MHz,4,,5.260000,6.990000,12.250000,8374999.999982,1.857118944175e-06,6.488391155224e-07,3.186917822273e-07
21.0-21.5 MHz,4,,5.260000,6.990000,12.250000,8399999.999982,3.573819566110e-07,1.318117521900e-07,5.042976352060e-08
21.0-21.5 MHz,4,,5.260000,6.990000,12.250000,8424999.999982,9.273143224093e-07,3.413102743386e-07,1.875088201918e-07
21.0-21.5 MHz,4,,5.260000,6.990000,12.250000,8449999.999981,2.877997778167e-06,1.044260460312e-06,5.421875083698e-07
21.0-21.5 MHz,4,,5.260000,6.990000,12.250000,8474999.999981,5.261979275865e-06,1.927264287095e-06,9.867860744754e-07
21.0-21.5 MHz,4,,5.260000,6.990000,12.250000,8499999.999981,7.091584787768e-06,2.559784934194e-06,1.310551942219e-06
21.0-21.5 MHz,4,,5.260000,6.990000,12.250000,8524999.999981,4.104222755448e-06,1.480011471776e-06,7.971363401558e-07
21.0-21.5 MHz,4,,5.260000,6.990000,12.250000,8549999.999981,2.449933297431e-06,9.116809183430e-07,3.708736070697e-07
21.0-21.5 MHz,4,,5.260000,6.990000,12.250000,8574999.999981,5.849757354717e-06,2.318224848297e-06,9.020005158140e-07
21.0-21.5 MHz,4,,5.260000,6.990000,12.250000,8599999.999981,4.144425826839e-06,1.465652219613e-06,9.212590882349e-07
21.0-21.5 MHz,4,,5.260000,6.990000,12.250000,8624999.999981,1.315430837938e-05,5.032052429068e-06,2.490814562700e-06
21.0-21.5 MHz,4,,5.260000,6.990000,12.250000,8649999.999981,2.341580041974e-05,8.869119459223e-06,4.523452253981e-06
21.0-21.5 MHz,4,,5.260000,6.990000,12.250000,8674999.999981,1.376742855118e-04,5.240470442728e-05,2.634268695071e-05
21.0-21.5 MHz,4,,5.260000,6.990000,12.250000,8699999.999981,1.889987408825e-03,7.192315596594e-04,3.622584958758e-04
21.0-21.5 MHz,4,,5.260000,6.990000,12.250000,8724999.999981,2.831056980446e-03,1.077360024048e-03,5.426640707549e-04
21.0-21.5 MHz,4,,5.260000,6.990000,12.250000,8749999.999981,1.042659840722e-03,3.968606094582e-04,1.998673176332e-04
21.0-21.5 MHz,4,,5.260000,6.990000,12.250000,8774999.999981,3.420548727423e-05,1.366133496591e-05,6.823659112310e-06
21.0-21.5 MHz,4,,5.260000,6.990000,12.250000,8799999.999981,1.162917614158e-04,4.478104995933e-05,2.245199111653e-05
21.0-21.5 MHz,4,,5.260000,6.990000,12.250000,8824999.999981,1.893837767806e-05,7.366374897807e-06,3.592094698939e-06
21.0-21.5 MHz,4,,5.260000,6.990000,12.250000,8849999.999981,3.276005402617e-06,1.199125065697e-06,2.914929755289e-07
21.0-21.5 MHz,4,,5.260000,6.990000,12.250000,8874999.999981,1.180015589776e-06,3.962492752637e-07,6.739216744491e-08
21.0-21.5 MHz,4,,5.260000,6.990000,12.250000,8899999.999980,3.789054575142e-06,1.430496356668e-06,7.345720523376e-07
21.0-21.5 MHz,4,,5.260000,6.990000,12.250000,8924999.999980,5.540943905604e-06,2.179401084585e-06,1.129110700679e-06
21.0-21.5 MHz,4,,5.260000,6.990000,12.250000,8949999.999980,6.184064542842e-06,2.484832978113e-06,1.255030544680e-06
21.0-21.5 MHz,4,,5.260000,6.990000,12.250000,8974999.999980,7.457325863432e-06,3.004329901640e-06,1.543394511057e-06
21.0-21.5 MHz,4,,5.260000,6.990000,12.250000,8999999.999980,3.721035694308e-06,1.545474780060e-06,7.936009152912e-07
21.0-21.5 MHz,4,,5.260000,6.990000,12.250000,9024999.999980,1.376739487652e-06,5.110844021207e-07,2.187765611808e-07
21.0-21.5 MHz,4,,5.260000,6.990000,12.250000,9049999.999980,2.897696372123e-06,1.145878753973e-06,6.191512479950e-07
21.0-21.5 MHz,4,,5.260000,6.990000,12.250000,9074999.999980,3.427810691093e-06,1.379539269130e-06,7.034951247945e-07
21.0-21.5 MHz,4,,5.260000,6.990000,12.250000,9099999.999980,1.591153382455e-06,6.558641204594e-07,3.448759356758e-07
21.0-21.5 MHz,4,,5.260000,6.990000,12.250000,9124999.999980,5.909883811746e-07,2.426897865517e-07,1.500324876335e-07
21.0-21.5 MHz,4,,5.260000,6.990000,12.250000,9149999.999980,4.752629652536e-07,1.944705321683e-07,1.632361770581e-07
21.0-21.5 MHz,4,,5.260000,6.990000,12.250000,9174999.999980,6.937395764953e-07,2.759625482283e-07,8.500601934944e-08
21.0-21.5 MHz,4,,5.260000,6.990000,12.250000,9199999.999980,9.227624857269e-07,3.558473685851e-07,1.956830207820e-07
21.0-21.5 MHz,4,,5.260000,6.990000,12.250000,9224999.999980,9.218467196235e-07,3.612134377744e-07,2.252861771065e-07
21.0-21.5 MHz,4,,5.260000,6.990000,12.250000,9249999.999980,7.767704508353e-07,3.301200142574e-07,1.836072365091e-07
21.0-21.5 MHz,4,,5.260000,6.990000,12.250000,9274999.999980,7.141662578536e-07,2.975840504667e-07,1.063289517286e-07
21.0-21.5 MHz,4,,5.260000,6.990000,12.250000,9299999.999980,1.560865308469e-06,6.560092306256e-07,2.661684081306e-07
21.0-21.5 MHz,4,,5.260000,6.990000,12.250000,9324999.999980,1.721737639602e-06,7.034075013802e-07,3.257924973214e-07
21.0-21.5 MHz,4,,5.260000,6.990000,12.250000,9349999.999979,1.992923740586e-06,8.502018621744e-07,4.616879317021e-07
21.0-21.5 MHz,4,,5.260000,6.990000,12.250000,9374999.999979,1.948832152359e-06,8.282380408980e-07,4.443253503057e-07
21.0-21.5 MHz,4,,5.260000,6.990000,12.250000,9399999.999979,3.869309516340e-06,1.677662285483e-06,8.443619530077e-07
21.0-21.5 MHz,4,,5.260000,6.990000,12.250000,9424999.999979,2.445577335886e-06,1.045076548458e-06,5.407819367928e-07
21.0-21.5 MHz,4,,5.260000,6.990000,12.250000,9449999.999979,1.171484463139e-06,5.012494451247e-07,2.309281906431e-07
21.0-21.5 MHz,4,,5.260000,6.990000,12.250000,9474999.999979,2.135225113836e-06,9.462508831952e-07,4.367297233288e-07
21.0-21.5 MHz,4,,5.260000,6.990000,12.250000,9499999.999979,1.591773268830e-06,7.112101704059e-07,3.307594739429e-07
21.0-21.5 MHz,4,,5.260000,6.990000,12.250000,9524999.999979,9.243209857114e-07,4.271039764602e-07,2.167900793110e-07
21.0-21.5 MHz,4,,5.260000,6.990000,12.250000,9549999.999979,1.299781228643e-06,5.964954946753e-07,3.073902239360e-07
21.0-21.5 MHz,4,,5.260000,6.990000,12.250000,9574999.999979,1.043466113818e-06,5.002452018051e-07,2.550314375837e-07
21.0-21.5 MHz,4,,5.260000,6.990000,12.250000,9599999.999979,1.071949128765e-06,5.142711904292e-07,2.728625328307e-07
21.0-21.5 MHz,4,,5.260000,6.990000,12.250000,9624999.999979,1.823838010483e-06,8.271175866462e-07,3.902470848741e-07
21.0-21.5 MHz,4,,5.260000,6.990000,12.250000,9649999.999979,1.381236680612e-06,6.342742125549e-07,2.749713732880e-07
21.0-21.5 MHz,4,,5.260000,6.990000,12.250000,9674999.999979,1.410646265903e-06,6.413382574989e-07,2.924513407037e-07
21.0-21.5 MHz,4,,5.260000,6.990000,12.250000,9699999.999979,1.325155106612e-06,6.071981162886e-07,2.828060934233e-07
21.0-21.5 MHz,4,,5.260000,6.990000,12.250000,9724999.999979,7.851194594599e-07,3.439059269714e-07,1.799594576622e-07
21.0-21.5 MHz,4,,5.260000,6.990000,12.250000,9749999.999979,2.643852036333e-06,1.223779512031e-06,6.461426619408e-07
21.0-21.5 MHz,4,,5.260000,6.990000,12.250000,9774999.999979,2.950818876895e-06,1.360793929874e-06,7.355012200270e-07
21.0-21.5 MHz,4,,5.260000,6.990000,12.250000,9799999.999979,1.973518556413e-06,9.171195024459e-07,4.772656793607e-07
21.0-21.5 MHz,4,,5.260000,6.990000,12.250000,9824999.999978,6.470003674443e-06,3.030632950205e-06,1.522337413780e-06
21.0-21.5 MHz,4,,5.260000,6.990000,12.250000,9849999.999978,7.190816230231e-06,3.377908215090e-06,1.709341852437e-06
21.0-21.5 MHz,4,,5.260000,6.990000,12.250000,9874999.999978,4.576849977220e-06,2.183060436752e-06,1.101362634783e-06
21.0-21.5 MHz,4,,5.260000,6.990000,12.250000,9899999.999978,3.291631666895e-06,1.577934383235e-06,7.689540703953e-07
21.0-21.5 MHz,4,,5.260000,6.990000,12.250000,9924999.999978,1.799923671957e-06,8.619175123712e-07,4.253669860779e-07
21.0-21.5 MHz,4,,5.260000,6.990000,12.250000,9949999.999978,1.459465605689e-06,7.142091651229e-07,3.351563055074e-07
21.0-21.5 MHz,4,,5.260000,6.990000,12.250000,9974999.999978,3.003388908257e-06,1.456073542378e-06,6.705263080698e-07
21.0-21.5 MHz,4,,5.260000,6.990000,12.250000,9999999.999978,4.852105275347e-06,2.415325682222e-06,1.117005881100e-06
21.0-21.5 MHz,4,,5.260000,6.990000,12.250000,10024999.999978,6.226866915764e-06,3.110636941317e-06,1.488055475923e-06
21.0-21.5 MHz,4,,5.260000,6.990000,12.250000,10049999.999978,4.697196658427e-06,2.362647065796e-06,1.161588683850e-06
21.0-21.5 MHz,4,,5.260000,6.990000,12.250000,10074999.999978,5.675331474105e-07,2.414487490338e-07,1.380886567460e-07
21.0-21.5 MHz,4,,5.260000,6.990000,12.250000,10099999.999978,1.680520808230e-06,8.558762202398e-07,4.436098199595e-07
21.0-21.5 MHz,4,,5.260000,6.990000,12.250000,10124999.999978,1.354496723914e-06,6.898683375800e-07,3.574857993843e-07
21.0-21.5 MHz,4,,5.260000,6.990000,12.250000,10149999.999978,2.865214334765e-06,1.456727671944e-06,7.376496018205e-07
21.0-21.5 MHz,4,,5.260000,6.990000,12.250000,10174999.999978,6.040313747411e-06,3.069702717962e-06,1.563958701074e-06
21.0-21.5 MHz,4,,5.260000,6.990000,12.250000,10199999.999978,6.364781260350e-06,3.238698285656e-06,1.655888774743e-06
21.0-21.5 MHz,4,,5.260000,6.990000,12.250000,10224999.999978,5.781916778311e-06,3.081133352263e-06,1.562692238896e-06
21.0-21.5 MHz,4,,5.260000,6.990000,12.250000,10249999.999978,1.228729921450e-05,6.355475440185e-06,3.247664612642e-06
21.0-21.5 MHz,4,,5.260000,6.990000,12.250000,10274999.999977,1.565525351274e-05,8.044915373838e-06,4.126539360364e-06
21.0-21.5 MHz,4,,5.260000,6.990000,12.250000,10299999.999977,1.058296248688e-05,5.791434443550e-06,2.895288940382e-06
21.0-21.5 MHz,4,,5.260000,6.990000,12.250000,10324999.999977,1.673678415123e-05,8.911411136754e-06,4.474261792975e-06
21.0-21.5 MHz,4,,5.260000,6.990000,12.250000,10349999.999977,7.513683186857e-06,4.246401214869e-06,2.143613547424e-06
21.0-21.5 MHz,4,,5.260000,6.990000,12.250000,10374999.999977,4.991442722321e-06,3.144503553027e-06,1.529477708733e-06
21.0-21.5 MHz,4,,5.260000,6.990000,12.250000,10399999.999977,4.816357329570e-06,3.259142262042e-06,1.578638393612e-06
21.0-21.5 MHz,4,,5.260000,6.990000,12.250000,10424999.999977,1.178930878759e-04,6.363101600169e-05,3.208135866821e-05
21.0-21.5 MHz,4,,5.260000,6.990000,12.250000,10449999.999977,2.792767489903e-04,1.556000764833e-04,7.833214575921e-05
21.0-21.5 MHz,4,,5.260000,6.990000,12.250000,10474999.999977,1.560840378580e-04,9.271366616553e-05,4.682953037263e-05
21.0-21.5 MHz,4,,5.260000,6.990000,12.250000,10499999.999977,2.701001131318e-03,1.665364839449e-03,8.373725971867e-04
21.0-21.5 MHz,4,,5.260000,6.990000,12.250000,10524999.999977,4.049511121300e-03,2.496913449090e-03,1.255485794169e-03
21.0-21.5 MHz,4,,5.260000,6.990000,12.250000,10549999.999977,1.474107023101e-03,9.089236990609e-04,4.570048887267e-04
21.0-21.5 MHz,4,,5.260000,6.990000,12.250000,10574999.999977,8.160784547255e-05,5.019178201820e-05,2.522268399415e-05
21.0-21.5 MHz,4,,5.260000,6.990000,12.250000,10599999.999977,4.456168843837e-05,2.673642449815e-05,1.349475408439e-05
21.0-21.5 MHz,4,,5.260000,6.990000,12.250000,10624999.999977,5.040860483974e-06,3.540723337568e-06,1.744420760951e-06
21.0-21.5 MHz,4,,5.260000,6.990000,12.250000,10649999.999977,8.740935991741e-06,5.089765843814e-06,2.653808076898e-06
21.0-21.5 MHz,4,,5.260000,6.990000,12.250000,10674999.999977,2.982716552783e-06,1.929264577739e-06,9.246302783423e-07
21.0-21.5 MHz,4,,5.260000,6.990000,12.250000,10699999.999977,7.327142655072e-06,4.188674068086e-06,2.191619265778e-06
21.0-21.5 MHz,4,,5.260000,6.990000,12.250000,10724999.999976,4.219671358117e-06,2.544168160257e-06,1.268698244985e-06
21.0-21.5 MHz,4,,5.260000,6.990000,12.250000,10749999.999976,8.187719335122e-06,4.947395644407e-06,2.520643593270e-06
21.0-21.5 MHz,4,,5.260000,6.990000,12.250000,10774999.999976,3.343873869854e-06,1.960447003108e-06,9.685367367611e-07
21.0-21.5 MHz,4,,5.260000,6.990000,12.250000,10799999.999976,2.260678125833e-06,1.419808090683e-06,7.700170074954e-07
21.0-21.5 MHz,4,,5.260000,6.990000,12.250000,10824999.999976,2.192371365020e-06,1.386484420991e-06,7.487987827298e-07
21.0-21.5 MHz,4,,5.260000,6.990000,12.250000,10849999.999976,1.853179890057e-06,1.148954292427e-06,5.839639149670e-07
21.0-21.5 MHz,4,,5.260000,6.990000,12.250000,10874999.999976,4.433506055859e-06,2.813953066010e-06,1.383156234199e-06
21.0-21.5 MHz,4,,5.260000,6.990000,12.250000,10899999.999976,3.133059014973e-06,1.938248992316e-06,9.571489415804e-07
21.0-21.5 MHz,4,,5.260000,6.990000,12.250000,10924999.999976,2.785712476711e-06,1.741875794775e-06,8.858931096448e-07
21.0-21.5 MHz,4,,5.260000,6.990000,12.250000,10949999.999976,3.693768359672e-06,2.338863736621e-06,1.160559865245e-06
21.0-21.5 MHz,4,,5.260000,6.990000,12.250000,10974999.999976,9.605313242437e-07,5.764774368358e-07,2.779961982276e-07
21.0-21.5 MHz,4,,5.260000,6.990000,12.250000,10999999.999976,1.718509975804e-06,1.161551823996e-06,5.870101393587e-07
21.0-21.5 MHz,4,,5.260000,6.990000,12.250000,11024999.999976,2.870718387070e-06,1.914048235416e-06,9.610547590120e-07
21.0-21.5 MHz,4,,5.260000,6.990000,12.250000,11049999.999976,3.166330274060e-06,2.092708939613e-06,1.038689848417e-06
21.0-21.5 MHz,4,,5.260000,6.990000,12.250000,11074999.999976,1.540390309108e-06,9.985514731016e-07,4.993302302747e-07
21.0-21.5 MHz,4,,5.260000,6.990000,12.250000,11099999.999976,6.417223434576e-07,4.493269973226e-07,2.085146333828e-07
21.0-21.5 MHz,4,,5.260000,6.990000,12.250000,11124999.999976,1.774332276452e-06,1.234802642037e-06,6.097182790046e-07
21.0-21.5 MHz,4,,5.260000,6.990000,12.250000,11149999.999976,1.826792724821e-06,1.213353831164e-06,6.231342300980e-07
21.0-21.5 MHz,4,,5.260000,6.990000,12.250000,11174999.999975,7.487290833080e-08,3.987864225495e-08,3.055570555549e-08
21.0-21.5 MHz,4,,5.260000,6.990000,12.250000,11199999.999975,1.436369457466e-06,9.978146018975e-07,4.943519560433e-07
21.0-21.5 MHz,4,,5.260000,6.990000,12.250000,11224999.999975,1.821272806602e-06,1.264567341656e-06,6.504126148894e-07
21.0-21.5 MHz,4,,5.260000,6.990000,12.250000,11249999.999975,1.614021137144e-06,1.101976812040e-06,5.821124326803e-07
21.0-21.5 MHz,4,,5.260000,6.990000,12.250000,11274999.999975,1.928136802706e-06,1.339722276378e-06,6.558218242524e-07
21.0-21.5 MHz,4,,5.260000,6.990000,12.250000,11299999.999975,1.850943787728e-06,1.311070426977e-06,6.267398610431e-07
21.0-21.5 MHz,4,,5.260000,6.990000,12.250000,11324999.999975,1.518796745220e-06,1.086087476810e-06,5.325476530572e-07
21.0-21.5 MHz,4,,5.260000,6.990000,12.250000,11349999.999975,1.420598572581e-06,1.050469720983e-06,5.238147803768e-07
21.0-21.5 MHz,4,,5.260000,6.990000,12.250000,11374999.999975,1.673479906364e-06,1.256541827063e-06,6.178977149832e-07
21.0-21.5 MHz,4,,5.260000,6.990000,12.250000,11399999.999975,1.724523527168e-06,1.322605470695e-06,6.809003416445e-07
21.0-21.5 MHz,4,,5.260000,6.990000,12.250000,11424999.999975,1.740200103440e-06,1.313242156367e-06,7.044152173213e-07
21.0-21.5 MHz,4,,5.260000,6.990000,12.250000,11449999.999975,1.249445946877e-06,9.495894074614e-07,5.035549290702e-07
21.0-21.5 MHz,4,,5.260000,6.990000,12.250000,11474999.999975,7.758549778319e-07,5.415270061545e-07,2.831450405644e-07
21.0-21.5 MHz,4,,5.260000,6.990000,12.250000,11499999.999975,8.551782129514e-07,6.048131830569e-07,3.096700808015e-07
21.0-21.5 MHz,4,,5.260000,6.990000,12.250000,11524999.999975,3.467914987777e-08,7.177923051583e-08,3.851337072899e-08
21.0-21.5 MHz,4,,5.260000,6.990000,12.250000,11549999.999975,1.835960915716e-06,1.473122246111e-06,7.411551731404e-07
21.0-21.5 MHz,4,,5.260000,6.990000,12.250000,11574999.999975,1.936975393208e-06,1.525370798293e-06,7.691625285950e-07
21.0-21.5 MHz,4,,5.260000,6.990000,12.250000,11599999.999975,5.986640012179e-07,4.750642099655e-07,2.356130492773e-07
21.0-21.5 MHz,4,,5.260000,6.990000,12.250000,11624999.999975,7.929643614745e-07,6.918321482006e-07,3.605103533486e-07
21.0-21.5 MHz,4,,5.260000,6.990000,12.250000,11649999.999974,1.520356002098e-06,1.271089317051e-06,6.632918691738e-07
21.0-21.5 MHz,4,,5.260000,6.990000,12.250000,11674999.999974,1.013740911195e-06,8.397758163773e-07,4.316453649884e-07
21.0-21.5 MHz,4,,5.260000,6.990000,12.250000,11699999.999974,2.581923128631e-07,2.147214953719e-07,1.476902837768e-07
21.0-21.5 MHz,4,,5.260000,6.990000,12.250000,11724999.999974,2.188412161400e-07,2.802270843706e-07,1.178459488232e-07
21.0-21.5 MHz,4,,5.260000,6.990000,12.250000,11749999.999974,1.124986339692e-06,1.086612145260e-06,4.890633701540e-07
21.0-21.5 MHz,4,,5.260000,6.990000,12.250000,11774999.999974,7.578617619014e-07,7.378785430991e-07,3.236421488920e-07
21.0-21.5 MHz,4,,5.260000,6.990000,12.250000,11799999.999974,7.517555840011e-07,6.108341197572e-07,3.166885536742e-07
21.0-21.5 MHz,4,,5.260000,6.990000,12.250000,11824999.999974,1.232621498251e-06,1.039239232905e-06,5.259471185926e-07
21.0-21.5 MHz,4,,5.260000,6.990000,12.250000,11849999.999974,6.791556781549e-07,6.124327025661e-07,2.879126236683e-07
21.0-21.5 MHz,4,,5.260000,6.990000,12.250000,11874999.999974,1.008468323762e-06,9.192831783973e-07,4.755953818659e-07
21.0-21.5 MHz,4,,5.260000,6.990000,12.250000,11899999.999974,1.714860905792e-06,1.606661858186e-06,8.242878264607e-07
21.0-21.5 MHz,4,,5.260000,6.990000,12.250000,11924999.999974,3.895557751877e-07,3.579786841760e-07,1.904520336183e-07
21.0-21.5 MHz,4,,5.260000,6.990000,12.250000,11949999.999974,2.069570146792e-06,1.950747488401e-06,9.648561567357e-07
21.0-21.5 MHz,4,,5.260000,6.990000,12.250000,11974999.999974,1.832640582241e-06,1.685447974745e-06,7.923542827701e-07
21.0-21.5 MHz,4,,5.260000,6.990000,12.250000,11999999.999974,3.361535778102e-06,3.358325307258e-06,1.652135860231e-06
21.0-21.5 MHz,4,,5.260000,6.990000,12.250000,12024999.999974,2.105296915933e-06,2.173390379238e-06,9.653054121037e-07
21.0-21.5 MHz,4,,5.260000,6.990000,12.250000,12049999.999974,2.127545411400e-06,2.097915110920e-06,8.813349160553e-07
21.0-21.5 MHz,4,,5.260000,6.990000,12.250000,12074999.999974,1.359882423725e-06,1.403299973692e-06,6.624195429428e-07
21.0-21.5 MHz,4,,5.260000,6.990000,12.250000,12099999.999973,5.340151956016e-06,5.643357290440e-06,2.813919332468e-06
21.0-21.5 MHz,4,,5.260000,6.990000,12.250000,12124999.999973,4.147805748156e-06,4.284730116665e-06,2.134868000871e-06
21.0-21.5 MHz,4,,5.260000,6.990000,12.250000,12149999.999973,9.684611666319e-07,8.135537973034e-07,4.213443659692e-07
21.0-21.5 MHz,4,,5.260000,6.990000,12.250000,12174999.999973,5.062385937465e-06,4.962154580612e-06,2.420479786587e-06
21.0-21.5 MHz,4,,5.260000,6.990000,12.250000,12199999.999973,1.080778883746e-06,1.585087695191e-06,5.971037153892e-07
21.0-21.5 MHz,4,,5.260000,6.990000,12.250000,12224999.999973,7.179597605550e-02,8.075083334170e-02,4.057741368481e-02
21.0-21.5 MHz,4,,5.260000,6.990000,12.250000,12249999.999973,1.435817161440e-01,1.614900142764e-01,8.114897517503e-02
21.0-21.5 MHz,4,,5.260000,6.990000,12.250000,12274999.999973,7.179607940696e-02,8.075080450992e-02,4.057741064168e-02
21.0-21.5 MHz,4,,5.260000,6.990000,12.250000,12299999.999973,1.539648470092e-06,2.270535726326e-06,1.007355826457e-06
21.0-21.5 MHz,4,,5.260000,6.990000,12.250000,12324999.999973,2.907909470371e-06,3.926115766059e-06,1.672877629069e-06
21.0-21.5 MHz,4,,5.260000,6.990000,12.250000,12349999.999973,8.912305045564e-07,1.387718092832e-06,5.951168189194e-07
21.0-21.5 MHz,4,,5.260000,6.990000,12.250000,12374999.999973,2.740442455777e-06,3.468857675830e-06,1.678530980112e-06
21.0-21.5 MHz,4,,5.260000,6.990000,12.250000,12399999.999973,3.191433844779e-06,4.048113732581e-06,1.966959779905e-06
21.0-21.5 MHz,4,,5.260000,6.990000,12.250000,12424999.999973,9.482282164296e-07,1.339316208941e-06,6.621802634862e-07
21.0-21.5 MHz,4,,5.260000,6.990000,12.250000,12449999.999973,1.564111171632e-06,1.969246214965e-06,1.106559375062e-06
21.0-21.5 MHz,4,,5.260000,6.990000,12.250000,12474999.999973,1.316083669924e-06,1.732174907518e-06,9.218631521164e-07
21.0-21.5 MHz,4,,5.260000,6.990000,12.250000,12499999.999973,3.631920419118e-07,5.399404575373e-07,2.758192827169e-07
21.0-21.5 MHz,4,,5.260000,6.990000,12.250000,12524999.999973,6.213851342925e-07,8.826561951516e-07,4.678288736685e-07
21.0-21.5 MHz,4,,5.260000,6.990000,12.250000,12549999.999972,6.463879670551e-07,8.415232027249e-07,4.361594116476e-07
21.0-21.5 MHz,4,,5.260000,6.990000,12.250000,12574999.999972,4.612927186306e-07,6.571958432190e-07,3.530086626603e-07
21.0-21.5 MHz,4,,5.260000,6.990000,12.250000,12599999.999972,5.039423207631e-07,6.892535108190e-07,3.905157810178e-07
21.0-21.5 MHz,4,,5.260000,6.990000,12.250000,12624999.999972,1.703639966921e-07,1.815399310277e-07,1.293492751417e-07
21.0-21.5 MHz,4,,5.260000,6.990000,12.250000,12649999.999972,1.259909515393e-07,2.249333682677e-07,1.045437694367e-07
21.0-21.5 MHz,4,,5.260000,6.990000,12.250000,12674999.999972,3.776018708452e-07,5.212254840233e-07,2.938926658588e-07
21.0-21.5 MHz,4,,5.260000,6.990000,12.250000,12699999.999972,2.881740573583e-07,4.667676259738e-07,2.794392017667e-07
21.0-21.5 MHz,4,,5.260000,6.990000,12.250000,12724999.999972,2.387438213494e-07,3.401539299107e-07,1.781967543868e-07
21.0-21.5 MHz,4,,5.260000,6.990000,12.250000,12749999.999972,2.436602953705e-07,3.051022780997e-07,1.052619247584e-07
21.0-21.5 MHz,4,,5.260000,6.990000,12.250000,12774999.999972,1.502565766981e-08,2.346927818638e-08,7.669547106688e-08
21.0-21.5 MHz,4,,5.260000,6.990000,12.250000,12799999.999972,1.532933191730e-07,2.162315936418e-07,1.435181408660e-07
21.0-21.5 MHz,4,,5.260000,6.990000,12.250000,12824999.999972,1.380682669927e-07,2.084576874609e-07,1.052802349150e-07
21.0-21.5 MHz,4,,5.260000,6.990000,12.250000,12849999.999972,1.929071971335e-07,4.092903301012e-07,1.889205969315e-07
21.0-21.5 MHz,4,,5.260000,6.990000,12.250000,12874999.999972,2.709692354867e-07,6.341760316527e-07,3.297695171803e-07
21.0-21.5 MHz,4,,5.260000,6.990000,12.250000,12899999.999972,3.532623650873e-07,6.624672271611e-07,3.208793488258e-07
21.0-21.5 MHz,4,,5.260000,6.990000,12.250000,12924999.999972,4.192101778670e-07,9.273439082224e-07,4.389172305591e-07
21.0-21.5 MHz,4,,5.260000,6.990000,12.250000,12949999.999972,2.993570999474e-07,8.131020218069e-07,4.172713725202e-07
21.0-21.5 MHz,4,,5.260000,6.990000,12.250000,12974999.999972,2.680043666500e-07,6.145155373961e-07,3.405270899664e-07
21.0-21.5 MHz,4,,5.260000,6.990000,12.250000,12999999.999971,1.054027707873e-07,3.545222004249e-07,1.978758860913e-07
21.0-21.5 MHz,4,,5.260000,6.990000,12.250000,13024999.999971,9.601442562473e-08,2.547181590230e-07,1.295847331519e-07
21.0-21.5 MHz,4,,5.260000,6.990000,12.250000,13049999.999971,1.294003543934e-07,4.513544579682e-07,2.177244072425e-07
21.0-21.5 MHz,4,,5.260000,6.990000,12.250000,13074999.999971,4.879759646041e-08,1.383501600014e-07,5.607416238238e-08
21.0-21.5 MHz,4,,5.260000,6.990000,12.250000,13099999.999971,1.798367912277e-07,2.511426954300e-07,1.751855314118e-07
21.0-21.5 MHz,4,,5.260000,6.990000,12.250000,13124999.999971,1.983345630613e-07,4.524376177514e-07,2.730799235297e-07
21.0-21.5 MHz,4,,5.260000,6.990000,12.250000,13149999.999971,1.052986888518e-07,2.804709646484e-08,3.454112523322e-08
21.0-21.5 MHz,4,,5.260000,6.990000,12.250000,13174999.999971,2.365689213168e-07,4.108407324949e-07,2.037835983299e-07
21.0-21.5 MHz,4,,5.260000,6.990000,12.250000,13199999.999971,1.804571878185e-07,3.591213828354e-07,1.635740415418e-07
21.0-21.5 MHz,4,,5.260000,6.990000,12.250000,13224999.999971,1.980442188243e-07,5.623782061724e-07,2.933903912614e-07
21.0-21.5 MHz,4,,5.260000,6.990000,12.250000,13249999.999971,2.278254223649e-07,6.947634332384e-07,3.690584404078e-07
21.0-21.5 MHz,4,,5.260000,6.990000,12.250000,13274999.999971,2.795256783725e-07,7.154675356066e-07,3.741069691552e-07
21.0-21.5 MHz,4,,5.260000,6.990000,12.250000,13299999.999971,2.038321639267e-07,6.402321203028e-07,3.409107838161e-07
21.0-21.5 MHz,4,,5.260000,6.990000,12.250000,13324999.999971,8.977444618069e-08,3.236936541856e-07,1.759647987013e-07
21.0-21.5 MHz,4,,5.260000,6.990000,12.250000,13349999.999971,1.939227787436e-07,3.606991064662e-07,2.165809192143e-07
21.0-21.5 MHz,4,,5.260000,6.990000,12.250000,13374999.999971,1.400976500809e-07,2.771286885966e-07,1.801233535409e-07
21.0-21.5 MHz,4,,5.260000,6.990000,12.250000,13399999.999971,3.980478287519e-08,1.160926753693e-07,5.295073886741e-08
21.0-21.5 MHz,4,,5.260000,6.990000,12.250000,13424999.999971,5.637051711475e-08,2.469067772037e-07,1.141629394836e-07
21.0-21.5 MHz,4,,5.260000,6.990000,12.250000,13449999.999971,1.407716681384e-07,6.272048799464e-07,2.551930824813e-07
21.0-21.5 MHz,4,,5.260000,6.990000,12.250000,13474999.999970,2.716338018228e-07,6.687183819042e-07,2.471009262175e-07
21.0-21.5 MHz,4,,5.260000,6.990000,12.250000,13499999.999970,1.879780728123e-07,4.424859287982e-07,1.722418726656e-07
21.0-21.5 MHz,4,,5.260000,6.990000,12.250000,13524999.999970,1.473774636139e-07,8.348437904893e-07,4.434349055132e-07
21.0-21.5 MHz,4,,5.260000,6.990000,12.250000,13549999.999970,1.552522837072e-07,1.065548667359e-06,5.746259764625e-07
21.0-21.5 MHz,4,,5.260000,6.990000,12.250000,13574999.999970,1.581192905928e-07,9.584679353107e-07,5.345876349531e-07
21.0-21.5 MHz,4,,5.260000,6.990000,12.250000,13599999.999970,5.063940554155e-08,2.749201222122e-07,1.708208843931e-07
21.0-21.5 MHz,4,,5.260000,6.990000,12.250000,13624999.999970,9.780325172375e-08,6.592160435933e-07,3.516357714686e-07
21.0-21.5 MHz,4,,5.260000,6.990000,12.250000,13649999.999970,1.037788280730e-07,4.350340333675e-07,2.394148864948e-07
21.0-21.5 MHz,4,,5.260000,6.990000,12.250000,13674999.999970,9.386375866747e-08,6.239167751638e-08,6.382387977146e-08
21.0-21.5 MHz,4,,5.260000,6.990000,12.250000,13699999.999970,4.356891198083e-07,1.764839813182e-06,9.361498132548e-07
21.0-21.5 MHz,4,,5.260000,6.990000,12.250000,13724999.999970,6.299730126583e-07,2.557888912416e-06,1.377508482665e-06
21.0-21.5 MHz,4,,5.260000,6.990000,12.250000,13749999.999970,1.605135176059e-07,8.233290021783e-07,4.608580756742e-07
21.0-21.5 MHz,4,,5.260000,6.990000,12.250000,13774999.999970,8.470617584634e-07,2.847284909530e-06,1.352857006583e-06
21.0-21.5 MHz,4,,5.260000,6.990000,12.250000,13799999.999970,3.791520636410e-07,1.759452303224e-06,8.674069413870e-07
21.0-21.5 MHz,4,,5.260000,6.990000,12.250000,13824999.999970,1.083946665572e-06,3.343380673471e-06,1.734695526856e-06
21.0-21.5 MHz,4,,5.260000,6.990000,12.250000,13849999.999970,7.945669626901e-07,3.851430563208e-06,1.827546547573e-06
21.0-21.5 MHz,4,,5.260000,6.990000,12.250000,13874999.999970,1.781666389050e-06,6.744738015257e-06,3.390807394539e-06
21.0-21.5 MHz,4,,5.260000,6.990000,12.250000,13899999.999970,7.774411257675e-06,2.657567217887e-05,1.327426950761e-05
21.0-21.5 MHz,4,,5.260000,6.990000,12.250000,13924999.999969,1.753265219188e-05,6.561526978460e-05,3.282749137513e-05
21.0-21.5 MHz,4,,5.260000,6.990000,12.250000,13949999.999969,3.045472988778e-04,1.123505702624e-03,5.619065976387e-04
21.0-21.5 MHz,4,,5.260000,6.990000,12.250000,13974999.999969,8.374133745364e-04,3.088609234531e-03,1.544685365487e-03
21.0-21.5 MHz,4,,5.260000,6.990000,12.250000,13999999.999969,5.582869222045e-04,2.059177094303e-03,1.029849773496e-03
21.0-21.5 MHz,4,,5.260000,6.990000,12.250000,14024999.999969,3.797634901465e-05,1.434083285388e-04,7.170312452435e-05
21.0-21.5 MHz,4,,5.260000,6.990000,12.250000,14049999.999969,1.284665351027e-05,4.002853412822e-05,2.002747446183e-05
21.0-21.5 MHz,4,,5.260000,6.990000,12.250000,14074999.999969,2.278173216919e-06,9.022820283555e-06,4.438761721989e-06
21.0-21.5 MHz,4,,5.260000,6.990000,12.250000,14099999.999969,2.889694401740e-06,8.828449940123e-06,4.503182945384e-06
21.0-21.5 MHz,4,,5.260000,6.990000,12.250000,14124999.999969,6.478130243015e-07,2.463842871026e-06,1.132622169680e-06
21.0-21.5 MHz,4,,5.260000,6.990000,12.250000,14149999.999969,9.271756742465e-07,2.385955844150e-06,1.206580749416e-06
21.0-21.5 MHz,4,,5.260000,6.990000,12.250000,14174999.999969,1.001721051003e-06,1.629933121875e-06,7.948856634973e-07
21.0-21.5 MHz,4,,5.260000,6.990000,12.250000,14199999.999969,2.208391042383e-06,4.763393538598e-06,2.395775189536e-06
21.0-21.5 MHz,4,,5.260000,6.990000,12.250000,14224999.999969,1.470188294345e-06,2.770907291947e-06,1.391450014872e-06
21.0-21.5 MHz,4,,5.260000,6.990000,12.250000,14249999.999969,1.376165757286e-06,2.923508045342e-06,1.476215549946e-06
21.0-21.5 MHz,4,,5.260000,6.990000,12.250000,14274999.999969,9.374918515761e-07,1.769870714246e-06,8.899258423564e-07
21.0-21.5 MHz,4,,5.260000,6.990000,12.250000,14299999.999969,7.054050305216e-07,1.293310016239e-06,6.303736802934e-07
21.0-21.5 MHz,4,,5.260000,6.990000,12.250000,14324999.999969,1.614700307458e-07,3.059957935425e-07,1.281319485160e-07
21.0-21.5 MHz,4,,5.260000,6.990000,12.250000,14349999.999969,4.403833030664e-08,1.532974216184e-07,8.361437912027e-08
21.0-21.5 MHz,4,,5.260000,6.990000,12.250000,14374999.999968,4.227022151725e-07,7.021055430031e-07,3.381068306038e-07
21.0-21.5 MHz,4,,5.260000,6.990000,12.250000,14399999.999968,1.103695141444e-06,2.021343046208e-06,1.058785564860e-06
21.0-21.5 MHz,4,,5.260000,6.990000,12.250000,14424999.999968,9.082423009317e-07,1.511029441386e-06,7.914301603901e-07
21.0-21.5 MHz,4,,5.260000,6.990000,12.250000,14449999.999968,3.350007666656e-07,6.638124130650e-07,3.517894199018e-07
21.0-21.5 MHz,4,,5.260000,6.990000,12.250000,14474999.999968,1.383964200272e-07,3.406976271504e-07,1.856601637684e-07
21.0-21.5 MHz,4,,5.260000,6.990000,12.250000,14499999.999968,2.493261442833e-07,4.318845096156e-07,2.778650517288e-07
21.0-21.5 MHz,4,,5.260000,6.990000,12.250000,14524999.999968,2.528595957665e-07,4.059673576739e-07,2.395091667836e-07
21.0-21.5 MHz,4,,5.260000,6.990000,12.250000,14549999.999968,2.773915939035e-07,3.703820078431e-07,1.799073426556e-07
21.0-21.5 MHz,4,,5.260000,6.990000,12.250000,14574999.999968,3.582075353252e-07,5.839791852465e-07,3.126284570947e-07
21.0-21.5 MHz,4,,5.260000,6.990000,12.250000,14599999.999968,2.417107259652e-07,5.029001829649e-07,2.999249989090e-07
21.0-21.5 MHz,4,,5.260000,6.990000,12.250000,14624999.999968,4.304949573434e-07,5.464527083964e-07,2.892214066071e-07
21.0-21.5 MHz,4,,5.260000,6.990000,12.250000,14649999.999968,2.927935425524e-07,3.277794205875e-07,1.787218753790e-07
21.0-21.5 MHz,4,,5.260000,6.990000,12.250000,14674999.999968,5.690735678096e-07,6.745761658074e-07,3.383791787764e-07
21.0-21.5 MHz,4,,5.260000,6.990000,12.250000,14699999.999968,6.437290949144e-07,7.958900289873e-07,4.285004171481e-07
21.0-21.5 MHz,4,,5.260000,6.990000,12.250000,14724999.999968,6.682142914742e-07,8.693896304270e-07,4.829516107188e-07
21.0-21.5 MHz,4,,5.260000,6.990000,12.250000,14749999.999968,5.208589694825e-07,6.448898766030e-07,3.557005808445e-07
21.0-21.5 MHz,4,,5.260000,6.990000,12.250000,14774999.999968,3.345438652186e-07,4.188351986663e-07,2.136282963129e-07
21.0-21.5 MHz,4,,5.260000,6.990000,12.250000,14799999.999968,2.811309083758e-07,3.078110091392e-07,1.331360697616e-07
21.0-21.5 MHz,4,,5.260000,6.990000,12.250000,14824999.999967,1.993294168514e-07,2.026623802584e-07,7.270970450060e-08
21.0-21.5 MHz,4,,5.260000,6.990000,12.250000,14849999.999967,2.332563044183e-07,2.230920082252e-07,1.255368370455e-07
21.0-21.5 MHz,4,,5.260000,6.990000,12.250000,14874999.999967,2.356743058813e-07,2.716610456254e-07,1.684072043175e-07
21.0-21.5 MHz,4,,5.260000,6.990000,12.250000,14899999.999967,1.964101730774e-07,3.103876285902e-07,1.860439722340e-07
21.0-21.5 MHz,4,,5.260000,6.990000,12.250000,14924999.999967,3.242383729120e-07,3.888248009183e-07,1.972926087939e-07
21.0-21.5 MHz,4,,5.260000,6.990000,12.250000,14949999.999967,1.411558243178e-07,2.436122965756e-07,1.199575162802e-07
21.0-21.5 MHz,4,,5.260000,6.990000,12.250000,14974999.999967,3.195415716862e-07,3.060458389477e-07,1.386315891275e-07
21.0-21.5 MHz,4,,5.260000,6.990000,12.250000,14999999.999967,3.592649351485e-07,3.623114056444e-07,1.808746813264e-07
21.0-21.5 MHz,4,,5.260000,6.990000,12.250000,15024999.999967,1.428072858678e-07,1.119460876979e-07,9.124995900133e-08
21.0-21.5 MHz,4,,5.260000,6.990000,12.250000,15049999.999967,3.280172092690e-07,2.858112109740e-07,1.466367307171e-07
21.0-21.5 MHz,4,,5.260000,6.990000,12.250000,15074999.999967,3.741176997285e-07,3.764097725770e-07,1.957213758825e-07
21.0-21.5 MHz,4,,5.260000,6.990000,12.250000,15099999.999967,4.165597542379e-07,4.094115876267e-07,2.233154712605e-07
21.0-21.5 MHz,4,,5.260000,6.990000,12.250000,15124999.999967,3.128480670519e-07,3.144827757685e-07,1.645843369978e-07
21.0-21.5 MHz,4,,5.260000,6.990000,12.250000,15149999.999967,1.776658743998e-07,2.018745716291e-07,1.174757272663e-07
21.0-21.5 MHz,4,,5.260000,6.990000,12.250000,15174999.999967,5.517153738012e-08,1.158307194177e-07,1.121630206806e-07
21.0-21.5 MHz,4,,5.260000,6.990000,12.250000,15199999.999967,1.870872701069e-07,2.272625565176e-07,1.326901169264e-07
21.0-21.5 MHz,4,,5.260000,6.990000,12.250000,15224999.999967,2.472334731267e-07,2.565909402745e-07,1.420013677497e-07
21.0-21.5 MHz,4,,5.260000,6.990000,12.250000,15249999.999967,2.506084919012e-07,2.553340685644e-07,1.831023730791e-07
21.0-21.5 MHz,4,,5.260000,6.990000,12.250000,15274999.999967,5.846275464009e-07,4.991785022577e-07,3.109071753658e-07
21.0-21.5 MHz,4,,5.260000,6.990000,12.250000,15299999.999966,5.115294341659e-07,4.402784876488e-07,2.564334530035e-07
21.0-21.5 MHz,4,,5.260000,6.990000,12.250000,15324999.999966,3.160644964171e-07,2.259838396707e-07,7.685086661591e-08
21.0-21.5 MHz,4,,5.260000,6.990000,12.250000,15349999.999966,4.792230007427e-07,3.484325934696e-07,1.531038724190e-07
21.0-21.5 MHz,4,,5.260000,6.990000,12.250000,15374999.999966,2.937977230305e-07,2.169865170633e-07,1.036416538643e-07
21.0-21.5 MHz,4,,5.260000,6.990000,12.250000,15399999.999966,2.745601950396e-07,2.469857463408e-07,1.419429759572e-07
21.0-21.5 MHz,4,,5.260000,6.990000,12.250000,15424999.999966,8.185247578533e-07,6.244870323270e-07,3.387024795898e-07
21.0-21.5 MHz,4,,5.260000,6.990000,12.250000,15449999.999966,8.213371983047e-07,5.376540362584e-07,2.791293625281e-07
21.0-21.5 MHz,4,,5.260000,6.990000,12.250000,15474999.999966,4.568254972756e-07,4.097829657165e-07,2.589265767176e-07
21.0-21.5 MHz,4,,5.260000,6.990000,12.250000,15499999.999966,8.476635793709e-07,6.928008551621e-07,4.228160306338e-07
21.0-21.5 MHz,4,,5.260000,6.990000,12.250000,15524999.999966,5.239260588394e-07,4.045564930426e-07,2.147492762084e-07
21.0-21.5 MHz,4,,5.260000,6.990000,12.250000,15549999.999966,1.251450891823e-06,7.600213204823e-07,3.590978895183e-07
21.0-21.5 MHz,4,,5.260000,6.990000,12.250000,15574999.999966,8.740872751903e-07,6.730807677119e-07,3.619048069317e-07
21.0-21.5 MHz,4,,5.260000,6.990000,12.250000,15599999.999966,1.439957547686e-06,9.189954766840e-07,4.379794045451e-07
21.0-21.5 MHz,4,,5.260000,6.990000,12.250000,15624999.999966,3.632543270220e-06,1.865994599622e-06,8.497338956018e-07
21.0-21.5 MHz,4,,5.260000,6.990000,12.250000,15649999.999966,1.421949618409e-05,9.572956193938e-06,4.765052445148e-06
21.0-21.5 MHz,4,,5.260000,6.990000,12.250000,15674999.999966,1.069905997137e-04,6.861467992640e-05,3.431213583526e-05
21.0-21.5 MHz,4,,5.260000,6.990000,12.250000,15699999.999966,4.306122103623e-04,2.765921643343e-04,1.383106678858e-04
21.0-21.5 MHz,4,,5.260000,6.990000,12.250000,15724999.999966,3.755658422431e-04,2.412965940846e-04,1.206700855682e-04
21.0-21.5 MHz,4,,5.260000,6.990000,12.250000,15749999.999965,7.428476151940e-05,4.695319240566e-05,2.346669481634e-05
21.0-21.5 MHz,4,,5.260000,6.990000,12.250000,15774999.999965,4.121642704268e-05,2.473010635348e-05,1.250028167826e-05
21.0-21.5 MHz,4,,5.260000,6.990000,12.250000,15799999.999965,3.589028958897e-05,2.178035840820e-05,1.095214565666e-05
21.0-21.5 MHz,4,,5.260000,6.990000,12.250000,15824999.999965,6.672442828735e-07,5.453651654494e-07,3.507143646519e-07
21.0-21.5 MHz,4,,5.260000,6.990000,12.250000,15849999.999965,1.949791931353e-06,1.273681215635e-06,6.073420545872e-07
21.0-21.5 MHz,4,,5.260000,6.990000,12.250000,15874999.999965,1.497446611001e-06,9.688490425217e-07,4.632897748791e-07
21.0-21.5 MHz,4,,5.260000,6.990000,12.250000,15899999.999965,1.182187828262e-06,6.789575971072e-07,1.231625212691e-07
21.0-21.5 MHz,4,,5.260000,6.990000,12.250000,15924999.999965,1.278342300444e-06,7.100639641326e-07,8.635113651080e-08
21.0-21.5 MHz,4,,5.260000,6.990000,12.250000,15949999.999965,1.487847652357e-06,7.930124893182e-07,2.983588292762e-07
21.0-21.5 MHz,4,,5.260000,6.990000,12.250000,15974999.999965,5.339796520395e-07,2.885823975663e-07,1.594340492904e-07
21.0-21.5 MHz,4,,5.260000,6.990000,12.250000,15999999.999965,2.012636715202e-07,1.163197924460e-07,6.852317619054e-08
21.0-21.5 MHz,4,,5.260000,6.990000,12.250000,16024999.999965,4.208201488934e-07,2.548710252301e-07,1.392759456827e-07
21.0-21.5 MHz,4,,5.260000,6.990000,12.250000,16049999.999965,1.261684607837e-07,9.998974410133e-08,6.551934108339e-08
21.0-21.5 MHz,4,,5.260000,6.990000,12.250000,16074999.999965,1.590373674739e-07,1.341796632148e-07,1.012184964886e-07
21.0-21.5 MHz,4,,5.260000,6.990000,12.250000,16099999.999965,1.928688169244e-07,1.468359125593e-07,1.101320624367e-07
21.0-21.5 MHz,4,,5.260000,6.990000,12.250000,16124999.999965,4.462113435597e-08,1.784471080469e-08,6.578089470149e-09
21.0-21.5 MHz,4,,5.260000,6.990000,12.250000,16149999.999965,1.887643622610e-07,1.273186509608e-07,9.424915879753e-08
21.0-21.5 MHz,4,,5.260000,6.990000,12.250000,16174999.999965,3.867570509967e-08,5.386391921932e-08,6.326943067704e-08
21.0-21.5 MHz,4,,5.260000,6.990000,12.250000,16199999.999964,1.496170795979e-07,1.124895929295e-07,1.178799630426e-07
21.0-21.5 MHz,4,,5.260000,6.990000,12.250000,16224999.999964,2.877895224931e-07,2.073008792648e-07,1.873649362025e-07
21.0-21.5 MHz,4,,5.260000,6.990000,12.250000,16249999.999964,2.500440590590e-07,1.591528745246e-07,1.317600353336e-07
21.0-21.5 MHz,4,,5.260000,6.990000,12.250000,16274999.999964,2.159670857762e-07,1.203768256225e-07,7.571306863339e-08
21.0-21.5 MHz,4,,5.260000,6.990000,12.250000,16299999.999964,1.965477320110e-07,1.278688304064e-07,8.548473510509e-08
21.0-21.5 MHz,4,,5.260000,6.990000,12.250000,16324999.999964,1.294912888777e-07,8.427644265648e-08,5.561218240536e-08
21.0-21.5 MHz,4,,5.260000,6.990000,12.250000,16349999.999964,1.655574595659e-07,9.137445817203e-08,5.802547951201e-08
21.0-21.5 MHz,4,,5.260000,6.990000,12.250000,16374999.999964,2.885528312541e-07,1.693382767017e-07,1.129474908600e-07
21.0-21.5 MHz,4,,5.260000,6.990000,12.250000,16399999.999964,2.016516098013e-07,1.509257932499e-07,7.227851483846e-08
21.0-21.5 MHz,4,,5.260000,6.990000,12.250000,16424999.999964,8.729857774407e-08,3.889887613765e-08,2.811596088616e-08
21.0-21.5 MHz,4,,5.260000,6.990000,12.250000,16449999.999964,9.193134543863e-08,5.260170519640e-08,5.888633248144e-08
21.0-21.5 MHz,4,,5.260000,6.990000,12.250000,16474999.999964,8.427083070950e-08,3.138189738625e-08,3.512345180341e-08
21.0-21.5 MHz,4,,5.260000,6.990000,12.250000,16499999.999964,5.316962260736e-08,2.461711649469e-08,9.642529344453e-09
21.0-21.5 MHz,4,,5.260000,6.990000,12.250000,16524999.999964,1.040642192727e-07,3.932707502115e-08,4.201104753120e-08
21.0-21.5 MHz,4,,5.260000,6.990000,12.250000,16549999.999964,1.227620597981e-07,5.476624292572e-08,5.495506446175e-08
21.0-21.5 MHz,4,,5.260000,6.990000,12.250000,16574999.999964,7.624510554163e-08,1.971514923745e-08,4.261872520059e-08
21.0-21.5 MHz,4,,5.260000,6.990000,12.250000,16599999.999964,9.608899004981e-08,1.191611241706e-08,3.826628825931e-08
21.0-21.5 MHz,4,,5.260000,6.990000,12.250000,16624999.999964,2.306387318931e-07,9.175398293711e-08,7.289436337723e-08
21.0-21.5 MHz,4,,5.260000,6.990000,12.250000,16649999.999963,2.709870603910e-07,1.086055748453e-07,6.601100805400e-08
21.0-21.5 MHz,4,,5.260000,6.990000,12.250000,16674999.999963,1.941596336467e-07,4.579950461801e-08,3.263279127572e-08
21.0-21.5 MHz,4,,5.260000,6.990000,12.250000,16699999.999963,1.829536214877e-07,7.055858978030e-08,5.537162205654e-08
21.0-21.5 MHz,4,,5.260000,6.990000,12.250000,16724999.999963,3.091174433558e-07,1.273885323508e-07,6.720459236753e-08
21.0-21.5 MHz,4,,5.260000,6.990000,12.250000,16749999.999963,3.237392531444e-07,1.209788676478e-07,4.465990752195e-08
21.0-21.5 MHz,4,,5.260000,6.990000,12.250000,16774999.999963,1.058699044550e-07,5.641618062469e-08,4.072628364241e-08
21.0-21.5 MHz,4,,5.260000,6.990000,12.250000,16799999.999963,2.467228365156e-07,1.066333276670e-07,6.056737916403e-08
21.0-21.5 MHz,4,,5.260000,6.990000,12.250000,16824999.999963,2.953098924673e-07,1.021309973038e-07,4.059504282675e-08
21.0-21.5 MHz,4,,5.260000,6.990000,12.250000,16849999.999963,1.945154140091e-07,5.904842628917e-08,1.234137747923e-08
21.0-21.5 MHz,4,,5.260000,6.990000,12.250000,16874999.999963,1.108617922254e-07,3.798097862155e-08,1.799485876736e-08
21.0-21.5 MHz,4,,5.260000,6.990000,12.250000,16899999.999963,2.206013767239e-07,1.114991084124e-07,7.767190731018e-08
21.0-21.5 MHz,4,,5.260000,6.990000,12.250000,16924999.999963,4.615290903160e-07,2.023538237510e-07,1.360159777866e-07
21.0-21.5 MHz,4,,5.260000,6.990000,12.250000,16949999.999963,4.343200538894e-07,1.745624794192e-07,1.087729305809e-07
21.0-21.5 MHz,4,,5.260000,6.990000,12.250000,16974999.999963,2.420743703219e-07,8.124495034708e-08,3.851658586991e-08
21.0-21.5 MHz,4,,5.260000,6.990000,12.250000,16999999.999963,1.932727354596e-07,8.391355878152e-08,1.595013867961e-08
21.0-21.5 MHz,4,,5.260000,6.990000,12.250000,17024999.999963,1.136752103754e-07,3.634310311928e-08,4.513319973479e-08
21.0-21.5 MHz,4,,5.260000,6.990000,12.250000,17049999.999963,5.729433498074e-08,1.700446601788e-08,7.707167507784e-08
21.0-21.5 MHz,4,,5.260000,6.990000,12.250000,17074999.999963,1.142881886648e-07,3.440321001934e-08,4.360197713446e-08
21.0-21.5 MHz,4,,5.260000,6.990000,12.250000,17099999.999963,1.039543721988e-07,3.597553746873e-08,3.168871512321e-08
21.0-21.5 MHz,4,,5.260000,6.990000,12.250000,17124999.999962,1.508170623677e-07,5.953645828457e-08,7.252982324582e-08
21.0-21.5 MHz,4,,5.260000,6.990000,12.250000,17149999.999962,2.983263049539e-07,1.012197663300e-07,9.856327096315e-08
21.0-21.5 MHz,4,,5.260000,6.990000,12.250000,17174999.999962,2.540822739783e-07,8.071025036646e-08,6.465852240047e-08
21.0-21.5 MHz,4,,5.260000,6.990000,12.250000,17199999.999962,1.844348802437e-07,5.813621011685e-08,6.074632751826e-08
21.0-21.5 MHz,4,,5.260000,6.990000,12.250000,17224999.999962,6.835843162204e-07,2.496991601073e-07,1.222002813671e-07
21.0-21.5 MHz,4,,5.260000,6.990000,12.250000,17249999.999962,9.989694666151e-07,4.236236545297e-07,2.966681097241e-07
21.0-21.5 MHz,4,,5.260000,6.990000,12.250000,17274999.999962,7.055799352416e-07,3.330371961012e-07,2.526059921366e-07
21.0-21.5 MHz,4,,5.260000,6.990000,12.250000,17299999.999962,4.251867431063e-07,1.431736981884e-07,1.489670000501e-07
21.0-21.5 MHz,4,,5.260000,6.990000,12.250000,17324999.999962,1.482595066366e-07,1.085022147096e-08,1.177164142915e-08
21.0-21.5 MHz,4,,5.260000,6.990000,12.250000,17349999.999962,1.271376317224e-06,4.841772785766e-07,2.609861471840e-07
21.0-21.5 MHz,4,,5.260000,6.990000,12.250000,17374999.999962,1.565150744055e-06,5.868806346964e-07,2.945945509389e-07
21.0-21.5 MHz,4,,5.260000,6.990000,12.250000,17399999.999962,6.342649210837e-07,2.950766402355e-07,2.985765904145e-07
21.0-21.5 MHz,4,,5.260000,6.990000,12.250000,17424999.999962,4.536559972406e-06,1.579136608493e-06,8.910228257389e-07
21.0-21.5 MHz,4,,5.260000,6.990000,12.250000,17449999.999962,5.751747922846e-07,1.113339356390e-06,1.556465214498e-06
21.0-21.5 MHz,4,,5.260000,6.990000,12.250000,17474999.999962,3.089326015381e-05,9.990591059575e-06,5.045704456376e-06
21.0-21.5 MHz,4,,5.260000,6.990000,12.250000,17499999.999962,1.195741992298e-04,3.889149556815e-05,2.073838378616e-05
21.0-21.5 MHz,4,,5.260000,6.990000,12.250000,17524999.999962,1.048494956680e-04,3.409683266335e-05,1.812373811306e-05
21.0-21.5 MHz,4,,5.260000,6.990000,12.250000,17549999.999962,1.562706242045e-05,5.076542883735e-06,2.723365790141e-06
21.0-21.5 MHz,4,,5.260000,6.990000,12.250000,17574999.999961,4.221614269568e-06,1.366649916093e-06,6.980193888792e-07
21.0-21.5 MHz,4,,5.260000,6.990000,12.250000,17599999.999961,8.059690522898e-07,4.852918066680e-08,1.139327208423e-07
21.0-21.5 MHz,4,,5.260000,6.990000,12.250000,17624999.999961,8.071804629653e-07,2.541440474239e-07,1.244096361551e-07
21.0-21.5 MHz,4,,5.260000,6.990000,12.250000,17649999.999961,1.846983829215e-06,5.463069661643e-07,2.400409577123e-07
21.0-21.5 MHz,4,,5.260000,6.990000,12.250000,17674999.999961,1.173280318175e-06,3.524163359096e-07,1.580136363257e-07
21.0-21.5 MHz,4,,5.260000,6.990000,12.250000,17699999.999961,5.842256787303e-07,1.256198468785e-07,4.428211478996e-08
21.0-21.5 MHz,4,,5.260000,6.990000,12.250000,17724999.999961,4.010666933243e-07,1.232271381157e-07,8.935502488515e-08
21.0-21.5 MHz,4,,5.260000,6.990000,12.250000,17749999.999961,3.944852578869e-07,1.397333543214e-07,1.109100546087e-07
21.0-21.5 MHz,4,,5.260000,6.990000,12.250000,17774999.999961,2.468752328947e-07,9.016318215417e-08,6.939548521110e-08
21.0-21.5 MHz,4,,5.260000,6.990000,12.250000,17799999.999961,4.204174438851e-07,1.284211050638e-07,7.920684493020e-08
21.0-21.5 MHz,4,,5.260000,6.990000,12.250000,17824999.999961,1.844331742512e-07,4.643086485774e-08,1.415062708439e-08
21.0-21.5 MHz,4,,5.260000,6.990000,12.250000,17849999.999961,1.130316941842e-07,2.987026903945e-08,7.172901978705e-08
21.0-21.5 MHz,4,,5.260000,6.990000,12.250000,17874999.999961,1.138115174702e-07,3.827455161936e-08,8.188102345838e-08
21.0-21.5 MHz,4,,5.260000,6.990000,12.250000,17899999.999961,3.045390506049e-08,2.243455887761e-08,4.191636983231e-08
21.0-21.5 MHz,4,,5.260000,6.990000,12.250000,17924999.999961,7.937584663753e-08,5.123386567908e-08,3.649431125212e-08
21.0-21.5 MHz,4,,5.260000,6.990000,12.250000,17949999.999961,4.696517519475e-08,5.707109630008e-08,8.909276050525e-08
21.0-21.5 MHz,4,,5.260000,6.990000,12.250000,17974999.999961,1.023031935871e-07,5.045351316006e-08,9.365461626960e-08
21.0-21.5 MHz,4,,5.260000,6.990000,12.250000,17999999.999961,1.621908773835e-07,4.617065319530e-08,5.033386668550e-08
21.0-21.5 MHz,4,,5.260000,6.990000,12.250000,18024999.999960,1.966431517907e-07,4.088950788695e-08,2.283912889363e-08
21.0-21.5 MHz,4,,5.260000,6.990000,12.250000,18049999.999960,1.268082674468e-07,3.844242640482e-08,4.226528059020e-08
21.0-21.5 MHz,4,,5.260000,6.990000,12.250000,18074999.999960,3.104934647907e-07,9.185366931684e-08,5.401494835601e-08
21.0-21.5 MHz,4,,5.260000,6.990000,12.250000,18099999.999960,4.020665070887e-07,9.906830340568e-08,4.036956690787e-08
21.0-21.5 MHz,4,,5.260000,6.990000,12.250000,18124999.999960,2.726792129079e-07,4.368476251193e-08,6.063895535316e-09
21.0-21.5 MHz,4,,5.260000,6.990000,12.250000,18149999.999960,2.090473862677e-07,5.564879589775e-08,3.543277850639e-08
21.0-21.5 MHz,4,,5.260000,6.990000,12.250000,18174999.999960,1.715682712828e-07,3.990793175086e-08,4.724148246131e-08
21.0-21.5 MHz,4,,5.260000,6.990000,12.250000,18199999.999960,2.139155754449e-07,3.714273500347e-08,2.826499344396e-08
21.0-21.5 MHz,4,,5.260000,6.990000,12.250000,18224999.999960,1.884480603742e-07,3.149845951454e-08,1.413253318515e-08
21.0-21.5 MHz,4,,5.260000,6.990000,12.250000,18249999.999960,9.461125339881e-08,4.992157619087e-09,1.742202179817e-08
21.0-21.5 MHz,4,,5.260000,6.990000,12.250000,18274999.999960,5.596953402084e-08,1.532521949088e-08,3.223849695727e-08
21.0-21.5 MHz,4,,5.260000,6.990000,12.250000,18299999.999960,8.124621236187e-08,2.408382676936e-08,5.483275928814e-08
21.0-21.5 MHz,4,,5.260000,6.990000,12.250000,18324999.999960,1.419640297350e-07,5.723288575595e-08,9.032639948484e-08
21.0-21.5 MHz,4,,5.260000,6.990000,12.250000,18349999.999960,7.178202446111e-08,3.783229204710e-08,5.684802952317e-08
21.0-21.5 MHz,4,,5.260000,6.990000,12.250000,18374999.999960,4.466864116681e-08,1.123310516942e-08,2.359968802662e-08
21.0-21.5 MHz,4,,5.260000,6.990000,12.250000,18399999.999960,3.997469473445e-08,1.448110456732e-08,2.935729882447e-08
21.0-21.5 MHz,4,,5.260000,6.990000,12.250000,18424999.999960,4.318218795078e-08,1.491021277030e-08,3.493370315042e-08
21.0-21.5 MHz,4,,5.260000,6.990000,12.250000,18449999.999960,1.034108612927e-07,3.220667342499e-08,4.690212573065e-08
21.0-21.5 MHz,4,,5.260000,6.990000,12.250000,18474999.999959,9.014481221998e-08,4.367842213012e-08,6.261396801527e-08
21.0-21.5 MHz,4,,5.260000,6.990000,12.250000,18499999.999959,8.817231090684e-09,2.259818815165e-08,4.306308387909e-08
21.0-21.5 MHz,4,,5.260000,6.990000,12.250000,18524999.999959,1.289101622533e-07,1.937486955097e-08,8.892806700394e-09
21.0-21.5 MHz,4,,5.260000,6.990000,12.250000,18549999.999959,1.350611594901e-07,1.979188512426e-08,1.697815971261e-08
21.0-21.5 MHz,4,,5.260000,6.990000,12.250000,18574999.999959,1.040553096267e-07,1.144229587049e-08,2.150120419724e-08
21.0-21.5 MHz,4,,5.260000,6.990000,12.250000,18599999.999959,7.300205547986e-08,1.598292592596e-08,3.700974434030e-08
21.0-21.5 MHz,4,,5.260000,6.990000,12.250000,18624999.999959,2.541200936767e-07,5.439457481093e-08,4.994536452561e-08
21.0-21.5 MHz,4,,5.260000,6.990000,12.250000,18649999.999959,3.390462297644e-07,7.740727576306e-08,7.170396846968e-08
21.0-21.5 MHz,4,,5.260000,6.990000,12.250000,18674999.999959,1.568848730935e-07,3.880047722143e-08,4.560676226720e-08
21.0-21.5 MHz,4,,5.260000,6.990000,12.250000,18699999.999959,1.235023884230e-07,3.419860093102e-08,5.895568332444e-08
21.0-21.5 MHz,4,,5.260000,6.990000,12.250000,18724999.999959,2.648688822439e-07,6.521014998732e-08,7.647196032550e-08
21.0-21.5 MHz,4,,5.260000,6.990000,12.250000,18749999.999959,3.732680634246e-07,9.053550187981e-08,6.609386839841e-08
21.0-21.5 MHz,4,,5.260000,6.990000,12.250000,18774999.999959,1.597370438443e-07,2.179884741956e-08,3.296524182555e-08
21.0-21.5 MHz,4,,5.260000,6.990000,12.250000,18799999.999959,1.595048045761e-07,2.296521262761e-08,6.463326433652e-08
21.0-21.5 MHz,4,,5.260000,6.990000,12.250000,18824999.999959,1.322064049578e-07,2.331667032820e-08,5.059538638726e-08
21.0-21.5 MHz,4,,5.260000,6.990000,12.250000,18849999.999959,7.896983898133e-08,2.990059806254e-08,3.515237608860e-08
21.0-21.5 MHz,4,,5.260000,6.990000,12.250000,18874999.999959,7.142593868417e-08,3.308253580563e-08,1.793683297568e-08
21.0-21.5 MHz,4,,5.260000,6.990000,12.250000,18899999.999959,3.763178357637e-07,7.217331449034e-08,1.274713855793e-08
21.0-21.5 MHz,4,,5.260000,6.990000,12.250000,18924999.999959,2.690569662918e-07,5.953533822708e-08,3.287724184521e-08
21.0-21.5 MHz,4,,5.260000,6.990000,12.250000,18949999.999958,2.391729392609e-07,4.737435680825e-08,7.664913316066e-08
21.0-21.5 MHz,4,,5.260000,6.990000,12.250000,18974999.999958,4.041119316517e-07,9.102924443789e-08,4.923633706204e-08
21.0-21.5 MHz,4,,5.260000,6.990000,12.250000,18999999.999958,5.017625743835e-07,1.030828612582e-07,7.413778834195e-08
21.0-21.5 MHz,4,,5.260000,6.990000,12.250000,19024999.999958,3.588497191868e-07,6.905525587989e-08,6.567057984099e-08
21.0-21.5 MHz,4,,5.260000,6.990000,12.250000,19049999.999958,1.154784114270e-06,2.395837314424e-07,8.322265439596e-08
21.0-21.5 MHz,4,,5.260000,6.990000,12.250000,19074999.999958,1.366657301611e-06,3.573278577232e-07,2.993531392660e-07
21.0-21.5 MHz,4,,5.260000,6.990000,12.250000,19099999.999958,2.068877819812e-06,3.728920031342e-07,3.672003391867e-07
21.0-21.5 MHz,4,,5.260000,6.990000,12.250000,19124999.999958,3.174737886432e-06,7.164201257134e-07,4.563580970455e-07
21.0-21.5 MHz,4,,5.260000,6.990000,12.250000,19149999.999958,9.996629811441e-06,2.082417827901e-06,1.057438620020e-06
21.0-21.5 MHz,4,,5.260000,6.990000,12.250000,19174999.999958,1.570107553691e-05,3.288149873070e-06,1.618458874013e-06
21.0-21.5 MHz,4,,5.260000,6.990000,12.250000,19199999.999958,1.218960874470e-04,2.538584620991e-05,1.256133451919e-05
21.0-21.5 MHz,4,,5.260000,6.990000,12.250000,19224999.999958,7.812822761761e-04,1.627784575972e-04,8.063817450156e-05
21.0-21.5 MHz,4,,5.260000,6.990000,12.250000,19249999.999958,8.930648787995e-04,1.860743458560e-04,9.219196378146e-05
21.0-21.5 MHz,4,,5.260000,6.990000,12.250000,19274999.999958,2.231861265807e-04,4.649542697046e-05,2.302371815597e-05
21.0-21.5 MHz,4,,5.260000,6.990000,12.250000,19299999.999958,2.687460574172e-05,5.622983852272e-06,2.811103413438e-06
21.0-21.5 MHz,4,,5.260000,6.990000,12.250000,19324999.999958,7.848914764980e-06,1.632085599455e-06,8.051523686850e-07
21.0-21.5 MHz,4,,5.260000,6.990000,12.250000,19349999.999958,3.393081830074e-06,7.185505695524e-07,4.285960988768e-07
21.0-21.5 MHz,4,,5.260000,6.990000,12.250000,19374999.999958,3.109525668236e-06,6.833324183796e-07,6.023118778808e-07
21.0-21.5 MHz,4,,5.260000,6.990000,12.250000,19399999.999957,8.626027685906e-07,3.020827266104e-07,3.656735499162e-07
21.0-21.5 MHz,4,,5.260000,6.990000,12.250000,19424999.999957,9.853705639542e-07,2.129653048116e-07,1.343516169523e-07
21.0-21.5 MHz,4,,5.260000,6.990000,12.250000,19449999.999957,5.201759555516e-07,8.713471240283e-08,4.773970331898e-08
21.0-21.5 MHz,4,,5.260000,6.990000,12.250000,19474999.999957,7.077635627510e-07,1.474362073614e-07,6.853307453015e-08
21.0-21.5 MHz,4,,5.260000,6.990000,12.250000,19499999.999957,4.857955112979e-07,6.320127089567e-08,5.269823782855e-08
21.0-21.5 MHz,4,,5.260000,6.990000,12.250000,19524999.999957,3.375716580883e-07,6.520719554476e-08,7.703722649107e-08
21.0-21.5 MHz,4,,5.260000,6.990000,12.250000,19549999.999957,1.868009575937e-07,3.894982629566e-08,7.153779616822e-09
21.0-21.5 MHz,4,,5.260000,6.990000,12.250000,19574999.999957,1.019283879677e-07,1.822651848981e-08,3.440231429583e-08
21.0-21.5 MHz,4,,5.260000,6.990000,12.250000,19599999.999957,3.647867822837e-07,7.591938865104e-08,3.152837907366e-08
21.0-21.5 MHz,4,,5.260000,6.990000,12.250000,19624999.999957,1.332341663897e-07,2.200509119297e-08,3.315874754046e-08
21.0-21.5 MHz,4,,5.260000,6.990000,12.250000,19649999.999957,2.788798776195e-07,4.326581519356e-08,6.270253389943e-08
21.0-21.5 MHz,4,,5.260000,6.990000,12.250000,19674999.999957,2.076000669603e-07,4.765822771227e-08,1.079226918845e-07
21.0-21.5 MHz,4,,5.260000,6.990000,12.250000,19699999.999957,6.658557135666e-08,2.382263547911e-08,7.195162188466e-08
21.0-21.5 MHz,4,,5.260000,6.990000,12.250000,19724999.999957,2.275273414681e-08,8.542647553467e-09,1.291632187062e-08
21.0-21.5 MHz,4,,5.260000,6.990000,12.250000,19749999.999957,7.219868097103e-08,1.938760801936e-08,5.458700601662e-08
21.0-21.5 MHz,4,,5.260000,6.990000,12.250000,19774999.999957,1.424298525692e-07,2.216205736428e-08,4.459533563331e-08
21.0-21.5 MHz,4,,5.260000,6.990000,12.250000,19799999.999957,1.725500558988e-07,2.527732397060e-08,4.142018213778e-08
21.0-21.5 MHz,4,,5.260000,6.990000,12.250000,19824999.999957,2.550268237206e-07,4.892074068867e-08,6.117739731654e-08
21.0-21.5 MHz,4,,5.260000,6.990000,12.250000,19849999.999956,1.117514329498e-07,4.378458444559e-08,4.881373720724e-08
21.0-21.5 MHz,4,,5.260000,6.990000,12.250000,19874999.999956,8.739303714920e-08,2.589912433464e-08,4.120176349274e-08
21.0-21.5 MHz,4,,5.260000,6.990000,12.250000,19899999.999956,1.335048274108e-07,3.625738271832e-08,4.420366330058e-08
21.0-21.5 MHz,4,,5.260000,6.990000,12.250000,19924999.999956,9.477448838277e-08,4.181539407841e-08,4.555103191539e-08
21.0-21.5 MHz,4,,5.260000,6.990000,12.250000,19949999.999956,7.386688773251e-08,2.895126843090e-08,3.834042914731e-08
21.0-21.5 MHz,4,,5.260000,6.990000,12.250000,19974999.999956,5.277265085346e-08,2.106945130886e-08,2.768621409231e-08
21.0-21.5 MHz,4,,5.260000,6.990000,12.250000,19999999.999956,7.664235826333e-08,1.788326432236e-08,4.231873764530e-08
21.0-21.5 MHz,4,,5.260000,6.990000,12.250000,20024999.999956,9.360937671573e-08,7.887700152198e-09,1.664298765100e-08
21.0-21.5 MHz,4,,5.260000,6.990000,12.250000,20049999.999956,7.463607674921e-08,1.546113361796e-08,2.703595967877e-08
21.0-21.5 MHz,4,,5.260000,6.990000,12.250000,20074999.999956,1.386304195003e-07,1.431726590074e-08,2.512375736941e-08
21.0-21.5 MHz,4,,5.260000,6.990000,12.250000,20099999.999956,2.161089005761e-07,4.035247551625e-08,3.631794316056e-08
21.0-21.5 MHz,4,,5.260000,6.990000,12.250000,20124999.999956,1.562659940551e-07,1.111362280354e-08,3.112371847069e-08
21.0-21.5 MHz,4,,5.260000,6.990000,12.250000,20149999.999956,1.266258176864e-07,3.032604090603e-08,6.720063924415e-08
21.0-21.5 MHz,4,,5.260000,6.990000,12.250000,20174999.999956,2.261980354291e-07,4.103306919349e-08,5.129144503966e-08
21.0-21.5 MHz,4,,5.260000,6.990000,12.250000,20199999.999956,2.149020968808e-07,2.933924504336e-08,3.635613496641e-08
21.0-21.5 MHz,4,,5.260000,6.990000,12.250000,20224999.999956,1.368098275017e-07,2.131681141652e-08,2.967971747247e-08
21.0-21.5 MHz,4,,5.260000,6.990000,12.250000,20249999.999956,7.016549634710e-08,1.230754949116e-08,6.334233748346e-09
21.0-21.5 MHz,4,,5.260000,6.990000,12.250000,20274999.999956,2.310317713076e-07,3.483802704587e-08,5.404247302002e-09
21.0-21.5 MHz,4,,5.260000,6.990000,12.250000,20299999.999955,2.448994316139e-07,3.074489578999e-08,2.888814138196e-08
21.0-21.5 MHz,4,,5.260000,6.990000,12.250000,20324999.999955,9.933109682033e-08,5.921077395191e-09,3.228260737468e-08
21.0-21.5 MHz,4,,5.260000,6.990000,12.250000,20349999.999955,5.589984078066e-08,1.806468802075e-08,1.530736268897e-08
21.0-21.5 MHz,4,,5.260000,6.990000,12.250000,20374999.999955,1.160034066858e-07,2.061927524783e-08,1.854816133901e-08
21.0-21.5 MHz,4,,5.260000,6.990000,12.250000,20399999.999955,1.282720473223e-07,1.499302754191e-08,3.741238330306e-08
21.0-21.5 MHz,4,,5.260000,6.990000,12.250000,20424999.999955,8.017556263199e-08,4.397202485808e-09,3.804139612361e-08
21.0-21.5 MHz,4,,5.260000,6.990000,12.250000,20449999.999955,4.967023760248e-08,2.125520510523e-08,4.615183456102e-08
21.0-21.5 MHz,4,,5.260000,6.990000,12.250000,20474999.999955,7.178955230842e-08,3.072734227705e-08,7.340793710485e-08
21.0-21.5 MHz,4,,5.260000,6.990000,12.250000,20499999.999955,6.743993219992e-08,3.865925799467e-08,9.769880044221e-08
21.0-21.5 MHz,4,,5.260000,6.990000,12.250000,20524999.999955,8.754924849659e-08,4.098074804465e-08,9.226009419744e-08
21.0-21.5 MHz,4,,5.260000,6.990000,12.250000,20549999.999955,7.255259369595e-08,2.229050081544e-08,4.104165382240e-08
21.0-21.5 MHz,4,,5.260000,6.990000,12.250000,20574999.999955,2.711566478274e-08,2.349491134946e-09,3.261471100248e-08
21.0-21.5 MHz,4,,5.260000,6.990000,12.250000,20599999.999955,6.975778771245e-08,1.699430447638e-08,7.072019459423e-08
21.0-21.5 MHz,4,,5.260000,6.990000,12.250000,20624999.999955,1.532516690516e-07,2.823938108127e-08,8.199270015774e-08
21.0-21.5 MHz,4,,5.260000,6.990000,12.250000,20649999.999955,1.125607955094e-07,1.989340726960e-08,4.177252359824e-08
21.0-21.5 MHz,4,,5.260000,6.990000,12.250000,20674999.999955,6.462549655633e-08,2.022986451175e-08,1.848863873440e-08
21.0-21.5 MHz,4,,5.260000,6.990000,12.250000,20699999.999955,1.253298633499e-07,2.787428934920e-08,4.081395943233e-08
21.0-21.5 MHz,4,,5.260000,6.990000,12.250000,20724999.999955,2.512123708833e-07,7.163806530512e-08,1.026996381506e-07
21.0-21.5 MHz,4,,5.260000,6.990000,12.250000,20749999.999955,3.091294198217e-07,6.725429997086e-08,9.246599878951e-08
21.0-21.5 MHz,4,,5.260000,6.990000,12.250000,20774999.999954,2.101104237048e-07,8.096371024724e-09,2.830785903840e-08
21.0-21.5 MHz,4,,5.260000,6.990000,12.250000,20799999.999954,2.501190387779e-07,6.375377012507e-08,8.599347173385e-08
21.0-21.5 MHz,4,,5.260000,6.990000,12.250000,20824999.999954,4.478751549551e-07,8.308276524255e-08,5.552061436729e-08
21.0-21.5 MHz,4,,5.260000,6.990000,12.250000,20849999.999954,1.320941670776e-07,3.010591869149e-08,3.968810910061e-08
21.0-21.5 MHz,4,,5.260000,6.990000,12.250000,20874999.999954,6.633810468648e-07,7.075803027881e-08,2.372224238993e-07
21.0-21.5 MHz,4,,5.260000,6.990000,12.250000,20899999.999954,1.859448526784e-06,2.185420777086e-07,5.895212198277e-07
21.0-21.5 MHz,4,,5.260000,6.990000,12.250000,20924999.999954,1.144312162287e-06,1.593187367443e-07,1.520818208304e-07
21.0-21.5 MHz,4,,5.260000,6.990000,12.250000,20949999.999954,2.681207007384e-05,3.392576998025e-06,2.124987224514e-06
21.0-21.5 MHz,4,,5.260000,6.990000,12.250000,20974999.999954,4.019262384449e-05,5.084490800835e-06,3.131795859784e-06
21.0-21.5 MHz,4,,5.260000,6.990000,12.250000,20999999.999954,1.482266783411e-05,1.880318459445e-06,1.234619364270e-06
21.0-21.5 MHz,4,,5.260000,6.990000,12.250000,21024999.999954,7.200166662519e-07,1.094529801458e-07,6.523380992547e-07
21.0-21.5 MHz,4,,5.260000,6.990000,12.250000,21049999.999954,2.031604464336e-06,2.745283006641e-07,8.237744809952e-07
21.0-21.5 MHz,4,,5.260000,6.990000,12.250000,21074999.999954,1.429643462505e-07,3.359091786376e-08,1.617153596037e-07
21.0-21.5 MHz,4,,5.260000,6.990000,12.250000,21099999.999954,5.031411826351e-07,6.769573480611e-08,7.663106024826e-08
21.0-21.5 MHz,4,,5.260000,6.990000,12.250000,21124999.999954,3.947772481389e-07,3.961382061560e-08,9.323484925538e-08
21.0-21.5 MHz,4,,5.260000,6.990000,12.250000,21149999.999954,2.884618477051e-07,3.566289756938e-08,7.782189772722e-08
21.0-21.5 MHz,4,,5.260000,6.990000,12.250000,21174999.999954,2.599799697531e-07,4.653361931750e-08,1.021706137416e-07
21.0-21.5 MHz,4,,5.260000,6.990000,12.250000,21199999.999954,4.759405453961e-07,8.396254552038e-08,1.333252542643e-07
21.0-21.5 MHz,4,,5.260000,6.990000,12.250000,21224999.999953,5.923233340953e-07,1.103605357996e-07,1.759361365385e-07
21.0-21.5 MHz,4,,5.260000,6.990000,12.250000,21249999.999953,3.467548994684e-07,6.102030474875e-08,6.248624266386e-08
21.0-21.5 MHz,4,,5.260000,6.990000,12.250000,21274999.999953,3.602235453786e-08,6.900830250404e-09,1.266454462421e-08
21.0-21.5 MHz,4,,5.260000,6.990000,12.250000,21299999.999953,1.817887320899e-07,1.583039854241e-08,5.253378405368e-08
21.0-21.5 MHz,4,,5.260000,6.990000,12.250000,21324999.999953,1.214104318142e-07,2.795729012267e-08,1.179379748034e-07
21.0-21.5 MHz,4,,5.260000,6.990000,12.250000,21349999.999953,5.277722004884e-08,2.247486909819e-08,8.744476600639e-08
21.0-21.5 MHz,4,,5.260000,6.990000,12.250000,21374999.999953,8.824050641128e-08,1.525144843632e-08,2.700949311830e-08
21.0-21.5 MHz,4,,5.260000,6.990000,12.250000,21399999.999953,1.540431586638e-07,2.202332395596e-08,4.132694072117e-08
21.0-21.5 MHz,4,,5.260000,6.990000,12.250000,21424999.999953,1.044969873603e-07,2.571884747764e-08,6.560703938023e-08
21.0-21.5 MHz,4,,5.260000,6.990000,12.250000,21449999.999953,1.526611433560e-07,2.640351929174e-08,4.730124613235e-08
21.0-21.5 MHz,4,,5.260000,6.990000,12.250000,21474999.999953,2.122318107051e-07,2.538343817106e-08,5.745927948550e-09
21.0-21.5 MHz,4,,5.260000,6.990000,12.250000,21499999.999953,9.977153940225e-08,1.153458246945e-08,3.029668015660e-09
21.0-21.5 MHz,4,,5.260000,6.990000,12.250000,21524999.999953,6.484063366786e-08,1.942844487309e-08,3.296877179233e-08
21.0-21.5 MHz,4,,5.260000,6.990000,12.250000,21549999.999953,1.434742719519e-07,2.373563839137e-08,5.904178215030e-08
21.0-21.5 MHz,4,,5.260000,6.990000,12.250000,21574999.999953,1.329629001736e-07,1.181392870740e-08,5.126116808689e-08
21.0-21.5 MHz,4,,5.260000,6.990000,12.250000,21599999.999953,2.816780741378e-08,1.038839498540e-09,8.294309680431e-09
21.0-21.5 MHz,4,,5.260000,6.990000,12.250000,21624999.999953,5.848066166122e-08,1.082706454685e-08,3.208765750343e-08
21.0-21.5 MHz,4,,5.260000,6.990000,12.250000,21649999.999953,1.039568824333e-07,1.344851347218e-08,3.042482321287e-08
21.0-21.5 MHz,4,,5.260000,6.990000,12.250000,21674999.999952,1.210669438247e-07,1.406001172427e-08,2.220908200326e-08
21.0-21.5 MHz,4,,5.260000,6.990000,12.250000,21699999.999952,6.152077206650e-08,9.060247352855e-09,2.056546762967e-08
21.0-21.5 MHz,4,,5.260000,6.990000,12.250000,21724999.999952,9.112790546454e-08,1.417990368460e-08,7.154573971429e-09
21.0-21.5 MHz,4,,5.260000,6.990000,12.250000,21749999.999952,1.611532882833e-07,2.599092811590e-08,2.785651778959e-08
21.0-21.5 MHz,4,,5.260000,6.990000,12.250000,21774999.999952,1.830111214498e-07,2.349805168511e-08,5.386456751996e-08
21.0-21.5 MHz,4,,5.260000,6.990000,12.250000,21799999.999952,1.432516622888e-07,1.283518844672e-08,6.603534218867e-08
21.0-21.5 MHz,4,,5.260000,6.990000,12.250000,21824999.999952,6.799795473150e-08,7.631039208803e-09,4.249529314619e-08
21.0-21.5 MHz,4,,5.260000,6.990000,12.250000,21849999.999952,8.804618288496e-08,1.906155343190e-08,3.546221004694e-08
21.0-21.5 MHz,4,,5.260000,6.990000,12.250000,21874999.999952,3.530476276591e-08,1.642669920039e-08,3.992712085502e-08
21.0-21.5 MHz,4,,5.260000,6.990000,12.250000,21899999.999952,6.675257637034e-08,2.405509516786e-08,5.610707795119e-08
21.0-21.5 MHz,4,,5.260000,6.990000,12.250000,21924999.999952,1.249359115211e-07,3.367772090018e-08,6.251075992072e-08
21.0-21.5 MHz,4,,5.260000,6.990000,12.250000,21949999.999952,4.798560076059e-08,2.230264220802e-08,5.161162982257e-08
21.0-21.5 MHz,4,,5.260000,6.990000,12.250000,21974999.999952,4.941390781254e-08,1.906275828450e-09,2.166801922726e-08
21.0-21.5 MHz,4,,5.260000,6.990000,12.250000,21999999.999952,9.723385330983e-08,4.116171874328e-09,7.225418690888e-09
21.0-21.5 MHz,4,,5.260000,6.990000,12.250000,22024999.999952,1.680254044741e-07,1.392113818004e-08,1.684272528919e-08
21.0-21.5 MHz,4,,5.260000,6.990000,12.250000,22049999.999952,1.042387921960e-07,1.624925479464e-08,2.629537371457e-08
21.0-21.5 MHz,4,,5.260000,6.990000,12.250000,22074999.999952,1.785744894478e-07,9.023731664138e-09,7.036577993921e-09
21.0-21.5 MHz,4,,5.260000,6.990000,12.250000,22099999.999952,2.431546141859e-07,2.334925961797e-08,1.568825450935e-08
21.0-21.5 MHz,4,,5.260000,6.990000,12.250000,22124999.999951,1.349000094633e-07,1.791913907115e-08,1.282726274446e-08
21.0-21.5 MHz,4,,5.260000,6.990000,12.250000,22149999.999951,8.850065464193e-08,1.832297189646e-08,2.318060915453e-08
21.0-21.5 MHz,4,,5.260000,6.990000,12.250000,22174999.999951,4.860731832350e-08,1.715211172110e-08,4.144328344716e-08
21.0-21.5 MHz,4,,5.260000,6.990000,12.250000,22199999.999951,2.057933174294e-08,9.614865082995e-09,3.302353970036e-08
21.0-21.5 MHz,4,,5.260000,6.990000,12.250000,22224999.999951,4.727587557301e-08,1.998911629037e-08,5.661093825024e-08
21.0-21.5 MHz,4,,5.260000,6.990000,12.250000,22249999.999951,1.664718634736e-07,3.085666532573e-08,9.441189700034e-08
21.0-21.5 MHz,4,,5.260000,6.990000,12.250000,22274999.999951,1.556258959031e-07,2.422381094330e-08,7.739144878612e-08
21.0-21.5 MHz,4,,5.260000,6.990000,12.250000,22299999.999951,7.632509742404e-08,1.498221934135e-08,5.338122911962e-08
21.0-21.5 MHz,4,,5.260000,6.990000,12.250000,22324999.999951,1.713142459264e-07,2.138069671143e-08,4.556354405227e-08
21.0-21.5 MHz,4,,5.260000,6.990000,12.250000,22349999.999951,1.644548050839e-07,2.138964186600e-08,1.147146012220e-08
21.0-21.5 MHz,4,,5.260000,6.990000,12.250000,22374999.999951,1.056891029632e-07,1.333111640243e-08,2.932459834350e-08
21.0-21.5 MHz,4,,5.260000,6.990000,12.250000,22399999.999951,1.698819220384e-07,1.709879571702e-08,1.709456474051e-08
21.0-21.5 MHz,4,,5.260000,6.990000,12.250000,22424999.999951,2.128506580763e-07,1.420959968221e-08,2.046670847362e-08
21.0-21.5 MHz,4,,5.260000,6.990000,12.250000,22449999.999951,4.395571841991e-07,5.016027691138e-08,3.089915433264e-08
21.0-21.5 MHz,4,,5.260000,6.990000,12.250000,22474999.999951,3.575435312691e-07,4.916097272807e-08,6.577700666878e-08
21.0-21.5 MHz,4,,5.260000,6.990000,12.250000,22499999.999951,1.294202675815e-07,2.512774047115e-08,8.477009363837e-08
21.0-21.5 MHz,4,,5.260000,6.990000,12.250000,22524999.999951,4.098541743797e-07,3.982722516009e-08,4.033837036138e-08
21.0-21.5 MHz,4,,5.260000,6.990000,12.250000,22549999.999951,4.938972727609e-07,6.992794108405e-08,1.893246679563e-07
21.0-21.5 MHz,4,,5.260000,6.990000,12.250000,22574999.999950,2.868502696188e-07,5.117755443303e-08,1.700797249979e-07
21.0-21.5 MHz,4,,5.260000,6.990000,12.250000,22599999.999950,3.460605920994e-07,2.708561494479e-08,2.724010915278e-08
21.0-21.5 MHz,4,,5.260000,6.990000,12.250000,22624999.999950,9.646783643364e-07,9.696423358288e-08,4.671248688802e-08
21.0-21.5 MHz,4,,5.260000,6.990000,12.250000,22649999.999950,3.830150743316e-07,3.524366235626e-08,4.314334006764e-08
21.0-21.5 MHz,4,,5.260000,6.990000,12.250000,22674999.999950,1.741901819049e-06,2.399539804901e-07,1.352422118230e-07
21.0-21.5 MHz,4,,5.260000,6.990000,12.250000,22699999.999950,2.805949295369e-06,4.508199412973e-07,2.670876337092e-07
21.0-21.5 MHz,4,,5.260000,6.990000,12.250000,22724999.999950,4.782574685696e-06,5.219951511440e-07,2.223815068819e-07
21.0-21.5 MHz,4,,5.260000,6.990000,12.250000,22749999.999950,4.979830778068e-05,5.484355097628e-06,2.728644452263e-06
21.0-21.5 MHz,4,,5.260000,6.990000,12.250000,22774999.999950,7.462117817608e-05,8.223074994438e-06,4.101982721802e-06
21.0-21.5 MHz,4,,5.260000,6.990000,12.250000,22799999.999950,2.717795650256e-05,2.995809585910e-06,1.451249373602e-06
21.0-21.5 MHz,4,,5.260000,6.990000,12.250000,22824999.999950,1.483134512908e-06,1.374575173985e-07,3.463741203546e-07
21.0-21.5 MHz,4,,5.260000,6.990000,12.250000,22849999.999950,1.020063563517e-06,1.445227780110e-07,3.035003788063e-07
21.0-21.5 MHz,4,,5.260000,6.990000,12.250000,22874999.999950,4.166270332704e-07,7.316244532067e-08,9.268959648528e-08
21.0-21.5 MHz,4,,5.260000,6.990000,12.250000,22899999.999950,5.687552751131e-07,6.765998940074e-08,5.825094031094e-08
21.0-21.5 MHz,4,,5.260000,6.990000,12.250000,22924999.999950,8.821787048617e-08,1.856005173232e-09,5.399073786170e-08
21.0-21.5 MHz,4,,5.260000,6.990000,12.250000,22949999.999950,3.656446816628e-07,3.637091935488e-08,6.462623314937e-08
21.0-21.5 MHz,4,,5.260000,6.990000,12.250000,22974999.999950,3.733401647309e-07,3.184650386742e-08,1.776480222467e-07
21.0-21.5 MHz,4,,5.260000,6.990000,12.250000,22999999.999950,8.858059894446e-08,7.331033397179e-09,9.886418836942e-08
21.0-21.5 MHz,4,,5.260000,6.990000,12.250000,23024999.999950,1.235169815522e-07,2.980438348681e-08,5.824271568507e-08
21.0-21.5 MHz,4,,5.260000,6.990000,12.250000,23049999.999949,2.239116107773e-07,2.961962174686e-08,4.287991627750e-08
21.0-21.5 MHz,4,,5.260000,6.990000,12.250000,23074999.999949,1.357674684561e-07,1.493221342438e-08,2.149638971972e-08
21.0-21.5 MHz,4,,5.260000,6.990000,12.250000,23099999.999949,8.376588976139e-08,1.626468670538e-08,4.457790346961e-08
21.0-21.5 MHz,4,,5.260000,6.990000,12.250000,23124999.999949,7.780341306779e-08,2.055843294349e-08,8.154264085119e-08
21.0-21.5 MHz,4,,5.260000,6.990000,12.250000,23149999.999949,2.942744473093e-08,1.507755765653e-08,8.170647022452e-08
21.0-21.5 MHz,4,,5.260000,6.990000,12.250000,23174999.999949,9.459689018672e-08,8.586958739301e-09,9.878927284273e-09
21.0-21.5 MHz,4,,5.260000,6.990000,12.250000,23199999.999949,1.841792663167e-07,2.445534273383e-08,4.722950203756e-08
21.0-21.5 MHz,4,,5.260000,6.990000,12.250000,23224999.999949,7.521884436036e-08,2.201036823036e-08,5.669881656267e-08
21.0-21.5 MHz,4,,5.260000,6.990000,12.250000,23249999.999949,2.926227053776e-08,1.391837994968e-08,5.574533448300e-08
21.0-21.5 MHz,4,,5.260000,6.990000,12.250000,23274999.999949,1.339435299150e-07,1.886073971969e-08,7.484935195754e-08
21.0-21.5 MHz,4,,5.260000,6.990000,12.250000,23299999.999949,1.572650347789e-07,2.603624379672e-08,7.049129246339e-08
21.0-21.5 MHz,4,,5.260000,6.990000,12.250000,23324999.999949,1.126248610838e-07,1.957130584720e-08,4.504509453526e-08
21.0-21.5 MHz,4,,5.260000,6.990000,12.250000,23349999.999949,3.184977287541e-08,1.170503758457e-08,4.130727507897e-08
21.0-21.5 MHz,4,,5.260000,6.990000,12.250000,23374999.999949,7.770687835985e-08,6.225400679704e-09,4.192526565103e-09
21.0-21.5 MHz,4,,5.260000,6.990000,12.250000,23399999.999949,3.883110985865e-08,1.491977894264e-08,2.736172139960e-08
21.0-21.5 MHz,4,,5.260000,6.990000,12.250000,23424999.999949,5.027488917764e-08,9.863361111457e-09,2.279840979262e-08
21.0-21.5 MHz,4,,5.260000,6.990000,12.250000,23449999.999949,4.395576764881e-08,7.448295751341e-09,4.669345571511e-08
21.0-21.5 MHz,4,,5.260000,6.990000,12.250000,23474999.999949,7.506247791448e-08,1.151889194827e-08,4.628525345498e-08
21.0-21.5 MHz,4,,5.260000,6.990000,12.250000,23499999.999948,8.068269179929e-08,8.808679650515e-09,2.448979286805e-08
21.0-21.5 MHz,4,,5.260000,6.990000,12.250000,23524999.999948,9.757754770846e-08,3.952491902932e-09,2.033678346163e-08
21.0-21.5 MHz,4,,5.260000,6.990000,12.250000,23549999.999948,9.894896428027e-08,4.481721861793e-09,1.625767597408e-08
21.0-21.5 MHz,4,,5.260000,6.990000,12.250000,23574999.999948,9.126489328731e-08,4.427705354115e-09,9.918179753087e-09
21.0-21.5 MHz,4,,5.260000,6.990000,12.250000,23599999.999948,1.271581077651e-07,9.433365887075e-09,3.380776033752e-08
21.0-21.5 MHz,4,,5.260000,6.990000,12.250000,23624999.999948,1.280871878052e-07,1.417074683924e-08,4.380523900620e-08
21.0-21.5 MHz,4,,5.260000,6.990000,12.250000,23649999.999948,1.246096043148e-07,1.357439555286e-08,4.007856367689e-08
21.0-21.5 MHz,4,,5.260000,6.990000,12.250000,23674999.999948,1.164606042500e-07,8.031459536730e-09,3.308885665219e-08
21.0-21.5 MHz,4,,5.260000,6.990000,12.250000,23699999.999948,9.546004078732e-08,6.822733933501e-09,5.440789018001e-09
21.0-21.5 MHz,4,,5.260000,6.990000,12.250000,23724999.999948,1.662196886471e-07,1.522405320434e-08,2.653570382560e-08
21.0-21.5 MHz,4,,5.260000,6.990000,12.250000,23749999.999948,1.663442254260e-07,2.133863237309e-08,5.973049766605e-08
21.0-21.5 MHz,4,,5.260000,6.990000,12.250000,23774999.999948,1.480079107260e-07,2.189476573256e-08,4.727727941584e-08
21.0-21.5 MHz,4,,5.260000,6.990000,12.250000,23799999.999948,1.534847743872e-07,2.226612638213e-08,3.253769290769e-08
21.0-21.5 MHz,4,,5.260000,6.990000,12.250000,23824999.999948,8.713281375738e-08,2.018166472845e-08,2.192545071073e-08
21.0-21.5 MHz,4,,5.260000,6.990000,12.250000,23849999.999948,1.530017862772e-07,2.132568661973e-08,2.719633606620e-08
21.0-21.5 MHz,4,,5.260000,6.990000,12.250000,23874999.999948,1.311323917818e-07,1.990028218243e-08,5.208803857539e-08
21.0-21.5 MHz,4,,5.260000,6.990000,12.250000,23899999.999948,1.210712045311e-07,1.343205600459e-08,4.457107424937e-08
21.0-21.5 MHz,4,,5.260000,6.990000,12.250000,23924999.999948,1.223820446731e-07,1.563388377873e-08,3.243891970961e-08
21.0-21.5 MHz,4,,5.260000,6.990000,12.250000,23949999.999947,1.100323130688e-07,1.917126120852e-08,5.783897774608e-08
21.0-21.5 MHz,4,,5.260000,6.990000,12.250000,23974999.999947,1.459377980064e-07,2.244918323120e-08,1.028331105031e-07
21.0-21.5 MHz,4,,5.260000,6.990000,12.250000,23999999.999947,2.115198155707e-07,2.398716425289e-08,1.038070426197e-07
21.0-21.5 MHz,4,,5.260000,6.990000,12.250000,24024999.999947,1.667998377624e-07,1.108279956819e-08,5.261257148723e-08
21.0-21.5 MHz,4,,5.260000,6.990000,12.250000,24049999.999947,1.264404433580e-07,9.801023231347e-09,5.925245364942e-08
21.0-21.5 MHz,4,,5.260000,6.990000,12.250000,24074999.999947,1.289159797102e-07,2.173519071442e-08,8.434499288249e-08
21.0-21.5 MHz,4,,5.260000,6.990000,12.250000,24099999.999947,5.175650705042e-08,1.886266941681e-08,6.599226850648e-08
21.0-21.5 MHz,4,,5.260000,6.990000,12.250000,24124999.999947,5.408911867931e-08,1.369071973573e-08,3.011104464373e-08
21.0-21.5 MHz,4,,5.260000,6.990000,12.250000,24149999.999947,2.598102174375e-08,9.786002465751e-09,2.214059371210e-08
21.0-21.5 MHz,4,,5.260000,6.990000,12.250000,24174999.999947,5.438824958926e-08,4.253181293232e-09,1.998273044121e-08
21.0-21.5 MHz,4,,5.260000,6.990000,12.250000,24199999.999947,2.421955946926e-07,1.724646890907e-08,3.352951276101e-08
21.0-21.5 MHz,4,,5.260000,6.990000,12.250000,24224999.999947,1.905883025804e-07,3.917914290459e-08,5.689859863709e-08
21.0-21.5 MHz,4,,5.260000,6.990000,12.250000,24249999.999947,3.463854990971e-07,5.385561510691e-08,1.226019985303e-07
21.0-21.5 MHz,4,,5.260000,6.990000,12.250000,24274999.999947,6.477066563668e-07,5.721229143912e-08,4.302028905131e-08
21.0-21.5 MHz,4,,5.260000,6.990000,12.250000,24299999.999947,5.088026881382e-07,4.505473707428e-08,1.352684615148e-08
21.0-21.5 MHz,4,,5.260000,6.990000,12.250000,24324999.999947,4.481253054993e-08,2.672721855466e-08,2.570220921793e-08
21.0-21.5 MHz,4,,5.260000,6.990000,12.250000,24349999.999947,3.152246742592e-07,5.470530633131e-08,1.514696372248e-07
21.0-21.5 MHz,4,,5.260000,6.990000,12.250000,24374999.999947,3.224008394843e-07,3.217654032353e-08,1.081201289779e-07
21.0-21.5 MHz,4,,5.260000,6.990000,12.250000,24399999.999946,2.159843037682e-07,5.448411383120e-08,1.004096330479e-07
21.0-21.5 MHz,4,,5.260000,6.990000,12.250000,24424999.999946,8.136690542720e-07,1.569212590510e-07,2.870524935800e-07
21.0-21.5 MHz,4,,5.260000,6.990000,12.250000,24449999.999946,5.419448688909e-07,1.107615247382e-07,2.032691878910e-07
21.0-21.5 MHz,4,,5.260000,6.990000,12.250000,24474999.999946,1.964609711415e-05,7.769569448809e-06,3.207878049916e-05
21.0-21.5 MHz,4,,5.260000,6.990000,12.250000,24499999.999946,3.924462842240e-05,1.553970168916e-05,6.414801590658e-05
21.0-21.5 MHz,4,,5.260000,6.990000,12.250000,24524999.999946,1.951727118993e-05,7.761439738510e-06,3.209607078168e-05
21.0-21.5 MHz,4,,5.260000,6.990000,12.250000,24549999.999946,9.243850123145e-07,5.497243861401e-08,2.437331965510e-08
21.0-21.5 MHz,4,,5.260000,6.990000,12.250000,24574999.999946,1.331321513458e-06,7.884270858986e-08,1.797309308824e-08
21.0-21.5 MHz,4,,5.260000,6.990000,12.250000,24599999.999946,4.962322540114e-07,3.136168775077e-08,6.153658448951e-08
21.0-21.5 MHz,4,,5.260000,6.990000,12.250000,24624999.999946,2.037694835694e-07,2.915926261222e-08,1.338846945222e-07
21.0-21.5 MHz,4,,5.260000,6.990000,12.250000,24649999.999946,3.304565371846e-07,1.912855085029e-08,1.241401895236e-07
21.0-21.5 MHz,4,,5.260000,6.990000,12.250000,24674999.999946,4.202349558600e-07,4.332604795227e-08,9.474267120766e-08
21.0-21.5 MHz,4,,5.260000,6.990000,12.250000,24699999.999946,6.389077517033e-07,6.516536977396e-08,8.303296540225e-08
21.0-21.5 MHz,4,,5.260000,6.990000,12.250000,24724999.999946,4.368023520079e-07,3.329096918499e-08,2.428291082121e-08
21.0-21.5 MHz,4,,5.260000,6.990000,12.250000,24749999.999946,7.650466091974e-08,5.248951288901e-09,3.896276043793e-08
21.0-21.5 MHz,4,,5.260000,6.990000,12.250000,24774999.999946,2.454651231152e-07,9.149927794584e-09,7.351794165945e-08
21.0-21.5 MHz,4,,5.260000,6.990000,12.250000,24799999.999946,1.461999847331e-07,1.723374734226e-08,9.502232127873e-08
21.0-21.5 MHz,4,,5.260000,6.990000,12.250000,24824999.999946,4.974429130050e-08,8.010833679462e-09,3.809207043735e-08
21.0-21.5 MHz,4,,5.260000,6.990000,12.250000,24849999.999946,2.772945771435e-08,1.042485284763e-08,3.770531305743e-08
21.0-21.5 MHz,4,,5.260000,6.990000,12.250000,24874999.999945,5.145917759847e-08,3.696700195280e-09,2.687911269442e-08
21.0-21.5 MHz,4,,5.260000,6.990000,12.250000,24899999.999945,1.037325897193e-07,3.430046504756e-09,2.884120130795e-08
21.0-21.5 MHz,4,,5.260000,6.990000,12.250000,24924999.999945,2.074102433584e-07,2.058792861092e-08,3.076460349264e-08
21.0-21.5 MHz,4,,5.260000,6.990000,12.250000,24949999.999945,1.423953829797e-07,1.311041616713e-08,3.071397810392e-08
21.0-21.5 MHz,4,,5.260000,6.990000,12.250000,24974999.999945,7.893478105444e-08,9.090608491670e-09,1.667616445965e-08
21.0-21.5 MHz,4,,5.260000,6.990000,12.250000,24999999.999945,1.732605807824e-07,2.100479810197e-08,5.161438949853e-08
28.0-28.5 MHz,5,1,5.260000,13.990000,19.250000,524999.999999,2.312039683270e-08,2.716914488065e-09,3.689619222136e-08
28.0-28.5 MHz,5,1,5.260000,13.990000,19.250000,549999.999999,1.320415737180e-07,4.375878364958e-09,2.617095878545e-08
28.0-28.5 MHz,5,1,5.260000,13.990000,19.250000,574999.999999,1.139430354415e-07,4.265428602970e-09,1.424949939996e-08
28.0-28.5 MHz,5,1,5.260000,13.990000,19.250000,599999.999999,1.870325388759e-07,3.595450065788e-09,2.192319328375e-08
28.0-28.5 MHz,5,1,5.260000,13.990000,19.250000,624999.999999,2.040471234702e-07,4.436496614795e-09,3.003992873876e-08
28.0-28.5 MHz,5,1,5.260000,13.990000,19.250000,649999.999999,4.544555851285e-08,2.276248797253e-09,7.737482015909e-09
28.0-28.5 MHz,5,1,5.260000,13.990000,19.250000,674999.999999,1.083833536817e-07,1.893050250905e-09,1.914275263131e-08
28.0-28.5 MHz,5,1,5.260000,13.990000,19.250000,699999.999998,1.321831753864e-07,5.248664255077e-09,2.568954883851e-08
28.0-28.5 MHz,5,1,5.260000,13.990000,19.250000,724999.999998,1.842672223339e-07,6.175230441628e-09,3.763520010998e-08
28.0-28.5 MHz,5,1,5.260000,13.990000,19.250000,749999.999998,1.381573211179e-07,4.978040504702e-09,4.121683866777e-08
28.0-28.5 MHz,5,1,5.260000,13.990000,19.250000,774999.999998,2.234314103500e-07,8.511689945928e-09,5.755097060626e-08
28.0-28.5 MHz,5,1,5.260000,13.990000,19.250000,799999.999998,1.912051357461e-07,9.469603428479e-09,3.913957873522e-08
28.0-28.5 MHz,5,1,5.260000,13.990000,19.250000,824999.999998,1.622174908099e-07,7.742595856004e-09,4.480710601834e-09
28.0-28.5 MHz,5,1,5.260000,13.990000,19.250000,849999.999998,1.764694932639e-07,9.943375500504e-09,8.002558056914e-09
28.0-28.5 MHz,5,1,5.260000,13.990000,19.250000,874999.999998,1.774277583635e-07,8.422380784176e-09,2.461817675377e-08
28.0-28.5 MHz,5,1,5.260000,13.990000,19.250000,899999.999998,1.362102665038e-07,4.234025187199e-09,2.620952901055e-08
28.0-28.5 MHz,5,1,5.260000,13.990000,19.250000,924999.999998,2.859715052861e-08,3.388788637798e-09,1.059413912218e-08
28.0-28.5 MHz,5,1,5.260000,13.990000,19.250000,949999.999998,9.055422082762e-08,3.218131977267e-09,6.758134887619e-09
28.0-28.5 MHz,5,1,5.260000,13.990000,19.250000,974999.999998,7.790781641518e-08,3.656628462493e-09,2.526328135541e-08
28.0-28.5 MHz,5,1,5.260000,13.990000,19.250000,999999.999998,1.952471732658e-07,9.587154969261e-09,3.802960378042e-08
28.0-28.5 MHz,5,1,5.260000,13.990000,19.250000,1024999.999998,1.295306892702e-07,7.205856895770e-09,1.115312440238e-08
28.0-28.5 MHz,5,1,5.260000,13.990000,19.250000,1049999.999998,1.545457649852e-07,7.788415313917e-09,1.673503470501e-08
28.0-28.5 MHz,5,1,5.260000,13.990000,19.250000,1074999.999998,1.644310963415e-07,9.177904380646e-09,1.142838248878e-08
28.0-28.5 MHz,5,1,5.260000,13.990000,19.250000,1099999.999998,3.352342885311e-08,2.834273258032e-09,1.946992669445e-08
28.0-28.5 MHz,5,1,5.260000,13.990000,19.250000,1124999.999998,2.905799908805e-08,6.700728576915e-09,2.093515899063e-08
28.0-28.5 MHz,5,1,5.260000,13.990000,19.250000,1149999.999997,3.934190524044e-08,6.798509457058e-09,3.646994635397e-09
28.0-28.5 MHz,5,1,5.260000,13.990000,19.250000,1174999.999997,1.590925063666e-07,1.166693139394e-08,2.857863432084e-08
28.0-28.5 MHz,5,1,5.260000,13.990000,19.250000,1199999.999997,9.893025929605e-08,4.852104601874e-09,2.979421245437e-08
28.0-28.5 MHz,5,1,5.260000,13.990000,19.250000,1224999.999997,9.984599031491e-08,1.134836182103e-08,7.500653997768e-09
28.0-28.5 MHz,5,1,5.260000,13.990000,19.250000,1249999.999997,1.174364363757e-07,1.385813228149e-08,1.531519964050e-08
28.0-28.5 MHz,5,1,5.260000,13.990000,19.250000,1274999.999997,1.488561800992e-07,1.128774810117e-08,3.924676315800e-08
28.0-28.5 MHz,5,1,5.260000,13.990000,19.250000,1299999.999997,1.879093106496e-07,1.923671215801e-08,3.857417630055e-08
28.0-28.5 MHz,5,1,5.260000,13.990000,19.250000,1324999.999997,5.350012302561e-08,3.560266693701e-09,1.789460783753e-08
28.0-28.5 MHz,5,1,5.260000,13.990000,19.250000,1349999.999997,1.163698980330e-07,4.001036836785e-09,9.383587043618e-09
28.0-28.5 MHz,5,1,5.260000,13.990000,19.250000,1374999.999997,5.117474217884e-08,8.911949073094e-09,8.483705990737e-09
28.0-28.5 MHz,5,1,5.260000,13.990000,19.250000,1399999.999997,1.254542998440e-07,2.165609613900e-08,7.478991873954e-09
28.0-28.5 MHz,5,1,5.260000,13.990000,19.250000,1424999.999997,2.811443740858e-07,2.319461825972e-08,2.335281315134e-08
28.0-28.5 MHz,5,1,5.260000,13.990000,19.250000,1449999.999997,3.830537871559e-07,3.993587450420e-08,2.880764610250e-08
28.0-28.5 MHz,5,1,5.260000,13.990000,19.250000,1474999.999997,2.267157259992e-07,2.790865166603e-08,2.495671206320e-08
28.0-28.5 MHz,5,1,5.260000,13.990000,19.250000,1499999.999997,2.450754700740e-07,2.873007217037e-08,2.347834629588e-08
28.0-28.5 MHz,5,1,5.260000,13.990000,19.250000,1524999.999997,1.538063411789e-07,1.763999803213e-08,6.366582963641e-09
28.0-28.5 MHz,5,1,5.260000,13.990000,19.250000,1549999.999997,2.302345520982e-07,1.873738737302e-08,1.595922381344e-08
28.0-28.5 MHz,5,1,5.260000,13.990000,19.250000,1574999.999997,3.279883820400e-07,2.957586790047e-08,3.908984280865e-08
28.0-28.5 MHz,5,1,5.260000,13.990000,19.250000,1599999.999996,1.857372465875e-07,1.534743034877e-08,2.704551871558e-08
28.0-28.5 MHz,5,1,5.260000,13.990000,19.250000,1624999.999996,2.473962496136e-07,2.421687751291e-08,1.010760559499e-08
28.0-28.5 MHz,5,1,5.260000,13.990000,19.250000,1649999.999996,2.885077950786e-07,1.337981296141e-08,2.556854111410e-08
28.0-28.5 MHz,5,1,5.260000,13.990000,19.250000,1674999.999996,8.212078384441e-07,1.315534811612e-08,4.504424064384e-08
28.0-28.5 MHz,5,1,5.260000,13.990000,19.250000,1699999.999996,6.361178109200e-07,1.409946612585e-08,2.732201488319e-08
28.0-28.5 MHz,5,1,5.260000,13.990000,19.250000,1724999.999996,4.260425615118e-07,3.966105601410e-08,2.383129245046e-08
28.0-28.5 MHz,5,1,5.260000,13.990000,19.250000,1749999.999996,1.431174847466e-06,1.465370052410e-07,5.931123667369e-08
28.0-28.5 MHz,5,1,5.260000,13.990000,19.250000,1774999.999996,1.040483449331e-05,1.027175023135e-06,4.907241522241e-07
28.0-28.5 MHz,5,1,5.260000,13.990000,19.250000,1799999.999996,1.198279181307e-05,1.180591868339e-06,5.690832779013e-07
28.0-28.5 MHz,5,1,5.260000,13.990000,19.250000,1824999.999996,2.957319161250e-06,2.958556280779e-07,1.287995412831e-07
28.0-28.5 MHz,5,1,5.260000,13.990000,19.250000,1849999.999996,6.353913935165e-07,6.181876274714e-08,3.658571144403e-08
28.0-28.5 MHz,5,1,5.260000,13.990000,19.250000,1874999.999996,3.655709600560e-07,1.510261712665e-08,2.508734112729e-08
28.0-28.5 MHz,5,1,5.260000,13.990000,19.250000,1899999.999996,3.226487479559e-07,4.435788144904e-08,4.716697924594e-08
28.0-28.5 MHz,5,1,5.260000,13.990000,19.250000,1924999.999996,1.978395008608e-07,2.293536902009e-08,1.770133751716e-08
28.0-28.5 MHz,5,1,5.260000,13.990000,19.250000,1949999.999996,1.322547395051e-07,1.485731959508e-08,2.012717625342e-08
28.0-28.5 MHz,5,1,5.260000,13.990000,19.250000,1974999.999996,1.341680645299e-07,3.800549224490e-09,3.616577370340e-08
28.0-28.5 MHz,5,1,5.260000,13.990000,19.250000,1999999.999996,3.366843771837e-07,3.458256685363e-08,3.994304030667e-08
28.0-28.5 MHz,5,1,5.260000,13.990000,19.250000,2024999.999996,3.983804051824e-07,3.967419229751e-08,2.215393833613e-08
28.0-28.5 MHz,5,1,5.260000,13.990000,19.250000,2049999.999996,1.472136155215e-07,1.536229918952e-08,2.987366915105e-09
28.0-28.5 MHz,5,1,5.260000,13.990000,19.250000,2074999.999995,4.402405789307e-08,1.708828647452e-08,2.845328538970e-08
28.0-28.5 MHz,5,1,5.260000,13.990000,19.250000,2099999.999995,1.162834446283e-07,1.993426107610e-08,2.791615990719e-08
28.0-28.5 MHz,5,1,5.260000,13.990000,19.250000,2124999.999995,1.570664572157e-07,2.614162579002e-08,2.750473255976e-08
28.0-28.5 MHz,5,1,5.260000,13.990000,19.250000,2149999.999995,1.130570246498e-07,1.396776750409e-08,1.339142845210e-08
28.0-28.5 MHz,5,1,5.260000,13.990000,19.250000,2174999.999995,3.967314189993e-07,3.191848922667e-08,2.669437776555e-08
28.0-28.5 MHz,5,1,5.260000,13.990000,19.250000,2199999.999995,3.824843422062e-07,2.877573689019e-08,4.142129983578e-08
28.0-28.5 MHz,5,1,5.260000,13.990000,19.250000,2224999.999995,6.191989411147e-08,1.189597079003e-08,2.263451647625e-08
28.0-28.5 MHz,5,1,5.260000,13.990000,19.250000,2249999.999995,5.798933208629e-08,1.564459873116e-08,1.288394374449e-08
28.0-28.5 MHz,5,1,5.260000,13.990000,19.250000,2274999.999995,1.566801326242e-07,3.595707375498e-08,1.170121633315e-08
28.0-28.5 MHz,5,1,5.260000,13.990000,19.250000,2299999.999995,2.259754869060e-07,4.426885784010e-08,4.707767289825e-09
28.0-28.5 MHz,5,1,5.260000,13.990000,19.250000,2324999.999995,4.405515725269e-08,1.014611947828e-08,4.813940719489e-09
28.0-28.5 MHz,5,1,5.260000,13.990000,19.250000,2349999.999995,6.587064099855e-08,9.383360875392e-09,1.861354219090e-08
28.0-28.5 MHz,5,1,5.260000,13.990000,19.250000,2374999.999995,7.809136073294e-08,1.980819643164e-08,4.547712783393e-08
28.0-28.5 MHz,5,1,5.260000,13.990000,19.250000,2399999.999995,2.155816316566e-07,3.623540358341e-08,5.166734107943e-08
28.0-28.5 MHz,5,1,5.260000,13.990000,19.250000,2424999.999995,1.448144310933e-07,1.969656202933e-08,1.125159354599e-08
28.0-28.5 MHz,5,1,5.260000,13.990000,19.250000,2449999.999995,1.656927112944e-07,1.062032119395e-08,3.380100384180e-08
28.0-28.5 MHz,5,1,5.260000,13.990000,19.250000,2474999.999995,1.661434852926e-07,1.798850626077e-08,3.355050190814e-08
28.0-28.5 MHz,5,1,5.260000,13.990000,19.250000,2499999.999995,2.464010409774e-08,2.272079922224e-09,2.379756916652e-09
28.0-28.5 MHz,5,1,5.260000,13.990000,19.250000,2524999.999994,9.162059942047e-08,1.553117100422e-08,3.390749513164e-08
28.0-28.5 MHz,5,1,5.260000,13.990000,19.250000,2549999.999994,6.249835054450e-08,8.708660044301e-09,1.479711356895e-08
28.0-28.5 MHz,5,1,5.260000,13.990000,19.250000,2574999.999994,8.435826792160e-08,6.249370891650e-09,3.355309477115e-08
28.0-28.5 MHz,5,1,5.260000,13.990000,19.250000,2599999.999994,4.664230408560e-08,7.455864897674e-09,3.409237884860e-08
28.0-28.5 MHz,5,1,5.260000,13.990000,19.250000,2624999.999994,2.755491286042e-08,6.339505015296e-09,1.834632536202e-08
28.0-28.5 MHz,5,1,5.260000,13.990000,19.250000,2649999.999994,1.342337850580e-07,2.119411870734e-08,9.112710578227e-09
28.0-28.5 MHz,5,1,5.260000,13.990000,19.250000,2674999.999994,2.102439173590e-07,2.357225389167e-08,2.554345119442e-08
28.0-28.5 MHz,5,1,5.260000,13.990000,19.250000,2699999.999994,1.657810316372e-07,1.594704749932e-08,2.886319114555e-08
28.0-28.5 MHz,5,1,5.260000,13.990000,19.250000,2724999.999994,9.809115099317e-08,8.422297925697e-09,2.179553218428e-08
28.0-28.5 MHz,5,1,5.260000,13.990000,19.250000,2749999.999994,1.672064140634e-07,1.924293521482e-08,1.720115677761e-08
28.0-28.5 MHz,5,1,5.260000,13.990000,19.250000,2774999.999994,1.008752789010e-07,1.486069462373e-08,1.594375534215e-08
28.0-28.5 MHz,5,1,5.260000,13.990000,19.250000,2799999.999994,8.922142730733e-08,1.049517352005e-08,2.568405996641e-08
28.0-28.5 MHz,5,1,5.260000,13.990000,19.250000,2824999.999994,1.391109532089e-07,2.594088725185e-08,3.008954875608e-08
28.0-28.5 MHz,5,1,5.260000,13.990000,19.250000,2849999.999994,1.068978828662e-07,4.015706265111e-08,5.267221702665e-08
28.0-28.5 MHz,5,1,5.260000,13.990000,19.250000,2874999.999994,6.293274975238e-08,2.800367275084e-08,4.149420158998e-08
28.0-28.5 MHz,5,1,5.260000,13.990000,19.250000,2899999.999994,1.684849656757e-07,1.619132772678e-08,5.339103520199e-09
28.0-28.5 MHz,5,1,5.260000,13.990000,19.250000,2924999.999994,1.954787895142e-07,2.916806412232e-08,1.996140383241e-08
28.0-28.5 MHz,5,1,5.260000,13.990000,19.250000,2949999.999994,3.171741430706e-07,3.765268095620e-08,6.173183469914e-08
28.0-28.5 MHz,5,1,5.260000,13.990000,19.250000,2974999.999993,3.452766756159e-07,4.486614962492e-08,5.895487213334e-08
28.0-28.5 MHz,5,1,5.260000,13.990000,19.250000,2999999.999993,9.543444464523e-08,1.837792234822e-08,1.106118926592e-08
28.0-28.5 MHz,5,1,5.260000,13.990000,19.250000,3024999.999993,2.864559594530e-07,2.885158875924e-08,4.285340553546e-08
28.0-28.5 MHz,5,1,5.260000,13.990000,19.250000,3049999.999993,2.123789135371e-07,3.539648154489e-08,2.360177465304e-08
28.0-28.5 MHz,5,1,5.260000,13.990000,19.250000,3074999.999993,1.834373204937e-07,1.617528862216e-08,1.068438821544e-07
28.0-28.5 MHz,5,1,5.260000,13.990000,19.250000,3099999.999993,3.238257081655e-08,4.692864162268e-09,6.944105443782e-08
28.0-28.5 MHz,5,1,5.260000,13.990000,19.250000,3124999.999993,2.227518628775e-07,2.503179810199e-08,5.948266121543e-09
28.0-28.5 MHz,5,1,5.260000,13.990000,19.250000,3149999.999993,2.039361471306e-07,2.769219228774e-08,1.191153656271e-08
28.0-28.5 MHz,5,1,5.260000,13.990000,19.250000,3174999.999993,3.479750778308e-07,5.055941887096e-08,2.841335986213e-08
28.0-28.5 MHz,5,1,5.260000,13.990000,19.250000,3199999.999993,2.119889602500e-07,4.329300916614e-08,8.914486950253e-09
28.0-28.5 MHz,5,1,5.260000,13.990000,19.250000,3224999.999993,2.950923606332e-07,5.865739628440e-08,3.205743321828e-08
28.0-28.5 MHz,5,1,5.260000,13.990000,19.250000,3249999.999993,7.207153618160e-07,1.011566516948e-07,6.649972854196e-08
28.0-28.5 MHz,5,1,5.260000,13.990000,19.250000,3274999.999993,2.630785646241e-07,7.515772188750e-08,2.366624947806e-08
28.0-28.5 MHz,5,1,5.260000,13.990000,19.250000,3299999.999993,5.405058128101e-07,1.240685685123e-07,2.423090298484e-08
28.0-28.5 MHz,5,1,5.260000,13.990000,19.250000,3324999.999993,3.862365349982e-07,3.522795720132e-08,8.155703979273e-08
28.0-28.5 MHz,5,1,5.260000,13.990000,19.250000,3349999.999993,2.460365834042e-07,1.183224498681e-07,1.457228135691e-07
28.0-28.5 MHz,5,1,5.260000,13.990000,19.250000,3374999.999993,1.786432368660e-06,2.454422851734e-07,2.626898179219e-07
28.0-28.5 MHz,5,1,5.260000,13.990000,19.250000,3399999.999993,3.617076244848e-06,6.355327064688e-07,3.849827623925e-07
28.0-28.5 MHz,5,1,5.260000,13.990000,19.250000,3424999.999992,1.734653092543e-05,2.750369981226e-06,1.452514247399e-06
28.0-28.5 MHz,5,1,5.260000,13.990000,19.250000,3449999.999992,2.436205049949e-04,3.910809005391e-05,2.141100366612e-05
28.0-28.5 MHz,5,1,5.260000,13.990000,19.250000,3474999.999992,3.653680375045e-04,5.866382007795e-05,3.214457565955e-05
28.0-28.5 MHz,5,1,5.260000,13.990000,19.250000,3499999.999992,1.328206126909e-04,2.132907749198e-05,1.169499135125e-05
28.0-28.5 MHz,5,1,5.260000,13.990000,19.250000,3524999.999992,8.353742592893e-06,1.328831622483e-06,7.027905246261e-07
28.0-28.5 MHz,5,1,5.260000,13.990000,19.250000,3549999.999992,2.283901375387e-06,3.104093266747e-07,7.619786245135e-08
28.0-28.5 MHz,5,1,5.260000,13.990000,19.250000,3574999.999992,1.285157650007e-06,3.528969216114e-07,5.733870113024e-07
28.0-28.5 MHz,5,1,5.260000,13.990000,19.250000,3599999.999992,8.102257746911e-07,9.629736935340e-08,2.900331194697e-07
28.0-28.5 MHz,5,1,5.260000,13.990000,19.250000,3624999.999992,6.956026794506e-07,1.625079582777e-07,1.154372539652e-07
28.0-28.5 MHz,5,1,5.260000,13.990000,19.250000,3649999.999992,4.774278119902e-07,8.438220436371e-08,5.370958908475e-08
28.0-28.5 MHz,5,1,5.260000,13.990000,19.250000,3674999.999992,2.550106412925e-07,6.971101688316e-08,3.599052530941e-08
28.0-28.5 MHz,5,1,5.260000,13.990000,19.250000,3699999.999992,5.607619643618e-07,9.132646303514e-08,4.199907565109e-08
28.0-28.5 MHz,5,1,5.260000,13.990000,19.250000,3724999.999992,1.333211368407e-07,2.959089906975e-08,2.892521942305e-08
28.0-28.5 MHz,5,1,5.260000,13.990000,19.250000,3749999.999992,1.250817726759e-07,3.210992642278e-08,6.009154728910e-08
28.0-28.5 MHz,5,1,5.260000,13.990000,19.250000,3774999.999992,1.744577061550e-07,4.452540486269e-08,6.413902603179e-08
28.0-28.5 MHz,5,1,5.260000,13.990000,19.250000,3799999.999992,3.279642776096e-07,5.912269475336e-08,6.015038283622e-08
28.0-28.5 MHz,5,1,5.260000,13.990000,19.250000,3824999.999992,1.827054047428e-07,5.653899925339e-08,6.701417149534e-08
28.0-28.5 MHz,5,1,5.260000,13.990000,19.250000,3849999.999992,5.063480127902e-07,1.107496918210e-07,1.544905542677e-07
28.0-28.5 MHz,5,1,5.260000,13.990000,19.250000,3874999.999992,3.451920548822e-07,7.447102561189e-08,1.172943228090e-07
28.0-28.5 MHz,5,1,5.260000,13.990000,19.250000,3899999.999991,2.759347267486e-07,5.304527294351e-08,3.387230364428e-08
28.0-28.5 MHz,5,1,5.260000,13.990000,19.250000,3924999.999991,3.471397250732e-07,7.321079152850e-08,5.507436609515e-08
28.0-28.5 MHz,5,1,5.260000,13.990000,19.250000,3949999.999991,1.979279887994e-07,4.376550395383e-08,4.499389815531e-08
28.0-28.5 MHz,5,1,5.260000,13.990000,19.250000,3974999.999991,3.087143929061e-07,8.359548753511e-08,8.366813576042e-08
28.0-28.5 MHz,5,1,5.260000,13.990000,19.250000,3999999.999991,1.538092107278e-07,4.613637551381e-08,5.435694085966e-08
28.0-28.5 MHz,5,1,5.260000,13.990000,19.250000,4024999.999991,1.875976025728e-07,3.131115102376e-08,2.001439129870e-08
28.0-28.5 MHz,5,1,5.260000,13.990000,19.250000,4049999.999991,1.912402613590e-07,2.973910590184e-08,2.126762637202e-08
28.0-28.5 MHz,5,1,5.260000,13.990000,19.250000,4074999.999991,4.019502258523e-07,6.847542212343e-08,8.265251758651e-08
28.0-28.5 MHz,5,1,5.260000,13.990000,19.250000,4099999.999991,2.728396635959e-07,3.851294047106e-08,5.242627804357e-08
28.0-28.5 MHz,5,1,5.260000,13.990000,19.250000,4124999.999991,2.174762241321e-07,3.486807022888e-08,1.698491580069e-08
28.0-28.5 MHz,5,1,5.260000,13.990000,19.250000,4149999.999991,7.798465842326e-08,1.745832928840e-08,2.887765032286e-08
28.0-28.5 MHz,5,1,5.260000,13.990000,19.250000,4174999.999991,1.638442290537e-07,2.674963040941e-08,2.107528805188e-08
28.0-28.5 MHz,5,1,5.260000,13.990000,19.250000,4199999.999991,2.373727365727e-07,2.993064628631e-08,1.616623041067e-08
28.0-28.5 MHz,5,1,5.260000,13.990000,19.250000,4224999.999991,1.870967129668e-07,2.732122892613e-08,7.638554123691e-09
28.0-28.5 MHz,5,1,5.260000,13.990000,19.250000,4249999.999991,1.324865084019e-07,1.208265186808e-08,1.141975686907e-08
28.0-28.5 MHz,5,1,5.260000,13.990000,19.250000,4274999.999991,1.586851322220e-07,3.561252695466e-08,2.307880614839e-08
28.0-28.5 MHz,5,1,5.260000,13.990000,19.250000,4299999.999991,2.495185149409e-08,1.450202662293e-08,1.299538001100e-08
28.0-28.5 MHz,5,1,5.260000,13.990000,19.250000,4324999.999991,5.399566139819e-08,5.181765431789e-09,2.910651056666e-08
28.0-28.5 MHz,5,1,5.260000,13.990000,19.250000,4349999.999990,5.267324159597e-08,1.344892465982e-08,4.411654263761e-08
28.0-28.5 MHz,5,1,5.260000,13.990000,19.250000,4374999.999990,3.287682120363e-07,5.263051600381e-08,5.929492186621e-08
28.0-28.5 MHz,5,1,5.260000,13.990000,19.250000,4399999.999990,1.309111546990e-07,3.001299467541e-08,3.262726930863e-08
28.0-28.5 MHz,5,1,5.260000,13.990000,19.250000,4424999.999990,1.889250632901e-07,4.025209352340e-08,6.127891962913e-09
28.0-28.5 MHz,5,1,5.260000,13.990000,19.250000,4449999.999990,2.109399754018e-07,4.215060806467e-08,2.385048020012e-08
28.0-28.5 MHz,5,1,5.260000,13.990000,19.250000,4474999.999990,2.792350524396e-07,4.810700062555e-08,5.296841271289e-08
28.0-28.5 MHz,5,1,5.260000,13.990000,19.250000,4499999.999990,2.094858826093e-07,3.421029276659e-08,1.593176349580e-08
28.0-28.5 MHz,5,1,5.260000,13.990000,19.250000,4524999.999990,1.185477353189e-07,3.832520928992e-08,2.035458902566e-08
28.0-28.5 MHz,5,1,5.260000,13.990000,19.250000,4549999.999990,3.491738245172e-07,6.606760520162e-08,6.929295913474e-08
28.0-28.5 MHz,5,1,5.260000,13.990000,19.250000,4574999.999990,2.212917317093e-07,5.400972973531e-08,4.239199740375e-08
28.0-28.5 MHz,5,1,5.260000,13.990000,19.250000,4599999.999990,1.664056926278e-07,5.754448866409e-08,2.443917794768e-08
28.0-28.5 MHz,5,1,5.260000,13.990000,19.250000,4624999.999990,4.882394641085e-07,8.120356484876e-08,4.574418942713e-08
28.0-28.5 MHz,5,1,5.260000,13.990000,19.250000,4649999.999990,4.604179502419e-07,9.284207714752e-08,3.522817900852e-08
28.0-28.5 MHz,5,1,5.260000,13.990000,19.250000,4674999.999990,5.080444562004e-07,9.521748595909e-08,4.917813929841e-08
28.0-28.5 MHz,5,1,5.260000,13.990000,19.250000,4699999.999990,3.839525780573e-07,8.702542808016e-08,3.096170728207e-08
28.0-28.5 MHz,5,1,5.260000,13.990000,19.250000,4724999.999990,5.679435112672e-07,1.267357199013e-07,8.382950746450e-08
28.0-28.5 MHz,5,1,5.260000,13.990000,19.250000,4749999.999990,3.429815830575e-07,4.549270907953e-08,4.435156708707e-08
28.0-28.5 MHz,5,1,5.260000,13.990000,19.250000,4774999.999990,7.512599458727e-07,1.882557256604e-07,8.602115597595e-08
28.0-28.5 MHz,5,1,5.260000,13.990000,19.250000,4799999.999989,5.944273655258e-07,1.454758060290e-07,7.695534253959e-08
28.0-28.5 MHz,5,1,5.260000,13.990000,19.250000,4824999.999989,9.719074528561e-07,1.862795118356e-07,9.487032575831e-08
28.0-28.5 MHz,5,1,5.260000,13.990000,19.250000,4849999.999989,1.433218278254e-06,2.818653029198e-07,1.715543938935e-07
28.0-28.5 MHz,5,1,5.260000,13.990000,19.250000,4874999.999989,7.755267231075e-07,1.948010652364e-07,8.250358252659e-08
28.0-28.5 MHz,5,1,5.260000,13.990000,19.250000,4899999.999989,1.745076216065e-06,3.818536533044e-07,1.832619817812e-07
28.0-28.5 MHz,5,1,5.260000,13.990000,19.250000,4924999.999989,1.852578845589e-06,3.824895170928e-07,2.106857982308e-07
28.0-28.5 MHz,5,1,5.260000,13.990000,19.250000,4949999.999989,2.421993924772e-06,5.023449463682e-07,2.590544412613e-07
28.0-28.5 MHz,5,1,5.260000,13.990000,19.250000,4974999.999989,2.740800193867e-06,5.677689745814e-07,2.824320982640e-07
28.0-28.5 MHz,5,1,5.260000,13.990000,19.250000,4999999.999989,4.245399582025e-06,9.112228998008e-07,4.624082225560e-07
28.0-28.5 MHz,5,1,5.260000,13.990000,19.250000,5024999.999989,5.259560381919e-06,1.086228969120e-06,5.653852953279e-07
28.0-28.5 MHz,5,1,5.260000,13.990000,19.250000,5049999.999989,7.798401664249e-06,1.685748857986e-06,8.421295945949e-07
28.0-28.5 MHz,5,1,5.260000,13.990000,19.250000,5074999.999989,1.030418539870e-05,2.172147458522e-06,1.101014162977e-06
28.0-28.5 MHz,5,1,5.260000,13.990000,19.250000,5099999.999989,1.816972866198e-05,3.839508316745e-06,1.949312455664e-06
28.0-28.5 MHz,5,1,5.260000,13.990000,19.250000,5124999.999989,2.870177941854e-05,6.065763465643e-06,3.055344922769e-06
28.0-28.5 MHz,5,1,5.260000,13.990000,19.250000,5149999.999989,5.511622165791e-05,1.164207781821e-05,5.942480730795e-06
28.0-28.5 MHz,5,1,5.260000,13.990000,19.250000,5174999.999989,1.229786644800e-04,2.599530068259e-05,1.314831333176e-05
28.0-28.5 MHz,5,1,5.260000,13.990000,19.250000,5199999.999989,3.870308392610e-04,8.179125704992e-05,4.146320264390e-05
28.0-28.5 MHz,5,1,5.260000,13.990000,19.250000,5224999.999989,3.290083320749e-03,6.953757757230e-04,3.524024291732e-04
28.0-28.5 MHz,5,1,5.260000,13.990000,19.250000,5249999.999988,1.315884404342e-02,2.781126647382e-03,1.409474359850e-03
28.0-28.5 MHz,5,1,5.260000,13.990000,19.250000,5274999.999988,1.151416629037e-02,2.433508529149e-03,1.233314710230e-03
28.0-28.5 MHz,5,1,5.260000,13.990000,19.250000,5299999.999988,1.771518386648e-03,3.743971355529e-04,1.897556342861e-04
28.0-28.5 MHz,5,1,5.260000,13.990000,19.250000,5324999.999988,2.955528501986e-04,6.248398203154e-05,3.165772093931e-05
28.0-28.5 MHz,5,1,5.260000,13.990000,19.250000,5349999.999988,1.030175256807e-04,2.175337765598e-05,1.105235705747e-05
28.0-28.5 MHz,5,1,5.260000,13.990000,19.250000,5374999.999988,4.709694925031e-05,9.962526877194e-06,5.019509073514e-06
28.0-28.5 MHz,5,1,5.260000,13.990000,19.250000,5399999.999988,2.609567230236e-05,5.512084469396e-06,2.796348899098e-06
28.0-28.5 MHz,5,1,5.260000,13.990000,19.250000,5424999.999988,1.634392074202e-05,3.459665732182e-06,1.759364564691e-06
28.0-28.5 MHz,5,1,5.260000,13.990000,19.250000,5449999.999988,9.801480839185e-06,2.045771052161e-06,1.041474244430e-06
28.0-28.5 MHz,5,1,5.260000,13.990000,19.250000,5474999.999988,7.198564291097e-06,1.572933044644e-06,7.863823426031e-07
28.0-28.5 MHz,5,1,5.260000,13.990000,19.250000,5499999.999988,4.994870916038e-06,1.011770313231e-06,5.248243190280e-07
28.0-28.5 MHz,5,1,5.260000,13.990000,19.250000,5524999.999988,3.682732070364e-06,8.031255142788e-07,3.982051466608e-07
28.0-28.5 MHz,5,1,5.260000,13.990000,19.250000,5549999.999988,3.027520324325e-06,6.406188726874e-07,3.274063570056e-07
28.0-28.5 MHz,5,1,5.260000,13.990000,19.250000,5574999.999988,1.946773227848e-06,3.879709826846e-07,2.046015846531e-07
28.0-28.5 MHz,5,1,5.260000,13.990000,19.250000,5599999.999988,2.107587568633e-06,4.466031442359e-07,2.150981811194e-07
28.0-28.5 MHz,5,1,5.260000,13.990000,19.250000,5624999.999988,1.174611965191e-06,2.572716242968e-07,1.313676894314e-07
28.0-28.5 MHz,5,1,5.260000,13.990000,19.250000,5649999.999988,1.378692105987e-06,3.031207728819e-07,1.618944470708e-07
28.0-28.5 MHz,5,1,5.260000,13.990000,19.250000,5674999.999988,9.631663868508e-07,2.142164140481e-07,1.025398253162e-07
28.0-28.5 MHz,5,1,5.260000,13.990000,19.250000,5699999.999988,8.493807455286e-07,1.443120691471e-07,7.414896762943e-08
28.0-28.5 MHz,5,1,5.260000,13.990000,19.250000,5724999.999987,7.139567279784e-07,1.653892590053e-07,7.822139101378e-08
28.0-28.5 MHz,5,1,5.260000,13.990000,19.250000,5749999.999987,2.786124856919e-07,9.422283317506e-08,4.023785727355e-08
28.0-28.5 MHz,5,1,5.260000,13.990000,19.250000,5774999.999987,8.473155741667e-07,1.413432443304e-07,9.215954273877e-08
28.0-28.5 MHz,5,1,5.260000,13.990000,19.250000,5799999.999987,5.039229786561e-07,1.266422803848e-07,4.176340886127e-08
28.0-28.5 MHz,5,1,5.260000,13.990000,19.250000,5824999.999987,3.235393296272e-07,5.771652607812e-08,4.212197039480e-08
28.0-28.5 MHz,5,1,5.260000,13.990000,19.250000,5849999.999987,1.673237129120e-07,2.895041643423e-08,9.221893531843e-09
28.0-28.5 MHz,5,1,5.260000,13.990000,19.250000,5874999.999987,6.977326071309e-07,1.705301534170e-07,8.991095532499e-08
28.0-28.5 MHz,5,1,5.260000,13.990000,19.250000,5899999.999987,1.794207692633e-07,2.940569991985e-08,2.854916601012e-08
28.0-28.5 MHz,5,1,5.260000,13.990000,19.250000,5924999.999987,2.652794346906e-07,6.285161793514e-08,5.418185920774e-08
28.0-28.5 MHz,5,1,5.260000,13.990000,19.250000,5949999.999987,3.202015195909e-07,7.287542690776e-08,4.003846282452e-08
28.0-28.5 MHz,5,1,5.260000,13.990000,19.250000,5974999.999987,1.209434477458e-07,2.422015703482e-08,2.250320449876e-08
28.0-28.5 MHz,5,1,5.260000,13.990000,19.250000,5999999.999987,1.281897440900e-07,3.045160549122e-08,1.707809541351e-08
28.0-28.5 MHz,5,1,5.260000,13.990000,19.250000,6024999.999987,4.098538940724e-07,7.581990891568e-08,5.435807176448e-08
28.0-28.5 MHz,5,1,5.260000,13.990000,19.250000,6049999.999987,2.819146260081e-07,5.818245667034e-08,4.614162650653e-08
28.0-28.5 MHz,5,1,5.260000,13.990000,19.250000,6074999.999987,5.034173583280e-07,1.096012868687e-07,6.425601564762e-08
28.0-28.5 MHz,5,1,5.260000,13.990000,19.250000,6099999.999987,2.439991428703e-08,1.456788171024e-08,1.407156844331e-08
28.0-28.5 MHz,5,1,5.260000,13.990000,19.250000,6124999.999987,6.066232069545e-08,1.620366101872e-08,8.050024340156e-09
28.0-28.5 MHz,5,1,5.260000,13.990000,19.250000,6149999.999987,1.795383078751e-07,3.489414489218e-08,3.097793103211e-08
28.0-28.5 MHz,5,1,5.260000,13.990000,19.250000,6174999.999986,7.908812928746e-08,7.379426645100e-09,4.497262624434e-08
28.0-28.5 MHz,5,1,5.260000,13.990000,19.250000,6199999.999986,9.316567119359e-08,3.751570904597e-08,4.783087858664e-09
28.0-28.5 MHz,5,1,5.260000,13.990000,19.250000,6224999.999986,9.897496987429e-08,1.541062628914e-08,2.243983307148e-08
28.0-28.5 MHz,5,1,5.260000,13.990000,19.250000,6249999.999986,2.116712215437e-07,3.615071730099e-08,1.173347693069e-08
28.0-28.5 MHz,5,1,5.260000,13.990000,19.250000,6274999.999986,2.140206843220e-07,3.748845745308e-08,1.783798125218e-08
28.0-28.5 MHz,5,1,5.260000,13.990000,19.250000,6299999.999986,2.935840328067e-08,2.869449430872e-08,1.607035081514e-08
28.0-28.5 MHz,5,1,5.260000,13.990000,19.250000,6324999.999986,9.651998216069e-08,3.713561810165e-08,2.604316107347e-08
28.0-28.5 MHz,5,1,5.260000,13.990000,19.250000,6349999.999986,2.015116731169e-07,4.982951857463e-08,3.722404404436e-08
28.0-28.5 MHz,5,1,5.260000,13.990000,19.250000,6374999.999986,1.390368258706e-07,2.667943252532e-08,3.031013400107e-08
28.0-28.5 MHz,5,1,5.260000,13.990000,19.250000,6399999.999986,2.056629155456e-07,5.776633280659e-08,2.830660542459e-08
28.0-28.5 MHz,5,1,5.260000,13.990000,19.250000,6424999.999986,2.327204427113e-07,1.034657868305e-07,3.084672137501e-08
28.0-28.5 MHz,5,1,5.260000,13.990000,19.250000,6449999.999986,2.775376593485e-07,1.282524759796e-07,3.125638903596e-08
28.0-28.5 MHz,5,1,5.260000,13.990000,19.250000,6474999.999986,2.270290180020e-07,6.807696500902e-08,3.393451014421e-08
28.0-28.5 MHz,5,1,5.260000,13.990000,19.250000,6499999.999986,2.258023549580e-07,6.189344271176e-08,4.145147801851e-08
28.0-28.5 MHz,5,1,5.260000,13.990000,19.250000,6524999.999986,6.225802706989e-07,1.038866677679e-07,3.821361429120e-08
28.0-28.5 MHz,5,1,5.260000,13.990000,19.250000,6549999.999986,8.990993104560e-07,1.601209962648e-07,5.690108420611e-08
28.0-28.5 MHz,5,1,5.260000,13.990000,19.250000,6574999.999986,2.382337411698e-07,4.922253529578e-08,1.704454953054e-08
28.0-28.5 MHz,5,1,5.260000,13.990000,19.250000,6599999.999986,5.830274050252e-07,1.248155678007e-07,1.130242089424e-07
28.0-28.5 MHz,5,1,5.260000,13.990000,19.250000,6624999.999985,3.447572724195e-07,7.945162635055e-08,5.038875947942e-08
28.0-28.5 MHz,5,1,5.260000,13.990000,19.250000,6649999.999985,4.033439624421e-07,6.386012677774e-08,1.305140978859e-07
28.0-28.5 MHz,5,1,5.260000,13.990000,19.250000,6674999.999985,4.323384831131e-07,8.128567972930e-08,1.296478153607e-07
28.0-28.5 MHz,5,1,5.260000,13.990000,19.250000,6699999.999985,3.762821692241e-07,6.673578576335e-08,7.206203665022e-08
28.0-28.5 MHz,5,1,5.260000,13.990000,19.250000,6724999.999985,4.166040175773e-07,1.011155933633e-07,7.239270674996e-08
28.0-28.5 MHz,5,1,5.260000,13.990000,19.250000,6749999.999985,2.331228444011e-07,1.907056947262e-08,6.421491693232e-08
28.0-28.5 MHz,5,1,5.260000,13.990000,19.250000,6774999.999985,9.477526817070e-08,1.940863578231e-08,6.177856994285e-08
28.0-28.5 MHz,5,1,5.260000,13.990000,19.250000,6799999.999985,3.295063168246e-07,7.375761079902e-08,7.022461091844e-08
28.0-28.5 MHz,5,1,5.260000,13.990000,19.250000,6824999.999985,1.125142033123e-06,2.338804897027e-07,1.713258996748e-07
28.0-28.5 MHz,5,1,5.260000,13.990000,19.250000,6849999.999985,7.230538829228e-07,1.013901073131e-07,7.735299623492e-08
28.0-28.5 MHz,5,1,5.260000,13.990000,19.250000,6874999.999985,7.045177559939e-07,1.765264035998e-07,1.424281886048e-07
28.0-28.5 MHz,5,1,5.260000,13.990000,19.250000,6899999.999985,1.106934038008e-06,2.349908386561e-07,1.180410354190e-07
28.0-28.5 MHz,5,1,5.260000,13.990000,19.250000,6924999.999985,3.096163406560e-06,7.105479253965e-07,9.473758455479e-08
28.0-28.5 MHz,5,1,5.260000,13.990000,19.250000,6949999.999985,3.553812419590e-06,8.165946119977e-07,1.053572842573e-07
28.0-28.5 MHz,5,1,5.260000,13.990000,19.250000,6974999.999985,1.118069151414e-06,2.389578438772e-07,6.035494080334e-08
28.0-28.5 MHz,5,1,5.260000,13.990000,19.250000,6999999.999985,1.901195582281e-07,3.804549765241e-08,2.148159753236e-08
28.0-28.5 MHz,5,1,5.260000,13.990000,19.250000,7024999.999985,1.304148076675e-06,2.913176086043e-07,1.182977175906e-07
28.0-28.5 MHz,5,1,5.260000,13.990000,19.250000,7049999.999985,2.111430796630e-06,4.928230784598e-07,1.783032327226e-07
28.0-28.5 MHz,5,1,5.260000,13.990000,19.250000,7074999.999984,1.143060013060e-06,2.815011840130e-07,8.543504147839e-08
28.0-28.5 MHz,5,1,5.260000,13.990000,19.250000,7099999.999984,5.423719663994e-07,1.187209673078e-07,5.908071023105e-08
28.0-28.5 MHz,5,1,5.260000,13.990000,19.250000,7124999.999984,5.316224871389e-07,1.121879821420e-07,5.759344305431e-08
28.0-28.5 MHz,5,1,5.260000,13.990000,19.250000,7149999.999984,4.593921372855e-07,1.266844097097e-07,9.446193278777e-08
28.0-28.5 MHz,5,1,5.260000,13.990000,19.250000,7174999.999984,5.435482097923e-07,1.225908299697e-07,1.063477690455e-07
28.0-28.5 MHz,5,1,5.260000,13.990000,19.250000,7199999.999984,2.411549665365e-07,4.549030463824e-08,3.850767970194e-08
28.0-28.5 MHz,5,1,5.260000,13.990000,19.250000,7224999.999984,4.755516694112e-07,1.012702616570e-07,6.540641328337e-08
28.0-28.5 MHz,5,1,5.260000,13.990000,19.250000,7249999.999984,6.511873555961e-07,1.733615217162e-07,8.873173612685e-08
28.0-28.5 MHz,5,1,5.260000,13.990000,19.250000,7274999.999984,8.151744484537e-07,2.514793767837e-07,1.316387629620e-07
28.0-28.5 MHz,5,1,5.260000,13.990000,19.250000,7299999.999984,5.918106949644e-07,1.418385905515e-07,8.175764706950e-08
28.0-28.5 MHz,5,1,5.260000,13.990000,19.250000,7324999.999984,4.468428511148e-07,1.272520012411e-07,5.834712175121e-08
28.0-28.5 MHz,5,1,5.260000,13.990000,19.250000,7349999.999984,4.827222223905e-07,1.499747160331e-07,6.855574915016e-08
28.0-28.5 MHz,5,1,5.260000,13.990000,19.250000,7374999.999984,1.928049985133e-07,6.342642779925e-08,4.758580962144e-08
28.0-28.5 MHz,5,1,5.260000,13.990000,19.250000,7399999.999984,2.438080664275e-07,7.558028100679e-08,5.261132969577e-08
28.0-28.5 MHz,5,1,5.260000,13.990000,19.250000,7424999.999984,4.045979404863e-07,1.069723646290e-07,9.220033533317e-08
28.0-28.5 MHz,5,1,5.260000,13.990000,19.250000,7449999.999984,3.272938938941e-07,7.094277544590e-08,1.296167542930e-07
28.0-28.5 MHz,5,1,5.260000,13.990000,19.250000,7474999.999984,3.847998853838e-07,1.016860021129e-07,6.655104687436e-08
28.0-28.5 MHz,5,1,5.260000,13.990000,19.250000,7499999.999984,4.661264570121e-07,1.399790349531e-07,6.942530030215e-08
28.0-28.5 MHz,5,1,5.260000,13.990000,19.250000,7524999.999983,2.632794499064e-07,5.823493570415e-08,4.206368535572e-08
28.0-28.5 MHz,5,1,5.260000,13.990000,19.250000,7549999.999983,2.593393969312e-07,7.425665968031e-08,6.187621180515e-08
28.0-28.5 MHz,5,1,5.260000,13.990000,19.250000,7574999.999983,3.792996560198e-07,1.137968351747e-07,5.363343971155e-08
28.0-28.5 MHz,5,1,5.260000,13.990000,19.250000,7599999.999983,3.054964786762e-07,1.023740762470e-07,5.100613116746e-08
28.0-28.5 MHz,5,1,5.260000,13.990000,19.250000,7624999.999983,7.193316734600e-08,2.799230670079e-08,2.552441601353e-08
28.0-28.5 MHz,5,1,5.260000,13.990000,19.250000,7649999.999983,4.968018664552e-07,9.326231222537e-08,8.043458570209e-08
28.0-28.5 MHz,5,1,5.260000,13.990000,19.250000,7674999.999983,2.466981458952e-07,5.748726504372e-08,4.571321799468e-08
28.0-28.5 MHz,5,1,5.260000,13.990000,19.250000,7699999.999983,3.075691716471e-07,6.279069827470e-08,5.606230063735e-08
28.0-28.5 MHz,5,1,5.260000,13.990000,19.250000,7724999.999983,4.826954882476e-07,1.126298681786e-07,6.500124270459e-08
28.0-28.5 MHz,5,1,5.260000,13.990000,19.250000,7749999.999983,1.935974950171e-07,5.222602939496e-08,2.340127990086e-08
28.0-28.5 MHz,5,1,5.260000,13.990000,19.250000,7774999.999983,3.919228362765e-07,9.989403131416e-08,4.991134162594e-08
28.0-28.5 MHz,5,1,5.260000,13.990000,19.250000,7799999.999983,2.442239627033e-07,6.073756638821e-08,2.687064336693e-08
28.0-28.5 MHz,5,1,5.260000,13.990000,19.250000,7824999.999983,3.881272147983e-07,1.231871873956e-07,5.689704615357e-08
28.0-28.5 MHz,5,1,5.260000,13.990000,19.250000,7849999.999983,2.534709397792e-07,2.444959060796e-08,2.513222061574e-08
28.0-28.5 MHz,5,1,5.260000,13.990000,19.250000,7874999.999983,3.675765577775e-07,1.236911510038e-07,6.203226184025e-08
28.0-28.5 MHz,5,1,5.260000,13.990000,19.250000,7899999.999983,6.483709955754e-07,1.426237645978e-07,6.636150903133e-08
28.0-28.5 MHz,5,1,5.260000,13.990000,19.250000,7924999.999983,1.814631469965e-07,7.506186125520e-08,8.477226656929e-09
28.0-28.5 MHz,5,1,5.260000,13.990000,19.250000,7949999.999983,8.322855409332e-07,1.893381615372e-07,1.135843211715e-07
28.0-28.5 MHz,5,1,5.260000,13.990000,19.250000,7974999.999983,3.800732031607e-07,9.582128649920e-08,4.846249378286e-08
28.0-28.5 MHz,5,1,5.260000,13.990000,19.250000,7999999.999982,7.630865320181e-07,2.031450311526e-07,8.350305565468e-08
28.0-28.5 MHz,5,1,5.260000,13.990000,19.250000,8024999.999982,5.810102235283e-07,1.434908608696e-07,6.756349674199e-08
28.0-28.5 MHz,5,1,5.260000,13.990000,19.250000,8049999.999982,8.986066505592e-07,2.328906310182e-07,1.355858686297e-07
28.0-28.5 MHz,5,1,5.260000,13.990000,19.250000,8074999.999982,7.405404237612e-07,1.901508881833e-07,7.891382899340e-08
28.0-28.5 MHz,5,1,5.260000,13.990000,19.250000,8099999.999982,8.245641779090e-07,2.058127366109e-07,9.336827532024e-08
28.0-28.5 MHz,5,1,5.260000,13.990000,19.250000,8124999.999982,1.379776707980e-06,3.339020564786e-07,2.010377331431e-07
28.0-28.5 MHz,5,1,5.260000,13.990000,19.250000,8149999.999982,8.857060432544e-07,2.511753733030e-07,9.904183781146e-08
28.0-28.5 MHz,5,1,5.260000,13.990000,19.250000,8174999.999982,1.498462092231e-06,3.568576426774e-07,1.882714879823e-07
28.0-28.5 MHz,5,1,5.260000,13.990000,19.250000,8199999.999982,1.318343081035e-06,3.460155837788e-07,1.734305535021e-07
28.0-28.5 MHz,5,1,5.260000,13.990000,19.250000,8224999.999982,2.202743835365e-06,5.365430174827e-07,2.835489367581e-07
28.0-28.5 MHz,5,1,5.260000,13.990000,19.250000,8249999.999982,1.702501643074e-06,4.686808175433e-07,2.214568295605e-07
28.0-28.5 MHz,5,1,5.260000,13.990000,19.250000,8274999.999982,2.536278214157e-06,6.194193445862e-07,3.159506165553e-07
28.0-28.5 MHz,5,1,5.260000,13.990000,19.250000,8299999.999982,2.701980597501e-06,7.015446108058e-07,3.543483182201e-07
28.0-28.5 MHz,5,1,5.260000,13.990000,19.250000,8324999.999982,3.518196176948e-06,8.586032647808e-07,4.338355935829e-07
28.0-28.5 MHz,5,1,5.260000,13.990000,19.250000,8349999.999982,3.975092960905e-06,1.051374965034e-06,5.169002819446e-07
28.0-28.5 MHz,5,1,5.260000,13.990000,19.250000,8374999.999982,5.507020740347e-06,1.389464884255e-06,7.150542792915e-07
28.0-28.5 MHz,5,1,5.260000,13.990000,19.250000,8399999.999982,5.762661509379e-06,1.448451647083e-06,7.214935462810e-07
28.0-28.5 MHz,5,1,5.260000,13.990000,19.250000,8424999.999982,8.611111780650e-06,2.158537087240e-06,1.110052824836e-06
28.0-28.5 MHz,5,1,5.260000,13.990000,19.250000,8449999.999981,9.517340759376e-06,2.461171305911e-06,1.218946463373e-06
28.0-28.5 MHz,5,1,5.260000,13.990000,19.250000,8474999.999981,1.375320140836e-05,3.488229576655e-06,1.753944665907e-06
28.0-28.5 MHz,5,1,5.260000,13.990000,19.250000,8499999.999981,1.974836507987e-05,4.989368939032e-06,2.515353146679e-06
28.0-28.5 MHz,5,1,5.260000,13.990000,19.250000,8524999.999981,2.604013661286e-05,6.588474484142e-06,3.343869612454e-06
28.0-28.5 MHz,5,1,5.260000,13.990000,19.250000,8549999.999981,3.906067876903e-05,9.932429553713e-06,4.971404735152e-06
28.0-28.5 MHz,5,1,5.260000,13.990000,19.250000,8574999.999981,6.243208413853e-05,1.583662626043e-05,8.004926247857e-06
28.0-28.5 MHz,5,1,5.260000,13.990000,19.250000,8599999.999981,1.067268963259e-04,2.696520820417e-05,1.359966998020e-05
28.0-28.5 MHz,5,1,5.260000,13.990000,19.250000,8624999.999981,2.065450964432e-04,5.253849545767e-05,2.644988635723e-05
28.0-28.5 MHz,5,1,5.260000,13.990000,19.250000,8649999.999981,4.890772071458e-04,1.239706149926e-04,6.249334956356e-05
28.0-28.5 MHz,5,1,5.260000,13.990000,19.250000,8674999.999981,1.708812706196e-03,4.333827610292e-04,2.184248727514e-04
28.0-28.5 MHz,5,1,5.260000,13.990000,19.250000,8699999.999981,2.737090948259e-02,6.941613197684e-03,3.498542744655e-03
28.0-28.5 MHz,5,1,5.260000,13.990000,19.250000,8724999.999981,7.526022168236e-02,1.908698347698e-02,9.619754390233e-03
28.0-28.5 MHz,5,1,5.260000,13.990000,19.250000,8749999.999981,5.017580867985e-02,1.272526482769e-02,6.413472605039e-03
28.0-28.5 MHz,5,1,5.260000,13.990000,19.250000,8774999.999981,3.586093388809e-03,9.094869422521e-04,4.583768374146e-04
28.0-28.5 MHz,5,1,5.260000,13.990000,19.250000,8799999.999981,7.548230111309e-04,1.914134906746e-04,9.647374260520e-05
28.0-28.5 MHz,5,1,5.260000,13.990000,19.250000,8824999.999981,2.838676792414e-04,7.211264349313e-05,3.632359797431e-05
28.0-28.5 MHz,5,1,5.260000,13.990000,19.250000,8849999.999981,1.361925724624e-04,3.441099516842e-05,1.735777329256e-05
28.0-28.5 MHz,5,1,5.260000,13.990000,19.250000,8874999.999981,7.669082992528e-05,1.947995256545e-05,9.831075257473e-06
28.0-28.5 MHz,5,1,5.260000,13.990000,19.250000,8899999.999980,4.664177257545e-05,1.183443654856e-05,5.942072835414e-06
28.0-28.5 MHz,5,1,5.260000,13.990000,19.250000,8924999.999980,3.080902672595e-05,7.796045803689e-06,3.952870522976e-06
28.0-28.5 MHz,5,1,5.260000,13.990000,19.250000,8949999.999980,2.224768494775e-05,5.652518285495e-06,2.833968188816e-06
28.0-28.5 MHz,5,1,5.260000,13.990000,19.250000,8974999.999980,1.494336932924e-05,3.797937460666e-06,1.913521054211e-06
28.0-28.5 MHz,5,1,5.260000,13.990000,19.250000,8999999.999980,1.311477680987e-05,3.343022769422e-06,1.673827454693e-06
28.0-28.5 MHz,5,1,5.260000,13.990000,19.250000,9024999.999980,7.649992683780e-06,1.920739095562e-06,9.936530035248e-07
28.0-28.5 MHz,5,1,5.260000,13.990000,19.250000,9049999.999980,6.911894800255e-06,1.732385697898e-06,8.501583692054e-07
28.0-28.5 MHz,5,1,5.260000,13.990000,19.250000,9074999.999980,5.919078171361e-06,1.532531192621e-06,7.878553929911e-07
28.0-28.5 MHz,5,1,5.260000,13.990000,19.250000,9099999.999980,4.567265675288e-06,1.198448286221e-06,5.840574671634e-07
28.0-28.5 MHz,5,1,5.260000,13.990000,19.250000,9124999.999980,4.322169244239e-06,1.041889535178e-06,5.286184957907e-07
28.0-28.5 MHz,5,1,5.260000,13.990000,19.250000,9149999.999980,2.872334817962e-06,7.527568853912e-07,3.816262407591e-07
28.0-28.5 MHz,5,1,5.260000,13.990000,19.250000,9174999.999980,2.262799072040e-06,5.707388723520e-07,2.897590799650e-07
28.0-28.5 MHz,5,1,5.260000,13.990000,19.250000,9199999.999980,1.804608768394e-06,4.894182717867e-07,2.361314991891e-07
28.0-28.5 MHz,5,1,5.260000,13.990000,19.250000,9224999.999980,3.284886213864e-06,8.209648477135e-07,4.131174132873e-07
28.0-28.5 MHz,5,1,5.260000,13.990000,19.250000,9249999.999980,1.076070185457e-06,2.706528268924e-07,1.368727448420e-07
28.0-28.5 MHz,5,1,5.260000,13.990000,19.250000,9274999.999980,1.164180954614e-06,2.986274520492e-07,1.479395031528e-07
28.0-28.5 MHz,5,1,5.260000,13.990000,19.250000,9299999.999980,1.527793221194e-06,4.030581723168e-07,1.864275372626e-07
28.0-28.5 MHz,5,1,5.260000,13.990000,19.250000,9324999.999980,5.288431837278e-07,1.254298780667e-07,8.848552149381e-08
28.0-28.5 MHz,5,1,5.260000,13.990000,19.250000,9349999.999979,1.555146683698e-06,3.941297287035e-07,1.903399022266e-07
28.0-28.5 MHz,5,1,5.260000,13.990000,19.250000,9374999.999979,8.987451824350e-07,2.228175126155e-07,1.005860244509e-07
28.0-28.5 MHz,5,1,5.260000,13.990000,19.250000,9399999.999979,3.625434138349e-07,9.940697578476e-08,7.059386634805e-08
28.0-28.5 MHz,5,1,5.260000,13.990000,19.250000,9424999.999979,1.142361637836e-06,2.879710449309e-07,1.366272035584e-07
28.0-28.5 MHz,5,1,5.260000,13.990000,19.250000,9449999.999979,8.887215231794e-07,2.520749095714e-07,1.304056057092e-07
28.0-28.5 MHz,5,1,5.260000,13.990000,19.250000,9474999.999979,9.527505588925e-07,2.212015697176e-07,1.301925699437e-07
28.0-28.5 MHz,5,1,5.260000,13.990000,19.250000,9499999.999979,5.839632821527e-07,1.384813824956e-07,7.959284232377e-08
28.0-28.5 MHz,5,1,5.260000,13.990000,19.250000,9524999.999979,8.382041880331e-07,2.547024527517e-07,9.700662527122e-08
28.0-28.5 MHz,5,1,5.260000,13.990000,19.250000,9549999.999979,3.295986360930e-07,4.586500682736e-08,3.940404529130e-08
28.0-28.5 MHz,5,1,5.260000,13.990000,19.250000,9574999.999979,7.480763310549e-07,2.167668245539e-07,1.082391696716e-07
28.0-28.5 MHz,5,1,5.260000,13.990000,19.250000,9599999.999979,3.768200704374e-07,8.643688542076e-08,5.194079537502e-08
28.0-28.5 MHz,5,1,5.260000,13.990000,19.250000,9624999.999979,3.210526584609e-07,1.102109782871e-07,5.096223358260e-08
28.0-28.5 MHz,5,1,5.260000,13.990000,19.250000,9649999.999979,4.486328363984e-07,1.160654866863e-07,4.839246876611e-08
28.0-28.5 MHz,5,1,5.260000,13.990000,19.250000,9674999.999979,6.116857050722e-07,1.624257255411e-07,8.317716275635e-08
28.0-28.5 MHz,5,1,5.260000,13.990000,19.250000,9699999.999979,7.279877429252e-07,1.893914997476e-07,9.374031997707e-08
28.0-28.5 MHz,5,1,5.260000,13.990000,19.250000,9724999.999979,8.593499035212e-07,2.624309965195e-07,9.831512579555e-08
28.0-28.5 MHz,5,1,5.260000,13.990000,19.250000,9749999.999979,2.149873176667e-07,9.630255074175e-08,6.946812182375e-09
28.0-28.5 MHz,5,1,5.260000,13.990000,19.250000,9774999.999979,4.428299464293e-07,1.119542982581e-07,6.914307749535e-08
28.0-28.5 MHz,5,1,5.260000,13.990000,19.250000,9799999.999979,4.102002256683e-07,1.008496787133e-07,7.601219483527e-08
28.0-28.5 MHz,5,1,5.260000,13.990000,19.250000,9824999.999978,3.785108281650e-07,9.250516815735e-08,4.466764200882e-08
28.0-28.5 MHz,5,1,5.260000,13.990000,19.250000,9849999.999978,6.809652318095e-07,1.701847856446e-07,9.611278191889e-08
28.0-28.5 MHz,5,1,5.260000,13.990000,19.250000,9874999.999978,1.959335194013e-07,5.585311978374e-08,2.392558386275e-08
28.0-28.5 MHz,5,1,5.260000,13.990000,19.250000,9899999.999978,8.582652681906e-07,2.317033929320e-07,9.718836698174e-08
28.0-28.5 MHz,5,1,5.260000,13.990000,19.250000,9924999.999978,9.340443463009e-07,2.296926528456e-07,1.196102767126e-07
28.0-28.5 MHz,5,1,5.260000,13.990000,19.250000,9949999.999978,5.652523126511e-07,1.835188638838e-07,7.289249973447e-08
28.0-28.5 MHz,5,1,5.260000,13.990000,19.250000,9974999.999978,8.189599467285e-07,2.375923630956e-07,1.005038821330e-07
28.0-28.5 MHz,5,1,5.260000,13.990000,19.250000,9999999.999978,6.793843622637e-07,2.027515631895e-07,3.492613227512e-08
28.0-28.5 MHz,5,1,5.260000,13.990000,19.250000,10024999.999978,9.841673580656e-07,3.019854836193e-07,8.031070495714e-08
28.0-28.5 MHz,5,1,5.260000,13.990000,19.250000,10049999.999978,6.362202268817e-07,1.432736561814e-07,9.345299042317e-08
28.0-28.5 MHz,5,1,5.260000,13.990000,19.250000,10074999.999978,6.397382367968e-07,1.843602608911e-07,6.193635438799e-08
28.0-28.5 MHz,5,1,5.260000,13.990000,19.250000,10099999.999978,9.098807669801e-07,2.415576277956e-07,1.340664932114e-07
28.0-28.5 MHz,5,1,5.260000,13.990000,19.250000,10124999.999978,2.324152906155e-06,6.532820825307e-07,3.450311759436e-07
28.0-28.5 MHz,5,1,5.260000,13.990000,19.250000,10149999.999978,1.426477023075e-06,3.873902381053e-07,2.070655245093e-07
28.0-28.5 MHz,5,1,5.260000,13.990000,19.250000,10174999.999978,1.160557235677e-06,2.146709946589e-07,1.179416526276e-07
28.0-28.5 MHz,5,1,5.260000,13.990000,19.250000,10199999.999978,8.635078043529e-07,1.584459786689e-07,7.644090819526e-08
28.0-28.5 MHz,5,1,5.260000,13.990000,19.250000,10224999.999978,1.116692363573e-06,3.294748942604e-07,1.526123909368e-07
28.0-28.5 MHz,5,1,5.260000,13.990000,19.250000,10249999.999978,1.224467528585e-06,3.587770017704e-07,1.856939533298e-07
28.0-28.5 MHz,5,1,5.260000,13.990000,19.250000,10274999.999977,6.827006768113e-07,1.383005073229e-07,5.720083318337e-08
28.0-28.5 MHz,5,1,5.260000,13.990000,19.250000,10299999.999977,3.246610390170e-07,8.033866498981e-08,2.770733544970e-08
28.0-28.5 MHz,5,1,5.260000,13.990000,19.250000,10324999.999977,1.394616085166e-06,3.674838810253e-07,1.654838679240e-07
28.0-28.5 MHz,5,1,5.260000,13.990000,19.250000,10349999.999977,1.237153220232e-06,2.238403572754e-07,1.651373170461e-07
28.0-28.5 MHz,5,1,5.260000,13.990000,19.250000,10374999.999977,1.924903378872e-06,5.999391049405e-07,3.392787245579e-07
28.0-28.5 MHz,5,1,5.260000,13.990000,19.250000,10399999.999977,5.454777278027e-06,1.249743381958e-06,7.060949226177e-07
28.0-28.5 MHz,5,1,5.260000,13.990000,19.250000,10424999.999977,3.609028666595e-06,1.441696307517e-06,7.059197790086e-07
28.0-28.5 MHz,5,1,5.260000,13.990000,19.250000,10449999.999977,8.384143846828e-06,2.204457080814e-06,1.071822874092e-06
28.0-28.5 MHz,5,1,5.260000,13.990000,19.250000,10474999.999977,3.721187541289e-05,1.035433623370e-05,4.818705473794e-06
28.0-28.5 MHz,5,1,5.260000,13.990000,19.250000,10499999.999977,5.205197630258e-04,1.456738968330e-04,6.800069573679e-05
28.0-28.5 MHz,5,1,5.260000,13.990000,19.250000,10524999.999977,7.811338146515e-04,2.186066887954e-04,1.020574538232e-04
28.0-28.5 MHz,5,1,5.260000,13.990000,19.250000,10549999.999977,2.846593210121e-04,7.968909924039e-05,3.720861819784e-05
28.0-28.5 MHz,5,1,5.260000,13.990000,19.250000,10574999.999977,1.719164139414e-05,4.634029195669e-06,2.169307128631e-06
28.0-28.5 MHz,5,1,5.260000,13.990000,19.250000,10599999.999977,6.857056204042e-06,2.125811543678e-06,1.006752439545e-06
28.0-28.5 MHz,5,1,5.260000,13.990000,19.250000,10624999.999977,3.476965733109e-06,5.978308876547e-07,4.315343609784e-07
28.0-28.5 MHz,5,1,5.260000,13.990000,19.250000,10649999.999977,3.204630561412e-06,9.779037755600e-07,5.361603958103e-07
28.0-28.5 MHz,5,1,5.260000,13.990000,19.250000,10674999.999977,4.334844290278e-07,1.205428322853e-07,1.021490247772e-07
28.0-28.5 MHz,5,1,5.260000,13.990000,19.250000,10699999.999977,1.717430823260e-06,4.298904872181e-07,2.578071655780e-07
28.0-28.5 MHz,5,1,5.260000,13.990000,19.250000,10724999.999976,2.846985910721e-07,4.214069951375e-08,5.627965728324e-08
28.0-28.5 MHz,5,1,5.260000,13.990000,19.250000,10749999.999976,1.332048559731e-06,2.682771900517e-07,1.463059798072e-07
28.0-28.5 MHz,5,1,5.260000,13.990000,19.250000,10774999.999976,6.795157923326e-07,1.777437742807e-07,1.468515866563e-07
28.0-28.5 MHz,5,1,5.260000,13.990000,19.250000,10799999.999976,1.368742543927e-06,3.450368106248e-07,2.722502726449e-07
28.0-28.5 MHz,5,1,5.260000,13.990000,19.250000,10824999.999976,1.006362956382e-06,2.874446093863e-07,1.676079762868e-07
28.0-28.5 MHz,5,1,5.260000,13.990000,19.250000,10849999.999976,6.695748077931e-07,1.823793381297e-07,8.139043783388e-08
28.0-28.5 MHz,5,1,5.260000,13.990000,19.250000,10874999.999976,7.389145013527e-08,1.659433929322e-08,3.727004759428e-08
28.0-28.5 MHz,5,1,5.260000,13.990000,19.250000,10899999.999976,3.895873995332e-07,1.624432068188e-07,7.121035137059e-08
28.0-28.5 MHz,5,1,5.260000,13.990000,19.250000,10924999.999976,1.178985191341e-07,3.665091942872e-08,1.617859536711e-08
28.0-28.5 MHz,5,1,5.260000,13.990000,19.250000,10949999.999976,6.659023776823e-07,1.797405992111e-07,7.835251498364e-08
28.0-28.5 MHz,5,1,5.260000,13.990000,19.250000,10974999.999976,1.046870790731e-06,3.077455125777e-07,1.384147482481e-07
28.0-28.5 MHz,5,1,5.260000,13.990000,19.250000,10999999.999976,1.130241509285e-06,3.004990509799e-07,1.485330369386e-07
28.0-28.5 MHz,5,1,5.260000,13.990000,19.250000,11024999.999976,1.662418266571e-06,4.788165535372e-07,2.078677019371e-07
28.0-28.5 MHz,5,1,5.260000,13.990000,19.250000,11049999.999976,4.356118778078e-07,1.133054237035e-07,5.467404114165e-08
28.0-28.5 MHz,5,1,5.260000,13.990000,19.250000,11074999.999976,9.612995932422e-07,2.794327239769e-07,1.136406886230e-07
28.0-28.5 MHz,5,1,5.260000,13.990000,19.250000,11099999.999976,9.310525469220e-07,2.643539250448e-07,1.217426605034e-07
28.0-28.5 MHz,5,1,5.260000,13.990000,19.250000,11124999.999976,1.262077421482e-06,4.093787897186e-07,2.035249465704e-07
28.0-28.5 MHz,5,1,5.260000,13.990000,19.250000,11149999.999976,6.516107499107e-07,2.360622391127e-07,1.104904899166e-07
28.0-28.5 MHz,5,1,5.260000,13.990000,19.250000,11174999.999975,4.557703483582e-07,1.310253150086e-07,6.836478217618e-08
28.0-28.5 MHz,5,1,5.260000,13.990000,19.250000,11199999.999975,6.965285144464e-07,2.289098557899e-07,1.126201456358e-07
28.0-28.5 MHz,5,1,5.260000,13.990000,19.250000,11224999.999975,4.534208577553e-07,1.311186098150e-07,7.700614418764e-08
28.0-28.5 MHz,5,1,5.260000,13.990000,19.250000,11249999.999975,4.376348903228e-07,1.309254154360e-07,6.722614712389e-08
28.0-28.5 MHz,5,1,5.260000,13.990000,19.250000,11274999.999975,1.176768388644e-07,6.922361651356e-08,2.408103712604e-08
28.0-28.5 MHz,5,1,5.260000,13.990000,19.250000,11299999.999975,5.768409776635e-07,1.587615735472e-07,1.024259613156e-07
28.0-28.5 MHz,5,1,5.260000,13.990000,19.250000,11324999.999975,9.178713702428e-07,2.680382725331e-07,1.503257450657e-07
28.0-28.5 MHz,5,1,5.260000,13.990000,19.250000,11349999.999975,1.072633904360e-06,3.179092035049e-07,1.626734219990e-07
28.0-28.5 MHz,5,1,5.260000,13.990000,19.250000,11374999.999975,1.072716667808e-06,3.212964144245e-07,1.641878694348e-07
28.0-28.5 MHz,5,1,5.260000,13.990000,19.250000,11399999.999975,1.053157146032e-06,3.318694010952e-07,1.402354366243e-07
28.0-28.5 MHz,5,1,5.260000,13.990000,19.250000,11424999.999975,5.196086518545e-07,1.796765270331e-07,5.870798652985e-08
28.0-28.5 MHz,5,1,5.260000,13.990000,19.250000,11449999.999975,6.649292946473e-08,3.901608701704e-08,1.063735644434e-08
28.0-28.5 MHz,5,1,5.260000,13.990000,19.250000,11474999.999975,4.955172925630e-08,2.605625143016e-08,1.566449949937e-09
28.0-28.5 MHz,5,1,5.260000,13.990000,19.250000,11499999.999975,1.366401394344e-07,4.946814305809e-08,2.814906751054e-08
28.0-28.5 MHz,5,1,5.260000,13.990000,19.250000,11524999.999975,8.169571945241e-07,2.383207514026e-07,1.048893553502e-07
28.0-28.5 MHz,5,1,5.260000,13.990000,19.250000,11549999.999975,6.668987183839e-07,2.003949878733e-07,8.855410279536e-08
28.0-28.5 MHz,5,1,5.260000,13.990000,19.250000,11574999.999975,1.528533925675e-06,4.606378830764e-07,2.325011201925e-07
28.0-28.5 MHz,5,1,5.260000,13.990000,19.250000,11599999.999975,1.484247235238e-06,4.436906852838e-07,2.314245266425e-07
28.0-28.5 MHz,5,1,5.260000,13.990000,19.250000,11624999.999975,9.729297088001e-07,3.149588945438e-07,1.493139369201e-07
28.0-28.5 MHz,5,1,5.260000,13.990000,19.250000,11649999.999974,1.199916457996e-06,3.903348599603e-07,1.822366890056e-07
28.0-28.5 MHz,5,1,5.260000,13.990000,19.250000,11674999.999974,8.064237270416e-08,6.230611608857e-08,1.882429192319e-08
28.0-28.5 MHz,5,1,5.260000,13.990000,19.250000,11699999.999974,7.666715963145e-07,2.756712097738e-07,1.140862292940e-07
28.0-28.5 MHz,5,1,5.260000,13.990000,19.250000,11724999.999974,6.377243244254e-08,5.421017040981e-08,6.775425053471e-09
28.0-28.5 MHz,5,1,5.260000,13.990000,19.250000,11749999.999974,5.135679994651e-07,1.804649010878e-07,9.170680296544e-08
28.0-28.5 MHz,5,1,5.260000,13.990000,19.250000,11774999.999974,4.673397902199e-07,1.771307780145e-07,8.175773221403e-08
28.0-28.5 MHz,5,1,5.260000,13.990000,19.250000,11799999.999974,6.510037841187e-07,2.054572753435e-07,1.290745110732e-07
28.0-28.5 MHz,5,1,5.260000,13.990000,19.250000,11824999.999974,9.435567800768e-07,2.970550060607e-07,1.639863863660e-07
28.0-28.5 MHz,5,1,5.260000,13.990000,19.250000,11849999.999974,4.884801513299e-07,1.563043899885e-07,8.894616080024e-08
28.0-28.5 MHz,5,1,5.260000,13.990000,19.250000,11874999.999974,1.110971869254e-06,3.413530275196e-07,1.739103738110e-07
28.0-28.5 MHz,5,1,5.260000,13.990000,19.250000,11899999.999974,1.230377338078e-06,4.148848232192e-07,1.875185557943e-07
28.0-28.5 MHz,5,1,5.260000,13.990000,19.250000,11924999.999974,1.262931976611e-06,4.371361267382e-07,2.030037442304e-07
28.0-28.5 MHz,5,1,5.260000,13.990000,19.250000,11949999.999974,2.554680187806e-06,8.079116474472e-07,3.986780507586e-07
28.0-28.5 MHz,5,1,5.260000,13.990000,19.250000,11974999.999974,3.226708529184e-06,1.062489193806e-06,5.209891639786e-07
28.0-28.5 MHz,5,1,5.260000,13.990000,19.250000,11999999.999974,2.433716679091e-06,8.047896604211e-07,3.893116929531e-07
28.0-28.5 MHz,5,1,5.260000,13.990000,19.250000,12024999.999974,3.116089996961e-06,9.805490576984e-07,4.782674347201e-07
28.0-28.5 MHz,5,1,5.260000,13.990000,19.250000,12049999.999974,2.160688476624e-06,6.615607823074e-07,3.327109101628e-07
28.0-28.5 MHz,5,1,5.260000,13.990000,19.250000,12074999.999974,2.387559699195e-06,7.472188984345e-07,3.824123803593e-07
28.0-28.5 MHz,5,1,5.260000,13.990000,19.250000,12099999.999973,3.675774686833e-06,1.130473923308e-06,5.736525017425e-07
28.0-28.5 MHz,5,1,5.260000,13.990000,19.250000,12124999.999973,4.212784620213e-06,1.290844529794e-06,6.467202280302e-07
28.0-28.5 MHz,5,1,5.260000,13.990000,19.250000,12149999.999973,3.199732380839e-06,9.982211675241e-07,4.965647351094e-07
28.0-28.5 MHz,5,1,5.260000,13.990000,19.250000,12174999.999973,2.399961495653e-07,9.411129815012e-08,4.466637218556e-08
28.0-28.5 MHz,5,1,5.260000,13.990000,19.250000,12199999.999973,2.878261046520e-06,8.041123014294e-07,4.118637677465e-07
28.0-28.5 MHz,5,1,5.260000,13.990000,19.250000,12224999.999973,2.240996016307e-06,6.296972613881e-07,3.214751615111e-07
28.0-28.5 MHz,5,1,5.260000,13.990000,19.250000,12249999.999973,1.135215479153e-06,3.560194648679e-07,1.779229990550e-07
28.0-28.5 MHz,5,1,5.260000,13.990000,19.250000,12274999.999973,4.704252337807e-06,1.490679049802e-06,7.446225064143e-07
28.0-28.5 MHz,5,1,5.260000,13.990000,19.250000,12299999.999973,1.694884871763e-05,5.403888433509e-06,2.670171869117e-06
28.0-28.5 MHz,5,1,5.260000,13.990000,19.250000,12324999.999973,1.527863536069e-05,4.853169402889e-06,2.405761300010e-06
28.0-28.5 MHz,5,1,5.260000,13.990000,19.250000,12349999.999973,6.475563714687e-06,2.042179474017e-06,1.031071177384e-06
28.0-28.5 MHz,5,1,5.260000,13.990000,19.250000,12374999.999973,6.051952271253e-06,1.914828493514e-06,9.605746735695e-07
28.0-28.5 MHz,5,1,5.260000,13.990000,19.250000,12399999.999973,3.278047277213e-06,9.615066638719e-07,4.702800345231e-07
28.0-28.5 MHz,5,1,5.260000,13.990000,19.250000,12424999.999973,1.508300194000e-06,4.345987539537e-07,2.106199540980e-07
28.0-28.5 MHz,5,1,5.260000,13.990000,19.250000,12449999.999973,8.338763084130e-07,2.535224407213e-07,1.283219263562e-07
28.0-28.5 MHz,5,1,5.260000,13.990000,19.250000,12474999.999973,9.588432727281e-07,3.142792926317e-07,1.671586294190e-07
28.0-28.5 MHz,5,1,5.260000,13.990000,19.250000,12499999.999973,7.333581337452e-07,2.271548029948e-07,1.470109873037e-07
28.0-28.5 MHz,5,1,5.260000,13.990000,19.250000,12524999.999973,2.590594247985e-06,8.321521109015e-07,4.378818250747e-07
28.0-28.5 MHz,5,1,5.260000,13.990000,19.250000,12549999.999972,3.620239471709e-06,1.153468063752e-06,5.837687824264e-07
28.0-28.5 MHz,5,1,5.260000,13.990000,19.250000,12574999.999972,3.947334880121e-06,1.308667107135e-06,6.568532438498e-07
28.0-28.5 MHz,5,1,5.260000,13.990000,19.250000,12599999.999972,3.804063376320e-06,1.260212641985e-06,6.499683934388e-07
28.0-28.5 MHz,5,1,5.260000,13.990000,19.250000,12624999.999972,1.704294076152e-06,5.403744514593e-07,2.892778331244e-07
28.0-28.5 MHz,5,1,5.260000,13.990000,19.250000,12649999.999972,2.837074672530e-06,9.343504244299e-07,4.814243952841e-07
28.0-28.5 MHz,5,1,5.260000,13.990000,19.250000,12674999.999972,9.460017059826e-07,2.794764796941e-07,1.576316870890e-07
28.0-28.5 MHz,5,1,5.260000,13.990000,19.250000,12699999.999972,2.391150336877e-06,8.345710460051e-07,4.121991700428e-07
28.0-28.5 MHz,5,1,5.260000,13.990000,19.250000,12724999.999972,1.540724242515e-06,4.898172600804e-07,2.494283068477e-07
28.0-28.5 MHz,5,1,5.260000,13.990000,19.250000,12749999.999972,2.416184804513e-06,8.114448115617e-07,3.913190845993e-07
28.0-28.5 MHz,5,1,5.260000,13.990000,19.250000,12774999.999972,1.314113862028e-06,4.515061640394e-07,2.211115364825e-07
28.0-28.5 MHz,5,1,5.260000,13.990000,19.250000,12799999.999972,2.443402826885e-06,8.102311608137e-07,3.979854462557e-07
28.0-28.5 MHz,5,1,5.260000,13.990000,19.250000,12824999.999972,1.479671251853e-06,4.566844409548e-07,2.369985045319e-07
28.0-28.5 MHz,5,1,5.260000,13.990000,19.250000,12849999.999972,2.066897747306e-06,7.041092966326e-07,3.572052920791e-07
28.0-28.5 MHz,5,1,5.260000,13.990000,19.250000,12874999.999972,1.669429938750e-06,5.695564214217e-07,3.038667703213e-07
28.0-28.5 MHz,5,1,5.260000,13.990000,19.250000,12899999.999972,1.237058613580e-06,4.064579923393e-07,2.277690687264e-07
28.0-28.5 MHz,5,1,5.260000,13.990000,19.250000,12924999.999972,1.888259415008e-06,6.298624182824e-07,3.311897661678e-07
28.0-28.5 MHz,5,1,5.260000,13.990000,19.250000,12949999.999972,1.788796751652e-06,6.004783165474e-07,2.888469602172e-07
28.0-28.5 MHz,5,1,5.260000,13.990000,19.250000,12974999.999972,1.878775319188e-06,5.894639428024e-07,3.223372898005e-07
28.0-28.5 MHz,5,1,5.260000,13.990000,19.250000,12999999.999971,1.352227921584e-06,4.317485459828e-07,2.362119931926e-07
28.0-28.5 MHz,5,1,5.260000,13.990000,19.250000,13024999.999971,7.883067798569e-07,2.697702205092e-07,1.307232658760e-07
28.0-28.5 MHz,5,1,5.260000,13.990000,19.250000,13049999.999971,1.249647149236e-06,4.519443113166e-07,2.129528314927e-07
28.0-28.5 MHz,5,1,5.260000,13.990000,19.250000,13074999.999971,7.708929616439e-07,2.473450454707e-07,1.175353941890e-07
28.0-28.5 MHz,5,1,5.260000,13.990000,19.250000,13099999.999971,1.279499940359e-06,4.794239205715e-07,1.958508553889e-07
28.0-28.5 MHz,5,1,5.260000,13.990000,19.250000,13124999.999971,1.535578022265e-06,5.434522280682e-07,2.426459169441e-07
28.0-28.5 MHz,5,1,5.260000,13.990000,19.250000,13149999.999971,7.742172253238e-07,2.399650082984e-07,1.142632891393e-07
28.0-28.5 MHz,5,1,5.260000,13.990000,19.250000,13174999.999971,1.181661849446e-06,4.050470924277e-07,1.972251337955e-07
28.0-28.5 MHz,5,1,5.260000,13.990000,19.250000,13199999.999971,3.222541049655e-06,1.073634551541e-06,5.456275992150e-07
28.0-28.5 MHz,5,1,5.260000,13.990000,19.250000,13224999.999971,3.449777538248e-06,1.165700374424e-06,5.996552733784e-07
28.0-28.5 MHz,5,1,5.260000,13.990000,19.250000,13249999.999971,4.552384290377e-06,1.540214146296e-06,7.856291164828e-07
28.0-28.5 MHz,5,1,5.260000,13.990000,19.250000,13274999.999971,3.425727562637e-06,1.171465399019e-06,5.992070653586e-07
28.0-28.5 MHz,5,1,5.260000,13.990000,19.250000,13299999.999971,2.730020736990e-06,9.272161524722e-07,4.819710527472e-07
28.0-28.5 MHz,5,1,5.260000,13.990000,19.250000,13324999.999971,3.562329295582e-06,1.207131018313e-06,6.105477762068e-07
28.0-28.5 MHz,5,1,5.260000,13.990000,19.250000,13349999.999971,2.720689988975e-07,1.271725157906e-07,6.935163532480e-08
28.0-28.5 MHz,5,1,5.260000,13.990000,19.250000,13374999.999971,2.891638972192e-06,9.591771951841e-07,4.459535411762e-07
28.0-28.5 MHz,5,1,5.260000,13.990000,19.250000,13399999.999971,1.882655596982e-06,6.090959444521e-07,2.799027582706e-07
28.0-28.5 MHz,5,1,5.260000,13.990000,19.250000,13424999.999971,1.712989868170e-06,5.861605850397e-07,3.002850945476e-07
28.0-28.5 MHz,5,1,5.260000,13.990000,19.250000,13449999.999971,7.954931866409e-07,2.720678214282e-07,1.441833795660e-07
28.0-28.5 MHz,5,1,5.260000,13.990000,19.250000,13474999.999970,9.404061790071e-07,3.370419525318e-07,2.256990603300e-07
28.0-28.5 MHz,5,1,5.260000,13.990000,19.250000,13499999.999970,2.811157873173e-06,9.499779142124e-07,5.149699602942e-07
28.0-28.5 MHz,5,1,5.260000,13.990000,19.250000,13524999.999970,2.669579076421e-06,9.526492436397e-07,4.575752048176e-07
28.0-28.5 MHz,5,1,5.260000,13.990000,19.250000,13549999.999970,2.255304118706e-06,8.353756067249e-07,4.266558025123e-07
28.0-28.5 MHz,5,1,5.260000,13.990000,19.250000,13574999.999970,7.870787753280e-06,2.685017399435e-06,1.350332660425e-06
28.0-28.5 MHz,5,1,5.260000,13.990000,19.250000,13599999.999970,3.718289357417e-06,1.208966885358e-06,6.229938208432e-07
28.0-28.5 MHz,5,1,5.260000,13.990000,19.250000,13624999.999970,9.915055691424e-06,3.420028587849e-06,1.666203173083e-06
28.0-28.5 MHz,5,1,5.260000,13.990000,19.250000,13649999.999970,9.842087986268e-06,3.505816420764e-06,1.756565379070e-06
28.0-28.5 MHz,5,1,5.260000,13.990000,19.250000,13674999.999970,8.889294701979e-06,2.994802129779e-06,1.486148109848e-06
28.0-28.5 MHz,5,1,5.260000,13.990000,19.250000,13699999.999970,1.312702734676e-05,4.702142233260e-06,2.322540868487e-06
28.0-28.5 MHz,5,1,5.260000,13.990000,19.250000,13724999.999970,9.596467665220e-06,3.296900638131e-06,1.623382499284e-06
28.0-28.5 MHz,5,1,5.260000,13.990000,19.250000,13749999.999970,8.403516114583e-06,2.777160241063e-06,1.390491361776e-06
28.0-28.5 MHz,5,1,5.260000,13.990000,19.250000,13774999.999970,1.836821938962e-05,6.314497949802e-06,3.166339948655e-06
28.0-28.5 MHz,5,1,5.260000,13.990000,19.250000,13799999.999970,5.295771680718e-06,2.546996755802e-06,1.248020280200e-06
28.0-28.5 MHz,5,1,5.260000,13.990000,19.250000,13824999.999970,5.128033692689e-05,1.780819686543e-05,8.898297615632e-06
28.0-28.5 MHz,5,1,5.260000,13.990000,19.250000,13849999.999970,2.456449416496e-05,7.352811647184e-06,3.790030614972e-06
28.0-28.5 MHz,5,1,5.260000,13.990000,19.250000,13874999.999970,6.948211397516e-05,2.237824049345e-05,1.100123702667e-05
28.0-28.5 MHz,5,1,5.260000,13.990000,19.250000,13899999.999970,1.453796303111e-04,4.671770794750e-05,2.361523296906e-05
28.0-28.5 MHz,5,1,5.260000,13.990000,19.250000,13924999.999969,4.318300894694e-04,1.399912195269e-04,7.023177473326e-05
28.0-28.5 MHz,5,1,5.260000,13.990000,19.250000,13949999.999969,2.529756514052e-03,8.144369799273e-04,4.088076211327e-04
28.0-28.5 MHz,5,1,5.260000,13.990000,19.250000,13974999.999969,1.649160323012e-02,5.315329649272e-03,2.667946467032e-03
28.0-28.5 MHz,5,1,5.260000,13.990000,19.250000,13999999.999969,1.884287641504e-02,6.073699689986e-03,3.048599213569e-03
28.0-28.5 MHz,5,1,5.260000,13.990000,19.250000,14024999.999969,4.694464859488e-03,1.512970266301e-03,7.594523267174e-04
28.0-28.5 MHz,5,1,5.260000,13.990000,19.250000,14049999.999969,5.730759544008e-04,1.851269710664e-04,9.284564242099e-05
28.0-28.5 MHz,5,1,5.260000,13.990000,19.250000,14074999.999969,1.706807437976e-04,5.504575556175e-05,2.759240150394e-05
28.0-28.5 MHz,5,1,5.260000,13.990000,19.250000,14099999.999969,7.924944361618e-05,2.532239881167e-05,1.284473559069e-05
28.0-28.5 MHz,5,1,5.260000,13.990000,19.250000,14124999.999969,3.160065936082e-05,9.715548993852e-06,4.826457200792e-06
28.0-28.5 MHz,5,1,5.260000,13.990000,19.250000,14149999.999969,5.375686658842e-05,1.911361996336e-05,9.572879072358e-06
28.0-28.5 MHz,5,1,5.260000,13.990000,19.250000,14174999.999969,1.600687936396e-05,6.069410032273e-06,3.045635071175e-06
28.0-28.5 MHz,5,1,5.260000,13.990000,19.250000,14199999.999969,2.192060769234e-05,7.613287045063e-06,3.824396035827e-06
28.0-28.5 MHz,5,1,5.260000,13.990000,19.250000,14224999.999969,8.854628138198e-06,3.513123992762e-06,1.757014536918e-06
28.0-28.5 MHz,5,1,5.260000,13.990000,19.250000,14249999.999969,7.423757466410e-06,2.773808869845e-06,1.401285815626e-06
28.0-28.5 MHz,5,1,5.260000,13.990000,19.250000,14274999.999969,1.946111732546e-05,6.995007378278e-06,3.557391169107e-06
28.0-28.5 MHz,5,1,5.260000,13.990000,19.250000,14299999.999969,7.477993894321e-06,2.829376696645e-06,1.411183051353e-06
28.0-28.5 MHz,5,1,5.260000,13.990000,19.250000,14324999.999969,1.175058704007e-05,4.514372740664e-06,2.248320062228e-06
28.0-28.5 MHz,5,1,5.260000,13.990000,19.250000,14349999.999969,1.297172083652e-05,4.907723959852e-06,2.434523030442e-06
28.0-28.5 MHz,5,1,5.260000,13.990000,19.250000,14374999.999968,2.731674791516e-06,1.205040797516e-06,5.335476674556e-07
28.0-28.5 MHz,5,1,5.260000,13.990000,19.250000,14399999.999968,8.514372795030e-06,3.261881199647e-06,1.562512274276e-06
28.0-28.5 MHz,5,1,5.260000,13.990000,19.250000,14424999.999968,4.742455533726e-06,1.846267276321e-06,9.475608729072e-07
28.0-28.5 MHz,5,1,5.260000,13.990000,19.250000,14449999.999968,4.511596423980e-06,1.605179185349e-06,8.264461033358e-07
28.0-28.5 MHz,5,1,5.260000,13.990000,19.250000,14474999.999968,3.561026335271e-06,1.437298285924e-06,6.802669780503e-07
28.0-28.5 MHz,5,1,5.260000,13.990000,19.250000,14499999.999968,2.293939649396e-06,9.094950972222e-07,4.361991882687e-07
28.0-28.5 MHz,5,1,5.260000,13.990000,19.250000,14524999.999968,1.444643481968e-06,5.304859086855e-07,2.877336699165e-07
28.0-28.5 MHz,5,1,5.260000,13.990000,19.250000,14549999.999968,2.863506151319e-06,1.037996232911e-06,5.178013500793e-07
28.0-28.5 MHz,5,1,5.260000,13.990000,19.250000,14574999.999968,1.120430318524e-06,3.743864168106e-07,1.860487688822e-07
28.0-28.5 MHz,5,1,5.260000,13.990000,19.250000,14599999.999968,4.829850612397e-06,1.824935091706e-06,9.206765292030e-07
28.0-28.5 MHz,5,1,5.260000,13.990000,19.250000,14624999.999968,2.113119545839e-06,7.496273521792e-07,3.638597860690e-07
28.0-28.5 MHz,5,1,5.260000,13.990000,19.250000,14649999.999968,5.447437328736e-06,2.082460778946e-06,1.034889831909e-06
28.0-28.5 MHz,5,1,5.260000,13.990000,19.250000,14674999.999968,4.292960009901e-06,1.681479023636e-06,8.291403015552e-07
28.0-28.5 MHz,5,1,5.260000,13.990000,19.250000,14699999.999968,5.238042394103e-06,2.054302116969e-06,1.026871213267e-06
28.0-28.5 MHz,5,1,5.260000,13.990000,19.250000,14724999.999968,7.045528673546e-06,2.772425806801e-06,1.397016906089e-06
28.0-28.5 MHz,5,1,5.260000,13.990000,19.250000,14749999.999968,5.906397311101e-06,2.356459902681e-06,1.184224243986e-06
28.0-28.5 MHz,5,1,5.260000,13.990000,19.250000,14774999.999968,5.159570791446e-06,2.077375549180e-06,1.033622898726e-06
28.0-28.5 MHz,5,1,5.260000,13.990000,19.250000,14799999.999968,1.935546423771e-06,8.080518715516e-07,3.969667238931e-07
28.0-28.5 MHz,5,1,5.260000,13.990000,19.250000,14824999.999967,5.618348996073e-07,2.142238310756e-07,8.909423981696e-08
28.0-28.5 MHz,5,1,5.260000,13.990000,19.250000,14849999.999967,2.688317604385e-06,1.081981110985e-06,5.198719462836e-07
28.0-28.5 MHz,5,1,5.260000,13.990000,19.250000,14874999.999967,2.804851576668e-06,1.105339704592e-06,5.585169729694e-07
28.0-28.5 MHz,5,1,5.260000,13.990000,19.250000,14899999.999967,1.637012849140e-06,6.232844203408e-07,3.285554415612e-07
28.0-28.5 MHz,5,1,5.260000,13.990000,19.250000,14924999.999967,2.241447025637e-06,8.900058408994e-07,4.661244270436e-07
28.0-28.5 MHz,5,1,5.260000,13.990000,19.250000,14949999.999967,1.588371682920e-06,6.224277357535e-07,3.252868226913e-07
28.0-28.5 MHz,5,1,5.260000,13.990000,19.250000,14974999.999967,2.113346704398e-06,8.449652049309e-07,4.358985166218e-07
28.0-28.5 MHz,5,1,5.260000,13.990000,19.250000,14999999.999967,3.387333113528e-06,1.335546434748e-06,6.929666961839e-07
28.0-28.5 MHz,5,1,5.260000,13.990000,19.250000,15024999.999967,3.478613439756e-06,1.367296800218e-06,6.949798956137e-07
28.0-28.5 MHz,5,1,5.260000,13.990000,19.250000,15049999.999967,4.418099649791e-06,1.781958730460e-06,8.686717281244e-07
28.0-28.5 MHz,5,1,5.260000,13.990000,19.250000,15074999.999967,2.753472817747e-06,1.111800874405e-06,5.247600326928e-07
28.0-28.5 MHz,5,1,5.260000,13.990000,19.250000,15099999.999967,3.272661860701e-06,1.353680267736e-06,6.557281322919e-07
28.0-28.5 MHz,5,1,5.260000,13.990000,19.250000,15124999.999967,4.847650353853e-06,2.013507014579e-06,9.999068313126e-07
28.0-28.5 MHz,5,1,5.260000,13.990000,19.250000,15149999.999967,2.275227478210e-06,8.689988568255e-07,4.527769235073e-07
28.0-28.5 MHz,5,1,5.260000,13.990000,19.250000,15174999.999967,8.162402616360e-06,3.276368366820e-06,1.661311167734e-06
28.0-28.5 MHz,5,1,5.260000,13.990000,19.250000,15199999.999967,4.036726292609e-06,1.625103556452e-06,8.139266573772e-07
28.0-28.5 MHz,5,1,5.260000,13.990000,19.250000,15224999.999967,7.238289300437e-06,2.949036683458e-06,1.475200602664e-06
28.0-28.5 MHz,5,1,5.260000,13.990000,19.250000,15249999.999967,2.832686967666e-06,1.170276851521e-06,6.071127635403e-07
28.0-28.5 MHz,5,1,5.260000,13.990000,19.250000,15274999.999967,8.155328647721e-06,3.450010926299e-06,1.731909644286e-06
28.0-28.5 MHz,5,1,5.260000,13.990000,19.250000,15299999.999966,2.022297519313e-06,8.100620941917e-07,4.223540462124e-07
28.0-28.5 MHz,5,1,5.260000,13.990000,19.250000,15324999.999966,6.951395223789e-06,2.963833640066e-06,1.479384393478e-06
28.0-28.5 MHz,5,1,5.260000,13.990000,19.250000,15349999.999966,4.641664974150e-06,2.009498005352e-06,9.956998837244e-07
28.0-28.5 MHz,5,1,5.260000,13.990000,19.250000,15374999.999966,1.029378692768e-05,4.303534331978e-06,2.178355117198e-06
28.0-28.5 MHz,5,1,5.260000,13.990000,19.250000,15399999.999966,1.285643688534e-05,5.397491540142e-06,2.716195522353e-06
28.0-28.5 MHz,5,1,5.260000,13.990000,19.250000,15424999.999966,1.018834610224e-05,4.305318147319e-06,2.139325048914e-06
28.0-28.5 MHz,5,1,5.260000,13.990000,19.250000,15449999.999966,7.927607752253e-06,3.343651846500e-06,1.669472611507e-06
28.0-28.5 MHz,5,1,5.260000,13.990000,19.250000,15474999.999966,2.355152684445e-06,1.019242087132e-06,5.128160455246e-07
28.0-28.5 MHz,5,1,5.260000,13.990000,19.250000,15499999.999966,4.189617440583e-06,1.814922106765e-06,8.781054182620e-07
28.0-28.5 MHz,5,1,5.260000,13.990000,19.250000,15524999.999966,2.841014057007e-06,1.220607468550e-06,6.034990527513e-07
28.0-28.5 MHz,5,1,5.260000,13.990000,19.250000,15549999.999966,1.922715259697e-06,9.451492515357e-07,4.863127808590e-07
28.0-28.5 MHz,5,1,5.260000,13.990000,19.250000,15574999.999966,6.188358481784e-06,2.694221195324e-06,1.352362537755e-06
28.0-28.5 MHz,5,1,5.260000,13.990000,19.250000,15599999.999966,1.942052419005e-05,8.348072378686e-06,4.178039220779e-06
28.0-28.5 MHz,5,1,5.260000,13.990000,19.250000,15624999.999966,2.034057748233e-05,8.766015898540e-06,4.381418777331e-06
28.0-28.5 MHz,5,1,5.260000,13.990000,19.250000,15649999.999966,4.591045219194e-05,1.986901958457e-05,9.949814449538e-06
28.0-28.5 MHz,5,1,5.260000,13.990000,19.250000,15674999.999966,6.562728911007e-05,2.845269617864e-05,1.424520823984e-05
28.0-28.5 MHz,5,1,5.260000,13.990000,19.250000,15699999.999966,2.456856837878e-05,1.068127549426e-05,5.339532544362e-06
28.0-28.5 MHz,5,1,5.260000,13.990000,19.250000,15724999.999966,2.820260466769e-06,1.257263420411e-06,6.258858314554e-07
28.0-28.5 MHz,5,1,5.260000,13.990000,19.250000,15749999.999965,1.026571994807e-04,4.497112605011e-05,2.254334065492e-05
28.0-28.5 MHz,5,1,5.260000,13.990000,19.250000,15774999.999965,2.742069045625e-04,1.201627712951e-04,6.024363852910e-05
28.0-28.5 MHz,5,1,5.260000,13.990000,19.250000,15799999.999965,1.793775914298e-04,7.860748004828e-05,3.941410737619e-05
28.0-28.5 MHz,5,1,5.260000,13.990000,19.250000,15824999.999965,3.303147689620e-06,1.448271902573e-06,7.247030575607e-07
28.0-28.5 MHz,5,1,5.260000,13.990000,19.250000,15849999.999965,1.804632713124e-05,7.984791860957e-06,3.982633856786e-06
28.0-28.5 MHz,5,1,5.260000,13.990000,19.250000,15874999.999965,1.537883198129e-05,6.829296162785e-06,3.393763313662e-06
28.0-28.5 MHz,5,1,5.260000,13.990000,19.250000,15899999.999965,1.334080038989e-05,5.924506950380e-06,2.953831239325e-06
28.0-28.5 MHz,5,1,5.260000,13.990000,19.250000,15924999.999965,6.191133331005e-06,2.782502192594e-06,1.389734802882e-06
28.0-28.5 MHz,5,1,5.260000,13.990000,19.250000,15949999.999965,1.274203512832e-05,5.754562744798e-06,2.875486861052e-06
28.0-28.5 MHz,5,1,5.260000,13.990000,19.250000,15974999.999965,1.153670072122e-05,5.222082019511e-06,2.618795856877e-06
28.0-28.5 MHz,5,1,5.260000,13.990000,19.250000,15999999.999965,1.461323318618e-05,6.633572777060e-06,3.331614727308e-06
28.0-28.5 MHz,5,1,5.260000,13.990000,19.250000,16024999.999965,1.238171717969e-05,5.619130582229e-06,2.818013677270e-06
28.0-28.5 MHz,5,1,5.260000,13.990000,19.250000,16049999.999965,6.080151548018e-06,2.838383976398e-06,1.404715628944e-06
28.0-28.5 MHz,5,1,5.260000,13.990000,19.250000,16074999.999965,6.718508131159e-06,3.141222295322e-06,1.553112669825e-06
28.0-28.5 MHz,5,1,5.260000,13.990000,19.250000,16099999.999965,4.119451634232e-06,1.950958922260e-06,9.673677362887e-07
28.0-28.5 MHz,5,1,5.260000,13.990000,19.250000,16124999.999965,3.133135692049e-06,1.457306353532e-06,7.411005366576e-07
28.0-28.5 MHz,5,1,5.260000,13.990000,19.250000,16149999.999965,3.330723521555e-06,1.546990869032e-06,7.716079047983e-07
28.0-28.5 MHz,5,1,5.260000,13.990000,19.250000,16174999.999965,3.354805605595e-06,1.565850853905e-06,7.940046475803e-07
28.0-28.5 MHz,5,1,5.260000,13.990000,19.250000,16199999.999964,3.552097012553e-06,1.662416176197e-06,8.214181442336e-07
28.0-28.5 MHz,5,1,5.260000,13.990000,19.250000,16224999.999964,5.291813252987e-06,2.439414392999e-06,1.220580184890e-06
28.0-28.5 MHz,5,1,5.260000,13.990000,19.250000,16249999.999964,1.441604561552e-06,6.270211645330e-07,3.270634801173e-07
28.0-28.5 MHz,5,1,5.260000,13.990000,19.250000,16274999.999964,5.470244473305e-06,2.559597068164e-06,1.265289290516e-06
28.0-28.5 MHz,5,1,5.260000,13.990000,19.250000,16299999.999964,3.188327814828e-06,1.475245448321e-06,7.394884710903e-07
28.0-28.5 MHz,5,1,5.260000,13.990000,19.250000,16324999.999964,6.102908633129e-06,2.935097181134e-06,1.445147470988e-06
28.0-28.5 MHz,5,1,5.260000,13.990000,19.250000,16349999.999964,5.854040351598e-06,2.790353415168e-06,1.379501918966e-06
28.0-28.5 MHz,5,1,5.260000,13.990000,19.250000,16374999.999964,6.583895013307e-06,3.158470959401e-06,1.573827290071e-06
28.0-28.5 MHz,5,1,5.260000,13.990000,19.250000,16399999.999964,9.418221271571e-06,4.477686836522e-06,2.246707664037e-06
28.0-28.5 MHz,5,1,5.260000,13.990000,19.250000,16424999.999964,3.164309987514e-06,1.519966870711e-06,7.645130677444e-07
28.0-28.5 MHz,5,1,5.260000,13.990000,19.250000,16449999.999964,3.302569428195e-06,1.549461012803e-06,7.759261953945e-07
28.0-28.5 MHz,5,1,5.260000,13.990000,19.250000,16474999.999964,1.748633042563e-06,8.255548385581e-07,4.037192837185e-07
28.0-28.5 MHz,5,1,5.260000,13.990000,19.250000,16499999.999964,7.785877065060e-07,3.973068618898e-07,1.884803708511e-07
28.0-28.5 MHz,5,1,5.260000,13.990000,19.250000,16524999.999964,1.597154111979e-06,7.653241038808e-07,3.862165785051e-07
28.0-28.5 MHz,5,1,5.260000,13.990000,19.250000,16549999.999964,3.886276117764e-06,1.878822229292e-06,9.233099616714e-07
28.0-28.5 MHz,5,1,5.260000,13.990000,19.250000,16574999.999964,6.109448831379e-06,2.965410611511e-06,1.467665986715e-06
28.0-28.5 MHz,5,1,5.260000,13.990000,19.250000,16599999.999964,5.564590399786e-06,2.711074066474e-06,1.360525249314e-06
28.0-28.5 MHz,5,1,5.260000,13.990000,19.250000,16624999.999964,5.076716837323e-06,2.497867985977e-06,1.238493989058e-06
28.0-28.5 MHz,5,1,5.260000,13.990000,19.250000,16649999.999963,4.808545110772e-06,2.354109738252e-06,1.189563243177e-06
28.0-28.5 MHz,5,1,5.260000,13.990000,19.250000,16674999.999963,2.723475260506e-06,1.281177787352e-06,6.880238086776e-07
28.0-28.5 MHz,5,1,5.260000,13.990000,19.250000,16699999.999963,1.667673231734e-06,8.413630539018e-07,3.836209056030e-07
28.0-28.5 MHz,5,1,5.260000,13.990000,19.250000,16724999.999963,2.555664370615e-06,1.333917099113e-06,6.381584385226e-07
28.0-28.5 MHz,5,1,5.260000,13.990000,19.250000,16749999.999963,1.347934908752e-06,6.957942847787e-07,3.412654095939e-07
28.0-28.5 MHz,5,1,5.260000,13.990000,19.250000,16774999.999963,3.987799989374e-06,2.036159634122e-06,1.005495842804e-06
28.0-28.5 MHz,5,1,5.260000,13.990000,19.250000,16799999.999963,3.171718155543e-06,1.586332270375e-06,7.895953204936e-07
28.0-28.5 MHz,5,1,5.260000,13.990000,19.250000,16824999.999963,3.638481636087e-06,1.912798558977e-06,9.459079547040e-07
28.0-28.5 MHz,5,1,5.260000,13.990000,19.250000,16849999.999963,7.610332500875e-06,3.920477625815e-06,1.953529846300e-06
28.0-28.5 MHz,5,1,5.260000,13.990000,19.250000,16874999.999963,4.373335489691e-06,2.198806422872e-06,1.098109086438e-06
28.0-28.5 MHz,5,1,5.260000,13.990000,19.250000,16899999.999963,4.178566191084e-06,2.118613979582e-06,1.031156847325e-06
28.0-28.5 MHz,5,1,5.260000,13.990000,19.250000,16924999.999963,1.425068954328e-06,7.302918212143e-07,3.571517810770e-07
28.0-28.5 MHz,5,1,5.260000,13.990000,19.250000,16949999.999963,8.174943655388e-06,4.311770295932e-06,2.086244593513e-06
28.0-28.5 MHz,5,1,5.260000,13.990000,19.250000,16974999.999963,6.642571612946e-06,3.471981874757e-06,1.688087199254e-06
28.0-28.5 MHz,5,1,5.260000,13.990000,19.250000,16999999.999963,4.025393817495e-06,2.090219067731e-06,1.033416265854e-06
28.0-28.5 MHz,5,1,5.260000,13.990000,19.250000,17024999.999963,3.768478424481e-06,1.923167922212e-06,9.476014095401e-07
28.0-28.5 MHz,5,1,5.260000,13.990000,19.250000,17049999.999963,2.681365634098e-06,1.532851769672e-06,7.361889217577e-07
28.0-28.5 MHz,5,1,5.260000,13.990000,19.250000,17074999.999963,4.998393396477e-06,2.741349235804e-06,1.333697051107e-06
28.0-28.5 MHz,5,1,5.260000,13.990000,19.250000,17099999.999963,1.476257600073e-06,8.317594795361e-07,4.097298361907e-07
28.0-28.5 MHz,5,1,5.260000,13.990000,19.250000,17124999.999962,2.257186661311e-06,1.130558174947e-06,5.525302840877e-07
28.0-28.5 MHz,5,1,5.260000,13.990000,19.250000,17149999.999962,3.478036572209e-06,1.864779826742e-06,9.387099616419e-07
28.0-28.5 MHz,5,1,5.260000,13.990000,19.250000,17174999.999962,4.337890246638e-06,2.349937710476e-06,1.260502923971e-06
28.0-28.5 MHz,5,1,5.260000,13.990000,19.250000,17199999.999962,3.567640118361e-06,1.923231193149e-06,1.012118808458e-06
28.0-28.5 MHz,5,1,5.260000,13.990000,19.250000,17224999.999962,1.214731824963e-06,4.555652511772e-07,2.566202051812e-07
28.0-28.5 MHz,5,1,5.260000,13.990000,19.250000,17249999.999962,1.319516790850e-06,7.591306087227e-07,3.939670302479e-07
28.0-28.5 MHz,5,1,5.260000,13.990000,19.250000,17274999.999962,5.059806785051e-06,2.690358982684e-06,1.387957951867e-06
28.0-28.5 MHz,5,1,5.260000,13.990000,19.250000,17299999.999962,5.382479303978e-06,2.947376499981e-06,1.515865233220e-06
28.0-28.5 MHz,5,1,5.260000,13.990000,19.250000,17324999.999962,9.195963728380e-06,4.967068909284e-06,2.532094007208e-06
28.0-28.5 MHz,5,1,5.260000,13.990000,19.250000,17349999.999962,1.714128932708e-05,9.242615860716e-06,4.689297097943e-06
28.0-28.5 MHz,5,1,5.260000,13.990000,19.250000,17374999.999962,1.240303885454e-05,6.645406790406e-06,3.332917745627e-06
28.0-28.5 MHz,5,1,5.260000,13.990000,19.250000,17399999.999962,6.209635897587e-06,3.306198461217e-06,1.639171292039e-06
28.0-28.5 MHz,5,1,5.260000,13.990000,19.250000,17424999.999962,7.962994551069e-06,5.199460701889e-06,2.624076350834e-06
28.0-28.5 MHz,5,1,5.260000,13.990000,19.250000,17449999.999962,3.613487645475e-05,2.255375990231e-05,1.151585730373e-05
28.0-28.5 MHz,5,1,5.260000,13.990000,19.250000,17474999.999962,3.337811545057e-05,2.069375251963e-05,1.055137311003e-05
28.0-28.5 MHz,5,1,5.260000,13.990000,19.250000,17499999.999962,6.237907880563e-06,3.802992942181e-06,1.944106462175e-06
28.0-28.5 MHz,5,1,5.260000,13.990000,19.250000,17524999.999962,2.571194125672e-06,1.515537474941e-06,7.599023952439e-07
28.0-28.5 MHz,5,1,5.260000,13.990000,19.250000,17549999.999962,1.422053586982e-05,7.997843703904e-06,4.008848492893e-06
28.0-28.5 MHz,5,1,5.260000,13.990000,19.250000,17574999.999961,1.946122239091e-05,1.091872428591e-05,5.498203197850e-06
28.0-28.5 MHz,5,1,5.260000,13.990000,19.250000,17599999.999961,8.477878427410e-06,4.742022730214e-06,2.412240709553e-06
28.0-28.5 MHz,5,1,5.260000,13.990000,19.250000,17624999.999961,4.236680246333e-06,2.197579582388e-06,1.154872449036e-06
28.0-28.5 MHz,5,1,5.260000,13.990000,19.250000,17649999.999961,4.215651026626e-06,2.285647038944e-06,1.146118744789e-06
28.0-28.5 MHz,5,1,5.260000,13.990000,19.250000,17674999.999961,2.799084111784e-06,1.661949106594e-06,7.622479030300e-07
28.0-28.5 MHz,5,1,5.260000,13.990000,19.250000,17699999.999961,8.889339528290e-07,5.160100757220e-07,1.995874103906e-07
28.0-28.5 MHz,5,1,5.260000,13.990000,19.250000,17724999.999961,4.576551098874e-06,2.734121896347e-06,1.339702341467e-06
28.0-28.5 MHz,5,1,5.260000,13.990000,19.250000,17749999.999961,5.561050178875e-06,3.373295504129e-06,1.648907496713e-06
28.0-28.5 MHz,5,1,5.260000,13.990000,19.250000,17774999.999961,1.170317257632e-06,7.792703781020e-07,3.898469466026e-07
28.0-28.5 MHz,5,1,5.260000,13.990000,19.250000,17799999.999961,1.301527763068e-06,9.854315447068e-07,4.447976980582e-07
28.0-28.5 MHz,5,1,5.260000,13.990000,19.250000,17824999.999961,4.977259006940e-06,2.971265217164e-06,1.490894462553e-06
28.0-28.5 MHz,5,1,5.260000,13.990000,19.250000,17849999.999961,1.036141835296e-05,6.174960727745e-06,3.101952139484e-06
28.0-28.5 MHz,5,1,5.260000,13.990000,19.250000,17874999.999961,5.537700627929e-06,3.273349552269e-06,1.655413294330e-06
28.0-28.5 MHz,5,1,5.260000,13.990000,19.250000,17899999.999961,1.859791266626e-06,1.123086063806e-06,5.366305779273e-07
28.0-28.5 MHz,5,1,5.260000,13.990000,19.250000,17924999.999961,1.966268885756e-06,1.133793987333e-06,5.807163149771e-07
28.0-28.5 MHz,5,1,5.260000,13.990000,19.250000,17949999.999961,4.423024784843e-06,2.804084272809e-06,1.326337254883e-06
28.0-28.5 MHz,5,1,5.260000,13.990000,19.250000,17974999.999961,3.748243943123e-06,2.370087194720e-06,1.097573505478e-06
28.0-28.5 MHz,5,1,5.260000,13.990000,19.250000,17999999.999961,2.743228717111e-06,1.696828480180e-06,8.389763330996e-07
28.0-28.5 MHz,5,1,5.260000,13.990000,19.250000,18024999.999960,3.842813797735e-06,2.383056860224e-06,1.170993303890e-06
28.0-28.5 MHz,5,1,5.260000,13.990000,19.250000,18049999.999960,1.897916241453e-06,1.080054106753e-06,5.398690647248e-07
28.0-28.5 MHz,5,1,5.260000,13.990000,19.250000,18074999.999960,4.082741666357e-06,2.483272669493e-06,1.218933631279e-06
28.0-28.5 MHz,5,1,5.260000,13.990000,19.250000,18099999.999960,1.695397091206e-06,1.090171261630e-06,5.234424767362e-07
28.0-28.5 MHz,5,1,5.260000,13.990000,19.250000,18124999.999960,1.983025265115e-06,1.185558899235e-06,6.008848677975e-07
28.0-28.5 MHz,5,1,5.260000,13.990000,19.250000,18149999.999960,1.278055876887e-06,7.553494434120e-07,3.849361180962e-07
28.0-28.5 MHz,5,1,5.260000,13.990000,19.250000,18174999.999960,1.307926615766e-06,8.057001611564e-07,4.194124366163e-07
28.0-28.5 MHz,5,1,5.260000,13.990000,19.250000,18199999.999960,1.554684571342e-06,9.551018956666e-07,4.894075208115e-07
28.0-28.5 MHz,5,1,5.260000,13.990000,19.250000,18224999.999960,2.169689899501e-06,1.428007872459e-06,6.842139247473e-07
28.0-28.5 MHz,5,1,5.260000,13.990000,19.250000,18249999.999960,3.602839945028e-06,2.371894282318e-06,1.146854244414e-06
28.0-28.5 MHz,5,1,5.260000,13.990000,19.250000,18274999.999960,2.771410655552e-06,1.771506139760e-06,8.751473926383e-07
28.0-28.5 MHz,5,1,5.260000,13.990000,19.250000,18299999.999960,2.246314107918e-06,1.438281097529e-06,7.165855774074e-07
28.0-28.5 MHz,5,1,5.260000,13.990000,19.250000,18324999.999960,1.372010932850e-06,9.136535289387e-07,4.396431926516e-07
28.0-28.5 MHz,5,1,5.260000,13.990000,19.250000,18349999.999960,1.075946594560e-06,7.534945248529e-07,3.590644639371e-07
28.0-28.5 MHz,5,1,5.260000,13.990000,19.250000,18374999.999960,1.375192547291e-06,9.377786092173e-07,4.718584580954e-07
28.0-28.5 MHz,5,1,5.260000,13.990000,19.250000,18399999.999960,2.265875261845e-06,1.576052794475e-06,7.838610939053e-07
28.0-28.5 MHz,5,1,5.260000,13.990000,19.250000,18424999.999960,1.666575281844e-06,1.181941985025e-06,5.835303112997e-07
28.0-28.5 MHz,5,1,5.260000,13.990000,19.250000,18449999.999960,2.559506392945e-06,1.840769217403e-06,8.855618536227e-07
28.0-28.5 MHz,5,1,5.260000,13.990000,19.250000,18474999.999959,2.598418726631e-06,1.784573232543e-06,8.692760440887e-07
28.0-28.5 MHz,5,1,5.260000,13.990000,19.250000,18499999.999959,2.398259378867e-06,1.572764383099e-06,8.011652261674e-07
28.0-28.5 MHz,5,1,5.260000,13.990000,19.250000,18524999.999959,2.861206527087e-06,1.919997634847e-06,9.671152660185e-07
28.0-28.5 MHz,5,1,5.260000,13.990000,19.250000,18549999.999959,2.422620189528e-06,1.625232450601e-06,8.073036664154e-07
28.0-28.5 MHz,5,1,5.260000,13.990000,19.250000,18574999.999959,1.374504026470e-06,9.215662498430e-07,4.410476719634e-07
28.0-28.5 MHz,5,1,5.260000,13.990000,19.250000,18599999.999959,5.430873787985e-07,3.655871608881e-07,1.734033131818e-07
28.0-28.5 MHz,5,1,5.260000,13.990000,19.250000,18624999.999959,1.854627061429e-06,1.291179876033e-06,6.362274360623e-07
28.0-28.5 MHz,5,1,5.260000,13.990000,19.250000,18649999.999959,2.251905804560e-06,1.574428583236e-06,7.593053094109e-07
28.0-28.5 MHz,5,1,5.260000,13.990000,19.250000,18674999.999959,1.575723587788e-06,1.127447547213e-06,5.493639195328e-07
28.0-28.5 MHz,5,1,5.260000,13.990000,19.250000,18699999.999959,1.396992273921e-06,1.042929649765e-06,5.144723130390e-07
28.0-28.5 MHz,5,1,5.260000,13.990000,19.250000,18724999.999959,1.969258067604e-06,1.428187554100e-06,7.058071984493e-07
28.0-28.5 MHz,5,1,5.260000,13.990000,19.250000,18749999.999959,5.402177422916e-06,3.827039740970e-06,1.904162961558e-06
28.0-28.5 MHz,5,1,5.260000,13.990000,19.250000,18774999.999959,1.728106926912e-06,1.120490663887e-06,5.692674750538e-07
28.0-28.5 MHz,5,1,5.260000,13.990000,19.250000,18799999.999959,3.549323258704e-06,2.621358510683e-06,1.299638766210e-06
28.0-28.5 MHz,5,1,5.260000,13.990000,19.250000,18824999.999959,1.984998727712e-06,1.449913354003e-06,7.402358185963e-07
28.0-28.5 MHz,5,1,5.260000,13.990000,19.250000,18849999.999959,2.764529950879e-06,1.898715719330e-06,9.411704607628e-07
28.0-28.5 MHz,5,1,5.260000,13.990000,19.250000,18874999.999959,7.825753727519e-07,6.037273227239e-07,2.913057833694e-07
28.0-28.5 MHz,5,1,5.260000,13.990000,19.250000,18899999.999959,6.122242180307e-06,4.509301161687e-06,2.232166010589e-06
28.0-28.5 MHz,5,1,5.260000,13.990000,19.250000,18924999.999959,6.169125022006e-06,4.556219069188e-06,2.261039342699e-06
28.0-28.5 MHz,5,1,5.260000,13.990000,19.250000,18949999.999958,3.594185970174e-06,2.754543946278e-06,1.345822445865e-06
28.0-28.5 MHz,5,1,5.260000,13.990000,19.250000,18974999.999958,5.826821434477e-06,4.387849049096e-06,2.168776872572e-06
28.0-28.5 MHz,5,1,5.260000,13.990000,19.250000,18999999.999958,2.010061973036e-06,1.414489775150e-06,7.062284540186e-07
28.0-28.5 MHz,5,1,5.260000,13.990000,19.250000,19024999.999958,3.190065405684e-06,2.415647525419e-06,1.189439837570e-06
28.0-28.5 MHz,5,1,5.260000,13.990000,19.250000,19049999.999958,1.825867642869e-06,1.405265423049e-06,6.760903987589e-07
28.0-28.5 MHz,5,1,5.260000,13.990000,19.250000,19074999.999958,3.584803011713e-06,2.693373361128e-06,1.347157541891e-06
28.0-28.5 MHz,5,1,5.260000,13.990000,19.250000,19099999.999958,3.050981257498e-06,2.269292886291e-06,1.135128816630e-06
28.0-28.5 MHz,5,1,5.260000,13.990000,19.250000,19124999.999958,2.495644060938e-06,2.002361442287e-06,9.914148141911e-07
28.0-28.5 MHz,5,1,5.260000,13.990000,19.250000,19149999.999958,4.625440767801e-06,3.875759988382e-06,1.909619822138e-06
28.0-28.5 MHz,5,1,5.260000,13.990000,19.250000,19174999.999958,2.604310627683e-06,2.217317430261e-06,1.100857641810e-06
28.0-28.5 MHz,5,1,5.260000,13.990000,19.250000,19199999.999958,4.459244486048e-06,3.559711920045e-06,1.771287382292e-06
28.0-28.5 MHz,5,1,5.260000,13.990000,19.250000,19224999.999958,1.247106774206e-01,9.897958690651e-02,4.930427210196e-02
28.0-28.5 MHz,5,1,5.260000,13.990000,19.250000,19249999.999958,2.494023230816e-01,1.979439388660e-01,9.860095459480e-02
28.0-28.5 MHz,5,1,5.260000,13.990000,19.250000,19274999.999958,1.247119658439e-01,9.898054636495e-02,4.930475214792e-02
28.0-28.5 MHz,5,1,5.260000,13.990000,19.250000,19299999.999958,8.573925307067e-06,6.866532062034e-06,3.420521034153e-06
28.0-28.5 MHz,5,1,5.260000,13.990000,19.250000,19324999.999958,1.696677331229e-06,1.302680065483e-06,6.560917464641e-07
28.0-28.5 MHz,5,1,5.260000,13.990000,19.250000,19349999.999958,2.439482257096e-06,2.214207108295e-06,1.105514403811e-06
28.0-28.5 MHz,5,1,5.260000,13.990000,19.250000,19374999.999958,2.721006545745e-06,2.462830427111e-06,1.228124844988e-06
28.0-28.5 MHz,5,1,5.260000,13.990000,19.250000,19399999.999957,2.021893014756e-06,1.621720155354e-06,8.002199350449e-07
28.0-28.5 MHz,5,1,5.260000,13.990000,19.250000,19424999.999957,3.014101090403e-06,2.512320355544e-06,1.230676530249e-06
28.0-28.5 MHz,5,1,5.260000,13.990000,19.250000,19449999.999957,3.098516047710e-06,2.690485614923e-06,1.309016015510e-06
28.0-28.5 MHz,5,1,5.260000,13.990000,19.250000,19474999.999957,3.876444935851e-06,3.263725949765e-06,1.616041822990e-06
28.0-28.5 MHz,5,1,5.260000,13.990000,19.250000,19499999.999957,1.250622200068e-06,1.016692199803e-06,5.099944654041e-07
28.0-28.5 MHz,5,1,5.260000,13.990000,19.250000,19524999.999957,2.616338369930e-06,2.153860012047e-06,1.088296625527e-06
28.0-28.5 MHz,5,1,5.260000,13.990000,19.250000,19549999.999957,2.495476948109e-06,2.127168619877e-06,1.075634109110e-06
28.0-28.5 MHz,5,1,5.260000,13.990000,19.250000,19574999.999957,1.771642303082e-06,1.525582574314e-06,7.742447986983e-07
28.0-28.5 MHz,5,1,5.260000,13.990000,19.250000,19599999.999957,1.735838008800e-06,1.463802854061e-06,7.465650319271e-07
28.0-28.5 MHz,5,1,5.260000,13.990000,19.250000,19624999.999957,3.204930065442e-07,4.250444717486e-07,1.938458503529e-07
28.0-28.5 MHz,5,1,5.260000,13.990000,19.250000,19649999.999957,8.598841391006e-07,1.011545222095e-06,4.813819976140e-07
28.0-28.5 MHz,5,1,5.260000,13.990000,19.250000,19674999.999957,7.811601810491e-07,8.173587502935e-07,3.886226334891e-07
28.0-28.5 MHz,5,1,5.260000,13.990000,19.250000,19699999.999957,4.096393080212e-07,4.510101921519e-07,2.200767904648e-07
28.0-28.5 MHz,5,1,5.260000,13.990000,19.250000,19724999.999957,1.876070797401e-07,3.367035974514e-07,1.562426807557e-07
28.0-28.5 MHz,5,1,5.260000,13.990000,19.250000,19749999.999957,6.796550745390e-07,4.774811623091e-07,2.382205878540e-07
28.0-28.5 MHz,5,1,5.260000,13.990000,19.250000,19774999.999957,8.076897901092e-07,6.953288390076e-07,3.521845573543e-07
28.0-28.5 MHz,5,1,5.260000,13.990000,19.250000,19799999.999957,8.787267515899e-07,7.948240944048e-07,3.947457454805e-07
28.0-28.5 MHz,5,1,5.260000,13.990000,19.250000,19824999.999957,1.063056538696e-06,9.539210035471e-07,4.925856524953e-07
28.0-28.5 MHz,5,1,5.260000,13.990000,19.250000,19849999.999956,1.884787323052e-06,1.775898915346e-06,9.049693757947e-07
28.0-28.5 MHz,5,1,5.260000,13.990000,19.250000,19874999.999956,1.383623834056e-06,1.295056286368e-06,6.533177991492e-07
28.0-28.5 MHz,5,1,5.260000,13.990000,19.250000,19899999.999956,6.049243875068e-07,6.530925180572e-07,3.312067760149e-07
28.0-28.5 MHz,5,1,5.260000,13.990000,19.250000,19924999.999956,1.177995364105e-06,1.196506369070e-06,6.093891482732e-07
28.0-28.5 MHz,5,1,5.260000,13.990000,19.250000,19949999.999956,3.880343760175e-07,3.449180596661e-07,1.811403836027e-07
28.0-28.5 MHz,5,1,5.260000,13.990000,19.250000,19974999.999956,1.272692571716e-06,1.221072893140e-06,5.965874913193e-07
28.0-28.5 MHz,5,1,5.260000,13.990000,19.250000,19999999.999956,1.364147986118e-06,1.401590694996e-06,6.775767343515e-07
28.0-28.5 MHz,5,1,5.260000,13.990000,19.250000,20024999.999956,4.862148055297e-07,4.527796655369e-07,2.412999314153e-07
28.0-28.5 MHz,5,1,5.260000,13.990000,19.250000,20049999.999956,7.605736185467e-07,7.883582176288e-07,3.890835573665e-07
28.0-28.5 MHz,5,1,5.260000,13.990000,19.250000,20074999.999956,6.490774102451e-07,7.455620495371e-07,3.584724070642e-07
28.0-28.5 MHz,5,1,5.260000,13.990000,19.250000,20099999.999956,7.069208398242e-07,7.929780741374e-07,3.917321855977e-07
28.0-28.5 MHz,5,1,5.260000,13.990000,19.250000,20124999.999956,8.918375460433e-07,1.058194476216e-06,5.266228407762e-07
28.0-28.5 MHz,5,1,5.260000,13.990000,19.250000,20149999.999956,8.044025384019e-07,1.002063740697e-06,4.887074461334e-07
28.0-28.5 MHz,5,1,5.260000,13.990000,19.250000,20174999.999956,7.612918017763e-07,8.618936908241e-07,4.133326539229e-07
28.0-28.5 MHz,5,1,5.260000,13.990000,19.250000,20199999.999956,8.724144106757e-07,8.909999559453e-07,4.411429267978e-07
28.0-28.5 MHz,5,1,5.260000,13.990000,19.250000,20224999.999956,4.502752806836e-07,4.692733821976e-07,2.341445067838e-07
28.0-28.5 MHz,5,1,5.260000,13.990000,19.250000,20249999.999956,7.015530786490e-07,7.516626091718e-07,3.868847909841e-07
28.0-28.5 MHz,5,1,5.260000,13.990000,19.250000,20274999.999956,7.386416171214e-07,8.121346576455e-07,4.152928517169e-07
28.0-28.5 MHz,5,1,5.260000,13.990000,19.250000,20299999.999955,3.456063610744e-07,4.682431923596e-07,2.363813761511e-07
28.0-28.5 MHz,5,1,5.260000,13.990000,19.250000,20324999.999955,3.435964908401e-07,3.058637022881e-07,1.724105793951e-07
28.0-28.5 MHz,5,1,5.260000,13.990000,19.250000,20349999.999955,6.460629051180e-07,7.504692507165e-07,3.952384049891e-07
28.0-28.5 MHz,5,1,5.260000,13.990000,19.250000,20374999.999955,9.928259360142e-07,1.194487189952e-06,5.965676733509e-07
28.0-28.5 MHz,5,1,5.260000,13.990000,19.250000,20399999.999955,1.033117325661e-06,1.309798115757e-06,6.391082426715e-07
28.0-28.5 MHz,5,1,5.260000,13.990000,19.250000,20424999.999955,1.205638915438e-06,1.471264546344e-06,7.537306264222e-07
28.0-28.5 MHz,5,1,5.260000,13.990000,19.250000,20449999.999955,6.255801691186e-07,7.297453339965e-07,3.757446826371e-07
28.0-28.5 MHz,5,1,5.260000,13.990000,19.250000,20474999.999955,1.214333501188e-06,1.516262490086e-06,7.577496662676e-07
28.0-28.5 MHz,5,1,5.260000,13.990000,19.250000,20499999.999955,1.412209605850e-06,1.680842046581e-06,8.453580657747e-07
28.0-28.5 MHz,5,1,5.260000,13.990000,19.250000,20524999.999955,1.195894071498e-06,1.506989646566e-06,8.192441547586e-07
28.0-28.5 MHz,5,1,5.260000,13.990000,19.250000,20549999.999955,1.386058113228e-06,1.934789868317e-06,9.751153680897e-07
28.0-28.5 MHz,5,1,5.260000,13.990000,19.250000,20574999.999955,5.031789412011e-07,6.764906592571e-07,3.285222191248e-07
28.0-28.5 MHz,5,1,5.260000,13.990000,19.250000,20599999.999955,9.312087515516e-07,1.141442648789e-06,5.932869580114e-07
28.0-28.5 MHz,5,1,5.260000,13.990000,19.250000,20624999.999955,1.440334973087e-06,1.854213319778e-06,9.098098702174e-07
28.0-28.5 MHz,5,1,5.260000,13.990000,19.250000,20649999.999955,1.977771814082e-06,2.497386546905e-06,1.224320757530e-06
28.0-28.5 MHz,5,1,5.260000,13.990000,19.250000,20674999.999955,1.211547608939e-06,1.527960166722e-06,7.724294304659e-07
28.0-28.5 MHz,5,1,5.260000,13.990000,19.250000,20699999.999955,3.235353344989e-06,4.560189015800e-06,2.275755593700e-06
28.0-28.5 MHz,5,1,5.260000,13.990000,19.250000,20724999.999955,2.338498357398e-06,3.114107036285e-06,1.551081506486e-06
28.0-28.5 MHz,5,1,5.260000,13.990000,19.250000,20749999.999955,9.742562980640e-07,1.013173745233e-06,4.244547996926e-07
28.0-28.5 MHz,5,1,5.260000,13.990000,19.250000,20774999.999954,5.983075610976e-07,6.733971693898e-07,2.639202281939e-07
28.0-28.5 MHz,5,1,5.260000,13.990000,19.250000,20799999.999954,8.090002777726e-07,1.341781348858e-06,6.873507356479e-07
28.0-28.5 MHz,5,1,5.260000,13.990000,19.250000,20824999.999954,1.346642382929e-06,2.147130172190e-06,1.079493155298e-06
28.0-28.5 MHz,5,1,5.260000,13.990000,19.250000,20849999.999954,9.203836669262e-07,1.362221427556e-06,6.747345291807e-07
28.0-28.5 MHz,5,1,5.260000,13.990000,19.250000,20874999.999954,1.555883287979e-06,2.396047521098e-06,1.165386471066e-06
28.0-28.5 MHz,5,1,5.260000,13.990000,19.250000,20899999.999954,3.016916742665e-06,4.415299780882e-06,2.151618953537e-06
28.0-28.5 MHz,5,1,5.260000,13.990000,19.250000,20924999.999954,6.855616669504e-06,9.709625602919e-06,4.769343835457e-06
28.0-28.5 MHz,5,1,5.260000,13.990000,19.250000,20949999.999954,4.969285841015e-06,6.971739120414e-06,3.431835516113e-06
28.0-28.5 MHz,5,1,5.260000,13.990000,19.250000,20974999.999954,2.809665747000e-07,1.831116062379e-07,9.960470009303e-08
28.0-28.5 MHz,5,1,5.260000,13.990000,19.250000,20999999.999954,1.053569224000e-06,1.586545815964e-06,7.665876622470e-07
28.0-28.5 MHz,5,1,5.260000,13.990000,19.250000,21024999.999954,7.133357396733e-06,1.189188532565e-05,5.644593680109e-06
28.0-28.5 MHz,5,1,5.260000,13.990000,19.250000,21049999.999954,7.749510641525e-06,1.312650036801e-05,6.208251844206e-06
28.0-28.5 MHz,5,1,5.260000,13.990000,19.250000,21074999.999954,3.184526571060e-06,5.454660334266e-06,2.650356671629e-06
28.0-28.5 MHz,5,1,5.260000,13.990000,19.250000,21099999.999954,2.474110442508e-06,4.367216466995e-06,2.220933184553e-06
28.0-28.5 MHz,5,1,5.260000,13.990000,19.250000,21124999.999954,4.643091549776e-07,1.357546003070e-06,6.406776964053e-07
28.0-28.5 MHz,5,1,5.260000,13.990000,19.250000,21149999.999954,2.911846942653e-06,4.084792889327e-06,2.074287014628e-06
28.0-28.5 MHz,5,1,5.260000,13.990000,19.250000,21174999.999954,1.308764343500e-06,1.789830796209e-06,9.041487286176e-07
28.0-28.5 MHz,5,1,5.260000,13.990000,19.250000,21199999.999954,2.346122605066e-07,5.040412638540e-07,2.043245992960e-07
28.0-28.5 MHz,5,1,5.260000,13.990000,19.250000,21224999.999953,2.140916718854e-07,5.205522394472e-07,2.468598101595e-07
28.0-28.5 MHz,5,1,5.260000,13.990000,19.250000,21249999.999953,1.262265408349e-06,2.490201958560e-06,1.248721595444e-06
28.0-28.5 MHz,5,1,5.260000,13.990000,19.250000,21274999.999953,1.222375388127e-06,2.598650224434e-06,1.297098369964e-06
28.0-28.5 MHz,5,1,5.260000,13.990000,19.250000,21299999.999953,6.996933960480e-07,1.361220296551e-06,7.220766832092e-07
28.0-28.5 MHz,5,1,5.260000,13.990000,19.250000,21324999.999953,5.913511327534e-07,9.456661653380e-07,5.429190213498e-07
28.0-28.5 MHz,5,1,5.260000,13.990000,19.250000,21349999.999953,7.348983404554e-07,1.202074993011e-06,5.901512984877e-07
28.0-28.5 MHz,5,1,5.260000,13.990000,19.250000,21374999.999953,1.388995475013e-06,2.198566543034e-06,1.144849645574e-06
28.0-28.5 MHz,5,1,5.260000,13.990000,19.250000,21399999.999953,2.211315597630e-07,3.005218291149e-07,1.121645727333e-07
28.0-28.5 MHz,5,1,5.260000,13.990000,19.250000,21424999.999953,1.492847003249e-06,2.393304121785e-06,1.175673909415e-06
28.0-28.5 MHz,5,1,5.260000,13.990000,19.250000,21449999.999953,1.125650178004e-06,1.710296018089e-06,8.417060625345e-07
28.0-28.5 MHz,5,1,5.260000,13.990000,19.250000,21474999.999953,5.699047507532e-07,1.133279067958e-06,5.709647548758e-07
28.0-28.5 MHz,5,1,5.260000,13.990000,19.250000,21499999.999953,8.453377267002e-07,1.655932449379e-06,8.306054685433e-07
28.0-28.5 MHz,5,1,5.260000,13.990000,19.250000,21524999.999953,1.183643743752e-06,2.717887086061e-06,1.315741074603e-06
28.0-28.5 MHz,5,1,5.260000,13.990000,19.250000,21549999.999953,1.221639379579e-06,2.933852655962e-06,1.414676593346e-06
28.0-28.5 MHz,5,1,5.260000,13.990000,19.250000,21574999.999953,6.969970611035e-07,1.467394953435e-06,7.197855807863e-07
28.0-28.5 MHz,5,1,5.260000,13.990000,19.250000,21599999.999953,6.086360373149e-07,1.215908835537e-06,6.222012171114e-07
28.0-28.5 MHz,5,1,5.260000,13.990000,19.250000,21624999.999953,4.553564146011e-07,9.271720388220e-07,4.742621426964e-07
28.0-28.5 MHz,5,1,5.260000,13.990000,19.250000,21649999.999953,5.593811188443e-07,1.206735417213e-06,6.014999170658e-07
28.0-28.5 MHz,5,1,5.260000,13.990000,19.250000,21674999.999952,3.553161308928e-07,9.721712180319e-07,4.792107342499e-07
28.0-28.5 MHz,5,1,5.260000,13.990000,19.250000,21699999.999952,4.207547218132e-07,7.904316862461e-07,3.896927739772e-07
28.0-28.5 MHz,5,1,5.260000,13.990000,19.250000,21724999.999952,4.535519013076e-07,7.873100849169e-07,3.849001016118e-07
28.0-28.5 MHz,5,1,5.260000,13.990000,19.250000,21749999.999952,1.270329967824e-07,2.651360030807e-07,1.167902121751e-07
28.0-28.5 MHz,5,1,5.260000,13.990000,19.250000,21774999.999952,3.903103676817e-07,9.792707418371e-07,4.673134578516e-07
28.0-28.5 MHz,5,1,5.260000,13.990000,19.250000,21799999.999952,3.574767315773e-07,8.973051583108e-07,4.218461953721e-07
28.0-28.5 MHz,5,1,5.260000,13.990000,19.250000,21824999.999952,4.784592853293e-07,1.268948455318e-06,6.373643753523e-07
28.0-28.5 MHz,5,1,5.260000,13.990000,19.250000,21849999.999952,1.709709707369e-07,3.848432063195e-07,1.941040305815e-07
28.0-28.5 MHz,5,1,5.260000,13.990000,19.250000,21874999.999952,4.145134154018e-07,9.615225090387e-07,4.600863538443e-07
28.0-28.5 MHz,5,1,5.260000,13.990000,19.250000,21899999.999952,1.006920393540e-06,2.127953595727e-06,1.060436803981e-06
28.0-28.5 MHz,5,1,5.260000,13.990000,19.250000,21924999.999952,9.806678361060e-07,2.092127892357e-06,1.063389783295e-06
28.0-28.5 MHz,5,1,5.260000,13.990000,19.250000,21949999.999952,5.162216285569e-07,1.048369448933e-06,5.409944613916e-07
28.0-28.5 MHz,5,1,5.260000,13.990000,19.250000,21974999.999952,1.258538701382e-07,2.270569323696e-07,1.196267173321e-07
28.0-28.5 MHz,5,1,5.260000,13.990000,19.250000,21999999.999952,3.469873558372e-07,1.089335390631e-06,5.414547298698e-07
28.0-28.5 MHz,5,1,5.260000,13.990000,19.250000,22024999.999952,3.413662011255e-07,1.040882170680e-06,5.158964536781e-07
28.0-28.5 MHz,5,1,5.260000,13.990000,19.250000,22049999.999952,1.636692135805e-07,5.280994418608e-07,2.893861327438e-07
28.0-28.5 MHz,5,1,5.260000,13.990000,19.250000,22074999.999952,7.114463640420e-07,1.723385274004e-06,8.699819957995e-07
28.0-28.5 MHz,5,1,5.260000,13.990000,19.250000,22099999.999952,1.245609090710e-06,2.946485216780e-06,1.461824738486e-06
28.0-28.5 MHz,5,1,5.260000,13.990000,19.250000,22124999.999951,5.903661458132e-07,1.439162248336e-06,7.058242055283e-07
28.0-28.5 MHz,5,1,5.260000,13.990000,19.250000,22149999.999951,4.341905170858e-07,1.004547112348e-06,5.015007366841e-07
28.0-28.5 MHz,5,1,5.260000,13.990000,19.250000,22174999.999951,6.753388157197e-07,1.674000140519e-06,8.329232843771e-07
28.0-28.5 MHz,5,1,5.260000,13.990000,19.250000,22199999.999951,5.495097285157e-07,1.196376624671e-06,6.086278060485e-07
28.0-28.5 MHz,5,1,5.260000,13.990000,19.250000,22224999.999951,6.175584028339e-07,1.339806494880e-06,6.696659656880e-07
28.0-28.5 MHz,5,1,5.260000,13.990000,19.250000,22249999.999951,4.713366111924e-07,1.269627324331e-06,6.244818456780e-07
28.0-28.5 MHz,5,1,5.260000,13.990000,19.250000,22274999.999951,3.097326362473e-07,1.177516711389e-06,5.825164282427e-07
28.0-28.5 MHz,5,1,5.260000,13.990000,19.250000,22299999.999951,8.948489375939e-07,2.105916614753e-06,1.037818934651e-06
28.0-28.5 MHz,5,1,5.260000,13.990000,19.250000,22324999.999951,1.287247047657e-06,3.307414894570e-06,1.644624628164e-06
28.0-28.5 MHz,5,1,5.260000,13.990000,19.250000,22349999.999951,6.664422975518e-07,1.648179444081e-06,8.235933889892e-07
28.0-28.5 MHz,5,1,5.260000,13.990000,19.250000,22374999.999951,7.946275907715e-07,1.656454795813e-06,8.003039581556e-07
28.0-28.5 MHz,5,1,5.260000,13.990000,19.250000,22399999.999951,8.049945686890e-07,1.998533854277e-06,9.928788866646e-07
28.0-28.5 MHz,5,1,5.260000,13.990000,19.250000,22424999.999951,8.123810978281e-07,2.293964748620e-06,1.145466194148e-06
28.0-28.5 MHz,5,1,5.260000,13.990000,19.250000,22449999.999951,1.220104590196e-06,3.577392523972e-06,1.769772043322e-06
28.0-28.5 MHz,5,1,5.260000,13.990000,19.250000,22474999.999951,1.284811144095e-06,3.357938975104e-06,1.682706646358e-06
28.0-28.5 MHz,5,1,5.260000,13.990000,19.250000,22499999.999951,2.044969531012e-06,5.107967013018e-06,2.556484244848e-06
28.0-28.5 MHz,5,1,5.260000,13.990000,19.250000,22524999.999951,1.988753228616e-06,5.119862719354e-06,2.553184642028e-06
28.0-28.5 MHz,5,1,5.260000,13.990000,19.250000,22549999.999951,4.147132475752e-06,1.012637936772e-05,5.023248636755e-06
28.0-28.5 MHz,5,1,5.260000,13.990000,19.250000,22574999.999950,3.972641423206e-07,1.047152085314e-06,5.152061755525e-07
28.0-28.5 MHz,5,1,5.260000,13.990000,19.250000,22599999.999950,3.330339947963e-07,2.632731649391e-07,1.289007295148e-07
28.0-28.5 MHz,5,1,5.260000,13.990000,19.250000,22624999.999950,5.938910485567e-06,1.338555986031e-05,6.621099160658e-06
28.0-28.5 MHz,5,1,5.260000,13.990000,19.250000,22649999.999950,1.225213845733e-05,2.863369690164e-05,1.418055083825e-05
28.0-28.5 MHz,5,1,5.260000,13.990000,19.250000,22674999.999950,5.500929734171e-05,1.271713053253e-04,6.295926874679e-05
28.0-28.5 MHz,5,1,5.260000,13.990000,19.250000,22699999.999950,7.802591214796e-04,1.804987546320e-03,8.936335175764e-04
28.0-28.5 MHz,5,1,5.260000,13.990000,19.250000,22724999.999950,1.170558932655e-03,2.707950087355e-03,1.340680822499e-03
28.0-28.5 MHz,5,1,5.260000,13.990000,19.250000,22749999.999950,4.256822446876e-04,9.847867391468e-04,4.875535834579e-04
28.0-28.5 MHz,5,1,5.260000,13.990000,19.250000,22774999.999950,2.639130338869e-05,6.100054810775e-05,3.020314051236e-05
28.0-28.5 MHz,5,1,5.260000,13.990000,19.250000,22799999.999950,8.539434422561e-06,1.943639526759e-05,9.613791428393e-06
28.0-28.5 MHz,5,1,5.260000,13.990000,19.250000,22824999.999950,5.384508052231e-06,1.335272513454e-05,6.660599548344e-06
28.0-28.5 MHz,5,1,5.260000,13.990000,19.250000,22849999.999950,4.509210983634e-06,9.953967336883e-06,4.939078381090e-06
28.0-28.5 MHz,5,1,5.260000,13.990000,19.250000,22874999.999950,4.147215294908e-06,9.563751305591e-06,4.733554053486e-06
28.0-28.5 MHz,5,1,5.260000,13.990000,19.250000,22899999.999950,3.404195913863e-06,7.721096182959e-06,3.829714201074e-06
28.0-28.5 MHz,5,1,5.260000,13.990000,19.250000,22924999.999950,2.333030452305e-06,5.959959533095e-06,2.978687493973e-06
28.0-28.5 MHz,5,1,5.260000,13.990000,19.250000,22949999.999950,7.109825856128e-07,2.386134123832e-06,1.210423639094e-06
28.0-28.5 MHz,5,1,5.260000,13.990000,19.250000,22974999.999950,8.078888423645e-07,1.924254757069e-06,9.536337544283e-07
28.0-28.5 MHz,5,1,5.260000,13.990000,19.250000,22999999.999950,4.993288291785e-07,1.075830950958e-06,5.351438582702e-07
28.0-28.5 MHz,5,1,5.260000,13.990000,19.250000,23024999.999950,1.067687616062e-06,2.352184045141e-06,1.167237090251e-06
28.0-28.5 MHz,5,1,5.260000,13.990000,19.250000,23049999.999949,2.145570641407e-06,4.327188626001e-06,2.125222949867e-06
28.0-28.5 MHz,5,1,5.260000,13.990000,19.250000,23074999.999949,2.082507528672e-06,4.558645708640e-06,2.248465776231e-06
28.0-28.5 MHz,5,1,5.260000,13.990000,19.250000,23099999.999949,2.498430079221e-06,5.276765297294e-06,2.623259338172e-06
28.0-28.5 MHz,5,1,5.260000,13.990000,19.250000,23124999.999949,2.053097140510e-06,4.186401281397e-06,2.077023003014e-06
28.0-28.5 MHz,5,1,5.260000,13.990000,19.250000,23149999.999949,7.462204806196e-07,1.767532448861e-06,8.682750058395e-07
28.0-28.5 MHz,5,1,5.260000,13.990000,19.250000,23174999.999949,9.822552146745e-07,2.119131094311e-06,1.044649263618e-06
28.0-28.5 MHz,5,1,5.260000,13.990000,19.250000,23199999.999949,9.065891360792e-07,2.126222767765e-06,1.059042351486e-06
28.0-28.5 MHz,5,1,5.260000,13.990000,19.250000,23224999.999949,1.502815256595e-06,3.436254369053e-06,1.722087388521e-06
28.0-28.5 MHz,5,1,5.260000,13.990000,19.250000,23249999.999949,7.869967035098e-07,1.750040766041e-06,8.831454449548e-07
28.0-28.5 MHz,5,1,5.260000,13.990000,19.250000,23274999.999949,2.180152882436e-07,4.146387990373e-07,2.013666357240e-07
28.0-28.5 MHz,5,1,5.260000,13.990000,19.250000,23299999.999949,9.815673909329e-07,1.804720178549e-06,8.970507019108e-07
28.0-28.5 MHz,5,1,5.260000,13.990000,19.250000,23324999.999949,1.910256671147e-06,3.509149016277e-06,1.743595172823e-06
28.0-28.5 MHz,5,1,5.260000,13.990000,19.250000,23349999.999949,1.556715229434e-06,2.924819067643e-06,1.455185119075e-06
28.0-28.5 MHz,5,1,5.260000,13.990000,19.250000,23374999.999949,6.952245035334e-07,1.417074635513e-06,6.972887700061e-07
28.0-28.5 MHz,5,1,5.260000,13.990000,19.250000,23399999.999949,2.622776679774e-08,1.330016621080e-07,9.808055950568e-08
28.0-28.5 MHz,5,1,5.260000,13.990000,19.250000,23424999.999949,4.944424139113e-07,1.115326730561e-06,5.731111241798e-07
28.0-28.5 MHz,5,1,5.260000,13.990000,19.250000,23449999.999949,1.738457204993e-07,2.936967029761e-07,1.629350356140e-07
28.0-28.5 MHz,5,1,5.260000,13.990000,19.250000,23474999.999949,9.801836095717e-07,1.688831187770e-06,8.472793142901e-07
28.0-28.5 MHz,5,1,5.260000,13.990000,19.250000,23499999.999948,8.860231590795e-07,1.577420601454e-06,8.035296003826e-07
28.0-28.5 MHz,5,1,5.260000,13.990000,19.250000,23524999.999948,1.082311886698e-06,1.879645229222e-06,9.407131467266e-07
28.0-28.5 MHz,5,1,5.260000,13.990000,19.250000,23549999.999948,6.507588588623e-07,1.080068554639e-06,5.281287641406e-07
28.0-28.5 MHz,5,1,5.260000,13.990000,19.250000,23574999.999948,4.338693104626e-07,1.019102909040e-06,5.299439133480e-07
28.0-28.5 MHz,5,1,5.260000,13.990000,19.250000,23599999.999948,7.091491335413e-07,1.172888496513e-06,5.844479581074e-07
28.0-28.5 MHz,5,1,5.260000,13.990000,19.250000,23624999.999948,5.369028892543e-07,1.042572890912e-06,5.664540872004e-07
28.0-28.5 MHz,5,1,5.260000,13.990000,19.250000,23649999.999948,5.429020335099e-07,1.013689167424e-06,5.168892213150e-07
28.0-28.5 MHz,5,1,5.260000,13.990000,19.250000,23674999.999948,4.566986497061e-07,8.646243290289e-07,4.435498579113e-07
28.0-28.5 MHz,5,1,5.260000,13.990000,19.250000,23699999.999948,6.282404551845e-07,1.067759699408e-06,5.380524060808e-07
28.0-28.5 MHz,5,1,5.260000,13.990000,19.250000,23724999.999948,4.159919573875e-07,5.504576342604e-07,2.726017234548e-07
28.0-28.5 MHz,5,1,5.260000,13.990000,19.250000,23749999.999948,1.954888647406e-07,2.107116264986e-07,1.139624288329e-07
28.0-28.5 MHz,5,1,5.260000,13.990000,19.250000,23774999.999948,3.918264487089e-07,5.089634327052e-07,2.629245891767e-07
28.0-28.5 MHz,5,1,5.260000,13.990000,19.250000,23799999.999948,9.225006604663e-07,1.339831221199e-06,6.689102872505e-07
28.0-28.5 MHz,5,1,5.260000,13.990000,19.250000,23824999.999948,3.222230600269e-07,5.132294146129e-07,2.590680007290e-07
28.0-28.5 MHz,5,1,5.260000,13.990000,19.250000,23849999.999948,7.711512330525e-07,1.082064920183e-06,5.447166408764e-07
28.0-28.5 MHz,5,1,5.260000,13.990000,19.250000,23874999.999948,1.208444853402e-06,1.559176758127e-06,7.463882577340e-07
28.0-28.5 MHz,5,1,5.260000,13.990000,19.250000,23899999.999948,1.301637059842e-06,1.646159253234e-06,7.776998283195e-07
28.0-28.5 MHz,5,1,5.260000,13.990000,19.250000,23924999.999948,1.013173442502e-06,1.389026506443e-06,6.727208466266e-07
28.0-28.5 MHz,5,1,5.260000,13.990000,19.250000,23949999.999947,5.852377311740e-07,7.859100261313e-07,3.978033085245e-07
28.0-28.5 MHz,5,1,5.260000,13.990000,19.250000,23974999.999947,1.040219802057e-06,1.505618130132e-06,7.353633008097e-07
28.0-28.5 MHz,5,1,5.260000,13.990000,19.250000,23999999.999947,2.587677600018e-06,3.616287737941e-06,1.748740781570e-06
28.0-28.5 MHz,5,1,5.260000,13.990000,19.250000,24024999.999947,1.654067445176e-06,2.203793650323e-06,1.048937340892e-06
28.0-28.5 MHz,5,1,5.260000,13.990000,19.250000,24049999.999947,1.907407549832e-06,2.642981557258e-06,1.340095725791e-06
28.0-28.5 MHz,5,1,5.260000,13.990000,19.250000,24074999.999947,2.217528568493e-06,2.985127066583e-06,1.489303710822e-06
28.0-28.5 MHz,5,1,5.260000,13.990000,19.250000,24099999.999947,1.407218678741e-06,2.218802752043e-06,1.184515727592e-06
28.0-28.5 MHz,5,1,5.260000,13.990000,19.250000,24124999.999947,3.325223496163e-06,4.762881954659e-06,2.471892594883e-06
28.0-28.5 MHz,5,1,5.260000,13.990000,19.250000,24149999.999947,1.651143536484e-06,2.599109186909e-06,1.351009626974e-06
28.0-28.5 MHz,5,1,5.260000,13.990000,19.250000,24174999.999947,1.189138839792e-06,1.723239364557e-06,8.715570598038e-07
28.0-28.5 MHz,5,1,5.260000,13.990000,19.250000,24199999.999947,9.904231631244e-07,1.532739975874e-06,7.968942017220e-07
28.0-28.5 MHz,5,1,5.260000,13.990000,19.250000,24224999.999947,1.672741899991e-06,2.215829766277e-06,1.159066760195e-06
28.0-28.5 MHz,5,1,5.260000,13.990000,19.250000,24249999.999947,1.460628029495e-06,1.889959838318e-06,9.685220696853e-07
28.0-28.5 MHz,5,1,5.260000,13.990000,19.250000,24274999.999947,1.808428553715e-06,2.270853245841e-06,1.142612113055e-06
28.0-28.5 MHz,5,1,5.260000,13.990000,19.250000,24299999.999947,4.075705726730e-06,4.922843569232e-06,2.445462440295e-06
28.0-28.5 MHz,5,1,5.260000,13.990000,19.250000,24324999.999947,3.185148650068e-06,4.237466187423e-06,2.128979618266e-06
28.0-28.5 MHz,5,1,5.260000,13.990000,19.250000,24349999.999947,4.828913283601e-06,6.410132369096e-06,3.213775757316e-06
28.0-28.5 MHz,5,1,5.260000,13.990000,19.250000,24374999.999947,4.959901571756e-06,5.383225014896e-06,2.508381619454e-06
28.0-28.5 MHz,5,1,5.260000,13.990000,19.250000,24399999.999946,3.967724120373e-06,6.047313669645e-06,3.111925925726e-06
28.0-28.5 MHz,5,1,5.260000,13.990000,19.250000,24424999.999946,1.493628891396e-05,1.576096811178e-05,7.596298407035e-06
28.0-28.5 MHz,5,1,5.260000,13.990000,19.250000,24449999.999946,3.884987189249e-05,4.139211956268e-05,2.040200492407e-05
28.0-28.5 MHz,5,1,5.260000,13.990000,19.250000,24474999.999946,3.325453320942e-04,3.554618962196e-04,1.752482592714e-04
28.0-28.5 MHz,5,1,5.260000,13.990000,19.250000,24499999.999946,1.329719956182e-03,1.421036079843e-03,7.005616041210e-04
28.0-28.5 MHz,5,1,5.260000,13.990000,19.250000,24524999.999946,1.163299701515e-03,1.243106764834e-03,6.128287009249e-04
28.0-28.5 MHz,5,1,5.260000,13.990000,19.250000,24549999.999946,1.794566023647e-04,1.915616496472e-04,9.438077170691e-05
28.0-28.5 MHz,5,1,5.260000,13.990000,19.250000,24574999.999946,2.919717756251e-05,3.141409530365e-05,1.555467391252e-05
28.0-28.5 MHz,5,1,5.260000,13.990000,19.250000,24599999.999946,1.164763461794e-05,1.289535847335e-05,6.429305512982e-06
28.0-28.5 MHz,5,1,5.260000,13.990000,19.250000,24624999.999946,3.084453609646e-06,2.303067461540e-06,9.527170805878e-07
28.0-28.5 MHz,5,1,5.260000,13.990000,19.250000,24649999.999946,3.267103891723e-06,3.755501091881e-06,1.916194366517e-06
28.0-28.5 MHz,5,1,5.260000,13.990000,19.250000,24674999.999946,3.669546572267e-06,4.077005978642e-06,2.031002225556e-06
28.0-28.5 MHz,5,1,5.260000,13.990000,19.250000,24699999.999946,2.908300678214e-06,2.909571022824e-06,1.455762188419e-06
28.0-28.5 MHz,5,1,5.260000,13.990000,19.250000,24724999.999946,2.952568894973e-06,2.760727894221e-06,1.357910402072e-06
28.0-28.5 MHz,5,1,5.260000,13.990000,19.250000,24749999.999946,1.621002542566e-06,1.431642445515e-06,7.005052364937e-07
28.0-28.5 MHz,5,1,5.260000,13.990000,19.250000,24774999.999946,1.923206326409e-06,1.943927833695e-06,9.729897782683e-07
28.0-28.5 MHz,5,1,5.260000,13.990000,19.250000,24799999.999946,1.397879135210e-06,1.284761211129e-06,6.497979651626e-07
28.0-28.5 MHz,5,1,5.260000,13.990000,19.250000,24824999.999946,1.450893234619e-06,1.331727302051e-06,6.548821372059e-07
28.0-28.5 MHz,5,1,5.260000,13.990000,19.250000,24849999.999946,5.780437191257e-07,5.614212455989e-07,2.811670798575e-07
28.0-28.5 MHz,5,1,5.260000,13.990000,19.250000,24874999.999945,5.809348036977e-07,6.128441780914e-07,3.476084005923e-07
28.0-28.5 MHz,5,1,5.260000,13.990000,19.250000,24899999.999945,4.464346537946e-07,7.018181564586e-07,4.505714289277e-07
28.0-28.5 MHz,5,1,5.260000,13.990000,19.250000,24924999.999945,1.174975747377e-06,1.190111857565e-06,6.311971159711e-07
28.0-28.5 MHz,5,1,5.260000,13.990000,19.250000,24949999.999945,1.052650685355e-06,8.097862864969e-07,3.743346930507e-07
28.0-28.5 MHz,5,1,5.260000,13.990000,19.250000,24974999.999945,6.025109835109e-07,6.320960202277e-07,3.303126250309e-07
28.0-28.5 MHz,5,1,5.260000,13.990000,19.250000,24999999.999945,1.610769360904e-06,1.367358021196e-06,6.723617014116e-07
28.5-29.0 MHz,5,2,5.260000,14.490000,19.750000,524999.999999,5.078554642697e-07,1.066249719158e-07,5.387045991715e-08
28.5-29.0 MHz,5,2,5.260000,14.490000,19.750000,549999.999999,6.232138006729e-07,1.931102196403e-07,1.148192789953e-07
28.5-29.0 MHz,5,2,5.260000,14.490000,19.750000,574999.999999,1.282820712580e-07,1.420646222613e-07,6.692986513859e-08
28.5-29.0 MHz,5,2,5.260000,14.490000,19.750000,599999.999999,2.768586879638e-07,1.189354369243e-07,3.349597133948e-08
28.5-29.0 MHz,5,2,5.260000,14.490000,19.750000,624999.999999,1.150856261620e-07,5.865604908665e-08,3.192462549050e-08
28.5-29.0 MHz,5,2,5.260000,14.490000,19.750000,649999.999999,2.344443590053e-07,1.542307448911e-07,6.571914402056e-08
28.5-29.0 MHz,5,2,5.260000,14.490000,19.750000,674999.999999,1.357527488437e-07,1.524075572677e-07,7.383490730189e-08
28.5-29.0 MHz,5,2,5.260000,14.490000,19.750000,699999.999998,2.338122352160e-07,2.385839359592e-07,1.118378228654e-07
28.5-29.0 MHz,5,2,5.260000,14.490000,19.750000,724999.999998,1.733899765768e-07,1.649156736140e-07,7.729618122705e-08
28.5-29.0 MHz,5,2,5.260000,14.490000,19.750000,749999.999998,7.833087353636e-08,2.237179473258e-07,1.123697022876e-07
28.5-29.0 MHz,5,2,5.260000,14.490000,19.750000,774999.999998,9.646213336562e-08,2.117445793260e-07,1.044581503280e-07
28.5-29.0 MHz,5,2,5.260000,14.490000,19.750000,799999.999998,3.905920700643e-07,3.815663663155e-07,1.801273084132e-07
28.5-29.0 MHz,5,2,5.260000,14.490000,19.750000,824999.999998,5.052704206292e-07,3.534788920837e-07,1.397935213981e-07
28.5-29.0 MHz,5,2,5.260000,14.490000,19.750000,849999.999998,2.047044498945e-07,2.728394367083e-07,1.538033953396e-07
28.5-29.0 MHz,5,2,5.260000,14.490000,19.750000,874999.999998,3.314955149520e-07,3.457702951919e-07,1.505527247117e-07
28.5-29.0 MHz,5,2,5.260000,14.490000,19.750000,899999.999998,2.708419505289e-07,2.986732803471e-07,1.385855240299e-07
28.5-29.0 MHz,5,2,5.260000,14.490000,19.750000,924999.999998,1.735959252922e-07,3.208914445811e-07,1.671212257848e-07
28.5-29.0 MHz,5,2,5.260000,14.490000,19.750000,949999.999998,3.474225974406e-07,2.246224954614e-07,1.349926807456e-07
28.5-29.0 MHz,5,2,5.260000,14.490000,19.750000,974999.999998,3.447791439911e-07,4.082083256143e-07,2.242510193182e-07
28.5-29.0 MHz,5,2,5.260000,14.490000,19.750000,999999.999998,1.612152578890e-07,8.119753603717e-08,8.289646504279e-09
28.5-29.0 MHz,5,2,5.260000,14.490000,19.750000,1024999.999998,4.097117581114e-07,6.014983095739e-07,2.749620176864e-07
28.5-29.0 MHz,5,2,5.260000,14.490000,19.750000,1049999.999998,1.023928975142e-07,2.756845527201e-07,1.482471663777e-07
28.5-29.0 MHz,5,2,5.260000,14.490000,19.750000,1074999.999998,4.807243632068e-07,5.847608773423e-07,2.758502805147e-07
28.5-29.0 MHz,5,2,5.260000,14.490000,19.750000,1099999.999998,3.089676720270e-07,4.059866291744e-07,1.809567582879e-07
28.5-29.0 MHz,5,2,5.260000,14.490000,19.750000,1124999.999998,5.037725637744e-07,8.144522252050e-07,3.810816397353e-07
28.5-29.0 MHz,5,2,5.260000,14.490000,19.750000,1149999.999997,3.211866928164e-08,5.647359675757e-07,2.854838868886e-07
28.5-29.0 MHz,5,2,5.260000,14.490000,19.750000,1174999.999997,7.920934740725e-07,9.952578612110e-07,5.386484149592e-07
28.5-29.0 MHz,5,2,5.260000,14.490000,19.750000,1199999.999997,5.178657980454e-07,6.711365308721e-07,3.363270226445e-07
28.5-29.0 MHz,5,2,5.260000,14.490000,19.750000,1224999.999997,1.145679766065e-06,1.181397079909e-06,5.787302036398e-07
28.5-29.0 MHz,5,2,5.260000,14.490000,19.750000,1249999.999997,1.555664645205e-06,1.076598098507e-06,5.454145965081e-07
28.5-29.0 MHz,5,2,5.260000,14.490000,19.750000,1274999.999997,1.031818161997e-05,8.294069553560e-07,4.254223943664e-07
28.5-29.0 MHz,5,2,5.260000,14.490000,19.750000,1299999.999997,1.177104165923e-05,8.698007511840e-07,4.375426246505e-07
28.5-29.0 MHz,5,2,5.260000,14.490000,19.750000,1324999.999997,3.107315718172e-06,6.973517683015e-07,3.761176357417e-07
28.5-29.0 MHz,5,2,5.260000,14.490000,19.750000,1349999.999997,5.622846369231e-07,8.482085272479e-07,4.580716499141e-07
28.5-29.0 MHz,5,2,5.260000,14.490000,19.750000,1374999.999997,5.318425379056e-07,3.025128371930e-07,8.278748459568e-08
28.5-29.0 MHz,5,2,5.260000,14.490000,19.750000,1399999.999997,8.620996191321e-07,6.866505786862e-07,3.523388012235e-07
28.5-29.0 MHz,5,2,5.260000,14.490000,19.750000,1424999.999997,5.621918788101e-07,3.674049177050e-07,2.214097784224e-07
28.5-29.0 MHz,5,2,5.260000,14.490000,19.750000,1449999.999997,8.707728232006e-07,8.720394353888e-07,4.095201404808e-07
28.5-29.0 MHz,5,2,5.260000,14.490000,19.750000,1474999.999997,4.436203795639e-07,4.844654328135e-07,2.348971754525e-07
28.5-29.0 MHz,5,2,5.260000,14.490000,19.750000,1499999.999997,5.504456466058e-07,8.098989524713e-07,3.825858104529e-07
28.5-29.0 MHz,5,2,5.260000,14.490000,19.750000,1524999.999997,4.594166329591e-07,4.172658197269e-07,2.079609105556e-07
28.5-29.0 MHz,5,2,5.260000,14.490000,19.750000,1549999.999997,8.583644545982e-07,8.332738443549e-07,4.113035351912e-07
28.5-29.0 MHz,5,2,5.260000,14.490000,19.750000,1574999.999997,2.299373820647e-07,2.969385961061e-07,1.056425265431e-07
28.5-29.0 MHz,5,2,5.260000,14.490000,19.750000,1599999.999996,5.677554719654e-07,5.420949249458e-07,2.585670416286e-07
28.5-29.0 MHz,5,2,5.260000,14.490000,19.750000,1624999.999996,2.876034579388e-07,2.182027611818e-07,1.132509240269e-07
28.5-29.0 MHz,5,2,5.260000,14.490000,19.750000,1649999.999996,4.249923748040e-07,4.135661911229e-07,2.127076521167e-07
28.5-29.0 MHz,5,2,5.260000,14.490000,19.750000,1674999.999996,3.506237515700e-07,2.698875897708e-07,1.616577793265e-07
28.5-29.0 MHz,5,2,5.260000,14.490000,19.750000,1699999.999996,1.549053742601e-07,2.871752146445e-07,1.339898834554e-07
28.5-29.0 MHz,5,2,5.260000,14.490000,19.750000,1724999.999996,3.714721833727e-07,3.885601963557e-07,1.994599383310e-07
28.5-29.0 MHz,5,2,5.260000,14.490000,19.750000,1749999.999996,2.979811664419e-07,2.684793731195e-07,1.132493869745e-07
28.5-29.0 MHz,5,2,5.260000,14.490000,19.750000,1774999.999996,4.904609696914e-07,4.359896074521e-07,2.163203915782e-07
28.5-29.0 MHz,5,2,5.260000,14.490000,19.750000,1799999.999996,3.680564813865e-07,3.021932981772e-07,1.588718001922e-07
28.5-29.0 MHz,5,2,5.260000,14.490000,19.750000,1824999.999996,7.072339295957e-07,2.945878513598e-07,1.354114918523e-07
28.5-29.0 MHz,5,2,5.260000,14.490000,19.750000,1849999.999996,5.571650260905e-07,2.245743223292e-07,1.173325636117e-07
28.5-29.0 MHz,5,2,5.260000,14.490000,19.750000,1874999.999996,1.873035731754e-07,2.827468200213e-07,1.436173942398e-07
28.5-29.0 MHz,5,2,5.260000,14.490000,19.750000,1899999.999996,5.800765775312e-08,9.664654495453e-08,5.946900133065e-08
28.5-29.0 MHz,5,2,5.260000,14.490000,19.750000,1924999.999996,1.190781889337e-07,2.366786458580e-07,1.099347439218e-07
28.5-29.0 MHz,5,2,5.260000,14.490000,19.750000,1949999.999996,1.043208581215e-07,4.413344661172e-08,1.271195234925e-08
28.5-29.0 MHz,5,2,5.260000,14.490000,19.750000,1974999.999996,3.339173006305e-07,2.328684327642e-07,1.252249522302e-07
28.5-29.0 MHz,5,2,5.260000,14.490000,19.750000,1999999.999996,3.171508246431e-07,1.991819225291e-07,1.098400501867e-07
28.5-29.0 MHz,5,2,5.260000,14.490000,19.750000,2024999.999996,1.922863450212e-07,1.085802199981e-07,7.132043863715e-08
28.5-29.0 MHz,5,2,5.260000,14.490000,19.750000,2049999.999996,1.517696663379e-07,1.105235560329e-07,7.631171405162e-08
28.5-29.0 MHz,5,2,5.260000,14.490000,19.750000,2074999.999995,8.915578563208e-08,1.341098025746e-07,9.598835649150e-08
28.5-29.0 MHz,5,2,5.260000,14.490000,19.750000,2099999.999995,1.024748803133e-07,1.281515728360e-07,3.998277110581e-08
28.5-29.0 MHz,5,2,5.260000,14.490000,19.750000,2124999.999995,4.943167880592e-07,2.533461099056e-07,1.072486660855e-07
28.5-29.0 MHz,5,2,5.260000,14.490000,19.750000,2149999.999995,3.078222347280e-07,5.938593509863e-08,9.961922738029e-09
28.5-29.0 MHz,5,2,5.260000,14.490000,19.750000,2174999.999995,3.012598718105e-07,3.182951741355e-07,1.672186658124e-07
28.5-29.0 MHz,5,2,5.260000,14.490000,19.750000,2199999.999995,3.262719881644e-07,2.529025312081e-07,1.373883150393e-07
28.5-29.0 MHz,5,2,5.260000,14.490000,19.750000,2224999.999995,9.487370630515e-08,9.532275111075e-08,1.145411963864e-07
28.5-29.0 MHz,5,2,5.260000,14.490000,19.750000,2249999.999995,2.824264606587e-07,1.781617258846e-07,1.440437643676e-07
28.5-29.0 MHz,5,2,5.260000,14.490000,19.750000,2274999.999995,1.170372282083e-07,2.675175771578e-08,4.402451410635e-08
28.5-29.0 MHz,5,2,5.260000,14.490000,19.750000,2299999.999995,2.070956498807e-07,2.158440905212e-07,9.557286764369e-08
28.5-29.0 MHz,5,2,5.260000,14.490000,19.750000,2324999.999995,2.940173474221e-07,2.899905555572e-07,1.208032812243e-07
28.5-29.0 MHz,5,2,5.260000,14.490000,19.750000,2349999.999995,5.910607299654e-08,8.992557238506e-08,4.137768461316e-08
28.5-29.0 MHz,5,2,5.260000,14.490000,19.750000,2374999.999995,3.628315388483e-07,3.754086236237e-07,1.703618408606e-07
28.5-29.0 MHz,5,2,5.260000,14.490000,19.750000,2399999.999995,5.174786658581e-07,2.603997742525e-07,1.367467861606e-07
28.5-29.0 MHz,5,2,5.260000,14.490000,19.750000,2424999.999995,6.448850388919e-07,5.964792434841e-07,3.198212630631e-07
28.5-29.0 MHz,5,2,5.260000,14.490000,19.750000,2449999.999995,3.902194786373e-07,4.358793251783e-07,2.462534403640e-07
28.5-29.0 MHz,5,2,5.260000,14.490000,19.750000,2474999.999995,4.002101427014e-07,5.712387442103e-07,2.731133802454e-07
28.5-29.0 MHz,5,2,5.260000,14.490000,19.750000,2499999.999995,3.315357508393e-07,4.881099387815e-07,2.301156402524e-07
28.5-29.0 MHz,5,2,5.260000,14.490000,19.750000,2524999.999994,5.216938331810e-07,5.350723644952e-07,2.691830985734e-07
28.5-29.0 MHz,5,2,5.260000,14.490000,19.750000,2549999.999994,8.049345074037e-08,1.706014618978e-07,1.315485175923e-07
28.5-29.0 MHz,5,2,5.260000,14.490000,19.750000,2574999.999994,6.662666049633e-07,2.576435625497e-07,2.944733739268e-07
28.5-29.0 MHz,5,2,5.260000,14.490000,19.750000,2599999.999994,5.137258841206e-07,1.453477479056e-07,2.955416816251e-07
28.5-29.0 MHz,5,2,5.260000,14.490000,19.750000,2624999.999994,3.709102109331e-07,2.215599512100e-07,1.577281483006e-07
28.5-29.0 MHz,5,2,5.260000,14.490000,19.750000,2649999.999994,4.161101812263e-07,1.323775794484e-07,9.823592696944e-08
28.5-29.0 MHz,5,2,5.260000,14.490000,19.750000,2674999.999994,6.922682651718e-07,2.305785509994e-07,1.364860187845e-07
28.5-29.0 MHz,5,2,5.260000,14.490000,19.750000,2699999.999994,5.740042712652e-07,2.503191843775e-07,1.445637314724e-07
28.5-29.0 MHz,5,2,5.260000,14.490000,19.750000,2724999.999994,5.663722707631e-07,6.858089885339e-07,3.176979970766e-07
28.5-29.0 MHz,5,2,5.260000,14.490000,19.750000,2749999.999994,2.775289380429e-07,5.895205171116e-07,2.614488744567e-07
28.5-29.0 MHz,5,2,5.260000,14.490000,19.750000,2774999.999994,5.775905830557e-07,6.649402122535e-07,3.721030768529e-07
28.5-29.0 MHz,5,2,5.260000,14.490000,19.750000,2799999.999994,4.239584587916e-07,5.575649900116e-07,3.155481297372e-07
28.5-29.0 MHz,5,2,5.260000,14.490000,19.750000,2824999.999994,4.194074011585e-07,5.083808289652e-07,2.596783058740e-07
28.5-29.0 MHz,5,2,5.260000,14.490000,19.750000,2849999.999994,3.218999258314e-07,3.733210785042e-07,1.827613076366e-07
28.5-29.0 MHz,5,2,5.260000,14.490000,19.750000,2874999.999994,8.054548484076e-08,2.047626065451e-07,1.019017942348e-07
28.5-29.0 MHz,5,2,5.260000,14.490000,19.750000,2899999.999994,2.746377246901e-07,1.756017878515e-07,9.014146297522e-08
28.5-29.0 MHz,5,2,5.260000,14.490000,19.750000,2924999.999994,2.546003910248e-07,2.018873905451e-07,9.100172286008e-08
28.5-29.0 MHz,5,2,5.260000,14.490000,19.750000,2949999.999994,2.103566575871e-07,2.766348182281e-07,1.163787711908e-07
28.5-29.0 MHz,5,2,5.260000,14.490000,19.750000,2974999.999993,1.119967701775e-07,3.955482626986e-08,1.704556591835e-08
28.5-29.0 MHz,5,2,5.260000,14.490000,19.750000,2999999.999993,3.482681488109e-07,1.901902224348e-07,9.822942817984e-08
28.5-29.0 MHz,5,2,5.260000,14.490000,19.750000,3024999.999993,3.174181401701e-07,1.559781072407e-07,5.140969631119e-08
28.5-29.0 MHz,5,2,5.260000,14.490000,19.750000,3049999.999993,6.922443481861e-08,1.072622065100e-07,7.481201967692e-08
28.5-29.0 MHz,5,2,5.260000,14.490000,19.750000,3074999.999993,1.308817578678e-07,2.634975872757e-07,1.329599063640e-07
28.5-29.0 MHz,5,2,5.260000,14.490000,19.750000,3099999.999993,9.811759030612e-08,1.693522937721e-07,9.805415375788e-08
28.5-29.0 MHz,5,2,5.260000,14.490000,19.750000,3124999.999993,3.414148696574e-07,1.758752413575e-07,7.817970753815e-08
28.5-29.0 MHz,5,2,5.260000,14.490000,19.750000,3149999.999993,3.530093852565e-07,1.820146576071e-07,1.003052657187e-07
28.5-29.0 MHz,5,2,5.260000,14.490000,19.750000,3174999.999993,3.169720031763e-07,1.719751979529e-07,7.965218179331e-08
28.5-29.0 MHz,5,2,5.260000,14.490000,19.750000,3199999.999993,9.218053389249e-08,1.423100023085e-07,5.782123761692e-08
28.5-29.0 MHz,5,2,5.260000,14.490000,19.750000,3224999.999993,2.158603630759e-07,1.331297023354e-07,9.044280805197e-08
28.5-29.0 MHz,5,2,5.260000,14.490000,19.750000,3249999.999993,7.019914317899e-08,1.335412717908e-07,8.315174313213e-08
28.5-29.0 MHz,5,2,5.260000,14.490000,19.750000,3274999.999993,1.650379633221e-07,1.558733830812e-07,8.082340731614e-08
28.5-29.0 MHz,5,2,5.260000,14.490000,19.750000,3299999.999993,2.545919989464e-07,1.257113331832e-07,5.683678708772e-08
28.5-29.0 MHz,5,2,5.260000,14.490000,19.750000,3324999.999993,3.389579567284e-07,1.849812224876e-07,7.965305347419e-08
28.5-29.0 MHz,5,2,5.260000,14.490000,19.750000,3349999.999993,4.847536899073e-07,2.293762200812e-07,1.130494166060e-07
28.5-29.0 MHz,5,2,5.260000,14.490000,19.750000,3374999.999993,3.920909918013e-07,2.190543894082e-07,9.874355628386e-08
28.5-29.0 MHz,5,2,5.260000,14.490000,19.750000,3399999.999993,1.697083007861e-07,2.729941476522e-07,1.055904025909e-07
28.5-29.0 MHz,5,2,5.260000,14.490000,19.750000,3424999.999992,2.458593517196e-07,2.798285651910e-07,1.664893947801e-07
28.5-29.0 MHz,5,2,5.260000,14.490000,19.750000,3449999.999992,3.301423237765e-07,3.199522676253e-07,1.782022221678e-07
28.5-29.0 MHz,5,2,5.260000,14.490000,19.750000,3474999.999992,4.929584158922e-07,3.779317542507e-07,1.472177446658e-07
28.5-29.0 MHz,5,2,5.260000,14.490000,19.750000,3499999.999992,4.041233184004e-07,4.039665486014e-07,1.712695400344e-07
28.5-29.0 MHz,5,2,5.260000,14.490000,19.750000,3524999.999992,2.049478546487e-07,2.022353992384e-07,1.212551161076e-07
28.5-29.0 MHz,5,2,5.260000,14.490000,19.750000,3549999.999992,1.834561286945e-07,4.178463718706e-07,2.215168047808e-07
28.5-29.0 MHz,5,2,5.260000,14.490000,19.750000,3574999.999992,5.198551329074e-08,1.859272096696e-07,1.023391701280e-07
28.5-29.0 MHz,5,2,5.260000,14.490000,19.750000,3599999.999992,4.187227593802e-07,4.202093794945e-07,2.012646769873e-07
28.5-29.0 MHz,5,2,5.260000,14.490000,19.750000,3624999.999992,3.482739581474e-07,1.492701257309e-07,5.848344010513e-08
28.5-29.0 MHz,5,2,5.260000,14.490000,19.750000,3649999.999992,7.410825508596e-07,5.196745670236e-07,2.977832864772e-07
28.5-29.0 MHz,5,2,5.260000,14.490000,19.750000,3674999.999992,7.993714446243e-07,2.923613772287e-07,1.692196241890e-07
28.5-29.0 MHz,5,2,5.260000,14.490000,19.750000,3699999.999992,6.957362026667e-07,6.736674557113e-07,3.165674653033e-07
28.5-29.0 MHz,5,2,5.260000,14.490000,19.750000,3724999.999992,5.540637712158e-07,5.389410288909e-07,2.528313509419e-07
28.5-29.0 MHz,5,2,5.260000,14.490000,19.750000,3749999.999992,2.597126708222e-07,6.699866107762e-07,3.387708298812e-07
28.5-29.0 MHz,5,2,5.260000,14.490000,19.750000,3774999.999992,5.832259096781e-07,7.079404818661e-07,3.632816486461e-07
28.5-29.0 MHz,5,2,5.260000,14.490000,19.750000,3799999.999992,7.026825920841e-07,8.185724229850e-07,3.934530221452e-07
28.5-29.0 MHz,5,2,5.260000,14.490000,19.750000,3824999.999992,2.321301017786e-07,6.868838809279e-07,3.055259213474e-07
28.5-29.0 MHz,5,2,5.260000,14.490000,19.750000,3849999.999992,1.321470468759e-06,5.656225521933e-07,3.119988745469e-07
28.5-29.0 MHz,5,2,5.260000,14.490000,19.750000,3874999.999992,2.124796743331e-06,7.837866509576e-07,4.288652796371e-07
28.5-29.0 MHz,5,2,5.260000,14.490000,19.750000,3899999.999991,3.699564972982e-06,9.248796166604e-07,4.746435315273e-07
28.5-29.0 MHz,5,2,5.260000,14.490000,19.750000,3924999.999991,1.947307976475e-05,3.262532528244e-06,1.783827941378e-06
28.5-29.0 MHz,5,2,5.260000,14.490000,19.750000,3949999.999991,2.685917176544e-04,4.670515857031e-05,2.559931911878e-05
28.5-29.0 MHz,5,2,5.260000,14.490000,19.750000,3974999.999991,4.029267692116e-04,7.025066656975e-05,3.847782024305e-05
28.5-29.0 MHz,5,2,5.260000,14.490000,19.750000,3999999.999991,1.464066771907e-04,2.512476218217e-05,1.375755053316e-05
28.5-29.0 MHz,5,2,5.260000,14.490000,19.750000,4024999.999991,9.402502062994e-06,2.684327740730e-06,1.438423175544e-06
28.5-29.0 MHz,5,2,5.260000,14.490000,19.750000,4049999.999991,1.954849353942e-06,2.341324862035e-07,1.139218641522e-07
28.5-29.0 MHz,5,2,5.260000,14.490000,19.750000,4074999.999991,2.333812207909e-06,1.111796567652e-06,5.773722126251e-07
28.5-29.0 MHz,5,2,5.260000,14.490000,19.750000,4099999.999991,6.086620460846e-07,7.178736362133e-07,3.323950812874e-07
28.5-29.0 MHz,5,2,5.260000,14.490000,19.750000,4124999.999991,5.923572154033e-07,8.977484993515e-07,4.321282715673e-07
28.5-29.0 MHz,5,2,5.260000,14.490000,19.750000,4149999.999991,6.310494016425e-07,5.269508638225e-07,2.752147579757e-07
28.5-29.0 MHz,5,2,5.260000,14.490000,19.750000,4174999.999991,3.079296502433e-07,7.973011313720e-07,3.660622987335e-07
28.5-29.0 MHz,5,2,5.260000,14.490000,19.750000,4199999.999991,7.873441052063e-08,2.781387947897e-07,1.306264780506e-07
28.5-29.0 MHz,5,2,5.260000,14.490000,19.750000,4224999.999991,7.642645726819e-07,6.806104107015e-07,3.435162774481e-07
28.5-29.0 MHz,5,2,5.260000,14.490000,19.750000,4249999.999991,2.952787329709e-07,4.151857524515e-07,2.060913160142e-07
28.5-29.0 MHz,5,2,5.260000,14.490000,19.750000,4274999.999991,3.240265873607e-07,2.050082720102e-07,1.128891659573e-07
28.5-29.0 MHz,5,2,5.260000,14.490000,19.750000,4299999.999991,2.775389929325e-07,3.294409422748e-07,1.817306589899e-07
28.5-29.0 MHz,5,2,5.260000,14.490000,19.750000,4324999.999991,2.620163817681e-07,1.452386414223e-07,6.506729886194e-08
28.5-29.0 MHz,5,2,5.260000,14.490000,19.750000,4349999.999990,2.877228999308e-07,3.536313262423e-07,1.883864335311e-07
28.5-29.0 MHz,5,2,5.260000,14.490000,19.750000,4374999.999990,1.929169803189e-07,3.486084461514e-07,1.942206738149e-07
28.5-29.0 MHz,5,2,5.260000,14.490000,19.750000,4399999.999990,4.436931653089e-07,4.022177020467e-07,2.094677915602e-07
28.5-29.0 MHz,5,2,5.260000,14.490000,19.750000,4424999.999990,1.727656357634e-07,2.014068133972e-07,7.468308820525e-08
28.5-29.0 MHz,5,2,5.260000,14.490000,19.750000,4449999.999990,3.387471159828e-07,4.688312077975e-07,2.131672250221e-07
28.5-29.0 MHz,5,2,5.260000,14.490000,19.750000,4474999.999990,3.680883547381e-07,2.130034363270e-07,9.352130983732e-08
28.5-29.0 MHz,5,2,5.260000,14.490000,19.750000,4499999.999990,2.981301433180e-07,3.003356833781e-07,1.743138342270e-07
28.5-29.0 MHz,5,2,5.260000,14.490000,19.750000,4524999.999990,6.949589322552e-08,1.782349035418e-07,6.617029567695e-08
28.5-29.0 MHz,5,2,5.260000,14.490000,19.750000,4549999.999990,2.994376382337e-07,1.944661720253e-07,9.441798112103e-08
28.5-29.0 MHz,5,2,5.260000,14.490000,19.750000,4574999.999990,4.716363917264e-07,2.671652499947e-07,1.631298961539e-07
28.5-29.0 MHz,5,2,5.260000,14.490000,19.750000,4599999.999990,2.779589986114e-07,2.201504263950e-07,1.152387730906e-07
28.5-29.0 MHz,5,2,5.260000,14.490000,19.750000,4624999.999990,6.440304954008e-07,1.738405981345e-07,7.777356909736e-08
28.5-29.0 MHz,5,2,5.260000,14.490000,19.750000,4649999.999990,2.074853324973e-07,1.311433027535e-07,6.003034176016e-08
28.5-29.0 MHz,5,2,5.260000,14.490000,19.750000,4674999.999990,5.193522055731e-07,1.484004906870e-07,7.015813050834e-08
28.5-29.0 MHz,5,2,5.260000,14.490000,19.750000,4699999.999990,4.137776353325e-07,2.147061982216e-07,1.038378003887e-07
28.5-29.0 MHz,5,2,5.260000,14.490000,19.750000,4724999.999990,6.609518555222e-07,2.425585348614e-07,1.049384272978e-07
28.5-29.0 MHz,5,2,5.260000,14.490000,19.750000,4749999.999990,3.129606306834e-07,2.474431313103e-07,1.188372087734e-07
28.5-29.0 MHz,5,2,5.260000,14.490000,19.750000,4774999.999990,7.284703490656e-07,1.913062439856e-07,8.024200166419e-08
28.5-29.0 MHz,5,2,5.260000,14.490000,19.750000,4799999.999989,9.770637787763e-07,4.056314437731e-07,2.282008512109e-07
28.5-29.0 MHz,5,2,5.260000,14.490000,19.750000,4824999.999989,7.051030647248e-07,9.293944133328e-08,1.362226849063e-07
28.5-29.0 MHz,5,2,5.260000,14.490000,19.750000,4849999.999989,8.357622708407e-07,5.598521698435e-08,5.252656933492e-08
28.5-29.0 MHz,5,2,5.260000,14.490000,19.750000,4874999.999989,1.343074071211e-06,4.639581469450e-07,2.574929826651e-07
28.5-29.0 MHz,5,2,5.260000,14.490000,19.750000,4899999.999989,1.593724465375e-06,3.291685485471e-07,1.569454951069e-07
28.5-29.0 MHz,5,2,5.260000,14.490000,19.750000,4924999.999989,1.626804800735e-06,2.535212045320e-07,1.221108076211e-07
28.5-29.0 MHz,5,2,5.260000,14.490000,19.750000,4949999.999989,2.661256042251e-06,6.916197388123e-07,3.636296335262e-07
28.5-29.0 MHz,5,2,5.260000,14.490000,19.750000,4974999.999989,2.642614428901e-06,6.743448913741e-07,3.389485041742e-07
28.5-29.0 MHz,5,2,5.260000,14.490000,19.750000,4999999.999989,4.396558205530e-06,7.324569228726e-07,3.335682192670e-07
28.5-29.0 MHz,5,2,5.260000,14.490000,19.750000,5024999.999989,5.123473266547e-06,1.217658758364e-06,6.261697757712e-07
28.5-29.0 MHz,5,2,5.260000,14.490000,19.750000,5049999.999989,7.432481203074e-06,1.557179417969e-06,8.171909761168e-07
28.5-29.0 MHz,5,2,5.260000,14.490000,19.750000,5074999.999989,1.126798295255e-05,2.310813249959e-06,1.163302147713e-06
28.5-29.0 MHz,5,2,5.260000,14.490000,19.750000,5099999.999989,1.725146221061e-05,3.956816744931e-06,1.987335015462e-06
28.5-29.0 MHz,5,2,5.260000,14.490000,19.750000,5124999.999989,2.863904051465e-05,5.903119363767e-06,2.997300539390e-06
28.5-29.0 MHz,5,2,5.260000,14.490000,19.750000,5149999.999989,5.556659835207e-05,1.170526422391e-05,5.979541682426e-06
28.5-29.0 MHz,5,2,5.260000,14.490000,19.750000,5174999.999989,1.221366116145e-04,2.612261476356e-05,1.321236402708e-05
28.5-29.0 MHz,5,2,5.260000,14.490000,19.750000,5199999.999989,3.865443497263e-04,8.096785553976e-05,4.114157793584e-05
28.5-29.0 MHz,5,2,5.260000,14.490000,19.750000,5224999.999989,3.283822889402e-03,6.946652889800e-04,3.526193224661e-04
28.5-29.0 MHz,5,2,5.260000,14.490000,19.750000,5249999.999988,1.313361522249e-02,2.776067682065e-03,1.409262525062e-03
28.5-29.0 MHz,5,2,5.260000,14.490000,19.750000,5274999.999988,1.149204546549e-02,2.428807672594e-03,1.233005091561e-03
28.5-29.0 MHz,5,2,5.260000,14.490000,19.750000,5299999.999988,1.768238596684e-03,3.732882633060e-04,1.895271779287e-04
28.5-29.0 MHz,5,2,5.260000,14.490000,19.750000,5324999.999988,2.949519292884e-04,6.285223430284e-05,3.185280306335e-05
28.5-29.0 MHz,5,2,5.260000,14.490000,19.750000,5349999.999988,1.021985336288e-04,2.111316555783e-05,1.086528096561e-05
28.5-29.0 MHz,5,2,5.260000,14.490000,19.750000,5374999.999988,4.807105107117e-05,1.051679236213e-05,5.210816801768e-06
28.5-29.0 MHz,5,2,5.260000,14.490000,19.750000,5399999.999988,2.589153268202e-05,5.599976520819e-06,2.853596138689e-06
28.5-29.0 MHz,5,2,5.260000,14.490000,19.750000,5424999.999988,1.527232607397e-05,2.975684239509e-06,1.533800493853e-06
28.5-29.0 MHz,5,2,5.260000,14.490000,19.750000,5449999.999988,1.088287981710e-05,2.416895551968e-06,1.215165277431e-06
28.5-29.0 MHz,5,2,5.260000,14.490000,19.750000,5474999.999988,6.771844394206e-06,1.583256787914e-06,7.927949737984e-07
28.5-29.0 MHz,5,2,5.260000,14.490000,19.750000,5499999.999988,4.526081727107e-06,5.927131218011e-07,3.448532978686e-07
28.5-29.0 MHz,5,2,5.260000,14.490000,19.750000,5524999.999988,4.419389674095e-06,1.355997410860e-06,6.589894755587e-07
28.5-29.0 MHz,5,2,5.260000,14.490000,19.750000,5549999.999988,2.729411032877e-06,4.964421323912e-07,2.660678519148e-07
28.5-29.0 MHz,5,2,5.260000,14.490000,19.750000,5574999.999988,2.282843972802e-06,3.484813611107e-07,1.780839594504e-07
28.5-29.0 MHz,5,2,5.260000,14.490000,19.750000,5599999.999988,1.971139200341e-06,5.099355204223e-07,2.479075141637e-07
28.5-29.0 MHz,5,2,5.260000,14.490000,19.750000,5624999.999988,1.306135985860e-06,3.440369401687e-07,1.780728043394e-07
28.5-29.0 MHz,5,2,5.260000,14.490000,19.750000,5649999.999988,1.052685892082e-06,1.382862126605e-07,6.866875934210e-08
28.5-29.0 MHz,5,2,5.260000,14.490000,19.750000,5674999.999988,1.251162569256e-06,4.026273247813e-07,2.587158880312e-07
28.5-29.0 MHz,5,2,5.260000,14.490000,19.750000,5699999.999988,6.454079963315e-07,2.752080660668e-07,1.661460964699e-07
28.5-29.0 MHz,5,2,5.260000,14.490000,19.750000,5724999.999987,6.013470152418e-07,1.096420979502e-07,8.554694479388e-08
28.5-29.0 MHz,5,2,5.260000,14.490000,19.750000,5749999.999987,6.654794528334e-07,3.371557255632e-07,1.704106619844e-07
28.5-29.0 MHz,5,2,5.260000,14.490000,19.750000,5774999.999987,5.834831781145e-07,1.739164061520e-07,8.476517497715e-08
28.5-29.0 MHz,5,2,5.260000,14.490000,19.750000,5799999.999987,2.383231028322e-07,1.111141148355e-07,6.873044790711e-08
28.5-29.0 MHz,5,2,5.260000,14.490000,19.750000,5824999.999987,5.322857340929e-07,3.084197366645e-07,1.448901916967e-07
28.5-29.0 MHz,5,2,5.260000,14.490000,19.750000,5849999.999987,2.849824937827e-07,4.205124406515e-08,2.552047461740e-08
28.5-29.0 MHz,5,2,5.260000,14.490000,19.750000,5874999.999987,5.805964047317e-07,4.525963675191e-08,3.578663236411e-08
28.5-29.0 MHz,5,2,5.260000,14.490000,19.750000,5899999.999987,1.529986474211e-07,3.744791457779e-08,1.715438972138e-08
28.5-29.0 MHz,5,2,5.260000,14.490000,19.750000,5924999.999987,6.900038183778e-07,2.622050369001e-07,1.452875916138e-07
28.5-29.0 MHz,5,2,5.260000,14.490000,19.750000,5949999.999987,4.276668205774e-07,3.137148360996e-07,1.754329736287e-07
28.5-29.0 MHz,5,2,5.260000,14.490000,19.750000,5974999.999987,6.382664493985e-07,3.487258968656e-07,1.643800315954e-07
28.5-29.0 MHz,5,2,5.260000,14.490000,19.750000,5999999.999987,2.510148223188e-07,1.985810065999e-07,1.264224960661e-07
28.5-29.0 MHz,5,2,5.260000,14.490000,19.750000,6024999.999987,3.302346736502e-07,2.448432244541e-07,1.525722791032e-07
28.5-29.0 MHz,5,2,5.260000,14.490000,19.750000,6049999.999987,2.420785894440e-07,2.148969350727e-07,8.801138764427e-08
28.5-29.0 MHz,5,2,5.260000,14.490000,19.750000,6074999.999987,6.274577675017e-07,5.375162628736e-07,2.422480506361e-07
28.5-29.0 MHz,5,2,5.260000,14.490000,19.750000,6099999.999987,6.701575660335e-07,3.504805695854e-07,1.448506761102e-07
28.5-29.0 MHz,5,2,5.260000,14.490000,19.750000,6124999.999987,4.538946603609e-07,4.049368575087e-07,2.175255976695e-07
28.5-29.0 MHz,5,2,5.260000,14.490000,19.750000,6149999.999987,4.275873912286e-07,4.170347277526e-07,2.237165307660e-07
28.5-29.0 MHz,5,2,5.260000,14.490000,19.750000,6174999.999986,5.638872526450e-07,4.453256241379e-07,2.284054268728e-07
28.5-29.0 MHz,5,2,5.260000,14.490000,19.750000,6199999.999986,7.242237261265e-07,2.636312828894e-07,1.187709249630e-07
28.5-29.0 MHz,5,2,5.260000,14.490000,19.750000,6224999.999986,4.397315815306e-07,3.276867871289e-07,1.822291576933e-07
28.5-29.0 MHz,5,2,5.260000,14.490000,19.750000,6249999.999986,2.292676409610e-07,8.742394333694e-08,5.682767498259e-08
28.5-29.0 MHz,5,2,5.260000,14.490000,19.750000,6274999.999986,4.154776255648e-07,5.296525610928e-07,2.670129667630e-07
28.5-29.0 MHz,5,2,5.260000,14.490000,19.750000,6299999.999986,5.932937600093e-07,5.172336794729e-07,2.747211665228e-07
28.5-29.0 MHz,5,2,5.260000,14.490000,19.750000,6324999.999986,7.772274844696e-07,5.434216089336e-07,2.527429285901e-07
28.5-29.0 MHz,5,2,5.260000,14.490000,19.750000,6349999.999986,7.799629569218e-07,7.893537554856e-07,3.659949136020e-07
28.5-29.0 MHz,5,2,5.260000,14.490000,19.750000,6374999.999986,5.884474959089e-07,7.047621389577e-07,3.580593567832e-07
28.5-29.0 MHz,5,2,5.260000,14.490000,19.750000,6399999.999986,5.653252316269e-07,9.530161935658e-07,4.539973507669e-07
28.5-29.0 MHz,5,2,5.260000,14.490000,19.750000,6424999.999986,4.086436428951e-07,7.231043904198e-07,3.554399566975e-07
28.5-29.0 MHz,5,2,5.260000,14.490000,19.750000,6449999.999986,4.230300671073e-07,7.946599488406e-07,4.257845358703e-07
28.5-29.0 MHz,5,2,5.260000,14.490000,19.750000,6474999.999986,8.439711403925e-07,8.879755030279e-07,4.483454017846e-07
28.5-29.0 MHz,5,2,5.260000,14.490000,19.750000,6499999.999986,8.405215483498e-07,1.189438371914e-06,6.033300179432e-07
28.5-29.0 MHz,5,2,5.260000,14.490000,19.750000,6524999.999986,3.330051780613e-07,2.391980260720e-07,1.623424434537e-07
28.5-29.0 MHz,5,2,5.260000,14.490000,19.750000,6549999.999986,9.281733898237e-07,3.442356595281e-07,1.217915752530e-07
28.5-29.0 MHz,5,2,5.260000,14.490000,19.750000,6574999.999986,2.917854391734e-07,1.402700569545e-07,8.106364817739e-08
28.5-29.0 MHz,5,2,5.260000,14.490000,19.750000,6599999.999986,3.309896755008e-07,5.911509890745e-07,2.575754715635e-07
28.5-29.0 MHz,5,2,5.260000,14.490000,19.750000,6624999.999985,1.291090708756e-06,4.471296485197e-07,1.812984338470e-07
28.5-29.0 MHz,5,2,5.260000,14.490000,19.750000,6649999.999985,1.972979268868e-06,3.248298798546e-07,2.136077965667e-07
28.5-29.0 MHz,5,2,5.260000,14.490000,19.750000,6674999.999985,1.015286946392e-06,4.586576231658e-07,2.433046835336e-07
28.5-29.0 MHz,5,2,5.260000,14.490000,19.750000,6699999.999985,9.739359480663e-07,1.079229618566e-06,4.942589807195e-07
28.5-29.0 MHz,5,2,5.260000,14.490000,19.750000,6724999.999985,8.324475116984e-07,8.032688737849e-07,3.898108727766e-07
28.5-29.0 MHz,5,2,5.260000,14.490000,19.750000,6749999.999985,1.366556373911e-06,1.064734639806e-06,5.560790042590e-07
28.5-29.0 MHz,5,2,5.260000,14.490000,19.750000,6774999.999985,1.137006589275e-06,7.522843914536e-07,3.861777762389e-07
28.5-29.0 MHz,5,2,5.260000,14.490000,19.750000,6799999.999985,6.703086299693e-07,6.804686252990e-07,3.248448848646e-07
28.5-29.0 MHz,5,2,5.260000,14.490000,19.750000,6824999.999985,6.331013240017e-07,5.240229445004e-07,2.369973062850e-07
28.5-29.0 MHz,5,2,5.260000,14.490000,19.750000,6849999.999985,7.467227580589e-07,2.947843556398e-07,1.932988679738e-07
28.5-29.0 MHz,5,2,5.260000,14.490000,19.750000,6874999.999985,4.767416128800e-07,4.146138521585e-07,2.394409987625e-07
28.5-29.0 MHz,5,2,5.260000,14.490000,19.750000,6899999.999985,5.827321806424e-07,3.265935100167e-07,1.452522716279e-07
28.5-29.0 MHz,5,2,5.260000,14.490000,19.750000,6924999.999985,3.449632667717e-07,4.054657127747e-07,1.889825064691e-07
28.5-29.0 MHz,5,2,5.260000,14.490000,19.750000,6949999.999985,5.380127418575e-08,1.435182730509e-07,9.374074053247e-08
28.5-29.0 MHz,5,2,5.260000,14.490000,19.750000,6974999.999985,3.176003348867e-07,4.624014727113e-07,2.534543764963e-07
28.5-29.0 MHz,5,2,5.260000,14.490000,19.750000,6999999.999985,5.755032637752e-07,2.883284058637e-07,1.508557199638e-07
28.5-29.0 MHz,5,2,5.260000,14.490000,19.750000,7024999.999985,3.583371989076e-07,3.896544898927e-07,1.611329533666e-07
28.5-29.0 MHz,5,2,5.260000,14.490000,19.750000,7049999.999985,3.533636731410e-07,2.497368566339e-07,9.083633642639e-08
28.5-29.0 MHz,5,2,5.260000,14.490000,19.750000,7074999.999984,5.198788568472e-07,4.132398342398e-07,2.317827563689e-07
28.5-29.0 MHz,5,2,5.260000,14.490000,19.750000,7099999.999984,5.279948782144e-07,3.573032344199e-07,1.759404143170e-07
28.5-29.0 MHz,5,2,5.260000,14.490000,19.750000,7124999.999984,6.522265961589e-07,4.196235102462e-07,1.800749794475e-07
28.5-29.0 MHz,5,2,5.260000,14.490000,19.750000,7149999.999984,5.806204841202e-07,1.834548140014e-07,7.060107359432e-08
28.5-29.0 MHz,5,2,5.260000,14.490000,19.750000,7174999.999984,4.667700147530e-07,8.113215513248e-08,4.782169396966e-08
28.5-29.0 MHz,5,2,5.260000,14.490000,19.750000,7199999.999984,2.767069234314e-07,5.481646283726e-08,2.781126665080e-08
28.5-29.0 MHz,5,2,5.260000,14.490000,19.750000,7224999.999984,1.263931945196e-07,1.596350923935e-07,6.832416755469e-08
28.5-29.0 MHz,5,2,5.260000,14.490000,19.750000,7249999.999984,2.510988857268e-07,1.647928903956e-07,7.958271836807e-08
28.5-29.0 MHz,5,2,5.260000,14.490000,19.750000,7274999.999984,1.413758504630e-07,1.446032810319e-07,8.669063448093e-08
28.5-29.0 MHz,5,2,5.260000,14.490000,19.750000,7299999.999984,2.323238796980e-07,2.725527062336e-08,3.084362534860e-08
28.5-29.0 MHz,5,2,5.260000,14.490000,19.750000,7324999.999984,1.028555475225e-07,1.454066043348e-07,6.068835661582e-08
28.5-29.0 MHz,5,2,5.260000,14.490000,19.750000,7349999.999984,2.763573979026e-07,1.138848272621e-07,7.230770180318e-08
28.5-29.0 MHz,5,2,5.260000,14.490000,19.750000,7374999.999984,5.484319836600e-07,3.698855107915e-07,1.960578158153e-07
28.5-29.0 MHz,5,2,5.260000,14.490000,19.750000,7399999.999984,6.722277212227e-07,3.211775124666e-07,1.531370641400e-07
28.5-29.0 MHz,5,2,5.260000,14.490000,19.750000,7424999.999984,1.267381882469e-07,2.162499978640e-07,1.067015058255e-07
28.5-29.0 MHz,5,2,5.260000,14.490000,19.750000,7449999.999984,1.460564308995e-07,2.756407866569e-07,1.446277590526e-07
28.5-29.0 MHz,5,2,5.260000,14.490000,19.750000,7474999.999984,3.990925844370e-07,1.903224048741e-07,1.110129529401e-07
28.5-29.0 MHz,5,2,5.260000,14.490000,19.750000,7499999.999984,6.758443704369e-07,5.990748733200e-08,3.630110401743e-08
28.5-29.0 MHz,5,2,5.260000,14.490000,19.750000,7524999.999983,2.677204318567e-07,1.102348657470e-07,8.219048479775e-08
28.5-29.0 MHz,5,2,5.260000,14.490000,19.750000,7549999.999983,2.279581275390e-07,5.846489502637e-08,3.960955404266e-08
28.5-29.0 MHz,5,2,5.260000,14.490000,19.750000,7574999.999983,3.005694714734e-07,3.412975877826e-07,1.373418439049e-07
28.5-29.0 MHz,5,2,5.260000,14.490000,19.750000,7599999.999983,5.516790508174e-07,3.145740086633e-07,1.060332272343e-07
28.5-29.0 MHz,5,2,5.260000,14.490000,19.750000,7624999.999983,5.386087860350e-07,2.029574100085e-07,5.529321100815e-08
28.5-29.0 MHz,5,2,5.260000,14.490000,19.750000,7649999.999983,1.813822644479e-07,8.861136482514e-08,5.424906557467e-08
28.5-29.0 MHz,5,2,5.260000,14.490000,19.750000,7674999.999983,2.456943354116e-07,5.295837588011e-07,2.505452932656e-07
28.5-29.0 MHz,5,2,5.260000,14.490000,19.750000,7699999.999983,2.142273482145e-07,5.206501543446e-07,2.555908881214e-07
28.5-29.0 MHz,5,2,5.260000,14.490000,19.750000,7724999.999983,9.544325623726e-07,7.712128954576e-07,3.989337075355e-07
28.5-29.0 MHz,5,2,5.260000,14.490000,19.750000,7749999.999983,1.001732652869e-06,8.261761236839e-07,4.230828579810e-07
28.5-29.0 MHz,5,2,5.260000,14.490000,19.750000,7774999.999983,6.409024483260e-07,6.374706843548e-07,2.894713204655e-07
28.5-29.0 MHz,5,2,5.260000,14.490000,19.750000,7799999.999983,2.557149320559e-07,4.921136684610e-07,2.196969696634e-07
28.5-29.0 MHz,5,2,5.260000,14.490000,19.750000,7824999.999983,5.055078235484e-07,3.022519454494e-07,1.188229648286e-07
28.5-29.0 MHz,5,2,5.260000,14.490000,19.750000,7849999.999983,8.470697505448e-07,2.653894870187e-07,1.272635019130e-07
28.5-29.0 MHz,5,2,5.260000,14.490000,19.750000,7874999.999983,2.443800352873e-07,1.160418519206e-07,3.677674066948e-08
28.5-29.0 MHz,5,2,5.260000,14.490000,19.750000,7899999.999983,7.756705297835e-07,2.604551228269e-07,6.908564120577e-08
28.5-29.0 MHz,5,2,5.260000,14.490000,19.750000,7924999.999983,4.107418061485e-06,1.180060251171e-06,2.719681391666e-07
28.5-29.0 MHz,5,2,5.260000,14.490000,19.750000,7949999.999983,4.351724411923e-06,1.252058792217e-06,2.660654926752e-07
28.5-29.0 MHz,5,2,5.260000,14.490000,19.750000,7974999.999983,1.281508086212e-06,4.747789070217e-07,2.237069659621e-07
28.5-29.0 MHz,5,2,5.260000,14.490000,19.750000,7999999.999982,1.141628498509e-07,6.719276250872e-07,3.366942281022e-07
28.5-29.0 MHz,5,2,5.260000,14.490000,19.750000,8024999.999982,2.585376845894e-07,4.591170272776e-07,2.200567877157e-07
28.5-29.0 MHz,5,2,5.260000,14.490000,19.750000,8049999.999982,2.379815571443e-07,5.530066924617e-07,2.805960883273e-07
28.5-29.0 MHz,5,2,5.260000,14.490000,19.750000,8074999.999982,6.018560438012e-07,5.762845488666e-07,3.278311270671e-07
28.5-29.0 MHz,5,2,5.260000,14.490000,19.750000,8099999.999982,6.887877343659e-07,5.845008619442e-07,3.200656030646e-07
28.5-29.0 MHz,5,2,5.260000,14.490000,19.750000,8124999.999982,2.646908341869e-07,3.013999741360e-07,1.400941319648e-07
28.5-29.0 MHz,5,2,5.260000,14.490000,19.750000,8149999.999982,5.106951072223e-07,5.019854757007e-07,2.306856323335e-07
28.5-29.0 MHz,5,2,5.260000,14.490000,19.750000,8174999.999982,3.102027419849e-07,8.716935496174e-08,4.948275644732e-08
28.5-29.0 MHz,5,2,5.260000,14.490000,19.750000,8199999.999982,2.226013186465e-08,2.962752148991e-07,1.501953305775e-07
28.5-29.0 MHz,5,2,5.260000,14.490000,19.750000,8224999.999982,7.671637089111e-07,2.469663134314e-07,9.616925830828e-08
28.5-29.0 MHz,5,2,5.260000,14.490000,19.750000,8249999.999982,4.091271504765e-07,1.928788051481e-07,8.836585906808e-08
28.5-29.0 MHz,5,2,5.260000,14.490000,19.750000,8274999.999982,5.025949678520e-07,2.665895745087e-07,2.172929534484e-07
28.5-29.0 MHz,5,2,5.260000,14.490000,19.750000,8299999.999982,4.044006081952e-07,9.594017628255e-08,9.588445534285e-08
28.5-29.0 MHz,5,2,5.260000,14.490000,19.750000,8324999.999982,5.333596070465e-07,2.285878450414e-07,1.159371847075e-07
28.5-29.0 MHz,5,2,5.260000,14.490000,19.750000,8349999.999982,5.277508088564e-07,4.569883240792e-07,2.127708373316e-07
28.5-29.0 MHz,5,2,5.260000,14.490000,19.750000,8374999.999982,6.334280428514e-07,1.439741232091e-07,6.347404107954e-08
28.5-29.0 MHz,5,2,5.260000,14.490000,19.750000,8399999.999982,1.288016690143e-06,2.473967141203e-07,1.246240525142e-07
28.5-29.0 MHz,5,2,5.260000,14.490000,19.750000,8424999.999982,6.655158178802e-07,1.674574595574e-07,9.340222956029e-08
28.5-29.0 MHz,5,2,5.260000,14.490000,19.750000,8449999.999981,8.252085175593e-07,3.061646925572e-07,1.675161938107e-07
28.5-29.0 MHz,5,2,5.260000,14.490000,19.750000,8474999.999981,9.470961095449e-07,3.037225501123e-07,1.791160460749e-07
28.5-29.0 MHz,5,2,5.260000,14.490000,19.750000,8499999.999981,7.081519048513e-07,3.372707558621e-07,1.837804833777e-07
28.5-29.0 MHz,5,2,5.260000,14.490000,19.750000,8524999.999981,1.087176293603e-06,2.181905417586e-07,1.295738750559e-07
28.5-29.0 MHz,5,2,5.260000,14.490000,19.750000,8549999.999981,5.436496250107e-07,1.607240390706e-07,8.035179208371e-08
28.5-29.0 MHz,5,2,5.260000,14.490000,19.750000,8574999.999981,7.931509488672e-07,2.833296541581e-07,1.221009288081e-07
28.5-29.0 MHz,5,2,5.260000,14.490000,19.750000,8599999.999981,1.266098514835e-06,3.196873220675e-07,1.660784479091e-07
28.5-29.0 MHz,5,2,5.260000,14.490000,19.750000,8624999.999981,9.494358558404e-07,1.336002455765e-07,7.536103072255e-08
28.5-29.0 MHz,5,2,5.260000,14.490000,19.750000,8649999.999981,1.607874936403e-06,7.192471183996e-07,3.593210231461e-07
28.5-29.0 MHz,5,2,5.260000,14.490000,19.750000,8674999.999981,1.224637345298e-06,1.815164696891e-07,1.095899500430e-07
28.5-29.0 MHz,5,2,5.260000,14.490000,19.750000,8699999.999981,3.314117601458e-06,7.548027238581e-07,3.661262908507e-07
28.5-29.0 MHz,5,2,5.260000,14.490000,19.750000,8724999.999981,1.099474975860e-06,5.771557232738e-07,2.994042813276e-07
28.5-29.0 MHz,5,2,5.260000,14.490000,19.750000,8749999.999981,2.990109469885e-06,4.061322368525e-07,2.194840760930e-07
28.5-29.0 MHz,5,2,5.260000,14.490000,19.750000,8774999.999981,2.029948615137e-06,6.238194196998e-07,2.849520542729e-07
28.5-29.0 MHz,5,2,5.260000,14.490000,19.750000,8799999.999981,3.416130341048e-06,1.240673596958e-06,6.432554177419e-07
28.5-29.0 MHz,5,2,5.260000,14.490000,19.750000,8824999.999981,3.402783889485e-06,6.958524279386e-07,3.619408675893e-07
28.5-29.0 MHz,5,2,5.260000,14.490000,19.750000,8849999.999981,4.637972515806e-06,1.138162616814e-06,5.601237732423e-07
28.5-29.0 MHz,5,2,5.260000,14.490000,19.750000,8874999.999981,5.524678776228e-06,1.490896371480e-06,7.680959583523e-07
28.5-29.0 MHz,5,2,5.260000,14.490000,19.750000,8899999.999980,7.837133958596e-06,1.787542002907e-06,8.921977169569e-07
28.5-29.0 MHz,5,2,5.260000,14.490000,19.750000,8924999.999980,7.478382744075e-06,2.304845451929e-06,1.157974278710e-06
28.5-29.0 MHz,5,2,5.260000,14.490000,19.750000,8949999.999980,1.055656069023e-05,3.098821897191e-06,1.558532718463e-06
28.5-29.0 MHz,5,2,5.260000,14.490000,19.750000,8974999.999980,1.671472586527e-05,3.591078745707e-06,1.807211851474e-06
28.5-29.0 MHz,5,2,5.260000,14.490000,19.750000,8999999.999980,1.970331114952e-05,5.343026974761e-06,2.687364455536e-06
28.5-29.0 MHz,5,2,5.260000,14.490000,19.750000,9024999.999980,2.890677896015e-05,7.709399762033e-06,3.898968620516e-06
28.5-29.0 MHz,5,2,5.260000,14.490000,19.750000,9049999.999980,4.565556526967e-05,1.138057941882e-05,5.746892961672e-06
28.5-29.0 MHz,5,2,5.260000,14.490000,19.750000,9074999.999980,6.346917222498e-05,1.725507881775e-05,8.660763742295e-06
28.5-29.0 MHz,5,2,5.260000,14.490000,19.750000,9099999.999980,1.144535239403e-04,3.011531355833e-05,1.516373889665e-05
28.5-29.0 MHz,5,2,5.260000,14.490000,19.750000,9124999.999980,2.313856108995e-04,5.961002237552e-05,3.009198187142e-05
28.5-29.0 MHz,5,2,5.260000,14.490000,19.750000,9149999.999980,5.227114799436e-04,1.366791063945e-04,6.879932037667e-05
28.5-29.0 MHz,5,2,5.260000,14.490000,19.750000,9174999.999980,1.870824628263e-03,4.886626122307e-04,2.462303632718e-04
28.5-29.0 MHz,5,2,5.260000,14.490000,19.750000,9199999.999980,2.977503200680e-02,7.773965123196e-03,3.916610352280e-03
28.5-29.0 MHz,5,2,5.260000,14.490000,19.750000,9224999.999980,8.188596337987e-02,2.137999508360e-02,1.077150849864e-02
28.5-29.0 MHz,5,2,5.260000,14.490000,19.750000,9249999.999980,5.459050818002e-02,1.425303165139e-02,7.180859172204e-03
28.5-29.0 MHz,5,2,5.260000,14.490000,19.750000,9274999.999980,3.892416666017e-03,1.015224734087e-03,5.115054217540e-04
28.5-29.0 MHz,5,2,5.260000,14.490000,19.750000,9299999.999980,8.308309859908e-04,2.179284670007e-04,1.097582552799e-04
28.5-29.0 MHz,5,2,5.260000,14.490000,19.750000,9324999.999980,3.027033379225e-04,7.876164798004e-05,3.972994588875e-05
28.5-29.0 MHz,5,2,5.260000,14.490000,19.750000,9349999.999979,1.517631969531e-04,3.963066971312e-05,1.994890774493e-05
28.5-29.0 MHz,5,2,5.260000,14.490000,19.750000,9374999.999979,8.749319000607e-05,2.354146910905e-05,1.183714825684e-05
28.5-29.0 MHz,5,2,5.260000,14.490000,19.750000,9399999.999979,4.591259945903e-05,1.131519220769e-05,5.727886937904e-06
28.5-29.0 MHz,5,2,5.260000,14.490000,19.750000,9424999.999979,3.431218206142e-05,8.750461164157e-06,4.392522712883e-06
28.5-29.0 MHz,5,2,5.260000,14.490000,19.750000,9449999.999979,2.496438337272e-05,7.046873827892e-06,3.550623788808e-06
28.5-29.0 MHz,5,2,5.260000,14.490000,19.750000,9474999.999979,1.447396216715e-05,3.711722005907e-06,1.867369563413e-06
28.5-29.0 MHz,5,2,5.260000,14.490000,19.750000,9499999.999979,1.536951028696e-05,4.297803252997e-06,2.141283431658e-06
28.5-29.0 MHz,5,2,5.260000,14.490000,19.750000,9524999.999979,1.100182965700e-05,2.956482797481e-06,1.499522114443e-06
28.5-29.0 MHz,5,2,5.260000,14.490000,19.750000,9549999.999979,5.843989205725e-06,1.151892733634e-06,5.775169306076e-07
28.5-29.0 MHz,5,2,5.260000,14.490000,19.750000,9574999.999979,4.790922740670e-06,1.314695854002e-06,6.822962965305e-07
28.5-29.0 MHz,5,2,5.260000,14.490000,19.750000,9599999.999979,6.371754868714e-06,2.009383417913e-06,9.975246173315e-07
28.5-29.0 MHz,5,2,5.260000,14.490000,19.750000,9624999.999979,3.033870070228e-06,5.456003261035e-07,3.055368146965e-07
28.5-29.0 MHz,5,2,5.260000,14.490000,19.750000,9649999.999979,5.383384794586e-06,1.699130699721e-06,8.421251463673e-07
28.5-29.0 MHz,5,2,5.260000,14.490000,19.750000,9674999.999979,2.035257458449e-06,7.264496180470e-07,3.478861074536e-07
28.5-29.0 MHz,5,2,5.260000,14.490000,19.750000,9699999.999979,8.451309641105e-07,2.243403760640e-07,9.475597914246e-08
28.5-29.0 MHz,5,2,5.260000,14.490000,19.750000,9724999.999979,4.191165210698e-06,1.404581886168e-06,6.993908605137e-07
28.5-29.0 MHz,5,2,5.260000,14.490000,19.750000,9749999.999979,1.896280261819e-06,8.282994420019e-07,3.978876010698e-07
28.5-29.0 MHz,5,2,5.260000,14.490000,19.750000,9774999.999979,3.252875922546e-06,8.829069575710e-07,4.325748816956e-07
28.5-29.0 MHz,5,2,5.260000,14.490000,19.750000,9799999.999979,1.136929381706e-06,4.402329564995e-07,2.169891477872e-07
28.5-29.0 MHz,5,2,5.260000,14.490000,19.750000,9824999.999978,2.468549141518e-06,6.405401323400e-07,3.349140073218e-07
28.5-29.0 MHz,5,2,5.260000,14.490000,19.750000,9849999.999978,8.873475115257e-07,3.534596851298e-07,1.766610334998e-07
28.5-29.0 MHz,5,2,5.260000,14.490000,19.750000,9874999.999978,1.296239367362e-06,4.812955534414e-07,2.307845571304e-07
28.5-29.0 MHz,5,2,5.260000,14.490000,19.750000,9899999.999978,1.408069218984e-06,4.177622662780e-07,2.156492283064e-07
28.5-29.0 MHz,5,2,5.260000,14.490000,19.750000,9924999.999978,3.481167581885e-07,1.862231916588e-07,8.156064181673e-08
28.5-29.0 MHz,5,2,5.260000,14.490000,19.750000,9949999.999978,2.349724511368e-06,7.688185672373e-07,3.822686715937e-07
28.5-29.0 MHz,5,2,5.260000,14.490000,19.750000,9974999.999978,1.115068468987e-06,4.432775954612e-07,2.476410534725e-07
28.5-29.0 MHz,5,2,5.260000,14.490000,19.750000,9999999.999978,1.014023086572e-06,2.062452619469e-07,1.209718779473e-07
28.5-29.0 MHz,5,2,5.260000,14.490000,19.750000,10024999.999978,6.950285907034e-07,3.102238286498e-07,1.474276577503e-07
28.5-29.0 MHz,5,2,5.260000,14.490000,19.750000,10049999.999978,1.664594355618e-06,7.004524006321e-07,3.568710118818e-07
28.5-29.0 MHz,5,2,5.260000,14.490000,19.750000,10074999.999978,2.428373269385e-06,7.910181643650e-07,3.982690512299e-07
28.5-29.0 MHz,5,2,5.260000,14.490000,19.750000,10099999.999978,7.769658898890e-07,2.801127338315e-07,1.189414073454e-07
28.5-29.0 MHz,5,2,5.260000,14.490000,19.750000,10124999.999978,6.499684622860e-07,5.587149596019e-07,2.770322982841e-07
28.5-29.0 MHz,5,2,5.260000,14.490000,19.750000,10149999.999978,1.766038688987e-07,9.278882084297e-08,9.852716982501e-08
28.5-29.0 MHz,5,2,5.260000,14.490000,19.750000,10174999.999978,1.510830770483e-06,5.397135729710e-07,2.584693013427e-07
28.5-29.0 MHz,5,2,5.260000,14.490000,19.750000,10199999.999978,1.547921007429e-06,5.150677207920e-07,2.175756430120e-07
28.5-29.0 MHz,5,2,5.260000,14.490000,19.750000,10224999.999978,1.315289998108e-06,2.241943792661e-07,1.302484141146e-07
28.5-29.0 MHz,5,2,5.260000,14.490000,19.750000,10249999.999978,1.215134731047e-06,6.338834752027e-07,3.291440481306e-07
28.5-29.0 MHz,5,2,5.260000,14.490000,19.750000,10274999.999977,1.351649341342e-07,3.735035660595e-07,2.111186796156e-07
28.5-29.0 MHz,5,2,5.260000,14.490000,19.750000,10299999.999977,3.032006924331e-07,3.355089754944e-07,1.652909691330e-07
28.5-29.0 MHz,5,2,5.260000,14.490000,19.750000,10324999.999977,7.144679550074e-07,5.307395606366e-07,3.108349343924e-07
28.5-29.0 MHz,5,2,5.260000,14.490000,19.750000,10349999.999977,9.427491274319e-07,5.704947292783e-07,2.970146000591e-07
28.5-29.0 MHz,5,2,5.260000,14.490000,19.750000,10374999.999977,2.493993122283e-06,1.042886868672e-06,5.260091113887e-07
28.5-29.0 MHz,5,2,5.260000,14.490000,19.750000,10399999.999977,1.669848080809e-06,7.405644388011e-07,3.961149375518e-07
28.5-29.0 MHz,5,2,5.260000,14.490000,19.750000,10424999.999977,3.338509270960e-06,1.267544682782e-06,5.642866518050e-07
28.5-29.0 MHz,5,2,5.260000,14.490000,19.750000,10449999.999977,9.086470725467e-06,3.094137531665e-06,1.522205949166e-06
28.5-29.0 MHz,5,2,5.260000,14.490000,19.750000,10474999.999977,3.565610704923e-05,9.121853222199e-06,4.259368999124e-06
28.5-29.0 MHz,5,2,5.260000,14.490000,19.750000,10499999.999977,5.198613437467e-04,1.440226134133e-04,6.810061906161e-05
28.5-29.0 MHz,5,2,5.260000,14.490000,19.750000,10524999.999977,7.801214900834e-04,2.164202056280e-04,1.023867220270e-04
28.5-29.0 MHz,5,2,5.260000,14.490000,19.750000,10549999.999977,2.836022711447e-04,7.869712183157e-05,3.730389534853e-05
28.5-29.0 MHz,5,2,5.260000,14.490000,19.750000,10574999.999977,1.739316976192e-05,4.988921303559e-06,2.213667203317e-06
28.5-29.0 MHz,5,2,5.260000,14.490000,19.750000,10599999.999977,6.286737126170e-06,1.853743794909e-06,9.482045601437e-07
28.5-29.0 MHz,5,2,5.260000,14.490000,19.750000,10624999.999977,2.287158278491e-06,3.337969721927e-07,1.576776891937e-07
28.5-29.0 MHz,5,2,5.260000,14.490000,19.750000,10649999.999977,5.782654742078e-07,5.176431052569e-07,1.951065915415e-07
28.5-29.0 MHz,5,2,5.260000,14.490000,19.750000,10674999.999977,1.572881372399e-06,8.629019097123e-07,4.335466511258e-07
28.5-29.0 MHz,5,2,5.260000,14.490000,19.750000,10699999.999977,1.869391183397e-07,3.288059777162e-07,2.155513660409e-07
28.5-29.0 MHz,5,2,5.260000,14.490000,19.750000,10724999.999976,9.308397571307e-07,9.128906577671e-07,4.803325959736e-07
28.5-29.0 MHz,5,2,5.260000,14.490000,19.750000,10749999.999976,3.300611902966e-07,2.088474671844e-07,1.126301080127e-07
28.5-29.0 MHz,5,2,5.260000,14.490000,19.750000,10774999.999976,1.038410882371e-06,7.757917283232e-07,3.962126912074e-07
28.5-29.0 MHz,5,2,5.260000,14.490000,19.750000,10799999.999976,1.765560318510e-06,7.317576883461e-07,3.643493576348e-07
28.5-29.0 MHz,5,2,5.260000,14.490000,19.750000,10824999.999976,1.130169162024e-06,1.810343553310e-07,1.080083051932e-07
28.5-29.0 MHz,5,2,5.260000,14.490000,19.750000,10849999.999976,2.513672668642e-07,2.189375103365e-07,5.807923316424e-08
28.5-29.0 MHz,5,2,5.260000,14.490000,19.750000,10874999.999976,6.986169711159e-07,3.833890418156e-07,1.822960793823e-07
28.5-29.0 MHz,5,2,5.260000,14.490000,19.750000,10899999.999976,2.487879294425e-07,2.266879547842e-07,1.355083816090e-07
28.5-29.0 MHz,5,2,5.260000,14.490000,19.750000,10924999.999976,8.825262772915e-07,3.901660955991e-07,1.931337917810e-07
28.5-29.0 MHz,5,2,5.260000,14.490000,19.750000,10949999.999976,1.789263637753e-06,6.459297965999e-07,3.230780388471e-07
28.5-29.0 MHz,5,2,5.260000,14.490000,19.750000,10974999.999976,1.507634217823e-06,6.217942858612e-07,3.320739150410e-07
28.5-29.0 MHz,5,2,5.260000,14.490000,19.750000,10999999.999976,5.392044870680e-07,3.214507806453e-07,1.561032742369e-07
28.5-29.0 MHz,5,2,5.260000,14.490000,19.750000,11024999.999976,7.912571543669e-07,2.558761303790e-07,1.151208869539e-07
28.5-29.0 MHz,5,2,5.260000,14.490000,19.750000,11049999.999976,2.772412515192e-06,5.305958807003e-07,2.765493571665e-07
28.5-29.0 MHz,5,2,5.260000,14.490000,19.750000,11074999.999976,2.297824466371e-06,4.391292983109e-07,2.276200745597e-07
28.5-29.0 MHz,5,2,5.260000,14.490000,19.750000,11099999.999976,3.173104045692e-07,7.478460989118e-08,6.944930660341e-09
28.5-29.0 MHz,5,2,5.260000,14.490000,19.750000,11124999.999976,3.764901857043e-07,1.526234700057e-07,4.876118927361e-08
28.5-29.0 MHz,5,2,5.260000,14.490000,19.750000,11149999.999976,4.565109396415e-07,5.709026362083e-08,2.212034828009e-08
28.5-29.0 MHz,5,2,5.260000,14.490000,19.750000,11174999.999975,1.199337304278e-07,2.364668183750e-07,1.041691639263e-07
28.5-29.0 MHz,5,2,5.260000,14.490000,19.750000,11199999.999975,9.128533610553e-07,4.933508037555e-07,2.354778576564e-07
28.5-29.0 MHz,5,2,5.260000,14.490000,19.750000,11224999.999975,1.677222603298e-06,7.553280774589e-07,3.687371451908e-07
28.5-29.0 MHz,5,2,5.260000,14.490000,19.750000,11249999.999975,1.487857221724e-07,1.215997700532e-07,6.968032723768e-08
28.5-29.0 MHz,5,2,5.260000,14.490000,19.750000,11274999.999975,1.508000975856e-06,6.800861458826e-07,3.431457010610e-07
28.5-29.0 MHz,5,2,5.260000,14.490000,19.750000,11299999.999975,1.313248653702e-06,5.993828177115e-07,2.981237110706e-07
28.5-29.0 MHz,5,2,5.260000,14.490000,19.750000,11324999.999975,1.836964346630e-06,9.713816731777e-07,4.685032207497e-07
28.5-29.0 MHz,5,2,5.260000,14.490000,19.750000,11349999.999975,8.903323935423e-07,5.719927649240e-07,2.453772811449e-07
28.5-29.0 MHz,5,2,5.260000,14.490000,19.750000,11374999.999975,3.172150714574e-07,2.898080437028e-07,1.662849022303e-07
28.5-29.0 MHz,5,2,5.260000,14.490000,19.750000,11399999.999975,7.624154412502e-07,1.571594573846e-07,5.376441509770e-08
28.5-29.0 MHz,5,2,5.260000,14.490000,19.750000,11424999.999975,9.385841426663e-07,7.160278958792e-07,3.536943007483e-07
28.5-29.0 MHz,5,2,5.260000,14.490000,19.750000,11449999.999975,1.360440587550e-06,6.685194886781e-07,3.270258070856e-07
28.5-29.0 MHz,5,2,5.260000,14.490000,19.750000,11474999.999975,3.590283354289e-07,2.626530997791e-07,1.460869547391e-07
28.5-29.0 MHz,5,2,5.260000,14.490000,19.750000,11499999.999975,8.442985187948e-07,5.479168971450e-07,2.789866631318e-07
28.5-29.0 MHz,5,2,5.260000,14.490000,19.750000,11524999.999975,1.765283886789e-06,7.731635608466e-07,3.575765898675e-07
28.5-29.0 MHz,5,2,5.260000,14.490000,19.750000,11549999.999975,2.821878943812e-06,1.528386286135e-06,7.431007559505e-07
28.5-29.0 MHz,5,2,5.260000,14.490000,19.750000,11574999.999975,1.934722946663e-06,7.618105050263e-07,3.991347278782e-07
28.5-29.0 MHz,5,2,5.260000,14.490000,19.750000,11599999.999975,1.678151683597e-06,1.146907365725e-06,5.566136539508e-07
28.5-29.0 MHz,5,2,5.260000,14.490000,19.750000,11624999.999975,1.889138784211e-06,1.072985135859e-06,5.071783213357e-07
28.5-29.0 MHz,5,2,5.260000,14.490000,19.750000,11649999.999974,1.120385865563e-06,1.431527689078e-06,6.939083068435e-07
28.5-29.0 MHz,5,2,5.260000,14.490000,19.750000,11674999.999974,2.143905948469e-06,1.172709799380e-06,6.100369158011e-07
28.5-29.0 MHz,5,2,5.260000,14.490000,19.750000,11699999.999974,3.487757885470e-06,2.157681473021e-06,1.122336168286e-06
28.5-29.0 MHz,5,2,5.260000,14.490000,19.750000,11724999.999974,3.135986189136e-06,1.540744941563e-06,7.750175074644e-07
28.5-29.0 MHz,5,2,5.260000,14.490000,19.750000,11749999.999974,2.816764898170e-06,2.182156672002e-06,1.059253480777e-06
28.5-29.0 MHz,5,2,5.260000,14.490000,19.750000,11774999.999974,3.478975465400e-06,1.082779770781e-06,4.977282341797e-07
28.5-29.0 MHz,5,2,5.260000,14.490000,19.750000,11799999.999974,1.411026526506e-05,4.367073073357e-06,2.139197523231e-06
28.5-29.0 MHz,5,2,5.260000,14.490000,19.750000,11824999.999974,1.341822616814e-05,4.186188393578e-06,2.051721238507e-06
28.5-29.0 MHz,5,2,5.260000,14.490000,19.750000,11849999.999974,3.002590374298e-06,8.667023549500e-07,3.970360690946e-07
28.5-29.0 MHz,5,2,5.260000,14.490000,19.750000,11874999.999974,2.683276385855e-06,1.335762179335e-06,6.958036764596e-07
28.5-29.0 MHz,5,2,5.260000,14.490000,19.750000,11899999.999974,6.455741349612e-06,1.578650763667e-06,8.199829293519e-07
28.5-29.0 MHz,5,2,5.260000,14.490000,19.750000,11924999.999974,4.918494880835e-06,9.567616567496e-07,5.110559815968e-07
28.5-29.0 MHz,5,2,5.260000,14.490000,19.750000,11949999.999974,1.935392639683e-06,1.245240677812e-06,6.269865694564e-07
28.5-29.0 MHz,5,2,5.260000,14.490000,19.750000,11974999.999974,2.178597053027e-06,1.564782351375e-06,7.648947454363e-07
28.5-29.0 MHz,5,2,5.260000,14.490000,19.750000,11999999.999974,3.634128404862e-07,7.589315387494e-07,3.807830321549e-07
28.5-29.0 MHz,5,2,5.260000,14.490000,19.750000,12024999.999974,1.236068229365e-06,1.268839829513e-06,6.125187867531e-07
28.5-29.0 MHz,5,2,5.260000,14.490000,19.750000,12049999.999974,1.239282191070e-06,4.142471023562e-07,1.924274997330e-07
28.5-29.0 MHz,5,2,5.260000,14.490000,19.750000,12074999.999974,8.829913741281e-07,1.055494370944e-06,5.172140507100e-07
28.5-29.0 MHz,5,2,5.260000,14.490000,19.750000,12099999.999973,1.523732928839e-06,5.781590979199e-07,2.578053561749e-07
28.5-29.0 MHz,5,2,5.260000,14.490000,19.750000,12124999.999973,1.966827806010e-06,1.049472931150e-06,4.970511865854e-07
28.5-29.0 MHz,5,2,5.260000,14.490000,19.750000,12149999.999973,2.065724522867e-06,6.805137403514e-07,3.450125170297e-07
28.5-29.0 MHz,5,2,5.260000,14.490000,19.750000,12174999.999973,2.047407845620e-06,8.680874768820e-07,4.436567405609e-07
28.5-29.0 MHz,5,2,5.260000,14.490000,19.750000,12199999.999973,1.596276745589e-06,5.475400136532e-07,2.793443350167e-07
28.5-29.0 MHz,5,2,5.260000,14.490000,19.750000,12224999.999973,1.362117322867e-06,7.983934613018e-07,3.624572860219e-07
28.5-29.0 MHz,5,2,5.260000,14.490000,19.750000,12249999.999973,1.570801408425e-06,9.218884955600e-07,4.439073067292e-07
28.5-29.0 MHz,5,2,5.260000,14.490000,19.750000,12274999.999973,1.084673472839e-06,5.481796487136e-07,2.650762206319e-07
28.5-29.0 MHz,5,2,5.260000,14.490000,19.750000,12299999.999973,8.440703665675e-07,2.761683230062e-07,1.433917458515e-07
28.5-29.0 MHz,5,2,5.260000,14.490000,19.750000,12324999.999973,7.242107282700e-07,5.920099593617e-07,3.050713873156e-07
28.5-29.0 MHz,5,2,5.260000,14.490000,19.750000,12349999.999973,3.044490695238e-06,9.075638080577e-07,4.667385294010e-07
28.5-29.0 MHz,5,2,5.260000,14.490000,19.750000,12374999.999973,1.566600425662e-06,1.112200929443e-07,6.436132546024e-08
28.5-29.0 MHz,5,2,5.260000,14.490000,19.750000,12399999.999973,3.529109118295e-07,4.389357324600e-07,2.191789794231e-07
28.5-29.0 MHz,5,2,5.260000,14.490000,19.750000,12424999.999973,4.137153024811e-07,2.082229705252e-07,1.221392793641e-07
28.5-29.0 MHz,5,2,5.260000,14.490000,19.750000,12449999.999973,4.499058006354e-07,3.818599695602e-07,1.952617428593e-07
28.5-29.0 MHz,5,2,5.260000,14.490000,19.750000,12474999.999973,1.646046047558e-06,5.810556924284e-07,2.794468655824e-07
28.5-29.0 MHz,5,2,5.260000,14.490000,19.750000,12499999.999973,1.771882265550e-06,5.389702666872e-07,2.757910883611e-07
28.5-29.0 MHz,5,2,5.260000,14.490000,19.750000,12524999.999973,1.045215506809e-06,2.233089328267e-07,9.550134352137e-08
28.5-29.0 MHz,5,2,5.260000,14.490000,19.750000,12549999.999972,1.991223782324e-06,6.093697797101e-07,3.028684964821e-07
28.5-29.0 MHz,5,2,5.260000,14.490000,19.750000,12574999.999972,2.391415727852e-06,9.243372552015e-07,4.691363970934e-07
28.5-29.0 MHz,5,2,5.260000,14.490000,19.750000,12599999.999972,1.167284981002e-06,5.012199634098e-07,2.472307898513e-07
28.5-29.0 MHz,5,2,5.260000,14.490000,19.750000,12624999.999972,7.604573993232e-07,3.744934158360e-07,1.657603120192e-07
28.5-29.0 MHz,5,2,5.260000,14.490000,19.750000,12649999.999972,3.838638993568e-06,1.082818392789e-06,5.615510806985e-07
28.5-29.0 MHz,5,2,5.260000,14.490000,19.750000,12674999.999972,3.180723810967e-06,9.917831139112e-07,5.117548489126e-07
28.5-29.0 MHz,5,2,5.260000,14.490000,19.750000,12699999.999972,1.573612962594e-06,8.879029017336e-07,4.459492326941e-07
28.5-29.0 MHz,5,2,5.260000,14.490000,19.750000,12724999.999972,1.477657798934e-06,7.003885666515e-07,3.377948342039e-07
28.5-29.0 MHz,5,2,5.260000,14.490000,19.750000,12749999.999972,1.895120179418e-06,6.516910028405e-07,2.713642267058e-07
28.5-29.0 MHz,5,2,5.260000,14.490000,19.750000,12774999.999972,1.975259433459e-06,5.703964173031e-07,2.333560272142e-07
28.5-29.0 MHz,5,2,5.260000,14.490000,19.750000,12799999.999972,6.751472622599e-07,1.890532470667e-07,5.914647457289e-08
28.5-29.0 MHz,5,2,5.260000,14.490000,19.750000,12824999.999972,7.415299603712e-07,2.946938796289e-07,1.412779294865e-07
28.5-29.0 MHz,5,2,5.260000,14.490000,19.750000,12849999.999972,6.693713919441e-07,4.772804288000e-07,1.937635513122e-07
28.5-29.0 MHz,5,2,5.260000,14.490000,19.750000,12874999.999972,2.015079696874e-06,8.332071585131e-07,4.198645119645e-07
28.5-29.0 MHz,5,2,5.260000,14.490000,19.750000,12899999.999972,4.897070163754e-06,1.985712451553e-06,9.657272081591e-07
28.5-29.0 MHz,5,2,5.260000,14.490000,19.750000,12924999.999972,4.701627778961e-06,1.689939993082e-06,8.243875350596e-07
28.5-29.0 MHz,5,2,5.260000,14.490000,19.750000,12949999.999972,3.973759484517e-06,9.948024803600e-07,4.615630494360e-07
28.5-29.0 MHz,5,2,5.260000,14.490000,19.750000,12974999.999972,2.487303119625e-06,3.933326015638e-07,1.843902762797e-07
28.5-29.0 MHz,5,2,5.260000,14.490000,19.750000,12999999.999971,5.764837214178e-07,4.784769432056e-07,2.333214784541e-07
28.5-29.0 MHz,5,2,5.260000,14.490000,19.750000,13024999.999971,6.360797181355e-07,6.770951539429e-07,3.294573189329e-07
28.5-29.0 MHz,5,2,5.260000,14.490000,19.750000,13049999.999971,2.987134369084e-06,1.040962973562e-06,5.134955377879e-07
28.5-29.0 MHz,5,2,5.260000,14.490000,19.750000,13074999.999971,2.501585592588e-06,7.299655165930e-07,4.696971337241e-07
28.5-29.0 MHz,5,2,5.260000,14.490000,19.750000,13099999.999971,2.013655831630e-06,1.362873983469e-06,5.116026400245e-07
28.5-29.0 MHz,5,2,5.260000,14.490000,19.750000,13124999.999971,1.698525752912e-06,6.899295254433e-07,3.391292710482e-07
28.5-29.0 MHz,5,2,5.260000,14.490000,19.750000,13149999.999971,1.438755497738e-06,9.365982399347e-07,4.930163676677e-07
28.5-29.0 MHz,5,2,5.260000,14.490000,19.750000,13174999.999971,3.619275547310e-06,1.524620307758e-06,7.757028372109e-07
28.5-29.0 MHz,5,2,5.260000,14.490000,19.750000,13199999.999971,4.958655551341e-06,1.870302368627e-06,9.269813023987e-07
28.5-29.0 MHz,5,2,5.260000,14.490000,19.750000,13224999.999971,1.552077329698e-06,8.965548224437e-07,4.166084235763e-07
28.5-29.0 MHz,5,2,5.260000,14.490000,19.750000,13249999.999971,2.885718659316e-06,2.108285257552e-06,1.023925558684e-06
28.5-29.0 MHz,5,2,5.260000,14.490000,19.750000,13274999.999971,2.427747827063e-06,1.634732547058e-06,7.906586831911e-07
28.5-29.0 MHz,5,2,5.260000,14.490000,19.750000,13299999.999971,3.327698014505e-06,2.003232445448e-06,1.033292081915e-06
28.5-29.0 MHz,5,2,5.260000,14.490000,19.750000,13324999.999971,3.555211137663e-06,1.580680077067e-06,8.410106140403e-07
28.5-29.0 MHz,5,2,5.260000,14.490000,19.750000,13349999.999971,5.378081269024e-06,2.421073093308e-06,1.210739506584e-06
28.5-29.0 MHz,5,2,5.260000,14.490000,19.750000,13374999.999971,2.497539832136e-06,1.110516861555e-06,5.492737694669e-07
28.5-29.0 MHz,5,2,5.260000,14.490000,19.750000,13399999.999971,9.519916698869e-07,9.925633895329e-08,3.142385483403e-08
28.5-29.0 MHz,5,2,5.260000,14.490000,19.750000,13424999.999971,1.346418520526e-06,2.908304519041e-07,1.715822700774e-07
28.5-29.0 MHz,5,2,5.260000,14.490000,19.750000,13449999.999971,2.774240181304e-06,1.295191122378e-06,6.314726369638e-07
28.5-29.0 MHz,5,2,5.260000,14.490000,19.750000,13474999.999970,4.594020645361e-06,1.930445685225e-06,9.515656706977e-07
28.5-29.0 MHz,5,2,5.260000,14.490000,19.750000,13499999.999970,6.196729980377e-06,2.089705071809e-06,1.047313829489e-06
28.5-29.0 MHz,5,2,5.260000,14.490000,19.750000,13524999.999970,4.819390674572e-06,1.464463140393e-06,7.418484569875e-07
28.5-29.0 MHz,5,2,5.260000,14.490000,19.750000,13549999.999970,3.521491720851e-06,1.131818103441e-06,5.514542901242e-07
28.5-29.0 MHz,5,2,5.260000,14.490000,19.750000,13574999.999970,6.817812640935e-07,2.870373209047e-07,1.443489707012e-07
28.5-29.0 MHz,5,2,5.260000,14.490000,19.750000,13599999.999970,1.430085050433e-06,8.015516756817e-07,4.034559610071e-07
28.5-29.0 MHz,5,2,5.260000,14.490000,19.750000,13624999.999970,5.817300455066e-06,2.197082339702e-06,1.081099891855e-06
28.5-29.0 MHz,5,2,5.260000,14.490000,19.750000,13649999.999970,1.061506089548e-05,3.977885710966e-06,1.988347487865e-06
28.5-29.0 MHz,5,2,5.260000,14.490000,19.750000,13674999.999970,4.946219833773e-06,1.797853659729e-06,9.256836921477e-07
28.5-29.0 MHz,5,2,5.260000,14.490000,19.750000,13699999.999970,1.560160518646e-06,3.346645670608e-07,1.941138167672e-07
28.5-29.0 MHz,5,2,5.260000,14.490000,19.750000,13724999.999970,3.805534821200e-06,1.270703900247e-06,6.587754237614e-07
28.5-29.0 MHz,5,2,5.260000,14.490000,19.750000,13749999.999970,6.532911051372e-06,2.518374278626e-06,1.287317066172e-06
28.5-29.0 MHz,5,2,5.260000,14.490000,19.750000,13774999.999970,3.563771244653e-06,1.364055406118e-06,7.032708349673e-07
28.5-29.0 MHz,5,2,5.260000,14.490000,19.750000,13799999.999970,3.116014569846e-06,9.704610319484e-07,5.053525577299e-07
28.5-29.0 MHz,5,2,5.260000,14.490000,19.750000,13824999.999970,3.592445457856e-06,1.243693898159e-06,6.281283968241e-07
28.5-29.0 MHz,5,2,5.260000,14.490000,19.750000,13849999.999970,5.358388885576e-06,1.677978238389e-06,8.345339656248e-07
28.5-29.0 MHz,5,2,5.260000,14.490000,19.750000,13874999.999970,6.787926223837e-06,2.427166311370e-06,1.222494787097e-06
28.5-29.0 MHz,5,2,5.260000,14.490000,19.750000,13899999.999970,6.515007868478e-06,1.995086466311e-06,1.023252918080e-06
28.5-29.0 MHz,5,2,5.260000,14.490000,19.750000,13924999.999969,1.017907799942e-05,3.625218784097e-06,1.848988223940e-06
28.5-29.0 MHz,5,2,5.260000,14.490000,19.750000,13949999.999969,1.733461901648e-05,6.647042762183e-06,3.379671982454e-06
28.5-29.0 MHz,5,2,5.260000,14.490000,19.750000,13974999.999969,8.930842892902e-06,3.570198859098e-06,1.793783390423e-06
28.5-29.0 MHz,5,2,5.260000,14.490000,19.750000,13999999.999969,5.198832778842e-06,1.916795082087e-06,9.367932473367e-07
28.5-29.0 MHz,5,2,5.260000,14.490000,19.750000,14024999.999969,3.523736275383e-06,1.293505059597e-06,6.220018255461e-07
28.5-29.0 MHz,5,2,5.260000,14.490000,19.750000,14049999.999969,1.429105229937e-06,5.498448018998e-07,2.947136087341e-07
28.5-29.0 MHz,5,2,5.260000,14.490000,19.750000,14074999.999969,2.415659166755e-06,4.925565621303e-07,2.501556391564e-07
28.5-29.0 MHz,5,2,5.260000,14.490000,19.750000,14099999.999969,4.465805734497e-06,1.952344327071e-06,9.801391560439e-07
28.5-29.0 MHz,5,2,5.260000,14.490000,19.750000,14124999.999969,3.226866055504e-06,1.010950290610e-06,5.159364166838e-07
28.5-29.0 MHz,5,2,5.260000,14.490000,19.750000,14149999.999969,6.569343230830e-06,2.194730787209e-06,1.095474711381e-06
28.5-29.0 MHz,5,2,5.260000,14.490000,19.750000,14174999.999969,1.847224880982e-05,7.328128971797e-06,3.705989424119e-06
28.5-29.0 MHz,5,2,5.260000,14.490000,19.750000,14199999.999969,1.459734131206e-05,5.169937637704e-06,2.621374354574e-06
28.5-29.0 MHz,5,2,5.260000,14.490000,19.750000,14224999.999969,8.332763508302e-06,2.623865207012e-06,1.305943807248e-06
28.5-29.0 MHz,5,2,5.260000,14.490000,19.750000,14249999.999969,9.017862889963e-06,3.539241592597e-06,1.768997096414e-06
28.5-29.0 MHz,5,2,5.260000,14.490000,19.750000,14274999.999969,1.631547503281e-05,5.549555284886e-06,2.815866973696e-06
28.5-29.0 MHz,5,2,5.260000,14.490000,19.750000,14299999.999969,1.199120991546e-05,4.250819847030e-06,2.117695486455e-06
28.5-29.0 MHz,5,2,5.260000,14.490000,19.750000,14324999.999969,3.173413196105e-05,1.237424842702e-05,6.186744593509e-06
28.5-29.0 MHz,5,2,5.260000,14.490000,19.750000,14349999.999969,4.095714029799e-05,1.304177115041e-05,6.572680019384e-06
28.5-29.0 MHz,5,2,5.260000,14.490000,19.750000,14374999.999968,1.016530333790e-04,3.537096145827e-05,1.773684306584e-05
28.5-29.0 MHz,5,2,5.260000,14.490000,19.750000,14399999.999968,1.611267235115e-04,5.602214837586e-05,2.808757310815e-05
28.5-29.0 MHz,5,2,5.260000,14.490000,19.750000,14424999.999968,5.353046246130e-04,1.836882774869e-04,9.213697021927e-05
28.5-29.0 MHz,5,2,5.260000,14.490000,19.750000,14449999.999968,3.130243966308e-03,1.080459798085e-03,5.418707096749e-04
28.5-29.0 MHz,5,2,5.260000,14.490000,19.750000,14474999.999968,2.032563973859e-02,7.010709937501e-03,3.516021145670e-03
28.5-29.0 MHz,5,2,5.260000,14.490000,19.750000,14499999.999968,2.322148717878e-02,8.009777977590e-03,4.017063555248e-03
28.5-29.0 MHz,5,2,5.260000,14.490000,19.750000,14524999.999968,5.805442040969e-03,2.002592912066e-03,1.004323653110e-03
28.5-29.0 MHz,5,2,5.260000,14.490000,19.750000,14549999.999968,6.905400115954e-04,2.389399327349e-04,1.198483653673e-04
28.5-29.0 MHz,5,2,5.260000,14.490000,19.750000,14574999.999968,2.081006068894e-04,7.045879382106e-05,3.531742000843e-05
28.5-29.0 MHz,5,2,5.260000,14.490000,19.750000,14599999.999968,1.119563926253e-04,4.034745772368e-05,2.025944182917e-05
28.5-29.0 MHz,5,2,5.260000,14.490000,19.750000,14624999.999968,4.430514531902e-05,1.523200215105e-05,7.619010122778e-06
28.5-29.0 MHz,5,2,5.260000,14.490000,19.750000,14649999.999968,3.042986937503e-05,9.574504299411e-06,4.808586743136e-06
28.5-29.0 MHz,5,2,5.260000,14.490000,19.750000,14674999.999968,1.553499853723e-05,5.663309740555e-06,2.837154696012e-06
28.5-29.0 MHz,5,2,5.260000,14.490000,19.750000,14699999.999968,1.970677173013e-05,7.072963935111e-06,3.537747853572e-06
28.5-29.0 MHz,5,2,5.260000,14.490000,19.750000,14724999.999968,8.319354410603e-06,2.629466598987e-06,1.313831263630e-06
28.5-29.0 MHz,5,2,5.260000,14.490000,19.750000,14749999.999968,9.340608898546e-06,4.111012064722e-06,2.050317923025e-06
28.5-29.0 MHz,5,2,5.260000,14.490000,19.750000,14774999.999968,1.141772799782e-05,5.135729722303e-06,2.567627407921e-06
28.5-29.0 MHz,5,2,5.260000,14.490000,19.750000,14799999.999968,2.189628919892e-05,8.168246906980e-06,4.089197599846e-06
28.5-29.0 MHz,5,2,5.260000,14.490000,19.750000,14824999.999967,8.646416269711e-06,3.379253468717e-06,1.662676289424e-06
28.5-29.0 MHz,5,2,5.260000,14.490000,19.750000,14849999.999967,7.070432593897e-06,3.261051751772e-06,1.626178623274e-06
28.5-29.0 MHz,5,2,5.260000,14.490000,19.750000,14874999.999967,4.052073835536e-06,1.197292469957e-06,5.868777442144e-07
28.5-29.0 MHz,5,2,5.260000,14.490000,19.750000,14899999.999967,5.292642522137e-06,2.482030865888e-06,1.253065256037e-06
28.5-29.0 MHz,5,2,5.260000,14.490000,19.750000,14924999.999967,1.653789032979e-06,1.003240258435e-06,4.967664341263e-07
28.5-29.0 MHz,5,2,5.260000,14.490000,19.750000,14949999.999967,6.139035462267e-06,2.830799054822e-06,1.387438476478e-06
28.5-29.0 MHz,5,2,5.260000,14.490000,19.750000,14974999.999967,7.562331389094e-06,3.483546741412e-06,1.705562549022e-06
28.5-29.0 MHz,5,2,5.260000,14.490000,19.750000,14999999.999967,1.068734312941e-05,4.151321712075e-06,2.048396771470e-06
28.5-29.0 MHz,5,2,5.260000,14.490000,19.750000,15024999.999967,2.344210976673e-05,9.127186357288e-06,4.572123785248e-06
28.5-29.0 MHz,5,2,5.260000,14.490000,19.750000,15049999.999967,1.967841682150e-05,7.784432880633e-06,3.914006245566e-06
28.5-29.0 MHz,5,2,5.260000,14.490000,19.750000,15074999.999967,1.071635762840e-05,4.795849009727e-06,2.407957908653e-06
28.5-29.0 MHz,5,2,5.260000,14.490000,19.750000,15099999.999967,1.248916752197e-05,5.264850414405e-06,2.641914736577e-06
28.5-29.0 MHz,5,2,5.260000,14.490000,19.750000,15124999.999967,8.286519730456e-06,3.663314200398e-06,1.822081656401e-06
28.5-29.0 MHz,5,2,5.260000,14.490000,19.750000,15149999.999967,4.962720436122e-06,2.139305068724e-06,1.046121112834e-06
28.5-29.0 MHz,5,2,5.260000,14.490000,19.750000,15174999.999967,5.152751629361e-06,2.175160159530e-06,1.103722875215e-06
28.5-29.0 MHz,5,2,5.260000,14.490000,19.750000,15199999.999967,5.923241413372e-06,2.354889655923e-06,1.205583768929e-06
28.5-29.0 MHz,5,2,5.260000,14.490000,19.750000,15224999.999967,9.972229743513e-06,3.835722644199e-06,1.923673428027e-06
28.5-29.0 MHz,5,2,5.260000,14.490000,19.750000,15249999.999967,8.317458242628e-06,3.445956085246e-06,1.717998087156e-06
28.5-29.0 MHz,5,2,5.260000,14.490000,19.750000,15274999.999967,2.060092567350e-06,1.008692743536e-06,5.213781323432e-07
28.5-29.0 MHz,5,2,5.260000,14.490000,19.750000,15299999.999966,5.498271564574e-06,2.382589174568e-06,1.190946720323e-06
28.5-29.0 MHz,5,2,5.260000,14.490000,19.750000,15324999.999966,2.092183651716e-05,8.488980599657e-06,4.178020415377e-06
28.5-29.0 MHz,5,2,5.260000,14.490000,19.750000,15349999.999966,1.709408983386e-05,6.895123345856e-06,3.384452913431e-06
28.5-29.0 MHz,5,2,5.260000,14.490000,19.750000,15374999.999966,5.991705389313e-07,5.874741416191e-07,3.195005808273e-07
28.5-29.0 MHz,5,2,5.260000,14.490000,19.750000,15399999.999966,5.823883286352e-07,5.395756147461e-07,2.916824412769e-07
28.5-29.0 MHz,5,2,5.260000,14.490000,19.750000,15424999.999966,8.047042230653e-06,3.574525927616e-06,1.764545720500e-06
28.5-29.0 MHz,5,2,5.260000,14.490000,19.750000,15449999.999966,9.350870670086e-06,4.227251273907e-06,2.105569560206e-06
28.5-29.0 MHz,5,2,5.260000,14.490000,19.750000,15474999.999966,1.386038194874e-05,5.943638073170e-06,2.993922544907e-06
28.5-29.0 MHz,5,2,5.260000,14.490000,19.750000,15499999.999966,1.022602840299e-05,3.972939172385e-06,2.004358388332e-06
28.5-29.0 MHz,5,2,5.260000,14.490000,19.750000,15524999.999966,4.629245745239e-06,1.319665723831e-06,7.101825931281e-07
28.5-29.0 MHz,5,2,5.260000,14.490000,19.750000,15549999.999966,4.313048337758e-06,1.864308572097e-06,9.867885680524e-07
28.5-29.0 MHz,5,2,5.260000,14.490000,19.750000,15574999.999966,4.814078610742e-06,2.629126939012e-06,1.337961021500e-06
28.5-29.0 MHz,5,2,5.260000,14.490000,19.750000,15599999.999966,6.079932799372e-06,2.845764798907e-06,1.416220204515e-06
28.5-29.0 MHz,5,2,5.260000,14.490000,19.750000,15624999.999966,9.759186119463e-06,3.427936897250e-06,1.722045024421e-06
28.5-29.0 MHz,5,2,5.260000,14.490000,19.750000,15649999.999966,1.099756807695e-05,4.283897045525e-06,2.121526416730e-06
28.5-29.0 MHz,5,2,5.260000,14.490000,19.750000,15674999.999966,4.030282009879e-06,7.521341101713e-07,4.571868971640e-07
28.5-29.0 MHz,5,2,5.260000,14.490000,19.750000,15699999.999966,3.197316609648e-06,9.190630335463e-07,5.153364451481e-07
28.5-29.0 MHz,5,2,5.260000,14.490000,19.750000,15724999.999966,7.663912864489e-06,2.196570182972e-06,1.137514981368e-06
28.5-29.0 MHz,5,2,5.260000,14.490000,19.750000,15749999.999965,9.981399840130e-05,4.448466012389e-05,2.223572934220e-05
28.5-29.0 MHz,5,2,5.260000,14.490000,19.750000,15774999.999965,2.764008340732e-04,1.213645091009e-04,6.071718926777e-05
28.5-29.0 MHz,5,2,5.260000,14.490000,19.750000,15799999.999965,1.854522687569e-04,8.104967287150e-05,4.056232134088e-05
28.5-29.0 MHz,5,2,5.260000,14.490000,19.750000,15824999.999965,1.328690478346e-05,5.382069086320e-06,2.716408024710e-06
28.5-29.0 MHz,5,2,5.260000,14.490000,19.750000,15849999.999965,9.482048187961e-06,5.028016716385e-06,2.531788581381e-06
28.5-29.0 MHz,5,2,5.260000,14.490000,19.750000,15874999.999965,1.205281708055e-05,4.871647772327e-06,2.671913239731e-06
28.5-29.0 MHz,5,2,5.260000,14.490000,19.750000,15899999.999965,1.135131231201e-05,4.626390344894e-06,2.499030747820e-06
28.5-29.0 MHz,5,2,5.260000,14.490000,19.750000,15924999.999965,1.244530444356e-05,6.022144131410e-06,3.014541326048e-06
28.5-29.0 MHz,5,2,5.260000,14.490000,19.750000,15949999.999965,4.469013776589e-06,2.282728495294e-06,1.127421548570e-06
28.5-29.0 MHz,5,2,5.260000,14.490000,19.750000,15974999.999965,3.921637981706e-06,2.774141526175e-06,1.377564092914e-06
28.5-29.0 MHz,5,2,5.260000,14.490000,19.750000,15999999.999965,6.652540164085e-06,3.302646205439e-06,1.640548697296e-06
28.5-29.0 MHz,5,2,5.260000,14.490000,19.750000,16024999.999965,1.447836274966e-05,7.290594436683e-06,3.613329843200e-06
28.5-29.0 MHz,5,2,5.260000,14.490000,19.750000,16049999.999965,1.600877053337e-05,7.789890257142e-06,3.885982436202e-06
28.5-29.0 MHz,5,2,5.260000,14.490000,19.750000,16074999.999965,1.983507328021e-05,8.873608166551e-06,4.449357249937e-06
28.5-29.0 MHz,5,2,5.260000,14.490000,19.750000,16099999.999965,1.093243524988e-05,4.770728176487e-06,2.392236707374e-06
28.5-29.0 MHz,5,2,5.260000,14.490000,19.750000,16124999.999965,4.126100913077e-06,2.203380753391e-06,1.060548589084e-06
28.5-29.0 MHz,5,2,5.260000,14.490000,19.750000,16149999.999965,3.800148405741e-06,2.102859634219e-06,1.026714736635e-06
28.5-29.0 MHz,5,2,5.260000,14.490000,19.750000,16174999.999965,1.895155932317e-06,9.587837209072e-07,5.019353972596e-07
28.5-29.0 MHz,5,2,5.260000,14.490000,19.750000,16199999.999964,9.444624696131e-06,4.556620678470e-06,2.275684931933e-06
28.5-29.0 MHz,5,2,5.260000,14.490000,19.750000,16224999.999964,1.220267061784e-05,6.016921712088e-06,3.026673808018e-06
28.5-29.0 MHz,5,2,5.260000,14.490000,19.750000,16249999.999964,4.619038978160e-06,2.313464489015e-06,1.165162119808e-06
28.5-29.0 MHz,5,2,5.260000,14.490000,19.750000,16274999.999964,1.747630801713e-06,4.929828431720e-07,2.279955983582e-07
28.5-29.0 MHz,5,2,5.260000,14.490000,19.750000,16299999.999964,1.095769474714e-05,5.010804957159e-06,2.513811262767e-06
28.5-29.0 MHz,5,2,5.260000,14.490000,19.750000,16324999.999964,1.784459682703e-05,8.682809611516e-06,4.356426907971e-06
28.5-29.0 MHz,5,2,5.260000,14.490000,19.750000,16349999.999964,6.424156945311e-06,3.411607425165e-06,1.691498874543e-06
28.5-29.0 MHz,5,2,5.260000,14.490000,19.750000,16374999.999964,7.163542667137e-06,3.375794317006e-06,1.668471712004e-06
28.5-29.0 MHz,5,2,5.260000,14.490000,19.750000,16399999.999964,1.012185118312e-05,4.680836415892e-06,2.333549230519e-06
28.5-29.0 MHz,5,2,5.260000,14.490000,19.750000,16424999.999964,9.468371902345e-06,4.471362659104e-06,2.232182559104e-06
28.5-29.0 MHz,5,2,5.260000,14.490000,19.750000,16449999.999964,7.844119835460e-06,3.743083213597e-06,1.868090990475e-06
28.5-29.0 MHz,5,2,5.260000,14.490000,19.750000,16474999.999964,8.759390566142e-06,4.614198959039e-06,2.312725480969e-06
28.5-29.0 MHz,5,2,5.260000,14.490000,19.750000,16499999.999964,8.272648707131e-06,4.241513259162e-06,2.111811927433e-06
28.5-29.0 MHz,5,2,5.260000,14.490000,19.750000,16524999.999964,8.268233333880e-07,4.389522733507e-07,2.332875213989e-07
28.5-29.0 MHz,5,2,5.260000,14.490000,19.750000,16549999.999964,1.519910382542e-06,1.012583753526e-06,5.124368570486e-07
28.5-29.0 MHz,5,2,5.260000,14.490000,19.750000,16574999.999964,2.584816897284e-06,1.545757947497e-06,7.474357502351e-07
28.5-29.0 MHz,5,2,5.260000,14.490000,19.750000,16599999.999964,9.538557692678e-06,5.109855374172e-06,2.532093432552e-06
28.5-29.0 MHz,5,2,5.260000,14.490000,19.750000,16624999.999964,1.549458749804e-05,7.947436813083e-06,3.967637804057e-06
28.5-29.0 MHz,5,2,5.260000,14.490000,19.750000,16649999.999963,5.472650876343e-06,2.946955234736e-06,1.481634862886e-06
28.5-29.0 MHz,5,2,5.260000,14.490000,19.750000,16674999.999963,4.941198000383e-06,2.900786830137e-06,1.449707349322e-06
28.5-29.0 MHz,5,2,5.260000,14.490000,19.750000,16699999.999963,6.427453739272e-06,3.857421071506e-06,1.923386137912e-06
28.5-29.0 MHz,5,2,5.260000,14.490000,19.750000,16724999.999963,7.938204104952e-06,3.947845916567e-06,1.947189871320e-06
28.5-29.0 MHz,5,2,5.260000,14.490000,19.750000,16749999.999963,7.151788380410e-06,2.976234520595e-06,1.451484608815e-06
28.5-29.0 MHz,5,2,5.260000,14.490000,19.750000,16774999.999963,6.675342024762e-06,3.357126176095e-06,1.675213332402e-06
28.5-29.0 MHz,5,2,5.260000,14.490000,19.750000,16799999.999963,8.077016827878e-06,4.997579784852e-06,2.504537521468e-06
28.5-29.0 MHz,5,2,5.260000,14.490000,19.750000,16824999.999963,1.106197743193e-05,6.029762310683e-06,3.025928170196e-06
28.5-29.0 MHz,5,2,5.260000,14.490000,19.750000,16849999.999963,9.664285678943e-06,5.869752132925e-06,2.902738267942e-06
28.5-29.0 MHz,5,2,5.260000,14.490000,19.750000,16874999.999963,7.878279174147e-06,4.946932778671e-06,2.443941381254e-06
28.5-29.0 MHz,5,2,5.260000,14.490000,19.750000,16899999.999963,4.609613776565e-06,3.837933696593e-06,1.919781175202e-06
28.5-29.0 MHz,5,2,5.260000,14.490000,19.750000,16924999.999963,7.233175181512e-06,4.403369505861e-06,2.187085595569e-06
28.5-29.0 MHz,5,2,5.260000,14.490000,19.750000,16949999.999963,5.468061189661e-06,4.081246900816e-06,2.046418974353e-06
28.5-29.0 MHz,5,2,5.260000,14.490000,19.750000,16974999.999963,4.937138396429e-06,3.233637316364e-06,1.634061740554e-06
28.5-29.0 MHz,5,2,5.260000,14.490000,19.750000,16999999.999963,8.449183481786e-06,6.054212335381e-06,3.013170988387e-06
28.5-29.0 MHz,5,2,5.260000,14.490000,19.750000,17024999.999963,6.424412908340e-06,4.778511434359e-06,2.392193261559e-06
28.5-29.0 MHz,5,2,5.260000,14.490000,19.750000,17049999.999963,1.631336588652e-05,8.472472606304e-06,4.217653639067e-06
28.5-29.0 MHz,5,2,5.260000,14.490000,19.750000,17074999.999963,2.518480010582e-05,1.328505016769e-05,6.634924161630e-06
28.5-29.0 MHz,5,2,5.260000,14.490000,19.750000,17099999.999963,1.122265352499e-05,6.402656432545e-06,3.216599143991e-06
28.5-29.0 MHz,5,2,5.260000,14.490000,19.750000,17124999.999962,9.824970887088e-06,6.081747365042e-06,3.003120551888e-06
28.5-29.0 MHz,5,2,5.260000,14.490000,19.750000,17149999.999962,4.724849396387e-05,2.488894806376e-05,1.239422711071e-05
28.5-29.0 MHz,5,2,5.260000,14.490000,19.750000,17174999.999962,6.423032027167e-05,3.289324311740e-05,1.638416459855e-05
28.5-29.0 MHz,5,2,5.260000,14.490000,19.750000,17199999.999962,2.460700867038e-05,1.336122138235e-05,6.627589497317e-06
28.5-29.0 MHz,5,2,5.260000,14.490000,19.750000,17224999.999962,8.522163075032e-06,6.751922540783e-06,3.324214617865e-06
28.5-29.0 MHz,5,2,5.260000,14.490000,19.750000,17249999.999962,1.015785428974e-05,6.487256773549e-06,3.238533470186e-06
28.5-29.0 MHz,5,2,5.260000,14.490000,19.750000,17274999.999962,8.783658622768e-06,5.971230864809e-06,3.014666136187e-06
28.5-29.0 MHz,5,2,5.260000,14.490000,19.750000,17299999.999962,6.255358330364e-06,3.779035525275e-06,1.908256052926e-06
28.5-29.0 MHz,5,2,5.260000,14.490000,19.750000,17324999.999962,3.193966611143e-06,2.725878734063e-06,1.333539116923e-06
28.5-29.0 MHz,5,2,5.260000,14.490000,19.750000,17349999.999962,6.101797101600e-06,3.888246403943e-06,1.913714732011e-06
28.5-29.0 MHz,5,2,5.260000,14.490000,19.750000,17374999.999962,3.584908218439e-06,1.367645385840e-06,6.479828039992e-07
28.5-29.0 MHz,5,2,5.260000,14.490000,19.750000,17399999.999962,5.269541020369e-06,3.402830360824e-06,1.722111023423e-06
28.5-29.0 MHz,5,2,5.260000,14.490000,19.750000,17424999.999962,8.701400182841e-06,5.249723868986e-06,2.605000642478e-06
28.5-29.0 MHz,5,2,5.260000,14.490000,19.750000,17449999.999962,6.646546545412e-06,4.314886345462e-06,2.130543857279e-06
28.5-29.0 MHz,5,2,5.260000,14.490000,19.750000,17474999.999962,4.906016621584e-06,2.383480503340e-06,1.171266019854e-06
28.5-29.0 MHz,5,2,5.260000,14.490000,19.750000,17499999.999962,1.090058656488e-06,3.855808894762e-07,2.039506076817e-07
28.5-29.0 MHz,5,2,5.260000,14.490000,19.750000,17524999.999962,4.093151225126e-06,2.665312518323e-06,1.318891826819e-06
28.5-29.0 MHz,5,2,5.260000,14.490000,19.750000,17549999.999962,2.942099586930e-06,1.974828309583e-06,9.649790727146e-07
28.5-29.0 MHz,5,2,5.260000,14.490000,19.750000,17574999.999961,2.945839860730e-06,1.436703905001e-06,7.569396214477e-07
28.5-29.0 MHz,5,2,5.260000,14.490000,19.750000,17599999.999961,3.521488607286e-06,2.604663658063e-06,1.293410446730e-06
28.5-29.0 MHz,5,2,5.260000,14.490000,19.750000,17624999.999961,4.116277067910e-06,3.033425346140e-06,1.462982662278e-06
28.5-29.0 MHz,5,2,5.260000,14.490000,19.750000,17649999.999961,5.714501524929e-06,3.932664503369e-06,1.939127316059e-06
28.5-29.0 MHz,5,2,5.260000,14.490000,19.750000,17674999.999961,4.357368852688e-06,2.549331020363e-06,1.264228093071e-06
28.5-29.0 MHz,5,2,5.260000,14.490000,19.750000,17699999.999961,3.849288831727e-06,1.946880659274e-06,9.728705140312e-07
28.5-29.0 MHz,5,2,5.260000,14.490000,19.750000,17724999.999961,2.322707972940e-06,1.333226547785e-06,6.564502198815e-07
28.5-29.0 MHz,5,2,5.260000,14.490000,19.750000,17749999.999961,6.160502090194e-06,4.029422023611e-06,1.998096819638e-06
28.5-29.0 MHz,5,2,5.260000,14.490000,19.750000,17774999.999961,5.421839939638e-06,3.435140242007e-06,1.702839561534e-06
28.5-29.0 MHz,5,2,5.260000,14.490000,19.750000,17799999.999961,2.099253763617e-06,1.267024539782e-06,6.136459607897e-07
28.5-29.0 MHz,5,2,5.260000,14.490000,19.750000,17824999.999961,1.319700292461e-06,7.804472194351e-07,3.713571506829e-07
28.5-29.0 MHz,5,2,5.260000,14.490000,19.750000,17849999.999961,9.414649260637e-08,3.156690895251e-07,1.392303194313e-07
28.5-29.0 MHz,5,2,5.260000,14.490000,19.750000,17874999.999961,1.988804178401e-06,1.104892750098e-06,5.806000947926e-07
28.5-29.0 MHz,5,2,5.260000,14.490000,19.750000,17899999.999961,2.224528059355e-06,1.888224509916e-06,9.457900097686e-07
28.5-29.0 MHz,5,2,5.260000,14.490000,19.750000,17924999.999961,2.245553024411e-06,1.421505844384e-06,7.044912139127e-07
28.5-29.0 MHz,5,2,5.260000,14.490000,19.750000,17949999.999961,3.226615946451e-06,2.454697696903e-06,1.219712261610e-06
28.5-29.0 MHz,5,2,5.260000,14.490000,19.750000,17974999.999961,2.757745138638e-06,2.228444320864e-06,1.108394609609e-06
28.5-29.0 MHz,5,2,5.260000,14.490000,19.750000,17999999.999961,4.108497905606e-06,2.757132522850e-06,1.396590677337e-06
28.5-29.0 MHz,5,2,5.260000,14.490000,19.750000,18024999.999960,5.777327078908e-06,3.427049416286e-06,1.716173102037e-06
28.5-29.0 MHz,5,2,5.260000,14.490000,19.750000,18049999.999960,2.596669165067e-06,1.327989731272e-06,6.511604997291e-07
28.5-29.0 MHz,5,2,5.260000,14.490000,19.750000,18074999.999960,1.314239198478e-06,1.047594126561e-06,5.418725240516e-07
28.5-29.0 MHz,5,2,5.260000,14.490000,19.750000,18099999.999960,2.603290821380e-06,2.128067317258e-06,1.021832907682e-06
28.5-29.0 MHz,5,2,5.260000,14.490000,19.750000,18124999.999960,2.914510331358e-06,2.210403693904e-06,1.028054158394e-06
28.5-29.0 MHz,5,2,5.260000,14.490000,19.750000,18149999.999960,7.841093324253e-07,7.528252564584e-07,3.813061656254e-07
28.5-29.0 MHz,5,2,5.260000,14.490000,19.750000,18174999.999960,4.127958885959e-06,2.849170126547e-06,1.413140389179e-06
28.5-29.0 MHz,5,2,5.260000,14.490000,19.750000,18199999.999960,5.895477364738e-06,4.898457141020e-06,2.428179434867e-06
28.5-29.0 MHz,5,2,5.260000,14.490000,19.750000,18224999.999960,1.443509879239e-06,1.739908364843e-06,8.632208993776e-07
28.5-29.0 MHz,5,2,5.260000,14.490000,19.750000,18249999.999960,4.899221389689e-06,4.508969630078e-06,2.257720272979e-06
28.5-29.0 MHz,5,2,5.260000,14.490000,19.750000,18274999.999960,4.073802890424e-06,3.805453601850e-06,1.892838321538e-06
28.5-29.0 MHz,5,2,5.260000,14.490000,19.750000,18299999.999960,5.728517754963e-06,4.763400445515e-06,2.338906485293e-06
28.5-29.0 MHz,5,2,5.260000,14.490000,19.750000,18324999.999960,3.667884012887e-06,2.896316872498e-06,1.416875984904e-06
28.5-29.0 MHz,5,2,5.260000,14.490000,19.750000,18349999.999960,2.251183413470e-06,1.981734981508e-06,9.651541373734e-07
28.5-29.0 MHz,5,2,5.260000,14.490000,19.750000,18374999.999960,4.451432809968e-06,3.027466539395e-06,1.519392684408e-06
28.5-29.0 MHz,5,2,5.260000,14.490000,19.750000,18399999.999960,4.685532178808e-06,3.901129053080e-06,1.897307229315e-06
28.5-29.0 MHz,5,2,5.260000,14.490000,19.750000,18424999.999960,1.069886044180e-05,8.861404990931e-06,4.560108953305e-06
28.5-29.0 MHz,5,2,5.260000,14.490000,19.750000,18449999.999960,2.750476837078e-05,2.250586257134e-05,1.184801846931e-05
28.5-29.0 MHz,5,2,5.260000,14.490000,19.750000,18474999.999959,2.234199617401e-05,1.836019710036e-05,9.681005745578e-06
28.5-29.0 MHz,5,2,5.260000,14.490000,19.750000,18499999.999959,7.008450475690e-06,6.208914345837e-06,3.108296729410e-06
28.5-29.0 MHz,5,2,5.260000,14.490000,19.750000,18524999.999959,5.311822915173e-06,5.204597138079e-06,2.618208720775e-06
28.5-29.0 MHz,5,2,5.260000,14.490000,19.750000,18549999.999959,4.839269875603e-06,4.392995117876e-06,2.187461430680e-06
28.5-29.0 MHz,5,2,5.260000,14.490000,19.750000,18574999.999959,4.914146493790e-06,4.390685329223e-06,2.203281744469e-06
28.5-29.0 MHz,5,2,5.260000,14.490000,19.750000,18599999.999959,5.584198868802e-06,5.080340529224e-06,2.558287050439e-06
28.5-29.0 MHz,5,2,5.260000,14.490000,19.750000,18624999.999959,5.631305255487e-06,4.773490424711e-06,2.400038211740e-06
28.5-29.0 MHz,5,2,5.260000,14.490000,19.750000,18649999.999959,2.127876765979e-06,2.616866144824e-06,1.278881401707e-06
28.5-29.0 MHz,5,2,5.260000,14.490000,19.750000,18674999.999959,3.018712016300e-06,3.245494629033e-06,1.600145795216e-06
28.5-29.0 MHz,5,2,5.260000,14.490000,19.750000,18699999.999959,6.425011039559e-07,6.807839744301e-07,3.356539519423e-07
28.5-29.0 MHz,5,2,5.260000,14.490000,19.750000,18724999.999959,3.248871637941e-06,3.091748111100e-06,1.543890049807e-06
28.5-29.0 MHz,5,2,5.260000,14.490000,19.750000,18749999.999959,3.629316760579e-06,3.063045024174e-06,1.537132124150e-06
28.5-29.0 MHz,5,2,5.260000,14.490000,19.750000,18774999.999959,3.231896728233e-06,1.916143854007e-06,9.467145512261e-07
28.5-29.0 MHz,5,2,5.260000,14.490000,19.750000,18799999.999959,3.969885087847e-06,3.079941701631e-06,1.530895339074e-06
28.5-29.0 MHz,5,2,5.260000,14.490000,19.750000,18824999.999959,9.194614844247e-07,5.029189976918e-07,2.898507211564e-07
28.5-29.0 MHz,5,2,5.260000,14.490000,19.750000,18849999.999959,4.950562444392e-06,4.454195693419e-06,2.205960930338e-06
28.5-29.0 MHz,5,2,5.260000,14.490000,19.750000,18874999.999959,3.466979229763e-06,3.308815636205e-06,1.626638185408e-06
28.5-29.0 MHz,5,2,5.260000,14.490000,19.750000,18899999.999959,6.721921400886e-06,5.282789946337e-06,2.631424534749e-06
28.5-29.0 MHz,5,2,5.260000,14.490000,19.750000,18924999.999959,7.128119812124e-06,5.730425868195e-06,2.846356136007e-06
28.5-29.0 MHz,5,2,5.260000,14.490000,19.750000,18949999.999958,1.650640518381e-06,1.466688198170e-06,7.226394504290e-07
28.5-29.0 MHz,5,2,5.260000,14.490000,19.750000,18974999.999958,2.926705799772e-06,2.653972022077e-06,1.337607380504e-06
28.5-29.0 MHz,5,2,5.260000,14.490000,19.750000,18999999.999958,6.032734965279e-06,4.999565749046e-06,2.514630634597e-06
28.5-29.0 MHz,5,2,5.260000,14.490000,19.750000,19024999.999958,7.113289938612e-06,5.821148851156e-06,2.901192018702e-06
28.5-29.0 MHz,5,2,5.260000,14.490000,19.750000,19049999.999958,3.563088582995e-06,2.733215286169e-06,1.345223572506e-06
28.5-29.0 MHz,5,2,5.260000,14.490000,19.750000,19074999.999958,1.704518077969e-06,1.194932235360e-06,5.942526430839e-07
28.5-29.0 MHz,5,2,5.260000,14.490000,19.750000,19099999.999958,2.762619609502e-06,2.570767707859e-06,1.273114288070e-06
28.5-29.0 MHz,5,2,5.260000,14.490000,19.750000,19124999.999958,5.014946243241e-06,4.300854406309e-06,2.140255857176e-06
28.5-29.0 MHz,5,2,5.260000,14.490000,19.750000,19149999.999958,3.244315611406e-06,2.496994391483e-06,1.248488210545e-06
28.5-29.0 MHz,5,2,5.260000,14.490000,19.750000,19174999.999958,3.161858559026e-06,3.309722651949e-06,1.643698137439e-06
28.5-29.0 MHz,5,2,5.260000,14.490000,19.750000,19199999.999958,9.223045110958e-06,8.052536338139e-06,3.993000507983e-06
28.5-29.0 MHz,5,2,5.260000,14.490000,19.750000,19224999.999958,1.035518296969e-05,9.092563943986e-06,4.519606703247e-06
28.5-29.0 MHz,5,2,5.260000,14.490000,19.750000,19249999.999958,9.845350425159e-06,8.648435491447e-06,4.307887998180e-06
28.5-29.0 MHz,5,2,5.260000,14.490000,19.750000,19274999.999958,1.199657428561e-05,1.080085005400e-05,5.354526386289e-06
28.5-29.0 MHz,5,2,5.260000,14.490000,19.750000,19299999.999958,5.055077214013e-06,4.721654448088e-06,2.365667192282e-06
28.5-29.0 MHz,5,2,5.260000,14.490000,19.750000,19324999.999958,1.393089571175e-05,1.238160066789e-05,6.170355550858e-06
28.5-29.0 MHz,5,2,5.260000,14.490000,19.750000,19349999.999958,7.728085866309e-06,6.833723366742e-06,3.399294307487e-06
28.5-29.0 MHz,5,2,5.260000,14.490000,19.750000,19374999.999958,1.347940839900e-05,1.217510147320e-05,6.073437032181e-06
28.5-29.0 MHz,5,2,5.260000,14.490000,19.750000,19399999.999957,7.285934419435e-06,6.403132707080e-06,3.190398658927e-06
28.5-29.0 MHz,5,2,5.260000,14.490000,19.750000,19424999.999957,1.326558881095e-05,1.207688706676e-05,6.014114959925e-06
28.5-29.0 MHz,5,2,5.260000,14.490000,19.750000,19449999.999957,1.195628047125e-05,1.060229539791e-05,5.272223920381e-06
28.5-29.0 MHz,5,2,5.260000,14.490000,19.750000,19474999.999957,2.491151855834e-05,2.274786308358e-05,1.130227236594e-05
28.5-29.0 MHz,5,2,5.260000,14.490000,19.750000,19499999.999957,3.072424471660e-05,2.789240650137e-05,1.388473714911e-05
28.5-29.0 MHz,5,2,5.260000,14.490000,19.750000,19524999.999957,2.929031595868e-05,2.650014267285e-05,1.316932380791e-05
28.5-29.0 MHz,5,2,5.260000,14.490000,19.750000,19549999.999957,4.398076606404e-05,3.959471578090e-05,1.968285841702e-05
28.5-29.0 MHz,5,2,5.260000,14.490000,19.750000,19574999.999957,4.789091567376e-05,4.354654127122e-05,2.166290978782e-05
28.5-29.0 MHz,5,2,5.260000,14.490000,19.750000,19599999.999957,5.926025477935e-05,5.372232052303e-05,2.673710606221e-05
28.5-29.0 MHz,5,2,5.260000,14.490000,19.750000,19624999.999957,7.544662117917e-05,6.827511642460e-05,3.400527997053e-05
28.5-29.0 MHz,5,2,5.260000,14.490000,19.750000,19649999.999957,8.465442982201e-05,7.675970242780e-05,3.817959498848e-05
28.5-29.0 MHz,5,2,5.260000,14.490000,19.750000,19674999.999957,1.850315024006e-04,1.678115992765e-04,8.353086087096e-05
28.5-29.0 MHz,5,2,5.260000,14.490000,19.750000,19699999.999957,2.777459536246e-04,2.517978951912e-04,1.253771259260e-04
28.5-29.0 MHz,5,2,5.260000,14.490000,19.750000,19724999.999957,1.052963249664e-01,9.554646128380e-02,4.755775702090e-02
28.5-29.0 MHz,5,2,5.260000,14.490000,19.750000,19749999.999957,2.106760195411e-01,1.911686788455e-01,9.515325890619e-02
28.5-29.0 MHz,5,2,5.260000,14.490000,19.750000,19774999.999957,1.053102457215e-01,9.555918726952e-02,4.756408543934e-02
28.5-29.0 MHz,5,2,5.260000,14.490000,19.750000,19799999.999957,2.257220775650e-04,2.047495044236e-04,1.019015570903e-04
28.5-29.0 MHz,5,2,5.260000,14.490000,19.750000,19824999.999957,1.530726647510e-04,1.387111449711e-04,6.907693983432e-05
28.5-29.0 MHz,5,2,5.260000,14.490000,19.750000,19849999.999956,8.346504997615e-05,7.555395883410e-05,3.758176710749e-05
28.5-29.0 MHz,5,2,5.260000,14.490000,19.750000,19874999.999956,7.241744306936e-05,6.579339605302e-05,3.269357983881e-05
28.5-29.0 MHz,5,2,5.260000,14.490000,19.750000,19899999.999956,4.953292346012e-05,4.490246228249e-05,2.237407240975e-05
28.5-29.0 MHz,5,2,5.260000,14.490000,19.750000,19924999.999956,4.062029595107e-05,3.689033376806e-05,1.838088620304e-05
28.5-29.0 MHz,5,2,5.260000,14.490000,19.750000,19949999.999956,3.487418576455e-05,3.133218660191e-05,1.561772193510e-05
28.5-29.0 MHz,5,2,5.260000,14.490000,19.750000,19974999.999956,2.381441932716e-05,2.131662442672e-05,1.062319266001e-05
28.5-29.0 MHz,5,2,5.260000,14.490000,19.750000,19999999.999956,2.631350652111e-05,2.410328064519e-05,1.199499475808e-05
28.5-29.0 MHz,5,2,5.260000,14.490000,19.750000,20024999.999956,2.258098603137e-05,2.049331524520e-05,1.023211150504e-05
28.5-29.0 MHz,5,2,5.260000,14.490000,19.750000,20049999.999956,1.104603308794e-05,1.025342336831e-05,5.084439824088e-06
28.5-29.0 MHz,5,2,5.260000,14.490000,19.750000,20074999.999956,1.557565797112e-05,1.421323039215e-05,7.059413301029e-06
28.5-29.0 MHz,5,2,5.260000,14.490000,19.750000,20099999.999956,6.308655626396e-06,5.634435581808e-06,2.801451320057e-06
28.5-29.0 MHz,5,2,5.260000,14.490000,19.750000,20124999.999956,1.138767193707e-05,1.045336167053e-05,5.196329131537e-06
28.5-29.0 MHz,5,2,5.260000,14.490000,19.750000,20149999.999956,4.304200657119e-06,3.827897060393e-06,1.930704022152e-06
28.5-29.0 MHz,5,2,5.260000,14.490000,19.750000,20174999.999956,1.076694636050e-05,9.643478509820e-06,4.820552914804e-06
28.5-29.0 MHz,5,2,5.260000,14.490000,19.750000,20199999.999956,5.239195065155e-06,4.609446217136e-06,2.313741020728e-06
28.5-29.0 MHz,5,2,5.260000,14.490000,19.750000,20224999.999956,1.153431476004e-05,1.063754922709e-05,5.308069142931e-06
28.5-29.0 MHz,5,2,5.260000,14.490000,19.750000,20249999.999956,8.054871539863e-06,7.633526453614e-06,3.794321791038e-06
28.5-29.0 MHz,5,2,5.260000,14.490000,19.750000,20274999.999956,6.599720024246e-06,6.318272234105e-06,3.158132339525e-06
28.5-29.0 MHz,5,2,5.260000,14.490000,19.750000,20299999.999955,3.816649649977e-06,3.947181749468e-06,1.983621688990e-06
28.5-29.0 MHz,5,2,5.260000,14.490000,19.750000,20324999.999955,3.630501976009e-06,2.953064470289e-06,1.454883411929e-06
28.5-29.0 MHz,5,2,5.260000,14.490000,19.750000,20349999.999955,3.949441701422e-06,3.662264987717e-06,1.813761391514e-06
28.5-29.0 MHz,5,2,5.260000,14.490000,19.750000,20374999.999955,3.839922892811e-06,3.667268184616e-06,1.827370180059e-06
28.5-29.0 MHz,5,2,5.260000,14.490000,19.750000,20399999.999955,2.048944642203e-06,1.780114975036e-06,9.023876810509e-07
28.5-29.0 MHz,5,2,5.260000,14.490000,19.750000,20424999.999955,3.111055641081e-06,3.115134944109e-06,1.544111310996e-06
28.5-29.0 MHz,5,2,5.260000,14.490000,19.750000,20449999.999955,3.697778773362e-06,3.751609560159e-06,1.881169950216e-06
28.5-29.0 MHz,5,2,5.260000,14.490000,19.750000,20474999.999955,2.458101298463e-06,2.374683653699e-06,1.173591111525e-06
28.5-29.0 MHz,5,2,5.260000,14.490000,19.750000,20499999.999955,1.777641489695e-07,2.480335677713e-07,1.177698635207e-07
28.5-29.0 MHz,5,2,5.260000,14.490000,19.750000,20524999.999955,1.954921403814e-06,1.815811869392e-06,9.125205580975e-07
28.5-29.0 MHz,5,2,5.260000,14.490000,19.750000,20549999.999955,2.369454590160e-06,2.236929887882e-06,1.121680783830e-06
28.5-29.0 MHz,5,2,5.260000,14.490000,19.750000,20574999.999955,4.810057586798e-06,4.800845204824e-06,2.397670282915e-06
28.5-29.0 MHz,5,2,5.260000,14.490000,19.750000,20599999.999955,3.938626736489e-06,4.394820298526e-06,2.194545204370e-06
28.5-29.0 MHz,5,2,5.260000,14.490000,19.750000,20624999.999955,2.012466621348e-06,1.432282872972e-06,7.114055430631e-07
28.5-29.0 MHz,5,2,5.260000,14.490000,19.750000,20649999.999955,4.330059305279e-06,4.009095886144e-06,1.988043061896e-06
28.5-29.0 MHz,5,2,5.260000,14.490000,19.750000,20674999.999955,1.152947622003e-06,1.113624615158e-06,5.032119147353e-07
28.5-29.0 MHz,5,2,5.260000,14.490000,19.750000,20699999.999955,3.235232093654e-06,3.847102795706e-06,1.953225329151e-06
28.5-29.0 MHz,5,2,5.260000,14.490000,19.750000,20724999.999955,2.415967346807e-06,2.864721171683e-06,1.432735300030e-06
28.5-29.0 MHz,5,2,5.260000,14.490000,19.750000,20749999.999955,1.442684522472e-06,1.556673107084e-06,7.833207677028e-07
28.5-29.0 MHz,5,2,5.260000,14.490000,19.750000,20774999.999954,4.862461946359e-06,4.720091307491e-06,2.344114587657e-06
28.5-29.0 MHz,5,2,5.260000,14.490000,19.750000,20799999.999954,2.671773523164e-06,2.551841717397e-06,1.256916788308e-06
28.5-29.0 MHz,5,2,5.260000,14.490000,19.750000,20824999.999954,4.439646202463e-06,4.142310529495e-06,2.049680890319e-06
28.5-29.0 MHz,5,2,5.260000,14.490000,19.750000,20849999.999954,5.147890118016e-06,5.287435643693e-06,2.597104420879e-06
28.5-29.0 MHz,5,2,5.260000,14.490000,19.750000,20874999.999954,4.530289886776e-06,4.519980799677e-06,2.233295289370e-06
28.5-29.0 MHz,5,2,5.260000,14.490000,19.750000,20899999.999954,5.208280833393e-06,4.627987112284e-06,2.292518956060e-06
28.5-29.0 MHz,5,2,5.260000,14.490000,19.750000,20924999.999954,5.868694582836e-06,5.566447346054e-06,2.788254409664e-06
28.5-29.0 MHz,5,2,5.260000,14.490000,19.750000,20949999.999954,5.194537477287e-06,5.171848437266e-06,2.589296192688e-06
28.5-29.0 MHz,5,2,5.260000,14.490000,19.750000,20974999.999954,6.851227742983e-06,6.358316875234e-06,3.146438924990e-06
28.5-29.0 MHz,5,2,5.260000,14.490000,19.750000,20999999.999954,6.391976701195e-06,6.011723213542e-06,2.991781953882e-06
28.5-29.0 MHz,5,2,5.260000,14.490000,19.750000,21024999.999954,6.195314528954e-06,1.050277070376e-05,4.967072094735e-06
28.5-29.0 MHz,5,2,5.260000,14.490000,19.750000,21049999.999954,7.027910792876e-06,1.266895490135e-05,5.979781478526e-06
28.5-29.0 MHz,5,2,5.260000,14.490000,19.750000,21074999.999954,1.048641192581e-06,3.110861092584e-06,1.441308949979e-06
28.5-29.0 MHz,5,2,5.260000,14.490000,19.750000,21099999.999954,3.309941879550e-06,2.798740803299e-06,1.383755856327e-06
28.5-29.0 MHz,5,2,5.260000,14.490000,19.750000,21124999.999954,1.599220637352e-06,2.199635426679e-06,1.116167223341e-06
28.5-29.0 MHz,5,2,5.260000,14.490000,19.750000,21149999.999954,1.139754048174e-06,6.326852946641e-07,3.055007981299e-07
28.5-29.0 MHz,5,2,5.260000,14.490000,19.750000,21174999.999954,2.844914651375e-06,2.351817244774e-06,1.161377056657e-06
28.5-29.0 MHz,5,2,5.260000,14.490000,19.750000,21199999.999954,2.936941297407e-06,2.107483260448e-06,1.053218745898e-06
28.5-29.0 MHz,5,2,5.260000,14.490000,19.750000,21224999.999953,3.867899323161e-06,3.386431534532e-06,1.631624034146e-06
28.5-29.0 MHz,5,2,5.260000,14.490000,19.750000,21249999.999953,4.413326277961e-06,3.710447373239e-06,1.802596002812e-06
28.5-29.0 MHz,5,2,5.260000,14.490000,19.750000,21274999.999953,2.033922329027e-06,1.852161794195e-06,8.951612153253e-07
28.5-29.0 MHz,5,2,5.260000,14.490000,19.750000,21299999.999953,3.229468056187e-06,2.981184127685e-06,1.457285807878e-06
28.5-29.0 MHz,5,2,5.260000,14.490000,19.750000,21324999.999953,1.514496108639e-06,2.027682654881e-06,1.000432068528e-06
28.5-29.0 MHz,5,2,5.260000,14.490000,19.750000,21349999.999953,7.668629660384e-07,2.044144600929e-06,1.005097910984e-06
28.5-29.0 MHz,5,2,5.260000,14.490000,19.750000,21374999.999953,3.256271554943e-07,2.067248833220e-06,1.016525280003e-06
28.5-29.0 MHz,5,2,5.260000,14.490000,19.750000,21399999.999953,1.229090149037e-06,5.896960067289e-07,2.359235368969e-07
28.5-29.0 MHz,5,2,5.260000,14.490000,19.750000,21424999.999953,9.637949702751e-07,1.046507955975e-06,4.938696464455e-07
28.5-29.0 MHz,5,2,5.260000,14.490000,19.750000,21449999.999953,1.701960525810e-06,2.414717718561e-06,1.204865203174e-06
28.5-29.0 MHz,5,2,5.260000,14.490000,19.750000,21474999.999953,2.212071774254e-06,3.226819846413e-06,1.608867009661e-06
28.5-29.0 MHz,5,2,5.260000,14.490000,19.750000,21499999.999953,9.689281159580e-07,1.508348803569e-06,7.363454836776e-07
28.5-29.0 MHz,5,2,5.260000,14.490000,19.750000,21524999.999953,1.029433427867e-06,6.010560099109e-07,3.031432545786e-07
28.5-29.0 MHz,5,2,5.260000,14.490000,19.750000,21549999.999953,6.028927502017e-07,6.816665593326e-07,3.302472338820e-07
28.5-29.0 MHz,5,2,5.260000,14.490000,19.750000,21574999.999953,1.685771110650e-06,4.076142874911e-06,2.016847329885e-06
28.5-29.0 MHz,5,2,5.260000,14.490000,19.750000,21599999.999953,2.112345774181e-06,3.767831001226e-06,1.881856676361e-06
28.5-29.0 MHz,5,2,5.260000,14.490000,19.750000,21624999.999953,1.037713060302e-06,1.877699328706e-06,9.600788437279e-07
28.5-29.0 MHz,5,2,5.260000,14.490000,19.750000,21649999.999953,7.688559531239e-07,1.282301872961e-06,6.537901357244e-07
28.5-29.0 MHz,5,2,5.260000,14.490000,19.750000,21674999.999952,4.935904404276e-07,5.223268256040e-07,2.485427919289e-07
28.5-29.0 MHz,5,2,5.260000,14.490000,19.750000,21699999.999952,8.858798982552e-07,1.113298449065e-06,5.430606531408e-07
28.5-29.0 MHz,5,2,5.260000,14.490000,19.750000,21724999.999952,8.213006570532e-07,7.887597310708e-07,3.947691640380e-07
28.5-29.0 MHz,5,2,5.260000,14.490000,19.750000,21749999.999952,1.241306679311e-06,1.301686291504e-06,6.541335890061e-07
28.5-29.0 MHz,5,2,5.260000,14.490000,19.750000,21774999.999952,1.177556322944e-06,2.152962742563e-06,1.063345896229e-06
28.5-29.0 MHz,5,2,5.260000,14.490000,19.750000,21799999.999952,2.591948316711e-06,4.227661026574e-06,2.108364064230e-06
28.5-29.0 MHz,5,2,5.260000,14.490000,19.750000,21824999.999952,1.857419409255e-06,3.838127202870e-06,1.908002887399e-06
28.5-29.0 MHz,5,2,5.260000,14.490000,19.750000,21849999.999952,1.435502207540e-06,2.905901061090e-06,1.453762072966e-06
28.5-29.0 MHz,5,2,5.260000,14.490000,19.750000,21874999.999952,7.968078718266e-07,1.098454211479e-06,5.426046423060e-07
28.5-29.0 MHz,5,2,5.260000,14.490000,19.750000,21899999.999952,1.964592709415e-06,2.078046432229e-06,1.027044474821e-06
28.5-29.0 MHz,5,2,5.260000,14.490000,19.750000,21924999.999952,2.403278881933e-06,2.743546393132e-06,1.382296853985e-06
28.5-29.0 MHz,5,2,5.260000,14.490000,19.750000,21949999.999952,2.531975862693e-06,2.946368809350e-06,1.486410480403e-06
28.5-29.0 MHz,5,2,5.260000,14.490000,19.750000,21974999.999952,1.724354226878e-07,1.760622182255e-06,8.934744881293e-07
28.5-29.0 MHz,5,2,5.260000,14.490000,19.750000,21999999.999952,2.361764252871e-06,2.419757431993e-06,1.203848813728e-06
28.5-29.0 MHz,5,2,5.260000,14.490000,19.750000,22024999.999952,1.333381741186e-06,1.836507531989e-06,8.987612130003e-07
28.5-29.0 MHz,5,2,5.260000,14.490000,19.750000,22049999.999952,1.396813884535e-06,2.098578939452e-06,1.059822001175e-06
28.5-29.0 MHz,5,2,5.260000,14.490000,19.750000,22074999.999952,2.258190976266e-06,4.530633126209e-06,2.270062120082e-06
28.5-29.0 MHz,5,2,5.260000,14.490000,19.750000,22099999.999952,1.576739202482e-06,1.442527784547e-06,7.199818104200e-07
28.5-29.0 MHz,5,2,5.260000,14.490000,19.750000,22124999.999951,4.368352147972e-06,7.369024584096e-06,3.682936144961e-06
28.5-29.0 MHz,5,2,5.260000,14.490000,19.750000,22149999.999951,2.445431671727e-06,5.053811733663e-06,2.536863981253e-06
28.5-29.0 MHz,5,2,5.260000,14.490000,19.750000,22174999.999951,3.782415632453e-06,3.582507666162e-06,1.797396695335e-06
28.5-29.0 MHz,5,2,5.260000,14.490000,19.750000,22199999.999951,1.862219224578e-06,1.641463329472e-06,8.072710649361e-07
28.5-29.0 MHz,5,2,5.260000,14.490000,19.750000,22224999.999951,3.209290043540e-06,4.127646920129e-06,2.020740921772e-06
28.5-29.0 MHz,5,2,5.260000,14.490000,19.750000,22249999.999951,1.745377563496e-06,1.753565893897e-06,8.573182007626e-07
28.5-29.0 MHz,5,2,5.260000,14.490000,19.750000,22274999.999951,4.547895129799e-06,3.680883317393e-06,1.870385717489e-06
28.5-29.0 MHz,5,2,5.260000,14.490000,19.750000,22299999.999951,2.342221013456e-06,4.296503260773e-06,2.118951843039e-06
28.5-29.0 MHz,5,2,5.260000,14.490000,19.750000,22324999.999951,6.519283897477e-06,1.514569567166e-05,7.526498590517e-06
28.5-29.0 MHz,5,2,5.260000,14.490000,19.750000,22349999.999951,2.977709116845e-06,9.958460611201e-06,4.956110642444e-06
28.5-29.0 MHz,5,2,5.260000,14.490000,19.750000,22374999.999951,1.246613870114e-06,1.640843389500e-06,8.589393382575e-07
28.5-29.0 MHz,5,2,5.260000,14.490000,19.750000,22399999.999951,2.076003467334e-06,3.717031311097e-06,1.822002503985e-06
28.5-29.0 MHz,5,2,5.260000,14.490000,19.750000,22424999.999951,3.025424513546e-06,7.359593142822e-06,3.672477478194e-06
28.5-29.0 MHz,5,2,5.260000,14.490000,19.750000,22449999.999951,2.341089497806e-06,4.801287832095e-06,2.413855028521e-06
28.5-29.0 MHz,5,2,5.260000,14.490000,19.750000,22474999.999951,3.608574467219e-06,3.386417124848e-06,1.684757799938e-06
28.5-29.0 MHz,5,2,5.260000,14.490000,19.750000,22499999.999951,3.519417554227e-06,2.268436549042e-06,1.128143075757e-06
28.5-29.0 MHz,5,2,5.260000,14.490000,19.750000,22524999.999951,4.843997020203e-06,5.961910776324e-06,2.975538878782e-06
28.5-29.0 MHz,5,2,5.260000,14.490000,19.750000,22549999.999951,4.048613087212e-06,4.659611982813e-06,2.347831821835e-06
28.5-29.0 MHz,5,2,5.260000,14.490000,19.750000,22574999.999950,3.202075092697e-06,1.850819574705e-06,9.148690539017e-07
28.5-29.0 MHz,5,2,5.260000,14.490000,19.750000,22599999.999950,2.830133892384e-06,2.841100221512e-06,1.418404275345e-06
28.5-29.0 MHz,5,2,5.260000,14.490000,19.750000,22624999.999950,1.088821309513e-06,2.056126398019e-06,1.036602338164e-06
28.5-29.0 MHz,5,2,5.260000,14.490000,19.750000,22649999.999950,1.108881734758e-06,2.165381834442e-06,1.096933769017e-06
28.5-29.0 MHz,5,2,5.260000,14.490000,19.750000,22674999.999950,1.710058142558e-06,2.148307434168e-06,1.078543151402e-06
28.5-29.0 MHz,5,2,5.260000,14.490000,19.750000,22699999.999950,2.137381455701e-06,1.517513890370e-06,7.497960467985e-07
28.5-29.0 MHz,5,2,5.260000,14.490000,19.750000,22724999.999950,3.742777323061e-07,1.707500682994e-06,8.809399767087e-07
28.5-29.0 MHz,5,2,5.260000,14.490000,19.750000,22749999.999950,1.719647026016e-06,4.054198679940e-06,2.025662228263e-06
28.5-29.0 MHz,5,2,5.260000,14.490000,19.750000,22774999.999950,1.058049347844e-06,4.864831600639e-06,2.407508909409e-06
28.5-29.0 MHz,5,2,5.260000,14.490000,19.750000,22799999.999950,1.027443600435e-06,7.843559623706e-07,3.871784338207e-07
28.5-29.0 MHz,5,2,5.260000,14.490000,19.750000,22824999.999950,8.660050400632e-07,7.267953957037e-07,3.530157393511e-07
28.5-29.0 MHz,5,2,5.260000,14.490000,19.750000,22849999.999950,1.110173466590e-06,8.767130230352e-07,4.262277042573e-07
28.5-29.0 MHz,5,2,5.260000,14.490000,19.750000,22874999.999950,9.869017388308e-07,3.136156394386e-06,1.534399809847e-06
28.5-29.0 MHz,5,2,5.260000,14.490000,19.750000,22899999.999950,2.653045323822e-06,3.139660631142e-06,1.526622916443e-06
28.5-29.0 MHz,5,2,5.260000,14.490000,19.750000,22924999.999950,2.266036278713e-06,3.021616098232e-06,1.471016995678e-06
28.5-29.0 MHz,5,2,5.260000,14.490000,19.750000,22949999.999950,6.366550206703e-07,1.693826369672e-06,8.185210425807e-07
28.5-29.0 MHz,5,2,5.260000,14.490000,19.750000,22974999.999950,7.463869713865e-07,1.480341149778e-06,7.478786583305e-07
28.5-29.0 MHz,5,2,5.260000,14.490000,19.750000,22999999.999950,6.653426049930e-07,2.409220843235e-06,1.205737297714e-06
28.5-29.0 MHz,5,2,5.260000,14.490000,19.750000,23024999.999950,1.515131284902e-06,2.225878976458e-06,1.126992681799e-06
28.5-29.0 MHz,5,2,5.260000,14.490000,19.750000,23049999.999949,2.212736517237e-06,3.483725037592e-06,1.741939469023e-06
28.5-29.0 MHz,5,2,5.260000,14.490000,19.750000,23074999.999949,2.103969842976e-06,4.024525737312e-06,1.990267677226e-06
28.5-29.0 MHz,5,2,5.260000,14.490000,19.750000,23099999.999949,1.361965593756e-06,3.233931803457e-06,1.594425465885e-06
28.5-29.0 MHz,5,2,5.260000,14.490000,19.750000,23124999.999949,6.764957286657e-07,1.245916917179e-06,6.126166581474e-07
28.5-29.0 MHz,5,2,5.260000,14.490000,19.750000,23149999.999949,5.008919135052e-07,4.365302672644e-07,2.371114113577e-07
28.5-29.0 MHz,5,2,5.260000,14.490000,19.750000,23174999.999949,9.633573100342e-07,6.623985015378e-07,2.959414283618e-07
28.5-29.0 MHz,5,2,5.260000,14.490000,19.750000,23199999.999949,1.614768954055e-06,2.577065871651e-06,1.277457236382e-06
28.5-29.0 MHz,5,2,5.260000,14.490000,19.750000,23224999.999949,1.484898514129e-06,3.392428743114e-06,1.691758648560e-06
28.5-29.0 MHz,5,2,5.260000,14.490000,19.750000,23249999.999949,1.899781193509e-07,1.293843805026e-06,6.912813356735e-07
28.5-29.0 MHz,5,2,5.260000,14.490000,19.750000,23274999.999949,1.017483721656e-06,1.956825058541e-06,1.089515931422e-06
28.5-29.0 MHz,5,2,5.260000,14.490000,19.750000,23299999.999949,1.141706997584e-06,1.740001213780e-06,9.377630061001e-07
28.5-29.0 MHz,5,2,5.260000,14.490000,19.750000,23324999.999949,8.620195800559e-07,1.237503137263e-06,6.363838034964e-07
28.5-29.0 MHz,5,2,5.260000,14.490000,19.750000,23349999.999949,5.996924214276e-07,1.156500319097e-06,5.718587613722e-07
28.5-29.0 MHz,5,2,5.260000,14.490000,19.750000,23374999.999949,1.029006017151e-06,1.877440878586e-06,9.358734922311e-07
28.5-29.0 MHz,5,2,5.260000,14.490000,19.750000,23399999.999949,2.902020554255e-06,4.859659038041e-06,2.415245784116e-06
28.5-29.0 MHz,5,2,5.260000,14.490000,19.750000,23424999.999949,3.197585216718e-06,5.969708865060e-06,2.980609900762e-06
28.5-29.0 MHz,5,2,5.260000,14.490000,19.750000,23449999.999949,2.208542320751e-06,6.273792090445e-06,3.143597810890e-06
28.5-29.0 MHz,5,2,5.260000,14.490000,19.750000,23474999.999949,2.374225693768e-06,5.676191197441e-06,2.874950488707e-06
28.5-29.0 MHz,5,2,5.260000,14.490000,19.750000,23499999.999948,2.777529014486e-06,4.150838187984e-06,2.090567473770e-06
28.5-29.0 MHz,5,2,5.260000,14.490000,19.750000,23524999.999948,7.930609537764e-07,1.493986235123e-06,7.428741158051e-07
28.5-29.0 MHz,5,2,5.260000,14.490000,19.750000,23549999.999948,1.017369151292e-06,7.603624447760e-07,3.849376943498e-07
28.5-29.0 MHz,5,2,5.260000,14.490000,19.750000,23574999.999948,2.790349326157e-06,4.467118900780e-06,2.206389980306e-06
28.5-29.0 MHz,5,2,5.260000,14.490000,19.750000,23599999.999948,4.984918455291e-06,1.115079881876e-05,5.645671366285e-06
28.5-29.0 MHz,5,2,5.260000,14.490000,19.750000,23624999.999948,2.281304727735e-06,1.349426226613e-06,8.719997389543e-07
28.5-29.0 MHz,5,2,5.260000,14.490000,19.750000,23649999.999948,2.022177669587e-05,3.152812961981e-05,1.567315730610e-05
28.5-29.0 MHz,5,2,5.260000,14.490000,19.750000,23674999.999948,7.816135990063e-05,1.211617722748e-04,5.981815024256e-05
28.5-29.0 MHz,5,2,5.260000,14.490000,19.750000,23699999.999948,1.118591609170e-03,1.714306323996e-03,8.467887833388e-04
28.5-29.0 MHz,5,2,5.260000,14.490000,19.750000,23724999.999948,1.678399352626e-03,2.572148063852e-03,1.270555677798e-03
28.5-29.0 MHz,5,2,5.260000,14.490000,19.750000,23749999.999948,6.080777844885e-04,9.346808794269e-04,4.617074894887e-04
28.5-29.0 MHz,5,2,5.260000,14.490000,19.750000,23774999.999948,4.256937758652e-05,6.074608432756e-05,3.000027535458e-05
28.5-29.0 MHz,5,2,5.260000,14.490000,19.750000,23799999.999948,7.163347145226e-06,1.398829380405e-05,6.952915094608e-06
28.5-29.0 MHz,5,2,5.260000,14.490000,19.750000,23824999.999948,7.601829275563e-06,1.277370818431e-05,6.330080139855e-06
28.5-29.0 MHz,5,2,5.260000,14.490000,19.750000,23849999.999948,2.967998402252e-06,1.937757764188e-06,9.347761667937e-07
28.5-29.0 MHz,5,2,5.260000,14.490000,19.750000,23874999.999948,7.221428348338e-07,2.492215816078e-06,1.251714213135e-06
28.5-29.0 MHz,5,2,5.260000,14.490000,19.750000,23899999.999948,1.928852443179e-06,2.468939093700e-06,1.218452644465e-06
28.5-29.0 MHz,5,2,5.260000,14.490000,19.750000,23924999.999948,3.071550040882e-06,3.006279381538e-06,1.507922730904e-06
28.5-29.0 MHz,5,2,5.260000,14.490000,19.750000,23949999.999947,2.061200723554e-06,2.532727586789e-06,1.294324068103e-06
28.5-29.0 MHz,5,2,5.260000,14.490000,19.750000,23974999.999947,4.017878244713e-06,5.518332378563e-06,2.763761254913e-06
28.5-29.0 MHz,5,2,5.260000,14.490000,19.750000,23999999.999947,2.867871484542e-06,3.975954272531e-06,1.986371778135e-06
28.5-29.0 MHz,5,2,5.260000,14.490000,19.750000,24024999.999947,3.004380460970e-06,3.778072700459e-06,1.872126350525e-06
28.5-29.0 MHz,5,2,5.260000,14.490000,19.750000,24049999.999947,1.576356965774e-06,2.038232367720e-06,1.002845394014e-06
28.5-29.0 MHz,5,2,5.260000,14.490000,19.750000,24074999.999947,1.486756305723e-06,1.740618319877e-06,8.676635287418e-07
28.5-29.0 MHz,5,2,5.260000,14.490000,19.750000,24099999.999947,9.126387554497e-07,5.931739746806e-07,3.082103955025e-07
28.5-29.0 MHz,5,2,5.260000,14.490000,19.750000,24124999.999947,1.652141466414e-06,1.185139846099e-06,6.148004604344e-07
28.5-29.0 MHz,5,2,5.260000,14.490000,19.750000,24149999.999947,1.465664301389e-06,2.337947391193e-06,1.183255180147e-06
28.5-29.0 MHz,5,2,5.260000,14.490000,19.750000,24174999.999947,7.523592186714e-07,1.493278709876e-06,7.112353654892e-07
28.5-29.0 MHz,5,2,5.260000,14.490000,19.750000,24199999.999947,8.287201718198e-07,1.241740020682e-06,6.399913016506e-07
28.5-29.0 MHz,5,2,5.260000,14.490000,19.750000,24224999.999947,7.112360292145e-07,1.835543768406e-06,9.177423049336e-07
28.5-29.0 MHz,5,2,5.260000,14.490000,19.750000,24249999.999947,7.426742201540e-07,8.679417749159e-07,4.483857164404e-07
28.5-29.0 MHz,5,2,5.260000,14.490000,19.750000,24274999.999947,5.064623532864e-07,3.814958214770e-07,1.996926665658e-07
28.5-29.0 MHz,5,2,5.260000,14.490000,19.750000,24299999.999947,7.389159115839e-07,6.068262404151e-07,3.190107955060e-07
28.5-29.0 MHz,5,2,5.260000,14.490000,19.750000,24324999.999947,1.313442878005e-06,1.848667076782e-06,9.361439572356e-07
28.5-29.0 MHz,5,2,5.260000,14.490000,19.750000,24349999.999947,2.031811316290e-06,2.685165038116e-06,1.349487789620e-06
28.5-29.0 MHz,5,2,5.260000,14.490000,19.750000,24374999.999947,2.037840737420e-06,2.678300239042e-06,1.332488380992e-06
28.5-29.0 MHz,5,2,5.260000,14.490000,19.750000,24399999.999946,2.236336973927e-06,2.047647012938e-06,1.008112152894e-06
28.5-29.0 MHz,5,2,5.260000,14.490000,19.750000,24424999.999946,2.428964735970e-06,1.484161790931e-06,7.325704940989e-07
28.5-29.0 MHz,5,2,5.260000,14.490000,19.750000,24449999.999946,7.625476656764e-07,1.919906247851e-07,1.100595068146e-07
28.5-29.0 MHz,5,2,5.260000,14.490000,19.750000,24474999.999946,1.402426602859e-06,4.501749361968e-07,2.407227536257e-07
28.5-29.0 MHz,5,2,5.260000,14.490000,19.750000,24499999.999946,1.224060931128e-06,2.133270800043e-06,1.065711459454e-06
28.5-29.0 MHz,5,2,5.260000,14.490000,19.750000,24524999.999946,1.773124385924e-06,1.542714884619e-06,7.728436042536e-07
28.5-29.0 MHz,5,2,5.260000,14.490000,19.750000,24549999.999946,2.569186992373e-06,1.504451253573e-06,7.245684891019e-07
28.5-29.0 MHz,5,2,5.260000,14.490000,19.750000,24574999.999946,9.489617793309e-07,1.890534565824e-06,9.186950927238e-07
28.5-29.0 MHz,5,2,5.260000,14.490000,19.750000,24599999.999946,1.815184538229e-06,5.481920034850e-07,2.872736985063e-07
28.5-29.0 MHz,5,2,5.260000,14.490000,19.750000,24624999.999946,1.438165476555e-06,9.876836484814e-07,4.963675847596e-07
28.5-29.0 MHz,5,2,5.260000,14.490000,19.750000,24649999.999946,2.471241614026e-06,1.411610412133e-06,6.914057930274e-07
28.5-29.0 MHz,5,2,5.260000,14.490000,19.750000,24674999.999946,2.357043355234e-06,2.560142221184e-06,1.237899775230e-06
28.5-29.0 MHz,5,2,5.260000,14.490000,19.750000,24699999.999946,1.534796215051e-06,1.877828660644e-06,9.026442459011e-07
28.5-29.0 MHz,5,2,5.260000,14.490000,19.750000,24724999.999946,7.832277280115e-07,1.490594324481e-06,7.422196086947e-07
28.5-29.0 MHz,5,2,5.260000,14.490000,19.750000,24749999.999946,1.991712951707e-06,2.515037469188e-06,1.249223100447e-06
28.5-29.0 MHz,5,2,5.260000,14.490000,19.750000,24774999.999946,1.884591456610e-06,1.307742189860e-06,6.363282346687e-07
28.5-29.0 MHz,5,2,5.260000,14.490000,19.750000,24799999.999946,3.565769302462e-06,4.891820142159e-07,2.063837972550e-07
28.5-29.0 MHz,5,2,5.260000,14.490000,19.750000,24824999.999946,2.687587470743e-06,8.396914632402e-07,4.306775569910e-07
28.5-29.0 MHz,5,2,5.260000,14.490000,19.750000,24849999.999946,1.365725843641e-06,2.389829238354e-06,1.206809065863e-06
28.5-29.0 MHz,5,2,5.260000,14.490000,19.750000,24874999.999945,2.558138406630e-06,4.757716590884e-07,1.934940763092e-07
28.5-29.0 MHz,5,2,5.260000,14.490000,19.750000,24899999.999945,5.243440475999e-06,5.442855197430e-06,2.699324961416e-06
28.5-29.0 MHz,5,2,5.260000,14.490000,19.750000,24924999.999945,6.410014426081e-06,6.876236061962e-06,3.365564985865e-06
28.5-29.0 MHz,5,2,5.260000,14.490000,19.750000,24949999.999945,2.990692455813e-05,2.295052985957e-05,1.131282124653e-05
28.5-29.0 MHz,5,2,5.260000,14.490000,19.750000,24974999.999945,2.192079698446e-04,1.943985132398e-04,9.579839101856e-05
28.5-29.0 MHz,5,2,5.260000,14.490000,19.750000,24999999.999945,8.859691509907e-04,7.786605955405e-04,3.837594554984e-04
29.0-29.5 MHz,5,3,5.260000,14.990000,20.250000,524999.999999,6.535133108267e-07,5.325488035920e-07,3.654459398895e-07
29.0-29.5 MHz,5,3,5.260000,14.990000,20.250000,549999.999999,8.606423446418e-07,5.368066406412e-07,3.202003559401e-07
29.0-29.5 MHz,5,3,5.260000,14.990000,20.250000,574999.999999,1.351999323340e-07,2.215497769718e-07,1.082779685463e-07
29.0-29.5 MHz,5,3,5.260000,14.990000,20.250000,599999.999999,7.942352816812e-07,1.335103173828e-06,6.593113238818e-07
29.0-29.5 MHz,5,3,5.260000,14.990000,20.250000,624999.999999,5.583402465954e-07,9.501653014331e-07,4.760599436707e-07
29.0-29.5 MHz,5,3,5.260000,14.990000,20.250000,649999.999999,9.981744465574e-08,1.767751586563e-07,8.666778842569e-08
29.0-29.5 MHz,5,3,5.260000,14.990000,20.250000,674999.999999,1.085046552498e-07,2.643374300377e-07,1.339860653951e-07
29.0-29.5 MHz,5,3,5.260000,14.990000,20.250000,699999.999998,2.844825467899e-07,4.805278701782e-07,2.274533692134e-07
29.0-29.5 MHz,5,3,5.260000,14.990000,20.250000,724999.999998,6.648223727865e-07,3.788272461080e-07,1.520794850595e-07
29.0-29.5 MHz,5,3,5.260000,14.990000,20.250000,749999.999998,1.228076621033e-06,4.885547713708e-07,2.015774705658e-07
29.0-29.5 MHz,5,3,5.260000,14.990000,20.250000,774999.999998,1.034879532538e-05,6.201096351083e-07,2.454392291429e-07
29.0-29.5 MHz,5,3,5.260000,14.990000,20.250000,799999.999998,1.190437355383e-05,3.050654594025e-07,9.211948392828e-08
29.0-29.5 MHz,5,3,5.260000,14.990000,20.250000,824999.999998,3.147753196078e-06,6.267821194630e-07,2.891060856539e-07
29.0-29.5 MHz,5,3,5.260000,14.990000,20.250000,849999.999998,3.199300688122e-07,5.952244271562e-08,2.740728621024e-08
29.0-29.5 MHz,5,3,5.260000,14.990000,20.250000,874999.999998,6.324273729446e-07,5.959056116005e-07,2.938124583519e-07
29.0-29.5 MHz,5,3,5.260000,14.990000,20.250000,899999.999998,1.821114189763e-07,2.154506049851e-07,1.166369356094e-07
29.0-29.5 MHz,5,3,5.260000,14.990000,20.250000,924999.999998,2.570727953956e-07,5.639909850667e-07,2.812791440751e-07
29.0-29.5 MHz,5,3,5.260000,14.990000,20.250000,949999.999998,3.884932994321e-07,5.981202816895e-07,2.931143011381e-07
29.0-29.5 MHz,5,3,5.260000,14.990000,20.250000,974999.999998,5.562030562806e-07,7.757282618656e-07,4.011454230524e-07
29.0-29.5 MHz,5,3,5.260000,14.990000,20.250000,999999.999998,7.895072668902e-07,1.095016097599e-06,5.929913879201e-07
29.0-29.5 MHz,5,3,5.260000,14.990000,20.250000,1024999.999998,5.689244435630e-07,6.532219575711e-07,3.643946277713e-07
29.0-29.5 MHz,5,3,5.260000,14.990000,20.250000,1049999.999998,5.526360819459e-07,5.986826524656e-07,3.661486508623e-07
29.0-29.5 MHz,5,3,5.260000,14.990000,20.250000,1074999.999998,6.582635829962e-07,7.569561195527e-07,4.591821791995e-07
29.0-29.5 MHz,5,3,5.260000,14.990000,20.250000,1099999.999998,5.022169273739e-07,4.747275453208e-07,2.483531320835e-07
29.0-29.5 MHz,5,3,5.260000,14.990000,20.250000,1124999.999998,2.922553343668e-07,2.795478680826e-07,1.215704407412e-07
29.0-29.5 MHz,5,3,5.260000,14.990000,20.250000,1149999.999997,1.649508877798e-07,2.895356081310e-07,1.527041768997e-07
29.0-29.5 MHz,5,3,5.260000,14.990000,20.250000,1174999.999997,2.631744298599e-07,5.841099782882e-07,2.988701895654e-07
29.0-29.5 MHz,5,3,5.260000,14.990000,20.250000,1199999.999997,2.846127232492e-07,5.706766572576e-07,2.944324847676e-07
29.0-29.5 MHz,5,3,5.260000,14.990000,20.250000,1224999.999997,1.770488130283e-06,2.803092776034e-06,1.374571473665e-06
29.0-29.5 MHz,5,3,5.260000,14.990000,20.250000,1249999.999997,5.719109261795e-06,9.729582318238e-06,4.795421741807e-06
29.0-29.5 MHz,5,3,5.260000,14.990000,20.250000,1274999.999997,4.474559908491e-06,7.740968615449e-06,3.820821336129e-06
29.0-29.5 MHz,5,3,5.260000,14.990000,20.250000,1299999.999997,1.020553366137e-06,1.118355638756e-06,5.823068358703e-07
29.0-29.5 MHz,5,3,5.260000,14.990000,20.250000,1324999.999997,1.053401500821e-06,3.250474371846e-07,9.322494673682e-08
29.0-29.5 MHz,5,3,5.260000,14.990000,20.250000,1349999.999997,4.364586819162e-07,6.771543693704e-07,3.209291037259e-07
29.0-29.5 MHz,5,3,5.260000,14.990000,20.250000,1374999.999997,4.389496773986e-07,6.802947942178e-07,3.370459639371e-07
29.0-29.5 MHz,5,3,5.260000,14.990000,20.250000,1399999.999997,3.273326279795e-08,2.123253032560e-07,1.111687561742e-07
29.0-29.5 MHz,5,3,5.260000,14.990000,20.250000,1424999.999997,5.931106679778e-07,8.490992417305e-07,4.308046895864e-07
29.0-29.5 MHz,5,3,5.260000,14.990000,20.250000,1449999.999997,1.048194974722e-06,1.719003854522e-06,8.572671743416e-07
29.0-29.5 MHz,5,3,5.260000,14.990000,20.250000,1474999.999997,8.783812185055e-07,1.758288094388e-06,8.843690142382e-07
29.0-29.5 MHz,5,3,5.260000,14.990000,20.250000,1499999.999997,5.994963210231e-07,7.647010231806e-07,3.794770830896e-07
29.0-29.5 MHz,5,3,5.260000,14.990000,20.250000,1524999.999997,1.138591859340e-06,1.678694408520e-06,8.048617568077e-07
29.0-29.5 MHz,5,3,5.260000,14.990000,20.250000,1549999.999997,3.117180354582e-07,2.491170633957e-07,2.055149914172e-07
29.0-29.5 MHz,5,3,5.260000,14.990000,20.250000,1574999.999997,9.284744064921e-07,3.831936267577e-07,1.855668654794e-07
29.0-29.5 MHz,5,3,5.260000,14.990000,20.250000,1599999.999996,5.422073789439e-07,3.424424947056e-07,1.138084720576e-07
29.0-29.5 MHz,5,3,5.260000,14.990000,20.250000,1624999.999996,8.387594498200e-07,6.986604045845e-07,3.125449473691e-07
29.0-29.5 MHz,5,3,5.260000,14.990000,20.250000,1649999.999996,7.269998627439e-07,7.246428468064e-07,3.566179563899e-07
29.0-29.5 MHz,5,3,5.260000,14.990000,20.250000,1674999.999996,5.435776751226e-07,6.739435491632e-07,3.413068545517e-07
29.0-29.5 MHz,5,3,5.260000,14.990000,20.250000,1699999.999996,1.145930091008e-06,1.909240300622e-06,9.343728808582e-07
29.0-29.5 MHz,5,3,5.260000,14.990000,20.250000,1724999.999996,2.550126036796e-06,4.366826098778e-06,2.157919244535e-06
29.0-29.5 MHz,5,3,5.260000,14.990000,20.250000,1749999.999996,1.360703930864e-06,2.416016319390e-06,1.190146670924e-06
29.0-29.5 MHz,5,3,5.260000,14.990000,20.250000,1774999.999996,7.961460274706e-07,9.564131036092e-07,4.675732133161e-07
29.0-29.5 MHz,5,3,5.260000,14.990000,20.250000,1799999.999996,4.963520329223e-07,5.404786152942e-07,2.391464912072e-07
29.0-29.5 MHz,5,3,5.260000,14.990000,20.250000,1824999.999996,2.937253190609e-07,3.929300013713e-07,2.531652123775e-07
29.0-29.5 MHz,5,3,5.260000,14.990000,20.250000,1849999.999996,3.488717490670e-07,6.342356817204e-09,8.089303667079e-08
29.0-29.5 MHz,5,3,5.260000,14.990000,20.250000,1874999.999996,8.190314155247e-07,6.188180725389e-07,2.653584509475e-07
29.0-29.5 MHz,5,3,5.260000,14.990000,20.250000,1899999.999996,1.294893769222e-06,1.461018127087e-06,6.817272943790e-07
29.0-29.5 MHz,5,3,5.260000,14.990000,20.250000,1924999.999996,1.532953568519e-06,2.360299220517e-06,1.163693709750e-06
29.0-29.5 MHz,5,3,5.260000,14.990000,20.250000,1949999.999996,1.103094235985e-06,2.056378818783e-06,1.035223346954e-06
29.0-29.5 MHz,5,3,5.260000,14.990000,20.250000,1974999.999996,3.295652034580e-07,3.192306410779e-07,1.289988230706e-07
29.0-29.5 MHz,5,3,5.260000,14.990000,20.250000,1999999.999996,5.223480807373e-07,7.873802524496e-07,3.653069985334e-07
29.0-29.5 MHz,5,3,5.260000,14.990000,20.250000,2024999.999996,6.703341074612e-07,1.298376797519e-06,6.823075388911e-07
29.0-29.5 MHz,5,3,5.260000,14.990000,20.250000,2049999.999996,1.424733318505e-06,2.298674031626e-06,1.155382919140e-06
29.0-29.5 MHz,5,3,5.260000,14.990000,20.250000,2074999.999995,6.417725607854e-07,8.430004948162e-07,4.153499144365e-07
29.0-29.5 MHz,5,3,5.260000,14.990000,20.250000,2099999.999995,3.595365116934e-07,1.255715179410e-07,4.627873109011e-08
29.0-29.5 MHz,5,3,5.260000,14.990000,20.250000,2124999.999995,6.235045201063e-07,6.559099159807e-07,2.749311880898e-07
29.0-29.5 MHz,5,3,5.260000,14.990000,20.250000,2149999.999995,1.077402856487e-06,1.088563481381e-06,4.971174825077e-07
29.0-29.5 MHz,5,3,5.260000,14.990000,20.250000,2174999.999995,9.905390254818e-07,1.193589246305e-06,5.824791456885e-07
29.0-29.5 MHz,5,3,5.260000,14.990000,20.250000,2199999.999995,1.022679809220e-06,1.871830241260e-06,9.430535701697e-07
29.0-29.5 MHz,5,3,5.260000,14.990000,20.250000,2224999.999995,2.272240818874e-07,4.965920117001e-07,2.519838102703e-07
29.0-29.5 MHz,5,3,5.260000,14.990000,20.250000,2249999.999995,1.020023373737e-07,2.515305130585e-08,1.433015182055e-08
29.0-29.5 MHz,5,3,5.260000,14.990000,20.250000,2274999.999995,3.076153485879e-07,3.196001801790e-07,1.679272814075e-07
29.0-29.5 MHz,5,3,5.260000,14.990000,20.250000,2299999.999995,7.863124858422e-07,1.149726427486e-06,5.635149826269e-07
29.0-29.5 MHz,5,3,5.260000,14.990000,20.250000,2324999.999995,6.857043782117e-07,1.102362393598e-06,5.462238018201e-07
29.0-29.5 MHz,5,3,5.260000,14.990000,20.250000,2349999.999995,4.396881392865e-08,3.272875272994e-07,1.767173499247e-07
29.0-29.5 MHz,5,3,5.260000,14.990000,20.250000,2374999.999995,8.233528541226e-07,9.087130329397e-07,5.022237555521e-07
29.0-29.5 MHz,5,3,5.260000,14.990000,20.250000,2399999.999995,1.803464419029e-06,3.220241967805e-06,1.659247605923e-06
29.0-29.5 MHz,5,3,5.260000,14.990000,20.250000,2424999.999995,1.492779269671e-06,2.983884372720e-06,1.497671414234e-06
29.0-29.5 MHz,5,3,5.260000,14.990000,20.250000,2449999.999995,8.305384049473e-07,8.834532927761e-07,3.870499042521e-07
29.0-29.5 MHz,5,3,5.260000,14.990000,20.250000,2474999.999995,4.861806375416e-07,4.237082757731e-07,2.091144084416e-07
29.0-29.5 MHz,5,3,5.260000,14.990000,20.250000,2499999.999995,4.844138265153e-07,1.203493911719e-06,6.052368868535e-07
29.0-29.5 MHz,5,3,5.260000,14.990000,20.250000,2524999.999994,6.773455055816e-07,1.260920747282e-06,6.264096534943e-07
29.0-29.5 MHz,5,3,5.260000,14.990000,20.250000,2549999.999994,6.277412493392e-07,8.776841529537e-07,4.146208214494e-07
29.0-29.5 MHz,5,3,5.260000,14.990000,20.250000,2574999.999994,6.738516556946e-07,8.639140649880e-07,4.188816510664e-07
29.0-29.5 MHz,5,3,5.260000,14.990000,20.250000,2599999.999994,1.995568174249e-07,3.275972529891e-07,1.655685617321e-07
29.0-29.5 MHz,5,3,5.260000,14.990000,20.250000,2624999.999994,6.235286412120e-07,9.789167978588e-07,4.274857970430e-07
29.0-29.5 MHz,5,3,5.260000,14.990000,20.250000,2649999.999994,6.028026039883e-07,1.140904707245e-06,5.375374640817e-07
29.0-29.5 MHz,5,3,5.260000,14.990000,20.250000,2674999.999994,4.813816487227e-07,4.722967195445e-07,2.308310976468e-07
29.0-29.5 MHz,5,3,5.260000,14.990000,20.250000,2699999.999994,4.808894207415e-07,7.024136260160e-07,3.263259748302e-07
29.0-29.5 MHz,5,3,5.260000,14.990000,20.250000,2724999.999994,4.702706732894e-07,7.478828730386e-07,3.516203072234e-07
29.0-29.5 MHz,5,3,5.260000,14.990000,20.250000,2749999.999994,2.888800774590e-07,8.076871541247e-07,3.963386306460e-07
29.0-29.5 MHz,5,3,5.260000,14.990000,20.250000,2774999.999994,3.064205751410e-07,4.549244310402e-07,2.354961721738e-07
29.0-29.5 MHz,5,3,5.260000,14.990000,20.250000,2799999.999994,5.159160726317e-07,6.627693625743e-07,3.069748819413e-07
29.0-29.5 MHz,5,3,5.260000,14.990000,20.250000,2824999.999994,1.272526263666e-06,1.605098402430e-06,7.409963180283e-07
29.0-29.5 MHz,5,3,5.260000,14.990000,20.250000,2849999.999994,1.417304130116e-06,2.225727925607e-06,1.101328214473e-06
29.0-29.5 MHz,5,3,5.260000,14.990000,20.250000,2874999.999994,9.402203392053e-07,1.526956846265e-06,7.515334002155e-07
29.0-29.5 MHz,5,3,5.260000,14.990000,20.250000,2899999.999994,7.934758716323e-08,7.942113602826e-08,1.032503675916e-07
29.0-29.5 MHz,5,3,5.260000,14.990000,20.250000,2924999.999994,8.988663994668e-07,1.051280664409e-06,5.232021258683e-07
29.0-29.5 MHz,5,3,5.260000,14.990000,20.250000,2949999.999994,1.199728788963e-06,1.418469202043e-06,6.834450561475e-07
29.0-29.5 MHz,5,3,5.260000,14.990000,20.250000,2974999.999993,5.442310301554e-07,8.954893598393e-07,4.589392517313e-07
29.0-29.5 MHz,5,3,5.260000,14.990000,20.250000,2999999.999993,4.541073772863e-07,7.408566505997e-07,3.694254283535e-07
29.0-29.5 MHz,5,3,5.260000,14.990000,20.250000,3024999.999993,3.171284302967e-07,4.710146260012e-07,2.203555138384e-07
29.0-29.5 MHz,5,3,5.260000,14.990000,20.250000,3049999.999993,4.579489169090e-07,8.165276453692e-07,4.085107610968e-07
29.0-29.5 MHz,5,3,5.260000,14.990000,20.250000,3074999.999993,6.104449086042e-07,1.114239279960e-06,5.726486738973e-07
29.0-29.5 MHz,5,3,5.260000,14.990000,20.250000,3099999.999993,7.393047999736e-07,7.122591213297e-07,3.223603872801e-07
29.0-29.5 MHz,5,3,5.260000,14.990000,20.250000,3124999.999993,7.920892155333e-07,5.561048409499e-07,2.590958129340e-07
29.0-29.5 MHz,5,3,5.260000,14.990000,20.250000,3149999.999993,1.502591038173e-06,5.708853341889e-07,3.624654703823e-07
29.0-29.5 MHz,5,3,5.260000,14.990000,20.250000,3174999.999993,1.045729465609e-06,4.394642528582e-07,2.637808421809e-07
29.0-29.5 MHz,5,3,5.260000,14.990000,20.250000,3199999.999993,1.178531053145e-06,1.982963460894e-06,9.610505974772e-07
29.0-29.5 MHz,5,3,5.260000,14.990000,20.250000,3224999.999993,9.273798586762e-07,1.755092010201e-06,8.612977224486e-07
29.0-29.5 MHz,5,3,5.260000,14.990000,20.250000,3249999.999993,2.946560099462e-07,4.146782562092e-07,2.033051576429e-07
29.0-29.5 MHz,5,3,5.260000,14.990000,20.250000,3274999.999993,4.826025828842e-07,6.318968825139e-07,2.891266364140e-07
29.0-29.5 MHz,5,3,5.260000,14.990000,20.250000,3299999.999993,5.306265907235e-07,8.611828055908e-07,4.277062524573e-07
29.0-29.5 MHz,5,3,5.260000,14.990000,20.250000,3324999.999993,1.023636296493e-06,1.585912468485e-06,7.632223068088e-07
29.0-29.5 MHz,5,3,5.260000,14.990000,20.250000,3349999.999993,8.829548516818e-07,1.112619513203e-06,4.769924511977e-07
29.0-29.5 MHz,5,3,5.260000,14.990000,20.250000,3374999.999993,6.388453177336e-07,1.063776488741e-06,4.707380781990e-07
29.0-29.5 MHz,5,3,5.260000,14.990000,20.250000,3399999.999993,1.176850202753e-07,4.477576661381e-07,1.486733729322e-07
29.0-29.5 MHz,5,3,5.260000,14.990000,20.250000,3424999.999992,5.491438765615e-07,5.099322837314e-07,2.954322943235e-07
29.0-29.5 MHz,5,3,5.260000,14.990000,20.250000,3449999.999992,7.671862181485e-07,1.062677738503e-06,5.443332762783e-07
29.0-29.5 MHz,5,3,5.260000,14.990000,20.250000,3474999.999992,8.518209166062e-07,1.010664277814e-06,4.875622101941e-07
29.0-29.5 MHz,5,3,5.260000,14.990000,20.250000,3499999.999992,7.326728507885e-07,1.165622155795e-06,5.753887186307e-07
29.0-29.5 MHz,5,3,5.260000,14.990000,20.250000,3524999.999992,1.339120595670e-06,2.842250658292e-06,1.421513971826e-06
29.0-29.5 MHz,5,3,5.260000,14.990000,20.250000,3549999.999992,1.178438891054e-06,2.330718322634e-06,1.155829624099e-06
29.0-29.5 MHz,5,3,5.260000,14.990000,20.250000,3574999.999992,3.891479557748e-07,3.522795524410e-07,1.683890910539e-07
29.0-29.5 MHz,5,3,5.260000,14.990000,20.250000,3599999.999992,2.129279546938e-07,7.523845731437e-08,5.135444160355e-08
29.0-29.5 MHz,5,3,5.260000,14.990000,20.250000,3624999.999992,1.585464210834e-07,9.973152556308e-08,7.564176542440e-08
29.0-29.5 MHz,5,3,5.260000,14.990000,20.250000,3649999.999992,3.714354626853e-07,1.627594772672e-07,1.123597472111e-07
29.0-29.5 MHz,5,3,5.260000,14.990000,20.250000,3674999.999992,6.506594543719e-07,3.836065893230e-07,1.396206864994e-07
29.0-29.5 MHz,5,3,5.260000,14.990000,20.250000,3699999.999992,5.607110352238e-07,6.594123489887e-07,2.433812503780e-07
29.0-29.5 MHz,5,3,5.260000,14.990000,20.250000,3724999.999992,7.350921493714e-07,1.102009157637e-06,5.122851000544e-07
29.0-29.5 MHz,5,3,5.260000,14.990000,20.250000,3749999.999992,1.009356051749e-06,1.430898034128e-06,6.924092167148e-07
29.0-29.5 MHz,5,3,5.260000,14.990000,20.250000,3774999.999992,2.718247642970e-07,5.196216024711e-07,2.470334415148e-07
29.0-29.5 MHz,5,3,5.260000,14.990000,20.250000,3799999.999992,7.750786405705e-07,1.291890709678e-06,6.264443414906e-07
29.0-29.5 MHz,5,3,5.260000,14.990000,20.250000,3824999.999992,4.129100300203e-07,3.883372658795e-07,1.659773256458e-07
29.0-29.5 MHz,5,3,5.260000,14.990000,20.250000,3849999.999992,5.955784282056e-07,8.598922396989e-07,4.147022203753e-07
29.0-29.5 MHz,5,3,5.260000,14.990000,20.250000,3874999.999992,9.189998140885e-07,1.012883290229e-06,4.686177720946e-07
29.0-29.5 MHz,5,3,5.260000,14.990000,20.250000,3899999.999991,9.858863423890e-07,1.472866721814e-06,7.058744588693e-07
29.0-29.5 MHz,5,3,5.260000,14.990000,20.250000,3924999.999991,6.530756255267e-07,7.695180693197e-07,4.347586223874e-07
29.0-29.5 MHz,5,3,5.260000,14.990000,20.250000,3949999.999991,3.495544255403e-07,3.305238746447e-07,1.720929436336e-07
29.0-29.5 MHz,5,3,5.260000,14.990000,20.250000,3974999.999991,1.870946619848e-06,4.019119325928e-06,1.963871929511e-06
29.0-29.5 MHz,5,3,5.260000,14.990000,20.250000,3999999.999991,4.088073151164e-06,8.115210735854e-06,4.015952875705e-06
29.0-29.5 MHz,5,3,5.260000,14.990000,20.250000,4024999.999991,2.327187128647e-06,4.523918282623e-06,2.240529405225e-06
29.0-29.5 MHz,5,3,5.260000,14.990000,20.250000,4049999.999991,1.111030418342e-07,2.497546784040e-07,1.281898813849e-07
29.0-29.5 MHz,5,3,5.260000,14.990000,20.250000,4074999.999991,2.668206778541e-07,6.314153600686e-07,3.290587547320e-07
29.0-29.5 MHz,5,3,5.260000,14.990000,20.250000,4099999.999991,2.940513412436e-07,5.078769610448e-07,2.715104833260e-07
29.0-29.5 MHz,5,3,5.260000,14.990000,20.250000,4124999.999991,6.196506807987e-07,9.536350154073e-07,4.478542199609e-07
29.0-29.5 MHz,5,3,5.260000,14.990000,20.250000,4149999.999991,1.448961262427e-06,1.881663245945e-06,9.129998800121e-07
29.0-29.5 MHz,5,3,5.260000,14.990000,20.250000,4174999.999991,9.746607047452e-07,1.085987547733e-06,5.362785275460e-07
29.0-29.5 MHz,5,3,5.260000,14.990000,20.250000,4199999.999991,1.964443651811e-07,5.003807778612e-07,2.838236390869e-07
29.0-29.5 MHz,5,3,5.260000,14.990000,20.250000,4224999.999991,6.469764458284e-07,6.063511505781e-07,3.404300981319e-07
29.0-29.5 MHz,5,3,5.260000,14.990000,20.250000,4249999.999991,3.739195855716e-07,4.482898673679e-07,2.401545004588e-07
29.0-29.5 MHz,5,3,5.260000,14.990000,20.250000,4274999.999991,7.235358870076e-07,5.363273345350e-07,2.718829305451e-07
29.0-29.5 MHz,5,3,5.260000,14.990000,20.250000,4299999.999991,6.869975592503e-07,8.337162121098e-07,4.140150606061e-07
29.0-29.5 MHz,5,3,5.260000,14.990000,20.250000,4324999.999991,1.340972483890e-06,1.571773473543e-06,7.656435148592e-07
29.0-29.5 MHz,5,3,5.260000,14.990000,20.250000,4349999.999990,7.408356158988e-07,8.191090037420e-07,4.065910468908e-07
29.0-29.5 MHz,5,3,5.260000,14.990000,20.250000,4374999.999990,2.039741101901e-06,9.990157988290e-07,4.873053941871e-07
29.0-29.5 MHz,5,3,5.260000,14.990000,20.250000,4399999.999990,4.331478675187e-06,5.788836684853e-07,3.054827170111e-07
29.0-29.5 MHz,5,3,5.260000,14.990000,20.250000,4424999.999990,2.101524466896e-05,3.751034389769e-06,1.967411340647e-06
29.0-29.5 MHz,5,3,5.260000,14.990000,20.250000,4449999.999990,2.969790157599e-04,5.519536095146e-05,2.876147430876e-05
29.0-29.5 MHz,5,3,5.260000,14.990000,20.250000,4474999.999990,4.458464076017e-04,8.297257993487e-05,4.321814603944e-05
29.0-29.5 MHz,5,3,5.260000,14.990000,20.250000,4499999.999990,1.620381340620e-04,3.013061010336e-05,1.569981171439e-05
29.0-29.5 MHz,5,3,5.260000,14.990000,20.250000,4524999.999990,1.048136570977e-05,1.958760276510e-06,1.000887558380e-06
29.0-29.5 MHz,5,3,5.260000,14.990000,20.250000,4549999.999990,2.412412888745e-06,1.063717666337e-06,5.545675865552e-07
29.0-29.5 MHz,5,3,5.260000,14.990000,20.250000,4574999.999990,1.338500588512e-06,3.554208488830e-07,1.971549676638e-07
29.0-29.5 MHz,5,3,5.260000,14.990000,20.250000,4599999.999990,1.203884524864e-06,9.898185802220e-07,4.805323098753e-07
29.0-29.5 MHz,5,3,5.260000,14.990000,20.250000,4624999.999990,3.493182701044e-07,1.043633332185e-06,5.040612999753e-07
29.0-29.5 MHz,5,3,5.260000,14.990000,20.250000,4649999.999990,1.023480864463e-06,1.136076608590e-06,5.506328432325e-07
29.0-29.5 MHz,5,3,5.260000,14.990000,20.250000,4674999.999990,8.122272408078e-08,4.857825121664e-07,2.165249755749e-07
29.0-29.5 MHz,5,3,5.260000,14.990000,20.250000,4699999.999990,5.901236922844e-07,1.636020757660e-07,1.470146647939e-07
29.0-29.5 MHz,5,3,5.260000,14.990000,20.250000,4724999.999990,7.284550128045e-07,1.255336948721e-07,1.760056486991e-07
29.0-29.5 MHz,5,3,5.260000,14.990000,20.250000,4749999.999990,9.920578486284e-07,3.373124672019e-07,2.180160671893e-07
29.0-29.5 MHz,5,3,5.260000,14.990000,20.250000,4774999.999990,2.071962967900e-06,3.404801700647e-06,1.674903067176e-06
29.0-29.5 MHz,5,3,5.260000,14.990000,20.250000,4799999.999989,2.322633270447e-06,4.004331667047e-06,1.953057325051e-06
29.0-29.5 MHz,5,3,5.260000,14.990000,20.250000,4824999.999989,1.236286693748e-06,1.589541385434e-06,7.787210962827e-07
29.0-29.5 MHz,5,3,5.260000,14.990000,20.250000,4849999.999989,1.043264341109e-06,3.178612250665e-07,1.509974179205e-07
29.0-29.5 MHz,5,3,5.260000,14.990000,20.250000,4874999.999989,1.438719865179e-06,5.816791923148e-07,2.920057453853e-07
29.0-29.5 MHz,5,3,5.260000,14.990000,20.250000,4899999.999989,1.807454674879e-06,6.758224352440e-07,3.123880868204e-07
29.0-29.5 MHz,5,3,5.260000,14.990000,20.250000,4924999.999989,1.992935017504e-06,5.640845463632e-06,2.791863995644e-06
29.0-29.5 MHz,5,3,5.260000,14.990000,20.250000,4949999.999989,4.125592147083e-06,5.354091593569e-06,2.645941372875e-06
29.0-29.5 MHz,5,3,5.260000,14.990000,20.250000,4974999.999989,3.666906046618e-06,1.513277508647e-06,8.355157111568e-07
29.0-29.5 MHz,5,3,5.260000,14.990000,20.250000,4999999.999989,3.338814385611e-06,1.158865710117e-06,5.187124192204e-07
29.0-29.5 MHz,5,3,5.260000,14.990000,20.250000,5024999.999989,5.460735820608e-06,4.714320485603e-07,2.659735296372e-07
29.0-29.5 MHz,5,3,5.260000,14.990000,20.250000,5049999.999989,7.340747357728e-06,1.995093846893e-06,1.047239543150e-06
29.0-29.5 MHz,5,3,5.260000,14.990000,20.250000,5074999.999989,1.110954595441e-05,2.611427950005e-06,1.300738689846e-06
29.0-29.5 MHz,5,3,5.260000,14.990000,20.250000,5099999.999989,1.663429087268e-05,2.225764579654e-06,1.155345019545e-06
29.0-29.5 MHz,5,3,5.260000,14.990000,20.250000,5124999.999989,2.980455756685e-05,7.380500719756e-06,3.734671182122e-06
29.0-29.5 MHz,5,3,5.260000,14.990000,20.250000,5149999.999989,5.458498881819e-05,1.194837228427e-05,6.086815260455e-06
29.0-29.5 MHz,5,3,5.260000,14.990000,20.250000,5174999.999989,1.227079021835e-04,2.618174107143e-05,1.330774896560e-05
29.0-29.5 MHz,5,3,5.260000,14.990000,20.250000,5199999.999989,3.852776073229e-04,8.025899607553e-05,4.086140345471e-05
29.0-29.5 MHz,5,3,5.260000,14.990000,20.250000,5224999.999989,3.278305161619e-03,6.933856500452e-04,3.528994263430e-04
29.0-29.5 MHz,5,3,5.260000,14.990000,20.250000,5249999.999988,1.311134036761e-02,2.771442174429e-03,1.410479579084e-03
29.0-29.5 MHz,5,3,5.260000,14.990000,20.250000,5274999.999988,1.147281707204e-02,2.425280350304e-03,1.234271545008e-03
29.0-29.5 MHz,5,3,5.260000,14.990000,20.250000,5299999.999988,1.765224803707e-03,3.726772179656e-04,1.896472081268e-04
29.0-29.5 MHz,5,3,5.260000,14.990000,20.250000,5324999.999988,2.946293715884e-04,6.324716657427e-05,3.217086245236e-05
29.0-29.5 MHz,5,3,5.260000,14.990000,20.250000,5349999.999988,1.021151257134e-04,2.129396284268e-05,1.086581382970e-05
29.0-29.5 MHz,5,3,5.260000,14.990000,20.250000,5374999.999988,4.734154574332e-05,9.745276608872e-06,4.968964342902e-06
29.0-29.5 MHz,5,3,5.260000,14.990000,20.250000,5399999.999988,2.644027080941e-05,5.876473477931e-06,2.923098333924e-06
29.0-29.5 MHz,5,3,5.260000,14.990000,20.250000,5424999.999988,1.580337517139e-05,3.910774354945e-06,1.997016755335e-06
29.0-29.5 MHz,5,3,5.260000,14.990000,20.250000,5449999.999988,9.867222005678e-06,2.085780175757e-06,1.100276457218e-06
29.0-29.5 MHz,5,3,5.260000,14.990000,20.250000,5474999.999988,6.947555674410e-06,1.028766689675e-06,4.945010502152e-07
29.0-29.5 MHz,5,3,5.260000,14.990000,20.250000,5499999.999988,5.344140868110e-06,1.753675058240e-06,8.687068371666e-07
29.0-29.5 MHz,5,3,5.260000,14.990000,20.250000,5524999.999988,3.377763513557e-06,4.790604197599e-07,3.127841309078e-07
29.0-29.5 MHz,5,3,5.260000,14.990000,20.250000,5549999.999988,2.209758465264e-06,1.090820025827e-06,5.702245333847e-07
29.0-29.5 MHz,5,3,5.260000,14.990000,20.250000,5574999.999988,5.097848508548e-06,6.154926563547e-06,3.040979859571e-06
29.0-29.5 MHz,5,3,5.260000,14.990000,20.250000,5599999.999988,5.050780431396e-07,3.693345721748e-06,1.806644402541e-06
29.0-29.5 MHz,5,3,5.260000,14.990000,20.250000,5624999.999988,1.459773263315e-06,1.254345432180e-07,5.287220464596e-08
29.0-29.5 MHz,5,3,5.260000,14.990000,20.250000,5649999.999988,1.295406830164e-06,4.009000760258e-07,2.107607397385e-07
29.0-29.5 MHz,5,3,5.260000,14.990000,20.250000,5674999.999988,1.244105845451e-06,8.136108074498e-07,3.967507869943e-07
29.0-29.5 MHz,5,3,5.260000,14.990000,20.250000,5699999.999988,1.589218486468e-06,2.107652259169e-06,1.039182124674e-06
29.0-29.5 MHz,5,3,5.260000,14.990000,20.250000,5724999.999987,4.196941899639e-06,5.037598309918e-06,2.489935094679e-06
29.0-29.5 MHz,5,3,5.260000,14.990000,20.250000,5749999.999987,2.249080916972e-06,2.880500246726e-06,1.436537906850e-06
29.0-29.5 MHz,5,3,5.260000,14.990000,20.250000,5774999.999987,1.701371478088e-06,5.595173420901e-07,2.190224799451e-07
29.0-29.5 MHz,5,3,5.260000,14.990000,20.250000,5799999.999987,3.849626511529e-07,1.312230242781e-07,1.536395148295e-07
29.0-29.5 MHz,5,3,5.260000,14.990000,20.250000,5824999.999987,1.954517679890e-07,8.154910931431e-08,1.121989170519e-07
29.0-29.5 MHz,5,3,5.260000,14.990000,20.250000,5849999.999987,2.918878322365e-07,8.315764016790e-07,3.803813718750e-07
29.0-29.5 MHz,5,3,5.260000,14.990000,20.250000,5874999.999987,5.617458083884e-07,9.888824639034e-07,4.809637630839e-07
29.0-29.5 MHz,5,3,5.260000,14.990000,20.250000,5899999.999987,8.326768684944e-07,1.072210300521e-06,5.201252558379e-07
29.0-29.5 MHz,5,3,5.260000,14.990000,20.250000,5924999.999987,3.181843813502e-07,9.309743744140e-07,4.596819312997e-07
29.0-29.5 MHz,5,3,5.260000,14.990000,20.250000,5949999.999987,4.100443545397e-07,6.572258688959e-07,3.383600367397e-07
29.0-29.5 MHz,5,3,5.260000,14.990000,20.250000,5974999.999987,7.661285722891e-07,1.215349828873e-06,6.053807413019e-07
29.0-29.5 MHz,5,3,5.260000,14.990000,20.250000,5999999.999987,4.403554632313e-07,7.485025371008e-07,3.438109946509e-07
29.0-29.5 MHz,5,3,5.260000,14.990000,20.250000,6024999.999987,4.689612629006e-07,4.763025086696e-07,2.323371786869e-07
29.0-29.5 MHz,5,3,5.260000,14.990000,20.250000,6049999.999987,3.613929194091e-07,1.029026775807e-06,4.855954354012e-07
29.0-29.5 MHz,5,3,5.260000,14.990000,20.250000,6074999.999987,7.487377723289e-07,1.413984601594e-06,7.091659847488e-07
29.0-29.5 MHz,5,3,5.260000,14.990000,20.250000,6099999.999987,3.482373495053e-07,4.496652697988e-07,2.686749370342e-07
29.0-29.5 MHz,5,3,5.260000,14.990000,20.250000,6124999.999987,2.729987657354e-07,7.413075197257e-07,3.351288706056e-07
29.0-29.5 MHz,5,3,5.260000,14.990000,20.250000,6149999.999987,4.988222664882e-07,7.713569383589e-07,3.598821278211e-07
29.0-29.5 MHz,5,3,5.260000,14.990000,20.250000,6174999.999986,7.021980275753e-07,9.832010087955e-07,4.868470907071e-07
29.0-29.5 MHz,5,3,5.260000,14.990000,20.250000,6199999.999986,1.080306210145e-06,1.645725495682e-06,8.118856551509e-07
29.0-29.5 MHz,5,3,5.260000,14.990000,20.250000,6224999.999986,3.269688558304e-07,4.568664169852e-07,2.354252318069e-07
29.0-29.5 MHz,5,3,5.260000,14.990000,20.250000,6249999.999986,6.332420452488e-07,6.543389878262e-07,3.440702445419e-07
29.0-29.5 MHz,5,3,5.260000,14.990000,20.250000,6274999.999986,6.126813100299e-07,5.591767042237e-07,2.968571730566e-07
29.0-29.5 MHz,5,3,5.260000,14.990000,20.250000,6299999.999986,5.198495997729e-07,6.797590780916e-07,3.801966355635e-07
29.0-29.5 MHz,5,3,5.260000,14.990000,20.250000,6324999.999986,7.430288839883e-07,5.976023192449e-07,3.359890897180e-07
29.0-29.5 MHz,5,3,5.260000,14.990000,20.250000,6349999.999986,1.082954602824e-06,1.119987656334e-06,5.645278560328e-07
29.0-29.5 MHz,5,3,5.260000,14.990000,20.250000,6374999.999986,1.411465448119e-06,1.724384593948e-06,8.518546402995e-07
29.0-29.5 MHz,5,3,5.260000,14.990000,20.250000,6399999.999986,4.958342041458e-07,8.224878778267e-07,4.002840871158e-07
29.0-29.5 MHz,5,3,5.260000,14.990000,20.250000,6424999.999986,2.132238676596e-07,8.981445503162e-07,4.652671080067e-07
29.0-29.5 MHz,5,3,5.260000,14.990000,20.250000,6449999.999986,3.545039342807e-07,6.809029190453e-07,3.512676789319e-07
29.0-29.5 MHz,5,3,5.260000,14.990000,20.250000,6474999.999986,5.830185073011e-07,8.882057044247e-07,4.430912787138e-07
29.0-29.5 MHz,5,3,5.260000,14.990000,20.250000,6499999.999986,2.448249687960e-06,5.213461528384e-06,2.571798738514e-06
29.0-29.5 MHz,5,3,5.260000,14.990000,20.250000,6524999.999986,3.277765225053e-06,7.566174944765e-06,3.731339635833e-06
29.0-29.5 MHz,5,3,5.260000,14.990000,20.250000,6549999.999986,2.322062972496e-06,3.401093601335e-06,1.656452527967e-06
29.0-29.5 MHz,5,3,5.260000,14.990000,20.250000,6574999.999986,2.105003124464e-06,6.814929181215e-07,3.715306456809e-07
29.0-29.5 MHz,5,3,5.260000,14.990000,20.250000,6599999.999986,1.051088235074e-06,1.091981946573e-06,5.728488571156e-07
29.0-29.5 MHz,5,3,5.260000,14.990000,20.250000,6624999.999985,6.492241148593e-07,1.587116570128e-06,7.472497545700e-07
29.0-29.5 MHz,5,3,5.260000,14.990000,20.250000,6649999.999985,6.971610782184e-07,9.095387751418e-07,4.208632182722e-07
29.0-29.5 MHz,5,3,5.260000,14.990000,20.250000,6674999.999985,6.221961679331e-07,6.476210540847e-07,3.055335902224e-07
29.0-29.5 MHz,5,3,5.260000,14.990000,20.250000,6699999.999985,6.447410482417e-07,9.390948491022e-07,4.570466504559e-07
29.0-29.5 MHz,5,3,5.260000,14.990000,20.250000,6724999.999985,7.012282250861e-07,1.586182143892e-06,7.772532539702e-07
29.0-29.5 MHz,5,3,5.260000,14.990000,20.250000,6749999.999985,6.163654808444e-07,6.328252320862e-07,3.111304254975e-07
29.0-29.5 MHz,5,3,5.260000,14.990000,20.250000,6774999.999985,7.899283124538e-07,1.392723314409e-06,6.545988788944e-07
29.0-29.5 MHz,5,3,5.260000,14.990000,20.250000,6799999.999985,5.341320887517e-08,7.625198687715e-07,3.220064237849e-07
29.0-29.5 MHz,5,3,5.260000,14.990000,20.250000,6824999.999985,7.269803959880e-07,4.355983017605e-07,1.358200604019e-07
29.0-29.5 MHz,5,3,5.260000,14.990000,20.250000,6849999.999985,1.037956140617e-06,3.981797107173e-07,2.438417755117e-07
29.0-29.5 MHz,5,3,5.260000,14.990000,20.250000,6874999.999985,5.745417430963e-07,3.916538696088e-07,2.266300011003e-07
29.0-29.5 MHz,5,3,5.260000,14.990000,20.250000,6899999.999985,4.617120127739e-07,3.405339180374e-07,1.931030598225e-07
29.0-29.5 MHz,5,3,5.260000,14.990000,20.250000,6924999.999985,5.346992726732e-07,2.848478326307e-07,1.508005302149e-07
29.0-29.5 MHz,5,3,5.260000,14.990000,20.250000,6949999.999985,5.989218098072e-07,6.460800126388e-07,3.051775245404e-07
29.0-29.5 MHz,5,3,5.260000,14.990000,20.250000,6974999.999985,1.320023246308e-06,2.637082901688e-06,1.311594282347e-06
29.0-29.5 MHz,5,3,5.260000,14.990000,20.250000,6999999.999985,1.021334807953e-06,2.991168165590e-06,1.498275423068e-06
29.0-29.5 MHz,5,3,5.260000,14.990000,20.250000,7024999.999985,3.441388199918e-07,1.534015988592e-06,7.576706299952e-07
29.0-29.5 MHz,5,3,5.260000,14.990000,20.250000,7049999.999985,4.968100179443e-07,1.149234606128e-06,5.568453228038e-07
29.0-29.5 MHz,5,3,5.260000,14.990000,20.250000,7074999.999984,6.399415099324e-07,9.435895889880e-07,4.921473157587e-07
29.0-29.5 MHz,5,3,5.260000,14.990000,20.250000,7099999.999984,4.774626905199e-07,1.637395915848e-07,3.707523960050e-08
29.0-29.5 MHz,5,3,5.260000,14.990000,20.250000,7124999.999984,8.310204599663e-07,5.438474816912e-07,2.432967413542e-07
29.0-29.5 MHz,5,3,5.260000,14.990000,20.250000,7149999.999984,7.219932762132e-07,9.452857792341e-07,3.881660498510e-07
29.0-29.5 MHz,5,3,5.260000,14.990000,20.250000,7174999.999984,1.305225924226e-06,1.830592543873e-06,8.544755824379e-07
29.0-29.5 MHz,5,3,5.260000,14.990000,20.250000,7199999.999984,9.463500398776e-07,2.324915816678e-06,1.155502888766e-06
29.0-29.5 MHz,5,3,5.260000,14.990000,20.250000,7224999.999984,4.192178274431e-07,1.257938481549e-06,6.275443706829e-07
29.0-29.5 MHz,5,3,5.260000,14.990000,20.250000,7249999.999984,1.260121027283e-07,4.940753327721e-07,2.168623023069e-07
29.0-29.5 MHz,5,3,5.260000,14.990000,20.250000,7274999.999984,3.206999212633e-07,6.017698114636e-07,3.023670306193e-07
29.0-29.5 MHz,5,3,5.260000,14.990000,20.250000,7299999.999984,9.940566606788e-07,1.543612539881e-06,7.603898608358e-07
29.0-29.5 MHz,5,3,5.260000,14.990000,20.250000,7324999.999984,1.453247536451e-06,1.473915732787e-06,6.895972879653e-07
29.0-29.5 MHz,5,3,5.260000,14.990000,20.250000,7349999.999984,7.760610572568e-07,4.226369646865e-07,1.609156565866e-07
29.0-29.5 MHz,5,3,5.260000,14.990000,20.250000,7374999.999984,8.934383203363e-07,2.009552476435e-07,2.350369517278e-07
29.0-29.5 MHz,5,3,5.260000,14.990000,20.250000,7399999.999984,2.568234850964e-07,6.784639243333e-07,3.058284389080e-07
29.0-29.5 MHz,5,3,5.260000,14.990000,20.250000,7424999.999984,3.542919710402e-07,7.009349076335e-07,3.070036122839e-07
29.0-29.5 MHz,5,3,5.260000,14.990000,20.250000,7449999.999984,4.682819962337e-07,1.166176583339e-06,5.908861565651e-07
29.0-29.5 MHz,5,3,5.260000,14.990000,20.250000,7474999.999984,3.508976877551e-07,1.197159646080e-06,5.924366994027e-07
29.0-29.5 MHz,5,3,5.260000,14.990000,20.250000,7499999.999984,1.494689187289e-07,5.561920117421e-07,2.711052765532e-07
29.0-29.5 MHz,5,3,5.260000,14.990000,20.250000,7524999.999983,2.756192353591e-07,8.209134556363e-07,4.157965596724e-07
29.0-29.5 MHz,5,3,5.260000,14.990000,20.250000,7549999.999983,2.474110770235e-07,6.421126508647e-07,3.342583579501e-07
29.0-29.5 MHz,5,3,5.260000,14.990000,20.250000,7574999.999983,3.422370047231e-07,1.088383483746e-06,5.187813867071e-07
29.0-29.5 MHz,5,3,5.260000,14.990000,20.250000,7599999.999983,5.029626088627e-07,9.184082274189e-07,4.634084660503e-07
29.0-29.5 MHz,5,3,5.260000,14.990000,20.250000,7624999.999983,4.471710611486e-07,1.378760887420e-07,6.181071377158e-08
29.0-29.5 MHz,5,3,5.260000,14.990000,20.250000,7649999.999983,5.573562119344e-07,2.155566986975e-06,1.071075731650e-06
29.0-29.5 MHz,5,3,5.260000,14.990000,20.250000,7674999.999983,1.198614534901e-06,3.805885967986e-06,1.867233816614e-06
29.0-29.5 MHz,5,3,5.260000,14.990000,20.250000,7699999.999983,9.964528742278e-07,2.437875562315e-06,1.169956435931e-06
29.0-29.5 MHz,5,3,5.260000,14.990000,20.250000,7724999.999983,3.230658096483e-07,4.572946967188e-07,2.136306970032e-07
29.0-29.5 MHz,5,3,5.260000,14.990000,20.250000,7749999.999983,4.246770515806e-07,8.119589066021e-07,4.086622754190e-07
29.0-29.5 MHz,5,3,5.260000,14.990000,20.250000,7774999.999983,1.227038717776e-07,8.449582471230e-07,4.104614302823e-07
29.0-29.5 MHz,5,3,5.260000,14.990000,20.250000,7799999.999983,3.354927132992e-07,8.905547564045e-07,4.179946080239e-07
29.0-29.5 MHz,5,3,5.260000,14.990000,20.250000,7824999.999983,6.009275364215e-07,1.092047474804e-06,5.175816281918e-07
29.0-29.5 MHz,5,3,5.260000,14.990000,20.250000,7849999.999983,1.898630985078e-07,6.501976824215e-07,3.410128904817e-07
29.0-29.5 MHz,5,3,5.260000,14.990000,20.250000,7874999.999983,5.979059930856e-07,1.451032671743e-06,7.008558953089e-07
29.0-29.5 MHz,5,3,5.260000,14.990000,20.250000,7899999.999983,4.265492397787e-07,9.095415291451e-07,3.985660502997e-07
29.0-29.5 MHz,5,3,5.260000,14.990000,20.250000,7924999.999983,5.514714937166e-07,6.738476880197e-07,3.402329509227e-07
29.0-29.5 MHz,5,3,5.260000,14.990000,20.250000,7949999.999983,5.840568653439e-07,6.598335550128e-07,3.205354926349e-07
29.0-29.5 MHz,5,3,5.260000,14.990000,20.250000,7974999.999983,3.969059879396e-07,7.337265812804e-07,3.508636022041e-07
29.0-29.5 MHz,5,3,5.260000,14.990000,20.250000,7999999.999982,4.409720472789e-07,1.592636573584e-06,7.987426627954e-07
29.0-29.5 MHz,5,3,5.260000,14.990000,20.250000,8024999.999982,3.602048274646e-07,1.147332139330e-06,5.760028689781e-07
29.0-29.5 MHz,5,3,5.260000,14.990000,20.250000,8049999.999982,3.215311657889e-07,7.909413619504e-07,3.933659350588e-07
29.0-29.5 MHz,5,3,5.260000,14.990000,20.250000,8074999.999982,3.862059475276e-07,6.340043905772e-07,2.636825098521e-07
29.0-29.5 MHz,5,3,5.260000,14.990000,20.250000,8099999.999982,1.379711738649e-06,2.413291506588e-06,1.218325256547e-06
29.0-29.5 MHz,5,3,5.260000,14.990000,20.250000,8124999.999982,4.439609341813e-07,2.154168823807e-06,1.120772809944e-06
29.0-29.5 MHz,5,3,5.260000,14.990000,20.250000,8149999.999982,2.844193008334e-06,1.835424926192e-07,1.259985171520e-07
29.0-29.5 MHz,5,3,5.260000,14.990000,20.250000,8174999.999982,1.201758222937e-06,4.419338721863e-07,2.040063249528e-07
29.0-29.5 MHz,5,3,5.260000,14.990000,20.250000,8199999.999982,7.002138184045e-07,1.289246450221e-06,6.365995014055e-07
29.0-29.5 MHz,5,3,5.260000,14.990000,20.250000,8224999.999982,4.144015309453e-07,1.253357556101e-06,6.291421708480e-07
29.0-29.5 MHz,5,3,5.260000,14.990000,20.250000,8249999.999982,1.632000652983e-07,3.258085473898e-07,1.787675237150e-07
29.0-29.5 MHz,5,3,5.260000,14.990000,20.250000,8274999.999982,1.167335484207e-07,3.854373802672e-07,2.011104577750e-07
29.0-29.5 MHz,5,3,5.260000,14.990000,20.250000,8299999.999982,3.040225641931e-07,7.468658366798e-07,3.852916831336e-07
29.0-29.5 MHz,5,3,5.260000,14.990000,20.250000,8324999.999982,8.811833241652e-08,2.371524419065e-06,1.193389883031e-06
29.0-29.5 MHz,5,3,5.260000,14.990000,20.250000,8349999.999982,5.086903894940e-07,1.336157940278e-06,6.580078883235e-07
29.0-29.5 MHz,5,3,5.260000,14.990000,20.250000,8374999.999982,8.950014715196e-07,1.141875888053e-06,5.404119545706e-07
29.0-29.5 MHz,5,3,5.260000,14.990000,20.250000,8399999.999982,1.981909322991e-06,1.196155545567e-06,5.565193968163e-07
29.0-29.5 MHz,5,3,5.260000,14.990000,20.250000,8424999.999982,1.507037630503e-06,5.886677156819e-07,2.651206378867e-07
29.0-29.5 MHz,5,3,5.260000,14.990000,20.250000,8449999.999981,2.738598925325e-07,1.600660442822e-06,8.171322704515e-07
29.0-29.5 MHz,5,3,5.260000,14.990000,20.250000,8474999.999981,2.361135104293e-07,3.087922303375e-06,1.567608067396e-06
29.0-29.5 MHz,5,3,5.260000,14.990000,20.250000,8499999.999981,5.020474343298e-07,1.440200559403e-06,7.517819887191e-07
29.0-29.5 MHz,5,3,5.260000,14.990000,20.250000,8524999.999981,1.785059452721e-07,1.213617883893e-06,5.862551292766e-07
29.0-29.5 MHz,5,3,5.260000,14.990000,20.250000,8549999.999981,4.341360804952e-07,3.076719864853e-07,1.680445311950e-07
29.0-29.5 MHz,5,3,5.260000,14.990000,20.250000,8574999.999981,3.322467555558e-07,2.037005655443e-06,1.012446836775e-06
29.0-29.5 MHz,5,3,5.260000,14.990000,20.250000,8599999.999981,1.407552380464e-06,1.845902675004e-06,8.705658179997e-07
29.0-29.5 MHz,5,3,5.260000,14.990000,20.250000,8624999.999981,2.148582279244e-06,8.499007721607e-07,3.502285567371e-07
29.0-29.5 MHz,5,3,5.260000,14.990000,20.250000,8649999.999981,1.725860856268e-06,1.373803521287e-07,1.216113885467e-07
29.0-29.5 MHz,5,3,5.260000,14.990000,20.250000,8674999.999981,2.065721333029e-06,4.524184753989e-07,3.123009328321e-07
29.0-29.5 MHz,5,3,5.260000,14.990000,20.250000,8699999.999981,9.552567652391e-07,3.136139505104e-07,1.893049093638e-07
29.0-29.5 MHz,5,3,5.260000,14.990000,20.250000,8724999.999981,8.234629400215e-07,4.011505471434e-07,1.836100770937e-07
29.0-29.5 MHz,5,3,5.260000,14.990000,20.250000,8749999.999981,8.941720875623e-08,5.229966740353e-07,2.627907123849e-07
29.0-29.5 MHz,5,3,5.260000,14.990000,20.250000,8774999.999981,4.347134770680e-07,3.235498592726e-06,1.597682277136e-06
29.0-29.5 MHz,5,3,5.260000,14.990000,20.250000,8799999.999981,1.679694377809e-06,4.913045217365e-06,2.435538422365e-06
29.0-29.5 MHz,5,3,5.260000,14.990000,20.250000,8824999.999981,8.732059411904e-08,1.649538203149e-06,8.038069224001e-07
29.0-29.5 MHz,5,3,5.260000,14.990000,20.250000,8849999.999981,5.386409361019e-07,7.660227444250e-07,3.868186446437e-07
29.0-29.5 MHz,5,3,5.260000,14.990000,20.250000,8874999.999981,6.186173692968e-07,8.209775008978e-07,4.021813560123e-07
29.0-29.5 MHz,5,3,5.260000,14.990000,20.250000,8899999.999980,1.297191742984e-06,6.542196048453e-07,2.575217046031e-07
29.0-29.5 MHz,5,3,5.260000,14.990000,20.250000,8924999.999980,4.322143444633e-06,1.454944197100e-06,4.167601545433e-07
29.0-29.5 MHz,5,3,5.260000,14.990000,20.250000,8949999.999980,3.956632874278e-06,1.451754865969e-06,3.589928498110e-07
29.0-29.5 MHz,5,3,5.260000,14.990000,20.250000,8974999.999980,1.873280843954e-06,1.768044717153e-07,1.402398610999e-07
29.0-29.5 MHz,5,3,5.260000,14.990000,20.250000,8999999.999980,9.818032586181e-07,2.070645540342e-06,1.004864236378e-06
29.0-29.5 MHz,5,3,5.260000,14.990000,20.250000,9024999.999980,1.527032599944e-06,4.465722195589e-07,2.496791876543e-07
29.0-29.5 MHz,5,3,5.260000,14.990000,20.250000,9049999.999980,1.409579043031e-06,1.635528604614e-06,8.111549475444e-07
29.0-29.5 MHz,5,3,5.260000,14.990000,20.250000,9074999.999980,2.507690192460e-07,1.459469442802e-06,7.096862593757e-07
29.0-29.5 MHz,5,3,5.260000,14.990000,20.250000,9099999.999980,1.681916746631e-06,3.973981703199e-07,1.983281226645e-07
29.0-29.5 MHz,5,3,5.260000,14.990000,20.250000,9124999.999980,6.139590683104e-07,3.459028930856e-07,1.771487900156e-07
29.0-29.5 MHz,5,3,5.260000,14.990000,20.250000,9149999.999980,2.771399397444e-06,7.148788975092e-07,3.876149179940e-07
29.0-29.5 MHz,5,3,5.260000,14.990000,20.250000,9174999.999980,1.694755546627e-06,9.448388835443e-07,4.535487088074e-07
29.0-29.5 MHz,5,3,5.260000,14.990000,20.250000,9199999.999980,1.591442289778e-06,3.711077841241e-08,3.163333790996e-08
29.0-29.5 MHz,5,3,5.260000,14.990000,20.250000,9224999.999980,6.866057487617e-06,1.972464622881e-06,1.045231636632e-06
29.0-29.5 MHz,5,3,5.260000,14.990000,20.250000,9249999.999980,1.563219945100e-05,8.730723022726e-06,4.355252308321e-06
29.0-29.5 MHz,5,3,5.260000,14.990000,20.250000,9274999.999980,2.050332774100e-05,8.222597715496e-06,4.118113464686e-06
29.0-29.5 MHz,5,3,5.260000,14.990000,20.250000,9299999.999980,6.703354943397e-07,2.049464793783e-06,9.980728088446e-07
29.0-29.5 MHz,5,3,5.260000,14.990000,20.250000,9324999.999980,2.623475079153e-06,1.117980400359e-06,5.618539150608e-07
29.0-29.5 MHz,5,3,5.260000,14.990000,20.250000,9349999.999979,4.990600287177e-06,1.070313754185e-06,5.338061491466e-07
29.0-29.5 MHz,5,3,5.260000,14.990000,20.250000,9374999.999979,6.911399547754e-06,1.718260307937e-06,8.711427390635e-07
29.0-29.5 MHz,5,3,5.260000,14.990000,20.250000,9399999.999979,6.223022888550e-06,2.342945671868e-06,1.180600321949e-06
29.0-29.5 MHz,5,3,5.260000,14.990000,20.250000,9424999.999979,9.704979132228e-06,2.180843337522e-06,1.119802517805e-06
29.0-29.5 MHz,5,3,5.260000,14.990000,20.250000,9449999.999979,1.462078589641e-05,4.317884364292e-06,2.210601869955e-06
29.0-29.5 MHz,5,3,5.260000,14.990000,20.250000,9474999.999979,1.394002427319e-05,3.475674786906e-06,1.722357541511e-06
29.0-29.5 MHz,5,3,5.260000,14.990000,20.250000,9499999.999979,2.351259096399e-05,6.729268027629e-06,3.402242660069e-06
29.0-29.5 MHz,5,3,5.260000,14.990000,20.250000,9524999.999979,3.231395210730e-05,8.145164309939e-06,4.086419848067e-06
29.0-29.5 MHz,5,3,5.260000,14.990000,20.250000,9549999.999979,4.579912470931e-05,1.243915176093e-05,6.280801166162e-06
29.0-29.5 MHz,5,3,5.260000,14.990000,20.250000,9574999.999979,7.390336292981e-05,2.000297460417e-05,1.005375473908e-05
29.0-29.5 MHz,5,3,5.260000,14.990000,20.250000,9599999.999979,1.266557688182e-04,3.394977224188e-05,1.710501271809e-05
29.0-29.5 MHz,5,3,5.260000,14.990000,20.250000,9624999.999979,2.459241815492e-04,6.618574826992e-05,3.333319021032e-05
29.0-29.5 MHz,5,3,5.260000,14.990000,20.250000,9649999.999979,5.791391331084e-04,1.556128657732e-04,7.836821073222e-05
29.0-29.5 MHz,5,3,5.260000,14.990000,20.250000,9674999.999979,2.031916357325e-03,5.464134448750e-04,2.752066762215e-04
29.0-29.5 MHz,5,3,5.260000,14.990000,20.250000,9699999.999979,3.251112277721e-02,8.742003557533e-03,4.402615753441e-03
29.0-29.5 MHz,5,3,5.260000,14.990000,20.250000,9724999.999979,8.939555707405e-02,2.403758552276e-02,1.210578592736e-02
29.0-29.5 MHz,5,3,5.260000,14.990000,20.250000,9749999.999979,5.959949392450e-02,1.602554575045e-02,8.070792689391e-03
29.0-29.5 MHz,5,3,5.260000,14.990000,20.250000,9774999.999979,4.258041189241e-03,1.144690590772e-03,5.765245067455e-04
29.0-29.5 MHz,5,3,5.260000,14.990000,20.250000,9799999.999979,8.987728573789e-04,2.416574997865e-04,1.216829844356e-04
29.0-29.5 MHz,5,3,5.260000,14.990000,20.250000,9824999.999978,3.354817304511e-04,9.040531603975e-05,4.553083986045e-05
29.0-29.5 MHz,5,3,5.260000,14.990000,20.250000,9849999.999978,1.626254827886e-04,4.354490225868e-05,2.192778831285e-05
29.0-29.5 MHz,5,3,5.260000,14.990000,20.250000,9874999.999978,9.098407911428e-05,2.446979105747e-05,1.232367910588e-05
29.0-29.5 MHz,5,3,5.260000,14.990000,20.250000,9899999.999978,5.691005762280e-05,1.587835153915e-05,7.995871629099e-06
29.0-29.5 MHz,5,3,5.260000,14.990000,20.250000,9924999.999978,3.559424829261e-05,9.297003809949e-06,4.693886956784e-06
29.0-29.5 MHz,5,3,5.260000,14.990000,20.250000,9949999.999978,2.536782332511e-05,6.639015452592e-06,3.336742328928e-06
29.0-29.5 MHz,5,3,5.260000,14.990000,20.250000,9974999.999978,2.101700722383e-05,5.899067426340e-06,2.997332652250e-06
29.0-29.5 MHz,5,3,5.260000,14.990000,20.250000,9999999.999978,1.205815670690e-05,3.018943513330e-06,1.485532442525e-06
29.0-29.5 MHz,5,3,5.260000,14.990000,20.250000,10024999.999978,1.036639006391e-05,3.135845428994e-06,1.570037002526e-06
29.0-29.5 MHz,5,3,5.260000,14.990000,20.250000,10049999.999978,1.086478919447e-05,2.894493098654e-06,1.436686540426e-06
29.0-29.5 MHz,5,3,5.260000,14.990000,20.250000,10074999.999978,5.791140885959e-06,2.165528347324e-06,1.056626631970e-06
29.0-29.5 MHz,5,3,5.260000,14.990000,20.250000,10099999.999978,5.211391603716e-06,1.363327329343e-06,6.805405223990e-07
29.0-29.5 MHz,5,3,5.260000,14.990000,20.250000,10124999.999978,6.213483569210e-06,2.448716534144e-06,1.232966436511e-06
29.0-29.5 MHz,5,3,5.260000,14.990000,20.250000,10149999.999978,3.747974939552e-06,6.324728340397e-07,3.074259403060e-07
29.0-29.5 MHz,5,3,5.260000,14.990000,20.250000,10174999.999978,2.141637375411e-05,1.186511265033e-05,5.879870564396e-06
29.0-29.5 MHz,5,3,5.260000,14.990000,20.250000,10199999.999978,4.482954891488e-05,2.285425424993e-05,1.135483526320e-05
29.0-29.5 MHz,5,3,5.260000,14.990000,20.250000,10224999.999978,1.744789514979e-05,9.439248530238e-06,4.646768117099e-06
29.0-29.5 MHz,5,3,5.260000,14.990000,20.250000,10249999.999978,8.041112817451e-06,2.312653535790e-06,1.109710715675e-06
29.0-29.5 MHz,5,3,5.260000,14.990000,20.250000,10274999.999977,4.507377288796e-06,1.378733985467e-06,6.603381005220e-07
29.0-29.5 MHz,5,3,5.260000,14.990000,20.250000,10299999.999977,1.881855475207e-06,4.251110407789e-07,1.830728774036e-07
29.0-29.5 MHz,5,3,5.260000,14.990000,20.250000,10324999.999977,3.234843653455e-06,1.152335942016e-06,5.663389168666e-07
29.0-29.5 MHz,5,3,5.260000,14.990000,20.250000,10349999.999977,1.808264093833e-06,1.375061010543e-06,6.741523507773e-07
29.0-29.5 MHz,5,3,5.260000,14.990000,20.250000,10374999.999977,5.126519763915e-06,3.363120081286e-06,1.687839656221e-06
29.0-29.5 MHz,5,3,5.260000,14.990000,20.250000,10399999.999977,3.049882233163e-06,2.501564938146e-06,1.177709644987e-06
29.0-29.5 MHz,5,3,5.260000,14.990000,20.250000,10424999.999977,5.172039297292e-06,2.085768278243e-06,1.034075366422e-06
29.0-29.5 MHz,5,3,5.260000,14.990000,20.250000,10449999.999977,1.142473382578e-05,4.152878064788e-06,2.174528584323e-06
29.0-29.5 MHz,5,3,5.260000,14.990000,20.250000,10474999.999977,3.430219350406e-05,8.852435943827e-06,4.036444475048e-06
29.0-29.5 MHz,5,3,5.260000,14.990000,20.250000,10499999.999977,5.209528558907e-04,1.438906464722e-04,6.902938204581e-05
29.0-29.5 MHz,5,3,5.260000,14.990000,20.250000,10524999.999977,7.807825032197e-04,2.154722394525e-04,1.034112660986e-04
29.0-29.5 MHz,5,3,5.260000,14.990000,20.250000,10549999.999977,2.846874098872e-04,7.866765469631e-05,3.785938821020e-05
29.0-29.5 MHz,5,3,5.260000,14.990000,20.250000,10574999.999977,1.490398877117e-05,3.935220285158e-06,1.569080360048e-06
29.0-29.5 MHz,5,3,5.260000,14.990000,20.250000,10599999.999977,8.169118532301e-06,3.430172167410e-06,1.696791203168e-06
29.0-29.5 MHz,5,3,5.260000,14.990000,20.250000,10624999.999977,2.360903513011e-06,9.971487037156e-07,4.434935884241e-07
29.0-29.5 MHz,5,3,5.260000,14.990000,20.250000,10649999.999977,7.495074468951e-06,5.602840286995e-06,2.804086785693e-06
29.0-29.5 MHz,5,3,5.260000,14.990000,20.250000,10674999.999977,9.620186828007e-06,6.483742133831e-06,3.194847173924e-06
29.0-29.5 MHz,5,3,5.260000,14.990000,20.250000,10699999.999977,7.200929231408e-07,7.663970749964e-07,3.781008988123e-07
29.0-29.5 MHz,5,3,5.260000,14.990000,20.250000,10724999.999976,2.311847038608e-06,9.537613050509e-07,4.872752193818e-07
29.0-29.5 MHz,5,3,5.260000,14.990000,20.250000,10749999.999976,3.106888279874e-06,1.475190259284e-06,7.089449011805e-07
29.0-29.5 MHz,5,3,5.260000,14.990000,20.250000,10774999.999976,3.676203049201e-06,1.354505348883e-06,5.869323754683e-07
29.0-29.5 MHz,5,3,5.260000,14.990000,20.250000,10799999.999976,3.568862542518e-06,1.498909887398e-06,6.818100929488e-07
29.0-29.5 MHz,5,3,5.260000,14.990000,20.250000,10824999.999976,7.182035150810e-06,7.154797075693e-06,3.523132165830e-06
29.0-29.5 MHz,5,3,5.260000,14.990000,20.250000,10849999.999976,9.428632324239e-06,9.074827003040e-06,4.483611307456e-06
29.0-29.5 MHz,5,3,5.260000,14.990000,20.250000,10874999.999976,3.225169745626e-06,2.679425219990e-06,1.296820205364e-06
29.0-29.5 MHz,5,3,5.260000,14.990000,20.250000,10899999.999976,1.835455453459e-06,1.412752738996e-06,7.122119667989e-07
29.0-29.5 MHz,5,3,5.260000,14.990000,20.250000,10924999.999976,2.478347921495e-06,1.775394509643e-06,8.753370777373e-07
29.0-29.5 MHz,5,3,5.260000,14.990000,20.250000,10949999.999976,1.584371188614e-06,1.394353508802e-06,6.814485695170e-07
29.0-29.5 MHz,5,3,5.260000,14.990000,20.250000,10974999.999976,4.966972174382e-06,3.391308775724e-06,1.664162699560e-06
29.0-29.5 MHz,5,3,5.260000,14.990000,20.250000,10999999.999976,5.282125315568e-06,3.364301160791e-06,1.667362368378e-06
29.0-29.5 MHz,5,3,5.260000,14.990000,20.250000,11024999.999976,2.490291567688e-06,1.048423139038e-06,5.353402887059e-07
29.0-29.5 MHz,5,3,5.260000,14.990000,20.250000,11049999.999976,3.823584166385e-06,5.638376359719e-07,2.057603987356e-07
29.0-29.5 MHz,5,3,5.260000,14.990000,20.250000,11074999.999976,2.400315113877e-06,7.714752124613e-07,3.863002946243e-07
29.0-29.5 MHz,5,3,5.260000,14.990000,20.250000,11099999.999976,2.934691058269e-06,1.538234369536e-06,7.500159538364e-07
29.0-29.5 MHz,5,3,5.260000,14.990000,20.250000,11124999.999976,4.201603542284e-06,3.445425247939e-06,1.708972410961e-06
29.0-29.5 MHz,5,3,5.260000,14.990000,20.250000,11149999.999976,2.402123608805e-06,1.793804087557e-06,8.936763325198e-07
29.0-29.5 MHz,5,3,5.260000,14.990000,20.250000,11174999.999975,7.216762840958e-07,7.210316650923e-07,3.655065657648e-07
29.0-29.5 MHz,5,3,5.260000,14.990000,20.250000,11199999.999975,5.100528184473e-07,4.491728881621e-07,2.316448199679e-07
29.0-29.5 MHz,5,3,5.260000,14.990000,20.250000,11224999.999975,1.613143693227e-06,1.172025389479e-06,5.706214804589e-07
29.0-29.5 MHz,5,3,5.260000,14.990000,20.250000,11249999.999975,1.275177731150e-06,8.418711799056e-07,3.861377412797e-07
29.0-29.5 MHz,5,3,5.260000,14.990000,20.250000,11274999.999975,4.259241758642e-06,1.799983807017e-06,8.627857857893e-07
29.0-29.5 MHz,5,3,5.260000,14.990000,20.250000,11299999.999975,1.429353762858e-05,5.551577628533e-06,2.722418281204e-06
29.0-29.5 MHz,5,3,5.260000,14.990000,20.250000,11324999.999975,1.352826701365e-05,5.880114861355e-06,2.883403591386e-06
29.0-29.5 MHz,5,3,5.260000,14.990000,20.250000,11349999.999975,3.507967198468e-06,2.395317450894e-06,1.184004108428e-06
29.0-29.5 MHz,5,3,5.260000,14.990000,20.250000,11374999.999975,7.290684582650e-07,5.476391277084e-07,2.549956850593e-07
29.0-29.5 MHz,5,3,5.260000,14.990000,20.250000,11399999.999975,1.782560369841e-06,1.462629143818e-06,7.165706711739e-07
29.0-29.5 MHz,5,3,5.260000,14.990000,20.250000,11424999.999975,3.314734613475e-07,3.420878408614e-07,1.782441125298e-07
29.0-29.5 MHz,5,3,5.260000,14.990000,20.250000,11449999.999975,2.240230721128e-06,1.712528454384e-06,8.552734428891e-07
29.0-29.5 MHz,5,3,5.260000,14.990000,20.250000,11474999.999975,2.251506611995e-06,1.444763624196e-06,7.207528796475e-07
29.0-29.5 MHz,5,3,5.260000,14.990000,20.250000,11499999.999975,1.894346361711e-06,1.229648017194e-06,6.226500772221e-07
29.0-29.5 MHz,5,3,5.260000,14.990000,20.250000,11524999.999975,1.098535045665e-06,1.298538241632e-06,6.856460696787e-07
29.0-29.5 MHz,5,3,5.260000,14.990000,20.250000,11549999.999975,4.599448393941e-07,7.702893531037e-07,4.085983431130e-07
29.0-29.5 MHz,5,3,5.260000,14.990000,20.250000,11574999.999975,2.594626404636e-06,1.642603634144e-06,8.686573951617e-07
29.0-29.5 MHz,5,3,5.260000,14.990000,20.250000,11599999.999975,4.687454731357e-06,2.161576174317e-06,1.136868308554e-06
29.0-29.5 MHz,5,3,5.260000,14.990000,20.250000,11624999.999975,3.062935321591e-06,1.457896173176e-06,7.062519924867e-07
29.0-29.5 MHz,5,3,5.260000,14.990000,20.250000,11649999.999974,1.088184502056e-06,9.567194527553e-07,4.863455378080e-07
29.0-29.5 MHz,5,3,5.260000,14.990000,20.250000,11674999.999974,1.039158394343e-06,1.036547445548e-06,5.275671371345e-07
29.0-29.5 MHz,5,3,5.260000,14.990000,20.250000,11699999.999974,1.424137516957e-06,1.346843037783e-06,6.775793871676e-07
29.0-29.5 MHz,5,3,5.260000,14.990000,20.250000,11724999.999974,2.351145127369e-07,2.940259247243e-07,1.561948526112e-07
29.0-29.5 MHz,5,3,5.260000,14.990000,20.250000,11749999.999974,5.762398422500e-06,5.316982209775e-06,2.622485666832e-06
29.0-29.5 MHz,5,3,5.260000,14.990000,20.250000,11774999.999974,1.180203308747e-05,1.261710269880e-05,6.234596156128e-06
29.0-29.5 MHz,5,3,5.260000,14.990000,20.250000,11799999.999974,7.408684850430e-06,7.958726425476e-06,3.959058869527e-06
29.0-29.5 MHz,5,3,5.260000,14.990000,20.250000,11824999.999974,3.417271929540e-06,1.622953260042e-06,8.642329647473e-07
29.0-29.5 MHz,5,3,5.260000,14.990000,20.250000,11849999.999974,2.168871683222e-06,1.925361990501e-07,8.241247907485e-08
29.0-29.5 MHz,5,3,5.260000,14.990000,20.250000,11874999.999974,2.197937198207e-06,1.895437581626e-06,9.492611726407e-07
29.0-29.5 MHz,5,3,5.260000,14.990000,20.250000,11899999.999974,1.484874105689e-06,1.050876257520e-06,5.248667868366e-07
29.0-29.5 MHz,5,3,5.260000,14.990000,20.250000,11924999.999974,1.513849542863e-06,1.022035365744e-06,5.274627709560e-07
29.0-29.5 MHz,5,3,5.260000,14.990000,20.250000,11949999.999974,2.135307780304e-06,1.791661136062e-06,9.050994482093e-07
29.0-29.5 MHz,5,3,5.260000,14.990000,20.250000,11974999.999974,2.552986784767e-06,2.797937316553e-06,1.396283147921e-06
29.0-29.5 MHz,5,3,5.260000,14.990000,20.250000,11999999.999974,1.860869416357e-06,2.222846905731e-06,1.110022824783e-06
29.0-29.5 MHz,5,3,5.260000,14.990000,20.250000,12024999.999974,2.400828413571e-06,1.607884798016e-06,7.806859780810e-07
29.0-29.5 MHz,5,3,5.260000,14.990000,20.250000,12049999.999974,2.767097787386e-06,2.243728350805e-06,1.091196615282e-06
29.0-29.5 MHz,5,3,5.260000,14.990000,20.250000,12074999.999974,5.134433226801e-06,2.112561535253e-06,1.012843377031e-06
29.0-29.5 MHz,5,3,5.260000,14.990000,20.250000,12099999.999973,6.260344138140e-06,2.248259322990e-06,9.260718627394e-07
29.0-29.5 MHz,5,3,5.260000,14.990000,20.250000,12124999.999973,2.623993286420e-06,6.696692272706e-07,2.210842359168e-07
29.0-29.5 MHz,5,3,5.260000,14.990000,20.250000,12149999.999973,8.175430785180e-07,8.556552520427e-07,4.087262629688e-07
29.0-29.5 MHz,5,3,5.260000,14.990000,20.250000,12174999.999973,9.484639308663e-07,7.942683664273e-07,3.939964808180e-07
29.0-29.5 MHz,5,3,5.260000,14.990000,20.250000,12199999.999973,1.229919698263e-06,9.551342076701e-07,4.681759862074e-07
29.0-29.5 MHz,5,3,5.260000,14.990000,20.250000,12224999.999973,2.989294563170e-06,3.110498529848e-06,1.527438088549e-06
29.0-29.5 MHz,5,3,5.260000,14.990000,20.250000,12249999.999973,5.856553277879e-06,5.943808445385e-06,2.949841357928e-06
29.0-29.5 MHz,5,3,5.260000,14.990000,20.250000,12274999.999973,3.979546021981e-06,3.650288251128e-06,1.811960188635e-06
29.0-29.5 MHz,5,3,5.260000,14.990000,20.250000,12299999.999973,2.241627958186e-06,2.079509209054e-06,1.011222227252e-06
29.0-29.5 MHz,5,3,5.260000,14.990000,20.250000,12324999.999973,4.981340100828e-07,5.255471433366e-07,2.249181857057e-07
29.0-29.5 MHz,5,3,5.260000,14.990000,20.250000,12349999.999973,1.491442981960e-06,5.666525378600e-07,3.112318595578e-07
29.0-29.5 MHz,5,3,5.260000,14.990000,20.250000,12374999.999973,3.941285506243e-07,6.401364716739e-07,2.723603380527e-07
29.0-29.5 MHz,5,3,5.260000,14.990000,20.250000,12399999.999973,2.847070441402e-06,2.140565985321e-06,1.051646721628e-06
29.0-29.5 MHz,5,3,5.260000,14.990000,20.250000,12424999.999973,3.787472832086e-06,3.448708679822e-06,1.695870183910e-06
29.0-29.5 MHz,5,3,5.260000,14.990000,20.250000,12449999.999973,4.696192592785e-06,4.694161457859e-06,2.328697083127e-06
29.0-29.5 MHz,5,3,5.260000,14.990000,20.250000,12474999.999973,4.257286345977e-06,3.793491447855e-06,1.892181906775e-06
29.0-29.5 MHz,5,3,5.260000,14.990000,20.250000,12499999.999973,2.082169029534e-06,1.209940422737e-06,5.714825184908e-07
29.0-29.5 MHz,5,3,5.260000,14.990000,20.250000,12524999.999973,1.292256607662e-06,8.956952622650e-07,4.241337351591e-07
29.0-29.5 MHz,5,3,5.260000,14.990000,20.250000,12549999.999972,5.535293357094e-07,1.599171027873e-06,8.155635113976e-07
29.0-29.5 MHz,5,3,5.260000,14.990000,20.250000,12574999.999972,4.252859417440e-07,1.982633084034e-06,9.655935700232e-07
29.0-29.5 MHz,5,3,5.260000,14.990000,20.250000,12599999.999972,8.768150302412e-07,5.428518161319e-07,2.542680593815e-07
29.0-29.5 MHz,5,3,5.260000,14.990000,20.250000,12624999.999972,2.137424352028e-06,1.072182432424e-06,5.315060844197e-07
29.0-29.5 MHz,5,3,5.260000,14.990000,20.250000,12649999.999972,1.790360234384e-06,1.561529968755e-06,7.479222195833e-07
29.0-29.5 MHz,5,3,5.260000,14.990000,20.250000,12674999.999972,1.598547922536e-06,1.779752452371e-06,8.241512088672e-07
29.0-29.5 MHz,5,3,5.260000,14.990000,20.250000,12699999.999972,2.440083820760e-06,1.777349885869e-06,8.801068449051e-07
29.0-29.5 MHz,5,3,5.260000,14.990000,20.250000,12724999.999972,2.726217352022e-06,2.791823734344e-06,1.396134467849e-06
29.0-29.5 MHz,5,3,5.260000,14.990000,20.250000,12749999.999972,2.042899819779e-06,1.531823360845e-06,7.528915550897e-07
29.0-29.5 MHz,5,3,5.260000,14.990000,20.250000,12774999.999972,7.042026086223e-07,4.058289642793e-07,1.967848023896e-07
29.0-29.5 MHz,5,3,5.260000,14.990000,20.250000,12799999.999972,5.727633521816e-07,3.927993292028e-07,1.762215022204e-07
29.0-29.5 MHz,5,3,5.260000,14.990000,20.250000,12824999.999972,2.056343799677e-06,1.861326790066e-06,8.944174374089e-07
29.0-29.5 MHz,5,3,5.260000,14.990000,20.250000,12849999.999972,1.763422080251e-06,1.046297023327e-06,5.086180591774e-07
29.0-29.5 MHz,5,3,5.260000,14.990000,20.250000,12874999.999972,6.303717408684e-06,2.277497189150e-06,1.066826398498e-06
29.0-29.5 MHz,5,3,5.260000,14.990000,20.250000,12899999.999972,4.900428870710e-06,1.717883778060e-06,8.746139941863e-07
29.0-29.5 MHz,5,3,5.260000,14.990000,20.250000,12924999.999972,6.518396826744e-06,7.908691097058e-06,3.968763490938e-06
29.0-29.5 MHz,5,3,5.260000,14.990000,20.250000,12949999.999972,6.809128663360e-06,7.203883134410e-06,3.555186366995e-06
29.0-29.5 MHz,5,3,5.260000,14.990000,20.250000,12974999.999972,4.289214703700e-06,2.690773994294e-06,1.302059031408e-06
29.0-29.5 MHz,5,3,5.260000,14.990000,20.250000,12999999.999971,2.192185332995e-06,1.073669335403e-06,5.358320268290e-07
29.0-29.5 MHz,5,3,5.260000,14.990000,20.250000,13024999.999971,1.896227147587e-06,1.919830344367e-06,9.651976377132e-07
29.0-29.5 MHz,5,3,5.260000,14.990000,20.250000,13049999.999971,1.353688452170e-06,1.478423619203e-06,7.262305153734e-07
29.0-29.5 MHz,5,3,5.260000,14.990000,20.250000,13074999.999971,1.355692451140e-06,1.597298722077e-06,7.737464101986e-07
29.0-29.5 MHz,5,3,5.260000,14.990000,20.250000,13099999.999971,4.716882340263e-06,2.737223670000e-06,1.360783218588e-06
29.0-29.5 MHz,5,3,5.260000,14.990000,20.250000,13124999.999971,5.508346068940e-06,1.265995150980e-06,6.507047617936e-07
29.0-29.5 MHz,5,3,5.260000,14.990000,20.250000,13149999.999971,7.437832161460e-07,1.546429430969e-06,7.526813960844e-07
29.0-29.5 MHz,5,3,5.260000,14.990000,20.250000,13174999.999971,3.143542756445e-06,2.281345060145e-06,1.127472962755e-06
29.0-29.5 MHz,5,3,5.260000,14.990000,20.250000,13199999.999971,2.489755172872e-06,1.284069595039e-06,6.423931337664e-07
29.0-29.5 MHz,5,3,5.260000,14.990000,20.250000,13224999.999971,1.888793577505e-06,1.068756835865e-06,5.224090511001e-07
29.0-29.5 MHz,5,3,5.260000,14.990000,20.250000,13249999.999971,3.015732021633e-06,2.099992181848e-06,1.033103119118e-06
29.0-29.5 MHz,5,3,5.260000,14.990000,20.250000,13274999.999971,1.636477032713e-06,1.650153430534e-06,8.270845296859e-07
29.0-29.5 MHz,5,3,5.260000,14.990000,20.250000,13299999.999971,1.361053474460e-06,4.627261697275e-07,2.355712750171e-07
29.0-29.5 MHz,5,3,5.260000,14.990000,20.250000,13324999.999971,1.296746971161e-06,9.921219197624e-07,4.571134775820e-07
29.0-29.5 MHz,5,3,5.260000,14.990000,20.250000,13349999.999971,2.037130786387e-06,1.297071010548e-06,6.011383423670e-07
29.0-29.5 MHz,5,3,5.260000,14.990000,20.250000,13374999.999971,3.681890722222e-06,1.615512196624e-06,8.304833875956e-07
29.0-29.5 MHz,5,3,5.260000,14.990000,20.250000,13399999.999971,1.298158488041e-05,3.448207450597e-06,1.729219637881e-06
29.0-29.5 MHz,5,3,5.260000,14.990000,20.250000,13424999.999971,1.210336177851e-05,4.620920038330e-06,2.341365245679e-06
29.0-29.5 MHz,5,3,5.260000,14.990000,20.250000,13449999.999971,4.018120292307e-06,2.776660078327e-06,1.360615873543e-06
29.0-29.5 MHz,5,3,5.260000,14.990000,20.250000,13474999.999970,4.217866835167e-06,3.566069679546e-06,1.762347902477e-06
29.0-29.5 MHz,5,3,5.260000,14.990000,20.250000,13499999.999970,2.204258421735e-06,2.062482852008e-06,1.035202332099e-06
29.0-29.5 MHz,5,3,5.260000,14.990000,20.250000,13524999.999970,1.627991868146e-06,1.563968395041e-06,7.723741192795e-07
29.0-29.5 MHz,5,3,5.260000,14.990000,20.250000,13549999.999970,2.944378393674e-07,8.353108086910e-07,4.028395963079e-07
29.0-29.5 MHz,5,3,5.260000,14.990000,20.250000,13574999.999970,1.160240342959e-06,9.335015021424e-07,4.833738448225e-07
29.0-29.5 MHz,5,3,5.260000,14.990000,20.250000,13599999.999970,3.291860522806e-06,1.717410369984e-06,8.475039799179e-07
29.0-29.5 MHz,5,3,5.260000,14.990000,20.250000,13624999.999970,5.130690892793e-06,2.050772503066e-06,9.776303848457e-07
29.0-29.5 MHz,5,3,5.260000,14.990000,20.250000,13649999.999970,1.050207340793e-05,3.985748510865e-06,1.921563313840e-06
29.0-29.5 MHz,5,3,5.260000,14.990000,20.250000,13674999.999970,1.398387320092e-05,5.364275159843e-06,2.579817925214e-06
29.0-29.5 MHz,5,3,5.260000,14.990000,20.250000,13699999.999970,3.614610896416e-06,1.148573642192e-06,6.238477267297e-07
29.0-29.5 MHz,5,3,5.260000,14.990000,20.250000,13724999.999970,1.019398656220e-05,7.378451703823e-06,3.642539379759e-06
29.0-29.5 MHz,5,3,5.260000,14.990000,20.250000,13749999.999970,5.063046610259e-06,4.305842016338e-06,2.122027063360e-06
29.0-29.5 MHz,5,3,5.260000,14.990000,20.250000,13774999.999970,1.721617057179e-06,3.533192004255e-07,1.600023905307e-07
29.0-29.5 MHz,5,3,5.260000,14.990000,20.250000,13799999.999970,1.522160325997e-06,8.584525245445e-07,4.032264714433e-07
29.0-29.5 MHz,5,3,5.260000,14.990000,20.250000,13824999.999970,1.132294204071e-06,1.049180282023e-06,5.276526141868e-07
29.0-29.5 MHz,5,3,5.260000,14.990000,20.250000,13849999.999970,4.701028276076e-07,1.069952912882e-06,4.790831532312e-07
29.0-29.5 MHz,5,3,5.260000,14.990000,20.250000,13874999.999970,1.540905221901e-06,3.642621449718e-06,1.798495427804e-06
29.0-29.5 MHz,5,3,5.260000,14.990000,20.250000,13899999.999970,5.912384703128e-06,1.190407069551e-06,6.757856069661e-07
29.0-29.5 MHz,5,3,5.260000,14.990000,20.250000,13924999.999969,1.494164319225e-05,5.027072964325e-06,2.576529970126e-06
29.0-29.5 MHz,5,3,5.260000,14.990000,20.250000,13949999.999969,1.203495587109e-05,4.264304398176e-06,2.163551692830e-06
29.0-29.5 MHz,5,3,5.260000,14.990000,20.250000,13974999.999969,7.649792062499e-06,3.379544158410e-06,1.682654133652e-06
29.0-29.5 MHz,5,3,5.260000,14.990000,20.250000,13999999.999969,6.591212319168e-06,2.928861669453e-06,1.460096127652e-06
29.0-29.5 MHz,5,3,5.260000,14.990000,20.250000,14024999.999969,3.300132358939e-06,2.245302476495e-06,1.129852020596e-06
29.0-29.5 MHz,5,3,5.260000,14.990000,20.250000,14049999.999969,1.791590607879e-06,3.729321672352e-06,1.850973343696e-06
29.0-29.5 MHz,5,3,5.260000,14.990000,20.250000,14074999.999969,2.785492836266e-06,1.981606615921e-06,9.760090244758e-07
29.0-29.5 MHz,5,3,5.260000,14.990000,20.250000,14099999.999969,2.939172905024e-06,1.238678194644e-06,6.161267883465e-07
29.0-29.5 MHz,5,3,5.260000,14.990000,20.250000,14124999.999969,3.153968398282e-06,1.519472246506e-06,7.392926498372e-07
29.0-29.5 MHz,5,3,5.260000,14.990000,20.250000,14149999.999969,6.537639333913e-06,2.705400128581e-06,1.331928692562e-06
29.0-29.5 MHz,5,3,5.260000,14.990000,20.250000,14174999.999969,8.966282379518e-06,3.314197892290e-06,1.634258061926e-06
29.0-29.5 MHz,5,3,5.260000,14.990000,20.250000,14199999.999969,8.913691192792e-06,3.640332728284e-06,1.791765218457e-06
29.0-29.5 MHz,5,3,5.260000,14.990000,20.250000,14224999.999969,4.169110854328e-06,2.122044957208e-06,1.024531533720e-06
29.0-29.5 MHz,5,3,5.260000,14.990000,20.250000,14249999.999969,3.077502240337e-06,1.997028049717e-06,9.739742310052e-07
29.0-29.5 MHz,5,3,5.260000,14.990000,20.250000,14274999.999969,5.056762732621e-06,2.354285454927e-06,1.158383791277e-06
29.0-29.5 MHz,5,3,5.260000,14.990000,20.250000,14299999.999969,1.043170875944e-06,6.046619926267e-07,2.889360623869e-07
29.0-29.5 MHz,5,3,5.260000,14.990000,20.250000,14324999.999969,1.119415914701e-06,8.762884376995e-07,4.045134329995e-07
29.0-29.5 MHz,5,3,5.260000,14.990000,20.250000,14349999.999969,6.085435881392e-07,1.337058558152e-06,6.625002264126e-07
29.0-29.5 MHz,5,3,5.260000,14.990000,20.250000,14374999.999968,3.488757568416e-06,2.451394285333e-06,1.200828879165e-06
29.0-29.5 MHz,5,3,5.260000,14.990000,20.250000,14399999.999968,2.334704187475e-06,1.871889522556e-06,9.049737286537e-07
29.0-29.5 MHz,5,3,5.260000,14.990000,20.250000,14424999.999968,1.517847666756e-05,4.445427156593e-06,2.241055230546e-06
29.0-29.5 MHz,5,3,5.260000,14.990000,20.250000,14449999.999968,2.991032427063e-05,1.059442201649e-05,5.299635757583e-06
29.0-29.5 MHz,5,3,5.260000,14.990000,20.250000,14474999.999968,1.539817502913e-05,5.870314936986e-06,2.944974600663e-06
29.0-29.5 MHz,5,3,5.260000,14.990000,20.250000,14499999.999968,1.080055929021e-05,6.463266903519e-06,3.174086949466e-06
29.0-29.5 MHz,5,3,5.260000,14.990000,20.250000,14524999.999968,2.209345663183e-05,8.548080177173e-06,4.179270630674e-06
29.0-29.5 MHz,5,3,5.260000,14.990000,20.250000,14549999.999968,1.025349318491e-05,4.275829592578e-06,2.095460968460e-06
29.0-29.5 MHz,5,3,5.260000,14.990000,20.250000,14574999.999968,1.486818365743e-06,1.061644500933e-06,5.247813526598e-07
29.0-29.5 MHz,5,3,5.260000,14.990000,20.250000,14599999.999968,8.028012006028e-06,3.311135087838e-06,1.675211930474e-06
29.0-29.5 MHz,5,3,5.260000,14.990000,20.250000,14624999.999968,5.391129185403e-07,2.713436012953e-07,1.240461470113e-07
29.0-29.5 MHz,5,3,5.260000,14.990000,20.250000,14649999.999968,2.985491339293e-06,3.704607038249e-06,1.809498004168e-06
29.0-29.5 MHz,5,3,5.260000,14.990000,20.250000,14674999.999968,1.574140148990e-05,7.651752999769e-06,3.791360325015e-06
29.0-29.5 MHz,5,3,5.260000,14.990000,20.250000,14699999.999968,6.614698746826e-06,1.868030659063e-06,9.286555491313e-07
29.0-29.5 MHz,5,3,5.260000,14.990000,20.250000,14724999.999968,1.660218245551e-05,5.786995892803e-06,2.851006899061e-06
29.0-29.5 MHz,5,3,5.260000,14.990000,20.250000,14749999.999968,7.204237401167e-06,2.954100332358e-06,1.530404736419e-06
29.0-29.5 MHz,5,3,5.260000,14.990000,20.250000,14774999.999968,1.230676158378e-05,4.129599823248e-06,2.056610443268e-06
29.0-29.5 MHz,5,3,5.260000,14.990000,20.250000,14799999.999968,3.044680567040e-05,1.209060536615e-05,6.045573167334e-06
29.0-29.5 MHz,5,3,5.260000,14.990000,20.250000,14824999.999967,3.222834779548e-05,1.182516185483e-05,5.947388537612e-06
29.0-29.5 MHz,5,3,5.260000,14.990000,20.250000,14849999.999967,5.982328258445e-05,2.224063568617e-05,1.111985046485e-05
29.0-29.5 MHz,5,3,5.260000,14.990000,20.250000,14874999.999967,1.013506793232e-04,3.695711819491e-05,1.854126655629e-05
29.0-29.5 MHz,5,3,5.260000,14.990000,20.250000,14899999.999967,2.331797912690e-04,8.701415947508e-05,4.358684908939e-05
29.0-29.5 MHz,5,3,5.260000,14.990000,20.250000,14924999.999967,6.519853930612e-04,2.409123552942e-04,1.207639080564e-04
29.0-29.5 MHz,5,3,5.260000,14.990000,20.250000,14949999.999967,3.931825547204e-03,1.451891075455e-03,7.276419586117e-04
29.0-29.5 MHz,5,3,5.260000,14.990000,20.250000,14974999.999967,2.556036257871e-02,9.445158591420e-03,4.733668903568e-03
29.0-29.5 MHz,5,3,5.260000,14.990000,20.250000,14999999.999967,2.920320059424e-02,1.079213655549e-02,5.408732789639e-03
29.0-29.5 MHz,5,3,5.260000,14.990000,20.250000,15024999.999967,7.294082571823e-03,2.695908924917e-03,1.351120912840e-03
29.0-29.5 MHz,5,3,5.260000,14.990000,20.250000,15049999.999967,8.581994918450e-04,3.171598428749e-04,1.589554980809e-04
29.0-29.5 MHz,5,3,5.260000,14.990000,20.250000,15074999.999967,2.741198213397e-04,1.006775658643e-04,5.044095706270e-05
29.0-29.5 MHz,5,3,5.260000,14.990000,20.250000,15099999.999967,1.168917083158e-04,4.310237693192e-05,2.161812183528e-05
29.0-29.5 MHz,5,3,5.260000,14.990000,20.250000,15124999.999967,6.959016258880e-05,2.716798916253e-05,1.358712279074e-05
29.0-29.5 MHz,5,3,5.260000,14.990000,20.250000,15149999.999967,3.507474117308e-05,1.182280552869e-05,5.943942627729e-06
29.0-29.5 MHz,5,3,5.260000,14.990000,20.250000,15174999.999967,3.202182667352e-05,1.218296697330e-05,6.107222603284e-06
29.0-29.5 MHz,5,3,5.260000,14.990000,20.250000,15199999.999967,1.263500345939e-05,4.620641277677e-06,2.306592881307e-06
29.0-29.5 MHz,5,3,5.260000,14.990000,20.250000,15224999.999967,7.963304337845e-06,2.615288300163e-06,1.370593061715e-06
29.0-29.5 MHz,5,3,5.260000,14.990000,20.250000,15249999.999967,2.058027756464e-05,8.063230540187e-06,3.963454298336e-06
29.0-29.5 MHz,5,3,5.260000,14.990000,20.250000,15274999.999967,1.124946361275e-05,6.129635396180e-06,3.041515096413e-06
29.0-29.5 MHz,5,3,5.260000,14.990000,20.250000,15299999.999966,2.361023882453e-05,1.433207979568e-05,7.117983479253e-06
29.0-29.5 MHz,5,3,5.260000,14.990000,20.250000,15324999.999966,8.981799644905e-06,9.031137292412e-06,4.467273324014e-06
29.0-29.5 MHz,5,3,5.260000,14.990000,20.250000,15349999.999966,2.019741441088e-06,1.927013529489e-06,9.449262575183e-07
29.0-29.5 MHz,5,3,5.260000,14.990000,20.250000,15374999.999966,9.204883249946e-06,3.535538104377e-06,1.781429686407e-06
29.0-29.5 MHz,5,3,5.260000,14.990000,20.250000,15399999.999966,2.314317672019e-06,1.977740083750e-06,1.003914651665e-06
29.0-29.5 MHz,5,3,5.260000,14.990000,20.250000,15424999.999966,1.468020268817e-05,8.838257961455e-06,4.385220880922e-06
29.0-29.5 MHz,5,3,5.260000,14.990000,20.250000,15449999.999966,4.412236141982e-05,2.869293292055e-05,1.430787851683e-05
29.0-29.5 MHz,5,3,5.260000,14.990000,20.250000,15474999.999966,3.015112882111e-05,2.019411023831e-05,1.008393413485e-05
29.0-29.5 MHz,5,3,5.260000,14.990000,20.250000,15499999.999966,1.567992834302e-05,7.036457904690e-06,3.493175062686e-06
29.0-29.5 MHz,5,3,5.260000,14.990000,20.250000,15524999.999966,4.506408048330e-05,2.003639733652e-05,9.966961718384e-06
29.0-29.5 MHz,5,3,5.260000,14.990000,20.250000,15549999.999966,3.410959078639e-05,1.581045164003e-05,7.919155205015e-06
29.0-29.5 MHz,5,3,5.260000,14.990000,20.250000,15574999.999966,7.323465868036e-06,3.705336277832e-06,1.891554481916e-06
29.0-29.5 MHz,5,3,5.260000,14.990000,20.250000,15599999.999966,5.071548247619e-06,2.820256565512e-06,1.387685332708e-06
29.0-29.5 MHz,5,3,5.260000,14.990000,20.250000,15624999.999966,2.476731773617e-06,3.453650811875e-06,1.718955732796e-06
29.0-29.5 MHz,5,3,5.260000,14.990000,20.250000,15649999.999966,1.068906613589e-06,1.056393848182e-06,5.002964508731e-07
29.0-29.5 MHz,5,3,5.260000,14.990000,20.250000,15674999.999966,4.271489751130e-06,2.755318445884e-06,1.392675256054e-06
29.0-29.5 MHz,5,3,5.260000,14.990000,20.250000,15699999.999966,1.029453190420e-05,5.669124211404e-06,2.821225864787e-06
29.0-29.5 MHz,5,3,5.260000,14.990000,20.250000,15724999.999966,4.238401810046e-06,4.016766807413e-06,2.006208399497e-06
29.0-29.5 MHz,5,3,5.260000,14.990000,20.250000,15749999.999965,9.427814874186e-05,4.199801809169e-05,2.104311916339e-05
29.0-29.5 MHz,5,3,5.260000,14.990000,20.250000,15774999.999965,2.615471269486e-04,1.157013201765e-04,5.788275647933e-05
29.0-29.5 MHz,5,3,5.260000,14.990000,20.250000,15799999.999965,1.874968514438e-04,8.322540415417e-05,4.158901183200e-05
29.0-29.5 MHz,5,3,5.260000,14.990000,20.250000,15824999.999965,2.307503979439e-05,9.630900152704e-06,4.796273624343e-06
29.0-29.5 MHz,5,3,5.260000,14.990000,20.250000,15849999.999965,7.765485651780e-06,3.744889279497e-06,1.844593809421e-06
29.0-29.5 MHz,5,3,5.260000,14.990000,20.250000,15874999.999965,5.673578850557e-06,1.696587054138e-06,8.346206411258e-07
29.0-29.5 MHz,5,3,5.260000,14.990000,20.250000,15899999.999965,1.062189818752e-05,6.199229317693e-06,3.092915289578e-06
29.0-29.5 MHz,5,3,5.260000,14.990000,20.250000,15924999.999965,1.155479882139e-05,9.075577296775e-06,4.526478534663e-06
29.0-29.5 MHz,5,3,5.260000,14.990000,20.250000,15949999.999965,5.266939861844e-06,2.105132838220e-06,1.060938046241e-06
29.0-29.5 MHz,5,3,5.260000,14.990000,20.250000,15974999.999965,1.289421280338e-05,6.721418466135e-06,3.364036090380e-06
29.0-29.5 MHz,5,3,5.260000,14.990000,20.250000,15999999.999965,1.532290343630e-05,7.852815625816e-06,3.925168205156e-06
29.0-29.5 MHz,5,3,5.260000,14.990000,20.250000,16024999.999965,2.594232052204e-05,1.246574378205e-05,6.264617225892e-06
29.0-29.5 MHz,5,3,5.260000,14.990000,20.250000,16049999.999965,3.732259859319e-05,1.649399979351e-05,8.322088729343e-06
29.0-29.5 MHz,5,3,5.260000,14.990000,20.250000,16074999.999965,2.463470632970e-05,1.361206507123e-05,6.783580183653e-06
29.0-29.5 MHz,5,3,5.260000,14.990000,20.250000,16099999.999965,9.855838425426e-06,1.243016681141e-05,6.130186011610e-06
29.0-29.5 MHz,5,3,5.260000,14.990000,20.250000,16124999.999965,2.708092673050e-06,4.452422512302e-06,2.163796104041e-06
29.0-29.5 MHz,5,3,5.260000,14.990000,20.250000,16149999.999965,4.512531327614e-06,3.151808462306e-06,1.582886858516e-06
29.0-29.5 MHz,5,3,5.260000,14.990000,20.250000,16174999.999965,3.938208160472e-06,2.353081397993e-06,1.160348495454e-06
29.0-29.5 MHz,5,3,5.260000,14.990000,20.250000,16199999.999964,7.086906395824e-06,4.316254491945e-06,2.144173228174e-06
29.0-29.5 MHz,5,3,5.260000,14.990000,20.250000,16224999.999964,6.089521597027e-06,6.410141993590e-06,3.178627737661e-06
29.0-29.5 MHz,5,3,5.260000,14.990000,20.250000,16249999.999964,1.374667485443e-05,1.136783496271e-05,5.627489468524e-06
29.0-29.5 MHz,5,3,5.260000,14.990000,20.250000,16274999.999964,1.183589018055e-05,8.272988453584e-06,4.139294285821e-06
29.0-29.5 MHz,5,3,5.260000,14.990000,20.250000,16299999.999964,3.712655155078e-05,1.768960502170e-05,8.769233703712e-06
29.0-29.5 MHz,5,3,5.260000,14.990000,20.250000,16324999.999964,3.336636523302e-05,1.582350312001e-05,7.807497991739e-06
29.0-29.5 MHz,5,3,5.260000,14.990000,20.250000,16349999.999964,1.498015579237e-05,7.231257063522e-06,3.562112009875e-06
29.0-29.5 MHz,5,3,5.260000,14.990000,20.250000,16374999.999964,1.153482754374e-05,7.303875118866e-06,3.619965202866e-06
29.0-29.5 MHz,5,3,5.260000,14.990000,20.250000,16399999.999964,4.704595881711e-06,3.286631807428e-06,1.646047674479e-06
29.0-29.5 MHz,5,3,5.260000,14.990000,20.250000,16424999.999964,2.256070654398e-06,2.073966833355e-06,1.024112016825e-06
29.0-29.5 MHz,5,3,5.260000,14.990000,20.250000,16449999.999964,1.257247904777e-06,1.427054108962e-06,7.006602886975e-07
29.0-29.5 MHz,5,3,5.260000,14.990000,20.250000,16474999.999964,2.919825675444e-06,1.296938741933e-06,6.383946726446e-07
29.0-29.5 MHz,5,3,5.260000,14.990000,20.250000,16499999.999964,5.626665689819e-06,3.693170062117e-06,1.821027769948e-06
29.0-29.5 MHz,5,3,5.260000,14.990000,20.250000,16524999.999964,4.760030371766e-06,2.865633132777e-06,1.390278942517e-06
29.0-29.5 MHz,5,3,5.260000,14.990000,20.250000,16549999.999964,2.720229281999e-05,1.454409838876e-05,7.238380229047e-06
29.0-29.5 MHz,5,3,5.260000,14.990000,20.250000,16574999.999964,4.455156100083e-05,2.490946788728e-05,1.240430843787e-05
29.0-29.5 MHz,5,3,5.260000,14.990000,20.250000,16599999.999964,1.917386732053e-05,1.215319807078e-05,6.082471166844e-06
29.0-29.5 MHz,5,3,5.260000,14.990000,20.250000,16624999.999964,8.018177412423e-06,4.765467334179e-06,2.386864593238e-06
29.0-29.5 MHz,5,3,5.260000,14.990000,20.250000,16649999.999963,6.660432074379e-06,4.767958024302e-06,2.358727527939e-06
29.0-29.5 MHz,5,3,5.260000,14.990000,20.250000,16674999.999963,4.591201810545e-06,2.875990689264e-06,1.426335311289e-06
29.0-29.5 MHz,5,3,5.260000,14.990000,20.250000,16699999.999963,1.327194242882e-06,1.511375016748e-06,7.491133501522e-07
29.0-29.5 MHz,5,3,5.260000,14.990000,20.250000,16724999.999963,4.624419396336e-06,3.456095368910e-06,1.709405562957e-06
29.0-29.5 MHz,5,3,5.260000,14.990000,20.250000,16749999.999963,4.049739129590e-06,1.463600940817e-06,7.090671605152e-07
29.0-29.5 MHz,5,3,5.260000,14.990000,20.250000,16774999.999963,6.121619375350e-06,3.109026365658e-06,1.555620639343e-06
29.0-29.5 MHz,5,3,5.260000,14.990000,20.250000,16799999.999963,8.508613999027e-06,3.998279241701e-06,1.976609281709e-06
29.0-29.5 MHz,5,3,5.260000,14.990000,20.250000,16824999.999963,3.022433116994e-06,2.537232131003e-06,1.256553748064e-06
29.0-29.5 MHz,5,3,5.260000,14.990000,20.250000,16849999.999963,1.377009431146e-05,7.369871528445e-06,3.707443093489e-06
29.0-29.5 MHz,5,3,5.260000,14.990000,20.250000,16874999.999963,1.180212708180e-05,6.843694540707e-06,3.412811385023e-06
29.0-29.5 MHz,5,3,5.260000,14.990000,20.250000,16899999.999963,6.865137534072e-06,6.344701757751e-06,3.160080582703e-06
29.0-29.5 MHz,5,3,5.260000,14.990000,20.250000,16924999.999963,4.196360728263e-06,3.851374249163e-06,1.924690659606e-06
29.0-29.5 MHz,5,3,5.260000,14.990000,20.250000,16949999.999963,4.574477295710e-06,4.538820802858e-06,2.282084864431e-06
29.0-29.5 MHz,5,3,5.260000,14.990000,20.250000,16974999.999963,5.142275508614e-06,3.588305863900e-06,1.797195696475e-06
29.0-29.5 MHz,5,3,5.260000,14.990000,20.250000,16999999.999963,8.984976810105e-06,6.416927292933e-06,3.190245039066e-06
29.0-29.5 MHz,5,3,5.260000,14.990000,20.250000,17024999.999963,1.924871933090e-05,1.903853163543e-05,9.447062619690e-06
29.0-29.5 MHz,5,3,5.260000,14.990000,20.250000,17049999.999963,1.946189266860e-05,2.162090246061e-05,1.073205998252e-05
29.0-29.5 MHz,5,3,5.260000,14.990000,20.250000,17074999.999963,2.422598745901e-05,1.715519545573e-05,8.505868046611e-06
29.0-29.5 MHz,5,3,5.260000,14.990000,20.250000,17099999.999963,2.790616166947e-05,1.502301297242e-05,7.438436601204e-06
29.0-29.5 MHz,5,3,5.260000,14.990000,20.250000,17124999.999962,1.178906559129e-05,7.149781814627e-06,3.584562541286e-06
29.0-29.5 MHz,5,3,5.260000,14.990000,20.250000,17149999.999962,6.792074225758e-06,6.437367396134e-06,3.190271441455e-06
29.0-29.5 MHz,5,3,5.260000,14.990000,20.250000,17174999.999962,4.774205643980e-07,9.243624786703e-07,4.398142644623e-07
29.0-29.5 MHz,5,3,5.260000,14.990000,20.250000,17199999.999962,1.495894183953e-06,1.512882655203e-06,7.480580494164e-07
29.0-29.5 MHz,5,3,5.260000,14.990000,20.250000,17224999.999962,6.029245850358e-06,5.252935444258e-06,2.610816862367e-06
29.0-29.5 MHz,5,3,5.260000,14.990000,20.250000,17249999.999962,8.233229394636e-06,7.451293525240e-06,3.706485154262e-06
29.0-29.5 MHz,5,3,5.260000,14.990000,20.250000,17274999.999962,6.239147595692e-06,4.952448810592e-06,2.475882019289e-06
29.0-29.5 MHz,5,3,5.260000,14.990000,20.250000,17299999.999962,3.136191575186e-06,3.891914963953e-06,1.896201846593e-06
29.0-29.5 MHz,5,3,5.260000,14.990000,20.250000,17324999.999962,5.225838644229e-06,3.293454103993e-06,1.595053068318e-06
29.0-29.5 MHz,5,3,5.260000,14.990000,20.250000,17349999.999962,8.023373854401e-06,4.578307747941e-06,2.257624683856e-06
29.0-29.5 MHz,5,3,5.260000,14.990000,20.250000,17374999.999962,4.111201575280e-06,1.685822556334e-06,8.995304835541e-07
29.0-29.5 MHz,5,3,5.260000,14.990000,20.250000,17399999.999962,2.313500985402e-06,2.673431653873e-07,1.562775385203e-07
29.0-29.5 MHz,5,3,5.260000,14.990000,20.250000,17424999.999962,9.961199017185e-07,1.322984763319e-06,6.667778753282e-07
29.0-29.5 MHz,5,3,5.260000,14.990000,20.250000,17449999.999962,1.963298112010e-06,1.648035838309e-06,8.149041005201e-07
29.0-29.5 MHz,5,3,5.260000,14.990000,20.250000,17474999.999962,4.772881160400e-06,3.681810438331e-06,1.807752618398e-06
29.0-29.5 MHz,5,3,5.260000,14.990000,20.250000,17499999.999962,1.175221561515e-05,1.141010398742e-05,5.686735608611e-06
29.0-29.5 MHz,5,3,5.260000,14.990000,20.250000,17524999.999962,1.197944696204e-05,1.246060487115e-05,6.211930231548e-06
29.0-29.5 MHz,5,3,5.260000,14.990000,20.250000,17549999.999962,7.091554823888e-06,7.515076081732e-06,3.728657316563e-06
29.0-29.5 MHz,5,3,5.260000,14.990000,20.250000,17574999.999961,7.255203574604e-06,6.374583702214e-06,3.161492719174e-06
29.0-29.5 MHz,5,3,5.260000,14.990000,20.250000,17599999.999961,5.285523118566e-06,4.158463247643e-06,2.086024055317e-06
29.0-29.5 MHz,5,3,5.260000,14.990000,20.250000,17624999.999961,2.695651561766e-06,2.313521225103e-06,1.110510928815e-06
29.0-29.5 MHz,5,3,5.260000,14.990000,20.250000,17649999.999961,2.099848486834e-06,1.226513894433e-06,6.159284653368e-07
29.0-29.5 MHz,5,3,5.260000,14.990000,20.250000,17674999.999961,7.542434452884e-06,7.448678591509e-06,3.654402501928e-06
29.0-29.5 MHz,5,3,5.260000,14.990000,20.250000,17699999.999961,1.255447693609e-05,1.201839933483e-05,5.958979737684e-06
29.0-29.5 MHz,5,3,5.260000,14.990000,20.250000,17724999.999961,1.514843264375e-05,1.490856939560e-05,7.429077077347e-06
29.0-29.5 MHz,5,3,5.260000,14.990000,20.250000,17749999.999961,8.445329511349e-06,8.482838497835e-06,4.220448606041e-06
29.0-29.5 MHz,5,3,5.260000,14.990000,20.250000,17774999.999961,2.576248249004e-06,2.367387263133e-06,1.154084269122e-06
29.0-29.5 MHz,5,3,5.260000,14.990000,20.250000,17799999.999961,2.456640442437e-06,2.526346074825e-06,1.242131182910e-06
29.0-29.5 MHz,5,3,5.260000,14.990000,20.250000,17824999.999961,2.406171650827e-06,2.314842211971e-06,1.126011298115e-06
29.0-29.5 MHz,5,3,5.260000,14.990000,20.250000,17849999.999961,5.417979243508e-06,4.031687889968e-06,2.045497126531e-06
29.0-29.5 MHz,5,3,5.260000,14.990000,20.250000,17874999.999961,1.245925279021e-05,8.397190350932e-06,4.078691302943e-06
29.0-29.5 MHz,5,3,5.260000,14.990000,20.250000,17899999.999961,1.419939556931e-05,8.732999909751e-06,4.321249492920e-06
29.0-29.5 MHz,5,3,5.260000,14.990000,20.250000,17924999.999961,4.244019183894e-06,3.006829281200e-06,1.479701882550e-06
29.0-29.5 MHz,5,3,5.260000,14.990000,20.250000,17949999.999961,5.959540456637e-06,4.599295840040e-06,2.251960665180e-06
29.0-29.5 MHz,5,3,5.260000,14.990000,20.250000,17974999.999961,5.623003548628e-06,6.261586496302e-06,3.115346849255e-06
29.0-29.5 MHz,5,3,5.260000,14.990000,20.250000,17999999.999961,6.107247978113e-06,7.016352923102e-06,3.484890059080e-06
29.0-29.5 MHz,5,3,5.260000,14.990000,20.250000,18024999.999960,4.092428477667e-06,4.125677838864e-06,2.054104302563e-06
29.0-29.5 MHz,5,3,5.260000,14.990000,20.250000,18049999.999960,4.407075664011e-06,4.387444641970e-06,2.197810336859e-06
29.0-29.5 MHz,5,3,5.260000,14.990000,20.250000,18074999.999960,3.327818417831e-06,2.518167396515e-06,1.266877362863e-06
29.0-29.5 MHz,5,3,5.260000,14.990000,20.250000,18099999.999960,7.005523400214e-06,5.278937741164e-06,2.614761074424e-06
29.0-29.5 MHz,5,3,5.260000,14.990000,20.250000,18124999.999960,2.008482743631e-06,9.243328507861e-07,4.406971889503e-07
29.0-29.5 MHz,5,3,5.260000,14.990000,20.250000,18149999.999960,6.523523039824e-06,4.196522401347e-06,2.135661763754e-06
29.0-29.5 MHz,5,3,5.260000,14.990000,20.250000,18174999.999960,2.130632939441e-05,2.127409639106e-05,1.059938020088e-05
29.0-29.5 MHz,5,3,5.260000,14.990000,20.250000,18199999.999960,3.603925598939e-05,3.725395244188e-05,1.849566314577e-05
29.0-29.5 MHz,5,3,5.260000,14.990000,20.250000,18224999.999960,1.991802363697e-05,1.990658691986e-05,9.871552855410e-06
29.0-29.5 MHz,5,3,5.260000,14.990000,20.250000,18249999.999960,1.515193401246e-06,1.271658738067e-06,6.231646266218e-07
29.0-29.5 MHz,5,3,5.260000,14.990000,20.250000,18274999.999960,4.628758686593e-06,4.810462333187e-06,2.397769393456e-06
29.0-29.5 MHz,5,3,5.260000,14.990000,20.250000,18299999.999960,3.185276713074e-06,3.422495937868e-06,1.697879982854e-06
29.0-29.5 MHz,5,3,5.260000,14.990000,20.250000,18324999.999960,2.990902537189e-06,3.718643460173e-06,1.826309407356e-06
29.0-29.5 MHz,5,3,5.260000,14.990000,20.250000,18349999.999960,7.176549606277e-06,6.611078712726e-06,3.274716535883e-06
29.0-29.5 MHz,5,3,5.260000,14.990000,20.250000,18374999.999960,7.193921860349e-06,4.734011148490e-06,2.398534285727e-06
29.0-29.5 MHz,5,3,5.260000,14.990000,20.250000,18399999.999960,3.147943605451e-06,3.915340687109e-06,1.953227138003e-06
29.0-29.5 MHz,5,3,5.260000,14.990000,20.250000,18424999.999960,2.162792161175e-06,2.968535100989e-06,1.461011370634e-06
29.0-29.5 MHz,5,3,5.260000,14.990000,20.250000,18449999.999960,2.033224020891e-06,2.134451860114e-06,1.075809452235e-06
29.0-29.5 MHz,5,3,5.260000,14.990000,20.250000,18474999.999959,5.158135430465e-06,4.085758113047e-06,2.029369030922e-06
29.0-29.5 MHz,5,3,5.260000,14.990000,20.250000,18499999.999959,6.436379604328e-06,5.912641001794e-06,2.935246856822e-06
29.0-29.5 MHz,5,3,5.260000,14.990000,20.250000,18524999.999959,9.154415085376e-06,9.747231806053e-06,4.852080071387e-06
29.0-29.5 MHz,5,3,5.260000,14.990000,20.250000,18549999.999959,3.984002826768e-06,4.574247504874e-06,2.280456249399e-06
29.0-29.5 MHz,5,3,5.260000,14.990000,20.250000,18574999.999959,5.522956090223e-06,6.029480943827e-06,2.992106346138e-06
29.0-29.5 MHz,5,3,5.260000,14.990000,20.250000,18599999.999959,4.463060369535e-06,4.131338721508e-06,2.016703597558e-06
29.0-29.5 MHz,5,3,5.260000,14.990000,20.250000,18624999.999959,8.659154986842e-06,9.472912955467e-06,4.724549506807e-06
29.0-29.5 MHz,5,3,5.260000,14.990000,20.250000,18649999.999959,2.795579289255e-05,1.854003616271e-05,9.222187905322e-06
29.0-29.5 MHz,5,3,5.260000,14.990000,20.250000,18674999.999959,3.878847639834e-05,2.550231539149e-05,1.268206109454e-05
29.0-29.5 MHz,5,3,5.260000,14.990000,20.250000,18699999.999959,1.612758266438e-05,1.196507154545e-05,5.954278797894e-06
29.0-29.5 MHz,5,3,5.260000,14.990000,20.250000,18724999.999959,6.099206303543e-06,7.013866459637e-06,3.485987796113e-06
29.0-29.5 MHz,5,3,5.260000,14.990000,20.250000,18749999.999959,7.348232933961e-06,7.649108028983e-06,3.816667381481e-06
29.0-29.5 MHz,5,3,5.260000,14.990000,20.250000,18774999.999959,1.388528939892e-06,1.677160295899e-06,8.505732242038e-07
29.0-29.5 MHz,5,3,5.260000,14.990000,20.250000,18799999.999959,3.784547297676e-06,4.202131569981e-06,2.095277099523e-06
29.0-29.5 MHz,5,3,5.260000,14.990000,20.250000,18824999.999959,7.099146671761e-06,7.682930451091e-06,3.832377408049e-06
29.0-29.5 MHz,5,3,5.260000,14.990000,20.250000,18849999.999959,1.841248575588e-05,1.961580382205e-05,9.763112741817e-06
29.0-29.5 MHz,5,3,5.260000,14.990000,20.250000,18874999.999959,1.017913245416e-05,1.024269014176e-05,5.084198650030e-06
29.0-29.5 MHz,5,3,5.260000,14.990000,20.250000,18899999.999959,8.895303204785e-06,8.988929297156e-06,4.447964392875e-06
29.0-29.5 MHz,5,3,5.260000,14.990000,20.250000,18924999.999959,9.301420799802e-06,8.699843971915e-06,4.250645687942e-06
29.0-29.5 MHz,5,3,5.260000,14.990000,20.250000,18949999.999958,5.393136737516e-06,3.437207890042e-06,1.656905206084e-06
29.0-29.5 MHz,5,3,5.260000,14.990000,20.250000,18974999.999958,1.955030074978e-05,1.937852772422e-05,9.663680364488e-06
29.0-29.5 MHz,5,3,5.260000,14.990000,20.250000,18999999.999958,2.544984779192e-05,2.649895376787e-05,1.319382541150e-05
29.0-29.5 MHz,5,3,5.260000,14.990000,20.250000,19024999.999958,9.084609209327e-06,9.688949681670e-06,4.823541715493e-06
29.0-29.5 MHz,5,3,5.260000,14.990000,20.250000,19049999.999958,1.175696128990e-05,1.233977948488e-05,6.120705037625e-06
29.0-29.5 MHz,5,3,5.260000,14.990000,20.250000,19074999.999958,5.372684195096e-06,5.561439879563e-06,2.782439335071e-06
29.0-29.5 MHz,5,3,5.260000,14.990000,20.250000,19099999.999958,1.367710383097e-05,1.474253835145e-05,7.312515695176e-06
29.0-29.5 MHz,5,3,5.260000,14.990000,20.250000,19124999.999958,2.395547573054e-05,2.498058442406e-05,1.238206572691e-05
29.0-29.5 MHz,5,3,5.260000,14.990000,20.250000,19149999.999958,2.361941060970e-05,2.477515746892e-05,1.229000721518e-05
29.0-29.5 MHz,5,3,5.260000,14.990000,20.250000,19174999.999958,5.845506383516e-06,4.407477273474e-06,2.141038402355e-06
29.0-29.5 MHz,5,3,5.260000,14.990000,20.250000,19199999.999958,8.949781301094e-06,6.793133564874e-06,3.276918755653e-06
29.0-29.5 MHz,5,3,5.260000,14.990000,20.250000,19224999.999958,9.336629001645e-06,8.223849420816e-06,4.029746990594e-06
29.0-29.5 MHz,5,3,5.260000,14.990000,20.250000,19249999.999958,8.135828559227e-06,7.653959699277e-06,3.820509205009e-06
29.0-29.5 MHz,5,3,5.260000,14.990000,20.250000,19274999.999958,4.057160407791e-06,4.572418751700e-06,2.271596595848e-06
29.0-29.5 MHz,5,3,5.260000,14.990000,20.250000,19299999.999958,4.163147158711e-05,4.479418655748e-05,2.226448672329e-05
29.0-29.5 MHz,5,3,5.260000,14.990000,20.250000,19324999.999958,5.237257465174e-05,5.585519735102e-05,2.776945271644e-05
29.0-29.5 MHz,5,3,5.260000,14.990000,20.250000,19349999.999958,1.028998562184e-05,1.079494802366e-05,5.353522969438e-06
29.0-29.5 MHz,5,3,5.260000,14.990000,20.250000,19374999.999958,1.320685074995e-05,1.396323017006e-05,6.950126870235e-06
29.0-29.5 MHz,5,3,5.260000,14.990000,20.250000,19399999.999957,1.715457605173e-05,1.766136995426e-05,8.740962598783e-06
29.0-29.5 MHz,5,3,5.260000,14.990000,20.250000,19424999.999957,1.714749736145e-05,1.771428302397e-05,9.098638386491e-06
29.0-29.5 MHz,5,3,5.260000,14.990000,20.250000,19449999.999957,3.270849482200e-05,3.366509978315e-05,1.772097825304e-05
29.0-29.5 MHz,5,3,5.260000,14.990000,20.250000,19474999.999957,2.573368384433e-05,2.692020775113e-05,1.421213519149e-05
29.0-29.5 MHz,5,3,5.260000,14.990000,20.250000,19499999.999957,1.616712242852e-05,1.667282708261e-05,8.162756692983e-06
29.0-29.5 MHz,5,3,5.260000,14.990000,20.250000,19524999.999957,3.110550461201e-05,3.264442578206e-05,1.623014998106e-05
29.0-29.5 MHz,5,3,5.260000,14.990000,20.250000,19549999.999957,9.218388251153e-06,9.876249546179e-06,4.929434428452e-06
29.0-29.5 MHz,5,3,5.260000,14.990000,20.250000,19574999.999957,2.605656229382e-05,2.769340976093e-05,1.376116444024e-05
29.0-29.5 MHz,5,3,5.260000,14.990000,20.250000,19599999.999957,1.678114461817e-05,1.746421927865e-05,8.660608823027e-06
29.0-29.5 MHz,5,3,5.260000,14.990000,20.250000,19624999.999957,8.234714309390e-06,8.368849242678e-06,4.159926156015e-06
29.0-29.5 MHz,5,3,5.260000,14.990000,20.250000,19649999.999957,7.893167378479e-06,8.078558588096e-06,4.026423796292e-06
29.0-29.5 MHz,5,3,5.260000,14.990000,20.250000,19674999.999957,1.352496566451e-05,1.462964567689e-05,7.271668703187e-06
29.0-29.5 MHz,5,3,5.260000,14.990000,20.250000,19699999.999957,5.027827690789e-06,3.282198292718e-06,1.626979889813e-06
29.0-29.5 MHz,5,3,5.260000,14.990000,20.250000,19724999.999957,1.328077230976e-05,1.338050103484e-05,6.633535629964e-06
29.0-29.5 MHz,5,3,5.260000,14.990000,20.250000,19749999.999957,9.273607531658e-05,9.805620781581e-05,4.874180506360e-05
29.0-29.5 MHz,5,3,5.260000,14.990000,20.250000,19774999.999957,2.864636338028e-04,3.038152288350e-04,1.510760667443e-04
29.0-29.5 MHz,5,3,5.260000,14.990000,20.250000,19799999.999957,2.166607207788e-04,2.296231861804e-04,1.141738364416e-04
29.0-29.5 MHz,5,3,5.260000,14.990000,20.250000,19824999.999957,1.777808549375e-05,1.869546209081e-05,9.286433519183e-06
29.0-29.5 MHz,5,3,5.260000,14.990000,20.250000,19849999.999956,1.935729031163e-05,2.063503362344e-05,1.026632665203e-05
29.0-29.5 MHz,5,3,5.260000,14.990000,20.250000,19874999.999956,7.492501182802e-06,7.924926675695e-06,3.934390200627e-06
29.0-29.5 MHz,5,3,5.260000,14.990000,20.250000,19899999.999956,1.391613730901e-05,1.439234338134e-05,7.161190853221e-06
29.0-29.5 MHz,5,3,5.260000,14.990000,20.250000,19924999.999956,2.412250643081e-05,2.491489116718e-05,1.238760897991e-05
29.0-29.5 MHz,5,3,5.260000,14.990000,20.250000,19949999.999956,1.417644656856e-05,1.467652712806e-05,7.264730284290e-06
29.0-29.5 MHz,5,3,5.260000,14.990000,20.250000,19974999.999956,2.821561303349e-06,2.444664536033e-06,1.172466466208e-06
29.0-29.5 MHz,5,3,5.260000,14.990000,20.250000,19999999.999956,6.766771135015e-06,6.266261653135e-06,3.129500554902e-06
29.0-29.5 MHz,5,3,5.260000,14.990000,20.250000,20024999.999956,3.196420705050e-05,3.399763807758e-05,1.695133055497e-05
29.0-29.5 MHz,5,3,5.260000,14.990000,20.250000,20049999.999956,4.109465526943e-05,4.361061261317e-05,2.171728106224e-05
29.0-29.5 MHz,5,3,5.260000,14.990000,20.250000,20074999.999956,1.480651634480e-05,1.574124637951e-05,7.833715664450e-06
29.0-29.5 MHz,5,3,5.260000,14.990000,20.250000,20099999.999956,8.045124339971e-06,8.504430099875e-06,4.242037952785e-06
29.0-29.5 MHz,5,3,5.260000,14.990000,20.250000,20124999.999956,8.335753208652e-06,8.876055743032e-06,4.418329970257e-06
29.0-29.5 MHz,5,3,5.260000,14.990000,20.250000,20149999.999956,7.313529725193e-06,7.755386139237e-06,3.852157523246e-06
29.0-29.5 MHz,5,3,5.260000,14.990000,20.250000,20174999.999956,1.323074359877e-05,1.381021497647e-05,6.864191967065e-06
29.0-29.5 MHz,5,3,5.260000,14.990000,20.250000,20199999.999956,1.016728621819e-05,1.057464015513e-05,5.271290076940e-06
29.0-29.5 MHz,5,3,5.260000,14.990000,20.250000,20224999.999956,9.005545742770e-02,9.540853901470e-02,4.745164919788e-02
29.0-29.5 MHz,5,3,5.260000,14.990000,20.250000,20249999.999956,1.800999137993e-01,1.908053741163e-01,9.489742772988e-02
29.0-29.5 MHz,5,3,5.260000,14.990000,20.250000,20274999.999956,9.005885075454e-02,9.541220064526e-02,4.745341041793e-02
29.0-29.5 MHz,5,3,5.260000,14.990000,20.250000,20299999.999955,1.157815505429e-05,1.241242263361e-05,6.175155657561e-06
29.0-29.5 MHz,5,3,5.260000,14.990000,20.250000,20324999.999955,1.390712287752e-05,1.492462833265e-05,7.432849659367e-06
29.0-29.5 MHz,5,3,5.260000,14.990000,20.250000,20349999.999955,6.697403350782e-06,7.084500033405e-06,3.523386577310e-06
29.0-29.5 MHz,5,3,5.260000,14.990000,20.250000,20374999.999955,8.125872651298e-06,8.410122282470e-06,4.180877852551e-06
29.0-29.5 MHz,5,3,5.260000,14.990000,20.250000,20399999.999955,6.796727049801e-06,6.928962053153e-06,3.451249838012e-06
29.0-29.5 MHz,5,3,5.260000,14.990000,20.250000,20424999.999955,1.267616641053e-05,1.357231019349e-05,6.759751439737e-06
29.0-29.5 MHz,5,3,5.260000,14.990000,20.250000,20449999.999955,3.477781789656e-05,3.710041542539e-05,1.843093833086e-05
29.0-29.5 MHz,5,3,5.260000,14.990000,20.250000,20474999.999955,3.079948547881e-05,3.326771429397e-05,1.650743587329e-05
29.0-29.5 MHz,5,3,5.260000,14.990000,20.250000,20499999.999955,8.069385521426e-06,9.680969195374e-06,4.818414343702e-06
29.0-29.5 MHz,5,3,5.260000,14.990000,20.250000,20524999.999955,3.594250431155e-06,4.726099024850e-06,2.393852353359e-06
29.0-29.5 MHz,5,3,5.260000,14.990000,20.250000,20549999.999955,1.671565141120e-05,1.805779107244e-05,9.057363419435e-06
29.0-29.5 MHz,5,3,5.260000,14.990000,20.250000,20574999.999955,2.852239890712e-05,3.036133761727e-05,1.514934529585e-05
29.0-29.5 MHz,5,3,5.260000,14.990000,20.250000,20599999.999955,1.578692304043e-05,1.679967143518e-05,8.369173776998e-06
29.0-29.5 MHz,5,3,5.260000,14.990000,20.250000,20624999.999955,7.880460746702e-06,8.317874172198e-06,4.128486161783e-06
29.0-29.5 MHz,5,3,5.260000,14.990000,20.250000,20649999.999955,1.821781431622e-05,1.911354181611e-05,9.496272888049e-06
29.0-29.5 MHz,5,3,5.260000,14.990000,20.250000,20674999.999955,1.349403179166e-05,1.463201739138e-05,7.284698348597e-06
29.0-29.5 MHz,5,3,5.260000,14.990000,20.250000,20699999.999955,1.806705075995e-04,1.915645798303e-04,9.529435996002e-05
29.0-29.5 MHz,5,3,5.260000,14.990000,20.250000,20724999.999955,2.383066983897e-04,2.525370839748e-04,1.256292153051e-04
29.0-29.5 MHz,5,3,5.260000,14.990000,20.250000,20749999.999955,7.637332718687e-05,8.136719775779e-05,4.052669581092e-05
29.0-29.5 MHz,5,3,5.260000,14.990000,20.250000,20774999.999954,5.849871098758e-06,7.067501044386e-06,3.580704868650e-06
29.0-29.5 MHz,5,3,5.260000,14.990000,20.250000,20799999.999954,4.472249614508e-06,5.560998004056e-06,2.755206702409e-06
29.0-29.5 MHz,5,3,5.260000,14.990000,20.250000,20824999.999954,1.608454216621e-05,1.665398578384e-05,8.310647735979e-06
29.0-29.5 MHz,5,3,5.260000,14.990000,20.250000,20849999.999954,8.964331738247e-06,9.781295626431e-06,4.878566724812e-06
29.0-29.5 MHz,5,3,5.260000,14.990000,20.250000,20874999.999954,8.328684327442e-06,9.002162429551e-06,4.486957349209e-06
29.0-29.5 MHz,5,3,5.260000,14.990000,20.250000,20899999.999954,1.528056037751e-05,1.636088704462e-05,8.171513104849e-06
29.0-29.5 MHz,5,3,5.260000,14.990000,20.250000,20924999.999954,2.306099754649e-05,2.457923915985e-05,1.223358550656e-05
29.0-29.5 MHz,5,3,5.260000,14.990000,20.250000,20949999.999954,9.662526573975e-06,1.012608274251e-05,5.023602407888e-06
29.0-29.5 MHz,5,3,5.260000,14.990000,20.250000,20974999.999954,2.463684821913e-05,2.605177368536e-05,1.298940477449e-05
29.0-29.5 MHz,5,3,5.260000,14.990000,20.250000,20999999.999954,1.512689854824e-05,1.649093307209e-05,8.207333060752e-06
29.0-29.5 MHz,5,3,5.260000,14.990000,20.250000,21024999.999954,9.949705345588e-06,1.464843816442e-05,6.947267548392e-06
29.0-29.5 MHz,5,3,5.260000,14.990000,20.250000,21049999.999954,1.047893440207e-05,1.536272169980e-05,7.278372649616e-06
29.0-29.5 MHz,5,3,5.260000,14.990000,20.250000,21074999.999954,6.535034206902e-06,6.704216036313e-06,3.392042713603e-06
29.0-29.5 MHz,5,3,5.260000,14.990000,20.250000,21099999.999954,1.673112597091e-05,1.823651096376e-05,9.087178596422e-06
29.0-29.5 MHz,5,3,5.260000,14.990000,20.250000,21124999.999954,1.249450018606e-05,1.345861474511e-05,6.677058061539e-06
29.0-29.5 MHz,5,3,5.260000,14.990000,20.250000,21149999.999954,9.034636031580e-06,9.592758112706e-06,4.778680538296e-06
29.0-29.5 MHz,5,3,5.260000,14.990000,20.250000,21174999.999954,4.680681352235e-05,4.930146023329e-05,2.453276124782e-05
29.0-29.5 MHz,5,3,5.260000,14.990000,20.250000,21199999.999954,3.773810510247e-05,3.968950058695e-05,1.975047451459e-05
29.0-29.5 MHz,5,3,5.260000,14.990000,20.250000,21224999.999953,2.895252945488e-06,3.062268641211e-06,1.549298247969e-06
29.0-29.5 MHz,5,3,5.260000,14.990000,20.250000,21249999.999953,5.010581435888e-06,6.320843548306e-06,3.144037361433e-06
29.0-29.5 MHz,5,3,5.260000,14.990000,20.250000,21274999.999953,5.103049458695e-06,6.332662903515e-06,3.196972325447e-06
29.0-29.5 MHz,5,3,5.260000,14.990000,20.250000,21299999.999953,4.967121979357e-06,7.707604639279e-06,3.878228019885e-06
29.0-29.5 MHz,5,3,5.260000,14.990000,20.250000,21324999.999953,8.970403092317e-06,1.132436586458e-05,5.661101640984e-06
29.0-29.5 MHz,5,3,5.260000,14.990000,20.250000,21349999.999953,2.934187390912e-05,3.152352189779e-05,1.573263597691e-05
29.0-29.5 MHz,5,3,5.260000,14.990000,20.250000,21374999.999953,2.619306988801e-05,2.749247937756e-05,1.372631643016e-05
29.0-29.5 MHz,5,3,5.260000,14.990000,20.250000,21399999.999953,1.239853089595e-05,1.341522869661e-05,6.689937072140e-06
29.0-29.5 MHz,5,3,5.260000,14.990000,20.250000,21424999.999953,4.895675523840e-06,5.150585268731e-06,2.555822017437e-06
29.0-29.5 MHz,5,3,5.260000,14.990000,20.250000,21449999.999953,9.997185528017e-06,1.030336965026e-05,5.135573694011e-06
29.0-29.5 MHz,5,3,5.260000,14.990000,20.250000,21474999.999953,8.107145201757e-06,8.497828845704e-06,4.240710039041e-06
29.0-29.5 MHz,5,3,5.260000,14.990000,20.250000,21499999.999953,1.989915099700e-05,2.139438318504e-05,1.064879664202e-05
29.0-29.5 MHz,5,3,5.260000,14.990000,20.250000,21524999.999953,1.349570523002e-05,1.489289322868e-05,7.390160251488e-06
29.0-29.5 MHz,5,3,5.260000,14.990000,20.250000,21549999.999953,1.529400495634e-06,1.441529273439e-06,6.539074631561e-07
29.0-29.5 MHz,5,3,5.260000,14.990000,20.250000,21574999.999953,2.488494632196e-06,1.016166116641e-06,4.695825680118e-07
29.0-29.5 MHz,5,3,5.260000,14.990000,20.250000,21599999.999953,6.066256322633e-06,6.608041328255e-06,3.297216275656e-06
29.0-29.5 MHz,5,3,5.260000,14.990000,20.250000,21624999.999953,8.850753560806e-06,1.037841074364e-05,5.179906587429e-06
29.0-29.5 MHz,5,3,5.260000,14.990000,20.250000,21649999.999953,1.679214811979e-05,1.787429065727e-05,8.892820320615e-06
29.0-29.5 MHz,5,3,5.260000,14.990000,20.250000,21674999.999952,5.961821195655e-06,6.117589797591e-06,3.033501706480e-06
29.0-29.5 MHz,5,3,5.260000,14.990000,20.250000,21699999.999952,4.561182749314e-06,4.677373552333e-06,2.317177008801e-06
29.0-29.5 MHz,5,3,5.260000,14.990000,20.250000,21724999.999952,2.328636268883e-06,2.381319971579e-06,1.186743597646e-06
29.0-29.5 MHz,5,3,5.260000,14.990000,20.250000,21749999.999952,5.875107702239e-06,6.307021318327e-06,3.157914740957e-06
29.0-29.5 MHz,5,3,5.260000,14.990000,20.250000,21774999.999952,5.941796327341e-06,6.804058599559e-06,3.406722618442e-06
29.0-29.5 MHz,5,3,5.260000,14.990000,20.250000,21799999.999952,3.164562662975e-06,2.161668392100e-06,1.094773935192e-06
29.0-29.5 MHz,5,3,5.260000,14.990000,20.250000,21824999.999952,4.553500963657e-06,1.254419061661e-05,6.214493935196e-06
29.0-29.5 MHz,5,3,5.260000,14.990000,20.250000,21849999.999952,1.161506693790e-05,1.751559842304e-05,8.719714227314e-06
29.0-29.5 MHz,5,3,5.260000,14.990000,20.250000,21874999.999952,9.416117585860e-06,1.046855311185e-05,5.188323237233e-06
29.0-29.5 MHz,5,3,5.260000,14.990000,20.250000,21899999.999952,3.603202732509e-06,3.709947390618e-06,1.877968633340e-06
29.0-29.5 MHz,5,3,5.260000,14.990000,20.250000,21924999.999952,6.021589883977e-06,6.538969438183e-06,3.264164068028e-06
29.0-29.5 MHz,5,3,5.260000,14.990000,20.250000,21949999.999952,2.971143744213e-06,2.237321080949e-06,1.104709234145e-06
29.0-29.5 MHz,5,3,5.260000,14.990000,20.250000,21974999.999952,7.203681724607e-06,7.156248993923e-06,3.560187041747e-06
29.0-29.5 MHz,5,3,5.260000,14.990000,20.250000,21999999.999952,3.549312669764e-06,4.546371824795e-06,2.268596113949e-06
29.0-29.5 MHz,5,3,5.260000,14.990000,20.250000,22024999.999952,2.384375756492e-06,3.686453234040e-06,1.834122361599e-06
29.0-29.5 MHz,5,3,5.260000,14.990000,20.250000,22049999.999952,3.227931059392e-06,2.373200318219e-06,1.141027463951e-06
29.0-29.5 MHz,5,3,5.260000,14.990000,20.250000,22074999.999952,3.095080598856e-06,3.423850169591e-06,1.710832621409e-06
29.0-29.5 MHz,5,3,5.260000,14.990000,20.250000,22099999.999952,7.448126673342e-06,7.641413000970e-06,3.759142674864e-06
29.0-29.5 MHz,5,3,5.260000,14.990000,20.250000,22124999.999951,5.344870153552e-06,7.396258869273e-06,3.648941869693e-06
29.0-29.5 MHz,5,3,5.260000,14.990000,20.250000,22149999.999951,5.769159863859e-06,6.188979154670e-06,3.080269538770e-06
29.0-29.5 MHz,5,3,5.260000,14.990000,20.250000,22174999.999951,5.258144219422e-06,5.527287553336e-06,2.727731588771e-06
29.0-29.5 MHz,5,3,5.260000,14.990000,20.250000,22199999.999951,4.149528771829e-06,4.432122290764e-06,2.193229599557e-06
29.0-29.5 MHz,5,3,5.260000,14.990000,20.250000,22224999.999951,4.019267707686e-06,3.718915891790e-06,1.840296443668e-06
29.0-29.5 MHz,5,3,5.260000,14.990000,20.250000,22249999.999951,8.081588480460e-07,1.350756945090e-06,6.768373091554e-07
29.0-29.5 MHz,5,3,5.260000,14.990000,20.250000,22274999.999951,1.359320620274e-05,1.477092921535e-05,7.374556820535e-06
29.0-29.5 MHz,5,3,5.260000,14.990000,20.250000,22299999.999951,2.612713840264e-05,2.720878983007e-05,1.356916461341e-05
29.0-29.5 MHz,5,3,5.260000,14.990000,20.250000,22324999.999951,1.470025087941e-05,1.531682036254e-05,7.586090634174e-06
29.0-29.5 MHz,5,3,5.260000,14.990000,20.250000,22349999.999951,2.019306080255e-06,1.480533979894e-06,6.724673463729e-07
29.0-29.5 MHz,5,3,5.260000,14.990000,20.250000,22374999.999951,4.639592578498e-06,6.496284633520e-06,3.230110184084e-06
29.0-29.5 MHz,5,3,5.260000,14.990000,20.250000,22399999.999951,7.103419711988e-06,9.552951451737e-06,4.741101398448e-06
29.0-29.5 MHz,5,3,5.260000,14.990000,20.250000,22424999.999951,2.586580312098e-06,3.419211994004e-06,1.685364917694e-06
29.0-29.5 MHz,5,3,5.260000,14.990000,20.250000,22449999.999951,3.020309141509e-06,3.998814343725e-06,1.969067946466e-06
29.0-29.5 MHz,5,3,5.260000,14.990000,20.250000,22474999.999951,4.023154852481e-06,4.587809333179e-06,2.272497227174e-06
29.0-29.5 MHz,5,3,5.260000,14.990000,20.250000,22499999.999951,6.575182726520e-06,6.678255597585e-06,3.320596244154e-06
29.0-29.5 MHz,5,3,5.260000,14.990000,20.250000,22524999.999951,4.944829873872e-06,4.925599066722e-06,2.449992458900e-06
29.0-29.5 MHz,5,3,5.260000,14.990000,20.250000,22549999.999951,3.406751308266e-06,4.837699302126e-06,2.429090273059e-06
29.0-29.5 MHz,5,3,5.260000,14.990000,20.250000,22574999.999950,4.538284052290e-06,5.663137770771e-06,2.807967925361e-06
29.0-29.5 MHz,5,3,5.260000,14.990000,20.250000,22599999.999950,5.501877881903e-06,1.434018648627e-05,7.098844912083e-06
29.0-29.5 MHz,5,3,5.260000,14.990000,20.250000,22624999.999950,3.882842695800e-06,1.467853853518e-05,7.294627752290e-06
29.0-29.5 MHz,5,3,5.260000,14.990000,20.250000,22649999.999950,2.415387279878e-06,2.631006828238e-06,1.338893759400e-06
29.0-29.5 MHz,5,3,5.260000,14.990000,20.250000,22674999.999950,5.032861732088e-06,3.441899218030e-06,1.702667975367e-06
29.0-29.5 MHz,5,3,5.260000,14.990000,20.250000,22699999.999950,1.856365015767e-06,1.323774901757e-06,6.650749504016e-07
29.0-29.5 MHz,5,3,5.260000,14.990000,20.250000,22724999.999950,2.078926599204e-06,3.366906614987e-06,1.686709716189e-06
29.0-29.5 MHz,5,3,5.260000,14.990000,20.250000,22749999.999950,6.028997386000e-06,5.950882169280e-06,2.985321847256e-06
29.0-29.5 MHz,5,3,5.260000,14.990000,20.250000,22774999.999950,1.023849290730e-05,1.133194898434e-05,5.636534290612e-06
29.0-29.5 MHz,5,3,5.260000,14.990000,20.250000,22799999.999950,7.229908148998e-06,7.891498830397e-06,3.938077029566e-06
29.0-29.5 MHz,5,3,5.260000,14.990000,20.250000,22824999.999950,4.280260887310e-06,4.019180857861e-06,2.039782395235e-06
29.0-29.5 MHz,5,3,5.260000,14.990000,20.250000,22849999.999950,5.728183413987e-07,4.012889953160e-06,2.059700956422e-06
29.0-29.5 MHz,5,3,5.260000,14.990000,20.250000,22874999.999950,4.202670947199e-07,3.870447183955e-06,1.964013527472e-06
29.0-29.5 MHz,5,3,5.260000,14.990000,20.250000,22899999.999950,2.288651543243e-06,2.895193710373e-06,1.440024554880e-06
29.0-29.5 MHz,5,3,5.260000,14.990000,20.250000,22924999.999950,4.857738209300e-06,5.923996088877e-06,2.949097864622e-06
29.0-29.5 MHz,5,3,5.260000,14.990000,20.250000,22949999.999950,7.687572592169e-06,8.607297030113e-06,4.287729190195e-06
29.0-29.5 MHz,5,3,5.260000,14.990000,20.250000,22974999.999950,1.044645240725e-05,1.112263547142e-05,5.531210689793e-06
29.0-29.5 MHz,5,3,5.260000,14.990000,20.250000,22999999.999950,7.944052844283e-06,8.721354295957e-06,4.335883357369e-06
29.0-29.5 MHz,5,3,5.260000,14.990000,20.250000,23024999.999950,1.735062432580e-06,4.380761008480e-06,2.202950438863e-06
29.0-29.5 MHz,5,3,5.260000,14.990000,20.250000,23049999.999949,7.749411028057e-07,2.067998529608e-06,1.031635981724e-06
29.0-29.5 MHz,5,3,5.260000,14.990000,20.250000,23074999.999949,2.269919234697e-06,2.488402044595e-06,1.216606200789e-06
29.0-29.5 MHz,5,3,5.260000,14.990000,20.250000,23099999.999949,2.077993290183e-06,1.942622982822e-06,9.800102930457e-07
29.0-29.5 MHz,5,3,5.260000,14.990000,20.250000,23124999.999949,8.785848384230e-07,2.191365723752e-06,1.171915708991e-06
29.0-29.5 MHz,5,3,5.260000,14.990000,20.250000,23149999.999949,9.038446275419e-07,3.923498839291e-06,2.024820598663e-06
29.0-29.5 MHz,5,3,5.260000,14.990000,20.250000,23174999.999949,1.948757272811e-06,4.462101590169e-06,2.277261989182e-06
29.0-29.5 MHz,5,3,5.260000,14.990000,20.250000,23199999.999949,4.128675969490e-06,5.648718835200e-06,2.864376331896e-06
29.0-29.5 MHz,5,3,5.260000,14.990000,20.250000,23224999.999949,2.004817541662e-06,1.391748347676e-06,6.994338544754e-07
29.0-29.5 MHz,5,3,5.260000,14.990000,20.250000,23249999.999949,4.277998043939e-06,5.482167896811e-06,2.733091453531e-06
29.0-29.5 MHz,5,3,5.260000,14.990000,20.250000,23274999.999949,2.835666595834e-06,4.591071914686e-06,2.293295315448e-06
29.0-29.5 MHz,5,3,5.260000,14.990000,20.250000,23299999.999949,4.180282354955e-07,1.635898359935e-06,8.220109450404e-07
29.0-29.5 MHz,5,3,5.260000,14.990000,20.250000,23324999.999949,1.248562563767e-06,3.239762021399e-06,1.628655388103e-06
29.0-29.5 MHz,5,3,5.260000,14.990000,20.250000,23349999.999949,4.572731074501e-06,4.843024004878e-06,2.445004069895e-06
29.0-29.5 MHz,5,3,5.260000,14.990000,20.250000,23374999.999949,6.131536084540e-06,3.781407999656e-06,1.878346082505e-06
29.0-29.5 MHz,5,3,5.260000,14.990000,20.250000,23399999.999949,6.862461870950e-06,1.149962891347e-05,5.779208444062e-06
29.0-29.5 MHz,5,3,5.260000,14.990000,20.250000,23424999.999949,6.222907655376e-06,4.217217399017e-06,2.162113937398e-06
29.0-29.5 MHz,5,3,5.260000,14.990000,20.250000,23449999.999949,1.987250183958e-05,1.922875008594e-05,9.549257564265e-06
29.0-29.5 MHz,5,3,5.260000,14.990000,20.250000,23474999.999949,1.505592578283e-05,1.787659856307e-05,8.914898556711e-06
29.0-29.5 MHz,5,3,5.260000,14.990000,20.250000,23499999.999948,3.171686933277e-06,5.127317327276e-06,2.566111442419e-06
29.0-29.5 MHz,5,3,5.260000,14.990000,20.250000,23524999.999948,1.652913546754e-06,1.056220029445e-06,5.181903259413e-07
29.0-29.5 MHz,5,3,5.260000,14.990000,20.250000,23549999.999948,3.414965686787e-06,3.495132311717e-06,1.728766813985e-06
29.0-29.5 MHz,5,3,5.260000,14.990000,20.250000,23574999.999948,1.922395363911e-06,2.675888219803e-06,1.342567576811e-06
29.0-29.5 MHz,5,3,5.260000,14.990000,20.250000,23599999.999948,3.621446763488e-06,3.382547754882e-06,1.703855988340e-06
29.0-29.5 MHz,5,3,5.260000,14.990000,20.250000,23624999.999948,3.235678994742e-06,6.127402378035e-06,3.043120887911e-06
29.0-29.5 MHz,5,3,5.260000,14.990000,20.250000,23649999.999948,2.758448281260e-06,5.613422381979e-06,2.761409977342e-06
29.0-29.5 MHz,5,3,5.260000,14.990000,20.250000,23674999.999948,2.753564470889e-06,2.075491119716e-06,9.971149033905e-07
29.0-29.5 MHz,5,3,5.260000,14.990000,20.250000,23699999.999948,2.546402557419e-06,3.142819586301e-06,1.540419645172e-06
29.0-29.5 MHz,5,3,5.260000,14.990000,20.250000,23724999.999948,1.104182724963e-06,1.987285027349e-06,9.682576198085e-07
29.0-29.5 MHz,5,3,5.260000,14.990000,20.250000,23749999.999948,1.748937708294e-06,1.983035014256e-06,9.903870527611e-07
29.0-29.5 MHz,5,3,5.260000,14.990000,20.250000,23774999.999948,3.005854515672e-06,4.727686793949e-06,2.351233435521e-06
29.0-29.5 MHz,5,3,5.260000,14.990000,20.250000,23799999.999948,2.558303381369e-06,2.661348898398e-06,1.311415290820e-06
29.0-29.5 MHz,5,3,5.260000,14.990000,20.250000,23824999.999948,9.425115779799e-07,1.400803374134e-06,7.238789791842e-07
29.0-29.5 MHz,5,3,5.260000,14.990000,20.250000,23849999.999948,2.737801942064e-06,1.652664286373e-06,8.641306019193e-07
29.0-29.5 MHz,5,3,5.260000,14.990000,20.250000,23874999.999948,8.848738555088e-07,9.696491603430e-07,4.818476356432e-07
29.0-29.5 MHz,5,3,5.260000,14.990000,20.250000,23899999.999948,3.709757801571e-06,5.473770446749e-06,2.738907579953e-06
29.0-29.5 MHz,5,3,5.260000,14.990000,20.250000,23924999.999948,4.991490466859e-06,1.127629949386e-05,5.599621829124e-06
29.0-29.5 MHz,5,3,5.260000,14.990000,20.250000,23949999.999947,3.997076758961e-06,5.383546245493e-06,2.665851432744e-06
29.0-29.5 MHz,5,3,5.260000,14.990000,20.250000,23974999.999947,2.747535386887e-06,3.711518304763e-06,1.866629598705e-06
29.0-29.5 MHz,5,3,5.260000,14.990000,20.250000,23999999.999947,3.840224053162e-06,4.573728688623e-06,2.278034068597e-06
29.0-29.5 MHz,5,3,5.260000,14.990000,20.250000,24024999.999947,2.386120679801e-06,3.183313670670e-06,1.573781023123e-06
29.0-29.5 MHz,5,3,5.260000,14.990000,20.250000,24049999.999947,1.917506833094e-06,2.675828731947e-06,1.340775148060e-06
29.0-29.5 MHz,5,3,5.260000,14.990000,20.250000,24074999.999947,1.993697450099e-06,2.087954156396e-06,1.053627378343e-06
29.0-29.5 MHz,5,3,5.260000,14.990000,20.250000,24099999.999947,2.071793829024e-06,2.493117341209e-06,1.220057742005e-06
29.0-29.5 MHz,5,3,5.260000,14.990000,20.250000,24124999.999947,2.304480121079e-06,3.533981120087e-06,1.763366278074e-06
29.0-29.5 MHz,5,3,5.260000,14.990000,20.250000,24149999.999947,7.472852124222e-07,1.668107690615e-06,8.811438492947e-07
29.0-29.5 MHz,5,3,5.260000,14.990000,20.250000,24174999.999947,3.068052813700e-06,4.591440711587e-06,2.391590297758e-06
29.0-29.5 MHz,5,3,5.260000,14.990000,20.250000,24199999.999947,5.944379040802e-06,9.168135639425e-06,4.648207575204e-06
29.0-29.5 MHz,5,3,5.260000,14.990000,20.250000,24224999.999947,5.955377526074e-06,3.038425984180e-06,1.489320542024e-06
29.0-29.5 MHz,5,3,5.260000,14.990000,20.250000,24249999.999947,8.204500825335e-06,1.195643807587e-05,5.981551979183e-06
29.0-29.5 MHz,5,3,5.260000,14.990000,20.250000,24274999.999947,4.326959557391e-06,6.943352530911e-06,3.467146691307e-06
29.0-29.5 MHz,5,3,5.260000,14.990000,20.250000,24299999.999947,8.864573318804e-07,2.313969973401e-06,1.158268975636e-06
29.0-29.5 MHz,5,3,5.260000,14.990000,20.250000,24324999.999947,1.411056095708e-06,9.792780251857e-07,4.967326958039e-07
29.0-29.5 MHz,5,3,5.260000,14.990000,20.250000,24349999.999947,1.207791829284e-06,1.966519538595e-06,9.695288286986e-07
29.0-29.5 MHz,5,3,5.260000,14.990000,20.250000,24374999.999947,3.345934637446e-06,3.864109647712e-06,1.952010772873e-06
29.0-29.5 MHz,5,3,5.260000,14.990000,20.250000,24399999.999946,7.128126205344e-06,9.958184937934e-06,4.974524988733e-06
29.0-29.5 MHz,5,3,5.260000,14.990000,20.250000,24424999.999946,4.787299037688e-06,3.236031250293e-06,1.616137457047e-06
29.0-29.5 MHz,5,3,5.260000,14.990000,20.250000,24449999.999946,3.357231741423e-06,3.281539840390e-06,1.653846550859e-06
29.0-29.5 MHz,5,3,5.260000,14.990000,20.250000,24474999.999946,2.294984486853e-06,2.410025793858e-06,1.205998146265e-06
29.0-29.5 MHz,5,3,5.260000,14.990000,20.250000,24499999.999946,1.898151976333e-06,3.862826355251e-06,1.921379328217e-06
29.0-29.5 MHz,5,3,5.260000,14.990000,20.250000,24524999.999946,2.251143721636e-07,2.750721691169e-06,1.363882382860e-06
29.0-29.5 MHz,5,3,5.260000,14.990000,20.250000,24549999.999946,2.606094690782e-06,6.252201905583e-07,3.037445694606e-07
29.0-29.5 MHz,5,3,5.260000,14.990000,20.250000,24574999.999946,5.928240131890e-06,7.519394533206e-06,3.732169625290e-06
29.0-29.5 MHz,5,3,5.260000,14.990000,20.250000,24599999.999946,5.469921490062e-06,4.721099725354e-07,2.460618804691e-07
29.0-29.5 MHz,5,3,5.260000,14.990000,20.250000,24624999.999946,5.679621687275e-06,3.770048626053e-06,1.843653469809e-06
29.0-29.5 MHz,5,3,5.260000,14.990000,20.250000,24649999.999946,1.251516352382e-05,1.394574955891e-05,6.883153750718e-06
29.0-29.5 MHz,5,3,5.260000,14.990000,20.250000,24674999.999946,6.741377604734e-05,6.531530436625e-05,3.215985245257e-05
29.0-29.5 MHz,5,3,5.260000,14.990000,20.250000,24699999.999946,9.276634880087e-04,9.067961911221e-04,4.464345866969e-04
29.0-29.5 MHz,5,3,5.260000,14.990000,20.250000,24724999.999946,1.391286388688e-03,1.358610622677e-03,6.688274836513e-04
29.0-29.5 MHz,5,3,5.260000,14.990000,20.250000,24749999.999946,5.052532273427e-04,4.931487121127e-04,2.427474201094e-04
29.0-29.5 MHz,5,3,5.260000,14.990000,20.250000,24774999.999946,3.468863299986e-05,3.101304503810e-05,1.526588515821e-05
29.0-29.5 MHz,5,3,5.260000,14.990000,20.250000,24799999.999946,7.774651474961e-06,9.081900750753e-06,4.492690528482e-06
29.0-29.5 MHz,5,3,5.260000,14.990000,20.250000,24824999.999946,2.668189853989e-06,4.487802748816e-06,2.194018381392e-06
29.0-29.5 MHz,5,3,5.260000,14.990000,20.250000,24849999.999946,1.409791805963e-06,3.075965895773e-06,1.550588305073e-06
29.0-29.5 MHz,5,3,5.260000,14.990000,20.250000,24874999.999945,3.556025355040e-06,1.973673327179e-06,9.717256864106e-07
29.0-29.5 MHz,5,3,5.260000,14.990000,20.250000,24899999.999945,1.312757792679e-06,2.005706064488e-06,1.024250319602e-06
29.0-29.5 MHz,5,3,5.260000,14.990000,20.250000,24924999.999945,5.544048564118e-07,1.908368393823e-06,9.645938717966e-07
29.0-29.5 MHz,5,3,5.260000,14.990000,20.250000,24949999.999945,2.707239720395e-06,1.793981817290e-06,8.702485768035e-07
29.0-29.5 MHz,5,3,5.260000,14.990000,20.250000,24974999.999945,3.001931308602e-06,1.206323667582e-06,5.321893801430e-07
29.0-29.5 MHz,5,3,5.260000,14.990000,20.250000,24999999.999945,4.413120562930e-06,8.891478588394e-07,4.737714613679e-07
29.5-30.0 MHz,5,4,5.260000,15.490000,20.750000,524999.999999,5.545728280708e-07,8.293399072650e-07,4.514806437745e-07
29.5-30.0 MHz,5,4,5.260000,15.490000,20.750000,549999.999999,1.952474124459e-06,1.765517874037e-06,9.139689386485e-07
29.5-30.0 MHz,5,4,5.260000,15.490000,20.750000,574999.999999,2.454752891965e-06,9.083385523263e-07,6.298635552676e-07
29.5-30.0 MHz,5,4,5.260000,15.490000,20.750000,599999.999999,1.523251716660e-06,1.497143915893e-06,5.760861109929e-07
29.5-30.0 MHz,5,4,5.260000,15.490000,20.750000,624999.999999,8.692826628379e-07,1.738145822234e-06,8.380052078891e-07
29.5-30.0 MHz,5,4,5.260000,15.490000,20.750000,649999.999999,3.691523851618e-07,7.041719903386e-07,3.872125529091e-07
29.5-30.0 MHz,5,4,5.260000,15.490000,20.750000,674999.999999,1.145425624189e-06,1.448050012479e-06,7.097130245886e-07
29.5-30.0 MHz,5,4,5.260000,15.490000,20.750000,699999.999998,9.961375183221e-07,2.179353312215e-06,1.091244643344e-06
29.5-30.0 MHz,5,4,5.260000,15.490000,20.750000,724999.999998,1.631707121376e-06,3.663226493716e-06,1.795046209325e-06
29.5-30.0 MHz,5,4,5.260000,15.490000,20.750000,749999.999998,1.027199440953e-06,2.565034974133e-06,1.269475917415e-06
29.5-30.0 MHz,5,4,5.260000,15.490000,20.750000,774999.999998,7.357640552085e-07,1.803457132255e-06,9.173456969918e-07
29.5-30.0 MHz,5,4,5.260000,15.490000,20.750000,799999.999998,1.421754747365e-06,3.115772884691e-06,1.558517947878e-06
29.5-30.0 MHz,5,4,5.260000,15.490000,20.750000,824999.999998,1.765563227043e-06,3.935898875061e-06,1.968748332969e-06
29.5-30.0 MHz,5,4,5.260000,15.490000,20.750000,849999.999998,3.944765875878e-07,9.444528116538e-07,4.741571566964e-07
29.5-30.0 MHz,5,4,5.260000,15.490000,20.750000,874999.999998,2.635038405642e-06,4.362619689886e-06,2.179394725660e-06
29.5-30.0 MHz,5,4,5.260000,15.490000,20.750000,899999.999998,3.696889085700e-06,7.543367550588e-06,3.720627415551e-06
29.5-30.0 MHz,5,4,5.260000,15.490000,20.750000,924999.999998,2.260011229103e-06,4.955984640351e-06,2.449458313005e-06
29.5-30.0 MHz,5,4,5.260000,15.490000,20.750000,949999.999998,8.581462660700e-07,2.086672994399e-06,1.029615542608e-06
29.5-30.0 MHz,5,4,5.260000,15.490000,20.750000,974999.999998,4.700755781186e-07,1.822535561721e-06,9.291210504729e-07
29.5-30.0 MHz,5,4,5.260000,15.490000,20.750000,999999.999998,1.075255390205e-06,2.271337538228e-06,1.124416578478e-06
29.5-30.0 MHz,5,4,5.260000,15.490000,20.750000,1024999.999998,1.669183347938e-06,3.552107150049e-06,1.726678755336e-06
29.5-30.0 MHz,5,4,5.260000,15.490000,20.750000,1049999.999998,9.651509177934e-07,2.355595591387e-06,1.142432596118e-06
29.5-30.0 MHz,5,4,5.260000,15.490000,20.750000,1074999.999998,4.621532423035e-07,1.275260369257e-06,6.172640597578e-07
29.5-30.0 MHz,5,4,5.260000,15.490000,20.750000,1099999.999998,1.114068736170e-06,1.813624165707e-06,8.900312979965e-07
29.5-30.0 MHz,5,4,5.260000,15.490000,20.750000,1124999.999998,1.396131790865e-06,2.427278002146e-06,1.162989668353e-06
29.5-30.0 MHz,5,4,5.260000,15.490000,20.750000,1149999.999997,3.560027014130e-07,9.318165887030e-07,3.737312635016e-07
29.5-30.0 MHz,5,4,5.260000,15.490000,20.750000,1174999.999997,1.000074025894e-06,2.971829101247e-06,1.600999419189e-06
29.5-30.0 MHz,5,4,5.260000,15.490000,20.750000,1199999.999997,5.984007218554e-07,2.457523668244e-06,1.355252823040e-06
29.5-30.0 MHz,5,4,5.260000,15.490000,20.750000,1224999.999997,1.476628235152e-06,2.730357960107e-06,1.315299680234e-06
29.5-30.0 MHz,5,4,5.260000,15.490000,20.750000,1249999.999997,1.408883424503e-06,3.295644578622e-06,1.619777636451e-06
29.5-30.0 MHz,5,4,5.260000,15.490000,20.750000,1274999.999997,8.887683337759e-07,7.108083812449e-07,3.324131842787e-07
29.5-30.0 MHz,5,4,5.260000,15.490000,20.750000,1299999.999997,2.151416896893e-06,3.419960300767e-06,1.627723251773e-06
29.5-30.0 MHz,5,4,5.260000,15.490000,20.750000,1324999.999997,1.912651571508e-06,3.435645471993e-06,1.627512992842e-06
29.5-30.0 MHz,5,4,5.260000,15.490000,20.750000,1349999.999997,1.273426338171e-06,2.964007131514e-06,1.426785271047e-06
29.5-30.0 MHz,5,4,5.260000,15.490000,20.750000,1374999.999997,1.536990936194e-06,3.468964337800e-06,1.715785783696e-06
29.5-30.0 MHz,5,4,5.260000,15.490000,20.750000,1399999.999997,2.281641306834e-06,4.625829826068e-06,2.302586753111e-06
29.5-30.0 MHz,5,4,5.260000,15.490000,20.750000,1424999.999997,1.351981588973e-06,4.155053606104e-06,2.073762584204e-06
29.5-30.0 MHz,5,4,5.260000,15.490000,20.750000,1449999.999997,1.326670234127e-06,2.347280601780e-06,1.010886996045e-06
29.5-30.0 MHz,5,4,5.260000,15.490000,20.750000,1474999.999997,3.085963950807e-06,3.732854922928e-06,1.734960536951e-06
29.5-30.0 MHz,5,4,5.260000,15.490000,20.750000,1499999.999997,3.089447552072e-06,2.843810687683e-06,1.262287282953e-06
29.5-30.0 MHz,5,4,5.260000,15.490000,20.750000,1524999.999997,2.174873259441e-06,2.659935528406e-06,1.227756075601e-06
29.5-30.0 MHz,5,4,5.260000,15.490000,20.750000,1549999.999997,1.300955892145e-06,6.549775537959e-07,2.966160530598e-07
29.5-30.0 MHz,5,4,5.260000,15.490000,20.750000,1574999.999997,5.418359144733e-07,1.913827786601e-06,1.039412538913e-06
29.5-30.0 MHz,5,4,5.260000,15.490000,20.750000,1599999.999996,3.945667874452e-07,2.135036043274e-06,1.134235666600e-06
29.5-30.0 MHz,5,4,5.260000,15.490000,20.750000,1624999.999996,1.791399722918e-07,8.331712333643e-07,4.774452992228e-07
29.5-30.0 MHz,5,4,5.260000,15.490000,20.750000,1649999.999996,3.789018343944e-07,7.230695584598e-07,4.048229632641e-07
29.5-30.0 MHz,5,4,5.260000,15.490000,20.750000,1674999.999996,9.507435379625e-07,2.151329250297e-06,1.018979987881e-06
29.5-30.0 MHz,5,4,5.260000,15.490000,20.750000,1699999.999996,1.547581795590e-06,2.841702946141e-06,1.327256863273e-06
29.5-30.0 MHz,5,4,5.260000,15.490000,20.750000,1724999.999996,2.755236726777e-06,5.354158559429e-06,2.489413359363e-06
29.5-30.0 MHz,5,4,5.260000,15.490000,20.750000,1749999.999996,2.985742090180e-06,5.649867179341e-06,2.633839659785e-06
29.5-30.0 MHz,5,4,5.260000,15.490000,20.750000,1774999.999996,3.398122637960e-06,8.953514984727e-06,4.419615586980e-06
29.5-30.0 MHz,5,4,5.260000,15.490000,20.750000,1799999.999996,1.674643747645e-06,5.235302557928e-06,2.615598502879e-06
29.5-30.0 MHz,5,4,5.260000,15.490000,20.750000,1824999.999996,8.535829835117e-07,4.313169876737e-06,2.198949358693e-06
29.5-30.0 MHz,5,4,5.260000,15.490000,20.750000,1849999.999996,2.712952095233e-06,6.297759293268e-06,3.088460852484e-06
29.5-30.0 MHz,5,4,5.260000,15.490000,20.750000,1874999.999996,3.675961858089e-06,7.775987899024e-06,3.796940354433e-06
29.5-30.0 MHz,5,4,5.260000,15.490000,20.750000,1899999.999996,2.724149752972e-06,6.124138139091e-06,3.029471025710e-06
29.5-30.0 MHz,5,4,5.260000,15.490000,20.750000,1924999.999996,5.409983214949e-07,2.361019629286e-06,1.215830995083e-06
29.5-30.0 MHz,5,4,5.260000,15.490000,20.750000,1949999.999996,3.009665210758e-06,6.892811589397e-06,3.315187914756e-06
29.5-30.0 MHz,5,4,5.260000,15.490000,20.750000,1974999.999996,4.228653171975e-06,9.283880925166e-06,4.417320956405e-06
29.5-30.0 MHz,5,4,5.260000,15.490000,20.750000,1999999.999996,1.207697894229e-06,2.027585570487e-06,9.094767800161e-07
29.5-30.0 MHz,5,4,5.260000,15.490000,20.750000,2024999.999996,3.052972513044e-06,7.288102591863e-06,3.595499843722e-06
29.5-30.0 MHz,5,4,5.260000,15.490000,20.750000,2049999.999996,4.554584914191e-06,1.182527367540e-05,5.871523538274e-06
29.5-30.0 MHz,5,4,5.260000,15.490000,20.750000,2074999.999995,3.737535589589e-06,9.779213473763e-06,4.852206978266e-06
29.5-30.0 MHz,5,4,5.260000,15.490000,20.750000,2099999.999995,1.931710077693e-06,4.362120059130e-06,2.139099652647e-06
29.5-30.0 MHz,5,4,5.260000,15.490000,20.750000,2124999.999995,2.530223728921e-06,5.782731265762e-06,2.806161928102e-06
29.5-30.0 MHz,5,4,5.260000,15.490000,20.750000,2149999.999995,3.024450588105e-06,7.323614888037e-06,3.563613744977e-06
29.5-30.0 MHz,5,4,5.260000,15.490000,20.750000,2174999.999995,2.795804052298e-06,7.007995293377e-06,3.423829185185e-06
29.5-30.0 MHz,5,4,5.260000,15.490000,20.750000,2199999.999995,5.517573205162e-07,1.838478474323e-06,9.063894945214e-07
29.5-30.0 MHz,5,4,5.260000,15.490000,20.750000,2224999.999995,2.035785178991e-06,4.842927925544e-06,2.424158998559e-06
29.5-30.0 MHz,5,4,5.260000,15.490000,20.750000,2249999.999995,1.856833226199e-06,4.759329192747e-06,2.379634445341e-06
29.5-30.0 MHz,5,4,5.260000,15.490000,20.750000,2274999.999995,1.259115450727e-06,3.137288774531e-06,1.608651987160e-06
29.5-30.0 MHz,5,4,5.260000,15.490000,20.750000,2299999.999995,2.529677636946e-06,7.108086819678e-06,3.452201842145e-06
29.5-30.0 MHz,5,4,5.260000,15.490000,20.750000,2324999.999995,3.727321129180e-06,5.097562810199e-06,2.209838422315e-06
29.5-30.0 MHz,5,4,5.260000,15.490000,20.750000,2349999.999995,6.035627678170e-06,1.286761793990e-05,6.300644545317e-06
29.5-30.0 MHz,5,4,5.260000,15.490000,20.750000,2374999.999995,2.888783464735e-06,6.479296761831e-06,3.108916846760e-06
29.5-30.0 MHz,5,4,5.260000,15.490000,20.750000,2399999.999995,7.968320242994e-07,2.542492055369e-06,1.221063107591e-06
29.5-30.0 MHz,5,4,5.260000,15.490000,20.750000,2424999.999995,1.712499876439e-06,4.021744034462e-06,1.937888062385e-06
29.5-30.0 MHz,5,4,5.260000,15.490000,20.750000,2449999.999995,1.951598771826e-06,3.276194964903e-06,1.557397374190e-06
29.5-30.0 MHz,5,4,5.260000,15.490000,20.750000,2474999.999995,7.126757179489e-07,7.674640552402e-07,3.893010652774e-07
29.5-30.0 MHz,5,4,5.260000,15.490000,20.750000,2499999.999995,1.186299585656e-06,4.019372988371e-06,2.022750129435e-06
29.5-30.0 MHz,5,4,5.260000,15.490000,20.750000,2524999.999994,3.114885630711e-06,8.117498457073e-06,3.952076072953e-06
29.5-30.0 MHz,5,4,5.260000,15.490000,20.750000,2549999.999994,5.083368539056e-06,1.169494564971e-05,5.664368211375e-06
29.5-30.0 MHz,5,4,5.260000,15.490000,20.750000,2574999.999994,4.009822672009e-06,8.356482187171e-06,4.053731540291e-06
29.5-30.0 MHz,5,4,5.260000,15.490000,20.750000,2599999.999994,2.365485818180e-06,7.534930890902e-06,3.642682208241e-06
29.5-30.0 MHz,5,4,5.260000,15.490000,20.750000,2624999.999994,4.533900884295e-06,1.291104901485e-05,6.282446794151e-06
29.5-30.0 MHz,5,4,5.260000,15.490000,20.750000,2649999.999994,4.978379820671e-06,1.332299892936e-05,6.503310275745e-06
29.5-30.0 MHz,5,4,5.260000,15.490000,20.750000,2674999.999994,2.285984273299e-06,5.852434435114e-06,2.819251875122e-06
29.5-30.0 MHz,5,4,5.260000,15.490000,20.750000,2699999.999994,2.285250667974e-06,5.873027724139e-06,2.787786257631e-06
29.5-30.0 MHz,5,4,5.260000,15.490000,20.750000,2724999.999994,2.622208826522e-06,7.221652806207e-06,3.473422914132e-06
29.5-30.0 MHz,5,4,5.260000,15.490000,20.750000,2749999.999994,1.443745875033e-06,2.721473009487e-06,1.330038853907e-06
29.5-30.0 MHz,5,4,5.260000,15.490000,20.750000,2774999.999994,7.601083612774e-07,2.765896697569e-06,1.430829706360e-06
29.5-30.0 MHz,5,4,5.260000,15.490000,20.750000,2799999.999994,1.271749656721e-06,3.152696212329e-06,1.573687414731e-06
29.5-30.0 MHz,5,4,5.260000,15.490000,20.750000,2824999.999994,1.817954069983e-06,4.042520029428e-06,1.961595909109e-06
29.5-30.0 MHz,5,4,5.260000,15.490000,20.750000,2849999.999994,3.141921970686e-06,6.978758332695e-06,3.403138318079e-06
29.5-30.0 MHz,5,4,5.260000,15.490000,20.750000,2874999.999994,1.444468896187e-06,2.922174761260e-06,1.411281867839e-06
29.5-30.0 MHz,5,4,5.260000,15.490000,20.750000,2899999.999994,4.345827955053e-06,9.043360258390e-06,4.230331127828e-06
29.5-30.0 MHz,5,4,5.260000,15.490000,20.750000,2924999.999994,6.966134785261e-06,1.054798477026e-05,4.870772201588e-06
29.5-30.0 MHz,5,4,5.260000,15.490000,20.750000,2949999.999994,6.198513681454e-06,1.265785672095e-05,6.078096090458e-06
29.5-30.0 MHz,5,4,5.260000,15.490000,20.750000,2974999.999993,1.291538986303e-06,2.507825624254e-06,1.244176328016e-06
29.5-30.0 MHz,5,4,5.260000,15.490000,20.750000,2999999.999993,1.314781634925e-06,1.544192862251e-06,6.742617874743e-07
29.5-30.0 MHz,5,4,5.260000,15.490000,20.750000,3024999.999993,3.649729810900e-07,2.429460046977e-06,1.290135982065e-06
29.5-30.0 MHz,5,4,5.260000,15.490000,20.750000,3049999.999993,5.290644869525e-07,1.727120233705e-06,8.723773755389e-07
29.5-30.0 MHz,5,4,5.260000,15.490000,20.750000,3074999.999993,4.050901314754e-07,1.655137724236e-06,8.921514126616e-07
29.5-30.0 MHz,5,4,5.260000,15.490000,20.750000,3099999.999993,6.433072235191e-08,2.900738244353e-06,1.504659285071e-06
29.5-30.0 MHz,5,4,5.260000,15.490000,20.750000,3124999.999993,1.009599095593e-06,3.103510409533e-06,1.516515964722e-06
29.5-30.0 MHz,5,4,5.260000,15.490000,20.750000,3149999.999993,1.593725673041e-06,2.806030268612e-06,1.283506888898e-06
29.5-30.0 MHz,5,4,5.260000,15.490000,20.750000,3174999.999993,2.484749259080e-06,5.065370874258e-06,2.456452838253e-06
29.5-30.0 MHz,5,4,5.260000,15.490000,20.750000,3199999.999993,3.022335921022e-06,5.606360967941e-06,2.756288815617e-06
29.5-30.0 MHz,5,4,5.260000,15.490000,20.750000,3224999.999993,1.876350209841e-06,4.195005224346e-06,2.067374988065e-06
29.5-30.0 MHz,5,4,5.260000,15.490000,20.750000,3249999.999993,6.974688304285e-07,1.170309646432e-06,5.484017431595e-07
29.5-30.0 MHz,5,4,5.260000,15.490000,20.750000,3274999.999993,2.656545367231e-06,5.818674585454e-06,2.763390197548e-06
29.5-30.0 MHz,5,4,5.260000,15.490000,20.750000,3299999.999993,3.622796378952e-06,8.625370869010e-06,4.174538032008e-06
29.5-30.0 MHz,5,4,5.260000,15.490000,20.750000,3324999.999993,1.707001819639e-06,4.635694579062e-06,2.297388866103e-06
29.5-30.0 MHz,5,4,5.260000,15.490000,20.750000,3349999.999993,9.391985152235e-07,2.808813123971e-06,1.429996059638e-06
29.5-30.0 MHz,5,4,5.260000,15.490000,20.750000,3374999.999993,8.995203699901e-07,3.267136067585e-06,1.631775811403e-06
29.5-30.0 MHz,5,4,5.260000,15.490000,20.750000,3399999.999993,7.521899240718e-07,2.991652340165e-06,1.476487885760e-06
29.5-30.0 MHz,5,4,5.260000,15.490000,20.750000,3424999.999992,1.699102136990e-06,5.436762790948e-06,2.729677909164e-06
29.5-30.0 MHz,5,4,5.260000,15.490000,20.750000,3449999.999992,1.622916673756e-06,5.049857157472e-06,2.585238659810e-06
29.5-30.0 MHz,5,4,5.260000,15.490000,20.750000,3474999.999992,2.867194656310e-06,8.194613628773e-06,3.985851393227e-06
29.5-30.0 MHz,5,4,5.260000,15.490000,20.750000,3499999.999992,3.807010804053e-06,1.004751044370e-05,4.835443902793e-06
29.5-30.0 MHz,5,4,5.260000,15.490000,20.750000,3524999.999992,2.332379684061e-06,5.939814812153e-06,2.842242783352e-06
29.5-30.0 MHz,5,4,5.260000,15.490000,20.750000,3549999.999992,8.727645741940e-07,2.234516663205e-06,1.115921245607e-06
29.5-30.0 MHz,5,4,5.260000,15.490000,20.750000,3574999.999992,1.616955549675e-06,4.075895477538e-06,1.988880781558e-06
29.5-30.0 MHz,5,4,5.260000,15.490000,20.750000,3599999.999992,3.979696014006e-07,5.124814603998e-07,2.540716215674e-07
29.5-30.0 MHz,5,4,5.260000,15.490000,20.750000,3624999.999992,3.113255154533e-07,3.237674778430e-07,1.949092385814e-07
29.5-30.0 MHz,5,4,5.260000,15.490000,20.750000,3649999.999992,1.969440156678e-06,4.431304167070e-06,2.195155733187e-06
29.5-30.0 MHz,5,4,5.260000,15.490000,20.750000,3674999.999992,2.126081904720e-06,5.692173957936e-06,2.809089158652e-06
29.5-30.0 MHz,5,4,5.260000,15.490000,20.750000,3699999.999992,8.430161447785e-07,2.900708202534e-06,1.478984391118e-06
29.5-30.0 MHz,5,4,5.260000,15.490000,20.750000,3724999.999992,5.056444387617e-07,6.422556077172e-07,3.762543124647e-07
29.5-30.0 MHz,5,4,5.260000,15.490000,20.750000,3749999.999992,1.388425083683e-06,4.078922266900e-06,2.219833345791e-06
29.5-30.0 MHz,5,4,5.260000,15.490000,20.750000,3774999.999992,2.573758127894e-06,7.530899964847e-06,3.945739815567e-06
29.5-30.0 MHz,5,4,5.260000,15.490000,20.750000,3799999.999992,8.077386506533e-07,3.374544158139e-06,1.785254396779e-06
29.5-30.0 MHz,5,4,5.260000,15.490000,20.750000,3824999.999992,1.764748386348e-06,4.675154263075e-06,2.302606413354e-06
29.5-30.0 MHz,5,4,5.260000,15.490000,20.750000,3849999.999992,3.073744552511e-06,8.108492174650e-06,4.022240462455e-06
29.5-30.0 MHz,5,4,5.260000,15.490000,20.750000,3874999.999992,2.372555055445e-06,6.011635603540e-06,2.986076004617e-06
29.5-30.0 MHz,5,4,5.260000,15.490000,20.750000,3899999.999991,1.382958497452e-06,3.669536989837e-06,1.824212738156e-06
29.5-30.0 MHz,5,4,5.260000,15.490000,20.750000,3924999.999991,1.828892541774e-06,4.330511554232e-06,2.129019215586e-06
29.5-30.0 MHz,5,4,5.260000,15.490000,20.750000,3949999.999991,2.836388029909e-06,6.595450968637e-06,3.246659257715e-06
29.5-30.0 MHz,5,4,5.260000,15.490000,20.750000,3974999.999991,1.658791567911e-06,3.778810291057e-06,1.849512348035e-06
29.5-30.0 MHz,5,4,5.260000,15.490000,20.750000,3999999.999991,7.769516746364e-07,1.228102372889e-06,6.541420200253e-07
29.5-30.0 MHz,5,4,5.260000,15.490000,20.750000,4024999.999991,2.085189718554e-06,4.105463415651e-06,2.068082947374e-06
29.5-30.0 MHz,5,4,5.260000,15.490000,20.750000,4049999.999991,8.073779423160e-07,2.888285167672e-06,1.519956445134e-06
29.5-30.0 MHz,5,4,5.260000,15.490000,20.750000,4074999.999991,7.652883093302e-07,2.154074708455e-06,1.191146499400e-06
29.5-30.0 MHz,5,4,5.260000,15.490000,20.750000,4099999.999991,1.110021433733e-06,1.111664188686e-06,6.246770983942e-07
29.5-30.0 MHz,5,4,5.260000,15.490000,20.750000,4124999.999991,1.456207997159e-06,1.849760540654e-06,9.233151649985e-07
29.5-30.0 MHz,5,4,5.260000,15.490000,20.750000,4149999.999991,2.415205623288e-06,4.593469998725e-06,2.252358717802e-06
29.5-30.0 MHz,5,4,5.260000,15.490000,20.750000,4174999.999991,2.467702174964e-06,5.172410339820e-06,2.500098178364e-06
29.5-30.0 MHz,5,4,5.260000,15.490000,20.750000,4199999.999991,1.559082342594e-06,2.820364851239e-06,1.327052750416e-06
29.5-30.0 MHz,5,4,5.260000,15.490000,20.750000,4224999.999991,1.029990872305e-06,3.282505101704e-06,1.648742087906e-06
29.5-30.0 MHz,5,4,5.260000,15.490000,20.750000,4249999.999991,1.632806427290e-06,3.965373178483e-06,1.973585456833e-06
29.5-30.0 MHz,5,4,5.260000,15.490000,20.750000,4274999.999991,1.157872701022e-06,2.673307905628e-06,1.316106053842e-06
29.5-30.0 MHz,5,4,5.260000,15.490000,20.750000,4299999.999991,1.371499376017e-06,2.789579184266e-06,1.353267110403e-06
29.5-30.0 MHz,5,4,5.260000,15.490000,20.750000,4324999.999991,1.884797484819e-06,4.617104928336e-06,2.294724759857e-06
29.5-30.0 MHz,5,4,5.260000,15.490000,20.750000,4349999.999990,3.719104885447e-06,9.959359992489e-06,4.992842831888e-06
29.5-30.0 MHz,5,4,5.260000,15.490000,20.750000,4374999.999990,3.437113680828e-06,8.439726919646e-06,4.214627524265e-06
29.5-30.0 MHz,5,4,5.260000,15.490000,20.750000,4399999.999990,1.910943865672e-06,2.435557908891e-06,1.199037343789e-06
29.5-30.0 MHz,5,4,5.260000,15.490000,20.750000,4424999.999990,2.922124618144e-07,2.427234709174e-06,1.254447148224e-06
29.5-30.0 MHz,5,4,5.260000,15.490000,20.750000,4449999.999990,2.076109474539e-06,4.894751971405e-06,2.398258551477e-06
29.5-30.0 MHz,5,4,5.260000,15.490000,20.750000,4474999.999990,5.532224089673e-07,2.305911641795e-06,1.148381301602e-06
29.5-30.0 MHz,5,4,5.260000,15.490000,20.750000,4499999.999990,7.264194345925e-07,6.286411845205e-07,3.075523492949e-07
29.5-30.0 MHz,5,4,5.260000,15.490000,20.750000,4524999.999990,1.282624679872e-06,1.829345550467e-06,9.208514639870e-07
29.5-30.0 MHz,5,4,5.260000,15.490000,20.750000,4549999.999990,7.106720225237e-07,8.402704287917e-07,4.366697114300e-07
29.5-30.0 MHz,5,4,5.260000,15.490000,20.750000,4574999.999990,8.143764397580e-07,2.466569740689e-06,1.215200454950e-06
29.5-30.0 MHz,5,4,5.260000,15.490000,20.750000,4599999.999990,5.967173765213e-07,1.850667575434e-06,9.167292560569e-07
29.5-30.0 MHz,5,4,5.260000,15.490000,20.750000,4624999.999990,1.115275945908e-06,1.540504052199e-06,7.455020480115e-07
29.5-30.0 MHz,5,4,5.260000,15.490000,20.750000,4649999.999990,1.455515389104e-06,2.315403682746e-06,1.081096754050e-06
29.5-30.0 MHz,5,4,5.260000,15.490000,20.750000,4674999.999990,3.635376204409e-07,1.095399448456e-06,6.256280661416e-07
29.5-30.0 MHz,5,4,5.260000,15.490000,20.750000,4699999.999990,5.686301033702e-07,2.764047598635e-06,1.434372244133e-06
29.5-30.0 MHz,5,4,5.260000,15.490000,20.750000,4724999.999990,1.764532269863e-06,3.903161193760e-06,1.917010404610e-06
29.5-30.0 MHz,5,4,5.260000,15.490000,20.750000,4749999.999990,1.456393934497e-06,2.559937165090e-06,1.239087043090e-06
29.5-30.0 MHz,5,4,5.260000,15.490000,20.750000,4774999.999990,1.001774025428e-06,1.509281269326e-06,7.594654173955e-07
29.5-30.0 MHz,5,4,5.260000,15.490000,20.750000,4799999.999989,1.264834444194e-06,3.044819252597e-07,1.541261217658e-07
29.5-30.0 MHz,5,4,5.260000,15.490000,20.750000,4824999.999989,1.202648106077e-06,1.076395498884e-06,5.067305407981e-07
29.5-30.0 MHz,5,4,5.260000,15.490000,20.750000,4849999.999989,1.392398223493e-06,2.143438299402e-07,1.006697502207e-07
29.5-30.0 MHz,5,4,5.260000,15.490000,20.750000,4874999.999989,1.957040271222e-06,1.841145192509e-06,8.665804492705e-07
29.5-30.0 MHz,5,4,5.260000,15.490000,20.750000,4899999.999989,6.415299360974e-06,2.429382166901e-06,1.175565428143e-06
29.5-30.0 MHz,5,4,5.260000,15.490000,20.750000,4924999.999989,2.339404176674e-05,6.518522243287e-06,3.280413203187e-06
29.5-30.0 MHz,5,4,5.260000,15.490000,20.750000,4949999.999989,3.302544182392e-04,6.566161609083e-05,3.361216325543e-05
29.5-30.0 MHz,5,4,5.260000,15.490000,20.750000,4974999.999989,4.977462291281e-04,9.839669832714e-05,5.041738967958e-05
29.5-30.0 MHz,5,4,5.260000,15.490000,20.750000,4999999.999989,1.804927293364e-04,3.647825404215e-05,1.868648393805e-05
29.5-30.0 MHz,5,4,5.260000,15.490000,20.750000,5024999.999989,1.117297937716e-05,1.431571193901e-06,7.333494924308e-07
29.5-30.0 MHz,5,4,5.260000,15.490000,20.750000,5049999.999989,7.214262094664e-06,1.422233967083e-06,7.441322036944e-07
29.5-30.0 MHz,5,4,5.260000,15.490000,20.750000,5074999.999989,1.088734306597e-05,2.270831421338e-06,1.187980794286e-06
29.5-30.0 MHz,5,4,5.260000,15.490000,20.750000,5099999.999989,1.778528591711e-05,5.342088063881e-06,2.624199607863e-06
29.5-30.0 MHz,5,4,5.260000,15.490000,20.750000,5124999.999989,2.808349477587e-05,4.434669001129e-06,2.383705394965e-06
29.5-30.0 MHz,5,4,5.260000,15.490000,20.750000,5149999.999989,5.417771528225e-05,1.148721460705e-05,5.791413899250e-06
29.5-30.0 MHz,5,4,5.260000,15.490000,20.750000,5174999.999989,1.232071907115e-04,2.740990848233e-05,1.405524097745e-05
29.5-30.0 MHz,5,4,5.260000,15.490000,20.750000,5199999.999989,3.844270046124e-04,7.829352245379e-05,4.003963454014e-05
29.5-30.0 MHz,5,4,5.260000,15.490000,20.750000,5224999.999989,3.274014401600e-03,6.963561975016e-04,3.559659917707e-04
29.5-30.0 MHz,5,4,5.260000,15.490000,20.750000,5249999.999988,1.309212573439e-02,2.769718896743e-03,1.416085110753e-03
29.5-30.0 MHz,5,4,5.260000,15.490000,20.750000,5274999.999988,1.145431307276e-02,2.419436648586e-03,1.237119531790e-03
29.5-30.0 MHz,5,4,5.260000,15.490000,20.750000,5299999.999988,1.760972961702e-03,3.685961059382e-04,1.885579650114e-04
29.5-30.0 MHz,5,4,5.260000,15.490000,20.750000,5324999.999988,2.944144762334e-04,6.516911997033e-05,3.333721132740e-05
29.5-30.0 MHz,5,4,5.260000,15.490000,20.750000,5349999.999988,1.028301030359e-04,2.087262748752e-05,1.055517859706e-05
29.5-30.0 MHz,5,4,5.260000,15.490000,20.750000,5374999.999988,4.686102554940e-05,9.718806454108e-06,5.099276860992e-06
29.5-30.0 MHz,5,4,5.260000,15.490000,20.750000,5399999.999988,2.561642406776e-05,6.153033945354e-06,3.061548488083e-06
29.5-30.0 MHz,5,4,5.260000,15.490000,20.750000,5424999.999988,1.600243633957e-05,2.991540540068e-06,1.541828389983e-06
29.5-30.0 MHz,5,4,5.260000,15.490000,20.750000,5449999.999988,1.011127894391e-05,2.090859460001e-06,1.034471279795e-06
29.5-30.0 MHz,5,4,5.260000,15.490000,20.750000,5474999.999988,7.175739809160e-06,3.264541948103e-06,1.651346697903e-06
29.5-30.0 MHz,5,4,5.260000,15.490000,20.750000,5499999.999988,5.334319941078e-06,1.335792791990e-06,6.327119742145e-07
29.5-30.0 MHz,5,4,5.260000,15.490000,20.750000,5524999.999988,4.445586686522e-06,5.087775881910e-07,2.852217216869e-07
29.5-30.0 MHz,5,4,5.260000,15.490000,20.750000,5549999.999988,1.241912270672e-06,1.364528168898e-06,6.089743264501e-07
29.5-30.0 MHz,5,4,5.260000,15.490000,20.750000,5574999.999988,3.614672574259e-06,3.414392936023e-06,1.703488226373e-06
29.5-30.0 MHz,5,4,5.260000,15.490000,20.750000,5599999.999988,2.317134332535e-06,1.527385353711e-06,7.370649309920e-07
29.5-30.0 MHz,5,4,5.260000,15.490000,20.750000,5624999.999988,2.025145640928e-06,1.960129493742e-06,9.197887467745e-07
29.5-30.0 MHz,5,4,5.260000,15.490000,20.750000,5649999.999988,4.240493466054e-07,9.998538953261e-07,4.290574053205e-07
29.5-30.0 MHz,5,4,5.260000,15.490000,20.750000,5674999.999988,1.181353507896e-06,1.156479823854e-06,5.881065719949e-07
29.5-30.0 MHz,5,4,5.260000,15.490000,20.750000,5699999.999988,1.591210049055e-06,2.845243777875e-06,1.419807409066e-06
29.5-30.0 MHz,5,4,5.260000,15.490000,20.750000,5724999.999987,4.067314511115e-07,7.913385934266e-07,4.178270165174e-07
29.5-30.0 MHz,5,4,5.260000,15.490000,20.750000,5749999.999987,1.510398078692e-06,1.915060573855e-06,9.124076793716e-07
29.5-30.0 MHz,5,4,5.260000,15.490000,20.750000,5774999.999987,1.931563685375e-06,3.214459792561e-06,1.527246822446e-06
29.5-30.0 MHz,5,4,5.260000,15.490000,20.750000,5799999.999987,1.776107730886e-06,3.140301900613e-06,1.540167757436e-06
29.5-30.0 MHz,5,4,5.260000,15.490000,20.750000,5824999.999987,7.514779088065e-07,2.651869777203e-06,1.337134795829e-06
29.5-30.0 MHz,5,4,5.260000,15.490000,20.750000,5849999.999987,6.251045353658e-07,1.605563513501e-06,8.076638934343e-07
29.5-30.0 MHz,5,4,5.260000,15.490000,20.750000,5874999.999987,4.344415986018e-07,1.784463094701e-06,8.587586816530e-07
29.5-30.0 MHz,5,4,5.260000,15.490000,20.750000,5899999.999987,3.970960722478e-07,1.341433651123e-06,6.895388545553e-07
29.5-30.0 MHz,5,4,5.260000,15.490000,20.750000,5924999.999987,1.163659059363e-06,2.401304679988e-06,1.192281259823e-06
29.5-30.0 MHz,5,4,5.260000,15.490000,20.750000,5949999.999987,2.348217859952e-07,1.439117559880e-06,7.280296713642e-07
29.5-30.0 MHz,5,4,5.260000,15.490000,20.750000,5974999.999987,6.675209361829e-07,7.612746689494e-07,3.820401079528e-07
29.5-30.0 MHz,5,4,5.260000,15.490000,20.750000,5999999.999987,1.480765457395e-06,9.224247067449e-07,3.929347627179e-07
29.5-30.0 MHz,5,4,5.260000,15.490000,20.750000,6024999.999987,7.538587314735e-07,9.344408530992e-07,4.476300048687e-07
29.5-30.0 MHz,5,4,5.260000,15.490000,20.750000,6049999.999987,1.349588346210e-06,1.612955958697e-06,7.943867031529e-07
29.5-30.0 MHz,5,4,5.260000,15.490000,20.750000,6074999.999987,2.510105886364e-06,2.839588252596e-06,1.383142308230e-06
29.5-30.0 MHz,5,4,5.260000,15.490000,20.750000,6099999.999987,1.585605827268e-06,9.989984900214e-07,6.343014657835e-07
29.5-30.0 MHz,5,4,5.260000,15.490000,20.750000,6124999.999987,1.553237724737e-06,3.075053896814e-06,1.458713265789e-06
29.5-30.0 MHz,5,4,5.260000,15.490000,20.750000,6149999.999987,2.482079912665e-06,8.179101695942e-06,4.073258598759e-06
29.5-30.0 MHz,5,4,5.260000,15.490000,20.750000,6174999.999986,2.344086929618e-06,7.570128379042e-06,3.785796136096e-06
29.5-30.0 MHz,5,4,5.260000,15.490000,20.750000,6199999.999986,1.226133332408e-06,3.677117950417e-06,1.819459004861e-06
29.5-30.0 MHz,5,4,5.260000,15.490000,20.750000,6224999.999986,1.037012746919e-06,2.869015582734e-06,1.402993436579e-06
29.5-30.0 MHz,5,4,5.260000,15.490000,20.750000,6249999.999986,1.070636480037e-06,1.916792427276e-06,9.566148023807e-07
29.5-30.0 MHz,5,4,5.260000,15.490000,20.750000,6274999.999986,1.320321935243e-06,2.465593269157e-06,1.245368207818e-06
29.5-30.0 MHz,5,4,5.260000,15.490000,20.750000,6299999.999986,6.301167904263e-07,2.814352548709e-06,1.414089240537e-06
29.5-30.0 MHz,5,4,5.260000,15.490000,20.750000,6324999.999986,8.087237434105e-07,3.555077477361e-06,1.716153246790e-06
29.5-30.0 MHz,5,4,5.260000,15.490000,20.750000,6349999.999986,1.107883098544e-06,5.313653237326e-06,2.605567203812e-06
29.5-30.0 MHz,5,4,5.260000,15.490000,20.750000,6374999.999986,1.103960982622e-06,3.420220134914e-06,1.688607329565e-06
29.5-30.0 MHz,5,4,5.260000,15.490000,20.750000,6399999.999986,1.058110879781e-06,2.562622277952e-06,1.280990979490e-06
29.5-30.0 MHz,5,4,5.260000,15.490000,20.750000,6424999.999986,2.588650013719e-07,3.380568784798e-06,1.740656553995e-06
29.5-30.0 MHz,5,4,5.260000,15.490000,20.750000,6449999.999986,1.178719905042e-06,3.589473528557e-06,1.923616888088e-06
29.5-30.0 MHz,5,4,5.260000,15.490000,20.750000,6474999.999986,1.411009756987e-07,2.801123827476e-06,1.474343033303e-06
29.5-30.0 MHz,5,4,5.260000,15.490000,20.750000,6499999.999986,1.473320573919e-06,2.679848379331e-06,1.341991458244e-06
29.5-30.0 MHz,5,4,5.260000,15.490000,20.750000,6524999.999986,2.451090630555e-07,5.190614193876e-07,2.488835568236e-07
29.5-30.0 MHz,5,4,5.260000,15.490000,20.750000,6549999.999986,1.980423653603e-06,4.416686998512e-06,2.183036423567e-06
29.5-30.0 MHz,5,4,5.260000,15.490000,20.750000,6574999.999986,2.629646024849e-06,5.741308950159e-06,2.832885380314e-06
29.5-30.0 MHz,5,4,5.260000,15.490000,20.750000,6599999.999986,9.837737679981e-07,2.945502291740e-06,1.450447538121e-06
29.5-30.0 MHz,5,4,5.260000,15.490000,20.750000,6624999.999985,4.528238809322e-07,4.588864010183e-06,2.298161208563e-06
29.5-30.0 MHz,5,4,5.260000,15.490000,20.750000,6649999.999985,1.626723308316e-06,7.966834035599e-06,3.980401104651e-06
29.5-30.0 MHz,5,4,5.260000,15.490000,20.750000,6674999.999985,2.416721862951e-06,8.055723393071e-06,4.019498159180e-06
29.5-30.0 MHz,5,4,5.260000,15.490000,20.750000,6699999.999985,1.936252592494e-06,3.501769278790e-06,1.739145716114e-06
29.5-30.0 MHz,5,4,5.260000,15.490000,20.750000,6724999.999985,7.254786839409e-07,3.822551151203e-06,1.996989175710e-06
29.5-30.0 MHz,5,4,5.260000,15.490000,20.750000,6749999.999985,1.371416759335e-06,7.167750701781e-06,3.737925724124e-06
29.5-30.0 MHz,5,4,5.260000,15.490000,20.750000,6774999.999985,3.726664678639e-07,2.959904565831e-06,1.655115088939e-06
29.5-30.0 MHz,5,4,5.260000,15.490000,20.750000,6799999.999985,4.123705649372e-07,9.097560228557e-07,5.777257019036e-07
29.5-30.0 MHz,5,4,5.260000,15.490000,20.750000,6824999.999985,7.963059723403e-07,4.299068008622e-06,2.184218716991e-06
29.5-30.0 MHz,5,4,5.260000,15.490000,20.750000,6849999.999985,2.348537569903e-06,6.225490078543e-06,3.061467648551e-06
29.5-30.0 MHz,5,4,5.260000,15.490000,20.750000,6874999.999985,1.722695724278e-06,3.000651475235e-06,1.473876859183e-06
29.5-30.0 MHz,5,4,5.260000,15.490000,20.750000,6899999.999985,3.714631229346e-07,1.684906014213e-06,8.231092684033e-07
29.5-30.0 MHz,5,4,5.260000,15.490000,20.750000,6924999.999985,5.144179548951e-07,2.306454838342e-06,1.127629897003e-06
29.5-30.0 MHz,5,4,5.260000,15.490000,20.750000,6949999.999985,2.444533047172e-06,6.075346385485e-06,2.972060232323e-06
29.5-30.0 MHz,5,4,5.260000,15.490000,20.750000,6974999.999985,1.522418531267e-06,2.957559803454e-07,1.681345820954e-07
29.5-30.0 MHz,5,4,5.260000,15.490000,20.750000,6999999.999985,3.195152740365e-06,9.529682368920e-06,4.609774662299e-06
29.5-30.0 MHz,5,4,5.260000,15.490000,20.750000,7024999.999985,3.160819545293e-06,1.149874071456e-05,5.552873947392e-06
29.5-30.0 MHz,5,4,5.260000,15.490000,20.750000,7049999.999985,6.622464894023e-07,8.182964216036e-06,4.002167308126e-06
29.5-30.0 MHz,5,4,5.260000,15.490000,20.750000,7074999.999984,1.438609049039e-06,6.675864051732e-06,3.394135734617e-06
29.5-30.0 MHz,5,4,5.260000,15.490000,20.750000,7099999.999984,1.271146698108e-06,6.079391596847e-06,3.028217290585e-06
29.5-30.0 MHz,5,4,5.260000,15.490000,20.750000,7124999.999984,1.065074215182e-06,3.754642152049e-06,1.816828581457e-06
29.5-30.0 MHz,5,4,5.260000,15.490000,20.750000,7149999.999984,7.666607018219e-07,4.772817317985e-06,2.361269585119e-06
29.5-30.0 MHz,5,4,5.260000,15.490000,20.750000,7174999.999984,1.366448123805e-07,3.068642841259e-06,1.547800496112e-06
29.5-30.0 MHz,5,4,5.260000,15.490000,20.750000,7199999.999984,9.136323077007e-07,5.716199833189e-06,2.823513123276e-06
29.5-30.0 MHz,5,4,5.260000,15.490000,20.750000,7224999.999984,2.080065744443e-06,9.404236690256e-06,4.544637706097e-06
29.5-30.0 MHz,5,4,5.260000,15.490000,20.750000,7249999.999984,1.371312019081e-06,4.083217969669e-06,1.898969263868e-06
29.5-30.0 MHz,5,4,5.260000,15.490000,20.750000,7274999.999984,9.073547830130e-07,3.729481684626e-06,1.836688100161e-06
29.5-30.0 MHz,5,4,5.260000,15.490000,20.750000,7299999.999984,2.539074276646e-06,8.345185110630e-06,4.110353464879e-06
29.5-30.0 MHz,5,4,5.260000,15.490000,20.750000,7324999.999984,3.070448279266e-06,8.526804373130e-06,4.161886379316e-06
29.5-30.0 MHz,5,4,5.260000,15.490000,20.750000,7349999.999984,2.512087308410e-06,6.618031113223e-06,3.190586275117e-06
29.5-30.0 MHz,5,4,5.260000,15.490000,20.750000,7374999.999984,1.757804282876e-06,4.524312296983e-06,2.121507554779e-06
29.5-30.0 MHz,5,4,5.260000,15.490000,20.750000,7399999.999984,1.040445804918e-06,4.892653920032e-06,2.370512204869e-06
29.5-30.0 MHz,5,4,5.260000,15.490000,20.750000,7424999.999984,1.353420737092e-06,3.266212234618e-06,1.658495729980e-06
29.5-30.0 MHz,5,4,5.260000,15.490000,20.750000,7449999.999984,1.062484923163e-06,1.379942332553e-06,7.281780694821e-07
29.5-30.0 MHz,5,4,5.260000,15.490000,20.750000,7474999.999984,6.879141724826e-07,1.496733523497e-06,7.812531989878e-07
29.5-30.0 MHz,5,4,5.260000,15.490000,20.750000,7499999.999984,1.170562369848e-06,2.606448266427e-06,1.370852808623e-06
29.5-30.0 MHz,5,4,5.260000,15.490000,20.750000,7524999.999983,1.504019484638e-06,1.755423014013e-06,8.173465704433e-07
29.5-30.0 MHz,5,4,5.260000,15.490000,20.750000,7549999.999983,1.015251360555e-06,4.972112968447e-06,2.488611230030e-06
29.5-30.0 MHz,5,4,5.260000,15.490000,20.750000,7574999.999983,3.832778374108e-06,1.567967777777e-05,7.593771673016e-06
29.5-30.0 MHz,5,4,5.260000,15.490000,20.750000,7599999.999983,4.415907359594e-06,1.075402039750e-05,5.108444050955e-06
29.5-30.0 MHz,5,4,5.260000,15.490000,20.750000,7624999.999983,1.818473821379e-06,8.401672094639e-06,3.923030843866e-06
29.5-30.0 MHz,5,4,5.260000,15.490000,20.750000,7649999.999983,1.405346044394e-06,1.617027644826e-06,7.373398379357e-07
29.5-30.0 MHz,5,4,5.260000,15.490000,20.750000,7674999.999983,2.727457787987e-06,7.141970423227e-06,3.470614406041e-06
29.5-30.0 MHz,5,4,5.260000,15.490000,20.750000,7699999.999983,2.518672872549e-06,3.560191812023e-06,1.683976787007e-06
29.5-30.0 MHz,5,4,5.260000,15.490000,20.750000,7724999.999983,2.110641560228e-06,2.163317325401e-06,1.012986737678e-06
29.5-30.0 MHz,5,4,5.260000,15.490000,20.750000,7749999.999983,1.848295819049e-07,3.459481768357e-06,1.731783220538e-06
29.5-30.0 MHz,5,4,5.260000,15.490000,20.750000,7774999.999983,1.124235809056e-06,5.315777849362e-06,2.588110266938e-06
29.5-30.0 MHz,5,4,5.260000,15.490000,20.750000,7799999.999983,1.995252314367e-06,8.750651053717e-06,4.215348886999e-06
29.5-30.0 MHz,5,4,5.260000,15.490000,20.750000,7824999.999983,8.027556060082e-07,5.117702785937e-06,2.443335205278e-06
29.5-30.0 MHz,5,4,5.260000,15.490000,20.750000,7849999.999983,4.570769611489e-07,7.062836545877e-06,3.422957079547e-06
29.5-30.0 MHz,5,4,5.260000,15.490000,20.750000,7874999.999983,2.237366746768e-06,1.596105042609e-05,7.815841526638e-06
29.5-30.0 MHz,5,4,5.260000,15.490000,20.750000,7899999.999983,2.170855533861e-06,1.435575459028e-05,7.051902873640e-06
29.5-30.0 MHz,5,4,5.260000,15.490000,20.750000,7924999.999983,1.646179907765e-06,7.017090002583e-06,3.449533102827e-06
29.5-30.0 MHz,5,4,5.260000,15.490000,20.750000,7949999.999983,1.927110226948e-06,9.434516164764e-06,4.579081561424e-06
29.5-30.0 MHz,5,4,5.260000,15.490000,20.750000,7974999.999983,1.942917666838e-06,1.323991495141e-05,6.430004906444e-06
29.5-30.0 MHz,5,4,5.260000,15.490000,20.750000,7999999.999982,1.728605066692e-06,7.823845797718e-06,3.796464716089e-06
29.5-30.0 MHz,5,4,5.260000,15.490000,20.750000,8024999.999982,6.931395094080e-07,3.342089553755e-06,1.682507019788e-06
29.5-30.0 MHz,5,4,5.260000,15.490000,20.750000,8049999.999982,1.445731254652e-06,8.927466904302e-07,3.806532850880e-07
29.5-30.0 MHz,5,4,5.260000,15.490000,20.750000,8074999.999982,1.337188210795e-06,4.356680872072e-06,2.055271453176e-06
29.5-30.0 MHz,5,4,5.260000,15.490000,20.750000,8099999.999982,3.332298299489e-07,6.216310985673e-06,3.013279403163e-06
29.5-30.0 MHz,5,4,5.260000,15.490000,20.750000,8124999.999982,7.614577230552e-07,3.032634260997e-06,1.496764482746e-06
29.5-30.0 MHz,5,4,5.260000,15.490000,20.750000,8149999.999982,9.135509863723e-07,1.012843368949e-05,4.964914875645e-06
29.5-30.0 MHz,5,4,5.260000,15.490000,20.750000,8174999.999982,1.535285602595e-06,1.366115968215e-05,6.806460821186e-06
29.5-30.0 MHz,5,4,5.260000,15.490000,20.750000,8199999.999982,9.203289913482e-07,5.378358543232e-06,2.364534535441e-06
29.5-30.0 MHz,5,4,5.260000,15.490000,20.750000,8224999.999982,4.554065065092e-07,6.980567506915e-06,3.444512577930e-06
29.5-30.0 MHz,5,4,5.260000,15.490000,20.750000,8249999.999982,4.431609306779e-07,4.271663704271e-06,2.188093626457e-06
29.5-30.0 MHz,5,4,5.260000,15.490000,20.750000,8274999.999982,2.341559115125e-07,4.878435927290e-06,2.466125148965e-06
29.5-30.0 MHz,5,4,5.260000,15.490000,20.750000,8299999.999982,4.727379910254e-07,4.222032422342e-06,2.132349677785e-06
29.5-30.0 MHz,5,4,5.260000,15.490000,20.750000,8324999.999982,5.722116025190e-07,3.839915644178e-06,1.912927412335e-06
29.5-30.0 MHz,5,4,5.260000,15.490000,20.750000,8349999.999982,9.837615764930e-07,8.147010176219e-06,4.028724011989e-06
29.5-30.0 MHz,5,4,5.260000,15.490000,20.750000,8374999.999982,9.569783706899e-07,7.105367952569e-06,3.469047643256e-06
29.5-30.0 MHz,5,4,5.260000,15.490000,20.750000,8399999.999982,9.029238724090e-07,4.809017277493e-06,2.316227920870e-06
29.5-30.0 MHz,5,4,5.260000,15.490000,20.750000,8424999.999982,6.840323775811e-07,6.315932385668e-06,3.107345663821e-06
29.5-30.0 MHz,5,4,5.260000,15.490000,20.750000,8449999.999981,1.251125532433e-06,1.124473762749e-05,5.527580435196e-06
29.5-30.0 MHz,5,4,5.260000,15.490000,20.750000,8474999.999981,1.640125100543e-06,1.070256261829e-05,5.258243440709e-06
29.5-30.0 MHz,5,4,5.260000,15.490000,20.750000,8499999.999981,2.212155735977e-06,4.204325349358e-06,2.017099459602e-06
29.5-30.0 MHz,5,4,5.260000,15.490000,20.750000,8524999.999981,1.647099036263e-06,5.760005410670e-06,2.800611704075e-06
29.5-30.0 MHz,5,4,5.260000,15.490000,20.750000,8549999.999981,6.178191103422e-07,1.019124834740e-05,4.884698820978e-06
29.5-30.0 MHz,5,4,5.260000,15.490000,20.750000,8574999.999981,9.075021851083e-07,5.595619833072e-06,2.699214081964e-06
29.5-30.0 MHz,5,4,5.260000,15.490000,20.750000,8599999.999981,1.468225270087e-06,3.727303167791e-06,1.886103436425e-06
29.5-30.0 MHz,5,4,5.260000,15.490000,20.750000,8624999.999981,8.451812394336e-07,9.221117735511e-06,4.554290362978e-06
29.5-30.0 MHz,5,4,5.260000,15.490000,20.750000,8649999.999981,2.261110730836e-07,8.588003535476e-06,4.207467196817e-06
29.5-30.0 MHz,5,4,5.260000,15.490000,20.750000,8674999.999981,1.600712964681e-06,5.112757080044e-06,2.537423615120e-06
29.5-30.0 MHz,5,4,5.260000,15.490000,20.750000,8699999.999981,1.850394128764e-06,5.528209704868e-06,2.832389376100e-06
29.5-30.0 MHz,5,4,5.260000,15.490000,20.750000,8724999.999981,1.191040862154e-06,6.718354823890e-06,3.348305765408e-06
29.5-30.0 MHz,5,4,5.260000,15.490000,20.750000,8749999.999981,1.800124159218e-06,7.275944109699e-06,3.577329732430e-06
29.5-30.0 MHz,5,4,5.260000,15.490000,20.750000,8774999.999981,7.900165740605e-07,4.761329228935e-06,2.161390483439e-06
29.5-30.0 MHz,5,4,5.260000,15.490000,20.750000,8799999.999981,5.127553723414e-07,4.648502340553e-06,2.149648995850e-06
29.5-30.0 MHz,5,4,5.260000,15.490000,20.750000,8824999.999981,1.109202027277e-06,5.850493170788e-06,2.833162609241e-06
29.5-30.0 MHz,5,4,5.260000,15.490000,20.750000,8849999.999981,8.143110359077e-07,3.657332720112e-06,1.777896666150e-06
29.5-30.0 MHz,5,4,5.260000,15.490000,20.750000,8874999.999981,9.246524935733e-07,1.187395501156e-06,6.187462100800e-07
29.5-30.0 MHz,5,4,5.260000,15.490000,20.750000,8899999.999980,1.200046863071e-06,2.360152086293e-06,1.190674673597e-06
29.5-30.0 MHz,5,4,5.260000,15.490000,20.750000,8924999.999980,1.952652660456e-06,3.832634174737e-06,1.950482088868e-06
29.5-30.0 MHz,5,4,5.260000,15.490000,20.750000,8949999.999980,2.476513901480e-06,3.257723034255e-06,1.685199553941e-06
29.5-30.0 MHz,5,4,5.260000,15.490000,20.750000,8974999.999980,2.203481692926e-06,2.324636848341e-06,1.161708878302e-06
29.5-30.0 MHz,5,4,5.260000,15.490000,20.750000,8999999.999980,2.549313625512e-06,4.158058805011e-06,2.038222506596e-06
29.5-30.0 MHz,5,4,5.260000,15.490000,20.750000,9024999.999980,6.504051341590e-06,8.912204241802e-06,4.455898539569e-06
29.5-30.0 MHz,5,4,5.260000,15.490000,20.750000,9049999.999980,5.487269241584e-06,9.408993184795e-06,4.656823910346e-06
29.5-30.0 MHz,5,4,5.260000,15.490000,20.750000,9074999.999980,6.703939776557e-07,3.281294363491e-06,1.535920403361e-06
29.5-30.0 MHz,5,4,5.260000,15.490000,20.750000,9099999.999980,3.044112254563e-06,3.653158773667e-06,1.918739098252e-06
29.5-30.0 MHz,5,4,5.260000,15.490000,20.750000,9124999.999980,3.507080466408e-06,2.952800639679e-06,1.620581644328e-06
29.5-30.0 MHz,5,4,5.260000,15.490000,20.750000,9149999.999980,2.195511894682e-06,2.293127676769e-06,1.196028932002e-06
29.5-30.0 MHz,5,4,5.260000,15.490000,20.750000,9174999.999980,8.084798427416e-07,1.583551982923e-06,7.507787865461e-07
29.5-30.0 MHz,5,4,5.260000,15.490000,20.750000,9199999.999980,2.543607324939e-06,6.723023576327e-07,2.575715204908e-07
29.5-30.0 MHz,5,4,5.260000,15.490000,20.750000,9224999.999980,2.368607414206e-06,9.315881700865e-07,3.866443073048e-07
29.5-30.0 MHz,5,4,5.260000,15.490000,20.750000,9249999.999980,1.932096441890e-06,4.463761314022e-07,2.282100060525e-07
29.5-30.0 MHz,5,4,5.260000,15.490000,20.750000,9274999.999980,7.925490478874e-07,2.313308903247e-06,1.115401765620e-06
29.5-30.0 MHz,5,4,5.260000,15.490000,20.750000,9299999.999980,8.318156058106e-07,4.810290163506e-07,2.320066108434e-07
29.5-30.0 MHz,5,4,5.260000,15.490000,20.750000,9324999.999980,3.754732899227e-06,3.661952850173e-06,1.953594330802e-06
29.5-30.0 MHz,5,4,5.260000,15.490000,20.750000,9349999.999979,3.118474491583e-06,2.788364687316e-06,1.502383323091e-06
29.5-30.0 MHz,5,4,5.260000,15.490000,20.750000,9374999.999979,2.557190848621e-06,1.458370633619e-06,5.492062432345e-07
29.5-30.0 MHz,5,4,5.260000,15.490000,20.750000,9399999.999979,1.682723314136e-06,7.224682399653e-07,2.793410848553e-07
29.5-30.0 MHz,5,4,5.260000,15.490000,20.750000,9424999.999979,1.910811708501e-06,8.330322496661e-07,4.364790946878e-07
29.5-30.0 MHz,5,4,5.260000,15.490000,20.750000,9449999.999979,7.719421037931e-07,1.889346349869e-06,9.289432679527e-07
29.5-30.0 MHz,5,4,5.260000,15.490000,20.750000,9474999.999979,2.179296824777e-06,2.217982431994e-06,1.077266856524e-06
29.5-30.0 MHz,5,4,5.260000,15.490000,20.750000,9499999.999979,4.931181254090e-06,2.904819807039e-06,1.451784594896e-06
29.5-30.0 MHz,5,4,5.260000,15.490000,20.750000,9524999.999979,3.298172632134e-06,8.636461536468e-07,4.474200499638e-07
29.5-30.0 MHz,5,4,5.260000,15.490000,20.750000,9549999.999979,4.615608851430e-07,4.166683549998e-07,2.295611875812e-07
29.5-30.0 MHz,5,4,5.260000,15.490000,20.750000,9574999.999979,3.856182159619e-07,8.845406742384e-07,4.293459173893e-07
29.5-30.0 MHz,5,4,5.260000,15.490000,20.750000,9599999.999979,6.474872616216e-06,1.620601446645e-06,8.084629965579e-07
29.5-30.0 MHz,5,4,5.260000,15.490000,20.750000,9624999.999979,6.907204657521e-06,1.965540777508e-06,1.001608943661e-06
29.5-30.0 MHz,5,4,5.260000,15.490000,20.750000,9649999.999979,4.454907885534e-06,7.368993030121e-07,3.775018296635e-07
29.5-30.0 MHz,5,4,5.260000,15.490000,20.750000,9674999.999979,5.187588909087e-06,2.048310675294e-06,1.055927513107e-06
29.5-30.0 MHz,5,4,5.260000,15.490000,20.750000,9699999.999979,4.503458501950e-06,2.663441979123e-06,1.343882409354e-06
29.5-30.0 MHz,5,4,5.260000,15.490000,20.750000,9724999.999979,2.913763863643e-06,2.023467571725e-06,1.008152528240e-06
29.5-30.0 MHz,5,4,5.260000,15.490000,20.750000,9749999.999979,2.176940643639e-06,1.199338165256e-06,5.895011781454e-07
29.5-30.0 MHz,5,4,5.260000,15.490000,20.750000,9774999.999979,5.485621417610e-06,2.926187365966e-06,1.448132613354e-06
29.5-30.0 MHz,5,4,5.260000,15.490000,20.750000,9799999.999979,1.411577566772e-06,1.561030427103e-06,7.406084620021e-07
29.5-30.0 MHz,5,4,5.260000,15.490000,20.750000,9824999.999978,5.313607771497e-06,1.241514073446e-06,6.371406350863e-07
29.5-30.0 MHz,5,4,5.260000,15.490000,20.750000,9849999.999978,5.437543920068e-06,2.333230838390e-06,1.155693315395e-06
29.5-30.0 MHz,5,4,5.260000,15.490000,20.750000,9874999.999978,5.108585514867e-06,1.767110764708e-06,8.883501042341e-07
29.5-30.0 MHz,5,4,5.260000,15.490000,20.750000,9899999.999978,1.207065889989e-05,2.600800792768e-06,1.364721714719e-06
29.5-30.0 MHz,5,4,5.260000,15.490000,20.750000,9924999.999978,1.173331501157e-05,3.846761468008e-06,1.691529013102e-06
29.5-30.0 MHz,5,4,5.260000,15.490000,20.750000,9949999.999978,1.300586709778e-05,3.626920125723e-06,1.980917861103e-06
29.5-30.0 MHz,5,4,5.260000,15.490000,20.750000,9974999.999978,1.789824525391e-05,4.207840097621e-06,2.100685214622e-06
29.5-30.0 MHz,5,4,5.260000,15.490000,20.750000,9999999.999978,2.477161805956e-05,6.542199317387e-06,3.288700698595e-06
29.5-30.0 MHz,5,4,5.260000,15.490000,20.750000,10024999.999978,3.474419229167e-05,1.046399975957e-05,5.259133439985e-06
29.5-30.0 MHz,5,4,5.260000,15.490000,20.750000,10049999.999978,5.152999517723e-05,1.449098949377e-05,7.306005929970e-06
29.5-30.0 MHz,5,4,5.260000,15.490000,20.750000,10074999.999978,8.028977363852e-05,2.064607680448e-05,1.039186358800e-05
29.5-30.0 MHz,5,4,5.260000,15.490000,20.750000,10099999.999978,1.394774590099e-04,4.010976544277e-05,2.021025949949e-05
29.5-30.0 MHz,5,4,5.260000,15.490000,20.750000,10124999.999978,2.685797194008e-04,7.383871081713e-05,3.710779668315e-05
29.5-30.0 MHz,5,4,5.260000,15.490000,20.750000,10149999.999978,6.359179967391e-04,1.769680293401e-04,8.911411605062e-05
29.5-30.0 MHz,5,4,5.260000,15.490000,20.750000,10174999.999978,2.221514086553e-03,6.144414060394e-04,3.093020723826e-04
29.5-30.0 MHz,5,4,5.260000,15.490000,20.750000,10199999.999978,3.562365427326e-02,9.873448482973e-03,4.970381763589e-03
29.5-30.0 MHz,5,4,5.260000,15.490000,20.750000,10224999.999978,9.794160075748e-02,2.714255746579e-02,1.366376993911e-02
29.5-30.0 MHz,5,4,5.260000,15.490000,20.750000,10249999.999978,6.529773896216e-02,1.809559895073e-02,9.109465792918e-03
29.5-30.0 MHz,5,4,5.260000,15.490000,20.750000,10274999.999977,4.668338778448e-03,1.293035901182e-03,6.509293741906e-04
29.5-30.0 MHz,5,4,5.260000,15.490000,20.750000,10299999.999977,9.833087564456e-04,2.735854638812e-04,1.377693536850e-04
29.5-30.0 MHz,5,4,5.260000,15.490000,20.750000,10324999.999977,3.676246236149e-04,1.009416300629e-04,5.078444814830e-05
29.5-30.0 MHz,5,4,5.260000,15.490000,20.750000,10349999.999977,1.775335804010e-04,4.994168637377e-05,2.515771401203e-05
29.5-30.0 MHz,5,4,5.260000,15.490000,20.750000,10374999.999977,1.000388348764e-04,2.680473311484e-05,1.353127345688e-05
29.5-30.0 MHz,5,4,5.260000,15.490000,20.750000,10399999.999977,6.161112938389e-05,1.750458034119e-05,8.865454400093e-06
29.5-30.0 MHz,5,4,5.260000,15.490000,20.750000,10424999.999977,3.943400509035e-05,9.670324165085e-06,4.988170507602e-06
29.5-30.0 MHz,5,4,5.260000,15.490000,20.750000,10449999.999977,2.765701415077e-05,7.160589859166e-06,3.901695846271e-06
29.5-30.0 MHz,5,4,5.260000,15.490000,20.750000,10474999.999977,4.205728225453e-05,8.478215838594e-06,5.122739145736e-06
29.5-30.0 MHz,5,4,5.260000,15.490000,20.750000,10499999.999977,5.229227269173e-04,1.465122371596e-04,7.153662878689e-05
29.5-30.0 MHz,5,4,5.260000,15.490000,20.750000,10524999.999977,7.813810272923e-04,2.126031541927e-04,1.047571657728e-04
29.5-30.0 MHz,5,4,5.260000,15.490000,20.750000,10549999.999977,2.808074200729e-04,7.611182760034e-05,3.723793144360e-05
29.5-30.0 MHz,5,4,5.260000,15.490000,20.750000,10574999.999977,2.382093408661e-05,8.530061690019e-06,3.967235436211e-06
29.5-30.0 MHz,5,4,5.260000,15.490000,20.750000,10599999.999977,8.270076974919e-06,3.560580800191e-06,1.655491674521e-06
29.5-30.0 MHz,5,4,5.260000,15.490000,20.750000,10624999.999977,4.958024231383e-06,9.510903267144e-07,5.015571071932e-07
29.5-30.0 MHz,5,4,5.260000,15.490000,20.750000,10649999.999977,6.362181880862e-06,3.217125328554e-06,1.520186689350e-06
29.5-30.0 MHz,5,4,5.260000,15.490000,20.750000,10674999.999977,1.660424860204e-06,1.848286395840e-06,8.538163545834e-07
29.5-30.0 MHz,5,4,5.260000,15.490000,20.750000,10699999.999977,4.866768367361e-06,2.247626500137e-06,1.085429563833e-06
29.5-30.0 MHz,5,4,5.260000,15.490000,20.750000,10724999.999976,2.456458176495e-06,9.438678249166e-07,5.100867066500e-07
29.5-30.0 MHz,5,4,5.260000,15.490000,20.750000,10749999.999976,5.636110452550e-06,3.618895658702e-06,1.845835026951e-06
29.5-30.0 MHz,5,4,5.260000,15.490000,20.750000,10774999.999976,1.029505536200e-05,5.239360335901e-06,2.586507112277e-06
29.5-30.0 MHz,5,4,5.260000,15.490000,20.750000,10799999.999976,2.342047136182e-05,8.919067592860e-06,4.382845292716e-06
29.5-30.0 MHz,5,4,5.260000,15.490000,20.750000,10824999.999976,8.120689953961e-06,4.868307583858e-07,3.177054887068e-07
29.5-30.0 MHz,5,4,5.260000,15.490000,20.750000,10849999.999976,1.258895822778e-05,9.185924989699e-06,4.565728149607e-06
29.5-30.0 MHz,5,4,5.260000,15.490000,20.750000,10874999.999976,6.998188415728e-06,4.744464795374e-06,2.379249365389e-06
29.5-30.0 MHz,5,4,5.260000,15.490000,20.750000,10899999.999976,1.177907603265e-06,4.450079875643e-07,2.762526155486e-07
29.5-30.0 MHz,5,4,5.260000,15.490000,20.750000,10924999.999976,3.403391391426e-06,2.719599538243e-06,1.386893297311e-06
29.5-30.0 MHz,5,4,5.260000,15.490000,20.750000,10949999.999976,4.998909460824e-06,4.363056448911e-06,2.200828321837e-06
29.5-30.0 MHz,5,4,5.260000,15.490000,20.750000,10974999.999976,3.026638140010e-06,2.692517193811e-06,1.373635572568e-06
29.5-30.0 MHz,5,4,5.260000,15.490000,20.750000,10999999.999976,2.898015761303e-06,1.883004495214e-06,9.347861593725e-07
29.5-30.0 MHz,5,4,5.260000,15.490000,20.750000,11024999.999976,2.281756987038e-06,2.473185576811e-06,1.250411904658e-06
29.5-30.0 MHz,5,4,5.260000,15.490000,20.750000,11049999.999976,5.838699443782e-06,3.381263075930e-06,1.702577128001e-06
29.5-30.0 MHz,5,4,5.260000,15.490000,20.750000,11074999.999976,7.825618043682e-06,4.495213203376e-06,2.163178147659e-06
29.5-30.0 MHz,5,4,5.260000,15.490000,20.750000,11099999.999976,5.053499695675e-06,2.652197770508e-06,1.013734849913e-06
29.5-30.0 MHz,5,4,5.260000,15.490000,20.750000,11124999.999976,8.290070213094e-06,5.543955915191e-06,2.579915532699e-06
29.5-30.0 MHz,5,4,5.260000,15.490000,20.750000,11149999.999976,5.430074627211e-06,3.912038511818e-06,1.946248899843e-06
29.5-30.0 MHz,5,4,5.260000,15.490000,20.750000,11174999.999975,1.707910957248e-06,9.279286964156e-07,4.800443238136e-07
29.5-30.0 MHz,5,4,5.260000,15.490000,20.750000,11199999.999975,3.900572796705e-06,3.177998093133e-06,1.568119074667e-06
29.5-30.0 MHz,5,4,5.260000,15.490000,20.750000,11224999.999975,5.203947291725e-06,4.707757656250e-06,2.346365421035e-06
29.5-30.0 MHz,5,4,5.260000,15.490000,20.750000,11249999.999975,8.432767792018e-06,7.506750075092e-06,3.712414403496e-06
29.5-30.0 MHz,5,4,5.260000,15.490000,20.750000,11274999.999975,3.012437807191e-06,3.672498795986e-06,1.842412346204e-06
29.5-30.0 MHz,5,4,5.260000,15.490000,20.750000,11299999.999975,1.964436747143e-06,2.721074974832e-06,1.398326796947e-06
29.5-30.0 MHz,5,4,5.260000,15.490000,20.750000,11324999.999975,6.948928133247e-06,6.792499989333e-06,3.394416938919e-06
29.5-30.0 MHz,5,4,5.260000,15.490000,20.750000,11349999.999975,6.071620063251e-06,7.022547119983e-06,3.505843901469e-06
29.5-30.0 MHz,5,4,5.260000,15.490000,20.750000,11374999.999975,1.189396791335e-06,1.280546309844e-06,6.554366333631e-07
29.5-30.0 MHz,5,4,5.260000,15.490000,20.750000,11399999.999975,1.832650849810e-05,1.428715401969e-05,7.047538655095e-06
29.5-30.0 MHz,5,4,5.260000,15.490000,20.750000,11424999.999975,2.915180669878e-05,2.263324872717e-05,1.120569144079e-05
29.5-30.0 MHz,5,4,5.260000,15.490000,20.750000,11449999.999975,1.677683323852e-05,1.273123648383e-05,6.332174915592e-06
29.5-30.0 MHz,5,4,5.260000,15.490000,20.750000,11474999.999975,8.719252984230e-06,6.056345257812e-06,3.020415199105e-06
29.5-30.0 MHz,5,4,5.260000,15.490000,20.750000,11499999.999975,8.338797135487e-06,6.312193969444e-06,3.167548660680e-06
29.5-30.0 MHz,5,4,5.260000,15.490000,20.750000,11524999.999975,9.522410702995e-06,7.393975323715e-06,3.669341344893e-06
29.5-30.0 MHz,5,4,5.260000,15.490000,20.750000,11549999.999975,8.819119434896e-06,7.457816499005e-06,3.652561187815e-06
29.5-30.0 MHz,5,4,5.260000,15.490000,20.750000,11574999.999975,3.182282291914e-06,3.152435407327e-06,1.515702050106e-06
29.5-30.0 MHz,5,4,5.260000,15.490000,20.750000,11599999.999975,5.374818468849e-06,3.257482921134e-06,1.577724422993e-06
29.5-30.0 MHz,5,4,5.260000,15.490000,20.750000,11624999.999975,1.002883610511e-05,7.813872697662e-06,3.861934300439e-06
29.5-30.0 MHz,5,4,5.260000,15.490000,20.750000,11649999.999974,8.077630412987e-06,6.843225755105e-06,3.352647283629e-06
29.5-30.0 MHz,5,4,5.260000,15.490000,20.750000,11674999.999974,3.395050709578e-06,1.406452401980e-06,6.077038982763e-07
29.5-30.0 MHz,5,4,5.260000,15.490000,20.750000,11699999.999974,4.773830356350e-06,3.874065899792e-06,2.025182932831e-06
29.5-30.0 MHz,5,4,5.260000,15.490000,20.750000,11724999.999974,7.271519285374e-06,4.894939667971e-06,2.495724977460e-06
29.5-30.0 MHz,5,4,5.260000,15.490000,20.750000,11749999.999974,1.047246909434e-05,9.097850295417e-06,4.517099301153e-06
29.5-30.0 MHz,5,4,5.260000,15.490000,20.750000,11774999.999974,4.674504887112e-06,5.162332227438e-06,2.580101714271e-06
29.5-30.0 MHz,5,4,5.260000,15.490000,20.750000,11799999.999974,9.253466573184e-06,6.148689806194e-06,3.021600706650e-06
29.5-30.0 MHz,5,4,5.260000,15.490000,20.750000,11824999.999974,1.625762332722e-05,1.248458090182e-05,6.135103994833e-06
29.5-30.0 MHz,5,4,5.260000,15.490000,20.750000,11849999.999974,1.107646185557e-05,9.319088775231e-06,4.560777742101e-06
29.5-30.0 MHz,5,4,5.260000,15.490000,20.750000,11874999.999974,7.561258919537e-06,6.627762757783e-06,3.260003747888e-06
29.5-30.0 MHz,5,4,5.260000,15.490000,20.750000,11899999.999974,1.449538687954e-05,1.101525229838e-05,5.407600835164e-06
29.5-30.0 MHz,5,4,5.260000,15.490000,20.750000,11924999.999974,1.812523121208e-05,1.400316627590e-05,6.887031452089e-06
29.5-30.0 MHz,5,4,5.260000,15.490000,20.750000,11949999.999974,7.732857674623e-06,7.426464805314e-06,3.644662322572e-06
29.5-30.0 MHz,5,4,5.260000,15.490000,20.750000,11974999.999974,9.610612073900e-06,5.826098484869e-06,2.784175591195e-06
29.5-30.0 MHz,5,4,5.260000,15.490000,20.750000,11999999.999974,1.440257847226e-05,8.575860075007e-06,4.126766920280e-06
29.5-30.0 MHz,5,4,5.260000,15.490000,20.750000,12024999.999974,1.373421759522e-05,9.554976513977e-06,4.655015479975e-06
29.5-30.0 MHz,5,4,5.260000,15.490000,20.750000,12049999.999974,7.640146854747e-06,5.767674851968e-06,2.800747536664e-06
29.5-30.0 MHz,5,4,5.260000,15.490000,20.750000,12074999.999974,6.123460642149e-06,3.816828141998e-06,1.880450594274e-06
29.5-30.0 MHz,5,4,5.260000,15.490000,20.750000,12099999.999973,7.633448334283e-06,6.012600335837e-06,3.044487261715e-06
29.5-30.0 MHz,5,4,5.260000,15.490000,20.750000,12124999.999973,6.888921909780e-06,5.657782142858e-06,2.881516721539e-06
29.5-30.0 MHz,5,4,5.260000,15.490000,20.750000,12149999.999973,2.510097086946e-06,2.092632296384e-06,1.078873436097e-06
29.5-30.0 MHz,5,4,5.260000,15.490000,20.750000,12174999.999973,4.288022911001e-06,2.294627067902e-06,1.170348198675e-06
29.5-30.0 MHz,5,4,5.260000,15.490000,20.750000,12199999.999973,4.599449915347e-06,1.734799316846e-06,9.338183349591e-07
29.5-30.0 MHz,5,4,5.260000,15.490000,20.750000,12224999.999973,5.932192535691e-06,5.094927803174e-06,2.523640829726e-06
29.5-30.0 MHz,5,4,5.260000,15.490000,20.750000,12249999.999973,1.254697588594e-05,1.173520734043e-05,5.697528516384e-06
29.5-30.0 MHz,5,4,5.260000,15.490000,20.750000,12274999.999973,1.310786776620e-05,1.265967185678e-05,6.183978747315e-06
29.5-30.0 MHz,5,4,5.260000,15.490000,20.750000,12299999.999973,1.723520661598e-05,1.778827598441e-05,8.788790073344e-06
29.5-30.0 MHz,5,4,5.260000,15.490000,20.750000,12324999.999973,3.742258068433e-06,5.331176593065e-06,2.664902565355e-06
29.5-30.0 MHz,5,4,5.260000,15.490000,20.750000,12349999.999973,9.284639843680e-06,9.756337358362e-06,4.832293661631e-06
29.5-30.0 MHz,5,4,5.260000,15.490000,20.750000,12374999.999973,1.020790068789e-05,1.161655464541e-05,5.702356167550e-06
29.5-30.0 MHz,5,4,5.260000,15.490000,20.750000,12399999.999973,6.984448843776e-06,9.573937230573e-06,4.686767358363e-06
29.5-30.0 MHz,5,4,5.260000,15.490000,20.750000,12424999.999973,2.950610242372e-06,5.136976521714e-06,2.579619516112e-06
29.5-30.0 MHz,5,4,5.260000,15.490000,20.750000,12449999.999973,5.428473204714e-06,5.880116426922e-06,2.916172608024e-06
29.5-30.0 MHz,5,4,5.260000,15.490000,20.750000,12474999.999973,1.642298219386e-05,1.592885803349e-05,7.788429278857e-06
29.5-30.0 MHz,5,4,5.260000,15.490000,20.750000,12499999.999973,1.801123984699e-05,1.626359867267e-05,7.911245608853e-06
29.5-30.0 MHz,5,4,5.260000,15.490000,20.750000,12524999.999973,6.097069826446e-06,3.471617544499e-06,1.657260970111e-06
29.5-30.0 MHz,5,4,5.260000,15.490000,20.750000,12549999.999972,1.449742768050e-05,1.705704307663e-05,8.482198133364e-06
29.5-30.0 MHz,5,4,5.260000,15.490000,20.750000,12574999.999972,2.090987259334e-05,2.300532950210e-05,1.144025264955e-05
29.5-30.0 MHz,5,4,5.260000,15.490000,20.750000,12599999.999972,1.415091200660e-05,1.470546526650e-05,7.294970834634e-06
29.5-30.0 MHz,5,4,5.260000,15.490000,20.750000,12624999.999972,5.328250068703e-06,6.095339578430e-06,3.008459792641e-06
29.5-30.0 MHz,5,4,5.260000,15.490000,20.750000,12649999.999972,9.574652082243e-06,1.142049417191e-05,5.614346836048e-06
29.5-30.0 MHz,5,4,5.260000,15.490000,20.750000,12674999.999972,7.770586231216e-06,1.145425657131e-05,5.616652016017e-06
29.5-30.0 MHz,5,4,5.260000,15.490000,20.750000,12699999.999972,6.846752210181e-06,9.487168137343e-06,4.641124696381e-06
29.5-30.0 MHz,5,4,5.260000,15.490000,20.750000,12724999.999972,1.186081971574e-06,1.662548174235e-06,8.325113919123e-07
29.5-30.0 MHz,5,4,5.260000,15.490000,20.750000,12749999.999972,5.580593708461e-06,7.330927865943e-06,3.644717851855e-06
29.5-30.0 MHz,5,4,5.260000,15.490000,20.750000,12774999.999972,7.665583987423e-06,7.965939659643e-06,3.928040208881e-06
29.5-30.0 MHz,5,4,5.260000,15.490000,20.750000,12799999.999972,5.415782087410e-06,3.705359054704e-06,1.861259204807e-06
29.5-30.0 MHz,5,4,5.260000,15.490000,20.750000,12824999.999972,1.221568362375e-05,1.327959847278e-05,6.433331601395e-06
29.5-30.0 MHz,5,4,5.260000,15.490000,20.750000,12849999.999972,1.974634645945e-05,1.341055721903e-05,6.382621360282e-06
29.5-30.0 MHz,5,4,5.260000,15.490000,20.750000,12874999.999972,2.597088453104e-05,2.496078624864e-05,1.222821144524e-05
29.5-30.0 MHz,5,4,5.260000,15.490000,20.750000,12899999.999972,9.457709203403e-06,9.340868110063e-06,4.544598646340e-06
29.5-30.0 MHz,5,4,5.260000,15.490000,20.750000,12924999.999972,5.200027364974e-06,4.171368003683e-06,2.043992757921e-06
29.5-30.0 MHz,5,4,5.260000,15.490000,20.750000,12949999.999972,3.155788687750e-06,4.704987524528e-06,2.315593868802e-06
29.5-30.0 MHz,5,4,5.260000,15.490000,20.750000,12974999.999972,5.244320867585e-06,6.039102870450e-06,2.991380872099e-06
29.5-30.0 MHz,5,4,5.260000,15.490000,20.750000,12999999.999971,7.831389986322e-07,1.285143269613e-06,6.508328166930e-07
29.5-30.0 MHz,5,4,5.260000,15.490000,20.750000,13024999.999971,4.632962756530e-06,7.762756226585e-06,3.877269871703e-06
29.5-30.0 MHz,5,4,5.260000,15.490000,20.750000,13049999.999971,8.924431887339e-06,1.385889813405e-05,6.791203021490e-06
29.5-30.0 MHz,5,4,5.260000,15.490000,20.750000,13074999.999971,1.344373994098e-05,1.735486577736e-05,8.480187403359e-06
29.5-30.0 MHz,5,4,5.260000,15.490000,20.750000,13099999.999971,1.177637218919e-05,1.335852106454e-05,6.546827050343e-06
29.5-30.0 MHz,5,4,5.260000,15.490000,20.750000,13124999.999971,1.019760407605e-05,1.373458100946e-05,6.675459854112e-06
29.5-30.0 MHz,5,4,5.260000,15.490000,20.750000,13149999.999971,1.314594618533e-05,2.033183494005e-05,9.965313637284e-06
29.5-30.0 MHz,5,4,5.260000,15.490000,20.750000,13174999.999971,1.463514454181e-05,1.891971437123e-05,9.316603395585e-06
29.5-30.0 MHz,5,4,5.260000,15.490000,20.750000,13199999.999971,1.172070884213e-05,9.832663298981e-06,4.810603059885e-06
29.5-30.0 MHz,5,4,5.260000,15.490000,20.750000,13224999.999971,1.388172722374e-05,1.303870483865e-05,6.298747596286e-06
29.5-30.0 MHz,5,4,5.260000,15.490000,20.750000,13249999.999971,9.193203583574e-06,1.095407619270e-05,5.332448948428e-06
29.5-30.0 MHz,5,4,5.260000,15.490000,20.750000,13274999.999971,1.786844687586e-06,2.670762378125e-06,1.326185359982e-06
29.5-30.0 MHz,5,4,5.260000,15.490000,20.750000,13299999.999971,4.447823660433e-06,6.760020811274e-06,3.410198168562e-06
29.5-30.0 MHz,5,4,5.260000,15.490000,20.750000,13324999.999971,5.004083909280e-06,7.413973822160e-06,3.709570594391e-06
29.5-30.0 MHz,5,4,5.260000,15.490000,20.750000,13349999.999971,3.178847663951e-06,7.474947385644e-06,3.655277783174e-06
29.5-30.0 MHz,5,4,5.260000,15.490000,20.750000,13374999.999971,9.347872810566e-06,1.172686669999e-05,5.762355003346e-06
29.5-30.0 MHz,5,4,5.260000,15.490000,20.750000,13399999.999971,9.473480840989e-06,1.041983052220e-05,5.154134031912e-06
29.5-30.0 MHz,5,4,5.260000,15.490000,20.750000,13424999.999971,1.739721290012e-05,1.951648376194e-05,9.430452245802e-06
29.5-30.0 MHz,5,4,5.260000,15.490000,20.750000,13449999.999971,1.927340322654e-05,1.970463356559e-05,9.393014990816e-06
29.5-30.0 MHz,5,4,5.260000,15.490000,20.750000,13474999.999970,1.274971423363e-05,1.538266659435e-05,7.464714095904e-06
29.5-30.0 MHz,5,4,5.260000,15.490000,20.750000,13499999.999970,6.867053054739e-06,4.568996461458e-06,2.195325738877e-06
29.5-30.0 MHz,5,4,5.260000,15.490000,20.750000,13524999.999970,9.607066797853e-06,6.435303316993e-06,3.150688095701e-06
29.5-30.0 MHz,5,4,5.260000,15.490000,20.750000,13549999.999970,8.217862118447e-06,6.610600625485e-06,3.318321581734e-06
29.5-30.0 MHz,5,4,5.260000,15.490000,20.750000,13574999.999970,3.265489202154e-06,3.439462564728e-06,1.729180335526e-06
29.5-30.0 MHz,5,4,5.260000,15.490000,20.750000,13599999.999970,6.373223336675e-06,5.993510651689e-06,2.972227572451e-06
29.5-30.0 MHz,5,4,5.260000,15.490000,20.750000,13624999.999970,5.754725987645e-06,7.094766946172e-06,3.567381824488e-06
29.5-30.0 MHz,5,4,5.260000,15.490000,20.750000,13649999.999970,3.544628722851e-06,3.851566300279e-06,1.950494325096e-06
29.5-30.0 MHz,5,4,5.260000,15.490000,20.750000,13674999.999970,2.652335498389e-06,2.447719604336e-06,1.134473136031e-06
29.5-30.0 MHz,5,4,5.260000,15.490000,20.750000,13699999.999970,7.775553743233e-06,5.361882443513e-06,2.716351433379e-06
29.5-30.0 MHz,5,4,5.260000,15.490000,20.750000,13724999.999970,6.781653311937e-06,3.771583973586e-06,1.965428171821e-06
29.5-30.0 MHz,5,4,5.260000,15.490000,20.750000,13749999.999970,3.903117185608e-06,1.368335362196e-06,6.608027501561e-07
29.5-30.0 MHz,5,4,5.260000,15.490000,20.750000,13774999.999970,6.687440384220e-06,4.205594353063e-06,2.094757434243e-06
29.5-30.0 MHz,5,4,5.260000,15.490000,20.750000,13799999.999970,1.706272749067e-05,1.444142233845e-05,7.075724879002e-06
29.5-30.0 MHz,5,4,5.260000,15.490000,20.750000,13824999.999970,1.392584371983e-05,1.464126976310e-05,7.201269895098e-06
29.5-30.0 MHz,5,4,5.260000,15.490000,20.750000,13849999.999970,5.773312855542e-06,6.790809114597e-06,3.397742515179e-06
29.5-30.0 MHz,5,4,5.260000,15.490000,20.750000,13874999.999970,2.854394128982e-06,2.801705755779e-06,1.443428269925e-06
29.5-30.0 MHz,5,4,5.260000,15.490000,20.750000,13899999.999970,7.272884530564e-06,3.611532878443e-06,1.827289266269e-06
29.5-30.0 MHz,5,4,5.260000,15.490000,20.750000,13924999.999969,3.723940311531e-06,5.163115956806e-06,2.606950559403e-06
29.5-30.0 MHz,5,4,5.260000,15.490000,20.750000,13949999.999969,2.993257399295e-06,6.107728415333e-06,3.067582421630e-06
29.5-30.0 MHz,5,4,5.260000,15.490000,20.750000,13974999.999969,3.852519385818e-06,3.703224840450e-06,1.882782749227e-06
29.5-30.0 MHz,5,4,5.260000,15.490000,20.750000,13999999.999969,9.292076157943e-06,1.366631821709e-05,6.723004637515e-06
29.5-30.0 MHz,5,4,5.260000,15.490000,20.750000,14024999.999969,7.085015297659e-06,1.360355002203e-05,6.633455523808e-06
29.5-30.0 MHz,5,4,5.260000,15.490000,20.750000,14049999.999969,8.821588923470e-06,6.544685527028e-06,3.232142529324e-06
29.5-30.0 MHz,5,4,5.260000,15.490000,20.750000,14074999.999969,5.450744191808e-06,3.141779475172e-06,1.571030113419e-06
29.5-30.0 MHz,5,4,5.260000,15.490000,20.750000,14099999.999969,3.762169913646e-06,3.815709404196e-06,1.931514695058e-06
29.5-30.0 MHz,5,4,5.260000,15.490000,20.750000,14124999.999969,4.387517324260e-06,3.983848366409e-06,2.028434355455e-06
29.5-30.0 MHz,5,4,5.260000,15.490000,20.750000,14149999.999969,5.751098248714e-06,5.173489035578e-06,2.618702465270e-06
29.5-30.0 MHz,5,4,5.260000,15.490000,20.750000,14174999.999969,5.195928272875e-06,8.318810297468e-06,4.150526530346e-06
29.5-30.0 MHz,5,4,5.260000,15.490000,20.750000,14199999.999969,1.028870966634e-06,5.981705149633e-06,2.966369395321e-06
29.5-30.0 MHz,5,4,5.260000,15.490000,20.750000,14224999.999969,7.208626119799e-06,1.349913934681e-06,6.582066964972e-07
29.5-30.0 MHz,5,4,5.260000,15.490000,20.750000,14249999.999969,8.846167237293e-06,3.688672051119e-06,1.737513367241e-06
29.5-30.0 MHz,5,4,5.260000,15.490000,20.750000,14274999.999969,8.496578744057e-06,3.235519940272e-06,1.755778642524e-06
29.5-30.0 MHz,5,4,5.260000,15.490000,20.750000,14299999.999969,7.050171451144e-06,4.713797014338e-06,2.565863839497e-06
29.5-30.0 MHz,5,4,5.260000,15.490000,20.750000,14324999.999969,7.911730801693e-07,3.417004700261e-06,1.743611743343e-06
29.5-30.0 MHz,5,4,5.260000,15.490000,20.750000,14349999.999969,3.714988272487e-06,9.429440105858e-06,4.652781428832e-06
29.5-30.0 MHz,5,4,5.260000,15.490000,20.750000,14374999.999968,1.124477552452e-05,1.315593489140e-05,6.524763455625e-06
29.5-30.0 MHz,5,4,5.260000,15.490000,20.750000,14399999.999968,6.588148566145e-06,7.333192542385e-06,3.628955407401e-06
29.5-30.0 MHz,5,4,5.260000,15.490000,20.750000,14424999.999968,1.001507644821e-05,8.316702425738e-06,4.131639228047e-06
29.5-30.0 MHz,5,4,5.260000,15.490000,20.750000,14449999.999968,1.192632185938e-05,1.120989231945e-05,5.547378411151e-06
29.5-30.0 MHz,5,4,5.260000,15.490000,20.750000,14474999.999968,1.097230142371e-05,1.267663403570e-05,6.274282232282e-06
29.5-30.0 MHz,5,4,5.260000,15.490000,20.750000,14499999.999968,4.275074372320e-06,5.117503295694e-06,2.510840168085e-06
29.5-30.0 MHz,5,4,5.260000,15.490000,20.750000,14524999.999968,3.732105086906e-06,4.457804795574e-06,2.263875165964e-06
29.5-30.0 MHz,5,4,5.260000,15.490000,20.750000,14549999.999968,1.052796867546e-05,9.239116402689e-06,4.635855967840e-06
29.5-30.0 MHz,5,4,5.260000,15.490000,20.750000,14574999.999968,7.453978462644e-06,6.398609721595e-06,3.277609479533e-06
29.5-30.0 MHz,5,4,5.260000,15.490000,20.750000,14599999.999968,7.055482958361e-06,3.854853212475e-06,2.039074836638e-06
29.5-30.0 MHz,5,4,5.260000,15.490000,20.750000,14624999.999968,8.964214428003e-06,1.662509453703e-06,8.361485419064e-07
29.5-30.0 MHz,5,4,5.260000,15.490000,20.750000,14649999.999968,4.223235323466e-06,2.431597622506e-06,1.179919699090e-06
29.5-30.0 MHz,5,4,5.260000,15.490000,20.750000,14674999.999968,6.422976425372e-06,8.571227077380e-06,4.185702265293e-06
29.5-30.0 MHz,5,4,5.260000,15.490000,20.750000,14699999.999968,7.514615847098e-06,8.893517288768e-06,4.321204143919e-06
29.5-30.0 MHz,5,4,5.260000,15.490000,20.750000,14724999.999968,3.686442674946e-06,3.169365768371e-06,1.503573017126e-06
29.5-30.0 MHz,5,4,5.260000,15.490000,20.750000,14749999.999968,7.496370554976e-06,9.117932509539e-06,4.556612447976e-06
29.5-30.0 MHz,5,4,5.260000,15.490000,20.750000,14774999.999968,4.795064891679e-06,8.238243459637e-06,4.111425354906e-06
29.5-30.0 MHz,5,4,5.260000,15.490000,20.750000,14799999.999968,1.156801328084e-05,7.609815564851e-06,3.774276461705e-06
29.5-30.0 MHz,5,4,5.260000,15.490000,20.750000,14824999.999967,1.315119334925e-05,7.827741992369e-06,3.862557257603e-06
29.5-30.0 MHz,5,4,5.260000,15.490000,20.750000,14849999.999967,1.300015722360e-05,1.157998519041e-05,5.761772644967e-06
29.5-30.0 MHz,5,4,5.260000,15.490000,20.750000,14874999.999967,3.160961273696e-05,2.541472756344e-05,1.273866384042e-05
29.5-30.0 MHz,5,4,5.260000,15.490000,20.750000,14899999.999967,7.602135302254e-05,4.070521714333e-05,2.040496807101e-05
29.5-30.0 MHz,5,4,5.260000,15.490000,20.750000,14924999.999967,6.466442264272e-05,2.850538736198e-05,1.425681093418e-05
29.5-30.0 MHz,5,4,5.260000,15.490000,20.750000,14949999.999967,2.482870871411e-05,5.259040638657e-06,2.693371680642e-06
29.5-30.0 MHz,5,4,5.260000,15.490000,20.750000,14974999.999967,9.020756917081e-06,4.031704605233e-06,1.951741562830e-06
29.5-30.0 MHz,5,4,5.260000,15.490000,20.750000,14999999.999967,5.469324609771e-06,3.112849240128e-06,1.560529159924e-06
29.5-30.0 MHz,5,4,5.260000,15.490000,20.750000,15024999.999967,7.911390248563e-06,4.941568864516e-06,2.510220447603e-06
29.5-30.0 MHz,5,4,5.260000,15.490000,20.750000,15049999.999967,1.584482000018e-05,1.006452003571e-05,5.089301066498e-06
29.5-30.0 MHz,5,4,5.260000,15.490000,20.750000,15074999.999967,1.338899577728e-05,7.328564548358e-06,3.656881302232e-06
29.5-30.0 MHz,5,4,5.260000,15.490000,20.750000,15099999.999967,9.105655159111e-06,7.788011703079e-06,3.835512257073e-06
29.5-30.0 MHz,5,4,5.260000,15.490000,20.750000,15124999.999967,1.008290596616e-05,6.900321706431e-06,3.435882537813e-06
29.5-30.0 MHz,5,4,5.260000,15.490000,20.750000,15149999.999967,1.018705229816e-05,7.678856930428e-06,3.817936051288e-06
29.5-30.0 MHz,5,4,5.260000,15.490000,20.750000,15174999.999967,1.223611995974e-05,6.038978613522e-06,2.990753521851e-06
29.5-30.0 MHz,5,4,5.260000,15.490000,20.750000,15199999.999967,2.269801028755e-05,8.168887272972e-06,4.044436902524e-06
29.5-30.0 MHz,5,4,5.260000,15.490000,20.750000,15224999.999967,2.018497611574e-05,7.443627794259e-06,3.686522960251e-06
29.5-30.0 MHz,5,4,5.260000,15.490000,20.750000,15249999.999967,1.225821386708e-05,5.709139404460e-06,2.857081620849e-06
29.5-30.0 MHz,5,4,5.260000,15.490000,20.750000,15274999.999967,2.894021672899e-05,1.342360821203e-05,6.700474209049e-06
29.5-30.0 MHz,5,4,5.260000,15.490000,20.750000,15299999.999966,1.856001373469e-05,6.425169105454e-06,3.197592158805e-06
29.5-30.0 MHz,5,4,5.260000,15.490000,20.750000,15324999.999966,5.654445481569e-05,2.305817353485e-05,1.162282336900e-05
29.5-30.0 MHz,5,4,5.260000,15.490000,20.750000,15349999.999966,6.157661586546e-05,2.405955369068e-05,1.194843388996e-05
29.5-30.0 MHz,5,4,5.260000,15.490000,20.750000,15374999.999966,1.477184261821e-04,6.049517319936e-05,3.033541113554e-05
29.5-30.0 MHz,5,4,5.260000,15.490000,20.750000,15399999.999966,2.947828964911e-04,1.139622701895e-04,5.711692603772e-05
29.5-30.0 MHz,5,4,5.260000,15.490000,20.750000,15424999.999966,8.335270297736e-04,3.344311889102e-04,1.674845230474e-04
29.5-30.0 MHz,5,4,5.260000,15.490000,20.750000,15449999.999966,5.051972070409e-03,2.002484520657e-03,1.002815141817e-03
29.5-30.0 MHz,5,4,5.260000,15.490000,20.750000,15474999.999966,3.281138484590e-02,1.302708480860e-02,6.524208514484e-03
29.5-30.0 MHz,5,4,5.260000,15.490000,20.750000,15499999.999966,3.749327609975e-02,1.489034546964e-02,7.457453724112e-03
29.5-30.0 MHz,5,4,5.260000,15.490000,20.750000,15524999.999966,9.372070812611e-03,3.724633361042e-03,1.865459008350e-03
29.5-30.0 MHz,5,4,5.260000,15.490000,20.750000,15549999.999966,1.093297181285e-03,4.326312384238e-04,2.165914473168e-04
29.5-30.0 MHz,5,4,5.260000,15.490000,20.750000,15574999.999966,3.633552495737e-04,1.456570439655e-04,7.298896770062e-05
29.5-30.0 MHz,5,4,5.260000,15.490000,20.750000,15599999.999966,1.598296605601e-04,6.182736881843e-05,3.097933272663e-05
29.5-30.0 MHz,5,4,5.260000,15.490000,20.750000,15624999.999966,7.431469006734e-05,3.164650921464e-05,1.577629515850e-05
29.5-30.0 MHz,5,4,5.260000,15.490000,20.750000,15649999.999966,5.736981186288e-05,2.197847532423e-05,1.105087533631e-05
29.5-30.0 MHz,5,4,5.260000,15.490000,20.750000,15674999.999966,2.710084838380e-05,1.090980854869e-05,5.378956999506e-06
29.5-30.0 MHz,5,4,5.260000,15.490000,20.750000,15699999.999966,3.700952891877e-05,1.652452801076e-05,8.305969373881e-06
29.5-30.0 MHz,5,4,5.260000,15.490000,20.750000,15724999.999966,1.386445470205e-05,6.687096486117e-06,3.325871849538e-06
29.5-30.0 MHz,5,4,5.260000,15.490000,20.750000,15749999.999965,1.291995341004e-04,6.426636579860e-05,3.207031787295e-05
29.5-30.0 MHz,5,4,5.260000,15.490000,20.750000,15774999.999965,2.830752956115e-04,1.280269103495e-04,6.400692544518e-05
29.5-30.0 MHz,5,4,5.260000,15.490000,20.750000,15799999.999965,1.899178871164e-04,8.092135174486e-05,4.055711771100e-05
29.5-30.0 MHz,5,4,5.260000,15.490000,20.750000,15824999.999965,8.797606261154e-06,2.175368724695e-06,1.036432656915e-06
29.5-30.0 MHz,5,4,5.260000,15.490000,20.750000,15849999.999965,5.679989051697e-06,5.802707983787e-06,2.912877005747e-06
29.5-30.0 MHz,5,4,5.260000,15.490000,20.750000,15874999.999965,7.965706659520e-06,7.422478588139e-06,3.678849546855e-06
29.5-30.0 MHz,5,4,5.260000,15.490000,20.750000,15899999.999965,1.411308883202e-05,6.580945312207e-06,3.228827384486e-06
29.5-30.0 MHz,5,4,5.260000,15.490000,20.750000,15924999.999965,1.507519169219e-05,4.728114320135e-06,2.345242479200e-06
29.5-30.0 MHz,5,4,5.260000,15.490000,20.750000,15949999.999965,1.087345656614e-05,4.380351146854e-06,2.148378712290e-06
29.5-30.0 MHz,5,4,5.260000,15.490000,20.750000,15974999.999965,1.240572693913e-05,8.321901281268e-06,4.195292643882e-06
29.5-30.0 MHz,5,4,5.260000,15.490000,20.750000,15999999.999965,3.114867528250e-05,1.970779689227e-05,9.864026928781e-06
29.5-30.0 MHz,5,4,5.260000,15.490000,20.750000,16024999.999965,4.373092922247e-05,2.211035592756e-05,1.108014046027e-05
29.5-30.0 MHz,5,4,5.260000,15.490000,20.750000,16049999.999965,9.232557223658e-05,4.374361503104e-05,2.180135078820e-05
29.5-30.0 MHz,5,4,5.260000,15.490000,20.750000,16074999.999965,1.218699930069e-04,5.894993607770e-05,2.935007756765e-05
29.5-30.0 MHz,5,4,5.260000,15.490000,20.750000,16099999.999965,4.836022639761e-05,2.223582784282e-05,1.101747562632e-05
29.5-30.0 MHz,5,4,5.260000,15.490000,20.750000,16124999.999965,1.271342386516e-05,3.567280882377e-06,1.722201188179e-06
29.5-30.0 MHz,5,4,5.260000,15.490000,20.750000,16149999.999965,1.624409906647e-05,9.178870357115e-06,4.497322009970e-06
29.5-30.0 MHz,5,4,5.260000,15.490000,20.750000,16174999.999965,1.890205907115e-05,1.025588045493e-05,5.036061753138e-06
29.5-30.0 MHz,5,4,5.260000,15.490000,20.750000,16199999.999964,3.067914258363e-06,5.590312423744e-06,2.821105373785e-06
29.5-30.0 MHz,5,4,5.260000,15.490000,20.750000,16224999.999964,7.400433761793e-06,8.256910756164e-06,4.162911231943e-06
29.5-30.0 MHz,5,4,5.260000,15.490000,20.750000,16249999.999964,5.118181012682e-06,2.773818981979e-06,1.363809775079e-06
29.5-30.0 MHz,5,4,5.260000,15.490000,20.750000,16274999.999964,1.092069864614e-05,5.429259479094e-06,2.637078619764e-06
29.5-30.0 MHz,5,4,5.260000,15.490000,20.750000,16299999.999964,9.319354636899e-06,5.190738717540e-06,2.498412951271e-06
29.5-30.0 MHz,5,4,5.260000,15.490000,20.750000,16324999.999964,5.039310416001e-06,4.778439334309e-06,2.379867886937e-06
29.5-30.0 MHz,5,4,5.260000,15.490000,20.750000,16349999.999964,1.566400477182e-05,1.133468746621e-05,5.646659224841e-06
29.5-30.0 MHz,5,4,5.260000,15.490000,20.750000,16374999.999964,1.844108916075e-05,1.026117546843e-05,5.159512629586e-06
29.5-30.0 MHz,5,4,5.260000,15.490000,20.750000,16399999.999964,1.799225720757e-05,5.618200811574e-06,2.825601487738e-06
29.5-30.0 MHz,5,4,5.260000,15.490000,20.750000,16424999.999964,1.537490790518e-05,9.428305003182e-06,4.692516126116e-06
29.5-30.0 MHz,5,4,5.260000,15.490000,20.750000,16449999.999964,8.472408034144e-06,8.814108715410e-06,4.403098021193e-06
29.5-30.0 MHz,5,4,5.260000,15.490000,20.750000,16474999.999964,6.368718538841e-07,1.687034787737e-06,8.880618701065e-07
29.5-30.0 MHz,5,4,5.260000,15.490000,20.750000,16499999.999964,9.654382602687e-06,9.782502026165e-06,4.850846257580e-06
29.5-30.0 MHz,5,4,5.260000,15.490000,20.750000,16524999.999964,9.182181669457e-06,6.048380285519e-06,2.943941124583e-06
29.5-30.0 MHz,5,4,5.260000,15.490000,20.750000,16549999.999964,1.603693093970e-05,8.448463388937e-06,4.137159424087e-06
29.5-30.0 MHz,5,4,5.260000,15.490000,20.750000,16574999.999964,1.316669669012e-05,6.902003319852e-06,3.376223346961e-06
29.5-30.0 MHz,5,4,5.260000,15.490000,20.750000,16599999.999964,2.059345122491e-05,9.702949737810e-06,4.725212250983e-06
29.5-30.0 MHz,5,4,5.260000,15.490000,20.750000,16624999.999964,6.901873802330e-06,8.200923281040e-06,4.042149235424e-06
29.5-30.0 MHz,5,4,5.260000,15.490000,20.750000,16649999.999963,5.773135687500e-06,4.466508560084e-06,2.196884294663e-06
29.5-30.0 MHz,5,4,5.260000,15.490000,20.750000,16674999.999963,9.430063288507e-06,1.325347635686e-05,6.568443281419e-06
29.5-30.0 MHz,5,4,5.260000,15.490000,20.750000,16699999.999963,1.476301342709e-05,1.212305161288e-05,6.020797885849e-06
29.5-30.0 MHz,5,4,5.260000,15.490000,20.750000,16724999.999963,1.720792641627e-05,1.195123117458e-05,5.922682337132e-06
29.5-30.0 MHz,5,4,5.260000,15.490000,20.750000,16749999.999963,1.617091370988e-05,1.014135840010e-05,5.065072025297e-06
29.5-30.0 MHz,5,4,5.260000,15.490000,20.750000,16774999.999963,7.414861476642e-06,5.722854517030e-06,2.939423353335e-06
29.5-30.0 MHz,5,4,5.260000,15.490000,20.750000,16799999.999963,2.460688013141e-06,5.426399185234e-06,2.772318751535e-06
29.5-30.0 MHz,5,4,5.260000,15.490000,20.750000,16824999.999963,6.137035888000e-06,2.769465015261e-06,1.395532410650e-06
29.5-30.0 MHz,5,4,5.260000,15.490000,20.750000,16849999.999963,7.792940226539e-06,3.432704767500e-06,1.694809872219e-06
29.5-30.0 MHz,5,4,5.260000,15.490000,20.750000,16874999.999963,9.966255352795e-06,8.032670599637e-06,4.037025280637e-06
29.5-30.0 MHz,5,4,5.260000,15.490000,20.750000,16899999.999963,1.985653068745e-06,1.664184052353e-06,8.791238965127e-07
29.5-30.0 MHz,5,4,5.260000,15.490000,20.750000,16924999.999963,1.667908788023e-05,1.427333308905e-05,7.119659003172e-06
29.5-30.0 MHz,5,4,5.260000,15.490000,20.750000,16949999.999963,1.370855768553e-05,1.942181799808e-05,9.737118661481e-06
29.5-30.0 MHz,5,4,5.260000,15.490000,20.750000,16974999.999963,1.362449877486e-05,1.722680810228e-05,8.668625643850e-06
29.5-30.0 MHz,5,4,5.260000,15.490000,20.750000,16999999.999963,1.041349780498e-05,8.442835438000e-06,4.234846732783e-06
29.5-30.0 MHz,5,4,5.260000,15.490000,20.750000,17024999.999963,5.402464954665e-06,2.302023853980e-06,1.155902960911e-06
29.5-30.0 MHz,5,4,5.260000,15.490000,20.750000,17049999.999963,2.061990063315e-06,4.305253532186e-06,2.159831234621e-06
29.5-30.0 MHz,5,4,5.260000,15.490000,20.750000,17074999.999963,1.224844368149e-05,1.224599593428e-05,6.102560745505e-06
29.5-30.0 MHz,5,4,5.260000,15.490000,20.750000,17099999.999963,6.560339955751e-06,9.073869258817e-06,4.505735883791e-06
29.5-30.0 MHz,5,4,5.260000,15.490000,20.750000,17124999.999962,8.379065997354e-06,6.692651713202e-06,3.349883754779e-06
29.5-30.0 MHz,5,4,5.260000,15.490000,20.750000,17149999.999962,2.193267868692e-05,2.285714966053e-05,1.139085942250e-05
29.5-30.0 MHz,5,4,5.260000,15.490000,20.750000,17174999.999962,3.543210218545e-05,3.457930355428e-05,1.723149641355e-05
29.5-30.0 MHz,5,4,5.260000,15.490000,20.750000,17199999.999962,2.111598709676e-05,2.268022031880e-05,1.132907918194e-05
29.5-30.0 MHz,5,4,5.260000,15.490000,20.750000,17224999.999962,1.345386322882e-05,9.211732569228e-06,4.546418876485e-06
29.5-30.0 MHz,5,4,5.260000,15.490000,20.750000,17249999.999962,1.961607279408e-05,1.278400336818e-05,6.465043445743e-06
29.5-30.0 MHz,5,4,5.260000,15.490000,20.750000,17274999.999962,2.093246533708e-05,1.800321801351e-05,9.111731072807e-06
29.5-30.0 MHz,5,4,5.260000,15.490000,20.750000,17299999.999962,9.478599855690e-06,8.221388451344e-06,4.192312250709e-06
29.5-30.0 MHz,5,4,5.260000,15.490000,20.750000,17324999.999962,3.200786147259e-06,3.511427483383e-06,1.884136424666e-06
29.5-30.0 MHz,5,4,5.260000,15.490000,20.750000,17349999.999962,5.385595478947e-06,1.059254856651e-05,5.331496282674e-06
29.5-30.0 MHz,5,4,5.260000,15.490000,20.750000,17374999.999962,7.197577717642e-06,1.274418785307e-05,6.293016819540e-06
29.5-30.0 MHz,5,4,5.260000,15.490000,20.750000,17399999.999962,4.455839426763e-06,2.808920419682e-06,1.465489400762e-06
29.5-30.0 MHz,5,4,5.260000,15.490000,20.750000,17424999.999962,1.446666454687e-05,1.373447994164e-05,6.848374181951e-06
29.5-30.0 MHz,5,4,5.260000,15.490000,20.750000,17449999.999962,1.575344438670e-05,1.466320793568e-05,7.280560503898e-06
29.5-30.0 MHz,5,4,5.260000,15.490000,20.750000,17474999.999962,1.919300281689e-05,2.027831599813e-05,1.003721544699e-05
29.5-30.0 MHz,5,4,5.260000,15.490000,20.750000,17499999.999962,1.734646310338e-05,1.982840845037e-05,9.821822213240e-06
29.5-30.0 MHz,5,4,5.260000,15.490000,20.750000,17524999.999962,3.821153374201e-05,4.583951498599e-05,2.266190919939e-05
29.5-30.0 MHz,5,4,5.260000,15.490000,20.750000,17549999.999962,3.081119495525e-05,3.888424777783e-05,1.914869226684e-05
29.5-30.0 MHz,5,4,5.260000,15.490000,20.750000,17574999.999961,2.237279279385e-05,2.627695863661e-05,1.304358777249e-05
29.5-30.0 MHz,5,4,5.260000,15.490000,20.750000,17599999.999961,2.344495509443e-05,2.804092041626e-05,1.399047076078e-05
29.5-30.0 MHz,5,4,5.260000,15.490000,20.750000,17624999.999961,1.454703425167e-05,2.028663093313e-05,1.004731720918e-05
29.5-30.0 MHz,5,4,5.260000,15.490000,20.750000,17649999.999961,7.133733839923e-06,1.329543276168e-05,6.535467333187e-06
29.5-30.0 MHz,5,4,5.260000,15.490000,20.750000,17674999.999961,6.828357575154e-06,1.332795609291e-05,6.602679507134e-06
29.5-30.0 MHz,5,4,5.260000,15.490000,20.750000,17699999.999961,3.955103123953e-06,5.814159401164e-06,2.900364393617e-06
29.5-30.0 MHz,5,4,5.260000,15.490000,20.750000,17724999.999961,2.003203565993e-05,2.573642977656e-05,1.276628093462e-05
29.5-30.0 MHz,5,4,5.260000,15.490000,20.750000,17749999.999961,3.609699108016e-05,4.033524607568e-05,1.993055543079e-05
29.5-30.0 MHz,5,4,5.260000,15.490000,20.750000,17774999.999961,2.314028305635e-05,2.176943522724e-05,1.076866498596e-05
29.5-30.0 MHz,5,4,5.260000,15.490000,20.750000,17799999.999961,3.271294179967e-05,3.656765131774e-05,1.816750171069e-05
29.5-30.0 MHz,5,4,5.260000,15.490000,20.750000,17824999.999961,4.057479926295e-05,4.992707121436e-05,2.474744666310e-05
29.5-30.0 MHz,5,4,5.260000,15.490000,20.750000,17849999.999961,3.183094431236e-05,4.064705553806e-05,2.012663925591e-05
29.5-30.0 MHz,5,4,5.260000,15.490000,20.750000,17874999.999961,2.536132165283e-05,3.150911015415e-05,1.556909764669e-05
29.5-30.0 MHz,5,4,5.260000,15.490000,20.750000,17899999.999961,2.774696937477e-05,3.317850741476e-05,1.636262851838e-05
29.5-30.0 MHz,5,4,5.260000,15.490000,20.750000,17924999.999961,2.137255069081e-05,2.794477441418e-05,1.379037576414e-05
29.5-30.0 MHz,5,4,5.260000,15.490000,20.750000,17949999.999961,1.061766682902e-05,1.466343370546e-05,7.294824483223e-06
29.5-30.0 MHz,5,4,5.260000,15.490000,20.750000,17974999.999961,5.228781630186e-06,3.357668356048e-06,1.711682161055e-06
29.5-30.0 MHz,5,4,5.260000,15.490000,20.750000,17999999.999961,1.223922113913e-05,1.552784237720e-05,7.752067635081e-06
29.5-30.0 MHz,5,4,5.260000,15.490000,20.750000,18024999.999960,1.070329114995e-05,1.448719202174e-05,7.262889402306e-06
29.5-30.0 MHz,5,4,5.260000,15.490000,20.750000,18049999.999960,1.074762066291e-05,1.056723763823e-05,5.209974431230e-06
29.5-30.0 MHz,5,4,5.260000,15.490000,20.750000,18074999.999960,1.970240298044e-05,2.491121819086e-05,1.237105494895e-05
29.5-30.0 MHz,5,4,5.260000,15.490000,20.750000,18099999.999960,6.383027062659e-05,7.455347217978e-05,3.687752354371e-05
29.5-30.0 MHz,5,4,5.260000,15.490000,20.750000,18124999.999960,4.453292798454e-05,4.640233641832e-05,2.286590565542e-05
29.5-30.0 MHz,5,4,5.260000,15.490000,20.750000,18149999.999960,3.420290594545e-05,3.960355590747e-05,1.948885387702e-05
29.5-30.0 MHz,5,4,5.260000,15.490000,20.750000,18174999.999960,6.354860837299e-06,6.774079661903e-06,3.294115446419e-06
29.5-30.0 MHz,5,4,5.260000,15.490000,20.750000,18199999.999960,2.233340295437e-05,2.723635888104e-05,1.346313852454e-05
29.5-30.0 MHz,5,4,5.260000,15.490000,20.750000,18224999.999960,1.534001584563e-05,1.836024670650e-05,9.060550833370e-06
29.5-30.0 MHz,5,4,5.260000,15.490000,20.750000,18249999.999960,6.592975376268e-06,7.200442462172e-06,3.535294662366e-06
29.5-30.0 MHz,5,4,5.260000,15.490000,20.750000,18274999.999960,1.642071614197e-05,2.146706173818e-05,1.061704111968e-05
29.5-30.0 MHz,5,4,5.260000,15.490000,20.750000,18299999.999960,2.279555521466e-05,3.264279185704e-05,1.614489685047e-05
29.5-30.0 MHz,5,4,5.260000,15.490000,20.750000,18324999.999960,3.086216890696e-05,4.104614819456e-05,2.026370932548e-05
29.5-30.0 MHz,5,4,5.260000,15.490000,20.750000,18349999.999960,1.940249335899e-05,2.373222629487e-05,1.172273979848e-05
29.5-30.0 MHz,5,4,5.260000,15.490000,20.750000,18374999.999960,3.415374970415e-05,4.141613735102e-05,2.050384096733e-05
29.5-30.0 MHz,5,4,5.260000,15.490000,20.750000,18399999.999960,6.088185558637e-05,7.778934320658e-05,3.857948985187e-05
29.5-30.0 MHz,5,4,5.260000,15.490000,20.750000,18424999.999960,4.939143768234e-05,6.419785265074e-05,3.190385335965e-05
29.5-30.0 MHz,5,4,5.260000,15.490000,20.750000,18449999.999960,2.032204174234e-05,2.501135491521e-05,1.243439592521e-05
29.5-30.0 MHz,5,4,5.260000,15.490000,20.750000,18474999.999959,4.341504107841e-05,5.129727975073e-05,2.537888204761e-05
29.5-30.0 MHz,5,4,5.260000,15.490000,20.750000,18499999.999959,5.192911195523e-05,6.405191431339e-05,3.169876367065e-05
29.5-30.0 MHz,5,4,5.260000,15.490000,20.750000,18524999.999959,2.133179352249e-05,2.828528341380e-05,1.398457054521e-05
29.5-30.0 MHz,5,4,5.260000,15.490000,20.750000,18549999.999959,7.585327313977e-06,1.067728326770e-05,5.382087551794e-06
29.5-30.0 MHz,5,4,5.260000,15.490000,20.750000,18574999.999959,1.711183827029e-05,2.196691271289e-05,1.087309190657e-05
29.5-30.0 MHz,5,4,5.260000,15.490000,20.750000,18599999.999959,2.765709510657e-05,3.625644428437e-05,1.792898977895e-05
29.5-30.0 MHz,5,4,5.260000,15.490000,20.750000,18624999.999959,3.191567934500e-05,4.055352547595e-05,2.009476974462e-05
29.5-30.0 MHz,5,4,5.260000,15.490000,20.750000,18649999.999959,1.582551262222e-05,1.976696586315e-05,9.835996171005e-06
29.5-30.0 MHz,5,4,5.260000,15.490000,20.750000,18674999.999959,5.573351572475e-05,6.980787589350e-05,3.464913518167e-05
29.5-30.0 MHz,5,4,5.260000,15.490000,20.750000,18699999.999959,5.411391692635e-05,6.509353636787e-05,3.231076050536e-05
29.5-30.0 MHz,5,4,5.260000,15.490000,20.750000,18724999.999959,3.707979769054e-05,4.173115968035e-05,2.047978695611e-05
29.5-30.0 MHz,5,4,5.260000,15.490000,20.750000,18749999.999959,2.332845291976e-05,3.008458591949e-05,1.496293259765e-05
29.5-30.0 MHz,5,4,5.260000,15.490000,20.750000,18774999.999959,1.682178805177e-05,1.931810571339e-05,9.681521590635e-06
29.5-30.0 MHz,5,4,5.260000,15.490000,20.750000,18799999.999959,1.786125213305e-05,2.131138951985e-05,1.064378671539e-05
29.5-30.0 MHz,5,4,5.260000,15.490000,20.750000,18824999.999959,1.303327966471e-05,1.644630379255e-05,8.202923215650e-06
29.5-30.0 MHz,5,4,5.260000,15.490000,20.750000,18849999.999959,2.194260543231e-05,2.694581788410e-05,1.341752259184e-05
29.5-30.0 MHz,5,4,5.260000,15.490000,20.750000,18874999.999959,3.099482181156e-05,3.951185643232e-05,1.964937612587e-05
29.5-30.0 MHz,5,4,5.260000,15.490000,20.750000,18899999.999959,2.298003609663e-05,2.981254962669e-05,1.478607380803e-05
29.5-30.0 MHz,5,4,5.260000,15.490000,20.750000,18924999.999959,1.994522843943e-05,2.439128854158e-05,1.208189911394e-05
29.5-30.0 MHz,5,4,5.260000,15.490000,20.750000,18949999.999958,3.986416025112e-05,4.846968634716e-05,2.405171123853e-05
29.5-30.0 MHz,5,4,5.260000,15.490000,20.750000,18974999.999958,4.978042398688e-05,6.140950885383e-05,3.042915658065e-05
29.5-30.0 MHz,5,4,5.260000,15.490000,20.750000,18999999.999958,3.686733686667e-05,4.564160741333e-05,2.258557132177e-05
29.5-30.0 MHz,5,4,5.260000,15.490000,20.750000,19024999.999958,1.721670070475e-05,1.760121810666e-05,8.656692544698e-06
29.5-30.0 MHz,5,4,5.260000,15.490000,20.750000,19049999.999958,5.423072226369e-05,6.500288950433e-05,3.222079830741e-05
29.5-30.0 MHz,5,4,5.260000,15.490000,20.750000,19074999.999958,5.419633013386e-05,6.609921896425e-05,3.270181408915e-05
29.5-30.0 MHz,5,4,5.260000,15.490000,20.750000,19099999.999958,2.648528087192e-05,3.303640445035e-05,1.637490006853e-05
29.5-30.0 MHz,5,4,5.260000,15.490000,20.750000,19124999.999958,3.289596397838e-05,4.174466987583e-05,2.075083975846e-05
29.5-30.0 MHz,5,4,5.260000,15.490000,20.750000,19149999.999958,5.801946038968e-05,7.206470656095e-05,3.576472333620e-05
29.5-30.0 MHz,5,4,5.260000,15.490000,20.750000,19174999.999958,3.974592491716e-05,4.904163529174e-05,2.431869695997e-05
29.5-30.0 MHz,5,4,5.260000,15.490000,20.750000,19199999.999958,1.609990335569e-05,2.274937294150e-05,1.137984778831e-05
29.5-30.0 MHz,5,4,5.260000,15.490000,20.750000,19224999.999958,3.738972368578e-05,4.844709910550e-05,2.414006040117e-05
29.5-30.0 MHz,5,4,5.260000,15.490000,20.750000,19249999.999958,3.441846738134e-05,4.362388745117e-05,2.168784668384e-05
29.5-30.0 MHz,5,4,5.260000,15.490000,20.750000,19274999.999958,2.805737926071e-05,3.602048935583e-05,1.781183420907e-05
29.5-30.0 MHz,5,4,5.260000,15.490000,20.750000,19299999.999958,1.859686214292e-05,2.375828520024e-05,1.160514700019e-05
29.5-30.0 MHz,5,4,5.260000,15.490000,20.750000,19324999.999958,3.029997826367e-05,3.891453972267e-05,1.922251357724e-05
29.5-30.0 MHz,5,4,5.260000,15.490000,20.750000,19349999.999958,4.331785620039e-05,5.584951911505e-05,2.767907270588e-05
29.5-30.0 MHz,5,4,5.260000,15.490000,20.750000,19374999.999958,2.349200817058e-05,2.952540461752e-05,1.464159926798e-05
29.5-30.0 MHz,5,4,5.260000,15.490000,20.750000,19399999.999957,1.231882674180e-05,1.569925825507e-05,7.796594271180e-06
29.5-30.0 MHz,5,4,5.260000,15.490000,20.750000,19424999.999957,3.182941382579e-05,4.032880227262e-05,2.001290384692e-05
29.5-30.0 MHz,5,4,5.260000,15.490000,20.750000,19449999.999957,4.015503368095e-05,4.999712045594e-05,2.485882215780e-05
29.5-30.0 MHz,5,4,5.260000,15.490000,20.750000,19474999.999957,3.483690070604e-05,4.258023889342e-05,2.121070679733e-05
29.5-30.0 MHz,5,4,5.260000,15.490000,20.750000,19499999.999957,3.275049303537e-05,3.939062721229e-05,1.958997377683e-05
29.5-30.0 MHz,5,4,5.260000,15.490000,20.750000,19524999.999957,5.745738886533e-05,7.123972476541e-05,3.540337191258e-05
29.5-30.0 MHz,5,4,5.260000,15.490000,20.750000,19549999.999957,1.177810994049e-04,1.486930134335e-04,7.388836703773e-05
29.5-30.0 MHz,5,4,5.260000,15.490000,20.750000,19574999.999957,9.286861171918e-05,1.174624756663e-04,5.831994225076e-05
29.5-30.0 MHz,5,4,5.260000,15.490000,20.750000,19599999.999957,1.376793463216e-05,1.836738714729e-05,9.119195046856e-06
29.5-30.0 MHz,5,4,5.260000,15.490000,20.750000,19624999.999957,2.932238394115e-05,3.896347003039e-05,1.946477131338e-05
29.5-30.0 MHz,5,4,5.260000,15.490000,20.750000,19649999.999957,3.238902144877e-05,4.202973573831e-05,2.099879597685e-05
29.5-30.0 MHz,5,4,5.260000,15.490000,20.750000,19674999.999957,1.473095618499e-05,2.001432419302e-05,1.003660226646e-05
29.5-30.0 MHz,5,4,5.260000,15.490000,20.750000,19699999.999957,6.504689598987e-06,9.135751229689e-06,4.605619148952e-06
29.5-30.0 MHz,5,4,5.260000,15.490000,20.750000,19724999.999957,2.863221214678e-05,3.654078592763e-05,1.816693533148e-05
29.5-30.0 MHz,5,4,5.260000,15.490000,20.750000,19749999.999957,2.374728508783e-05,3.043959764286e-05,1.515016769682e-05
29.5-30.0 MHz,5,4,5.260000,15.490000,20.750000,19774999.999957,1.501286383436e-05,1.777761961272e-05,8.834131400647e-06
29.5-30.0 MHz,5,4,5.260000,15.490000,20.750000,19799999.999957,6.557127002550e-06,6.583764996599e-06,3.237826819605e-06
29.5-30.0 MHz,5,4,5.260000,15.490000,20.750000,19824999.999957,2.071018017721e-05,2.812943818921e-05,1.403053797248e-05
29.5-30.0 MHz,5,4,5.260000,15.490000,20.750000,19849999.999956,4.290518229261e-05,5.530497056445e-05,2.753220796573e-05
29.5-30.0 MHz,5,4,5.260000,15.490000,20.750000,19874999.999956,2.449446003041e-05,3.076136349247e-05,1.514535718349e-05
29.5-30.0 MHz,5,4,5.260000,15.490000,20.750000,19899999.999956,2.795478556596e-05,3.537204485901e-05,1.739224431475e-05
29.5-30.0 MHz,5,4,5.260000,15.490000,20.750000,19924999.999956,2.207989125954e-05,2.680491633786e-05,1.327306991638e-05
29.5-30.0 MHz,5,4,5.260000,15.490000,20.750000,19949999.999956,1.752895068702e-05,2.381310845721e-05,1.183742321334e-05
29.5-30.0 MHz,5,4,5.260000,15.490000,20.750000,19974999.999956,1.576532911068e-05,2.142681272959e-05,1.063072783417e-05
29.5-30.0 MHz,5,4,5.260000,15.490000,20.750000,19999999.999956,1.171951251413e-05,1.587074740816e-05,7.986553924926e-06
29.5-30.0 MHz,5,4,5.260000,15.490000,20.750000,20024999.999956,2.849000518503e-05,3.690466097925e-05,1.841087231191e-05
29.5-30.0 MHz,5,4,5.260000,15.490000,20.750000,20049999.999956,2.052904376350e-05,2.684632930468e-05,1.334432069482e-05
29.5-30.0 MHz,5,4,5.260000,15.490000,20.750000,20074999.999956,1.864158822821e-06,4.331832262078e-06,2.156280915561e-06
29.5-30.0 MHz,5,4,5.260000,15.490000,20.750000,20099999.999956,1.885003781257e-05,2.526094076030e-05,1.255625469450e-05
29.5-30.0 MHz,5,4,5.260000,15.490000,20.750000,20124999.999956,6.535359924325e-05,8.383454598167e-05,4.166688706552e-05
29.5-30.0 MHz,5,4,5.260000,15.490000,20.750000,20149999.999956,3.918357020799e-05,6.317822815931e-05,3.141591057537e-05
29.5-30.0 MHz,5,4,5.260000,15.490000,20.750000,20174999.999956,3.649727054655e-05,3.178697163205e-05,1.586413975050e-05
29.5-30.0 MHz,5,4,5.260000,15.490000,20.750000,20199999.999956,3.801961778233e-05,4.187053959581e-05,2.082210763655e-05
29.5-30.0 MHz,5,4,5.260000,15.490000,20.750000,20224999.999956,2.144495232234e-05,2.872394326821e-05,1.428097553671e-05
29.5-30.0 MHz,5,4,5.260000,15.490000,20.750000,20249999.999956,1.011090647876e-05,1.368163389674e-05,6.812787018214e-06
29.5-30.0 MHz,5,4,5.260000,15.490000,20.750000,20274999.999956,5.668197665103e-06,6.456622986434e-06,3.179389563020e-06
29.5-30.0 MHz,5,4,5.260000,15.490000,20.750000,20299999.999955,1.030908542834e-05,1.273415201233e-05,6.321930607246e-06
29.5-30.0 MHz,5,4,5.260000,15.490000,20.750000,20324999.999955,1.174754338506e-05,1.487222978753e-05,7.361457509869e-06
29.5-30.0 MHz,5,4,5.260000,15.490000,20.750000,20349999.999955,1.626338152304e-05,1.954574748352e-05,9.690642957477e-06
29.5-30.0 MHz,5,4,5.260000,15.490000,20.750000,20374999.999955,5.460174720538e-06,7.281177616583e-06,3.569145113231e-06
29.5-30.0 MHz,5,4,5.260000,15.490000,20.750000,20399999.999955,1.363550310323e-05,1.511565396555e-05,7.490611607918e-06
29.5-30.0 MHz,5,4,5.260000,15.490000,20.750000,20424999.999955,4.155556252774e-05,5.186086668758e-05,2.597592962561e-05
29.5-30.0 MHz,5,4,5.260000,15.490000,20.750000,20449999.999955,4.913701881227e-05,6.384783812234e-05,3.282379058249e-05
29.5-30.0 MHz,5,4,5.260000,15.490000,20.750000,20474999.999955,2.840461685199e-05,3.819109373328e-05,1.999902233804e-05
29.5-30.0 MHz,5,4,5.260000,15.490000,20.750000,20499999.999955,6.060216179347e-06,8.045209261138e-06,4.132481842248e-06
29.5-30.0 MHz,5,4,5.260000,15.490000,20.750000,20524999.999955,7.842162572539e-06,9.904094529639e-06,4.943552673076e-06
29.5-30.0 MHz,5,4,5.260000,15.490000,20.750000,20549999.999955,3.088607860665e-06,3.398899065954e-06,1.670890879835e-06
29.5-30.0 MHz,5,4,5.260000,15.490000,20.750000,20574999.999955,1.120763598921e-07,1.437967077297e-06,6.974331897504e-07
29.5-30.0 MHz,5,4,5.260000,15.490000,20.750000,20599999.999955,1.313793726717e-05,1.573604977473e-05,7.758747033447e-06
29.5-30.0 MHz,5,4,5.260000,15.490000,20.750000,20624999.999955,1.372195711514e-05,1.586037378045e-05,7.809233564689e-06
29.5-30.0 MHz,5,4,5.260000,15.490000,20.750000,20649999.999955,1.154697357538e-05,1.301129032913e-05,6.405941726308e-06
29.5-30.0 MHz,5,4,5.260000,15.490000,20.750000,20674999.999955,1.031209597346e-05,1.177491433333e-05,5.823186626328e-06
29.5-30.0 MHz,5,4,5.260000,15.490000,20.750000,20699999.999955,2.059033821046e-05,2.657318577830e-05,1.323067927639e-05
29.5-30.0 MHz,5,4,5.260000,15.490000,20.750000,20724999.999955,7.751449335068e-02,9.832082956794e-02,4.886021738837e-02
29.5-30.0 MHz,5,4,5.260000,15.490000,20.750000,20749999.999955,1.549851450632e-01,1.965850951764e-01,9.769228529663e-02
29.5-30.0 MHz,5,4,5.260000,15.490000,20.750000,20774999.999954,7.751222367383e-02,9.831701892959e-02,4.885827662262e-02
29.5-30.0 MHz,5,4,5.260000,15.490000,20.750000,20799999.999954,2.047483121105e-05,2.608955940985e-05,1.293300428025e-05
29.5-30.0 MHz,5,4,5.260000,15.490000,20.750000,20824999.999954,1.187930210295e-05,1.355360050932e-05,6.708328545740e-06
29.5-30.0 MHz,5,4,5.260000,15.490000,20.750000,20849999.999954,1.277100570010e-05,1.581777905483e-05,7.888794830176e-06
29.5-30.0 MHz,5,4,5.260000,15.490000,20.750000,20874999.999954,1.317387426434e-05,1.724777589920e-05,8.617042612423e-06
29.5-30.0 MHz,5,4,5.260000,15.490000,20.750000,20899999.999954,1.123174225028e-05,1.377261338389e-05,6.882272144415e-06
29.5-30.0 MHz,5,4,5.260000,15.490000,20.750000,20924999.999954,1.414324170441e-06,2.953861167798e-06,1.448391906145e-06
29.5-30.0 MHz,5,4,5.260000,15.490000,20.750000,20949999.999954,2.168834305901e-06,4.154378662995e-06,2.076381996206e-06
29.5-30.0 MHz,5,4,5.260000,15.490000,20.750000,20974999.999954,8.631511910037e-06,1.072859230061e-05,5.291695279835e-06
29.5-30.0 MHz,5,4,5.260000,15.490000,20.750000,20999999.999954,4.627326563327e-06,7.017905033764e-06,3.458742175092e-06
29.5-30.0 MHz,5,4,5.260000,15.490000,20.750000,21024999.999954,1.516571025333e-05,2.334402175067e-05,1.143847008935e-05
29.5-30.0 MHz,5,4,5.260000,15.490000,20.750000,21049999.999954,1.282959323061e-05,2.028317474600e-05,1.003877378945e-05
29.5-30.0 MHz,5,4,5.260000,15.490000,20.750000,21074999.999954,2.670793449318e-05,3.235119480374e-05,1.612973041993e-05
29.5-30.0 MHz,5,4,5.260000,15.490000,20.750000,21099999.999954,1.305252030503e-05,1.466177915714e-05,7.262094155237e-06
29.5-30.0 MHz,5,4,5.260000,15.490000,20.750000,21124999.999954,5.418373915624e-06,8.328999714305e-06,4.171240010744e-06
29.5-30.0 MHz,5,4,5.260000,15.490000,20.750000,21149999.999954,1.344047241099e-05,1.799761655049e-05,8.965676305202e-06
29.5-30.0 MHz,5,4,5.260000,15.490000,20.750000,21174999.999954,8.776407367319e-06,1.145626045406e-05,5.753686391910e-06
29.5-30.0 MHz,5,4,5.260000,15.490000,20.750000,21199999.999954,8.068603760266e-06,1.037583470674e-05,5.234536627854e-06
29.5-30.0 MHz,5,4,5.260000,15.490000,20.750000,21224999.999953,4.750580249158e-06,7.041100082651e-06,3.557051659941e-06
29.5-30.0 MHz,5,4,5.260000,15.490000,20.750000,21249999.999953,9.215826524932e-06,1.110337666630e-05,5.473184317676e-06
29.5-30.0 MHz,5,4,5.260000,15.490000,20.750000,21274999.999953,2.012474848854e-05,2.667224765565e-05,1.320127511539e-05
29.5-30.0 MHz,5,4,5.260000,15.490000,20.750000,21299999.999953,2.719153662001e-05,3.111850914953e-05,1.547850948202e-05
29.5-30.0 MHz,5,4,5.260000,15.490000,20.750000,21324999.999953,1.652355584485e-05,1.963960285130e-05,9.763503088602e-06
29.5-30.0 MHz,5,4,5.260000,15.490000,20.750000,21349999.999953,3.921432030529e-05,5.556470479870e-05,2.754395610727e-05
29.5-30.0 MHz,5,4,5.260000,15.490000,20.750000,21374999.999953,5.321218695701e-05,6.534345911366e-05,3.248195473397e-05
29.5-30.0 MHz,5,4,5.260000,15.490000,20.750000,21399999.999953,1.531169866101e-05,1.801095166602e-05,8.928786575147e-06
29.5-30.0 MHz,5,4,5.260000,15.490000,20.750000,21424999.999953,9.190917017313e-07,6.996756230205e-07,3.009679007712e-07
29.5-30.0 MHz,5,4,5.260000,15.490000,20.750000,21449999.999953,1.780734712335e-05,2.252020337325e-05,1.115159188387e-05
29.5-30.0 MHz,5,4,5.260000,15.490000,20.750000,21474999.999953,2.549437408570e-05,3.296942259710e-05,1.632032903311e-05
29.5-30.0 MHz,5,4,5.260000,15.490000,20.750000,21499999.999953,1.114837944252e-05,1.449129190523e-05,7.133319476551e-06
29.5-30.0 MHz,5,4,5.260000,15.490000,20.750000,21524999.999953,1.461687842337e-05,1.818908274564e-05,9.029954754059e-06
29.5-30.0 MHz,5,4,5.260000,15.490000,20.750000,21549999.999953,1.696715985820e-05,2.038586353645e-05,1.009798235509e-05
29.5-30.0 MHz,5,4,5.260000,15.490000,20.750000,21574999.999953,2.086678893648e-05,2.670472146805e-05,1.327104448526e-05
29.5-30.0 MHz,5,4,5.260000,15.490000,20.750000,21599999.999953,2.533512711004e-05,3.061985122673e-05,1.527636557224e-05
29.5-30.0 MHz,5,4,5.260000,15.490000,20.750000,21624999.999953,1.972779579987e-05,2.232920509381e-05,1.137498421378e-05
29.5-30.0 MHz,5,4,5.260000,15.490000,20.750000,21649999.999953,3.561798670612e-05,4.524597264876e-05,2.259043588510e-05
29.5-30.0 MHz,5,4,5.260000,15.490000,20.750000,21674999.999952,1.814146365203e-05,2.370875683618e-05,1.176504648137e-05
29.5-30.0 MHz,5,4,5.260000,15.490000,20.750000,21699999.999952,4.982828802433e-06,6.562255287044e-06,3.317821192481e-06
29.5-30.0 MHz,5,4,5.260000,15.490000,20.750000,21724999.999952,1.253241070790e-05,1.410526711604e-05,7.029267633485e-06
29.5-30.0 MHz,5,4,5.260000,15.490000,20.750000,21749999.999952,1.942086231994e-05,2.384708128214e-05,1.185599944154e-05
29.5-30.0 MHz,5,4,5.260000,15.490000,20.750000,21774999.999952,2.385286147706e-05,3.069293629365e-05,1.526778549787e-05
29.5-30.0 MHz,5,4,5.260000,15.490000,20.750000,21799999.999952,6.421887353596e-06,8.613593351130e-06,4.228622296675e-06
29.5-30.0 MHz,5,4,5.260000,15.490000,20.750000,21824999.999952,1.150112534316e-05,1.455596673777e-05,7.174133592246e-06
29.5-30.0 MHz,5,4,5.260000,15.490000,20.750000,21849999.999952,2.590895793443e-05,3.119412010800e-05,1.548589963928e-05
29.5-30.0 MHz,5,4,5.260000,15.490000,20.750000,21874999.999952,2.352782055367e-05,2.921427607867e-05,1.445094424359e-05
29.5-30.0 MHz,5,4,5.260000,15.490000,20.750000,21899999.999952,1.740432382562e-05,1.968936725245e-05,9.778405324362e-06
29.5-30.0 MHz,5,4,5.260000,15.490000,20.750000,21924999.999952,7.450022524895e-05,9.182581347547e-05,4.571392243292e-05
29.5-30.0 MHz,5,4,5.260000,15.490000,20.750000,21949999.999952,9.415110765829e-05,1.189954686412e-04,5.915212874742e-05
29.5-30.0 MHz,5,4,5.260000,15.490000,20.750000,21974999.999952,4.454971562712e-05,5.734624289376e-05,2.847932627280e-05
29.5-30.0 MHz,5,4,5.260000,15.490000,20.750000,21999999.999952,2.312966210337e-05,2.968289368467e-05,1.473693340806e-05
29.5-30.0 MHz,5,4,5.260000,15.490000,20.750000,22024999.999952,2.545962142019e-05,3.182172420401e-05,1.578662717854e-05
29.5-30.0 MHz,5,4,5.260000,15.490000,20.750000,22049999.999952,2.982704169268e-05,3.688052638418e-05,1.832858328027e-05
29.5-30.0 MHz,5,4,5.260000,15.490000,20.750000,22074999.999952,2.556895947020e-05,3.148590896255e-05,1.567483968130e-05
29.5-30.0 MHz,5,4,5.260000,15.490000,20.750000,22099999.999952,1.122376057763e-05,1.296196624417e-05,6.480647871672e-06
29.5-30.0 MHz,5,4,5.260000,15.490000,20.750000,22124999.999951,1.929547664146e-05,2.323954321059e-05,1.158642865224e-05
29.5-30.0 MHz,5,4,5.260000,15.490000,20.750000,22149999.999951,3.468968358765e-05,4.223303454612e-05,2.098999428643e-05
29.5-30.0 MHz,5,4,5.260000,15.490000,20.750000,22174999.999951,2.445108735557e-05,2.864320833240e-05,1.430529103051e-05
29.5-30.0 MHz,5,4,5.260000,15.490000,20.750000,22199999.999951,1.653854506425e-05,1.965026718358e-05,9.842781313893e-06
29.5-30.0 MHz,5,4,5.260000,15.490000,20.750000,22224999.999951,2.501423241445e-05,3.105564761940e-05,1.538078948790e-05
29.5-30.0 MHz,5,4,5.260000,15.490000,20.750000,22249999.999951,2.873059343855e-05,3.689061570617e-05,1.826994095247e-05
29.5-30.0 MHz,5,4,5.260000,15.490000,20.750000,22274999.999951,3.173626581767e-05,3.985468892860e-05,1.977679893975e-05
29.5-30.0 MHz,5,4,5.260000,15.490000,20.750000,22299999.999951,1.348124971579e-05,1.595076606118e-05,7.881345126302e-06
29.5-30.0 MHz,5,4,5.260000,15.490000,20.750000,22324999.999951,2.925946475196e-05,3.837082235145e-05,1.911096359863e-05
29.5-30.0 MHz,5,4,5.260000,15.490000,20.750000,22349999.999951,4.370872057412e-05,5.637451111094e-05,2.808237207134e-05
29.5-30.0 MHz,5,4,5.260000,15.490000,20.750000,22374999.999951,2.585130058910e-05,3.313207174679e-05,1.651318667395e-05
29.5-30.0 MHz,5,4,5.260000,15.490000,20.750000,22399999.999951,2.194981756127e-05,2.780788477783e-05,1.383668328256e-05
29.5-30.0 MHz,5,4,5.260000,15.490000,20.750000,22424999.999951,4.230820725382e-05,5.281090994897e-05,2.631009629731e-05
29.5-30.0 MHz,5,4,5.260000,15.490000,20.750000,22449999.999951,4.131376755544e-05,5.127324221421e-05,2.554730421033e-05
29.5-30.0 MHz,5,4,5.260000,15.490000,20.750000,22474999.999951,1.150255491577e-05,1.657665274725e-05,8.307485436618e-06
29.5-30.0 MHz,5,4,5.260000,15.490000,20.750000,22499999.999951,2.690529828206e-05,3.341711126016e-05,1.666869816036e-05
29.5-30.0 MHz,5,4,5.260000,15.490000,20.750000,22524999.999951,3.914913555473e-05,5.224119776915e-05,2.598369811808e-05
29.5-30.0 MHz,5,4,5.260000,15.490000,20.750000,22549999.999951,3.217500426003e-05,4.294318778660e-05,2.134723146895e-05
29.5-30.0 MHz,5,4,5.260000,15.490000,20.750000,22574999.999950,1.750687333002e-05,2.326613281851e-05,1.158040085044e-05
29.5-30.0 MHz,5,4,5.260000,15.490000,20.750000,22599999.999950,2.025062167597e-05,2.616713481660e-05,1.297562989499e-05
29.5-30.0 MHz,5,4,5.260000,15.490000,20.750000,22624999.999950,2.495629809638e-05,3.236793263061e-05,1.603509736118e-05
29.5-30.0 MHz,5,4,5.260000,15.490000,20.750000,22649999.999950,1.654263620519e-05,2.133246776729e-05,1.055000966983e-05
29.5-30.0 MHz,5,4,5.260000,15.490000,20.750000,22674999.999950,9.213094743939e-06,1.385636382370e-05,6.868655704185e-06
29.5-30.0 MHz,5,4,5.260000,15.490000,20.750000,22699999.999950,1.163898917161e-05,1.683143273491e-05,8.341664190225e-06
29.5-30.0 MHz,5,4,5.260000,15.490000,20.750000,22724999.999950,1.120917803543e-05,1.385479280512e-05,6.827879717573e-06
29.5-30.0 MHz,5,4,5.260000,15.490000,20.750000,22749999.999950,1.945563089374e-05,2.341227622119e-05,1.160957001304e-05
29.5-30.0 MHz,5,4,5.260000,15.490000,20.750000,22774999.999950,2.823282328541e-05,3.580983931640e-05,1.790657607498e-05
29.5-30.0 MHz,5,4,5.260000,15.490000,20.750000,22799999.999950,3.933743794933e-05,5.068894139866e-05,2.528890805477e-05
29.5-30.0 MHz,5,4,5.260000,15.490000,20.750000,22824999.999950,4.280111056094e-05,5.546734532984e-05,2.762296348510e-05
29.5-30.0 MHz,5,4,5.260000,15.490000,20.750000,22849999.999950,1.278576922634e-05,1.384805410315e-05,6.842382392387e-06
29.5-30.0 MHz,5,4,5.260000,15.490000,20.750000,22874999.999950,2.721958302668e-05,3.221576360563e-05,1.603429820348e-05
29.5-30.0 MHz,5,4,5.260000,15.490000,20.750000,22899999.999950,2.290520385777e-05,2.762590024332e-05,1.380739277279e-05
29.5-30.0 MHz,5,4,5.260000,15.490000,20.750000,22924999.999950,1.203287558809e-05,1.467842214128e-05,7.373478024135e-06
29.5-30.0 MHz,5,4,5.260000,15.490000,20.750000,22949999.999950,8.573695371394e-06,1.002368664622e-05,4.914019744220e-06
29.5-30.0 MHz,5,4,5.260000,15.490000,20.750000,22974999.999950,2.101979986531e-05,2.326750078321e-05,1.156927812611e-05
29.5-30.0 MHz,5,4,5.260000,15.490000,20.750000,22999999.999950,4.268631325635e-05,5.122877525686e-05,2.555818950216e-05
29.5-30.0 MHz,5,4,5.260000,15.490000,20.750000,23024999.999950,3.255259596399e-05,4.159881524803e-05,2.079140004153e-05
29.5-30.0 MHz,5,4,5.260000,15.490000,20.750000,23049999.999949,1.497515652393e-05,1.971930059782e-05,9.795769210047e-06
29.5-30.0 MHz,5,4,5.260000,15.490000,20.750000,23074999.999949,4.396647341628e-05,5.636165985482e-05,2.795808995229e-05
29.5-30.0 MHz,5,4,5.260000,15.490000,20.750000,23099999.999949,5.089626965470e-05,6.904359732142e-05,3.427800551842e-05
29.5-30.0 MHz,5,4,5.260000,15.490000,20.750000,23124999.999949,2.553484522471e-05,3.667041356112e-05,1.823363185262e-05
29.5-30.0 MHz,5,4,5.260000,15.490000,20.750000,23149999.999949,1.337698468140e-05,1.931722322652e-05,9.590978620634e-06
29.5-30.0 MHz,5,4,5.260000,15.490000,20.750000,23174999.999949,2.614900754329e-05,3.271019087743e-05,1.628793231514e-05
29.5-30.0 MHz,5,4,5.260000,15.490000,20.750000,23199999.999949,2.036075726914e-05,2.343426999955e-05,1.170972173444e-05
29.5-30.0 MHz,5,4,5.260000,15.490000,20.750000,23224999.999949,1.375156919611e-05,1.823977287984e-05,9.132875358860e-06
29.5-30.0 MHz,5,4,5.260000,15.490000,20.750000,23249999.999949,3.214216624238e-06,3.096445208011e-06,1.557640502268e-06
29.5-30.0 MHz,5,4,5.260000,15.490000,20.750000,23274999.999949,7.477328756675e-06,1.144138231123e-05,5.713199508549e-06
29.5-30.0 MHz,5,4,5.260000,15.490000,20.750000,23299999.999949,1.415303423954e-05,1.907610220903e-05,9.579269235541e-06
29.5-30.0 MHz,5,4,5.260000,15.490000,20.750000,23324999.999949,2.203108398085e-06,4.006973832212e-06,2.051298523934e-06
29.5-30.0 MHz,5,4,5.260000,15.490000,20.750000,23349999.999949,2.926186413983e-05,3.417873954156e-05,1.719154025130e-05
29.5-30.0 MHz,5,4,5.260000,15.490000,20.750000,23374999.999949,2.381972473156e-05,3.360163644424e-05,1.705662987890e-05
29.5-30.0 MHz,5,4,5.260000,15.490000,20.750000,23399999.999949,4.278589011747e-05,5.916173135413e-05,2.965448092317e-05
29.5-30.0 MHz,5,4,5.260000,15.490000,20.750000,23424999.999949,1.564178340235e-05,2.283461205137e-05,1.135665672069e-05
29.5-30.0 MHz,5,4,5.260000,15.490000,20.750000,23449999.999949,5.793328747055e-06,7.268804107440e-06,3.655572168799e-06
29.5-30.0 MHz,5,4,5.260000,15.490000,20.750000,23474999.999949,7.803120810246e-06,1.208801052887e-05,5.988300755477e-06
29.5-30.0 MHz,5,4,5.260000,15.490000,20.750000,23499999.999948,7.532124608947e-06,1.130444320157e-05,5.578689927007e-06
29.5-30.0 MHz,5,4,5.260000,15.490000,20.750000,23524999.999948,4.724708217812e-06,5.283438260260e-06,2.646082563881e-06
29.5-30.0 MHz,5,4,5.260000,15.490000,20.750000,23549999.999948,1.506650097049e-05,1.563197464133e-05,7.756823471079e-06
29.5-30.0 MHz,5,4,5.260000,15.490000,20.750000,23574999.999948,2.347286094194e-05,2.644322806313e-05,1.324419577620e-05
29.5-30.0 MHz,5,4,5.260000,15.490000,20.750000,23599999.999948,2.095244655661e-05,2.895482438747e-05,1.451873423957e-05
29.5-30.0 MHz,5,4,5.260000,15.490000,20.750000,23624999.999948,1.909400196586e-05,2.400195077243e-05,1.201643771185e-05
29.5-30.0 MHz,5,4,5.260000,15.490000,20.750000,23649999.999948,2.758961120078e-05,3.574560173075e-05,1.786531178242e-05
29.5-30.0 MHz,5,4,5.260000,15.490000,20.750000,23674999.999948,3.121328114820e-05,4.341722358668e-05,2.162367749391e-05
29.5-30.0 MHz,5,4,5.260000,15.490000,20.750000,23699999.999948,2.066450089977e-05,2.922130205523e-05,1.454071899859e-05
29.5-30.0 MHz,5,4,5.260000,15.490000,20.750000,23724999.999948,1.077149825331e-05,1.798953816616e-05,9.047185926069e-06
29.5-30.0 MHz,5,4,5.260000,15.490000,20.750000,23749999.999948,2.408373409716e-05,3.476145441535e-05,1.745354529226e-05
29.5-30.0 MHz,5,4,5.260000,15.490000,20.750000,23774999.999948,1.745388766839e-05,1.966189448848e-05,9.870230026661e-06
29.5-30.0 MHz,5,4,5.260000,15.490000,20.750000,23799999.999948,8.281456031188e-06,6.032316833453e-06,2.993642416599e-06
29.5-30.0 MHz,5,4,5.260000,15.490000,20.750000,23824999.999948,1.526624656218e-05,1.458936859175e-05,7.212321221458e-06
29.5-30.0 MHz,5,4,5.260000,15.490000,20.750000,23849999.999948,1.252292765879e-05,1.181882333664e-05,5.895234050540e-06
29.5-30.0 MHz,5,4,5.260000,15.490000,20.750000,23874999.999948,1.400820120243e-05,1.478737582861e-05,7.439093765080e-06
29.5-30.0 MHz,5,4,5.260000,15.490000,20.750000,23899999.999948,1.662116448764e-05,2.089554020614e-05,1.041734956877e-05
29.5-30.0 MHz,5,4,5.260000,15.490000,20.750000,23924999.999948,2.210856011956e-05,2.603697622402e-05,1.295131692893e-05
29.5-30.0 MHz,5,4,5.260000,15.490000,20.750000,23949999.999947,3.369546474016e-05,4.043413613034e-05,2.032414049740e-05
29.5-30.0 MHz,5,4,5.260000,15.490000,20.750000,23974999.999947,2.412987133351e-05,3.595874089530e-05,1.820592003287e-05
29.5-30.0 MHz,5,4,5.260000,15.490000,20.750000,23999999.999947,1.092662401903e-05,1.775601021554e-05,8.945135359764e-06
29.5-30.0 MHz,5,4,5.260000,15.490000,20.750000,24024999.999947,9.880746039335e-06,1.404269689263e-05,7.030715369447e-06
29.5-30.0 MHz,5,4,5.260000,15.490000,20.750000,24049999.999947,8.614155363361e-06,1.242071515997e-05,6.159453604597e-06
29.5-30.0 MHz,5,4,5.260000,15.490000,20.750000,24074999.999947,8.270622260211e-06,1.292624031228e-05,6.382410885605e-06
29.5-30.0 MHz,5,4,5.260000,15.490000,20.750000,24099999.999947,4.148959439019e-06,5.529117447421e-06,2.714979935586e-06
29.5-30.0 MHz,5,4,5.260000,15.490000,20.750000,24124999.999947,1.491213322129e-05,1.488508099488e-05,7.424758518250e-06
29.5-30.0 MHz,5,4,5.260000,15.490000,20.750000,24149999.999947,1.405599265794e-05,1.237217513387e-05,6.126814738192e-06
29.5-30.0 MHz,5,4,5.260000,15.490000,20.750000,24174999.999947,5.599052258864e-06,3.043136624349e-06,1.491515916428e-06
29.5-30.0 MHz,5,4,5.260000,15.490000,20.750000,24199999.999947,5.041131234090e-06,4.439418866522e-06,2.231508539717e-06
29.5-30.0 MHz,5,4,5.260000,15.490000,20.750000,24224999.999947,1.219844180499e-05,1.315155109453e-05,6.436253173227e-06
29.5-30.0 MHz,5,4,5.260000,15.490000,20.750000,24249999.999947,7.385075226396e-06,1.142231118296e-05,5.607470118099e-06
29.5-30.0 MHz,5,4,5.260000,15.490000,20.750000,24274999.999947,3.993233712777e-06,3.146530380872e-06,1.511405112245e-06
29.5-30.0 MHz,5,4,5.260000,15.490000,20.750000,24299999.999947,1.227621959184e-05,1.567223028479e-05,7.759809386339e-06
29.5-30.0 MHz,5,4,5.260000,15.490000,20.750000,24324999.999947,1.874523380160e-05,2.642888603879e-05,1.320306048337e-05
29.5-30.0 MHz,5,4,5.260000,15.490000,20.750000,24349999.999947,1.483051473768e-05,1.758342641827e-05,8.789265172360e-06
29.5-30.0 MHz,5,4,5.260000,15.490000,20.750000,24374999.999947,7.419582174527e-06,6.615139206686e-06,3.237338691868e-06
29.5-30.0 MHz,5,4,5.260000,15.490000,20.750000,24399999.999946,1.054237193726e-05,7.807820946303e-06,3.863830331745e-06
29.5-30.0 MHz,5,4,5.260000,15.490000,20.750000,24424999.999946,9.252074289600e-06,8.553679739270e-06,4.233159479662e-06
29.5-30.0 MHz,5,4,5.260000,15.490000,20.750000,24449999.999946,5.244246955804e-06,4.316269544193e-06,2.110542095550e-06
29.5-30.0 MHz,5,4,5.260000,15.490000,20.750000,24474999.999946,1.782443078090e-06,3.995471827633e-06,1.892959126138e-06
29.5-30.0 MHz,5,4,5.260000,15.490000,20.750000,24499999.999946,6.299649424663e-06,9.324145378164e-06,4.603614714277e-06
29.5-30.0 MHz,5,4,5.260000,15.490000,20.750000,24524999.999946,1.507050678754e-05,1.654298297880e-05,8.250417515827e-06
29.5-30.0 MHz,5,4,5.260000,15.490000,20.750000,24549999.999946,1.388320051143e-05,1.399975089029e-05,7.072096584858e-06
29.5-30.0 MHz,5,4,5.260000,15.490000,20.750000,24574999.999946,7.372492368252e-06,6.160567980375e-06,3.106991198107e-06
29.5-30.0 MHz,5,4,5.260000,15.490000,20.750000,24599999.999946,4.006508937750e-06,5.071160997316e-06,2.489712120755e-06
29.5-30.0 MHz,5,4,5.260000,15.490000,20.750000,24624999.999946,9.050906417226e-06,1.056246346654e-05,5.214864396789e-06
29.5-30.0 MHz,5,4,5.260000,15.490000,20.750000,24649999.999946,7.770938174170e-06,7.741555724941e-06,3.845468804496e-06
29.5-30.0 MHz,5,4,5.260000,15.490000,20.750000,24674999.999946,7.774696995434e-06,6.878387941622e-06,3.393230342858e-06
29.5-30.0 MHz,5,4,5.260000,15.490000,20.750000,24699999.999946,6.751572222556e-06,5.709934159424e-06,2.774239423528e-06
29.5-30.0 MHz,5,4,5.260000,15.490000,20.750000,24724999.999946,4.158722969113e-06,2.461374696901e-06,1.154930381509e-06
29.5-30.0 MHz,5,4,5.260000,15.490000,20.750000,24749999.999946,4.325904761576e-06,4.906652039972e-06,2.417999868497e-06
29.5-30.0 MHz,5,4,5.260000,15.490000,20.750000,24774999.999946,5.837085921548e-06,6.687708492577e-06,3.371230348480e-06
29.5-30.0 MHz,5,4,5.260000,15.490000,20.750000,24799999.999946,7.841269626791e-06,7.536290965969e-06,3.769209181582e-06
29.5-30.0 MHz,5,4,5.260000,15.490000,20.750000,24824999.999946,1.098009683273e-05,1.188034225756e-05,5.901495152459e-06
29.5-30.0 MHz,5,4,5.260000,15.490000,20.750000,24849999.999946,5.839611677273e-06,7.731099296325e-06,3.903951311359e-06
29.5-30.0 MHz,5,4,5.260000,15.490000,20.750000,24874999.999945,9.137699540324e-06,1.017201400542e-05,5.058829518243e-06
29.5-30.0 MHz,5,4,5.260000,15.490000,20.750000,24899999.999945,4.018677037963e-06,4.599699274648e-06,2.295685775092e-06
29.5-30.0 MHz,5,4,5.260000,15.490000,20.750000,24924999.999945,2.231799846407e-06,1.610600942458e-06,8.520211485894e-07
29.5-30.0 MHz,5,4,5.260000,15.490000,20.750000,24949999.999945,5.822743151365e-06,5.862160878949e-06,2.930374583603e-06
29.5-30.0 MHz,5,4,5.260000,15.490000,20.750000,24974999.999945,7.553679678763e-06,6.401597848595e-06,3.217930177915e-06
29.5-30.0 MHz,5,4,5.260000,15.490000,20.750000,24999999.999945,6.748252192743e-06,6.580434515935e-06,3.287964054831e-06
