frequency;user0 (gain);user1 (gain);user2 (gain);user3 (gain)
3000000.0;4.432076750959844;-7.469816995398476;4.48099966440656;7.4208940819517615
3000690.855062474;4.446665367724341;-7.457048444268728;4.480958384509352;7.422755427483719
3001381.86921852;4.461271671561095;-7.444262631083108;4.480917117757249;7.424617184886953
3002073.042504776;4.475895705950944;-7.4314595090141715;4.480875864143011;7.4264793508221025
3002764.374957887;4.490537514544333;-7.418639031074516;4.480834623657957;7.428341921960891
3003455.866614505;4.5051971411536815;-7.40580115009072;4.480793396293896;7.430204894950506
3004147.517511295;4.519874629790854;-7.3929458186984345;4.480752182043365;7.4320682664459214
3004839.327684925;4.53457002461046;-7.380072989358054;4.480710980898428;7.4339320330700875
3005531.297172076;4.549283369956752;-7.3671826143480645;4.480669792851134;7.435796191453682
3006223.426009434;4.56401471032952;-7.354274645769722;4.480628617893037;7.437660738206206
3006915.714233696;4.578764090416711;-7.341349035526738;4.480587456016703;7.439525669926747
3007608.161881567;4.593531555088368;-7.328405735344262;4.48054630721418;7.441390983218453
3008300.768989758;4.608317149353799;-7.315444696768482;4.480505171477043;7.44325667464524
3008993.535594992;4.623120918449602;-7.30246587114816;4.480464048797633;7.4451227408001275
3009686.461733998;4.637942907756995;-7.289469209644414;4.480422939168206;7.446989178233203
3010379.547443514;4.652783162835738;-7.276454663236249;4.480381842580622;7.448855983491365
3011072.792760287;4.6676417294354025;-7.26342218270629;4.480340759027198;7.450723153114494
3011766.197721072;4.682518653477905;-7.250371718660528;4.480299688499251;7.452590683639181
3012459.762362634;4.6974139810852735;-7.237303221488771;4.480258630989854;7.45445857158419
3013153.486721743;4.712327758523859;-7.224216641409884;4.480217586490579;7.456326813443164
3013847.37083518;4.7272600322721585;-7.2111119284490135;4.480176554993027;7.4581954057281425
3014541.414739735;4.742210848996519;-7.1979890324161335;4.4801355364902555;7.460064344922397
3015235.618472205;4.757180255524858;-7.1848479029507395;4.480094530973595;7.461933627502005
3015929.982069396;4.772168298882413;-7.171688489481896;4.480053538435387;7.463803249928923
3016624.505568123;4.787175026280563;-7.158510741245035;4.480012558867727;7.465673208657871
3017319.189005208;4.8022004851323805;-7.1453146072742495;4.479971592262943;7.4675435001436865
3018014.032417483;4.81724472299487;-7.1321000364188745;4.479930638612377;7.4694141208013685
3018709.035841787;4.832307787669883;-7.118866977306891;4.479889697908863;7.471285067067911
3019404.19931497;4.847389727104761;-7.105615378383088;4.479848770143995;7.473156335343854
3020099.522873887;4.862490589463809;-7.0923451878831845;4.4798078553098915;7.475027922037102
3020795.006555405;4.877610423103972;-7.07905635383282;4.479766953399118;7.476899823537676
3021490.650396396;4.892749276555398;-7.065748824068443;4.479726064403291;7.478772036220551
3022186.454433744;4.907907198554003;-7.052422546214259;4.479685188314522;7.48064455645374
3022882.41870434;4.923084238045947;-7.039077467677584;4.479644325125628;7.482517380597903
3023578.543245082;4.9382804441342785;-7.025713535688535;4.479603474827502;7.484390504995315
3024274.828092878;4.953495866150632;-7.012330697239565;4.479562637412979;7.48626392597722
3024971.273284645;4.968730553623289;-6.998928899129234;4.479521812873947;7.4881376398785795
3025667.878857308;4.983984556264594;-6.985508087939295;4.479481001202713;7.490011643001175
3026364.644847799;4.999257923994768;-6.972068210046862;4.479440202391192;7.49188593165044
3027061.571293061;5.014550706941687;-6.958609211607312;4.479399416431963;7.493760502117036
3027758.658230043;5.029862955415735;-6.945131038580923;4.47935864331641;7.495635350680246
3028455.905695706;5.045194719950112;-6.931633636699028;4.479317883036902;7.497510473612241
3029153.313727016;5.060546051262297;-6.918116951482234;4.479277135585561;7.49938586715897
3029850.882360949;5.0759170003048055;-6.904580928230994;4.4792364009547425;7.501261527581057
3030548.611634489;5.091307618198499;-6.891025512036135;4.4791956791363265;7.503137451098308
3031246.501584629;5.10671795630107;-6.8774506477665565;4.479154970122434;7.505013633945195
3031944.552248371;5.122148066163373;-6.863856280071835;4.479114273905226;7.506890072329981
3032642.763662725;5.1375979995446865;-6.850242353381794;4.479073590476786;7.508766762449694
3033341.135864709;5.153067808415023;-6.836608811907602;4.479032919829049;7.510643700493578
3034039.66889135;5.168557544985388;-6.822955599620361;4.478992261955064;7.512520882650685
3034738.362779683;5.18406726160684;-6.809282660304193;4.478951616845554;7.5143983050654795
3035437.217566754;5.199597010930899;-6.795589937481495;4.478910984493634;7.51627596391876
3036136.233289613;5.2151468457548456;-6.781877374471799;4.478870364890914;7.518153855335729
3036835.409985323;5.230716819138134;-6.768144914348161;4.47882975803028;7.520031975456016
3037534.747690952;5.24630698431702;-6.754392499978737;4.478789163903161;7.521910320392591
3038234.246443579;5.261917394771683;-6.74062007399558;4.4787485825014395;7.523788886265825
3038933.906280292;5.277548104203152;-6.726827578784212;4.47870801381801;7.525667669169353
3039633.727238184;5.293199166508021;-6.713014956514819;4.478667457844771;7.527546665178074
3040333.709354361;5.308870635825555;-6.699182149125412;4.478626914573613;7.529425870377352
3041033.852665933;5.324562566510254;-6.6853290983160685;4.478586383996699;7.531305280829627
3041734.157210023;5.340275013144765;-6.671455745544224;4.478545866106687;7.533184892582304
3042434.62302376;5.3560080305178435;-6.657562032051613;4.478505360894963;7.535064701674495
3043135.25014428;5.3717616736775184;-6.643647898814593;4.4784648683547;7.536944704137411
3043836.038608732;5.387535997853;-6.629713286603481;4.478424388477063;7.53882489597942
3044536.98845427;5.40333105853615;-6.61575813593359;4.4783839212541965;7.540705273215542
3045238.099718058;5.419146911439244;-6.601782387063002;4.478343466679281;7.542585831822963
3045939.372437268;5.434983612488322;-6.587785980044463;4.478303024743236;7.544466567789549
3046640.80664908;5.450841217879007;-6.573768854647668;4.4782625954394515;7.546347477087222
3047342.402390684;5.46671978398547;-6.559730950438645;4.4782221787588625;7.548228555665252
3048044.159699279;5.482619367464294;-6.545672206705601;4.4781817746944;7.550109799475495
3048746.07861207;5.498540025179058;-6.531592562502424;4.478141383238199;7.551991204443284
3049448.159166272;5.514481814236288;-6.517491956638843;4.4781010043822365;7.553872766492892
3050150.401399109;5.530444791974687;-6.503370327676588;4.478060638118419;7.555754481532857
3050852.805347814;5.546429015981456;-6.489227613914281;4.478020284439418;7.55763634545632
3051555.371049626;5.562434544076521;-6.475063753411927;4.47797994333715;7.559518354151299
3052258.098541796;5.578461434322051;-6.460878683972235;4.477939614803824;7.5614005034904626
3052960.987861581;5.594509745021213;-6.446672343144352;4.477899298831619;7.563282789333947
3053664.039046248;5.6105795347085525;-6.432444668226513;4.477858995412458;7.5651652075226075
3054367.252133071;5.626670862190791;-6.418195596248138;4.477818704539044;7.5670477538998835
3055070.627159335;5.642783786504336;-6.40392506398887;4.477778426203548;7.568930424289659
3055774.164162331;5.658918366922975;-6.389633007978128;4.477738160397682;7.570813214503423
3056477.863179361;5.675074662968713;-6.375319364481479;4.477697907113374;7.572696120336819
3057181.724247734;5.6912527344352775;-6.360984069485189;4.477657666343573;7.574579137576895
3057885.747404767;5.707452641352005;-6.346627058730331;4.477617438080235;7.576462262002101
3058589.932687787;5.7236744439981235;-6.332248267685139;4.477577222315804;7.578345489367459
3059294.28013413;5.739918202906884;-6.317847631565482;4.47753701904197;7.580228815430397
3059998.78978114;5.756183978863093;-6.303425085316123;4.477496828250707;7.582112235928507
3060703.461666168;5.7724718329092;-6.28898056360136;4.477456649934705;7.5839957465758525
3061408.295826576;5.788781826371081;-6.274514000815701;4.477416484086661;7.585879343100121
3062113.292299733;5.8051140207771805;-6.260025331118012;4.477376330697298;7.587763021197892
3062818.451123018;5.821468477968028;-6.245514488338253;4.4773361897605914;7.589646776545691
3063523.772333817;5.837845260002865;-6.2309814060905815;4.477296061267211;7.591530604826237
3064229.255969526;5.854244429250127;-6.216426017669949;4.477255945210416;7.593414501709659
3064934.902067548;5.870666048286175;-6.201848256126491;4.477215841581641;7.595298462831025
3065640.710665297;5.887110180001658;-6.187248054211083;4.477175750373618;7.597182483839121
3066346.681800194;5.903576887525404;-6.172625344404387;4.477135671578556;7.599066560351236
3067052.815509668;5.920066234255396;-6.157980058916001;4.477095605188197;7.600950687983202
3067759.111831157;5.93657828387257;-6.143312129660639;4.47705555119499;7.602834862338218
3068465.570802111;5.953113100325521;-6.128621488261783;4.477015509591903;7.6047190789954024
3069172.192459983;5.969670747805532;-6.11390806609318;4.476975480369954;7.606603333528756
3069878.976842238;5.986251290808408;-6.099171794212841;4.476935463521855;7.608487621499393
3070585.923986349;6.002854794097687;-6.0844126034049015;4.4768954590395555;7.610371938463031
3071293.033929798;6.0194813227212665;-6.069630424146397;4.476855466916082;7.612256279951581
3072000.306710076;6.036130941983513;-6.0548251866435;4.476815487143366;7.614140641483646
3072707.74236468;6.052803717466968;-6.039996820818837;4.476775519712965;7.616025018572838
3073415.340931118;6.069499715053266;-6.025145256276536;4.476735564617808;7.617909406711993
3074123.102446908;6.086219000894852;-6.0102704223437;4.476695621849903;7.619793801388651
3074831.026949572;6.1029616414153045;-5.995372248052011;4.476655691401262;7.621678198066055
3075539.114476646;6.119727703350147;-5.980450662127574;4.476615773264337;7.623562592213384
3076247.36506567;6.136517253693622;-5.9655055930016;4.476575867431419;7.6254469792638035
3076955.778754196;6.153330359750363;-5.95053696880128;4.476535973894965;7.627331354656677
3077664.355579783;6.170167089078853;-5.935544717370465;4.476496092646494;7.62921571380283
3078373.095579999;6.1870275095660565;-5.920528766231446;4.476456223678527;7.631100052118977
3079081.998792421;6.203911689376589;-5.905489042593489;4.476416366984023;7.632984364986055
3079791.065254633;6.220819696954141;-5.8904254733871255;4.476376522554514;7.634868647786753
3080500.295004231;6.237751601047523;-5.875337985221604;4.476336690382248;7.636752895886877
3081209.688078817;6.254707470708659;-5.860226504397393;4.476296870459496;7.638637104646558
3081919.244516001;6.271687375269066;-5.845090956899432;4.476257062778757;7.64052126938974
3082628.964353404;6.288691384377792;-5.829931268400941;4.47621726733254;7.642405385446191
3083338.847628655;6.305719567966463;-5.814747364285542;4.476177484112115;7.64428944813989
3084048.894379391;6.322771996291384;-5.799539169578196;4.476137713110997;7.646173452758584
3084759.104643257;6.339848739881095;-5.784306609031244;4.476097954320452;7.648057394591888
3085469.478457909;6.356949869594715;-5.769049607054178;4.476058207732992;7.649941268915902
3086180.01586101;6.374075456586405;-5.753768087736707;4.476018473341168;7.6518250709819435
3086890.716890231;6.391225572314609;-5.738461974857746;4.4759787511369575;7.653708796035394
3087601.581583253;6.4084002885526195;-5.723131191868084;4.475939041112661;7.655592439308041
3088312.609977766;6.425599677397084;-5.7077756618932955;4.475899343260578;7.6574759960298024
3089023.802111468;6.4428238112386875;-5.6923953077247305;4.4758596575734355;7.6593594613899825
3089735.158022066;6.460072762772225;-5.676990051853857;4.475819984042572;7.661242830583509
3090446.677747273;6.477346605047305;-5.661559816405646;4.475780322661197;7.663126098791755
3091158.361324816;6.494645411386232;-5.646104523216514;4.475740673420425;7.66500926118232
3091870.208792426;6.511969255465004;-5.630624093742494;4.475701036313734;7.666892312893765
3092582.220187845;6.529318211263229;-5.615118449139866;4.475661411332929;7.668775249070162
3093294.395548823;6.546692353082836;-5.59958751021414;4.475621798470555;7.670658064826421
3094006.734913119;6.5640917555416545;-5.584031197459098;4.475582197717908;7.6725407552828475
3094719.2383185;6.5815164936112955;-5.568449430983849;4.475542609068503;7.674423315526642
3095431.905802743;6.59896664255581;-5.5528421305971385;4.475503032513939;7.676305740639011
3096144.737403632;6.6164422779873036;-5.537209215746477;4.475463468046708;7.678188025687075
3096857.733158961;6.633943475840322;-5.521550605539256;4.475423915659122;7.6800701657204575
3097570.893106532;6.651470312396913;-5.505866218732944;4.475384375343745;7.681952155786114
3098284.217284157;6.669022864242238;-5.490155973762915;4.475344847091877;7.683833990913276
3098997.705729655;6.686601208315518;-5.474419788675321;4.475305330896814;7.6857156660940245
3099711.358480855;6.704205421908693;-5.458657581190851;4.475265826750621;7.687597176348923
3100425.175575593;6.721835582610371;-5.442869268673177;4.4752263346455905;7.6894785166379584
3101139.157051716;6.739491768376253;-5.427054768146751;4.475186854573325;7.691359681949682
3101853.302947078;6.757174057512598;-5.411213996245792;4.475147386527071;7.69324066723132
3102567.613299542;6.774882528648904;-5.395346869266318;4.475107930499193;7.695121467416031
3103282.088146981;6.792617260765313;-5.379453303161938;4.475068486481214;7.697002077446038
3103996.727527275;6.810378333184442;-5.363533213503374;4.475029054465753;7.698882492222063
3104711.531478313;6.828165825587264;-5.347586515500376;4.474989634445339;7.7007627066422994
3105426.500037994;6.84597981799865;-5.331613124007952;4.474950226412062;7.702642715594539
3106141.633244225;6.863820390792593;-5.315612953510126;4.474910830358219;7.7045225139444975
3106856.931134921;6.881687624708055;-5.299585918123206;4.474871446276177;7.706402096555084
3107572.393748007;6.8995816008307775;-5.2835319315834735;4.474832074158707;7.708281458255545
3108288.021121415;6.917502400599119;-5.267450907282267;4.474792713997423;7.7101605938839635
3109003.813293088;6.935450105808806;-5.251342758216742;4.47475336578491;7.712039498240636
3109719.770300976;6.953424798633289;-5.235207397014971;4.474714029513497;7.713918166134767
3110435.892183039;6.971426561585151;-5.219044735927886;4.474674705175496;7.715796592337542
3111152.178977245;6.989455477554413;-5.202854686833942;4.474635392763011;7.717674771625348
3111868.630721569;7.007511629811108;-5.186637161209951;4.4745960922691035;7.719552698751956
3112585.247453998;7.0255951019518035;-5.170392070182505;4.474556803685404;7.721430368448904
3113302.029212527;7.0437059779793865;-5.154119324473668;4.474517527004462;7.7233077754485935
3114018.976035158;7.0618443422545365;-5.137818834425106;4.47447826221865;7.7251849144609945
3114736.087959902;7.080010279502915;-5.121490509990902;4.474439009320286;7.7270617801735275
3115453.365024782;7.098203874834259;-5.105134260741826;4.474399768301499;7.728938367274585
3116170.807267825;7.116425213726128;-5.088749995846929;4.4743605391548495;7.730814670418207
3116888.414727069;7.134674382056595;-5.072337624087008;4.474321321872709;7.732690684270892
3117606.187440563;7.152951466049137;-5.055897053855178;4.474282116447181;7.734566403457133
3118324.125446361;7.171256552347187;-5.039428193129903;4.47424292287111;7.736441822605978
3119042.228782528;7.189589727937027;-5.022930949515279;4.474203741136343;7.738316936315962
3119760.497487136;7.2079510802154605;-5.006405230202286;4.474164571235269;7.740191739182479
3120478.931598268;7.22634069696997;-4.989850941976359;4.474125413160453;7.742066225785877
3121197.531154014;7.2447586663597185;-4.973267991216767;4.474086266904539;7.743940390671949
3121916.296192473;7.263205076935958;-4.956656283933329;4.474047132458638;7.745814228410649
3122635.226751755;7.281680017668012;-4.9400157256588075;4.474008009816824;7.747687733509997
3123354.322869976;7.300183577884992;-4.923346221590768;4.47396889897001;7.749560900505753
3124073.584585261;7.31871584731819;-4.906647676475971;4.473929799910794;7.751433723883366
3124793.011935744;7.337276916145656;-4.889919994624011;4.473890712632797;7.75330619813687
3125512.604959571;7.355866874875593;-4.873163079988457;4.473851637127137;7.755178317736915
3126232.363694892;7.37448581444358;-4.856376836081499;4.473812573385955;7.757050077139125
3126952.288179868;7.393133826216188;-4.839561165962731;4.473773521402842;7.758921470776077
3127672.378452669;7.411811001922847;-4.822715972322806;4.47373448116919;7.760792493076464
3128392.634551474;7.4305174337418025;-4.805841157394303;4.473695452677905;7.762663138458201
3129113.056514469;7.449253214218072;-4.7889366230102555;4.47365643592083;7.7645334013074985
3129833.644379851;7.468018436342109;-4.772002270552183;4.47361743089085;7.766403276003442
3130554.398185825;7.486813193489009;-4.755038001004023;4.47357843757962;7.76827275691341
3131275.317970604;7.505637579474897;-4.738043714882965;4.473539455980268;7.770141838377592
3131996.403772411;7.5244916885228585;-4.721019312298545;4.473500486084917;7.772010514736486
3132717.655629477;7.543375615275444;-4.703964692913828;4.473461527886223;7.773878780303047
3133439.073580041;7.562289454776334;-4.686879755974605;4.473422581376064;7.7757466293748765
3134160.657662353;7.581233302526994;-4.66976440026973;4.473383646547101;7.77761405624962
3134882.407914671;7.600207254415646;-4.652618524161414;4.473344723391459;7.779481055185602
3135604.324375261;7.619211406785804;-4.635442025557395;4.4733058119018;7.781347620441396
3136326.407082397;7.6382458564040725;-4.618234801922482;4.473266912070744;7.783213746255809
3137048.656074366;7.657310700436151;-4.600996750305498;4.473228023889728;7.785079426851916
3137771.071389458;7.676406036525786;-4.583727767259502;4.473189147352136;7.78694465643315
3138493.653065976;7.695531962736854;-4.56642774891236;4.473150282450372;7.78880942919884
3139216.40114223;7.714688577539324;-4.549096590953701;4.473111429176317;7.790673739316706
3139939.31565654;7.733875979860162;-4.531734188612647;4.473072587522185;7.792537580950624
3140662.396647234;7.753094269086506;-4.5143404366389515;4.4730337574810966;7.794400948244359
3141385.64415265;7.7723435450031895;-4.496915229363358;4.472994939044701;7.796263835321846
3142109.058211131;7.7916239078867555;-4.47945846061846;4.472956132206173;7.79812623629904
3142832.638861035;7.810935458407451;-4.461970023821277;4.472917336956963;7.799988145271765
3143556.386140724;7.830278297731548;-4.444449811874772;4.472878553290433;7.801849556315887
3144280.30008857;7.849652527444185;-4.426897717249807;4.472839781198759;7.803710463495239
3145004.380742954;7.869058249580178;-4.409313631954947;4.47280102067389;7.805570860861235
3145728.628142267;7.888495566637225;-4.391697447512751;4.472762271708495;7.807430742441481
3146453.042324908;7.907964581574934;-4.37404905497544;4.472723534295209;7.809290102255165
3147177.623329283;7.927465397786582;-4.356368344940699;4.472684808425983;7.811148934301297
3147902.37119381;7.946998119144296;-4.338655207500165;4.472646094094;7.813007232550459
3148627.285956915;7.9665628499673;-4.320909532308853;4.4726073912909134;7.814864990985242
3149352.36765703;7.986159695041154;-4.303131208515871;4.472568700009443;7.816722203547581
3150077.616332601;8.00578875961403;-4.285320124799062;4.4725300202419715;7.818578864171118
3150803.032022077;8.02545014939778;-4.2674761693522845;4.472491351980975;7.820434966769091
3151528.614763921;8.045143970568665;-4.249599229900001;4.472452695218367;7.822290505250299
3152254.364596601;8.064870329815864;-4.23168919362724;4.472414049948083;7.824145473495023
3152980.281558597;8.084629334207975;-4.2137459473312795;4.472375416160337;7.825999865378916
3153706.365688396;8.104421091382656;-4.1957693772002855;4.472336793849774;7.827853674733166
3154432.617024493;8.124245709385061;-4.17775936903062;4.472298183007384;7.8297068954082985
3155159.035605394;8.144103296765037;-4.159715808078998;4.472259583625832;7.831559521218202
3155885.621469614;8.163993962550816;-4.141638579107021;4.472220995697826;7.833411545960011
3156612.374655674;8.183917816252421;-4.123527566385613;4.472182419215797;7.835262963422239
3157339.295202107;8.203874967857889;-4.105382653686819;4.47214385417222;7.8371137673724895
3158066.383147453;8.22386552783516;-4.087203724289914;4.472105300559274;7.838963951565798
3158793.638530262;8.243889607137692;-4.068990660956081;4.4720667583696985;7.840813509724077
3159521.061389092;8.263947317213049;-4.050743345951347;4.472028227595891;7.842662435568503
3160248.65176251;8.284038769974819;-4.032461661061777;4.471989708229355;7.844510722807241
3160976.409689092;8.304164077890949;-4.0141454874890865;4.471951200264291;7.846358365115746
3161704.335207424;8.324323353849906;-3.9957947060100434;4.4719127036918795;7.8482053561680685
3162432.428356098;8.344516711262784;-3.977409196839861;4.471874218505112;7.850051689597533
3163160.689173719;8.36474426404711;-3.958988839701289;4.471835744696193;7.851897359052204
3163889.117698897;8.385006126607502;-3.9405335137895148;4.471797282257825;7.85374235813919
3164617.713970253;8.405302413840198;-3.92204309780205;4.4717588311820125;7.855586680460236
3165346.478026417;8.42563324114299;-3.903517469906206;4.471720391461193;7.857430319588001
3166075.409906027;8.445998724449533;-3.884956507724948;4.471681963088608;7.859273269085872
3166804.50964773;8.466398980186154;-3.866360088390459;4.471643546056415;7.861115522520201
3167533.777290182;8.486834125224735;-3.8477280885231346;4.471605140356435;7.862957073391438
3168263.212872048;8.507304277024359;-3.8290603841843875;4.471566745981584;7.864797915227163
3168992.816432002;8.527809553528105;-3.8103568509138035;4.4715283629246105;7.8666380415173
3169722.588008727;8.548350073181957;-3.7916173637383954;4.471489991177736;7.868477445742617
3170452.527640915;8.568925954932675;-3.772841797154476;4.4714516307331955;7.870316121353956
3171182.635367267;8.589537318273177;-3.75403002511151;4.4714132815837;7.872154061800984
3171912.911226491;8.610184283192256;-3.7351819210252826;4.471374943722023;7.87399126049552
3172643.355257307;8.630866970208492;-3.7162973577920266;4.471336617140368;7.87582771086015
3173373.967498442;8.651585500318893;-3.6973762077791994;4.471298301830738;7.877663406267356
3174104.747988631;8.672339995101671;-3.6784183427846884;4.4712599977861345;7.879498340100225
3174835.696766622;8.69313057662363;-3.6594236340754644;4.471221704999271;7.881332505699824
3175566.813871167;8.713957367460006;-3.640391952415442;4.471183423461667;7.883165896413779
3176298.099341029;8.734820490778368;-3.621323167948634;4.471145153167299;7.884998505559704
3177029.553214981;8.755720070159862;-3.6022171503683054;4.471106894107162;7.886830326421004
3177761.175531804;8.776656229827204;-3.583073768743499;4.471068646274776;7.888661352295928
3178492.966330287;8.797629094457193;-3.563892891644972;4.471030409662132;7.890491576440036
3179224.925649229;8.818638789282346;-3.544674387086435;4.470992184261469;7.892320992107313
3179957.053527439;8.839685440074538;-3.5254181225007764;4.470953970066046;7.894149592509266
3180689.350003732;8.860769173130613;-3.5061239648091833;4.470915767067883;7.895977370871914
3181421.815116935;8.881890115272425;-3.4867917803655883;4.470877575259476;7.897804320378537
3182154.448905881;8.903048393874082;-3.4674214349620613;4.470839394633587;7.899630434202559
3182887.251409415;8.924244136825138;-3.4480127938601814;4.4708012251822264;7.9014557055030945
3183620.222666388;8.945477472581173;-3.4285657217263465;4.470763066898648;7.90328012740887
3184353.362715662;8.96674853009955;-3.4090800827254246;4.470724919774368;7.905103693050606
3185086.671596108;8.988057438910923;-3.3895557404079146;4.470686783802684;7.9069263955161535
3185820.149346605;9.009404329080693;-3.3699925577827825;4.470648658976304;7.90874822788717
3186553.796006042;9.030789331184572;-3.3503903973372813;4.470610545286796;7.910569183235055
3187287.611613314;9.052212576385907;-3.3307491209420608;4.4705724427274;7.912389254600566
3188021.596207328;9.073674196349476;-3.3110685899541177;4.470534351289931;7.914208435013661
3188755.749827;9.095174323331186;-3.291348665110653;4.4704962709678675;7.91602671747397
3189490.072511254;9.116713090085385;-3.2715892066419023;4.470458201753015;7.9178440949742726
3190224.564299022;9.1382906299385;-3.2517900741803265;4.470420143638141;7.919660560480686
3190959.225229247;9.159907076762824;-3.2319511268096184;4.470382096615534;7.921476106956908
3191694.05534088;9.181562564982013;-3.212072223015566;4.470344060678443;7.923290727319135
3192429.05467288;9.203257229527615;-3.192153220779807;4.470306035818211;7.925104414489211
3193164.223264217;9.224991205953874;-3.172193977436786;4.470268022028556;7.926917161362104
3193899.561153868;9.246764630288169;-3.1521943498264973;4.470230019301058;7.92872896081361
3194635.06838082;9.268577639164576;-3.132154194160875;4.47019202762898;7.930539805696469
3195370.744984069;9.290430369728151;-3.1120733661246938;4.470154047004404;7.932349688848438
3196106.591002621;9.31232295969435;-3.091951720817864;4.470116077419827;7.934158603092386
3196842.606475488;9.334255547327016;-3.071789112768627;4.470078118867818;7.935966541227826
3197578.791441693;9.35622827145841;-3.051585395918097;4.470040171341391;7.937773496035117
3198315.145940269;9.378241271420126;-3.0313404236791364;4.470002234832385;7.93957946026688
3199051.670010256;9.400294687150767;-3.0110540488522215;4.469964309333832;7.9413844266691545
3199788.363690704;9.422388659115851;-2.9907261236905307;4.469926394838027;7.943188387968354
3200525.227020671;9.444523328340575;-2.9703564998605336;4.469888491337778;7.94499133686333
3201262.260039225;9.466698836391668;-2.949945028475226;4.469850598825371;7.946793266041523
3201999.462785444;9.488915325386396;-2.9294915600656846;4.469812717293386;7.948594168158697
3202736.835298412;9.511172938007585;-2.9089959445941775;4.469774846734371;7.950394035867393
3203474.377617225;9.533471817481558;-2.888458031451634;4.469736987140873;7.952192861792321
3204212.089780985;9.55581210758292;-2.867877669448917;4.469699138505724;7.953990638526113
3204949.971828807;9.578193952651507;-2.8472547068362672;4.469661300821478;7.955787358666297
3205688.023799812;9.600617497522357;-2.8265889913314712;4.469623474079697;7.957583014774131
3206426.24573313;9.623082887670098;-2.805880369999479;4.469585658274199;7.959377599395376
3207164.637667902;9.645590269032692;-2.785128689411194;4.469547853396793;7.961171105047093
3207903.199643275;9.66813978818281;-2.7643337955139446;4.469510059440813;7.9629635242559385
3208641.931698408;9.690731592127264;-2.7434955337528972;4.469472276397815;7.964754849482349
3209380.833872469;9.713365828513101;-2.7226137489602165;4.469434504260633;7.966545073212683
3210119.906204631;9.736042645500314;-2.701688285393671;4.46939674302234;7.968334187871646
3210859.148734081;9.758762191799168;-2.6807189867849646;4.469358992675007;7.970122185909123
3211598.561500012;9.781524616658697;-2.659705696254302;4.46932125321196;7.971909059701038
3212338.144541628;9.804330069848488;-2.6386482564368796;4.469283524624533;7.9736948016608356
3213077.897898139;9.82717870171821;-2.61754650932003;4.469245806906321;7.975479404131919
3213817.821608768;9.850070663104168;-2.596400296402904;4.469208100049119;7.9772628594579515
3214557.915712744;9.873006105460568;-2.575209458564503;4.469170404046313;7.97904515997876
3215298.180249306;9.895985180695984;-2.5539738361702335;4.4691327188901875;7.98082629797603
3216038.615257702;9.919008041285739;-2.532693269039628;4.469095044572869;7.982606265752501
3216779.22077719;9.942074840220222;-2.511367596411281;4.469057381087184;7.984385055544322
3217519.996847035;9.965185731096488;-2.4899966569553618;4.469019728426454;7.986162659625398
3218260.943506513;9.988340867900211;-2.468580288859724;4.4689820865823044;7.987939070177632
3219002.060794908;10.011540405234015;-2.4471183297297907;4.468944455547324;7.989714279416482
3219743.348751512;10.034784498244175;-2.425610616598591;4.468906835314835;7.991488279527934
3220484.80741563;10.058073302530685;-2.404056986014837;4.468869225876718;7.993261062668804
3221226.436826571;10.08140697422607;-2.382457273953352;4.468831627225786;7.995032620953637
3221968.237023656;10.104785670024745;-2.3608113158399155;4.468794039355181;7.996802946509479
3222710.208046216;10.128209547068767;-2.3391189466216806;4.468756462256726;7.998572031433724
3223452.349933587;10.15167876303974;-2.3173800006732437;4.468718895923294;8.000339867789688
3224194.662725119;10.175193476127461;-2.295594311856465;4.468681340347472;8.002106447636455
3224937.146460168;10.1987538450122;-2.273761713508449;4.468643795521882;8.00387176299877
3225679.801178099;10.222360028870918;-2.2518820384482914;4.468606261439153;8.005635805880058
3226422.626918287;10.24601218736057;-2.229955119001149;4.468568738091369;8.00739856827035
3227165.623720116;10.269710480694613;-2.207980786907682;4.468531225472394;8.009160042129903
3227908.791622979;10.293455069488335;-2.185958873495158;4.468493723573844;8.01092021940965
3228652.130666278;10.317246114859685;-2.1638892095463143;4.468456232388352;8.012679092017652
3229395.640889424;10.341083778428589;-2.141771625345488;4.468418751908522;8.014436651865553
3230139.322331838;10.364968222286926;-2.119605950662431;4.468381282127476;8.016192890821879
3230883.175032948;10.38889960897423;-2.097392014809023;4.4683438230375865;8.017947800745663
3231627.199032192;10.412878101483452;-2.075129646613437;4.46830637463123;8.019701373465658
3232371.394369019;10.436903863278523;-2.052818674414969;4.46826893690103;8.021453600792462
3233115.761082884;10.46097705830177;-2.0304589260570536;4.4682315098401135;8.02320447451871
3233860.299213253;10.485097850865856;-2.0080502289805775;4.468194093440121;8.024953986406313
3234605.008799602;10.509266405825608;-1.9855924100681266;4.468156687694899;8.026702128198833
3235349.889881413;10.533482888393666;-1.9630852958204463;4.4681192925966045;8.028448891617511
3236094.94249818;10.557747464197165;-1.940528712301014;4.468081908137121;8.030194268361056
3236840.166689403;10.58206029935864;-1.9179224850650334;4.468044534309838;8.031938250113836
3237585.562494596;10.606421560349489;-1.8952664392739662;4.468007171107135;8.033680828516319
3238331.129953276;10.630831414084883;-1.8725603996402929;4.467969818521881;8.035421995203292
3239076.869104975;10.655290027846966;-1.8498041904733395;4.4679324765465;8.037161741773806
3239822.77998923;10.679797569342782;-1.8269976356602378;4.467895145173615;8.038900059829407
3240568.862645587;10.704354206644451;-1.804140558678675;4.467857824395875;8.04063694092725
3241315.117113606;10.728960108205596;-1.7812327825979721;4.467820514206169;8.042372376597399
3242061.543432849;10.753615442820745;-1.758274130130756;4.467783214596654;8.044106358354847
3242808.141642894;10.778320379689454;-1.7352644235625885;4.46774592556047;8.045838877691573
3243554.911783322;10.803075088323348;-1.7122034848506598;4.467708647089773;8.047569926084234
3244301.853893728;10.827879738599862;-1.689091135555546;4.467671379177466;8.04929949497794
3245048.968013714;10.852734500702946;-1.6659271968945246;4.4676341218161975;8.051027575781273
3245796.25418289;10.877639545165973;-1.642711489729025;4.467596874998865;8.052754159896132
3246543.712440877;10.90259504280179;-1.6194438346206976;4.467559638717643;8.054479238704847
3247291.342827304;10.927601164738547;-1.596124051771657;4.467522412965435;8.05620280354477
3248039.145381811;10.952658082396319;-1.572751961097234;4.46748519773464;8.057924845758912
3248787.120144045;10.977765967466249;-1.5493273821843303;4.467447993018173;8.059645356632405
3249535.267153662;11.002924991914467;-1.525850134341681;4.467410798808721;8.061364327447427
3250283.586450329;11.028135327947586;-1.5023200366129599;4.467373615098667;8.063081749461878
3251032.07807372;11.053397148032571;-1.4787369077491723;4.467336441880941;8.0647976139008
3251780.742063521;11.078710624839365;-1.4551005662735341;4.467299279147977;8.066511911964922
3252529.578459425;11.104075931284704;-1.431410830455033;4.46726212689242;8.068224634847319
3253278.587301133;11.129493240479974;-1.4076675183226066;4.467224985107206;8.069935773695372
3254027.768628358;11.154962725727744;-1.3838704476932782;4.467187853785249;8.071645319635772
3254777.122480821;11.180484560474346;-1.3600194362316986;4.467150732918488;8.073353263787556
3255526.648898251;11.206058918338123;-1.3361143013806145;4.467113622499595;8.075059597219141
3256276.347920388;11.231685973144646;-1.3121548603645579;4.467076522522228;8.076764310986977
3257026.219586979;11.257365898739094;-1.2881409303649036;4.46703943297784;8.078467396126157
3257776.263937783;11.28309886920855;-1.2640723282989081;4.467002353860338;8.080168843647119
3258526.481012566;11.30888505858296;-1.2399488710996225;4.4669652851609625;8.081868644521622
3259276.870851104;11.334724641117003;-1.2157703754698554;4.466928226873355;8.083566789713501
3260027.433493182;11.360617791057578;-1.1915366580760987;4.466891178990183;8.085263270143495
3260778.168978592;11.386564682681799;-1.1672475355375451;4.466854141503678;8.086958076715666
3261529.07734714;11.412565490364265;-1.1429028243594206;4.466817114407252;8.088651200316434
3262280.158638638;11.438620388368717;-1.1185023411174346;4.46678009769237;8.090342631793783
3263031.412892906;11.464729551078436;-1.0940459022440738;4.466743091352949;8.092032361969558
3263782.840149775;11.490893152736758;-1.0695333242837042;4.466706095380957;8.093720381639509
3264534.440449086;11.517111367604755;-1.0449644237548925;4.466669109769313;8.095406681590337
3265286.213830688;11.543384369838366;-1.020339017237528;4.466632134510745;8.097091252565145
3266038.160334438;11.56971233347807;-0.9956569213959577;4.466595169597704;8.098774085276323
3266790.280000205;11.596095432501638;-0.9709179529486685;4.466558215023351;8.100455170426956
3267542.572867864;11.62253384067178;-0.9461219287925169;4.466521270779691;8.102134498684606
3268295.038977303;11.64902773165511;-0.9212686658867147;4.466484336860145;8.103812060681681
3269047.678368415;11.67557727887528;-0.8963579814222304;4.466447413256906;8.105487847040605
3269800.491081105;11.702182655574633;-0.8713896927324067;4.466410499962983;8.10716184834406
3270553.477155286;11.728844034723263;-0.8463636173990928;4.4663735969707945;8.10883405515156
3271306.636630881;11.755561589075663;-0.821279573197843;4.466336704273565;8.110504457999939
3272059.969547821;11.782335490990052;-0.7961373782582608;4.466299821863017;8.112173047385298
3272813.475946048;11.809165912625275;-0.7709368508927418;4.466262949732832;8.113839813785184
3273567.155865512;11.836053025722226;-0.7456778098194035;4.4662260878752615;8.115504747666368
3274321.009346171;11.862997001613172;-0.7203600740988496;4.466189236282784;8.117167839429234
3275075.036427995;11.889998011307242;-0.6949834631178156;4.466152394948813;8.118829079476242
3275829.237150962;11.917056225289716;-0.6695477967447118;4.4661155638656185;8.120488458168811
3276583.611555057;11.944171813595437;-0.6440528952835368;4.4660787430256645;8.12214596585331
3277338.159680278;11.971344945780144;-0.6184985794722313;4.466041932422156;8.123801592830219
3278092.881566629;11.998575790823075;-0.5928846706176384;4.466005132047337;8.125455329393377
3278847.777254126;12.02586451715776;-0.5672109905142045;4.465968341894439;8.127107165777526
3279602.846782792;12.053211292588287;-0.5414773615696838;4.4659315619561575;8.128757092201814
3280358.09019266;12.080616284281376;-0.515683606834401;4.465894792224776;8.130405098890998
3281113.507523772;12.108079658700536;-0.4898295499729722;4.465858032693228;8.13205117598028
3281869.098816181;12.135601581602764;-0.4639150153700825;4.465821283354019;8.133695313618825
3282624.864109945;12.163182218012631;-0.43793982809732235;4.46578454420039;8.135337501909564
3283380.803445137;12.19082173208902;-0.41190381407387094;4.465747815224345;8.136977730938547
3284136.916861834;12.218520287229273;-0.3858067999266898;4.465711096419572;8.138615990736394
3284893.204400124;12.246278045875753;-0.3596486132410404;4.465674387778115;8.14025227133868
3285649.666100106;12.274095169570995;-0.3334290824427315;4.4656376892929215;8.141886562720806
3286406.302001887;12.301971818860043;-0.30714803694593806;4.465601000956262;8.143518854849718
3287163.112145581;12.329908153336682;-0.2808053070741891;4.465564322761614;8.145149137649257
3287920.096571316;12.357904331471744;-0.25440072424703813;4.465527654701503;8.14677740101728
3288677.255319225;12.385960510607072;-0.22793412098658647;4.465490996768159;8.148403634825499
3289434.588429451;12.414076846963482;-0.20140533089739743;4.465454348954573;8.150027828906307
3290192.095942149;12.442253495583742;-0.17481418873195304;4.465417711254275;8.15164997306142
3290949.77789748;12.470490610132252;-0.1481605305926203;4.465381083658994;8.153270057065878
3291707.634335617;12.498788343031233;-0.12144419380259246;4.465344466161502;8.154888070672325
3292465.665296739;12.527146845383164;-0.09466501696177218;4.465307858755533;8.156504003589404
3293223.870821036;12.555566266734775;-0.06782284019657253;4.465271261432861;8.158117845498488
3293982.250948708;12.58404675524737;-0.0409175049888033;4.465234674186748;8.159729586049423
3294740.805719964;12.612588457464483;-0.013948854401133963;4.465198097009444;8.161339214856174
3295499.535175021;12.641191518383952;0.013083266984769117;4.4651615298939875;8.162946721505193
3296258.439354106;12.669856081330256;0.04017901293314443;4.46512497283312;8.16455209556399
3297017.518297457;12.698582287887135;0.06733853552996856;4.465088425819864;8.1661553265373
3297776.772045317;12.727370277813801;0.09456198504774158;4.465051888846493;8.167756403919563
3298536.200637943;12.756220189074671;0.12184950999995504;4.465015361906259;8.16935531716846
3299295.804115598;12.78513215765087;0.14920125693750405;4.464978844991458;8.170952055721909
3300055.582518555;12.814106317556405;0.17661737051083318;4.46494233809534;8.172546608950231
3300815.535887098;12.84314280072297;0.20409799328662856;4.464905841210447;8.174138966225893
3301575.664261518;12.872241736903634;0.23164326569946297;4.464869354329052;8.17572911687512
3302335.967682117;12.901403253722027;0.2592533260909708;4.464832877444663;8.177317050186394
3303096.446189204;12.930627476440549;0.28692831047131295;4.464796410549844;8.178902755419394
3303857.099823101;12.95991452792654;0.31466835248969366;4.464759953636856;8.180486221799992
3304617.928624135;12.989264528690674;0.3424735834663535;4.46472350669922;8.182067438525099
3305378.932632646;13.01867759660328;0.370344132129736;4.464687069729248;8.183646394744295
3306140.111888981;13.048153846999494;0.3982801246927881;4.464650642720185;8.185223079586518
3306901.466433497;13.077693392394774;0.42628168458455457;4.464614225663869;8.186797482146348
3307662.99630656;13.107296342662611;0.45434893263730375;4.4645778185543;8.188369591471007
3308424.701548545;13.13696280463293;0.48248198666329783;4.464541421383277;8.189939396586354
3309186.582199838;13.166692882227142;0.5106809616042439;4.464505034143623;8.191506886479278
3309948.638300833;13.196486676344135;0.538945969413442;4.46446865682884;8.193072050101852
3310710.869891933;13.226344284628402;0.5672771188300245;4.4644322894314765;8.194634876366903
3311473.27701355;13.256265801457873;0.595674515357373;4.4643959319440985;8.196195354156401
3312235.859706108;13.286251317847206;0.6241382611531643;4.464359584359248;8.197753472334792
3312998.618010036;13.316300921325082;0.6526684549680168;4.464323246669978;8.199309219687086
3313761.551965777;13.346414695895216;0.6812651920186528;4.464286918869584;8.200862585006979
3314524.661613779;13.376592721731704;0.7099285637601895;4.464250600950143;8.202413557021373
3315287.946994503;13.406835075275797;0.7386586579278223;4.464214292904415;8.203962124443558
3316051.408148416;13.437141829093784;0.7674555584256608;4.464177994725983;8.20550827594214
3316815.045115997;13.467513051577573;0.7963193450300522;4.464141706406898;8.207052000140623
3317578.857937733;13.497948807052895;0.825250093464164;4.46410542794022;8.208593285648512
3318342.846654121;13.528449155510733;0.8542478751795675;4.464069159318779;8.21013212101239
3319107.011305666;13.559014152521407;0.8833127572219106;4.464032900535106;8.21166849476439
3319871.351932884;13.589643849141705;0.9124448021722749;4.463996651582307;8.213202395387121
3320635.868576299;13.620338291723764;0.9416440679403217;4.463960412453151;8.21473381133029
3321400.561276445;13.651097521815077;0.9709106076627847;4.463924183140485;8.216262731011808
3322165.430073866;13.681921575994862;1.0002444695545485;4.463887963637103;8.217789142803213
3322930.475009113;13.712810485727502;1.029645696752512;4.4638517539356135;8.219313035039375
3323695.69612275;13.743764277252703;1.059114327201625;4.463815554028811;8.22083439602227
3324461.093455346;13.774782971455517;1.0886503935159237;4.463779363909757;8.222353214029836
3325226.667047483;13.80586658363304;1.1182539227811374;4.463743183571317;8.223869477280587
3325992.416939751;13.837015123357247;1.1479249363958264;4.46370701300603;8.225383173955393
3326758.343172749;13.86822859438258;1.1776634499559298;4.463670852206757;8.226894292219892
3327524.445787085;13.89950699441907;1.2074694730684912;4.463634701166324;8.228402820184256
3328290.724823378;13.930850315027945;1.2373430092289204;4.463598559878;8.229908745921025
3329057.180322255;13.962258541327364;1.2672840555239664;4.4635624283342015;8.231412057469198
3329823.812324352;13.993731651918859;1.2972926025567895;4.463526306527472;8.232912742834596
3330590.620870315;14.02526961874793;1.3273686343160873;4.463490194451156;8.234410789980686
3331357.606000801;14.056872406821617;1.3575121278863462;4.463454092098088;8.235906186837184
3332124.767756473;14.088539973991697;1.387723053252852;4.463417999460607;8.237398921278237
3332892.106178006;14.120272270894727;1.4180013732053345;4.463381916531574;8.238888981157817
3333659.621306084;14.152069240735972;1.448347043139934;4.463345843304311;8.240376354291726
3334427.313181398;14.183930818986234;1.4787600107656662;4.4633097797716434;8.241861028448925
3335195.181844653;14.215856933179023;1.5092402158842464;4.463273725925715;8.24334299136906
3335963.227336558;14.2478475028766;1.5397875903759681;4.4632376817600905;8.244822230740542
3336731.449697835;14.27990243928459;1.5704020577854585;4.463201647267608;8.246298734231527
3337499.848969216;14.312021645006855;1.6010835331031372;4.463165622440405;8.247772489463314
3338268.425191438;14.344205013973275;1.6318319226960318;4.463129607271566;8.249243484005676
3339037.178405251;14.37645243121555;1.6626471240388028;4.463093601754676;8.250711705422074
3339806.108651415;14.408763772353133;1.6935290252694846;4.4630576058816205;8.252177141202026
3340575.215970696;14.441138903751128;1.7244775052718504;4.463021619645973;8.253639778833303
3341344.500403872;14.47357768193105;1.7554924331561614;4.462985643040127;8.255099605734763
3342113.96199173;14.506079953525408;1.7865736681675544;4.462949676056916;8.256556609300938
3342883.600775066;14.538645555004157;1.8177210594121738;4.462913718689464;8.25801077690252
3343653.416794685;14.571274312316614;1.8489344455444348;4.462877770930612;8.259462095841565
3344423.410091402;14.603966040678838;1.8802136545002979;4.462841832773014;8.260910553405523
3345193.580706041;14.636720544312817;1.9115585032499651;4.462805904209264;8.262356136853588
3345963.928679436;14.669537616203174;1.9429687975933825;4.4627699852327325;8.263798833377061
3346734.454052431;14.702417037772474;1.9744443317737086;4.462734075836513;8.26523863016225
3347505.156865877;14.735358578458232;2.0059848881180464;4.462698176012768;8.266675514327417
3348276.037160637;14.76836199567568;2.0375902369300762;4.462662285754598;8.268109472991
3349047.094977581;14.80142703434442;2.069260136071944;4.4626264050548885;8.269540493217587
3349818.330357591;14.83455342664649;2.1009943307210417;4.462590533906975;8.270968562018474
3350589.743341556;14.867740891509833;2.1327925528065057;4.4625546723022955;8.272393666401031
3351361.333970376;14.90098913480761;2.1646545212469364;4.462518820235675;8.273815793325
3352133.10228496;14.934297848304245;2.1965799408952584;4.462482977698527;8.275234929710463
3352905.048326227;14.967666709908265;2.2285685027755746;4.46244714468422;8.27665106244847
3353677.172135104;15.001095383088302;2.2606198835058806;4.462411321185875;8.278064178396548
3354449.473752529;15.03458351646981;2.2927337448949836;4.462375507195897;8.27947426437893
3355221.953219447;15.068130743636756;2.3249097337373077;4.462339702707418;8.280881307192029
3355994.610576816;15.101736682674915;2.3571474813749957;4.462303907713567;8.282285293586355
3356767.4458656;15.135400935684537;2.389446603183591;4.462268122206253;8.283686210294693
3357540.459126775;15.169123088746577;2.421806698548408;4.46223234617933;8.285084044018841
3358313.650401324;15.202902711166574;2.4542273501244027;4.462196579625469;8.286478781416703
3359087.019730243;15.236739355236955;2.4867081235695374;4.462160822537294;8.287870409130123
3359860.567154533;15.270632555902214;2.519248567235424;4.462125074908212;8.289258913758575
3360634.292715209;15.304581830154884;2.5518482115196175;4.462089336730395;8.290644281904873
3361408.196453291;15.338586676828598;2.5845065687367015;4.462053607997205;8.292026500094691
3362182.278409811;15.372646576038807;2.6172231324605324;4.462017888701296;8.293405554876978
3362956.538625811;15.406760988805935;2.649997377231372;4.4619821788358225;8.294781432738738
3363730.977142341;15.440929356484421;2.6828287579403565;4.461946478392953;8.29615412015111
3364505.594000461;15.475151100674317;2.715716709723293;4.4619107873668185;8.297523603584207
3365280.38924124;15.509425622256307;2.748660647061903;4.461875105749825;8.298889869444583
3366055.362905757;15.543752301180918;2.7816599634891466;4.461839433534156;8.300252904157615
3366830.5150351;15.57813049609965;2.8147140312900882;4.461803770713208;8.301612694096352
3367605.845670368;15.612559543753026;2.8478222008355027;4.46176811728014;8.302969225637383
3368381.354852668;15.64703875844126;2.88098380008402;4.461732473227836;8.304322485129404
3369157.042623115;15.681567431464421;2.9141981340203578;4.461696838548519;8.305672458895547
3369932.909022837;15.716144830938967;2.9474644844417797;4.4616612132360585;8.307019133261129
3370708.95409297;15.750770200813042;2.98078210900641;4.461625597282627;8.308362494524008
3371485.177874657;15.785442760690112;3.0141502410444367;4.461589990681393;8.30970252896428
3372261.580409054;15.82016170516346;3.047568088859738;4.461554393425285;8.311039222878435
3373038.161737325;15.854926203175834;3.081034835143175;4.461518805506738;8.312372562525924
3373814.921900643;15.889735397732005;3.114549636640666;4.4614832269193885;8.313702534171952
3374591.860940191;15.924588405050091;3.14811162333195;4.461447657656182;8.315029124061962
3375368.978897162;15.959484314024468;3.18171989787368;4.461412097709538;8.31635231844125
3376146.275812759;15.994422185766297;3.215373535118431;4.46137654707216;8.317672103575708
3376923.751728192;16.029401053080257;3.249071581643712;4.4613410057379195;8.318988465698627
3377701.406684682;16.06441991948765;3.2828130547255046;4.461305473698806;8.32030139106334
3378479.24072346;16.099477759082347;3.3165969422119;4.461269950948456;8.32161086592199
3379257.253885765;16.134573515476543;3.350422201469125;4.46123443747909;8.322916876528327
3380035.446212848;16.169706101516166;3.3842877590836364;4.461198933283875;8.324219409148656
3380813.817745967;16.204874398505694;3.4181925100848938;4.461163438355983;8.32551845006482
3381592.368526391;16.240077255514976;3.4521353172642626;4.461127952688378;8.326813985562332
3382371.098595398;16.275313488725196;3.486115010499686;4.461092476273723;8.328106001951788
3383150.007994275;16.310581880801266;3.5201303861390802;4.461057009104741;8.329394485557444
3383929.096764319;16.345881180305724;3.554180206414993;4.461021551174846;8.330679422715884
3384708.364946836;16.38121010087131;3.5882631985882947;4.460986102476981;8.331960799806037
3385487.812583143;16.416567320474368;3.6223780542506634;4.460950663003617;8.333238603220083
3386267.439714566;16.451951480932607;3.656523428794803;4.460915232747932;8.334512819389868
3387047.246382439;16.487361187076043;3.6906979406061042;4.460879811703126;8.335783434766814
3387827.232628106;16.522795005971954;3.724900170261721;4.460844399861898;8.337050435848331
3388607.398492922;16.558251466244606;3.7591286598374536;4.460808997216711;8.33831380919044
3389387.74401825;16.59372905752046;3.7933819124073915;4.460773603761253;8.339573541351813
3390168.269245464;16.629226229453067;3.8276583909892308;4.460738219488475;8.340829618975361
3390948.974215947;16.664741390935166;3.861956517807659;4.4607028443906;8.342082028736904
3391729.858971089;16.700272909696984;3.8962746738678824;4.460667478461328;8.343330757367772
3392510.923552294;16.73581911113944;3.9306111977832128;4.4606321216931155;8.344575791663107
3393292.168000972;16.771378277923496;3.964964385353155;4.460596774079413;8.345817118490928
3394073.592358544;16.806948648771467;3.9993324883905066;4.460561435612198;8.347054724768764
3394855.196666441;16.842528418335064;4.033713714548885;4.460526106285668;8.348288597500511
3395636.980966102;16.878115735710427;4.068106225856089;4.460490786092056;8.34951872376228
3396418.945298977;16.913708704053498;4.102508138321902;4.460455475024078;8.350745090707516
3397201.089706524;16.94930537989904;4.136917521237958;4.4604201730754305;8.351967685585649
3397983.414230213;16.98490377198437;4.17133239601743;4.460384880238609;8.353186495728334
3398765.918911521;17.020501840750498;4.20575073567507;4.460349596506552;8.354401508568877
3399548.603791935;17.056097497477655;4.240170463957865;4.460314321872267;8.355612711647527
3400331.468912954;17.091688603560698;4.27458945462395;4.460279056329202;8.356820092607546
3401114.514316083;17.127272969414626;4.309005530348714;4.460243799869595;8.358023639196322
3401897.74004284;17.16284835408243;4.343416462297154;4.460208552486655;8.35922333929862
3402681.146134749;17.19841246417372;4.377819969094393;4.460173314173153;8.360419180906174
3403464.732633346;17.23396295337524;4.412213716292429;4.4601380849229955;8.361611152159817
3404248.499580177;17.269497421059754;4.446595315012162;4.460102864727988;8.362799241319605
3405032.447016795;17.305013412201355;4.480962321807559;4.460067653581568;8.363983436812227
3405816.574984765;17.340508416176693;4.515312237517715;4.460032451476751;8.365163727182228
3406600.88352566;17.375979866166393;4.5496425065915655;4.45999725840672;8.366340101168108
3407385.372681065;17.411425138173314;4.583950516169474;4.459962074364022;8.367512547639818
3408170.04249257;17.446841550542057;4.618233595548547;4.459926899341865;8.368681055651646
3408954.893001779;17.482226363043097;4.652489015264681;4.459891733333229;8.369845614445188
3409739.924250305;17.517576776110296;4.686713986350922;4.459856576330888;8.371006213428485
3410525.136279767;17.55288993026218;4.720905659718085;4.459821428328069;8.372162842216028
3411310.529131799;17.58816290524428;4.755061125308881;4.459786289317742;8.373315490617655
3412096.102848039;17.623392719321803;4.789177411387328;4.459751159292686;8.37446414864179
3412881.857470139;17.65857632880796;4.823251484030771;4.459716038246389;8.375608806530803
3413667.793039759;17.6937106269305;4.857280246018433;4.459680926170852;8.376749454741217
3414453.909598568;17.728792443870997;4.891260536849591;4.459645823060053;8.377886083961355
3415240.207188244;17.76381854545766;4.925189131436824;4.459610728906513;8.379018685114325
3416026.685850478;17.798785632937918;4.9590627398679485;4.459575643703243;8.380147249366724
3416813.345626967;17.83369034239061;4.992878006768441;4.459540567443486;8.381271768178685
3417600.186559419;17.868529243983836;5.026631510634641;4.459505500120249;8.382392233228945
3418387.208689551;17.90329884144605;5.060319763241258;4.459470441726033;8.383508636478753
3419174.412059091;17.93799557183177;5.093939209382694;4.459435392254107;8.38462097019497
3419961.796709775;17.9726158048653;5.127486226250969;4.459400351697726;8.385729226916602
3420749.36268335;18.00715584246065;5.160957122919097;4.459365320049894;8.38683339949166
3421537.110021571;18.04161191820818;5.194348139842402;4.459330297302908;8.387933481062868
3422325.038766205;18.075980197478025;5.227655448928127;4.4592952834504835;8.389029465099412
3423113.148959026;18.110256776557875;5.260875152666276;4.459260278485184;8.390121345406419
3423901.440641819;18.14443768277756;5.294003284262394;4.459225282400484;8.39120911611468
3424689.913856379;18.17851887392481;5.327035807054647;4.459190295189189;8.392292771680975
3425478.568644509;18.212496238252353;5.359968614447212;4.459155316844047;8.3933723069611
3426267.405048024;18.246365594303626;5.392797529827854;4.459120347358103;8.394447717117666
3427056.423108746;18.280122690999804;5.4255183065493275;4.459085386725084;8.395518997725391
3427845.622868509;18.313763207099242;5.458126627432414;4.459050434937318;8.396586144729511
3428635.004369155;18.34728275165667;5.490618105214483;4.459015491987793;8.397649154454395
3429424.567652537;18.380676863980028;5.5229882824943;4.458980557869573;8.398708023616152
3430214.312760515;18.413941013865212;5.555232631938553;4.4589456325761585;8.3997627493505
3431004.239734962;18.447070601485102;5.587346556169248;4.458910716100084;8.400813329215772
3431794.348617759;18.480060957869423;5.619325388280534;4.458875808434141;8.40185976115475
3432584.639450796;18.512907345555536;5.651164392406046;4.458840909572352;8.40290204357714
3433375.112275975;18.54560495819387;5.682858763375593;4.458806019506763;8.403940175311513
3434165.767135204;18.578148921800864;5.714403627934565;4.458771138230651;8.404974155635646
3434956.604070405;18.610534295042648;5.745794045021306;4.458736265737318;8.406003984284025
3435747.623123505;18.642756069668838;5.777025006208744;4.458701402019288;8.407029661440808
3436538.824336444;18.67480917167841;5.808091436848196;4.458666547070111;8.408051187760108
3437330.207751171;18.706688461768042;5.838988196517433;4.458631700882824;8.409068564367786
3438121.773409645;18.73838873621975;5.869710079902434;4.458596863449977;8.410081792867343
3438913.521353832;18.769904728194724;5.9002518180894645;4.458562034764855;8.411090875340406
3439705.451625711;18.801231108591093;5.930608079404795;4.458527214820509;8.412095814365793
3440497.56426727;18.832362487327977;5.960773470703124;4.458492403610234;8.41309661301462
3441289.859320504;18.86329341443433;5.990742538466956;4.458457601126847;8.414093274840525
3442082.336827422;18.894018381496405;6.02050977022256;4.458422807362884;8.41508580391096
3442874.996830038;18.924531823576228;6.050069596477626;4.4583880223123975;8.416074204786204
3443667.83937038;18.954828119863944;6.07941639135552;4.458353245967197;8.41705848254123
3444460.864490483;18.98490159656002;6.108544475481463;4.458318478321572;8.418038642756988
3445254.072232392;19.01474652758811;6.137448116721358;4.458283719368091;8.41901469149866
3446047.462638162;19.04435713707713;6.166121532596701;4.458248969099566;8.419986635380866
3446841.035749859;19.07372760123829;6.194558892246408;4.45821422750881;8.42095448148307
3447634.791609555;19.10285205083832;6.2227543188351415;4.458179494589615;8.421918237413564
3448428.730259337;19.13172457292279;6.2507018913038905;4.4581447703348145;8.422877911284086
3449222.851741297;19.160339213370424;6.278395646931354;4.458110054736956;8.423833511702115
3450017.156097539;19.188689979781806;6.3058295842301435;4.4580753477898565;8.424785047761805
3450811.643370177;19.216770843334743;6.33299766478569;4.4580406494856;8.425732529063454
3451606.313601332;19.2445757425604;6.359893817049534;4.458005959818483;8.426675965692384
3452401.166833139;19.272098584978778;6.386511937998533;4.457971278780582;8.42761536819966
3453196.203107738;19.29933325113337;6.412845897137592;4.457936606365468;8.428550747630307
3453991.422467283;19.326273596876614;6.438889538851798;4.45790194256549;8.429482115459324
3454786.824953934;19.35291345752962;6.464636686508195;4.457867287374912;8.430409483646518
3455582.410609863;19.37924665003571;6.490081144679553;4.457832640785855;8.431332864570303
3456378.179477252;19.405266977382073;6.515216703528908;4.457798002791623;8.43225227106154
3457174.131598291;19.43096823166886;6.54003714194903;4.457763373385081;8.43316771633475
3457970.267015181;19.456344198103118;6.56453623151404;4.457728752559523;8.434079214029556
3458766.585770131;19.48138865872911;6.5887077402490055;4.457694140308516;8.434986778171588
3459563.087905363;19.50609539586374;6.6125454360825975;4.457659536624178;8.435890423156962
3460359.773463105;19.53045819699193;6.6360430917776805;4.457624941500343;8.436790163713905
3461156.642485598;19.554470858108125;6.6591944882512735;4.457590354929578;8.437686014927271
3461953.695015091;19.57812718834706;6.681993419257369;4.4575557769047345;8.438577992184959
3462750.931093841;19.601421014673768;6.7044336960930195;4.457521207420114;8.439466111160637
3463548.350764119;19.624346185138755;6.726509150864812;4.457486646467358;8.440350387806587
3464345.954068202;19.646896574923193;6.7482136425683095;4.457452094040749;8.441230838314135
3465143.741048378;19.669066089547886;6.76954106033466;4.457417550132428;8.442107479080796
3465941.711746946;19.690848670598783;6.790485329137601;4.457383014735729;8.44298032672545
3466739.866206213;19.712238300088426;6.811040414220502;4.45734848784398;8.443849398023943
3467538.204468497;19.733229005237803;6.831200325916344;4.457313969450295;8.44471470987116
3468336.726576123;19.753814863397206;6.8509591245647;4.457279459547498;8.445576279285007
3469135.432571429;19.773990007100952;6.870310925601677;4.457244958128475;8.446434123370798
3469934.322496762;19.793748629326636;6.889249904873349;4.45721046518704;8.447288259266246
3470733.396394479;19.813084988000305;6.9077703031605;4.457175980716043;8.44813870412376
3471532.654306944;19.831993411256136;6.9258664314616585;4.45714150470789;8.448985475086587
3472332.096276535;19.850468303119357;6.94353267671385;4.457107037156391;8.449828589249119
3473131.722345636;19.868504147905032;6.960763506260697;4.457072578054387;8.450668063589946
3473931.532556643;19.886095515806762;6.977553473419197;4.457038127395022;8.451503914992543
3474731.526951962;19.903237067995533;6.993897222657486;4.457003685171631;8.45233616016642
3475531.705574006;19.9199235614498;7.009789494434151;4.456969251376618;8.453164815639031
3476332.068465201;19.936149854786798;7.0252251311081615;4.456934826003794;8.453989897674845
3477132.615667981;19.951910912632894;7.040199081277251;4.4569004090457955;8.454811422309847
3477933.34722479;19.967201811312584;7.0547064055843265;4.45686600049622;8.455629405232036
3478734.263178082;19.98201774325169;7.068742281103994;4.456831600347463;8.456443861800233
3479535.363570322;19.996354022752104;7.082302007191478;4.456797208593352;8.457254806967278
3480336.648443982;20.01020609031825;7.09538100978801;4.456762825227033;8.458062255303204
3481138.117841546;20.02356951736758;7.1079748462736045;4.456728450240874;8.458866220853102
3481939.771805507;20.036440011741906;7.120079210898095;4.456694083628477;8.459666717215335
3482741.610378367;20.04881342159676;7.131689938803882;4.456659725382515;8.460463757410361
3483543.63360264;20.060685740702887;7.142803011303065;4.456625375496804;8.46125735390302
3484345.841520848;20.0720531120993;7.153414559607371;4.456591033963992;8.462047518527937
3485148.234175523;20.08291183314234;7.163520869893674;4.456556700777704;8.462834262470961
3485950.811609207;20.093258358806168;7.17311838665205;4.4565223759298345;8.463617596224285
3486753.573864453;20.103089307107954;7.1822037181253275;4.4564880594147365;8.464397529567885
3487556.52098382;20.11240146171034;7.19077363897668;4.456453751225307;8.465174071508358
3488359.653009882;20.12119177597416;7.198825094361693;4.456419451353943;8.465947230258525
3489162.96998522;20.1294573773213;7.20635520431304;4.456385159794999;8.466717013213266
3489966.471952423;20.137195569112592;7.213361265662033;4.45635087654012;8.46748342691044
3490770.158954095;20.144403835654586;7.2198407570916405;4.456316601583955;8.468246476978985
3491574.031032844;20.151079843452337;7.225791340378645;4.456282334918613;8.469006168155078
3492378.088231291;20.157221445134446;7.231210864377482;4.456248076537268;8.469762504219702
3493182.330592067;20.162826681855357;7.236097367444278;4.456213826433529;8.47051548797755
3493986.758157811;20.167893785199492;7.240449079352077;4.456179584600068;8.47126512124735
3494791.370971174;20.172421179873282;7.244264424023363;4.456145351030271;8.472011404819646
3495596.169074817;20.17640748530559;7.247542021138528;4.456111125717259;8.4727543384498
3496401.152511407;20.179851517427288;7.250280687933746;4.456076908654197;8.473493920839346
3497206.321323624;20.182752290089706;7.25247944065161;4.456042699834234;8.474230149603862
3498011.675554159;20.185109016129633;7.254137495607356;4.456008499250027;8.474963021272256
3498817.215245708;20.186921108948447;7.255254270785155;4.45597430689568;8.475692531267606
3499622.940440983;20.188188182149233;7.255829385483562;4.455940122763418;8.47641867390225
3500428.851182701;20.188910050898187;7.255862661704086;4.455905946846358;8.47714144234774
3501234.947513591;20.18908673210589;7.2553541243062805;4.455871779138377;8.47786082866123
3502041.229476391;20.188718443741422;7.25430400036611;4.455837619632181;8.478576823743127
3502847.69711385;20.187805605254145;7.252712719561596;4.455803468321364;8.479289417371186
3503654.350468726;20.186348836337306;7.25058091297665;4.455769325198407;8.479998598162249
3504461.189583786;20.184348956838356;7.247909412975462;4.455735190256659;8.480704353606237
3505268.214501808;20.181806985362222;7.244699251822297;4.455701063489334;8.481406670050593
3506075.425265581;20.178724138037953;7.240951660442457;4.4556669448895585;8.482105532705935
3506882.821917901;20.175101827113004;7.236668066999362;4.45563283445075;8.482800925662893
3507690.404501576;20.170941658898393;7.231850094816484;4.455598732165582;8.483492831916328
3508498.173059423;20.166245432273627;7.2264995609361495;4.455564638027713;8.484181233309773
3509306.127634269;20.16101513592912;7.220618473264172;4.455530552029828;8.484866110635124
3510114.268268952;20.155252946601713;7.214209028830939;4.455496474165831;8.485547443604943
3510922.595006317;20.14896122539958;7.207273610106252;4.45546240442765;8.48622521086568
3511731.107889222;20.14214251647043;7.199814783625849;4.455428342809938;8.486899390034639
3512539.806960532;20.134799542195353;7.191835295187378;4.455394289304639;8.487569957703332
3513348.692263126;20.126935201295538;7.183338067907506;4.455360243905172;8.488236889482858
3514157.763839888;20.11855256496812;7.174326198382557;4.455326206605222;8.488900159980341
3514967.021733715;20.10965487279276;7.164802952489461;4.455292177396973;8.48955974290633
3515776.465987513;20.100245530116997;7.154771762822396;4.455258156275056;8.490215611019543
3516586.096644198;20.09032810255753;7.144236223126254;4.455224143231449;8.490867736199828
3517395.913746695;20.07990631325697;7.133200085530356;4.455190138259818;8.4915160894668
3518205.917337941;20.068984037907104;7.121667255542894;4.455156141353093;8.492160641011115
3519016.107460881;20.057565300667477;7.109641787946252;4.455122152504468;8.492801360216756
3519826.48415847;20.04565426972969;7.09712788228578;4.455088171707372;8.493438215736536
3520637.047473674;20.033255252487546;7.084129878088098;4.455054198954965;8.494071175444484
3521447.797449468;20.020372690778075;7.070652249991172;4.455020234239736;8.494700206547165
3522258.734128837;20.007011156726804;7.056699603577692;4.454986277555612;8.495325275593501
3523069.857554775;19.993175347175608;7.0422766697972055;4.454952328895751;8.495946348482656
3523881.167770289;19.978870079037538;7.027388300232019;4.454918388253356;8.496563390552167
3524692.664818393;19.964100284015228;7.0120394618274196;4.4548844556209;8.497176366566903
3525504.348742111;19.948871004148778;6.996235232383108;4.454850530992058;8.497785240773613
3526316.219584478;19.933187386305868;6.979980795002199;4.454816614360277;8.498389976943391
3527128.27738854;19.91705467687951;6.963281432758003;4.454782705718248;8.498990538403259
3527940.522197349;19.900478217190077;6.946142524047914;4.454748805059674;8.499586888082488
3528752.954053972;19.883463437761755;6.9285695368685305;4.454714912377503;8.50017898851572
3529565.573001481;19.866015853367163;6.910568023784778;4.4546810276644635;8.50076680191792
3530378.379082962;19.848141058272645;6.892143617138635;4.454647150914456;8.501350290219552
3531191.372341508;19.829844720445372;6.873302023264554;4.454613282120472;8.501929415060347
3532004.552820223;19.81113257673171;6.854049017584116;4.454579421275452;8.502504137872142
3532817.920562223;19.792010427927455;6.834390439660607;4.454545568372873;8.503074419893975
3533631.475610629;19.772484133403736;6.814332187805331;4.454511723405673;8.503640222192736
3534445.218008577;19.752559606296913;6.793880214200257;4.454477886366826;8.504201505729828
3535259.14779921;19.732242808870268;6.773040520259314;4.454444057250532;8.504758231360421
3536073.265025681;19.711539746794266;6.751819150869451;4.454410236049247;8.505310359875573
3536887.569731155;19.69045646491502;6.730222190096868;4.454376422755707;8.505857852062448
3537702.061958806;19.6689990428716;6.70825575682629;4.45434261736435;8.506400668680959
3538516.741751815;19.64717358944174;6.685925999016896;4.454308819867657;8.506938770557184
3539331.609153378;19.62498623851275;6.6632390897100695;4.454275030258351;8.507472118544332
3540146.664206697;19.60244314503296;6.6402012229091465;4.45424124853088;8.508000673592935
3540961.906954987;19.579550479468473;6.6168186080027;4.454207474677244;8.508524396788529
3541777.337441469;19.55631442464809;6.593097466623663;4.454173708691384;8.509043249333043
3542592.955709378;19.532741170746025;6.569044027575992;4.454139950566034;8.509557192604
3543408.761801957;19.50883691175038;6.544664523282959;4.454106200294925;8.510066188172496
3544224.755762459;19.48460784099109;6.51996518531249;4.454072457871026;8.510570197807573
3545040.937634147;19.460060147497988;6.494952240675232;4.4540387232873115;8.511069183535444
3545857.307460295;19.43520001224496;6.469631908100414;4.454004996537025;8.51156310760752
3546673.865284184;19.410033604711007;6.444010394534029;4.453971277614361;8.512051932562613
3547490.61114911;19.38456707839656;6.418093890634568;4.453937566510839;8.512535621251157
3548307.545098374;19.358806568882294;6.39188856887282;4.453903863221173;8.5130141367883
3549124.667175289;19.33275818916687;6.365400578780427;4.453870167737829;8.513487442648614
3549941.977423178;19.30642802725982;6.338636044563987;4.453836480054077;8.513955502641759
3550759.475885376;19.279822142935267;6.311601061854279;4.453802800163384;8.514418280917603
3551577.162605224;19.25294656458356;6.284301694526935;4.453769128058501;8.514875741998127
3552395.037626075;19.225807286969538;6.256743972417729;4.453735463733628;8.515327850818178
3553213.100991292;19.198410267567784;6.228933887750218;4.45370180718103;8.515774572636536
3554031.352744248;19.170761424993557;6.200877393419568;4.453668158394456;8.516215873179533
3554849.792928326;19.142866635838196;6.172580399935892;4.453634517366883;8.516651718535417
3555668.42158692;19.114731732622726;6.144048773296715;4.4536008840913155;8.517082075234695
3556487.23876343;19.08636250177355;6.115288332973988;4.453567258561748;8.517506910237813
3557306.244501271;19.057764680870708;6.086304849186476;4.453533640770667;8.517926190913567
3558125.438843866;19.028943957397843;6.057104041584588;4.453500030711834;8.518339885101422
3558944.821834647;18.999905966151438;6.0276915767380945;4.453466428377738;8.518747961035604
3559764.393517056;18.97065628824938;5.9980730670330695;4.453432833762374;8.519150387453939
3560584.153934549;18.941200448816062;5.968254068465923;4.453399246858999;8.519547133491143
3561404.103130586;18.91154391563646;5.938240079198749;4.45336566766061;8.519938168777099
3562224.24114864;18.881692097642443;5.908036538120224;4.453332096159981;8.520323463362242
3563044.568032195;18.85165034388993;5.8776488237679745;4.453298532350849;8.520702987771106
3563865.083824744;18.82142394200372;5.847082252798385;4.4532649762267225;8.521076712978612
3564685.788569788;18.791018116880455;5.816342078675206;4.453231427780117;8.521444610425132
3565506.682310842;18.760438030187853;5.785433491210988;4.453197887005255;8.521806651971607
3566327.765091429;18.729688778671626;5.754361614801049;4.4531643538944525;8.522162809976123
3567149.03695508;18.698775393964475;5.723131508299085;4.453130828441452;8.522513057223936
3567970.49794534;18.66770284139133;5.691748163802071;4.453097310639494;8.522857366949761
3568792.148105762;18.63647601929368;5.660216505967739;4.453063800481368;8.523195712844572
3569613.987479907;18.60509975871095;5.62854139170756;4.453030297960839;8.523528069042548
3570436.01611135;18.57357882248724;5.596727609322264;4.452996803071142;8.523854410093833
3571258.234043673;18.5419179049566;5.564779878128712;4.452963315805328;8.524174711022559
3572080.64132047;18.51012163151767;5.532702848100746;4.452929836156413;8.524488947260513
3572903.237985344;18.478194558555494;5.500501099771062;4.4528963641183985;8.524797094666036
3573726.024081908;18.446141172693228;5.468179143485119;4.452862899683824;8.525099129524287
3574548.999653785;18.41396589115327;5.435741419770133;4.4528294428464505;8.525395028536689
3575372.16474461;18.381673061193393;5.4031922987783085;4.4527959935990795;8.525684768816005
3576195.519398024;18.34926696044976;5.370536080624923;4.45276255193543;8.525968327889405
3577019.063657681;18.316751796468346;5.3377769949652905;4.452729117848099;8.526245683654954
3577842.797567246;18.284131707355126;5.3049192015821;4.452695691331071;8.526516814441958
3578666.721170391;18.251410761417795;5.271966790107101;4.452662272377866;8.526781698932824
3579490.834510801;18.218592957156556;5.2389237799665045;4.452628860980308;8.527040316209746
3580315.137632168;18.18568222434338;5.205794121486966;4.452595457133141;8.527292645723273
3581139.630578197;18.152682423329875;5.1725816952094785;4.452562060829152;8.527538667291246
3581964.313392601;18.119597345734597;5.1392903125819025;4.452528672061163;8.527778361091531
3582789.186119103;18.086430714984964;5.105923716511911;4.452495290823145;8.528011707649908
3583614.248801439;18.053186186325807;5.072485581364433;4.4524619171081925;8.52823868785318
3584439.501483352;18.019867347271067;5.03897951345447;4.452428550908849;8.528459282907745
3585264.944208596;17.986477718536833;5.005409051955645;4.452395192219601;8.528673474361582
3586090.577020935;17.953020753805045;4.971777668679678;4.452361841033003;8.528881244092366
3586916.399964143;17.91949984071442;4.938088769081063;4.45232849734237;8.529082574290985
3587742.413082005;17.885918301215817;4.904345692626189;4.452295161140744;8.529277447448882
3588568.616418315;17.852279392389676;4.870551713582135;4.452261832422147;8.529465846385394
3589395.010016878;17.81858630655639;4.836710041189974;4.452228511179165;8.529647754187256
3590221.593921507;17.78484217237429;4.8028238207095395;4.45219519740531;8.529823154259443
3591048.368176029;17.75105005525479;4.768896133895437;4.4521618910941365;8.529992030265216
3591875.332824276;17.71721295803377;4.73492999965147;4.452128592239172;8.530154366143126
3592702.487910095;17.68333382140263;4.700928374441448;4.452095300832281;8.530310146128897
3593529.83347734;17.64941552530443;4.6668941537499355;4.452062016868204;8.53045935468629
3594357.369569877;17.615460888928748;4.632830172030811;4.452028740340019;8.530601976557916
3595185.096231579;17.58147267154899;4.59873920358444;4.451995471240049;8.5307379967245
3596013.013506333;17.54745357370915;4.5646239637526;4.451962209562563;8.530867400393987
3596841.121438034;17.513406237508708;4.530487109179556;4.451928955300892;8.53099017302826
3597669.420070588;17.479333247385505;4.4963312386106775;4.4518957084475765;8.531106300327252
3598497.909447909;17.445237131247207;4.4621588940710675;4.451862468996954;8.531215768179187
3599326.589613924;17.411120360645334;4.427972560982552;4.451829236941041;8.53131856272174
3600155.460612568;17.376985352206248;4.393774669654158;4.451796012273961;8.53141467027813
3600984.522487787;17.34283446797888;4.359567595595703;4.451762794988983;8.531504077394192
3601813.775283537;17.308670016364985;4.32535366049118;4.4517295850796526;8.531586770794151
3602643.219043785;17.27449425270484;4.291135132767702;4.4516963825383495;8.531662737398785
3603472.853812506;17.240309380522877;4.25691422882973;4.451663187359104;8.531731964334043
3604302.679633688;17.206117551944143;4.222693113531387;4.451629999535457;8.531794438877299
3605132.696551326;17.17192086843173;4.188473900866877;4.451596819059784;8.531850148505066
3605962.904609427;17.137721381986484;4.154258655206899;4.451563645926132;8.531899080853455
3606793.303852008;17.103521095575168;4.1200493917342005;4.451530480127804;8.531941223713162
3607623.894323096;17.0693219639507;4.085848077244692;4.4514973216574045;8.531976565048605
3608454.676066727;17.03512589478479;4.051656631297742;4.451464170509225;8.532005092977826
3609285.64912695;17.000934748985944;4.017476926551134;4.451431026676123;8.532026795758691
3610116.813547822;16.96675034170776;3.9833107897589315;4.451397890150914;8.532041661797916
3610948.169373409;16.932574443340645;3.9491600027707374;4.451364760927907;8.532049679642
3611779.71664779;16.898408779832643;3.915026302860687;4.451331638999719;8.532050837972236
3612611.455415052;16.864255033799655;3.8809113838488547;4.451298524359656;8.532045125591145
3613443.385719294;16.830114845258866;3.846816896806156;4.451265417001304;8.532032531451405
3614275.507604623;16.795989812348683;3.8127444508168824;4.451232316918478;8.532013044613327
3615107.821115158;16.761881491789467;3.778695613445647;4.451199224103063;8.531986654240756
3615940.326295027;16.72779140033011;3.7446719121449314;4.451166138549835;8.53195334963534
3616773.023188369;16.6937210148086;3.7106748343527256;4.45113306025166;8.53191312020421
3617605.911839332;16.659671773163623;3.6767058285206184;4.451099989201625;8.531865955441383
3618438.992292075;16.625645075203476;3.6427663048524446;4.451066925393077;8.531811844957955
3619272.264590768;16.591642283288742;3.6088576359907747;4.4510338688193425;8.53175077847862
3620105.72877959;16.557664723083544;3.5749811578051576;4.451000819474256;8.531682745804133
3620939.384902729;16.523713684017963;3.5411381698447917;4.450967777350191;8.531607736822979
3621773.233004387;16.489790420422665;3.5073299364495556;4.450934742441217;8.531525741531892
3622607.273128771;16.45589615180657;3.4735576870674785;4.450901714740187;8.531436749998901
3623441.505320103;16.422032063911395;3.4398226172805972;4.450868694241448;8.531340752389347
3624275.929622613;16.388199308934716;3.4061258890774644;4.450835680937565;8.531237738919687
3625110.54608054;16.354399006512445;3.3724686317790216;4.4508026748214515;8.531127699911972
3625945.354738136;16.320632244409218;3.3388519427690633;4.4507696758869075;8.531010625753247
3626780.355639661;16.2869000790361;3.305276888006553;4.450736684127565;8.530886506901982
3627615.548829386;16.25320353607539;3.271744502653011;4.450703699536746;8.530755333885637
3628450.934351592;16.219543611032694;3.2382557916323647;4.4506707221068345;8.530617097293494
3629286.51225057;16.185921270210596;3.2048117305899995;4.450637751832173;8.530471787788422
3630122.282570622;16.152337450933697;3.171413266132715;4.450604788705853;8.530319396095127
3630958.24535606;16.11879306231232;3.13806131660755;4.450571832721245;8.530159912983528
3631794.400651205;16.085288985797067;3.104756772635089;4.4505388838714595;8.529993329290518
3632630.74850039;16.051826075844;3.0715004977807925;4.450505942150099;8.529819635913107
3633467.288947957;16.018405160374947;3.0382933290231136;4.450473007550306;8.529638823801527
3634304.022038258;15.985027041439672;3.0051360774451346;4.450440080065875;8.529450883928662
3635140.947815656;15.951692495619403;2.972029528565278;4.450407159689243;8.529255807364883
3635978.066324525;15.918402274891303;2.9389744432767113;4.450374246414976;8.529053585199616
3636815.377609246;15.885157106707869;2.9059715579043854;4.450341340235465;8.52884420856802
3637652.881714214;15.851957694917157;2.8730215851182055;4.450308441144324;8.528627668654629
3638490.578683833;15.818804720122518;2.8401252143055093;4.450275549135143;8.528403956681865
3639328.468562515;15.7856988401766;2.807283112047707;4.450242664201084;8.52817306392781
3640166.551394686;15.752640690700037;2.774495922663987;4.4502097863352565;8.527934981700794
3641004.827224779;15.719630885650488;2.7417642687812793;4.450176915531497;8.527689701337714
3641843.296097239;15.686670017688753;2.7090887516785154;4.450144051782973;8.52743721422726
3642681.958056522;15.653758658713352;2.676469951846542;4.450111195083036;8.527177511783774
3643520.81314709;15.620897360343307;2.6439084294472077;4.450078345425069;8.526910585471029
3644359.861413421;15.5880866543294;2.6114047247603005;4.450045502802431;8.526636426766668
3645199.102899999;15.555327053047197;2.5789593586438064;4.45001266720853;8.526355027194858
3646038.537651321;15.52261904983784;2.5465728328954933;4.449979838635989;8.526066378306355
3646878.165711891;15.489963119740926;2.5142456309842864;4.449947017079664;8.525770471676976
3647717.987126227;15.457359719463762;2.4819782180102106;4.449914202531956;8.525467298921596
3648558.001938855;15.424809288121683;2.4497710414621285;4.449881394986238;8.525156851673312
3649398.210194312;15.392312247587993;2.4176245315591247;4.44984859443615;8.524839121592716
3650238.611937144;15.359869002869324;2.385539101598512;4.449815800875073;8.52451410039574
3651079.207211909;15.327479942396401;2.353515148329526;4.4497830142959085;8.524181779770965
3651919.996063174;15.295145438682919;2.321553052524285;4.449750234693007;8.523842151465626
3652760.978535518;15.262865848332623;2.2896531790133134;4.449717462058552;8.523495207260758
3653602.154673527;15.230641512762817;2.2578158774393855;4.449684696386638;8.523140938936791
3654443.524521801;15.198472758312215;2.2260414823355323;4.449651937670217;8.522779338306467
3655285.088124948;15.166359896808748;2.1943303136955237;4.449619185903371;8.522410397209851
3656126.845527587;15.134303225646367;2.1626826770830823;4.449586441078768;8.522034107484517
3656968.796774347;15.102303028464814;2.1310988642420576;4.449553703190535;8.521650461032223
3657810.941909867;15.070359575119141;2.099579153141478;4.449520972231102;8.521259449746562
3658653.280978798;15.038473122310684;2.0681238085893168;4.449488248194341;8.520861065527027
3659495.814025798;15.00664391383392;2.0367330824240675;4.449455531074149;8.520455300335703
3660338.541095539;14.97487218067688;2.0054072136982772;4.449422820862933;8.520042146115669
3661181.462232701;14.94315814164201;1.974146429249185;4.449390117554602;8.519621594838222
3662024.577481974;14.911502003503363;1.9429509438430683;4.449357421142784;8.519193638517509
3662867.88688806;14.879903961188663;1.9118209604168135;4.449324731620162;8.518758269151688
3663711.39049567;14.848364198316865;1.8807566705692333;4.4492920489808565;8.518315478766775
3664555.088349526;14.816882887263038;1.8497582546200166;4.449259373217792;8.51786525942523
3665398.98049436;14.785460189558222;1.8188258820508572;4.4492267043246105;8.517407603182756
3666243.066974913;14.75409625609286;1.7879597116766086;4.449194042294486;8.516942502121767
3667087.34783594;14.722791227429271;1.757159891966984;4.449161387120833;8.516469948341456
3667931.823122202;14.691545234089782;1.726426561330018;4.449128738797538;8.515989933962228
3668776.492878473;14.660358396668194;1.695759848244121;4.44909609731751;8.515502451106563
3669621.357149536;14.62923082623844;1.6651598716319351;4.449063462674186;8.51500749193232
3670466.415980186;14.598162624534796;1.6346267410745985;4.449030834861202;8.514505048598997
3671311.669415227;14.567153884131745;1.6041605569829043;4.448998213871499;8.513995113277344
3672157.117499472;14.536204688837165;1.5737614109555185;4.448965599698976;8.513477678182669
3673002.760277746;14.505315113731076;1.5434293858771557;4.448932992336786;8.512952735517134
3673848.597794886;14.474485225489957;1.513164556203526;4.448900391778148;8.512420277508282
3674694.630095736;14.443715082612218;1.4829669882060104;4.448867798016683;8.511880296389528
3675540.857225152;14.41300473563214;1.4528367401568953;4.448835211046065;8.51133278442918
3676387.279228;14.382354227261885;1.4227738624963018;4.448802630859479;8.510777733906103
3677233.896149157;14.351763592638736;1.392778398092858;4.448770057450325;8.510215137095553
3678080.708033509;14.321232859549378;1.3628503824250244;4.448737490812048;8.509644986312304
3678927.714925953;14.290762048560222;1.3329898437409753;4.448704930937607;8.509067273881637
3679774.916871397;14.260351173297444;1.3031968033513106;4.448672377820863;8.508481992125272
3680622.313914759;14.230000240602568;1.273471275751798;4.448639831455745;8.507889133395024
3681469.906100966;14.199709250607897;1.2438132686961318;4.448607291834738;8.507288690077026
3682317.693474958;14.169478197049855;1.2142227835632395;4.448574758951473;8.506680654535142
3683165.676081683;14.139307067421637;1.1846998154542274;4.448542232799644;8.506065019167764
3684013.8539661;14.109195843087852;1.155244353316512;4.448509713372442;8.505441776398898
3684862.227173178;14.079144499526597;1.125856380204164;4.448477200663784;8.504810918658652
3685710.795747899;14.049153006347437;1.0965358732976531;4.448444694666352;8.504172438383431
3686559.559735252;14.019221327655984;1.0672828042417355;4.448412195374115;8.503526328040133
3687408.519180236;13.98934942202299;1.038097139135883;4.44837970277997;8.502872580107136
3688257.674127865;13.959537242789743;1.0089788388332717;4.448347216877867;8.502211187078606
3689107.024623158;13.929784738111707;0.9799278589799909;4.448314737661235;8.501542141470482
3689956.570711148;13.900091851065984;0.950944150147674;4.448282265122792;8.500865435795518
3690806.312436876;13.870458520001467;0.9220276581370758;4.448249799256941;8.50018106260745
3691656.249845395;13.84088467840905;0.893178323890569;4.448217340056412;8.499489014462066
3692506.382981768;13.811370255257343;0.8643960838006488;4.448184887514866;8.498789283941829
3693356.711891069;13.78191517503242;0.8356808697698442;4.448152441625773;8.4980818636368
3694207.23661838;13.75251935788479;0.8070326093294118;4.448120002382304;8.497366746173073
3695057.957208795;13.723182719767228;0.7784512258371892;4.448087569778421;8.49664392415162
3695908.873707419;13.693905172540255;0.7499366384853419;4.448055143807059;8.495913390247857
3696759.986159367;13.664686624097712;0.72148876253319;4.448022724461925;8.4951751371026
3697611.294609764;13.635526978497914;0.6931075093441665;4.447990311736229;8.49442915741752
3698462.799103744;13.606426136065545;0.6647927865629235;4.447957905623637;8.493675443878985
3699314.499686455;13.577383993513134;0.6365444981847435;4.447925506117637;8.492913989210752
3700166.396403053;13.548400444019038;0.6083625446572651;4.447893113211408;8.492144786150364
3701018.489298703;13.519475377405106;0.580246823043092;4.4478607268986705;8.491367827463346
3701870.778418584;13.49060868010207;0.5521972270242099;4.447828347172143;8.490583105905717
3702723.263807882;13.46180023549379;0.5242136471862504;4.447795974026478;8.489790614281059
3703575.945511796;13.43304992372303;0.49629597087092436;4.447763607454199;8.488990345397905
3704428.823575534;13.404357622021148;0.46844408246874497;4.447731247448963;8.48818229210344
3705281.898044315;13.375723204687231;0.44065786345166036;4.447698894004507;8.487366447231064
3706135.168963367;13.347146543191727;0.41293719241515603;4.447666547113789;8.486542803662783
3706988.636377931;13.31862750633314;0.3852819452712594;4.447634206770772;8.48571135429111
3707842.300333256;13.290165960209118;0.3576919952213562;4.4476018729684;8.484872092019362
3708696.160874603;13.261761768459666;0.33016721295899043;4.447569545700658;8.48402500980002
3709550.218047243;13.233414792151407;0.302707466622983;4.4475372249602465;8.483170100568179
3710404.471896456;13.20512489009805;0.27531262205251744;4.4475049107416424;8.482307357303888
3711258.922467534;13.17689191870951;0.24798254266374428;4.447472603037558;8.481436773008207
3712113.56980578;13.148715732214455;0.2207170896787525;4.447440301841476;8.480558340694227
3712968.413956507;13.120596182721773;0.1935161221730009;4.447408007147327;8.479672053401442
3713823.454965036;13.092533120213472;0.16637949706962651;4.44737571894788;8.478777904195965
3714678.692876702;13.064526392752427;0.1393070693630274;4.4473434372375795;8.477875886151821
3715534.127736848;13.036575846349187;0.1122986919658735;4.447311162008422;8.476965992374893
3716389.759590828;13.008681325335317;0.0853542160721748;4.447278893255337;8.476048216007804
3717245.588484008;12.980842672090542;0.058473490932158805;4.447246630970846;8.475122550187539
3718101.614461763;12.953059727383614;0.03165636414119413;4.447214375149144;8.474188988093275
3718957.837569478;12.925332330229324;0.00490268152428257;4.447182125782746;8.473247522922298
3719814.257852548;12.897660318139284;-0.021787712613256936;4.447149882866073;8.472298147886468
3720670.875356382;12.870043527040544;-0.048414975596238946;4.447117646392157;8.471340856244625
3721527.690126395;12.842481791376873;-0.07497926623816395;4.447085416354213;8.470375641260825
3722384.702208015;12.81497494422062;-0.10148074475359276;4.447053192746198;8.469402496228012
3723241.91164668;12.787522817234;-0.12791957277666635;4.447020975561371;8.468421414449296
3724099.318487839;12.760125240820624;-0.15429591325854636;4.446988764793219;8.467432389285953
3724956.922776951;12.732782044103647;-0.18060993043597023;4.446956560434972;8.466435414104646
3725814.724559483;12.705493055032836;-0.20686178973123218;4.446924362480591;8.465430482283477
3726672.723880917;12.678258100380518;-0.23305165778239073;4.446892170923115;8.464417587239794
3727530.920786743;12.651077005884133;-0.25917970230322734;4.446859985756469;8.46339672243089
3728389.315322461;12.623949596149648;-0.2852460921352349;4.4468278069734515;8.46236788131143
3729247.907533583;12.596875694876736;-0.3112509970727139;4.446795634568264;8.461331057381186
3730106.697465629;12.569855124752596;-0.3371945879473902;4.446763468533914;8.460286244166074
3730965.685164134;12.542887707583999;-0.363077036484584;4.446731308864152;8.45923343520443
3731824.870674638;12.515973264291496;-0.3888985153359975;4.446699155551967;8.458172624075527
3732684.254042695;12.48911161502691;-0.414659197949963;4.446667008591334;8.457103804385543
3733543.835313869;12.462302579142762;-0.44035925858712605;4.446634867976012;8.456026969753875
3734403.614533734;12.435545975211138;-0.46599887231951637;4.446602733698766;8.454942113831889
3735263.591747875;12.408841621181427;-0.4915782148942191;4.446570605753305;8.453849230322342
3736123.767001886;12.3821893343119;-0.5170974627396109;4.446538484133417;8.452748312918093
3736984.140341374;12.355588931250486;-0.54255679295505;4.446506368832332;8.451639355373203
3737844.711811954;12.32904022805878;-0.5679563832359175;4.446474259843553;8.450522351451145
3738705.481459253;12.302543040245311;-0.593296411849812;4.446442157160585;8.449397294934535
3739566.449328908;12.276097182824678;-0.6185770576243613;4.4464100607764525;8.448264179672586
3740427.615466567;12.249702470368087;-0.6437984998141406;4.446377970685861;8.447122999496365
3741288.979917888;12.223358716930498;-0.6689609182544354;4.446345886881109;8.445973748303825
3742150.54272854;12.197065736223848;-0.6940644931406306;4.446313809356191;8.444816420008289
3743012.303944201;12.170823341556014;-0.7191094050966209;4.446281738104614;8.44365100854802
3743874.263610561;12.144631345892744;-0.7440958351232235;4.446249673119875;8.442477507896095
3744736.421773322;12.118489561890142;-0.7690239645562971;4.4462176143957395;8.441295912050698
3745598.778478193;12.092397801883784;-0.7938939751002887;4.44618556192474;8.440106215059336
3746461.333770896;12.066355878008588;-0.8187060486646613;4.446153515701377;8.438908410971873
3747324.087697162;12.040363602113686;-0.8434603674831855;4.446121475718647;8.437702493878222
3748187.040302734;12.014420785912556;-0.8681571139808263;4.4460894419705745;8.436488457922806
3749050.191633365;11.988527240843874;-0.892796470854398;4.446057414449679;8.435266297248589
3749913.541734818;11.962682778292342;-0.9173786208971392;4.446025393150479;8.434036006039001
3750777.090652868;11.936887209487509;-0.9419037471162226;4.4459933780662215;8.432797578537507
3751640.838433297;11.911140345484128;-0.9663720326775194;4.445961369189472;8.431551008972175
3752504.785121903;11.885441997386463;-0.9907836607603324;4.445929366515196;8.4302962916316
3753368.930764489;11.859791976144013;-1.015138814728301;4.445897370035948;8.429033420836367
3754233.275406873;11.834190092708454;-1.039437677962585;4.44586537974549;8.427762390925547
3755097.819094881;11.808636158035368;-1.0636804338962857;4.445833395637331;8.426483196294324
3755962.56187435;11.783129983088036;-1.0878672659645936;4.445801417705512;8.425195831347116
3756827.503791128;11.757671378792487;-1.111998357676001;4.4457694459423065;8.42390029052618
3757692.644891073;11.732260156248572;-1.1360738924198044;4.445737480342482;8.42259656832589
3758557.985220055;11.706896126506493;-1.1600940536378155;4.44570552089859;8.42128465924572
3759423.524823952;11.681579100794568;-1.1840590246480032;4.44567356760487;8.4199645578377
3760289.263748655;11.65630889041072;-1.20796898873161;4.445641620454619;8.418636258687712
3761155.202040064;11.63108530675554;-1.2318241290867946;4.445609679440891;8.417299756401443
3762021.33974409;11.605908161439427;-1.255624628747025;4.445577744558177;8.415955045628273
3762887.676906656;11.580777266156526;-1.279370670703587;4.445545815798785;8.414602121061328
3763754.213573693;11.555692432850531;-1.3030624377211004;4.445513893157228;8.413240977414402
3764620.949791145;11.530653473606463;-1.3267001124607638;4.445481976626567;8.411871609440661
3765487.885604965;11.505660200712073;-1.350283877402282;4.445450066200077;8.410494011914281
3766355.021061116;11.480712426753886;-1.3738139148001478;4.445418161872027;8.409108179682006
3767222.356205575;11.455809964479126;-1.3972904067404546;4.445386263635721;8.40771410758386
3768089.891084325;11.430952626913164;-1.4207135351035471;4.445354371484197;8.406311790532511
3768957.625743362;11.406140227331429;-1.4440834815100076;4.445322485411235;8.404901223430201
3769825.560228694;11.381372579330264;-1.4674004273460186;4.445290605410391;8.403482401265892
3770693.694586337;11.356649496758065;-1.4906645537491139;4.445258731474969;8.40205531903221
3771562.028862318;11.33197079382227;-1.513876041553681;4.445226863599201;8.400619971776749
3772430.563102676;11.307336284977394;-1.537035071354219;4.445195001776189;8.399176354555426
3773299.29735346;11.282745785047206;-1.5601418234452828;4.445163145999217;8.397724462493274
3774168.231660729;11.258199109184625;-1.5831964778063434;4.445131296261818;8.39626429072915
3775037.366070553;11.233696072930394;-1.606199214084828;4.445099452558042;8.394795834457181
3775906.700629012;11.209236492138789;-1.6291502116278278;4.44506761488119;8.393319088885425
3776776.235382198;11.184820183076456;-1.652049649444614;4.445035783224562;8.391834049296508
3777645.970376214;11.16044696235601;-1.6748977061896442;4.445003957581696;8.390340710963956
3778515.90565717;11.136116647033074;-1.6976945601359232;4.444972137946891;8.388839069222104
3779386.041271191;11.111829054513976;-1.7204403892646882;4.444940324312257;8.387329119466408
3780256.377264409;11.087584002664046;-1.7431353710921753;4.444908516672527;8.385810857083694
3781126.91368297;11.063381309748387;-1.765779682799566;4.444876715021019;8.384284277526934
3781997.650573028;11.039220794466953;-1.7883735011758908;4.444844919351053;8.382749376291791
3782868.58798075;11.01510227594469;-1.810917002600817;4.444813129656179;8.381206148889326
3783739.72595231;10.991025573785356;-1.8334103630371776;4.44478134593021;8.379654590892324
3784611.064533896;10.966990508007497;-1.855853758057007;4.444749568166194;8.37809469789831
3785482.603771705;10.942996899120082;-1.878247362790662;4.444717796357709;8.376526465553036
3786354.343711946;10.91904456812436;-1.9005913519071105;4.444686030499291;8.374949889532179
3787226.284400837;10.895133336429854;-1.9228858997083447;4.444654270583269;8.373364965554925
3788098.425884609;10.871263025986908;-1.9451311799969064;4.44462251660368;8.371771689380132
3788970.768209499;10.847433459230016;-1.9673273661302164;4.4445907685543755;8.370170056805858
3789843.31142176;10.823644459058816;-1.9894746310350178;4.444559026428379;8.368560063665454
3790716.055567653;10.799895848912701;-2.0115731471479172;4.444527290219557;8.366941705841061
3791589.00069345;10.77618745272591;-2.033623086454777;4.444495559921174;8.36531497925951
3792462.146845433;10.752519094944827;-2.0556246204425164;4.444463835527311;8.36367987986003
3793335.494069897;10.728890600531892;-2.077577920148694;4.444432117031049;8.362036403649537
3794209.042413143;10.705301794982967;-2.0994831561093164;4.444400404425966;8.360384546666316
3795082.791921489;10.681752504325587;-2.121340498364817;4.4443686977058485;8.358724304984559
3795956.742641258;10.658242555118553;-2.1431501164734357;4.4443369968640685;8.35705567472792
3796830.894618787;10.634771774472222;-2.1649121794744257;4.444305301894632;8.355378652052014
3797705.247900422;10.611339990003277;-2.1866268559446955;4.444273612790163;8.353693233157808
3798579.802532521;10.587947029939125;-2.208294313902365;4.4442419295449795;8.35199941429651
3799454.558561451;10.56459272301122;-2.2299147208832224;4.444210252152406;8.350297191742033
3800329.516033592;10.541276898530395;-2.2514882438857073;4.444178580606478;8.348586561809626
3801204.674995332;10.517999386360872;-2.273015049422782;4.44414691490007;8.346867520883581
3802080.035493072;10.494760016925069;-2.2944953034637674;4.444115255026764;8.34514006536207
3802955.597573223;10.47155862123783;-2.3159291714370203;4.444083600980603;8.343404191694248
3803831.361282205;10.448395030863125;-2.337316818262758;4.444051952754939;8.341659896370942
3804707.326666452;10.425269077944112;-2.3586584083195308;4.444020310343356;8.339907175920283
3805583.493772405;10.402180595211593;-2.3799541054585123;4.4439886737391845;8.338146026930922
3806459.862646518;10.37912941595506;-2.401204072978124;4.44395704293624;8.336376445996942
3807336.433335256;10.35611537408264;-2.4224084736413882;4.443925417928122;8.334598429795903
3808213.205885094;10.333138304057645;-2.4435674696753713;4.443893798708178;8.332811975024839
3809090.180342516;10.310198040956035;-2.4646812227466857;4.443862185270237;8.331017078432485
3809967.356754019;10.287294420414385;-2.4857498939809384;4.443830577607863;8.329213736787462
3810844.735166111;10.264427278692558;-2.5067736439592165;4.44379897571441;8.327401946937366
3811722.315625309;10.24159645263991;-2.527752632689583;4.443767379583987;8.325581705745508
3812600.09817814;10.218801779668347;-2.5486870196679643;4.443735789209151;8.32375301012716
3813478.082871146;10.196043097852561;-2.569576963777375;4.443704204584517;8.321915857045418
3814356.269750874;10.17332024581451;-2.5904226233856926;4.4436726257031625;8.320070243497039
3815234.658863886;10.150633062792293;-2.6112241562931597;4.4436410525584495;8.318216166527003
3816113.250256754;10.12798138864834;-2.631981719719625;4.443609485144465;8.3163536232235
3816992.043976058;10.105365063840374;-2.6526954703370786;4.443577923454777;8.314482610722676
3817871.040068393;10.082783929400899;-2.673365564272088;4.443546367482275;8.312603126190709
3818750.238580361;10.06023782702395;-2.693992157048572;4.443514817221286;8.310715166851237
3819629.639558577;10.037726598980791;-2.714575403651244;4.443483272665149;8.308818729966887
3820509.243049665;10.01525008817027;-2.7351154584905912;4.443451733807477;8.306913812853386
3821389.049100262;9.992808138064785;-2.7556124754112887;4.443420200641858;8.305000412834215
3822269.057757013;9.970400592797159;-2.776066607695509;4.443388673161662;8.303078527331008
3823149.269066576;9.948027297092231;-2.7964780080380356;4.44335715136096;8.301148153769308
3824029.683075619;9.925688096274044;-2.8168468285951698;4.443325635232648;8.299209289636567
3824910.29983082;9.903382836309962;-2.837173220916807;4.443294124771051;8.297261932455719
3825791.119378869;9.881111363757016;-2.8574573360196758;4.44326261996902;8.29530607980767
3826672.141766466;9.858873525809535;-2.8776993243070863;4.443231120821169;8.293341729295456
3827553.367040322;9.836669170243416;-2.8978993356653175;4.443199627319879;8.291368878588855
3828434.795247158;9.814498145479355;-2.9180575193691514;4.443168139459223;8.289387525389284
3829316.426433708;9.792360300561967;-2.938174024114289;4.443136657233564;8.287397667442692
3830198.260646713;9.770255485111612;-2.9582489980813733;4.443105180635045;8.285399302557938
3831080.297932928;9.748183549414335;-2.978282588806218;4.443073709658732;8.283392428561822
3831962.538339119;9.726144344326178;-2.998274943315324;4.443042244297255;8.281377043344246
3832844.98191206;9.704137721352101;-3.0182262080324485;4.443010784544485;8.279353144840064
3833727.628698537;9.682163532592217;-3.0381365288178324;4.442979330394045;8.277320731016001
3834610.478745348;9.660221630781113;-3.0580060509560765;4.4429478818397685;8.275279799897419
3835493.532099301;9.6383118692454;-3.077834919183997;4.442916438874553;8.273230349554844
3836376.788807213;9.616434101945174;-3.0976232776343062;4.442885001492749;8.271172378086732
3837260.248915914;9.594588183452275;-3.117371269894393;4.4428535696877125;8.269105883658957
3838143.912472246;9.572773968938757;-3.137079038988018;4.4428221434525765;8.267030864474197
3839027.779523057;9.550991314232181;-3.156746727330821;4.442790722782206;8.2649473187808
3839911.850115211;9.529240075698644;-3.1763744768338382;4.442759307668731;8.262855244863749
3840796.12429558;9.507520110398282;-3.195962428784478;4.44272789810677;8.26075464107599
3841680.602111047;9.485831275935153;-3.2155107239439413;4.442696494089189;8.258645505789907
3842565.283608506;9.464173430586536;-3.2350195024739903;4.442665095610349;8.256527837450175
3843450.168834861;9.442546433182871;-3.2544889040055547;4.442633702663166;8.254401634525262
3844335.25783703;9.420950143198032;-3.2739190675776415;4.442602315241736;8.252266895533939
3845220.550661938;9.399384420710149;-3.293310131683977;4.442570933339435;8.25012361905469
3846106.047356523;9.377849126399267;-3.312662234244927;4.4425395569501225;8.247971803694073
3846991.747967733;9.35634412155904;-3.331975512630997;4.44250818606721;8.245811448122826
3847877.652542526;9.334869268076275;-3.3512501036521787;4.4424768206840675;8.243642551044385
3848763.761127872;9.313424428460287;-3.370486143538938;4.442445460795062;8.241465111204162
3849650.073770753;9.292009465811063;-3.389683768006644;4.442414106392609;8.239279127425101
3850536.590518159;9.270624243848744;-3.408843112155027;4.4423827574718;8.23708459853197
3851423.311417093;9.249268626861477;-3.427964310581909;4.442351414025271;8.234881523418114
3852310.236514567;9.227942479783081;-3.4470474973094714;4.442320076046685;8.232669901045869
3853197.365857606;9.206645668108155;-3.466092805801337;4.442288743529911;8.230449730379581
3854084.699493244;9.185378057949936;-3.4851003689754374;4.442257416468575;8.228221010456798
3854972.237468527;9.164139516025664;-3.504070319192727;4.442226094856566;8.225983740361825
3855859.979830511;9.142929909610993;-3.5230027882920263;4.442194778686554;8.223737919216468
3856747.926626263;9.121749106629082;-3.541897907522731;4.442163467953117;8.221483546198694
3857636.077902862;9.100596975555872;-3.5607558076175065;4.44213216264946;8.21922062052392
3858524.433707396;9.079473385472818;-3.5795766187552784;4.442100862769176;8.21694914145892
3859412.994086965;9.058378206058547;-3.5983604705651064;4.442069568306188;8.214669108317464
3860301.759088679;9.037311307574637;-3.6171074921397004;4.442038279254091;8.212380520460247
3861190.72875966;9.016272560864897;-3.6358178120401847;4.442006995606098;8.210083377298982
3862079.90314704;8.99526183736657;-3.654491558269153;4.4419757173562955;8.207777678279427
3862969.282297963;8.974279009099233;-3.6731288583063577;4.441944444498084;8.205463422907506
3863858.866259582;8.953323948672862;-3.691729839084295;4.441913177025397;8.203140610731763
3864748.655079063;8.932396529247866;-3.710294627022307;4.441881914931111;8.200809241339062
3865638.64880358;8.911496624628251;-3.728823347971213;4.441850658209844;8.198469314389618
3866528.84748032;8.890624109130187;-3.747316127284649;4.44181940685454;8.196120829560297
3867419.251156481;8.869778857684306;-3.765773089771256;4.441788160858839;8.193763786596724
3868309.859879271;8.848960745774288;-3.7841943597080077;4.441756920216634;8.19139818526566
3869200.67369591;8.828169649489471;-3.802580060844065;4.441725684921817;8.189024025411719
3870091.692653627;8.807405445466392;-3.8209303164192567;4.441694454967543;8.186641306918105
3870982.916799663;8.78666801090228;-3.8392452491340956;4.441663230347715;8.184250029688657
3871874.34618127;8.765957223603914;-3.857524981183345;4.441632011055518;8.181850193731744
3872765.980845711;8.745272961896543;-3.875769634217383;4.441600797085329;8.179441799028595
3873657.820840259;8.724615104720367;-3.893979329388057;4.4415695884305455;8.177024845677877
3874549.866212199;8.70398353152618;-3.9121541873352745;4.4415383850843355;8.174599333777117
3875442.117008826;8.683378122355974;-3.9302943281694978;4.441507187040622;8.172165263484848
3876334.573277446;8.662798757837326;-3.9483998714846713;4.441475994293547;8.16972263502845
3877227.235065376;8.64224531911028;-3.966470936386753;4.44144480683603;8.167271448661001
3878120.102419945;8.621717687882994;-3.9845076414492073;4.441413624662199;8.16481170467
3879013.175388492;8.601215746434537;-4.002510104755911;4.441382447765278;8.162343403425169
3879906.454018365;8.580739377594044;-4.020478443867244;4.441351276139381;8.15986654532191
3880799.938356927;8.56028846473182;-4.038412775853557;4.441320109777925;8.157381130807448
3881693.628451548;8.539862891768745;-4.056313217282056;4.441288948674352;8.15488716037645
3882587.52434961;8.519462543172628;-4.074179884212359;4.441257792822546;8.152384634562441
3883481.626098509;8.49908730397123;-4.092012892208745;4.441226642216198;8.149873553963777
3884375.933745647;8.478737059726733;-4.109812356339853;4.4411954968489535;8.14735391921763
3885270.447338441;8.458411696543589;-4.127578391175211;4.441164356714729;8.14482573100407
3886165.166924316;8.438111101049476;-4.145311110812388;4.441133221806228;8.142288990055635
3887060.092550709;8.417835160454048;-4.16301062882039;4.441102092118328;8.139743697156112
3887955.224265069;8.397583762450827;-4.180677058316913;4.441070967643731;8.13718985312401
3888850.562114854;8.377356795298912;-4.198310511911421;4.44103984837634;8.134627458833993
3889746.106147535;8.357154147803348;-4.215911101728062;4.441008734310093;8.132056515221318
3890641.856410591;8.336975709274286;-4.233478939407296;4.440977625438892;8.129477023242691
3891537.812951516;8.3168213695493;-4.251014136125983;4.440946521755681;8.126888983919605
3892433.975817812;8.296691019008058;-4.268516802563015;4.440915423254384;8.124292398316689
3893330.345056992;8.276584548549684;-4.285987048929291;4.4408843299284175;8.121687267550561
3894226.92071658;8.25650184959349;-4.303424984942349;4.4408532417722055;8.119073592763637
3895123.702844114;8.236442814092186;-4.320830719867049;4.4408221587789445;8.116451375180292
3896020.691487138;8.216407334509263;-4.3382043624924;4.440791080942036;8.113820616059627
3896917.88669321;8.196395303804998;-4.355546021128153;4.4407600082554355;8.111181316677719
3897815.2885099;8.176406615501833;-4.372855803616942;4.440728940713053;8.108533478405723
3898712.896984785;8.156441163593426;-4.390133817342724;4.440697878308323;8.105877102627828
3899610.712165456;8.136498842602517;-4.407380169232983;4.440666821034221;8.10321219080128
3900508.734099515;8.116579547573043;-4.424594965717927;4.440635768885847;8.100538744405121
3901406.962834574;8.096683174028975;-4.44177831281364;4.4406047218554825;8.097856764987135
3902305.398418256;8.076809618028252;-4.458930316039127;4.4405736799377244;8.095166254129651
3903204.040898195;8.056958776117089;-4.476051080475861;4.440542643126057;8.092467213466891
3904102.890322036;8.037130545334483;-4.493140710754786;4.440511611413664;8.089759644675604
3905001.946737436;8.017324823253698;-4.510199311034663;4.440480584794964;8.087043549493396
3905901.210192061;7.997541507904041;-4.52722698505042;4.440449563262669;8.084318929691786
3906800.680733589;7.977780497852184;-4.544223836053643;4.440418546811685;8.081585787094141
3907700.358409709;7.9580416921146755;-4.5611899668825835;4.440387535434743;8.078844123562515
3908600.243268122;7.938324990240585;-4.578125479912641;4.4403565291257525;8.076093941027473
3909500.335356539;7.918630292245422;-4.595030477082556;4.440325527878199;8.07333524144978
3910400.63472268;7.898957498648408;-4.611905059871478;4.440294531686707;8.070568026833179
3911301.14141428;7.8793065104364155;-4.628749329357025;4.4402635405435325;8.067792299249907
3912201.855479082;7.859677229099353;-4.645563386137758;4.440232554443574;8.065008060793538
3913102.776964841;7.8400695565991985;-4.662347330406928;4.440201573379804;8.062215313626321
3914003.905919324;7.8204833953904584;-4.67910126190896;4.440170597346156;8.059414059953262
3914905.242390306;7.800918648380924;-4.695825279960606;4.440139626336347;8.056604302005185
3915806.786425577;7.781375218972521;-4.712519483456274;4.440108660343583;8.05378604208521
3916708.538072934;7.7618530110653525;-4.729183970840789;4.44007769936251;8.050959282543632
3917610.497380188;7.742351928984711;-4.7458188401579555;4.440046743386116;8.04812402575655
3918512.664395161;7.7228718775549545;-4.762424189016951;4.44001579240811;8.045280274163794
3919415.039165683;7.70341276206886;-4.779000114601278;4.439984846422402;8.042428030247736
3920317.621739598;7.683974488274893;-4.795546713681377;4.439953905422482;8.039567296533788
3921220.412164759;7.664556962406808;-4.8120640826017835;4.439922969402304;8.03669807560629
3922123.410489033;7.645160091141248;-4.828552317298102;4.4398920383553;8.033820370084053
3923026.616760294;7.62578378161635;-4.845011513291059;4.43986111227496;8.030934182632448
3923930.031026431;7.606427941448596;-4.861441765674998;4.439830191155681;8.02803951596791
3924833.65333534;7.587092478689782;-4.877843169153956;4.439799274990476;8.025136372853263
3925737.483734932;7.567777301862733;-4.894215818012541;4.439768363773054;8.02222475610222
3926641.522273126;7.54848231995485;-4.910559806118267;4.4397374574978175;8.0193046685753
3927545.768997854;7.529207442366298;-4.92687522695383;4.439706556157778;8.016376113162352
3928450.223957057;7.509952578978941;-4.943162173584673;4.439675659746872;8.013439092816744
3929354.88719869;7.49071764011798;-4.959420738678851;4.439644768258807;8.010493610538026
3930259.758770716;7.47150253654402;-4.975651014507041;4.439613881687063;8.007539669363998
3931164.838721111;7.452307179467747;-4.991853092932396;4.43958300002585;8.004577272374293
3932070.127097861;7.433131480556632;-5.0080270654360834;4.439552123268365;8.00160642272435
3932975.623948964;7.413975351888864;-5.024173023097509;4.439521251408326;7.998627123578046
3933881.329322428;7.394838706001208;-5.040291056600665;4.4394903844397255;7.99563937816215
3934787.243266273;7.375721455875412;-5.05638125624297;4.439459522356243;7.992643189762141
3935693.365828529;7.356623514892502;-5.072443711938883;4.439428665151131;7.989638561680251
3936599.697057238;7.337544796904378;-5.088478513200049;4.4393978128188225;7.986625497285605
3937506.237000454;7.318485216177232;-5.104485749172481;4.439366965352304;7.983603999997411
3938412.985706239;7.299444687410606;-5.1204655085995165;4.439336122746028;7.980574073264095
3939319.943222668;7.280423125707828;-5.136417879868766;4.439305284992507;7.977535720584089
3940227.109597828;7.2614204466490415;-5.152342950955915;4.439274452086681;7.974488945518276
3941134.484879816;7.242436566196946;-5.1682408094813805;4.439243624021774;7.971433751656548
3942042.06911674;7.223471400746498;-5.1841115426797355;4.439212800791735;7.968370142634499
3942949.862356718;7.2045248671056665;-5.199955237417575;4.439181982390082;7.965298122133158
3943857.864647881;7.185596882506514;-5.215771980198838;4.439151168809536;7.9622176938958145
3944766.076038371;7.1666873646147025;-5.231561857117523;4.4391203600457905;7.959128861686433
3945674.49657634;7.1477962314774635;-5.24732495394427;4.439089556091084;7.956031629330652
3946583.126309952;7.12892340157583;-5.263061356059157;4.439058756939413;7.952926000695571
3947491.96528738;7.110068793800879;-5.278771148477227;4.439027962584753;7.949811979693358
3948401.013556812;7.091232327448342;-5.294454415850074;4.438997173021041;7.946689570277373
3949310.271166443;7.07241392222409;-5.310111242475818;4.438966388241534;7.943558776458374
3950219.738164482;7.053613498229415;-5.325741712286298;4.4389356082399765;7.9404196022757345
3951129.414599147;7.0348309759852;-5.34134590885145;4.438904833010338;7.937272051826313
3952039.300518669;7.016066276395174;-5.356923915394014;4.43887406254586;7.934116129243326
3952949.395971289;6.997319320782269;-5.3724758147714855;4.438843296840514;7.930951838713244
3953859.701005259;6.978590030869136;-5.388001689482951;4.438812535888755;7.927779184463332
3954770.215668843;6.9598783287423664;-5.403501621701583;4.438781779682887;7.924598170761063
3955680.940010315;6.941184136926669;-5.418975693218298;4.43875102821783;7.921408801927138
3956591.874077961;6.922507378301482;-5.4344239854955925;4.4387202814868685;7.918211082310207
3957503.017920078;6.9038479761606535;-5.449846579650463;4.438689539483194;7.915005016327922
3958414.371584973;6.885205854193018;-5.465243556438497;4.438658802201329;7.911790608430184
3959325.935120966;6.866580936457238;-5.480614996284496;4.438628069634753;7.908567863106983
3960237.708576387;6.8479731474088155;-5.49596097926543;4.438597341777452;7.905336784896793
3961149.691999577;6.829382411870326;-5.511281585130025;4.438566618622415;7.902097378377938
3962061.885438889;6.810808655086852;-5.526576893270554;4.438535900164126;7.898849648193277
3962974.288942686;6.792251802620508;-5.541846982760097;4.4385051863955995;7.895593598985004
3963886.902559343;6.773711780484054;-5.557091932319166;4.438474477311306;7.892329235491912
3964799.726337246;6.755188515004525;-5.572311820351814;4.438443772904258;7.889056562452081
3965712.760324791;6.736681932944162;-5.5875067249125365;4.438413073168943;7.885775584687753
3966626.004570387;6.7181919613884125;-5.602676723746365;4.438382378098106;7.882486307036669
3967539.459122453;6.699718527823259;-5.617821894243381;4.438351687686699;7.879188734379941
3968453.12402942;6.681261560090621;-5.63294231349124;4.43832100192756;7.8758828716543015
3969366.999339729;6.662820986415264;-5.648038058239294;4.43829032081461;7.872568723839951
3970281.085101832;6.6443967353795355;-5.6631092049144165;4.438259644341644;7.869246295952307
3971195.381364195;6.625988735937536;-5.678155829619145;4.438228972502619;7.86591559305406
3972109.888175291;6.607596917405868;-5.693178008140334;4.438198305291053;7.8625766202551475
3973024.605583607;6.589221209456681;-5.708175815947767;4.438167642700232;7.859229382704217
3973939.533637641;6.5708615421211745;-5.7231493281804315;4.4381369847246095;7.855873885576996
3974854.672385901;6.552517845818306;-5.738098619671673;4.438106331357702;7.852510134132277
3975770.021876906;6.534190051286618;-5.7530237649380345;4.438075682593242;7.8491381336314126
3976685.582159188;6.515878089631028;-5.767924838184082;4.438045038424795;7.845757889390317
3977601.353281289;6.497581892337868;-5.7828019132964945;4.43801439884655;7.842369406787811
3978517.335291761;6.479301391201354;-5.797655063866715;4.437983763851311;7.83897269121676
3979433.528239171;6.46103651840519;-5.812484363153759;4.437953133434066;7.835567748124884
3980349.932172092;6.442787206457844;-5.82728988413165;4.437922507587792;7.8321545830017
3981266.547139111;6.424553388236603;-5.842071699457286;4.437891886306529;7.828733201387358
3982183.373188828;6.406334996936999;-5.856829881494029;4.437861269583313;7.825303608847714
3983100.410369851;6.38813196612372;-5.8715645022877725;4.437830657412594;7.821865810998898
3984017.658730799;6.3699442297052205;-5.886275633589781;4.4378000497881755;7.818419813506826
3984935.118320306;6.351771721902747;-5.900963346855876;4.437769446703524;7.814965622055099
3985852.789187013;6.33361437730613;-5.915627713239377;4.437738848152451;7.8115032423930515
3986770.671379575;6.315472130835453;-5.930268803600733;4.437708254128457;7.808032680307729
3987688.764946657;6.297344917755096;-5.944886688494384;4.437677664626024;7.8045539416234515
3988607.069936935;6.279232673634722;-5.959481438201144;4.437647079637737;7.801067032198129
3989525.586399097;6.261135334412639;-5.974053122684606;4.437616499158533;7.797571957938714
3990444.314381841;6.243052836346178;-5.988601811636951;4.437585923181458;7.794068724801667
3991363.253933878;6.224985116019749;-6.003127574449022;4.437555351700763;7.790557338768007
3992282.405103929;6.206932110346496;-6.0176304802351455;4.437524784709499;7.787037805872142
3993201.767940727;6.188893756573298;-6.032110597813503;4.437494222201686;7.783510132185114
3994121.342493014;6.170869992275692;-6.046567995714572;4.437463664171549;7.779974323818715
3995041.128809546;6.152860755335647;-6.061002742194307;4.437433110612395;7.77643038691756
3995961.12693909;6.134865983978253;-6.075414905222129;4.437402561517969;7.772878327682412
3996881.336930421;6.116885616749174;-6.089804552480194;4.4373720168825574;7.76931815234681
3997801.75883233;6.098919592491243;-6.104171751384393;4.437341476699174;7.765749867176463
3998722.392693616;6.080967850392516;-6.118516569058732;4.437310940962107;7.762173478489141
3999643.238563089;6.063030329946234;-6.132839072361175;4.437280409664627;7.758588992642781
4000564.296489573;6.045106970970025;-6.147139327865958;4.437249882800748;7.754996416035235
4001485.566521901;6.027197713571688;-6.161417401873306;4.43721936036449;7.751395755080504
4002407.048708917;6.009302498199505;-6.175673360417533;4.437188842349149;7.747787016267889
4003328.743099478;5.991421265607442;-6.189907269251963;4.437158328748979;7.744170206110425
4004250.64974245;5.97355395683731;-6.204119193869002;4.437127819557267;7.740545331149047
4005172.768686713;5.955700513273223;-6.218309199482437;4.437097314768305;7.736912397987355
4006095.099981157;5.937860876573623;-6.232477351050463;4.4370668143751155;7.7332714132489695
4007017.643674681;5.92003498872274;-6.246623713253435;4.437036318371967;7.729622383604205
4007940.3998162;5.902222792012289;-6.260748350510684;4.437005826752644;7.725965315770329
4008863.368454636;5.884424229023343;-6.274851326975818;4.436975339511174;7.722300216487988
4009786.549638923;5.866639242634158;-6.288932706554138;4.436944856640115;7.71862709254818
4010709.943418009;5.848867776042429;-6.302992552861566;4.436914378134949;7.714945950769044
4011633.549840851;5.831109772730202;-6.317030929284425;4.436883903988027;7.711256798026601
4012557.368956417;5.81336517647582;-6.331047898930039;4.436853434193811;7.707559641212047
4013481.400813687;5.795633931359666;-6.3450435246566865;4.436822968745899;7.703854487270453
4014405.645461653;5.777915981759082;-6.359017869060713;4.436792507638517;7.700141343181275
4015330.102949317;5.7602112723337;-6.3729709944963755;4.436762050864517;7.696420215965558
4016254.773325692;5.742519748037912;-6.386902963051434;4.436731598418141;7.692691112671205
4017179.656639805;5.724841354129074;-6.400813836563351;4.436701150293434;7.68895404039899
4018104.752940691;5.707176036124605;-6.414703676627305;4.436670706483458;7.685209006268449
4019030.062277397;5.689523739871757;-6.428572544570882;4.436640266983208;7.681456017459433
4019955.584698983;5.671884411464005;-6.442420501495264;4.436609831785266;7.677695081174004
4020881.32025452;5.654257997292881;-6.456247608238856;4.436579400883914;7.673926204647822
4021807.268993089;5.636644444042805;-6.470053925402455;4.436548974272425;7.670149395172835
4022733.430963781;5.619043698676236;-6.48383951332818;4.436518551945617;7.666364660058803
4023659.806215703;5.60145570842749;-6.497604432132914;4.436488133896265;7.662572006664138
4024586.394797969;5.583880420817765;-6.511348741677061;4.436457720118659;7.658771442376167
4025513.196759705;5.566317783643061;-6.525072501586255;4.436427310606376;7.654962974622938
4026440.212150051;5.548767744983284;-6.538775771239278;4.436396905353674;7.651146610868885
4027367.441018155;5.531230253185465;-6.552458609786973;4.436366504353603;7.647322358618837
4028294.883413179;5.513705256869249;-6.566121076133257;4.436336107600237;7.643490225402269
4029222.539384293;5.496192704940136;-6.579763228947498;4.436305715087377;7.639650218800259
4030150.408980682;5.478692546565606;-6.5933851266617935;4.436275326809017;7.635802346418385
4031078.492251541;5.461204731182151;-6.606986827475176;4.436244942758998;7.631946615898331
4032006.789246075;5.443729208492643;-6.620568389362189;4.436214562930133;7.628083034924698
4032935.300013502;5.42626592848785;-6.634129870044243;4.436184187317681;7.624211611214413
4033864.02460305;5.4088148413958415;-6.6476713270342955;4.436153815914252;7.620332352515886
4034792.963063959;5.391375897732996;-6.661192817601549;4.436123448714083;7.616445266620461
4035722.115445482;5.373949048268103;-6.674694398790018;4.436093085711008;7.612550361347115
4036651.48179688;5.356534244039607;-6.68817612742015;4.436062726898339;7.608647644561419
4037581.062167428;5.339131436342255;-6.70163806007343;4.43603237227086;7.604737124144823
4038510.85660641;5.32174057673377;-6.715080253120651;4.436002021821637;7.600818808032782
4039440.865163125;5.304361617024238;-6.72850276270376;4.43597167554424;7.596892704183757
4040371.087886879;5.286994509300578;-6.741905644731273;4.435941333433436;7.592958820598412
4041301.524826992;5.269639205871016;-6.755288954907837;4.435910995481834;7.589017165297019
4042232.176032796;5.252295659339628;-6.768652748700722;4.435880661683951;7.585067746356399
4043163.041553632;5.234963822546456;-6.781997081363508;4.435850332033599;7.581110571876366
4044094.121438853;5.217643648576957;-6.795322007934069;4.4358200065241125;7.577145649986915
4045025.415737826;5.200335090774873;-6.808627583223457;4.435789685150012;7.573172988848319
4045956.924499925;5.18303810274017;-6.821913861840444;4.435759367903911;7.569192596676702
4046888.647774539;5.165752638316073;-6.8351808981573186;4.435729054781091;7.5652044816923
4047820.585611067;5.148478651598022;-6.848428746351028;4.435698745774356;7.5612086521746935
4048752.738058919;5.131216096912974;-6.861657460378621;4.435668440877286;7.557205116414309
4049685.105167517;5.113964928867474;-6.874867093974632;4.4356381400846905;7.5531938827574185
4050617.686986294;5.0967251022737905;-6.888057700676248;4.435607843389624;7.549174959560415
4051550.483564694;5.079496572212166;-6.901229333805354;4.435577550785683;7.545148355231838
4052483.494952174;5.062279294007622;-6.9143820464650325;4.43554726226762;7.541114078205035
4053416.721198201;5.045073223204481;-6.927515891562818;4.43551697782857;7.537072136938733
4054350.162352253;5.027878315607847;-6.940630921793508;4.435486697462311;7.533022539939042
4055283.81846382;5.0106945272510695;-6.95372718964455;4.435456421162692;7.528965295732929
4056217.689582406;4.993521814408457;-6.966804747398545;4.4354261489234945;7.524900412883508
4057151.77575752;4.976360133595786;-6.979863647129196;4.435395880739046;7.520827899985935
4058086.07703869;4.95920944155558;-6.992903940714199;4.435365616602685;7.516747765667095
4059020.593475449;4.942069695268817;-7.005925679825083;4.43533535650822;7.512660018585679
4059955.325117345;4.924940851938273;-7.018928915935207;4.435305100448986;7.508564667424494
4060890.272013937;4.907822869032274;-7.031913700304287;4.435274848420028;7.504461720916532
4061825.434214794;4.890715704215544;-7.044880084012707;4.4352446004137125;7.50035118781454
4062760.811769499;4.873619315392814;-7.057828117923844;4.435214356424811;7.496233076891848
4063696.404727642;4.856533660706374;-7.070757852708269;4.43518411644742;7.492107396967223
4064632.21313883;4.839458698509543;-7.083669338851262;4.435153880474125;7.487974156886677
4065568.237052678;4.8223943874069715;-7.096562626626889;4.435123648499518;7.483833365534343
4066504.476518812;4.80534068620682;-7.109437766120657;4.43509342051737;7.479685031810107
4067440.93158687;4.788297553950052;-7.12229480722325;4.435063196521552;7.475529164651751
4068377.602306504;4.771264949902217;-7.135133799634272;4.435032976505636;7.471365773030854
4069314.488727374;4.754242833540617;-7.147954792857755;4.43500276046368;7.467194865934692
4070251.590899153;4.737231164581857;-7.160757836209689;4.434972548389292;7.463016452402256
4071188.908871525;4.720229902956009;-7.173542978808789;4.434942340277008;7.458830541487793
4072126.442694185;4.70323900879735;-7.186310269600666;4.434912136119199;7.454637142278817
4073064.192416842;4.686258442475877;-7.199059757323778;4.434881935910707;7.450436263888949
4074002.158089213;4.6692881645782895;-7.21179149053871;4.434851739645081;7.4462279154719155
4074940.339761028;4.652328135894913;-7.224505517617273;4.434821547316155;7.44201210619603
4075878.737482029;4.635378317442656;-7.237201886744931;4.434791358917785;7.437788845269802
4076817.351301969;4.61843867044618;-7.249880645921213;4.434761174444027;7.433558141923364
4077756.181270612;4.601509156337287;-7.262541842966589;4.43473099388824;7.429320005415635
4078695.227437734;4.584589736776488;-7.275185525516;4.434700817244016;7.425074445048471
4079634.489853122;4.567680373629646;-7.287811741014324;4.434670644506152;7.420821470137816
4080573.968566575;4.550781028952385;-7.300420536736327;4.434640475667772;7.4165610900209415
4081513.663627903;4.533891665046661;-7.313011959768296;4.434610310723172;7.412293314091788
4082453.575086927;4.517012244374126;-7.32558605702441;4.4345801496654875;7.408018151733044
4083393.702993482;4.500142729654793;-7.338142875232321;4.434549992489044;7.40373561239807
4084334.047397411;4.483283083773385;-7.350682460946328;4.434519839187411;7.399445705532303
4085274.608348571;4.466433269833656;-7.363204860543502;4.434489689754209;7.3951484406229495
4086215.385896829;4.449593251159737;-7.375710120216431;4.434459544184235;7.390843827191934
4087156.380092064;4.432762991248916;-7.388198285995362;4.434429402470369;7.38653187477391
4088097.590984168;4.415942453822536;-7.400669403725949;4.434399264606942;7.382212592941542
4089039.018623041;4.3991316027877705;-7.413123519086797;4.43436913058729;7.377885991287277
4089980.663058597;4.382330402259492;-7.425560677579607;4.434339000405288;7.373552079433812
4090922.524340762;4.365538816559991;-7.437980924529761;4.434308874055478;7.369210867034272
4091864.602519472;4.348756810202287;-7.450384305097241;4.434278751531475;7.364862363768054
4092806.897644675;4.331984347878225;-7.462770864274869;4.43424863282639;7.360506579326705
4093749.40976633;4.315221394495606;-7.4751406468807255;4.4342185179340685;7.356143523442265
4094692.138934409;4.298467915166281;-7.487493697556026;4.434188406849577;7.351773205872729
4095635.085198895;4.281723875165564;-7.499830060791264;4.434158299565309;7.34739563639152
4096578.24860978;4.264989239992341;-7.512149780892022;4.43412819607632;7.343010824808042
4097521.629217071;4.248263975317853;-7.524452902011767;4.434098096375489;7.338618780954132
4098465.227070785;4.231548047017034;-7.536739468130013;4.434068000456904;7.334219514690142
4099409.04222095;4.214841421153472;-7.5490095230598815;4.434037908314896;7.329813035898455
4100353.074717606;4.198144063959071;-7.561263110459348;4.434007819942368;7.325399354476049
4101297.324610806;4.181455941880352;-7.57350027380919;4.433977735334352;7.3209784803551905
4102241.791950612;4.164777021553151;-7.585721056441167;4.433947654483751;7.316550423510568
4103186.4767871;4.148107269771896;-7.597925501518967;4.433917577384418;7.312115193906449
4104131.379170354;4.131446653542911;-7.61011365204061;4.433887504030914;7.307672801552608
4105076.499150474;4.114795140044927;-7.622285550854244;4.433857434416135;7.303223256483038
4106021.836777567;4.098152696647979;-7.634441240636164;4.433827368534902;7.298766568749242
4106967.392101756;4.08151929089607;-7.6465807639141055;4.433797306380362;7.29430274842981
4107913.165173172;4.064894890523711;-7.658704163050606;4.433767247946816;7.289831805627501
4108859.15604196;4.048279463445116;-7.6708114802577265;4.43373719322742;7.285353750475422
4109805.364758275;4.031672977740973;-7.682902757585019;4.433707142216284;7.280868593109711
4110751.791372284;4.015075401698939;-7.694978036923091;4.433677094907971;7.276376343714058
4111698.435934165;3.9984867037541867;-7.707037360018909;4.433647051295129;7.271877012477971
4112645.298494109;3.9819068525520036;-7.719080768452011;4.433617011372597;7.267370609631417
4113592.379102317;3.965335816880308;-7.731108303656536;4.433586975133739;7.262857145403103
4114539.677809003;3.9487735657285543;-7.743120006909305;4.433556942572657;7.258336630065201
4115487.194664391;3.932220068252576;-7.7551159193391985;4.433526913682733;7.253809073909043
4116434.929718718;3.9156752937772983;-7.767096081915891;4.433496888458565;7.249274487234622
4117382.883022232;3.8991392118045143;-7.779060535466842;4.433466866893279;7.2447328803780735
4118331.054625192;3.882611792018282;-7.7910093206636075;4.433436848980962;7.240184263700926
4119279.444577869;3.866093004260758;-7.802942478028076;4.433406834715735;7.235628647573099
4120228.052930546;3.8495828185469083;-7.814860047937278;4.4333768240909786;7.231066042393207
4121176.879733518;3.8330812050662972;-7.82676207061597;4.433346817100809;7.22649645858146
4122125.925037089;3.8165881341756984;-7.838648586143005;4.433316813739068;7.221919906579634
4123075.188891578;3.800103576400616;-7.850519634449887;4.433286813999651;7.2173363968508495
4124024.671347314;3.7836275024284367;-7.8623752553238;4.433256817876154;7.212745939876083
4124974.372454637;3.7671598831332407;-7.87421548840356;4.43322682536269;7.208148546174108
4125924.292263899;3.750700689523265;-7.886040373184265;4.433196836453148;7.203544226254378
4126874.430825463;3.7342498927879806;-7.897849949020071;4.433166851140877;7.198932990667174
4127824.788189707;3.717807464294715;-7.909644255115626;4.433136869420273;7.194314849990065
4128775.364407015;3.701373375545262;-7.921423330534512;4.433106891285419;7.189689814794351
4129726.159527788;3.6849475982290114;-7.9331872142022615;4.433076916729703;7.185057895701572
4130677.173602435;3.66853010417716;-7.944935944902706;4.433046945746519;7.1804191033333495
4131628.406681378;3.6521208654048634;-7.956669561270582;4.433016978330702;7.17577344834474
4132579.858815051;3.635719854058841;-7.968388101807315;4.432987014475882;7.171120941390273
4133531.530053898;3.6193270424637776;-7.980091604878863;4.4329570541749685;7.166461593167671
4134483.420448376;3.6029424031122295;-7.991780108698561;4.432927097423286;7.161795414387506
4135435.530048953;3.5865659086231783;-8.003453651356551;4.432897144213499;7.157122415766233
4136387.858906109;3.5701975317986907;-8.015112270794276;4.432867194540181;7.152442608052787
4137340.407070336;3.553837245582371;-8.026756004822845;4.432837248396762;7.147756002008455
4138293.174592137;3.5374850230892396;-8.038384891111843;4.432807305777578;7.143062608423505
4139246.161522027;3.521140837569553;-8.04999896720272;4.432777366675564;7.138362438096707
4140199.367910532;3.504804662442902;-8.061598270491391;4.432747431085538;7.133655501848755
4141152.793808189;3.4884764712672434;-8.073182838245947;4.432717499001132;7.128941810512057
4142106.43926555;3.4721562377700828;-8.084752707600106;4.432687570415994;7.124221374954196
4143060.304333174;3.4558439358210147;-8.096307915553213;4.43265764532401;7.119494206050216
4144014.389061635;3.439539539429086;-8.107848498970585;4.43262772371929;7.114760314680381
4144968.693501518;3.4232430227730895;-8.119374494587955;4.43259780559548;7.110019711765564
4145923.217703419;3.406954360174229;-8.130885939007;4.432567890946698;7.105272408234531
4146877.961717945;3.3906735260942034;-8.142382868702153;4.432537979766341;7.100518415030016
4147832.925595717;3.3744004951482856;-8.153865320012663;4.432508072048783;7.0957577431121654
4148788.109387365;3.3581352421090975;-8.165333329152938;4.432478167787414;7.0909904034746205
4149743.513143532;3.341877741868916;-8.176786932205696;4.432448266976106;7.086216407098506
4150699.136914873;3.3256279694991098;-8.188226165121637;4.432418369609469;7.081435765011279
4151654.980752055;3.3093859001764416;-8.199651063731514;4.432388475680444;7.076648488227512
4152611.044705755;3.2931515092588954;-8.211061663729462;4.432358585183879;7.071854587804477
4153567.328826661;3.2769247722331043;-8.222458000692306;4.432328698112663;7.067054074812745
4154523.833165477;3.260705664722057;-8.233840110061823;4.432298814461454;7.062246960322427
4155480.557772913;3.244494162489437;-8.245208027163343;4.432268934223118;7.057433255429664
4156437.502699697;3.2282902414589296;-8.256561787186552;4.43223905739255;7.052612971252933
4157394.667996563;3.2120938776692256;-8.267901425204224;4.4322091839631295;7.047786118910317
4158352.053714259;3.195905047317687;-8.279226976162656;4.43217931392876;7.042952709551583
4159309.659903544;3.1797237267290694;-8.290538474883547;4.432149447283562;7.0381127543290525
4160267.486615192;3.163549892382935;-8.301835956067848;4.432119584021195;7.033266264429589
4161225.533899983;3.1473835208681478;-8.313119454293506;4.43208972413553;7.028413251026127
4162183.801808713;3.1312245889406176;-8.324389004015885;4.432059867620495;7.023553725336006
4163142.290392189;3.115073073465038;-8.335644639569814;4.432030014469949;7.018687698564902
4164100.999701228;3.0989289514680385;-8.346886395169173;4.4320001646777705;7.013815181959442
4165059.929786661;3.082792200083651;-8.358114304908689;4.431970318237646;7.008936186754696
4166019.080699328;3.0666627966050037;-8.3693284027589;4.431940475144179;7.004050724219724
4166978.452490082;3.0505407184467974;-8.380528722580694;4.431910635390054;6.999158805637439
4167938.04520979;3.034425943151437;-8.391715298104673;4.431880798970362;6.994260442285748
4168897.858909327;3.0183184483955516;-8.402888162954742;4.431850965877815;6.989355645472478
4169857.893639582;3.002218212000326;-8.414047350626197;4.431821136107491;6.984444426519033
4170818.149451455;2.9861252119037553;-8.425192894506235;4.431791309652585;6.979526796757407
4171778.626395857;2.970039426172998;-8.436324827863489;4.431761486506738;6.974602767529749
4172739.324523713;2.953960833016408;-8.447443183845866;4.431731666664568;6.969672350197703
4173700.243885956;2.9378894107532565;-8.458547995492887;4.431701850119245;6.964735556126902
4174661.384533535;2.9218251378488693;-8.46963929572437;4.431672036864935;6.959792396708306
4175622.746517409;2.9057679928905706;-8.480717117344824;4.4316422268959785;6.954842883339415
4176584.329888546;2.8897179545812994;-8.491781493051466;4.431612420205351;6.949887027427415
4177546.134697931;2.873675001757791;-8.50283245542145;4.4315826167874155;6.944924840391823
4178508.160996556;2.8576391133840575;-8.513870036920068;4.431552816636294;6.9399563336678245
4179470.408835427;2.841610268557238;-8.52489426990367;4.43152301974545;6.9349815187154595
4180432.878265562;2.825588446473505;-8.535905186611103;4.431493226109472;6.930000406975135
4181395.569337989;2.809573626470305;-8.54690281917853;4.431463435721075;6.925013009927762
4182358.482103751;2.793565788009969;-8.557887199621511;4.431433648575122;6.920019339056359
4183321.616613898;2.777564910666297;-8.568858359851445;4.431403864665018;6.915019405852724
4184284.972919496;2.7615709741441807;-8.579816331666851;4.431374083984934;6.910013221826099
4185248.551071621;2.745583958266788;-8.59076114675888;4.4313443065285165;6.90500079849715
4186212.351121361;2.7296038429604135;-8.601692836708354;4.43131453228968;6.899982147379088
4187176.373119816;2.713630608303066;-8.612611432986732;4.431284761262565;6.894957280027237
4188140.617118096;2.697664234470301;-8.623516966959706;4.431254993440832;6.889926207989171
4189105.083167326;2.6817047017556224;-8.63440946988293;4.431225228818639;6.884888942819913
4190069.77131864;2.66575199057721;-8.645288972909743;4.431195467389154;6.879845496097801
4191034.681623185;2.6498060814672653;-8.65615550707881;4.43116570914728;6.874795879398796
4191999.814132119;2.633866955078772;-8.667009103329695;4.4311359540864;6.869740104322068
4192965.168896614;2.6179345921696444;-8.677849792494547;4.431106202200224;6.864678182463968
4193930.74596785;2.6020089736202836;-8.688677605299844;4.431076453482641;6.859610125437488
4194896.545397023;2.586090080431682;-8.699492572364612;4.4310467079280444;6.854535944868249
4195862.567235337;2.570177893711541;-8.710294724207266;4.431016965530097;6.849455652388708
4196828.81153401;2.5542723946780246;-8.72108409124215;4.430987226282478;6.844369259637697
4197795.278344272;2.5383735646695706;-8.731860703778962;4.430957490179104;6.8392767782694275
4198761.967717363;2.522481385132107;-8.7426245920237;4.430927757214123;6.834178219941686
4199728.879704536;2.5065958376273336;-8.753375786080998;4.430898027381417;6.8290735963269125
4200696.014357056;2.490716903823479;-8.764114315954913;4.430868300674472;6.823962919103918
4201663.371726201;2.4748445654986644;-8.774840211543385;4.430838577087913;6.818846199954135
4202630.951863257;2.4589788045412306;-8.785553502650108;4.430808856614647;6.813723450576692
4203598.754819525;2.443119602951061;-8.796254218968915;4.4307791392498235;6.808594682670151
