frequency;user0 (gain);user1 (gain);user2 (gain);user3 (gain)
3000000.0;3.446630695550143;-8.454360329682721;4.480998604021934;7.419992421210929
3000690.855062474;3.4612185668260578;-8.441592963430807;4.480957326013072;7.421854204243794
3001381.86921852;3.4758241258076032;-8.428808334695688;4.480916061148417;7.423716399354876
3002073.042504776;3.4904474159777448;-8.416006396650605;4.480874809420725;7.425579003207626
3002764.374957887;3.505088480988828;-8.403187102309007;4.480833570821324;7.427442012476513
3003455.866614505;3.5197473646546547;-8.3903504044987;4.480792345342011;7.4293054238113445
3004147.517511295;3.534424110989552;-8.377496255855753;4.48075113297533;7.4311692338699755
3004839.327684925;3.549118764149733;-8.364624608841662;4.480709933713341;7.433033439278055
3005531.297172076;3.5638313684816056;-8.351735415735579;4.480668747548091;7.434898036669094
3006223.426009434;3.5785619684866794;-8.33882862863992;4.480627574471145;7.436763022655453
3006915.714233696;3.5933106088552904;-8.325904199458837;4.480586414475061;7.438628393839066
3007608.161881567;3.6080773344592156;-8.312962079918714;4.480545267551898;7.440494146826033
3008300.768989758;3.622862190309663;-8.300002221566444;4.480504133693212;7.442360278182896
3008993.535594992;3.6376652216454737;-8.28702457575168;4.480463012891363;7.444226784505792
3009686.461733998;3.652486473849857;-8.274029093636523;4.480421905138591;7.446093662347786
3010379.547443514;3.667325992484571;-8.261015726200778;4.480380810426778;7.4479609082585725
3011072.792760287;3.6821838233014796;-8.247984424227818;4.480339728748225;7.449828518781073
3011766.197721072;3.6970600122244406;-8.234935138324673;4.480298660094253;7.451696490454857
3012459.762362634;3.7119546053774344;-8.221867818882256;4.480257604457937;7.453564819801751
3013153.486721743;3.7268676490294315;-8.20878241611987;4.480216561830856;7.455433503318448
3013847.37083518;3.741799189660459;-8.195678880064087;4.480175532204587;7.457302537519958
3014541.414739735;3.7567492739396684;-8.182557160525294;4.480134515572219;7.459171918892742
3015235.618472205;3.77171794869666;-8.169417207144372;4.480093511925059;7.461041643915973
3015929.982069396;3.7867052609593603;-8.156258969350862;4.4800525212554785;7.462911709054746
3016624.505568123;3.801711257940901;-8.143082396381477;4.480011543555541;7.464782110766837
3017319.189005208;3.8167359870567674;-8.129887437271226;4.479970578817575;7.466652845510417
3018014.032417483;3.8317794958662486;-8.11667404087025;4.479929627032953;7.468523909703546
3018709.035841787;3.846841832173627;-8.103442155807379;4.4798886881944835;7.47039529978652
3019404.19931497;3.8619230439285754;-8.090191730528327;4.479847762293789;7.472267012163113
3020099.522873887;3.877023179297618;-8.07692271326996;4.479806849322952;7.474139043244625
3020795.006555405;3.892142286639598;-8.063635052059034;4.479765949274559;7.476011389424073
3021490.650396396;3.907280414487693;-8.050328694732631;4.479725062140222;7.477884047080102
3022186.454433744;3.9224376115797717;-8.037003588916203;4.479684187912028;7.479757012583946
3022882.41870434;3.9376139268647496;-8.023659682017673;4.479643326582864;7.481630282299559
3023578.543245082;3.952809409447782;-8.010296921268456;4.479602478143554;7.483503852572683
3024274.828092878;3.968024108663302;-7.996915253661704;4.479561642586981;7.485377719738025
3024971.273284645;3.983258074041572;-7.983514625997392;4.479520819904982;7.487251880133985
3025667.878857308;3.998511355298133;-7.970094984857683;4.479480010089928;7.489126330065887
3026364.644847799;4.013784002354733;-7.956656276621375;4.479439213133677;7.491001065842433
3027061.571293061;4.029076065342564;-7.943198447444306;4.479398429028829;7.492876083758042
3027758.658230043;4.044387594574507;-7.929721443287913;4.47935765776679;7.4947513800956305
3028455.905695706;4.059718640585722;-7.91622520988488;4.479316899339905;7.496626951130696
3029153.313727016;4.07506925409694;-7.902709692756337;4.4792761537403;7.498502793112979
3029850.882360949;4.090439486063103;-7.889174837203912;4.4792354209603245;7.500378902306691
3030548.611634489;4.105829387607582;-7.8756205883196495;4.4791947009918704;7.502255274935363
3031246.501584629;4.121239010090867;-7.86204689097321;4.479153993827088;7.504131907236989
3031944.552248371;4.136668405066352;-7.848453689815519;4.479113299458077;7.506008795423796
3032642.763662725;4.152117624296383;-7.834840929277046;4.479072617876963;7.507885935696467
3033341.135864709;4.167586719752936;-7.821208553570742;4.4790319490756385;7.509763324248041
3034039.66889135;4.183075743650907;-7.807556506667758;4.478991293047238;7.511640957271427
3034738.362779683;4.1985847483430225;-7.793884732354275;4.478950649782415;7.513518830914884
3035437.217566754;4.214113786484013;-7.780193174153279;4.4789100192742595;7.515396941363032
3036136.233289613;4.229662910874351;-7.766481775385231;4.478869401514467;7.517275284745115
3036835.409985323;4.245232174575789;-7.752750479124581;4.478828796495874;7.519153857204493
3037534.747690952;4.260821630827684;-7.7389992282405995;4.478788204209899;7.521032654858384
3038234.246443579;4.2764313331131785;-7.725227965366168;4.478747624648455;7.52291167383089
3038933.906280292;4.2920613351361885;-7.711436632888117;4.478707057804422;7.524790910219885
3039633.727238184;4.3077116907959825;-7.697625172977817;4.478666503669693;7.5266703601041085
3040333.709354361;4.323382454235271;-7.683793527574107;4.478625962236189;7.5285500195731885
3041033.852665933;4.339073679811411;-7.669941638378291;4.478585433496036;7.530429884693664
3041734.157210023;4.3547854221098525;-7.656069446849095;4.4785449174419085;7.532309951517037
3042434.62302376;4.370517735922574;-7.6421768942292925;4.478504414065204;7.534190216086662
3043135.25014428;4.386270676300495;-7.628263921496524;4.4784639233590715;7.5360706744379495
3043836.038608732;4.402044298476007;-7.614330469422179;4.478423445314685;7.537951322583501
3044536.98845427;4.417838657944346;-7.600376478522492;4.478382979924222;7.539832156542615
3045238.099718058;4.433653810420843;-7.586401889056905;4.478342527180805;7.541713172296943
3045939.372437268;4.449489811834565;-7.57240664107932;4.478302087075394;7.5435943658384925
3046640.80664908;4.465346718384104;-7.558390674361059;4.478261659601362;7.545475733143795
3047342.402390684;4.481224586447383;-7.544353928468622;4.478221244749667;7.547357270166341
3048044.159699279;4.497123472684167;-7.530296342691566;4.478180842513212;7.54923897286252
3048746.07861207;4.513043433961414;-7.516217856084987;4.478140452884174;7.551120837162227
3049448.159166272;4.528984527388308;-7.5021184074603084;4.47810007585448;7.5530028589941365
3050150.401399109;4.544946810307545;-7.487997935380106;4.478059711416054;7.554885034271596
3050852.805347814;4.560930340309187;-7.473856378144397;4.478019359561566;7.556767358892017
3051555.371049626;4.576935175217523;-7.45969367381384;4.477979020282966;7.558649828748399
3052258.098541796;4.592961373097222;-7.4455097601930555;4.477938693572424;7.560532439717855
3052960.987861581;4.609008992255314;-7.431304574832165;4.477898379422139;7.562415187665341
3053664.039046248;4.625078091229546;-7.4170780550308555;4.477858077824017;7.5642980684363845
3054367.252133071;4.6411687288306265;-7.402830137819474;4.477817788770768;7.56618107787933
3055070.627159335;4.657280964098202;-7.388560759979183;4.47777751225459;7.568064211822795
3055774.164162331;4.673414856309577;-7.374269858040722;4.477737248267147;7.56994746608315
3056477.863179361;4.689570464990777;-7.359957368270683;4.477696996800413;7.571830836461046
3057181.724247734;4.705747849938819;-7.345623226656892;4.477656757847312;7.573714318748398
3057885.747404767;4.721947071187143;-7.331267368941382;4.477616531399812;7.57559790872871
3058589.932687787;4.7381681890179435;-7.316889730594269;4.477576317450345;7.577481602161866
3059294.28013413;4.7544112639689216;-7.302490246832241;4.477536115990615;7.579365394810548
3059998.78978114;4.770676356828577;-7.2880688526014525;4.477495927012586;7.58124928241744
3060703.461666168;4.78696352864273;-7.273625482567856;4.477455750508948;7.583133260701638
3061408.295826576;4.803272840741586;-7.259160071127026;4.477415586472414;7.5850173253961986
3062113.292299733;4.8196043546573595;-7.24467255243918;4.4773754348936965;7.586901472202843
3062818.451123018;4.835958132234122;-7.230162860335943;4.4773352957667445;7.58878569680332
3063523.772333817;4.852334235535655;-7.215630928432289;4.477295169082289;7.590669994885657
3064229.255969526;4.868732726934252;-7.201076690024896;4.47725505483353;7.592554362125617
3064934.902067548;4.885153669009744;-7.186500078165646;4.4772149530119485;7.594438794163441
3065640.710665297;4.9015971246575045;-7.17190102560615;4.4771748636102435;7.59632328665341
3066346.681800194;4.9180631570100255;-7.157279464828914;4.477134786620638;7.5982078352183
3067052.815509668;4.9345518294699025;-7.142635328044575;4.47709472203487;7.60009243547961
3067759.111831157;4.951063205721496;-7.12796854716983;4.477054669845407;7.60197708304592
3068465.570802111;4.9675973497183366;-7.113279053829106;4.477014630045185;7.603861773502257
3069172.192459983;4.984154325655697;-7.098566779397665;4.47697460262526;7.605746502428101
3069878.976842238;5.000734198033394;-7.083831654935276;4.476934587578306;7.607631265390365
3070585.923986349;5.017337031619869;-7.069073611227075;4.476894584896307;7.609516057950635
3071293.033929798;5.033962891466571;-7.054292578752106;4.476854594572253;7.611400875646421
3072000.306710076;5.0506118428829705;-7.0394884877176445;4.476814616598125;7.6132857140024885
3072707.74236468;5.0672839514558135;-7.024661268047784;4.47677465096543;7.6151705685381685
3073415.340931118;5.083979283070915;-7.009810849348604;4.476734697667136;7.6170554347523804
3074123.102446908;5.100697903885619;-6.994937160948304;4.476694756695227;7.618940308138695
3074831.026949572;5.117439880328116;-6.980040131879966;4.476654828041735;7.620825184166348
3075539.114476646;5.134205279137916;-6.965119690871878;4.476614911699099;7.622710058310698
3076247.36506567;5.150994167314672;-6.950175766356097;4.4765750076596;7.624594926011169
3076955.778754196;5.167806612167284;-6.935208286461637;4.476535115915727;7.626479782713193
3077664.355579783;5.18464268125901;-6.920217179034016;4.476495236458977;7.62836462383405
3078373.095579999;5.201502442481214;-6.905202371597347;4.476455369281862;7.630249444796701
3079081.998792421;5.218385964003972;-6.890163791361873;4.476415514377374;7.632134240988471
3079791.065254633;5.23529331427547;-6.875101365260049;4.476375671737014;7.6340190077985035
3080500.295004231;5.252224562049213;-6.8600150199028755;4.476335841353044;7.635903740599045
3081209.688078817;5.269179776382721;-6.844904681591938;4.476296023217738;7.637788434756923
3081919.244516001;5.286159026611975;-6.829770276314261;4.476256217323591;7.639673085602643
3082628.964353404;5.3031623823910525;-6.814611729744672;4.476216423663118;7.641557688472607
3083338.847628655;5.320189913656708;-6.799428967268343;4.4761766422275775;7.643442238697473
3084048.894379391;5.337241690670082;-6.78422191391228;4.476136873010479;7.645326731571879
3084759.104643257;5.354317783965721;-6.76899049442965;4.476097116003122;7.64721116239225
3085469.478457909;5.37141826440717;-6.753734633232429;4.476057371197993;7.6490955264416085
3086180.01586101;5.388543203153972;-6.738454254411829;4.476017638587634;7.6509798189781675
3086890.716890231;5.405692671670126;-6.723149281748231;4.475977918164069;7.652864035254288
3087601.581583253;5.422866741734441;-6.707819638694113;4.47593820991957;7.6547481705089835
3088312.609977766;5.440065485448015;-6.692465248377506;4.47589851384639;7.656632219979129
3089023.802111468;5.457288975208089;-6.677086033590611;4.475858829937334;7.658516178861366
3089735.158022066;5.474537283714071;-6.661681916827518;4.475819158183676;7.660400042357912
3090446.677747273;5.491810484022183;-6.646252820213878;4.475779498578708;7.662283805657352
3091158.361324816;5.509108649459417;-6.630798665588829;4.475739851113464;7.664167463934785
3091870.208792426;5.526431853707733;-6.615319374409857;4.4757002157814725;7.666051012336115
3092582.220187845;5.543780170752005;-6.599814867835501;4.475660592574501;7.6679344460130086
3093294.395548823;5.561153674900727;-6.584285066672253;4.4756209814851236;7.669817760087855
3094006.734913119;5.578552440776773;-6.568729891416554;4.475581382504617;7.671700949688711
3094719.2383185;5.595976543358521;-6.553149262178587;4.475541795626526;7.67358400991058
3095431.905802743;5.613426057914852;-6.5375430987698655;4.475502220842408;7.675466935842309
3096144.737403632;5.63090106006451;-6.521911320639148;4.475462658144781;7.677349722558877
3096857.733158961;5.648401625747811;-6.506253846896076;4.4754231075259625;7.679232365117924
3097570.893106532;5.665927831253451;-6.4905705962993965;4.475383568978517;7.681114858574327
3098284.217284157;5.683479753171996;-6.474861487287077;4.475344042493719;7.682997197965352
3098997.705729655;5.701057468448938;-6.459126437907265;4.475304528064886;7.684879378291313
3099711.358480855;5.718661054383124;-6.4433653658818555;4.47526502568409;7.6867613945808895
3100425.175575593;5.736290588568561;-6.427578188577429;4.475225535343602;7.68864324180239
3101139.157051716;5.753946148967555;-6.411764823020095;4.475186057035032;7.690524914952615
3101853.302947078;5.771627813893636;-6.395925185845442;4.475146590751656;7.69240640898742
3102567.613299542;5.7893356619817755;-6.3800591933523965;4.475107136485784;7.69428771884839
3103282.088146981;5.807069772219304;-6.364166761495844;4.4750676942290015;7.69616883948615
3103996.727527275;5.824830223934852;-6.348247805849251;4.475028263973874;7.6980497658102305
3104711.531478313;5.842617096816576;-6.332302241623946;4.4749888457129625;7.699930492727559
3105426.500037994;5.86043047089599;-6.316329983677036;4.474949439438342;7.701811015134684
3106141.633244225;5.878270426553366;-6.300330946495155;4.474910045142325;7.703691327906197
3106856.931134921;5.896137044535303;-6.284305044195985;4.474870662817251;7.705571425914037
3107572.393748007;5.914030405933918;-6.268252190518432;4.474831292455928;7.707451303996423
3108288.021121415;5.931950592194855;-6.252172298855704;4.474791934049959;7.709330957000601
3109003.813293088;5.949897685120736;-6.236065282207277;4.474752587591912;7.711210379736101
3109719.770300976;5.9678717668919194;-6.2199310532034655;4.474713253074111;7.7130895670212745
3110435.892183039;5.985872920028735;-6.203769524097108;4.47467393048891;7.714968513636931
3111152.178977245;6.003901227427917;-6.187580606769211;4.474634619828368;7.716847214368759
3111868.630721569;6.021956772367194;-6.171364212698433;4.4745953210855856;7.718725663980042
3112585.247453998;6.040039638450423;-6.155120253013737;4.474556034252171;7.720603857211992
3113302.029212527;6.058149909687833;-6.138848638439631;4.4745167593206805;7.7224817888067845
3114018.976035158;6.076287670447435;-6.122549279320147;4.4744774962834635;7.724359453484116
3114736.087959902;6.094453005462822;-6.106222085611464;4.474438245132885;7.726236845941399
3115453.365024782;6.112645999851379;-6.089866966886555;4.474399005861026;7.728113960876907
3116170.807267825;6.130866739098661;-6.07348383231664;4.474359778460497;7.729990792954801
3116888.414727069;6.149115309089917;-6.057072590685449;4.474320562923627;7.731867336851738
3117606.187440563;6.167391796057208;-6.040633150387818;4.474281359242553;7.733743587202472
3118324.125446361;6.185696286650963;-6.024165419405567;4.474242167410074;7.735619538646455
3119042.228782528;6.204028867866903;-6.007669305343778;4.474202987418096;7.737495185792584
3119760.497487136;6.222389627108592;-5.991144715397253;4.474163819258948;7.739370523246896
3120478.931598268;6.240778652172882;-5.974591556352702;4.474124662925256;7.741245545600329
3121197.531154014;6.259196031226071;-5.958009734592995;4.474085518409614;7.743120247409453
3121916.296192473;6.2776418528287605;-5.941399156129458;4.474046385703166;7.744994623255055
3122635.226751755;6.296116205958114;-5.924759726497914;4.4740072647999805;7.746868667656052
3123354.322869976;6.314619179951863;-5.908091350898373;4.473968155690947;7.74874237515929
3124073.584585261;6.33315086455064;-5.891393934079494;4.473929058368709;7.7506157402614235
3124793.011935744;6.351711349939629;-5.874667380354744;4.473889972826836;7.752488757467537
3125512.604959571;6.370300726637047;-5.857911593679212;4.473850899056465;7.754361421259794
3126232.363694892;6.388919085586984;-5.841126477568101;4.4738118370497535;7.75623372610533
3126952.288179868;6.407566518164885;-5.824311935083484;4.473772786800291;7.7581056664480785
3127672.378452669;6.426243116109638;-5.807467868918526;4.4737337482994715;7.759977236728693
3128392.634551474;6.444948971607833;-5.79059418130886;4.4736947215401655;7.76184843137653
3129113.056514469;6.463684177214474;-5.773690774089815;4.473655706514265;7.763719244790024
3129833.644379851;6.482448825928414;-5.756757548646232;4.473616703214629;7.7655896713600185
3130554.398185825;6.501243011135127;-5.739794405963986;4.47357771163291;7.767459705466203
3131275.317970604;6.520066826659187;-5.722801246563901;4.473538731762238;7.7693293414608515
3131996.403772411;6.538920366734176;-5.70577797055745;4.473499763594747;7.77119857369688
3132717.655629477;6.557803726011659;-5.688724477611079;4.4734608071230895;7.77306739649965
3133439.073580041;6.5767169995458925;-5.671640666972726;4.473421862339148;7.774935804179469
3134160.657662353;6.595660282846849;-5.654526437435266;4.473382929235569;7.776803791046546
3134882.407914671;6.614633671813605;-5.637381687363039;4.473344007804484;7.778671351372161
3135604.324375261;6.6336372627997875;-5.620206314666497;4.473305098038567;7.780538479427715
3136326.407082397;6.6526711525820215;-5.603000216813504;4.473266199930432;7.782405169465093
3137048.656074366;6.671735438336011;-5.585763290856147;4.4732273134715115;7.784271415720648
3137771.071389458;6.690830217716148;-5.568495433350068;4.473188438655201;7.7861372124110115
3138493.653065976;6.709955588795969;-5.551196540426955;4.473149575473878;7.788002553749045
3139216.40114223;6.72911165005757;-5.5338665077779545;4.473110723919468;7.789867433916058
3139939.31565654;6.748298500436926;-5.51650523063674;4.47307188398413;7.791731847089533
3140662.396647234;6.767516239332996;-5.499112603755103;4.473033055661038;7.793595787427065
3141385.64415265;6.786764966540644;-5.481688521467846;4.472994238941803;7.795459249066685
3142109.058211131;6.806044782348194;-5.464232877609833;4.472955433819642;7.797322226138384
3142832.638861035;6.825355787436415;-5.4467455656016615;4.472916640285954;7.799184712752128
3143556.386140724;6.844698082983034;-5.42922647834942;4.4728778583341375;7.801046702998318
3144280.30008857;6.864071770584709;-5.411675508326869;4.472839087956356;7.8029081909552245
3145004.380742954;6.8834769522870385;-5.394092547546387;4.472800329144554;7.804769170688873
3145728.628142267;6.902913730599568;-5.376477487533659;4.472761581891412;7.806629636241814
3146453.042324908;6.92238220849382;-5.358830219343714;4.472722846189571;7.808489581647961
3147177.623329283;6.94188248937433;-5.34115063357811;4.472684122030964;7.810349000921474
3147902.37119381;6.961414677125639;-5.323438620331563;4.472645409408777;7.812207888048425
3148627.285956915;6.9809788760790035;-5.305694069262029;4.472606708314695;7.814066237026339
3149352.36765703;7.000575191030882;-5.287916869523487;4.4725680187413825;7.815924041812988
3150077.616332601;7.020203727243166;-5.270106909795739;4.472529340681274;7.817781296357634
3150803.032022077;7.039864590439616;-5.252264078276593;4.472490674126824;7.819637994589384
3151528.614763921;7.0595578868087125;-5.234388262694216;4.472452019069949;7.8214941304329795
3152254.364596601;7.079283723052532;-5.216479350236829;4.472413375504583;7.823349697784777
3152980.281558597;7.0990422062519185;-5.198537227705824;4.472374743420933;7.825204690536812
3153706.365688396;7.118833444058406;-5.180561781292035;4.472336122813663;7.8270591025367775
3154432.617024493;7.138657544528821;-5.1625528967967185;4.47229751367373;7.828912927651809
3155159.035605394;7.158514616227272;-5.144510459479164;4.472258915993844;7.830766159712593
3155885.621469614;7.178404768195131;-5.126434354104756;4.472220329766695;7.832618792533194
3156612.374655674;7.198328109955151;-5.10832446494871;4.472181754984714;7.834470819919148
3157339.295202107;7.218284751508985;-5.090180675787028;4.47214319164035;7.836322235655665
3158066.383147453;7.238274803339026;-5.07200286990174;4.472104639725824;7.8381730335149395
3158793.638530262;7.258298376412011;-5.053790930058532;4.4720660992338415;7.840023207236703
3159521.061389092;7.2783555821894;-5.035544738527287;4.472027570156832;7.841872750559855
3160248.65176251;7.298446532599259;-5.01726417709779;4.4719890524862755;7.84372165721077
3160976.409689092;7.318571340123105;-4.9989491269759405;4.471950546216383;7.8455699208826655
3161704.335207424;7.338730117664364;-4.980599468942339;4.47191205133833;7.847417535268372
3162432.428356098;7.358922978649027;-4.962215083215609;4.471873567845128;7.849264494019509
3163160.689173719;7.379150037008211;-4.943795849523793;4.4718350957289426;7.851110790803064
3163889.117698897;7.39941140716259;-4.925341647064757;4.471796634982528;7.852956419244817
3164617.713970253;7.419707204022305;-4.906852354541452;4.471758185597846;7.854801372965912
3165346.478026417;7.440037543001101;-4.888327850124337;4.4717197475673505;7.856645645558088
3166075.409906027;7.460402540047328;-4.869768011441288;4.471681320884265;7.858489230604353
3166804.50964773;7.480802311603503;-4.85117271562794;4.471642905540808;7.860332121690633
3167533.777290182;7.501236974556234;-4.832541839309848;4.47160450152872;7.862174312337363
3168263.212872048;7.52170664638148;-4.813875258551663;4.471566108840971;7.864015796092173
3168992.816432002;7.542211445037176;-4.795172848898575;4.471527727470287;7.8658565664654665
3169722.588008727;7.562751488986131;-4.776434485381041;4.471489357408894;7.867696616958277
3170452.527640915;7.58332689719192;-4.757660042499465;4.471450998649044;7.869535941042342
3171182.635367267;7.603937789162379;-4.738849394209158;4.471412651183436;7.8713745321881
3171912.911226491;7.624584284903904;-4.720002413929631;4.471374315004825;7.873212383828711
3172643.355257307;7.645266504951678;-4.701118974561672;4.471335990105447;7.875049489407901
3173373.967498442;7.665984570319898;-4.682198948477244;4.471297676477285;7.87688584231986
3174104.747988631;7.686738602603887;-4.663242207478886;4.471259374113345;7.878721435969426
3174835.696766622;7.707528723887311;-4.644248622838743;4.471221083006341;7.88055626371971
3175566.813871167;7.728355056763961;-4.625218065324441;4.471182803147806;7.882390318940594
3176298.099341029;7.749217724417891;-4.606150405086014;4.471144534531693;7.88422359497221
3177029.553214981;7.770116850449561;-4.587045511820159;4.471106277149028;7.886056085120692
3177761.175531804;7.791052559098195;-4.567903254602178;4.471068030993306;7.887887782707065
3178492.966330287;7.812024975059396;-4.548723502007322;4.471029796056501;7.889718681010215
3179224.925649229;7.8330342235852655;-4.529506122053233;4.470991572330908;7.89154877330759
3179957.053527439;7.854080430465117;-4.510250982178944;4.470953359809736;7.8933780528343265
3180689.350003732;7.87516372201507;-4.490957949310259;4.470915158485042;7.895206512840289
3181421.815116935;7.896284225075951;-4.471626889806303;4.470876968349298;7.89703414653296
3182154.448905881;7.917442067040762;-4.452257669464746;4.470838789395249;7.898860947110257
3182887.251409415;7.938637375819545;-4.432850153551331;4.470800621614966;7.900686907755911
3183620.222666388;7.959870279887192;-4.4134042067381065;4.470762465001661;7.902512021623637
3184353.362715662;7.981140908220493;-4.393919693195607;4.470724319546847;7.90433628186925
3185086.671596108;8.002449390370185;-4.374396476479644;4.470686185243821;7.906159681606009
3185820.149346605;8.023795856422414;-4.354834419604388;4.470648062085322;7.907982213941482
3186553.796006042;8.045180436973585;-4.3352333850623195;4.470609950062888;7.909803871973016
3187287.611613314;8.066603263207885;-4.315593234729381;4.470571849169796;7.911624648767469
3188021.596207328;8.08806446681047;-4.295913829968947;4.470533759397807;7.913444537381612
3188755.749827;8.109564180058737;-4.2761950315234145;4.47049568074045;7.9152635308417025
3189490.072511254;8.13110253572842;-4.2564366996287735;4.470457613189488;7.917081622167702
3190224.564299022;8.15267966716785;-4.236638693923028;4.470419556737719;7.91889880435316
3190959.225229247;8.17429570827041;-4.216800873496424;4.470381511377413;7.92071507038942
3191694.05534088;8.195950793483796;-4.196923096838638;4.470343477101849;7.922530413220583
3192429.05467288;8.217645057759814;-4.177005221939534;4.470305453902324;7.924344825797023
3193164.223264217;8.239378636676358;-4.157047106138325;4.470267441772606;7.926158301042077
3193899.561153868;8.261151666284151;-4.137048606280528;4.470229440704248;7.927970831860433
3194635.06838082;8.282964283239988;-4.1170095785847085;4.47019145069053;7.929782411134169
3195370.744984069;8.304816624711368;-4.096929878742644;4.470153471723491;7.931593031730523
3196106.591002621;8.326708828438674;-4.076809361859135;4.4701155037956815;7.933402686502129
3196842.606475488;8.348641032709663;-4.0566478824687024;4.47007754689965;7.935211368278718
3197578.791441693;8.370613376379746;-4.0364452945195906;4.470039601028405;7.9370190698709315
3198315.145940269;8.392625998805658;-4.0162014514306525;4.470001666173793;7.938825784062518
3199051.670010256;8.414679039950904;-3.9959162060084203;4.469963742328841;7.940631503630488
3199788.363690704;8.436772640305122;-3.9755894105133587;4.469925829485848;7.942436221332634
3200525.227020671;8.458906940919146;-3.955220916618116;4.469887927637617;7.944239929899645
3201262.260039225;8.481082083386472;-3.9348105754413467;4.46985003677646;7.94604262205136
3201999.462785444;8.503298209847673;-3.914358237523008;4.469812156894904;7.947844290475773
3202736.835298412;8.525555463013927;-3.8938637528300912;4.469774287985561;7.949644927858457
3203474.377617225;8.547853986136678;-3.8733269707615;4.469736430040941;7.95144452685724
3204212.089780985;8.570193923018044;-3.8527477401341734;4.469698583053884;7.953243080098332
3204949.971828807;8.592575418023205;-3.8321259092069635;4.469660747016916;7.95504058021325
3205688.023799812;8.614998616017028;-3.811461325702245;4.469622921921653;7.95683701979762
3206426.24573313;8.637463662499878;-3.790753836693721;4.469585107761871;7.958632391431731
3207164.637667902;8.659970703437903;-3.7700032887595363;4.4695473045294145;7.960426687668027
3207903.199643275;8.682519885431995;-3.7492095278537834;4.469509512217579;7.9622199010682015
3208641.931698408;8.705111355518621;-3.7283723994281996;4.469471730817956;7.964012024128868
3209380.833872469;8.7277452613719;-3.707491748324035;4.46943396032336;7.965803049372578
3210119.906204631;8.75042175118183;-3.6865674188055246;4.4693962007268695;7.967592969260485
3210859.148734081;8.773140973688088;-3.665599254612248;4.4693584520205585;7.969381776279777
3211598.561500012;8.795903078169484;-3.6445870988718667;4.469320714197738;7.971169462843614
3212338.144541628;8.818708214426206;-3.6235307942270585;4.469282987249769;7.972956021403493
3213077.897898139;8.8415565328372;-3.6024301826740452;4.469245271170223;7.9747414443410225
3213817.821608768;8.864448184271845;-3.581285105717634;4.469207565950922;7.976525724038558
3214557.915712744;8.887383320212624;-3.560095404247633;4.469169871585199;7.978308852875059
3215298.180249306;8.910362092601584;-3.538860918635667;4.469132188065398;7.980090823171851
3216038.615257702;8.93338465394623;-3.5175814887091175;4.469094515383634;7.981871627271713
3216779.22077719;8.956451157267272;-3.496256953716655;4.4690568535327;7.983651257451228
3217519.996847035;8.979561756196416;-3.474887152334639;4.469019202505958;7.985429706025097
3218260.943506513;9.002716604750866;-3.4534719227609587;4.468981562294989;7.987206965216837
3219002.060794908;9.0259158575678;-3.43201110260818;4.468943932892436;7.988983027283544
3219743.348751512;9.049159669827262;-3.410504528918045;4.468906314291601;7.990757884453704
3220484.80741563;9.07244819716168;-3.3889520382494047;4.468868706484343;7.992531528926744
3221226.436826571;9.09578159574004;-3.367353466584044;4.468831109463494;7.994303952860589
3221968.237023656;9.119160022290735;-3.3457086493574586;4.468793523222201;7.996075148425994
3222710.208046216;9.142583633991057;-3.3240174215257383;4.468755947752265;7.997845107764529
3223452.349933587;9.166052588558724;-3.3022796174722933;4.468718383046591;7.999613822984427
3224194.662725119;9.189567044219771;-3.280495071067807;4.468680829097743;8.001381286189837
3224937.146460168;9.213127159690803;-3.2586636156589854;4.46864328589836;8.003147489451427
3225679.801178099;9.236733094185292;-3.2367850840745276;4.4686057534410395;8.00491242481878
3226422.626918287;9.260385007398853;-3.2148593086478265;4.468568231717904;8.00667608432878
3227165.623720116;9.28408305958128;-3.1928861211305577;4.468530720722796;8.00843845998904
3227908.791622979;9.30782741138724;-3.1708653528584714;4.468493220447346;8.010199543798363
3228652.130666278;9.331618223973061;-3.1487968346243687;4.468455730884174;8.011959327713257
3229395.640889424;9.355455658997549;-3.1266803967226564;4.4684182520258835;8.013717803694323
3230139.322331838;9.379339878592376;-3.1045158689328503;4.468380783865614;8.01547496365961
3230883.175032948;9.403271045337362;-3.0823030805766036;4.4683433263957255;8.01723079951824
3231627.199032192;9.427249322266032;-3.0600418604921718;4.468305879608592;8.018985303149613
3232371.394369019;9.451274872882834;-3.0377320370297034;4.468268443496835;8.020738466415704
3233115.761082884;9.475347861172196;-3.015373438042244;4.468231018053596;8.022490281160847
3233860.299213253;9.499468451488479;-2.9929658909814885;4.468193603270515;8.024240739199454
3234605.008799602;9.523636808728789;-2.970509222740753;4.4681561991414265;8.025989832328113
3235349.889881413;9.547853098149234;-2.948003259831059;4.46811880565848;8.027737552321813
3236094.94249818;9.572117485420296;-2.9254478283266714;4.468081422813604;8.029483890933367
3236840.166689403;9.596430136707927;-2.9028427537942654;4.46804405060014;8.031228839902054
3237585.562494596;9.62079121852842;-2.880187861406125;4.468006689010492;8.032972390924053
3238331.129953276;9.645200897842404;-2.857482975885293;4.467969338037508;8.034714535690188
3239076.869104975;9.669659341976848;-2.834727921553158;4.4679319976736425;8.036455265856361
3239822.77998923;9.694166718685679;-2.811922522307337;4.467894667911507;8.03819457308151
3240568.862645587;9.718723196086689;-2.7890666016381793;4.467857348743741;8.039932448981128
3241315.117113606;9.743328942681002;-2.766159982626168;4.46782004016323;8.041668885143938
3242061.543432849;9.767984127311465;-2.743202487995176;4.467782742162165;8.043403873144474
3242808.141642894;9.792688919225277;-2.720193940043298;4.4677454547336435;8.04513740453493
3243554.911783322;9.817443487983493;-2.697134160739272;4.467708177869852;8.046869470852911
3244301.853893728;9.842248003511857;-2.6740229716569273;4.467670911563665;8.04860006360512
3245048.968013714;9.867102636045864;-2.6508601940243093;4.46763365580777;8.050329174262403
3245796.25418289;9.892007556168966;-2.6276456487157978;4.467596410595037;8.052056794289728
3246543.712440877;9.916962934744957;-2.6043791563059933;4.467559175917644;8.053782915133304
3247291.342827304;9.941968942953592;-2.5810605370098956;4.467521951768506;8.05550752819498
3248039.145381811;9.967025752268938;-2.557689610754233;4.467484738140027;8.057230624883145
3248787.120144045;9.992133534433234;-2.5342661971407585;4.467447535025103;8.058952196548892
3249535.267153662;10.01729246146714;-2.5107901154905483;4.467410342416416;8.06067223454127
3250283.586450329;10.042502705632074;-2.4872611848600967;4.46737316030638;8.062390730185793
3251032.07807372;10.067764439449684;-2.4636792240142102;4.467335988687903;8.064107674775991
3251780.742063521;10.09307783564503;-2.4400440514901724;4.4672988275534085;8.065823059581792
3252529.578459425;10.118443067192072;-2.416355485569941;4.467261676895571;8.067536875866438
3253278.587301133;10.143860307259057;-2.3926133442962447;4.467224536707328;8.069249114847974
3254027.768628358;10.169329729206142;-2.368817445500383;4.46718740698156;8.070959767724968
3254777.122480821;10.194851506537901;-2.344967606861247;4.467150287710222;8.072668825688929
3255526.648898251;10.220425812931582;-2.3210636458362472;4.467113178886;8.074376279881834
3256276.347920388;10.246052822272949;-2.2971053796638117;4.467076080502553;8.076082121434206
3257026.219586979;10.271732708468225;-2.2730926255397037;4.467038992551307;8.07778634145662
3257776.263937783;10.29746564566432;-2.2490252003971003;4.467001915026205;8.079488931035213
3258526.481012566;10.323251807954602;-2.224902921182894;4.466964847918459;8.081189881219037
3259276.870851104;10.349091369655516;-2.200725604615813;4.4669277912217185;8.082889183049609
3260027.433493182;10.374984505078036;-2.1764930673771903;4.466890744928663;8.084586827526563
3260778.168978592;10.400931388562544;-2.152205126102598;4.4668537090315015;8.08628280563364
3261529.07734714;10.426932194550263;-2.127861597311518;4.466816683523673;8.087977108338109
3262280.158638638;10.452987097369634;-2.103462297596534;4.466779668396617;8.089669726569552
3263031.412892906;10.479096271470976;-2.079007043405591;4.466742663644274;8.091360651232293
3263782.840149775;10.505259891165064;-2.054495651299488;4.466705669258596;8.093049873205956
3264534.440449086;10.531478130781004;-2.0299279378131403;4.466668685232518;8.094737383361629
3265286.213830688;10.557751164543516;-2.0053037195434396;4.46663171155874;8.096423172528217
3266038.160334438;10.584079166564495;-1.9806228131699806;4.466594748229752;8.098107231504724
3266790.280000205;10.610462310891961;-1.9558850354285848;4.466557795238699;8.099789551081848
3267542.572867864;10.63690077135858;-1.9310902032350161;4.466520852577567;8.101470122016032
3268295.038977303;10.663394721704602;-1.9062381335645875;4.466483920239794;8.103148935029395
3269047.678368415;10.689944335428315;-1.881328643624579;4.466446998217594;8.104825980835301
3269800.491081105;10.716549785843503;-1.8563615507687352;4.466410086503928;8.10650125010831
3270553.477155286;10.743211245998603;-1.831336672593802;4.466373185091266;8.10817473350114
3271306.636630881;10.769928888721985;-1.806253826895568;4.466336293972793;8.10984642164476
3272059.969547821;10.796702886449792;-1.7811128318211045;4.4662994131402485;8.111516305130648
3272813.475946048;10.823533411419266;-1.7559135057007504;4.466262542587323;8.113184374532695
3273567.155865512;10.850420635448394;-1.7306556672733355;4.466225682306253;8.114850620415474
3274321.009346171;10.877364729951712;-1.7053391356158418;4.46618883228952;8.116515033278032
3275075.036427995;10.90436586601853;-1.6799637301349786;4.466151992530556;8.118177603622952
3275829.237150962;10.931424214213774;-1.6545292707205639;4.466115163021592;8.119838321912743
3276583.611555057;10.958539944657922;-1.6290355776934664;4.466078343755124;8.121497178596265
3277338.159680278;10.985713226990635;-1.603482471811353;4.466041534724373;8.123154164077615
3278092.881566629;11.01294423027377;-1.577869774403259;4.466004735921542;8.124809268755488
3278847.777254126;11.040233123028496;-1.5521973072823438;4.465967947339889;8.126462482970952
3279602.846782792;11.067580073146043;-1.5264648928764464;4.4659311689721;8.128113797050391
3280358.09019266;11.094985247879452;-1.5006723542584401;4.465894400810443;8.12976320132745
3281113.507523772;11.122448813783635;-1.474819515111538;4.465857642847896;8.131410686047275
3281869.098816181;11.149970936704241;-1.4489061998433033;4.465820895076936;8.13305624147061
3282624.864109945;11.177551781757852;-1.4229322335457515;4.465784157490814;8.13469985781279
3283380.803445137;11.205191513194897;-1.3968974421607216;4.4657474300815;8.136341525274117
3284136.916861834;11.232890294507058;-1.37080165233635;4.46571071284272;8.137981234000689
3284893.204400124;11.260648288231636;-1.3446446916797856;4.465674005766501;8.139618974144918
3285649.666100106;11.288465656006807;-1.3184263886393297;4.465637308845819;8.14125473580032
3286406.302001887;11.316342558474993;-1.292146572651568;4.465600622072918;8.142888509053641
3287163.112145581;11.344279155327762;-1.265805074063318;4.465563945441275;8.144520283949804
3287920.096571316;11.372275605135183;-1.239401724317514;4.465527278943437;8.14615005050926
3288677.255319225;11.400332065340386;-1.2129363559589685;4.465490622571609;8.147777798727745
3289434.588429451;11.428448692265945;-1.1864088026160808;4.465453976318804;8.149403518563226
3290192.095942149;11.456625641057203;-1.159818899065713;4.465417340178517;8.151027199944402
3290949.77789748;11.484863065484024;-1.1331664814333928;4.465380714142528;8.15264883277489
3291707.634335617;11.5131611180731;-1.106451387068071;4.465344098203572;8.1542684069376
3292465.665296739;11.54151995003444;-1.0796734545936835;4.46530749235539;8.155885912272733
3293223.870821036;11.569939711023364;-1.0528325241614152;4.46527089658977;8.15750133859501
3293982.250948708;11.598420549311875;-1.0259284372772464;4.465234310899976;8.159114675689146
3294740.805719964;11.626962611551786;-0.9989610370319791;4.465197735278238;8.160725913305527
3295499.535175021;11.655566042854213;-0.9719301680321437;4.465161169717588;8.162335041168769
3296258.439354106;11.684230986658207;-0.9448356765386912;4.465124614210813;8.163942048986087
3297017.518297457;11.712957584661305;-0.9176774104935415;4.465088068750877;8.16554692640397
3297776.772045317;11.741745976741463;-0.8904552196482841;4.46505153333011;8.167149663059636
3298536.200637943;11.770596300978253;-0.8631689555192728;4.4650150079417275;8.1687502485558
3299295.804115598;11.799508693473847;-0.835818471581074;4.4649784925780525;8.170348672476868
3300055.582518555;11.82848328836225;-0.8084036232117049;4.464941987232303;8.171944924341654
3300815.535887098;11.857520217695763;-0.780924267873941;4.464905491897039;8.173538993672665
3301575.664261518;11.88661961135541;-0.7533802651569803;4.464869006564532;8.175130869947859
3302335.967682117;11.91578159708724;-0.72577147675069;4.464832531228307;8.176720542609624
3303096.446189204;11.94500630027952;-0.6980977666743292;4.464796065880902;8.178308001072946
3303857.099823101;11.974293843929315;-0.6703590013065222;4.464759610514589;8.179893234721247
3304617.928624135;12.003644348677058;-0.6425550493563954;4.464723165122894;8.181476232910558
3305378.932632646;12.033057932522755;-0.6146857821269126;4.464686729698102;8.183056984951564
3306140.111888981;12.062534710936204;-0.586751073433422;4.464650304233512;8.184635480136116
3306901.466433497;12.0920747965684;-0.5587507998764469;4.464613888720931;8.186211707723917
3307662.99630656;12.121678299426076;-0.5306848406571077;4.464577483154336;8.187785656928845
3308424.701548545;12.151345326479;-0.5025530779923131;4.464541087525571;8.189357316945742
3309186.582199838;12.181075981786737;-0.4743553969727856;4.464504701827429;8.190926676932094
3309948.638300833;12.210870366389672;-0.44609168567669444;4.464468326053424;8.192493726012943
3310710.869891933;12.240728578076684;-0.4177618353952562;4.464431960196115;8.194058453275822
3311473.27701355;12.270650711367548;-0.3893657406600889;4.464395604248042;8.195620847779594
3312235.859706108;12.300636857424452;-0.36090329934481996;4.464359258201766;8.197180898567508
3312998.618010036;12.330687103923164;-0.33237441273275947;4.464322922050335;8.198738594605587
3313761.551965777;12.36080153501766;-0.3037789856400135;4.464286595787041;8.200293924870632
3314524.661613779;12.390980231032847;-0.27511692664569665;4.464250279403962;8.20184687827458
3315287.946994503;12.42122326856397;-0.2463881480480331;4.464213972893882;8.20339744371812
3316051.408148416;12.45153072033158;-0.21759256597792198;4.464177676250346;8.204945610059154
3316815.045115997;12.481902654885692;-0.18873010069274088;4.4641413894654445;8.206491366112985
3317578.857937733;12.512339136708393;-0.15980067650653715;4.4641051125322;8.20803470068273
3318342.846654121;12.542840225952283;-0.13080422200214067;4.464068845443461;8.209575602510963
3319107.011305666;12.573405978351328;-0.10174067016856711;4.464032588191772;8.211114060328125
3319871.351932884;12.604036445122535;-0.07260995846471291;4.46399634077021;8.21265006281704
3320635.868576299;12.634731672787742;-0.043412029014225056;4.463960103171565;8.2141835986304
3321400.561276445;12.665491703061761;-0.014146828717648063;4.463923875388677;8.215714656390732
3322165.430073866;12.696316572693856;0.015185690602441852;4.463887657414359;8.217243224677054
3322930.475009113;12.727206313316739;0.04458557204190995;4.463851449241179;8.21876929203365
3323695.69612275;12.758160951347882;0.0740528535115667;4.4638152508619715;8.220292846974345
3324461.093455346;12.789180507847318;0.10358756758627591;4.463779062269789;8.221813877991256
3325226.667047483;12.820264998289247;0.13318974131237657;4.463742883457473;8.223332373519394
3325992.416939751;12.851414432424015;0.16285939604789315;4.4637067144176;8.22484832195852
3326758.343172749;12.882628814188944;0.1925965473503916;4.463670555142999;8.226361711695557
3327524.445787085;12.91390814147837;0.22240120478760977;4.4636344056265;8.22787253106426
3328290.724823378;12.945252406039273;0.2522733718147097;4.463598265861426;8.229380768363137
3329057.180322255;12.976661593174759;0.2822130454748748;4.463562135840101;8.230886411859778
3329823.812324352;13.008135681680555;0.3122202163345814;4.463526015555159;8.232389449790816
3330590.620870315;13.03967464368923;0.3422948683364677;4.4634899049998715;8.23388987035289
3331357.606000801;13.07127844440464;0.37243697852586877;4.463453804167114;8.235387661711659
3332124.767756473;13.102947041874478;0.4026465168459358;4.463417713049224;8.236882811979315
3332892.106178006;13.134680386932683;0.4329234460431387;4.463381631639064;8.23837530925048
3333659.621306084;13.166478422983069;0.4632677214690104;4.463345559929926;8.239865141584131
3334427.313181398;13.198341085702488;0.493679290793131;4.463309497914688;8.241352296994668
3335195.181844653;13.230268302825294;0.5241580937697427;4.463273445585451;8.2428367634701
3335963.227336558;13.262259994121738;0.5547040622369006;4.463237402935793;8.244318528949044
3336731.449697835;13.294316071005259;0.5853171196938222;4.463201369958549;8.245797581352885
3337499.848969216;13.326436436290795;0.6159971810865159;4.463165346645858;8.247273908558418
3338268.425191438;13.35862098412136;0.6467441527371134;4.463129332990819;8.248747498393428
3339037.178405251;13.390869599743521;0.6775579320747828;4.463093328986997;8.250218338681744
3339806.108651415;13.42318215899393;0.7084384071915856;4.463057334626294;8.25168641717605
3340575.215970696;13.4555585284558;0.7393854569239764;4.463021349902271;8.253151721629553
3341344.500403872;13.487998564873356;0.770398950337061;4.462985374807324;8.25461423972897
3342113.96199173;13.520502115102175;0.8014787466284877;4.462949409334303;8.256073959139384
3342883.600775066;13.553069015837885;0.8326246948572245;4.462913453476322;8.257530867504338
3343653.416794685;13.585699093257048;0.863836633629565;4.462877507226229;8.258984952401253
3344423.410091402;13.618392162804223;0.8951143908322912;4.46284157057664;8.26043620139529
3345193.580706041;13.651148028936262;0.9264577833900762;4.462805643520204;8.261884602025981
3345963.928679436;13.683966484868504;0.9578666170508383;4.462769726050244;8.263330141767423
3346734.454052431;13.716847312263813;0.989340686013166;4.462733818159896;8.26477280809075
3347505.156865877;13.749790280792897;1.020879772549839;4.462697919841286;8.26621258840177
3348276.037160637;13.782795148115186;1.0524836469188412;4.462662031087542;8.267649470108804
3349047.094977581;13.815861659390052;1.084152066929901;4.462626151891529;8.269083440568624
3349818.330357591;13.848989547048628;1.1158847777151546;4.462590282246621;8.270514487086853
3350589.743341556;13.882178530258393;1.14768151114631;4.462554422144205;8.271942596967875
3351361.333970376;13.915428315143597;1.1795419860942562;4.462518571579141;8.2733677574702
3352133.10228496;13.94873859372095;1.2114659073627476;4.462482730542839;8.274789955815367
3352905.048326227;13.982109044148377;1.2434529659218705;4.462446899028648;8.276209179197856
3353677.172135104;14.015539330151976;1.2755028383414657;4.462411077029712;8.277625414780797
3354449.473752529;14.049029100609921;1.3076151863753878;4.462375264538429;8.279038649696101
3355221.953219447;14.082577989365223;1.3397896567673833;4.462339461547929;8.280448871049911
3355994.610576816;14.116185614762442;1.3720258808063512;4.462303668051325;8.281856065904767
3356767.4458656;14.149851579164265;1.404323473816722;4.462267884040555;8.283260221306989
3357540.459126775;14.183575468915738;1.4366820351321579;4.462232109509471;8.284661324274106
3358313.650401324;14.217356853585606;1.4691011473531987;4.462196344450722;8.286059361781685
3359087.019730243;14.251195285734157;1.501580376086379;4.462160588856957;8.287454320790822
3359860.567154533;14.28509030057352;1.5341192696299388;4.462124842721568;8.288846188222013
3360634.292715209;14.31904141536463;1.5667173583271186;4.462089106036718;8.290234951000794
3361408.196453291;14.353048129213448;1.5993741544404534;4.462053378795779;8.291620595977214
3362182.278409811;14.387109922509191;1.632089151491887;4.46201766099143;8.293003110025877
3362956.538625811;14.421226256545669;1.6648618239678172;4.461981952616797;8.294382479961058
3363730.977142341;14.455396572949557;1.697691626703142;4.461946253664054;8.295758692582359
3364505.594000461;14.489620293602359;1.7305779947851894;4.461910564127343;8.297131734689826
3365280.38924124;14.523896819658423;1.763520342638688;4.461874883999053;8.298501593020681
3366055.362905757;14.55822553134836;1.7965180637446139;4.461839213271373;8.299868254332372
3366830.5150351;14.592605787603482;1.8295705303350123;4.461803551937712;8.301231705330757
3367605.845670368;14.627036925442594;1.8626770927254188;4.461767899991205;8.30259193272597
3368381.354852668;14.661518259452187;1.8958370788261958;4.461732257424775;8.303948923201217
3369157.042623115;14.696049081209905;1.9290497935649442;4.461696624230605;8.305302663414361
3369932.909022837;14.73062865911608;1.96231451868735;4.461661000402573;8.306653140026155
3370708.95409297;14.765256237405183;1.9956305118024507;4.461625385932892;8.30800033966984
3371485.177874657;14.799931035959453;2.0289970061833134;4.461589780814682;8.309344248961457
3372261.580409054;14.834652249659024;2.0624132100849706;4.461554185040902;8.310684854533148
3373038.161737325;14.869419047728131;2.0958783061443556;4.461518598603956;8.312022142979824
3373814.921900643;14.904230573458268;2.1293914510588863;4.461483021497522;8.31335610090186
3374591.860940191;14.9390859433484;2.1629517747545184;4.461447453714503;8.31468671487938
3375368.978897162;14.973984246578258;2.196558379839334;4.4614118952473545;8.31601397149157
3376146.275812759;15.0089245445412;2.2302103411150562;4.461376346088752;8.31733785733739
3376923.751728192;15.043905870325538;2.2639067051107697;4.4613408062326;8.31865835898217
3377701.406684682;15.078927227734463;2.2976464890540274;4.461305275670862;8.319975463009573
3378479.24072346;15.113987591138736;2.3314286807405247;4.461269754397165;8.321289156001047
3379257.253885765;15.149085904436074;2.3652522374947287;4.461234242403766;8.322599424537582
3380035.446212848;15.184221080746134;2.39911608585151;4.461198739683802;8.323906255210822
3380813.817745967;15.219392001653446;2.43301912079743;4.461163246230471;8.325209634625546
3381592.368526391;15.25459751649876;2.466960205074025;4.461127762036704;8.32650954938803
3382371.098595398;15.289836441743107;2.500938168521372;4.461092287095207;8.327805986126526
3383150.007994275;15.325107560315693;2.53495180743684;4.461056821398659;8.329098931480193
3383929.096764319;15.360409621050156;2.5689998840127193;4.461021364940499;8.33038837209694
3384708.364946836;15.395741337848868;2.6030811254718103;4.460985917713676;8.33167429466338
3385487.812583143;15.431101388946223;2.637194223359816;4.4609504797106405;8.332956685875764
3386267.439714566;15.466488416424276;2.6713378330344635;4.460915050924591;8.334235532465222
3387047.246382439;15.50190102536692;2.70551057283988;4.460879631348709;8.335510821178332
3387827.232628106;15.537337783096358;2.7397110233182937;4.460844220975713;8.336782538802352
3388607.398492922;15.572797218487576;2.7739377265113263;4.460808819798058;8.338050672178191
3389387.74401825;15.608277821408794;2.8081891854560515;4.460773427809433;8.339315208143308
3390168.269245464;15.643778041754686;2.842463863138204;4.460738045002774;8.340576133613709
3390948.974215947;15.679296288653672;2.8767601817517905;4.460702671370327;8.341833435531552
3391729.858971089;15.71483093006976;2.9110765222762054;4.460667306905789;8.343087100887768
3392510.923552294;15.750380291624033;2.945411223292556;4.460631951601588;8.34433711672989
3393292.168000972;15.78594265619919;2.9797625805777157;4.460596605451214;8.34558347017026
3394073.592358544;15.821516262731375;3.0141288459218463;4.460561268446634;8.346826148362895
3394855.196666441;15.857099306075959;3.0485082269547337;4.460525940582036;8.34806513853919
3395636.980966102;15.892689935531333;3.0828988856878583;4.46049062184967;8.349300427993803
3396418.945298977;15.928286254438905;3.1172989381076692;4.460455312242208;8.350532004089027
3397201.089706524;15.963886319527486;3.1517064535013266;4.460420011753412;8.351759854272744
3397983.414230213;15.999488139699443;3.1861194532590242;4.4603847203757185;8.352983966064699
3398765.918911521;16.035089675568653;3.2205359103916176;4.4603494381021145;8.354204327074918
3399548.603791935;16.07068883857325;3.254953748639333;4.460314164925572;8.355420925008346
3400331.468912954;16.106283490254143;3.289370841753787;4.46027890083956;8.356633747660794
3401114.514316083;16.141871441163;3.32378501240767;4.4602436458363055;8.357842782919027
3401897.74004284;16.17745045047821;3.3581940317753727;4.460208399909035;8.359048018793807
3402681.146134749;16.21301822491488;3.3925956184760664;4.460173163050488;8.360249443388327
3403464.732633346;16.248572418273366;3.426987438078367;4.460137935254606;8.361447044940395
3404248.499580177;16.284110630015316;3.4613671017109726;4.460102716513171;8.36264081179117
3405032.447016795;16.319630405195383;3.495732165943513;4.4600675068196445;8.363830732432229
3405816.574984765;16.355129233253088;3.530080131629682;4.460032306167003;8.3650167954564
3406600.88352566;16.39060454743253;3.564408443251517;4.459997114548485;8.366198989632531
3407385.372681065;16.426053723760262;3.598714487960968;4.4599619319565775;8.367377303842714
3408170.04249257;16.461474080614213;3.6329955950953035;4.459926758384535;8.368551727134374
3408954.893001779;16.4968628777701;3.6672490352226856;4.459891593825319;8.369722248722095
3409739.924250305;16.53221731564998;3.7014720194116886;4.459856438271694;8.370888857966602
3410525.136279767;16.56753453475442;3.7356616986240896;4.459821291716911;8.372051544413416
3411310.529131799;16.6028116147765;3.7698151628411547;4.459786154153927;8.373210297781418
3412096.102848039;16.638045573926753;3.803929440386516;4.45975102557552;8.374365107964719
3412881.857470139;16.673233368433166;3.8380014973903247;4.459715905975177;8.375515965067661
3413667.793039759;16.70837189142601;3.8720282366970555;4.459680795344911;8.376662859384044
3414453.909598568;16.743457972967512;3.9060064978752234;4.459645693678694;8.377805781413594
3415240.207188244;16.778488378740473;3.9399330559065655;4.459610600969049;8.378944721864858
3416026.685850478;16.813459809831038;3.973804620960256;4.459575517208973;8.380079671661806
3416813.345626967;16.848368902132286;4.007617837746453;4.459540442391728;8.381210621994105
3417600.186559419;16.8832122256035;4.0413692848524665;4.4595053765103145;8.382337564240718
3418387.208689551;16.91798628373733;4.075055474147154;4.459470319557241;8.383460490032936
3419174.412059091;16.952687513334247;4.10867285053183;4.459435271525754;8.38457939127666
3419961.796709775;16.987312283828608;4.142217791301655;4.459400232409134;8.385694260117816
3420749.36268335;17.021856896826606;4.175686605647764;4.459365202200371;8.38680508897847
3421537.110021571;17.056317585580768;4.20907553414768;4.459330180891763;8.387911870541327
3422325.038766205;17.090690515102963;4.24238074884502;4.45929516847705;8.389014597780891
3423113.148959026;17.124971781273196;4.27559835235292;4.4592601649487476;8.390113263971529
3423901.440641819;17.159157411007563;4.308724378030686;4.459225170300381;8.391207862676497
3424689.913856379;17.193243361633087;4.341754789361306;4.459190184524717;8.392298387747067
3425478.568644509;17.227225520922357;4.374685479912682;4.459155207614536;8.393384833395137
3426267.405048024;17.261099706894402;4.407512273232399;4.459120239562847;8.394467194099159
3427056.423108746;17.29486166792786;4.440230922855163;4.4590852803634204;8.39554546470928
3427845.622868509;17.328507082187855;4.472837111774704;4.459050330008548;8.396619640404607
3428635.004369155;17.36203155811448;4.505326452923085;4.4590153884912365;8.39768971670016
3429424.567652537;17.395430634363656;4.53769448909935;4.458980455804552;8.398755689459756
3430214.312760515;17.428699780038997;4.569936693175266;4.458945531941974;8.39981755492176
3431004.239734962;17.461834394586567;4.602048467988356;4.458910616896069;8.400875309702142
3431794.348617759;17.494829808270655;4.634025146856347;4.458875710659605;8.401928950754701
3432584.639450796;17.527681282824666;4.665861994144998;4.458840813226609;8.402978475453057
3433375.112275975;17.560384011058655;4.6975542049280286;4.458805924589129;8.404023881541496
3434165.767135204;17.592933118113304;4.729096906208173;4.458771044740467;8.405065167164661
3434956.604070405;17.625323661720923;4.760485157172919;4.458736173673877;8.406102330874129
3435747.623123505;17.657550632674543;4.791713949671983;4.4587013113819145;8.407135371620646
3436538.824336444;17.68960895596466;4.822778209332852;4.4586664578581185;8.408164288773687
3437330.207751171;17.721493491245656;4.853672796027631;4.458631613095547;8.409189082122483
3438121.773409645;17.753199033705002;4.884392504737057;4.458596777086722;8.410209751881222
3438913.521353832;17.78472031537244;4.914932066858553;4.45856194982495;8.411226298688936
3439705.451625711;17.816052005965325;4.945286151033892;4.4585271313032795;8.412238723628155
3440497.56426727;17.84718871418289;4.975449364448722;4.458492321514998;8.413247028219173
3441289.859320504;17.87812498877712;5.005416253914237;4.458457520452911;8.41425121440997
3442082.336827422;17.90885532003572;5.035181307319051;4.458422728109589;8.415251284607079
3442874.996830038;17.939374141648603;5.064738955515215;4.458387944479034;8.416247241654355
3443667.83937038;17.969675831414598;5.094083573007271;4.45835316955312;8.417239088854211
3444460.864490483;17.9997547140728;5.123209480787638;4.458318403326097;8.41822682995907
3445254.072232392;18.029605062051562;5.152110947112051;4.458283645790534;8.419210469148975
3446047.462638162;18.059221097936874;5.1807821899000945;4.45824889693925;8.420190011097528
3446841.035749859;18.088596996350706;5.2092173786993134;4.458214156765054;8.421165460886336
3447634.791609555;18.117726886422684;5.23741063709131;4.45817942526175;8.422136824069625
3448428.730259337;18.146604853512628;5.265356044441381;4.4581447024221585;8.423104106649092
3449222.851741297;18.175224941770438;5.293047638465445;4.458109988238841;8.424067315066152
3450017.156097539;18.20358115702212;5.3204794181229484;4.458075282705607;8.425026456193565
3450811.643370177;18.231667468624206;5.3476453454548984;4.458040585814537;8.425981537354769
3451606.313601332;18.259477813234373;5.374539349370155;4.45800589755993;8.426932566304288
3452401.166833139;18.2870060964716;5.401155327329765;4.457971217933878;8.42787955120796
3453196.203107738;18.314246196906748;5.427487149303985;4.457936546929916;8.428822500672847
3453991.422467283;18.34119196840708;5.45352866018286;4.45790188454042;8.429761423683802
3454786.824953934;18.36783724424553;5.479273683826809;4.45786723075966;8.43069632965906
3455582.410609863;18.394175839280148;5.504716025314888;4.457832585579758;8.431627228385501
3456378.179477252;18.42020155436901;5.52984947532145;4.457797948993996;8.432554130053564
3457174.131598291;18.445908179443983;5.554667813259099;4.457763320995241;8.433477045189644
3457970.267015181;18.47128949750873;5.579164811232503;4.457728701576799;8.434395984699428
3458766.585770131;18.496339288369672;5.603334237807277;4.4576940907322555;8.435310959830137
3459563.087905363;18.521051332057166;5.627169861447067;4.457659488453716;8.436221982156386
3460359.773463105;18.54541941373617;5.650665455456794;4.4576248947349715;8.437129063544402
3461156.642485598;18.569437327059266;5.673814801312585;4.457590309568639;8.438032216178042
3461953.695015091;18.593098878780662;5.696611693325741;4.45755573294757;8.438931452507353
3462750.931093841;18.61639789344813;5.719049943348653;4.457521164866034;8.439826785233445
3463548.350764119;18.63932821667939;5.741123384059465;4.45748660531571;8.440718227304215
3464345.954068202;18.661883721191437;5.762825875023996;4.457452054290865;8.441605791876572
3465143.741048378;18.68405831000818;5.784151305937735;4.457417511783621;8.442489492286825
3465941.711746946;18.705845922209903;5.805093602354585;4.457382977787349;8.443369342067971
3466739.866206213;18.72724053727682;5.825646730092657;4.457348452295354;8.444245354888809
3467538.204468497;18.74823617988;5.8458047000605715;4.457313935300748;8.44511754451868
3468336.726576123;18.768826924804742;5.865561573173937;4.457279426796357;8.445985924834446
3469135.432571429;18.789006902013384;5.884911465449888;4.457244926775081;8.446850509788415
3469934.322496762;18.808770301893155;5.9038485533059895;4.457210435230723;8.44771131335644
3470733.396394479;18.828111379789082;5.922367078109227;4.457175952156148;8.448568349523706
3471532.654306944;18.847024461223437;5.940461351415448;4.457141477543737;8.449421632264256
3472332.096276535;18.865503947628014;5.958125760735317;4.45710701138729;8.450271175505403
3473131.722345636;18.883544320731296;5.975354773987402;4.4570725536797156;8.451116993064181
3473931.532556643;18.901140148132434;5.992142945046741;4.457038104414105;8.451959098671587
3474731.526951962;18.91828608841847;6.008484918936544;4.4570036635838;8.452797505898129
3475531.705574006;18.93497689598742;6.024375436657005;4.456969231181185;8.453632228149226
3476332.068465201;18.95120742691305;6.039809341124025;4.456934807200109;8.454463278588918
3477132.615667981;18.966972643277447;6.054781581466684;4.456900391633193;8.455290670177572
3477933.34722479;18.98226761889289;6.0692872188616;4.456865984474036;8.456114415557254
3478734.263178082;18.997087543679907;6.083321430890713;4.4568315857150305;8.45693452707416
3479535.363570322;19.011427729489814;6.096879517433493;4.456797195350025;8.457751016706299
3480336.648443982;19.02528361437997;6.109956904917112;4.456762813372122;8.458563896090736
3481138.117841546;19.038650767379146;6.1225491512199035;4.456728439773733;8.45937317638551
3481939.771805507;19.051524893962927;6.134651951062233;4.456694074548445;8.460178868352248
3482741.610378367;19.06390183996741;6.146261140049435;4.456659717688915;8.460980982229065
3483543.63360264;19.075777596890244;6.157372699944414;4.456625369188985;8.461779527756844
3484345.841520848;19.08714830554289;6.167982762392729;4.456591029041283;8.462574514108876
3485148.234175523;19.09801026110861;6.17808761399278;4.456556697239451;8.463365949876378
3485950.811609207;19.108359916446044;6.187683699643289;4.456522373775384;8.464153843027368
3486753.573864453;19.11819388750439;6.196767627968463;4.456488058643423;8.464938200892504
3487556.52098382;19.12750895594732;6.205336174003898;4.456453751836467;8.465719030106955
3488359.653009882;19.1363020731987;6.213386283257417;4.456419453346912;8.46649633659437
3489162.96998522;19.144570364819074;6.2209150761037355;4.4563851631691165;8.46727012554622
3489966.471952423;19.1523111323659;6.227919849685123;4.456350881294742;8.468040401386034
3490770.158954095;19.159521858412866;6.234398082973374;4.456316607718381;8.468807167721108
3491574.031032844;19.166200207835217;6.240347438041539;4.456282342432224;8.469570427361452
3492378.088231291;19.172344031678964;6.2457657639884605;4.456248085429392;8.470330182261108
3493182.330592067;19.177951369611787;6.2506510994088185;4.456213836703514;8.471086433499455
3493986.758157811;19.183020451813427;6.255001674291676;4.456179596247252;8.471839181274499
3494791.370971174;19.187549701669596;6.25881591275236;4.456145364054;8.472588424863241
3495596.169074817;19.191537737369213;6.262092434635248;4.456111140116868;8.4733341626171
3496401.152511407;19.194983373710524;6.264830057336192;4.4560769244290395;8.47407639194529
3497206.321323624;19.197885623482755;6.267027797214039;4.456042716983647;8.474815109285068
3498011.675554159;19.200243698567235;6.2686848706913425;4.456008517773348;8.475550310102548
3498817.215245708;19.2020570114998;6.269800695832483;4.455974326792264;8.476281988875057
3499622.940440983;19.203325175113505;6.270374891992983;4.45594014403259;8.477010139087932
3500428.851182701;19.204048003899704;6.270407281206803;4.455905969487473;8.47773475320543
3501234.947513591;19.204225514197084;6.269897888348135;4.455871803150785;8.478455822698164
3502041.229476391;19.20385792349114;6.268846940474582;4.455837645015221;8.479173338001337
3502847.69711385;19.202945650857423;6.267254867233664;4.455803495074386;8.479887288549374
3503654.350468726;19.201489315703274;6.265122299644423;4.455769353320747;8.4805976627381
3504461.189583786;19.199489737703182;6.2624500699970085;4.455735219747691;8.48130444795848
3505268.214501808;19.19694793536899;6.259239210439395;4.455701094348371;8.482007630581226
3506075.425265581;19.193865124850454;6.255490951773006;4.455666977115957;8.48270719596149
3506882.821917901;19.190242718513222;6.2512067220135625;4.455632868043859;8.483403128455802
3507690.404501576;19.186082322885454;6.246388144316036;4.455598767124755;8.484095411444665
3508498.173059423;19.181385737147316;6.241037035518598;4.455564674352296;8.484784027276419
3509306.127634269;19.176154950404133;6.235155403319349;4.455530589719169;8.485468957365615
3510114.268268952;19.17039213988323;6.228745444500582;4.455496513219265;8.486150182163383
3510922.595006317;19.164099667298217;6.2218095412840055;4.45546244484453;8.486827681169682
3511731.107889222;19.157280077483108;6.2143502599259755;4.455428384589625;8.48750143296751
3512539.806960532;19.149936093597987;6.206370345926605;4.455394332446475;8.488171415224906
3513348.692263126;19.142070615226245;6.197872722080264;4.455360288408502;8.488837604737482
3514157.763839888;19.133686714528505;6.188860484656189;4.455326252469401;8.489499977402913
3514967.021733715;19.124787632117915;6.179336899171122;4.455292224621347;8.490158508325447
3515776.465987513;19.11537677446537;6.1693053978486265;4.455258204858962;8.490813171757782
3516586.096644198;19.105457708402508;6.15876957405683;4.45522419317426;8.491463941171416
3517395.913746695;19.09503415833969;6.147733179506851;4.455190189560877;8.49211078927196
3518205.917337941;19.08411000134188;6.136200119302712;4.455156194011764;8.492753688027403
3519016.107460881;19.072689262985605;6.124174447778465;4.455122206520084;8.49339260868706
3519826.48415847;19.06077611297407;6.111660364041315;4.455088227079289;8.494027521853466
3520637.047473674;19.048374860270208;6.098662207155789;4.455054255682548;8.49465839743187
3521447.797449468;19.035489948344416;6.085184451285151;4.455020292322331;8.49528520473693
3522258.734128837;19.022125951017067;6.071231701524492;4.454986336992555;8.495907912500023
3523069.857554775;19.00828756689423;6.056808688335156;4.454952389686414;8.496526488872663
3523881.167770289;18.993979614692243;6.041920262784155;4.454918450397076;8.497140901511012
3524692.664818393;18.979207027985606;6.026571391307493;4.454884519117053;8.497751117561057
3525504.348742111;18.96397485072721;6.010767151177899;4.454850595839984;8.498357103709328
3526316.219584478;18.94828823174706;5.994512724966141;4.4548166805593326;8.498958826221589
3527128.27738854;18.932152419442698;5.977813395204693;4.454782773267782;8.499556250970224
3527940.522197349;18.915572757186258;5.960674539750359;4.4547488739590495;8.50014934347685
3528752.954053972;18.898554677581853;5.943101626044074;4.4547149826260695;8.50073806891171
3529565.573001481;18.88110369751654;5.925100206090669;4.454681099261569;8.501322392164303
3530378.379082962;18.863225413413897;5.906675911679043;4.454647223859482;8.50190227787537
3531191.372341508;18.84492549541722;5.887834448578284;4.454613356412762;8.502477690426174
3532004.552820223;18.826209682572838;5.868581591640591;4.454579496914363;8.503048594017885
3532817.920562223;18.807083777901394;5.848923179860476;4.454545645357758;8.503614952683158
3533631.475610629;18.787553643013716;5.8288651109752525;4.454511801735885;8.504176730302582
3534445.218008577;18.7676251933161;5.808413336605984;4.4544779660417335;8.504733890668382
3535259.14779921;18.747304393334804;5.787573857585856;4.454444138269477;8.505286397479473
3536073.265025681;18.726597251027478;5.766352718235149;4.4544103184115915;8.505834214380739
3536887.569731155;18.705509813533773;5.7447560020534985;4.45437650646081;8.50637730501946
3537702.061958806;18.684048162789892;5.722789827359493;4.454342702411585;8.506915633018812
3538516.741751815;18.662218409863456;5.700460341539024;4.454308906256371;8.507449162068061
3539331.609153378;18.640026690945856;5.677773717077522;4.4542751179879;8.507977855880434
3540146.664206697;18.617479163284575;5.654736147423631;4.454241337600635;8.508501678260311
3540961.906954987;18.594581999626346;5.6313538414018005;4.454207565086546;8.509020593137999
3541777.337441469;18.571341385093884;5.607633020105832;4.454173800439607;8.509534564548444
3542592.955709378;18.54776351212709;5.583579911787211;4.45414004365254;8.510043556687338
3543408.761801957;18.52385457697489;5.559200748328688;4.454106294719067;8.510547533927134
3544224.755762459;18.499620775222866;5.5345017607724944;4.454072553632172;8.5110464608182
3545040.937634147;18.475068298128246;5.5094891755968565;4.454038820384833;8.511540302146557
3545857.307460295;18.45020332886981;5.484169211000718;4.454005094970254;8.51202902289884
3546673.865284184;18.425032039138955;5.458548073433307;4.45397137738268;8.512512588322966
3547490.61114911;18.399560584596017;5.432631953032484;4.453937667613599;8.512990963949933
3548307.545098374;18.373795102977123;5.406427021774086;4.453903965657737;8.513464115545302
3549124.667175289;18.347741709416997;5.379939428707412;4.453870271507582;8.513932009202003
3549941.977423178;18.32140649401038;5.3531752975398925;4.453836585156356;8.514394611314133
3550759.475885376;18.29479551861361;5.3261407234353095;4.453802906597561;8.51485188858074
3551577.162605224;18.26791481366723;5.29884176980694;4.453769235823945;8.515303808036347
3552395.037626075;18.24077037594073;5.271284466020977;4.453735572829691;8.515750337090065
3553213.100991292;18.21336816491014;5.243474803867409;4.453701917607091;8.516191443435643
3554031.352744248;18.18571410112905;5.215418735785445;4.4536682701498655;8.51662709519374
3554849.792928326;18.15781406312763;5.187122171870996;4.453634630451021;8.517057260805617
3555668.42158692;18.1296738853073;5.158590977691847;4.453600998503542;8.517481909111911
3556487.23876343;18.10129935594675;5.12983097230512;4.4535673743014295;8.5179010093402
3557306.244501271;18.07269621445321;5.100847925533955;4.453533757837161;8.518314531082092
3558125.438843866;18.043870150086533;5.0716475566267825;4.4535001491044985;8.518722444355253
3558944.821834647;18.014826799409157;5.042235531786457;4.45346654809596;8.51912471952674
3559764.393517056;17.985571745243192;5.012617463016406;4.453432954805512;8.519521327421275
3560584.153934549;17.956110514386385;4.982798905945502;4.4533993692264175;8.519912239214467
3561404.103130586;17.926448576274755;4.952785358392582;4.4533657913516835;8.52029742653049
3562224.24114864;17.89659134143446;4.922582258893141;4.453332221174076;8.520676861367244
3563044.568032195;17.866544160491692;4.892194985654732;4.453298658687318;8.52105051614964
3563865.083824744;17.836312322603355;4.86162885501214;4.453265103884949;8.521418363706267
3564685.788569788;17.805901054152514;4.8308891201091955;4.4532315567594685;8.52178037728385
3565506.682310842;17.775315518263042;4.799980970455255;4.453198017305102;8.522136530502683
3566327.765091429;17.744560813095937;4.768909530148596;4.453164485514162;8.522486797433181
3567149.03695508;17.713641971663293;4.737679857756658;4.453130961380384;8.522831152526253
3567970.49794534;17.682563960635875;4.706296945103342;4.4530974448970255;8.523169570635506
3568792.148105762;17.651331679654895;4.674765716573536;4.453063936056871;8.523502027024488
3569613.987479907;17.619949961028816;4.643091028821105;4.453030434853679;8.52382849735403
3570436.01611135;17.588423568834997;4.611277669899339;4.452996941280692;8.524148957654967
3571258.234043673;17.55675719860116;4.579330358883238;4.452963455330954;8.524463384386967
3572080.64132047;17.524955476884937;4.547253745514882;4.452929976997501;8.524771754372555
3572903.237985344;17.49302296119638;4.515052410105828;4.452896506274313;8.525074044816241
3573726.024081908;17.46096413924327;4.482730862783841;4.4528630431539415;8.525370233305491
3574548.999653785;17.428783429298537;4.450293543867654;4.452829587630125;8.52566029780076
3575372.16474461;17.39648517964232;4.417744823315893;4.452796139695684;8.525944216630744
3576195.519398024;17.36407366889624;4.385089001055079;4.45276269934436;8.526221968496797
3577019.063657681;17.331553105555646;4.352330306557887;4.452729266568719;8.52649353242904
3577842.797567246;17.298927628641408;4.319472899430367;4.452695841362744;8.526758887848299
3578666.721170391;17.26620130734759;4.286520869139657;4.452662423719969;8.527018014487961
3579490.834510801;17.233378141029092;4.253478234955232;4.452629013632226;8.527270892441635
3580315.137632168;17.200462060278117;4.220348947051441;4.452595611094249;8.527517502132426
3581139.630578197;17.16745692623195;4.187136885820709;4.452562216098805;8.527757824312435
3581964.313392601;17.13436653127212;4.153845862577182;4.452528828638743;8.527991840056197
3582789.186119103;17.101194599558898;4.120479620101344;4.452495448708041;8.528219530749515
3583614.248801439;17.067944787032886;4.087041832629946;4.4524620762997635;8.52844087810318
3584439.501483352;17.034620681881574;4.053536106362927;4.452428711406469;8.528655864112181
3585264.944208596;17.0012258054646;4.0199659803633345;4.452395354022643;8.528864471078624
3586090.577020935;16.967763612083452;3.9863349263419905;4.4523620041408725;8.529066681600586
3586916.399964143;16.934237489961312;3.952646349650859;4.452328661754426;8.529262478556028
3587742.413082005;16.900650761609903;3.918903589661989;4.452295326856361;8.529451845091554
3588568.616418315;16.867006684652864;3.885109920562149;4.452261999440709;8.529634764650009
3589395.010016878;16.83330845191675;3.851268551505971;4.452228679500027;8.529811220910752
3590221.593921507;16.799559192550344;3.8173826276808223;4.452195367027864;8.529981197841657
3591048.368176029;16.765761972427086;3.7834552307700395;4.452162062017765;8.530144679639285
3591875.332824276;16.731919794827746;3.7494893796171307;4.452128764463261;8.53030165074735
3592702.487910095;16.698035600851348;3.7154880306163482;4.452095474356187;8.530452095878815
3593529.83347734;16.66411227084727;3.6814540792082924;4.452062191691329;8.530595999947652
3594357.369569877;16.63015262436894;3.647390359786854;4.452028916461733;8.530733348120354
3595185.096231579;16.596159421043744;3.61329964660777;4.451995648659717;8.530864125776258
3596013.013506333;16.562135361750656;3.579184654974453;4.451962388279584;8.530988318496618
3596841.121438034;16.52808308890097;3.545048041493477;4.451929135314629;8.531105912092867
3597669.420070588;16.494005187226392;3.510892404877912;4.451895889757429;8.53121689259105
3598497.909447909;16.45990418490425;3.47672028711943;4.451862651602286;8.531321246182538
3599326.589613924;16.425782553747034;3.442534173619517;4.451829420841257;8.53141895928626
3600155.460612568;16.391642710613947;3.4083364946603045;4.451796197468422;8.53151001848522
3600984.522487787;16.35748701777723;3.374129625735759;4.451762981477072;8.531594410564402
3601813.775283537;16.323317783843684;3.3399158885157028;4.451729772860756;8.531672122467224
3602643.219043785;16.289137264339463;3.30569755141384;4.4516965716118415;8.53174314131378
3603472.853812506;16.25494766296659;3.271476830831263;4.451663377724371;8.531807454410957
3604302.679633688;16.220751132003567;3.237255891612823;4.451630191191896;8.531865049198846
3605132.696551326;16.18654977305497;3.203036847749392;4.451597012006758;8.531915913298821
3605962.904609427;16.15234563825551;3.1688217636175695;4.4515638401630335;8.53196003447491
3606793.303852008;16.118140730682896;3.134612654399102;4.451530675654022;8.531997400629773
3607623.894323096;16.083937005190858;3.1004114868952977;4.451497518472303;8.532027999823258
3608454.676066727;16.049736369548107;3.0662201806818934;4.451464368612216;8.532051820253999
3609285.64912695;16.015540684729572;3.0320406084173888;4.451431226066561;8.532068850245622
3610116.813547822;15.981351765960873;2.9978745968763376;4.4513980908282065;8.532079078256327
3610948.169373409;15.947171383683212;2.9637239279215066;4.451364962891439;8.532082492870268
3611779.71664779;15.913001263884478;2.929590338842017;4.4513318422488535;8.532079082793608
3612611.455415052;15.8788430892173;2.8954755234829537;4.451298728893797;8.532068836840551
3613443.385719294;15.84469849971808;2.8613811329345884;4.451265622819832;8.532051743963658
3614275.507604623;15.810569093539657;2.827308776307669;4.451232524020799;8.532027793211192
3615107.821115158;15.776456427396813;2.793260021184769;4.451199432488531;8.53199697372351
3615940.326295027;15.74236201804036;2.7592363950541228;4.451166348217857;8.531959274768381
3616773.023188369;15.708287342285633;2.7252393853757955;4.451133271201621;8.531914685708218
3617605.911839332;15.674233838050656;2.691270440635127;4.451100201432904;8.53186319598262
3618438.992292075;15.640202905107737;2.657330971064111;4.4510671389050565;8.531804795138566
3619272.264590768;15.606195905786134;2.623422349347257;4.451034083611435;8.531739472827443
3620105.72877959;15.5722141656907;2.5895459113766934;4.451001035545826;8.531667218768183
3620939.384902729;15.53825897420436;2.5557029567449163;4.450967994700634;8.531588022758807
3621773.233004387;15.504331585593757;2.5218947498262483;4.450934961069922;8.531501874697591
3622607.273128771;15.47043321930046;2.488122520107397;4.45090193464655;8.531408764546516
3623441.505320103;15.436565060991141;2.4543874632087204;4.450868915424838;8.531308682357583
3624275.929622613;15.402728262784088;2.4206907411598784;4.450835903397402;8.531201618226804
3625110.54608054;15.368923944228746;2.387033483322175;4.4508028985571135;8.531087562349459
3625945.354738136;15.335153192996792;2.3534167871200786;4.450769900897781;8.53096650497893
3626780.355639661;15.30141706540224;2.319841718554691;4.450736910413029;8.53083843643452
3627615.548829386;15.267716587031131;2.2863093128363223;4.4507039270962165;8.53070334709859
3628450.934351592;15.234052753275066;2.252820574925549;4.450670950939687;8.530561227409828
3629286.51225057;15.200426530329585;2.2193764805163387;4.450637981937785;8.53041206787546
3630122.282570622;15.166838855405524;2.1859779762623024;4.450605020083637;8.530255859059585
3630958.24535606;15.133290637491179;2.152625980553528;4.450572065370592;8.530092591567058
3631794.400651205;15.099782757917628;2.119321384060768;4.45053911779177;8.52992225606509
3632630.74850039;15.066316071010048;2.086065050392288;4.450506177340754;8.529744843277008
3633467.288947957;15.032891404561738;2.0528578165754894;4.450473244010686;8.529560343975565
3634304.022038258;14.999509560491969;2.019700493744263;4.450440317795397;8.529368748952308
3635140.947815656;14.966171315241077;1.9865938674607753;4.4504073986872905;8.52917004909301
3635978.066324525;14.932877420648547;1.953538698668512;4.45037448668093;8.528964235299103
3636815.377609246;14.899628604027361;1.9205357237436633;4.450341581768733;8.528751298514965
3637652.881714214;14.866425569076899;1.8875856554012282;4.450308683944297;8.528531229731378
3638490.578683833;14.833268996256052;1.8546891830804437;4.45027579320121;8.528304019974401
3639328.468562515;14.800159543270164;1.8218469734142462;4.450242909532658;8.528069660323258
3640166.551394686;14.767097845585017;1.789059670768016;4.450210032931718;8.527828141885285
3641004.827224779;14.734084517007286;1.7563278978206798;4.450177163392244;8.52757945579436
3641843.296097239;14.70112015004149;1.723652255900199;4.450144300907407;8.52732359323388
3642681.958056522;14.668205316429471;1.6910333255473753;4.45011144547054;8.527060545411556
3643520.81314709;14.635340567632245;1.6584716669744994;4.450078597075044;8.526790303582699
3644359.861413421;14.602526435242837;1.6259678205136543;4.450045755714279;8.526512859014906
3645199.102899999;14.569763431474836;1.5935223070717894;4.450012921381644;8.526228203021406
3646038.537651321;14.537052049506585;1.5611356284964235;4.449980094069769;8.525936326940393
3646878.165711891;14.504392764214805;1.5288082683070081;4.4499472737735;8.525637222134291
3647717.987126227;14.471786032142198;1.4965406916533501;4.4499144604852505;8.525330880003597
3648558.001938855;14.439232292240936;1.4643333460762629;4.4498816541983945;8.525017291966277
3649398.210194312;14.40673196621809;1.4321866618443757;4.4498488549065645;8.52469644946715
3650238.611937144;14.374285458912066;1.400101052303219;4.449816062603133;8.52436834400571
3651079.207211909;14.341893158586611;1.3680769142520224;4.449783277281006;8.524032967053584
3651919.996063174;14.309555437593353;1.3361146285178338;4.449750498934575;8.523690310140948
3652760.978535518;14.277272652361475;1.3042145599743198;4.449717727555967;8.523340364831185
3653602.154673527;14.245045144143322;1.2723770583167928;4.4496849631393145;8.522983122687215
3654443.524521801;14.21287323910822;1.2406024581267026;4.4496522056775305;8.522618575303985
3655285.088124948;14.180757248916452;1.2088910794478254;4.44961945516474;8.522246714303886
3656126.845527587;14.148697470792214;1.177243227891834;4.449586711593582;8.521867531306798
3656968.796774347;14.116694188207253;1.1456591952519262;4.449553974958204;8.521481017997122
3657810.941909867;14.084747670848817;1.114139259546365;4.449521245251025;8.521087166051425
3658653.280978798;14.052858175248984;1.0826836856310234;4.449488522465936;8.520685967152025
3659495.814025798;14.021025945032079;1.0512927253905697;4.4494558065967915;8.52027741304472
3660338.541095539;13.989251211020278;1.019966617927652;4.4494230976360365;8.519861495456587
3661181.462232701;13.957534191845859;0.9887055901248522;4.449390395577561;8.519438206143446
3662024.577481974;13.925875094116797;0.9575098567973117;4.449357700415003;8.519007536904482
3662867.88688806;13.894274112593788;0.9263796209289776;4.449325012141051;8.51856947952376
3663711.39049567;13.862731430727877;0.8953150741644633;4.449292330749813;8.518124025813602
3664555.088349526;13.831247220729058;0.8643163968712197;4.449259656234222;8.517671167623615
3665398.98049436;13.799821643961259;0.8333837585756767;4.449226988587916;8.517210896797668
3666243.066974913;13.768454851150043;0.8025173181390781;4.449194327804073;8.516743205206891
3667087.34783594;13.737146982693268;0.771717224076891;4.449161673876104;8.51626808474027
3667931.823122202;13.70589816894791;0.7409836148412096;4.449129026797896;8.515785527308802
3668776.492878473;13.674708530345946;0.7103166189570005;4.449096386562359;8.515295524826584
3669621.357149536;13.643578177797021;0.679716355389825;4.449063753162937;8.514798069244263
3670466.415980186;13.612507212875428;0.6491829337673101;4.449031126593264;8.514293152514856
3671311.669415227;13.58149572799107;0.6187164545408925;4.448998506846262;8.513780766603915
3672157.117499472;13.550543806794916;0.588317009356468;4.448965893915859;8.513260903522589
3673002.760277746;13.51965152420448;0.5579846811392226;4.448933287795194;8.512733555270065
3673848.597794886;13.488818946738117;0.5277195443885523;4.448900688477472;8.512198713872092
3674694.630095736;13.458046132737431;0.49752166541958137;4.4488680959563505;8.511656371361498
3675540.857225152;13.427333132577271;0.4673911025446982;4.448835510225468;8.511106519807104
3676387.279228;13.396679988815913;0.43732790624835916;4.448802931278037;8.510549151289519
3677233.896149157;13.366086736432711;0.4073321194379591;4.448770359107442;8.50998425788731
3678080.708033509;13.335553403061397;0.3774037776348952;4.448737793707128;8.509411831719374
3678927.714925953;13.30508000911544;0.3475429091285978;4.448705235070048;8.508831864916795
3679774.916871397;13.274666568066982;0.3177495352685695;4.448672683190086;8.508244349608326
3680622.313914759;13.244313086608205;0.2880236705930601;4.448640138061162;8.50764927795398
3681469.906100966;13.214019564718617;0.2583653228931562;4.448607599675757;8.50704664214971
3682317.693474958;13.183785995986998;0.22877449358919705;4.448575068027504;8.506436434370299
3683165.676081683;13.153612367755095;0.19925117781841933;4.44854254311009;8.505818646826587
3684013.8539661;13.123498661242966;0.16979536456980987;4.448510024916718;8.505193271756438
3684862.227173178;13.093444851780937;0.14040703693464957;4.4484775134412855;8.504560301405
3685710.795747899;13.063450908833936;0.11108617213198861;4.448445008676514;8.503919728025435
3686559.559735252;13.033516796362598;0.08183274184360033;4.448412510616334;8.503271543902663
3687408.519180236;13.003642472795319;0.05264671220739155;4.448380019253656;8.502615741334271
3688257.674127865;12.973827891330593;0.02352804411260959;4.4483475345824335;8.50195231263555
3689107.024623158;12.944072999981643;-0.0055233067589912505;4.448315056596091;8.50128125014454
3689956.570711148;12.914377741687579;-0.03450738979760114;4.448282585287356;8.500602546197822
3690806.312436876;12.884742054657238;-0.06342425916748361;4.44825012065062;8.499916193174103
3691656.249845395;12.855165872244012;-0.0922739738907781;4.448217662678622;8.499222183456169
3692506.382981768;12.825649123279202;-0.12105659753994248;4.448185211365013;8.498520509454133
3693356.711891069;12.79619173211347;-0.14977219817751172;4.448152766703267;8.497811163587714
3694207.23661838;12.766793618763579;-0.17842084823701482;4.448120328686562;8.497094138314035
3695057.957208795;12.737454699048655;-0.2070026243264489;4.448087897308852;8.496369426066254
3695908.873707419;12.708174884697517;-0.23551760721940046;4.448055472563101;8.495637019353813
3696759.986159367;12.67895408347079;-0.2639658816247966;4.448023054442981;8.494896910652606
3697611.294609764;12.649792199297593;-0.2923475361453528;4.447990642941692;8.494149092501255
3698462.799103744;12.62068913237428;-0.32066266310286;4.447958238052943;8.493393557424197
3699314.499686455;12.591644779285229;-0.3489113584697101;4.4479258397701935;8.492630297984745
3700166.396403053;12.5626590330823;-0.37709372176574074;4.447893448086636;8.491859306761405
3701018.489298703;12.533731783459592;-0.40520985589884184;4.44786106299597;8.491080576362462
3701870.778418584;12.50486291672604;-0.4332598671524457;4.447828684490943;8.490294099387542
3702723.263807882;12.476052316141882;-0.461243864910043;4.447796312566197;8.489499868485726
3703575.945511796;12.447299861724886;-0.4891619618016142;4.447763947214244;8.488697876312255
3704428.823575534;12.418605430587714;-0.5170142734034354;4.447731588428758;8.487888115562392
3705281.898044315;12.389968896907702;-0.5448009182150055;4.447699236203458;8.48707057891925
3706135.168963367;12.361390132037062;-0.5725220176099423;4.447666890531328;8.486245259115677
3706988.636377931;12.332869004655866;-0.6001776956470324;4.447634551406302;8.485412148896597
3707842.300333256;12.304405380744843;-0.6277680790955942;4.447602218821347;8.484571241019086
3708696.160874603;12.275999123827319;-0.6552932972338305;4.447569892770421;8.483722528290729
3709550.218047243;12.247650094858338;-0.682753481891185;4.447537573246275;8.482866003503249
3710404.471896456;12.219358152532891;-0.7101487672048473;4.447505260243326;8.482001659494413
3711258.922467534;12.19112315315325;-0.7374792897257632;4.447472953754338;8.481129489124674
3712113.56980578;12.162944950832053;-0.7647451882083907;4.447440653772762;8.48024948526768
3712968.413956507;12.134823397571184;-0.7919466035461475;4.447408360292539;8.479361640824797
3713823.454965036;12.106758343241179;-0.8190836787908116;4.447376073306452;8.478465948725539
3714678.692876702;12.07874963579576;-0.8461565589216157;4.447343792808905;8.477562401908472
3715534.127736848;12.050797121139894;-0.8731653909974217;4.4473115187919365;8.476650993345379
3716389.759590828;12.022900643497739;-0.9001103237989507;4.447279251250458;8.475731716046232
3717245.588484008;11.995060045143727;-0.9269915080498228;4.447246990176993;8.474804563016557
3718101.614461763;11.967275166742112;-0.9538090961288259;4.44721473556574;8.473869527305203
3718957.837569478;11.93954584720335;-0.9805632421867074;4.44718248740919;8.472926601980864
3719814.257852548;11.911871923938262;-1.0072541018910846;4.4471502457018115;8.471975780127535
3720670.875356382;11.884253232772394;-1.0338818325421708;4.447118010436612;8.471017054877954
3721527.690126395;11.85668960804771;-1.0604465929299878;4.447085781606798;8.4700504193709
3722384.702208015;11.829180882738171;-1.0869485432438317;4.447053559206333;8.469075866775668
3723241.91164668;11.801726888407632;-1.1133878450936583;4.4470213432284895;8.468093390272802
3724099.318487839;11.774327455361089;-1.13976466140763;4.446989133666727;8.467102983101991
3724956.922776951;11.746982412626444;-1.1660791563978474;4.446956930514309;8.46610463850998
3725814.724559483;11.719691588057897;-1.1923314954631627;4.446924733765188;8.465098349755873
3726672.723880917;11.692454808330378;-1.2185218452212294;4.4468925434123605;8.464084110139249
3727530.920786743;11.665271899091945;-1.2446503733588568;4.446860359449827;8.463061913000974
3728389.315322461;11.638142684852797;-1.2707172486978253;4.4468281818703295;8.462031751680293
3729247.907533583;11.611066989221502;-1.2967226410093944;4.446796010668086;8.460993619562808
3730106.697465629;11.58404463479422;-1.3226667211033294;4.446763845836101;8.45994751006145
3730965.685164134;11.557075443286946;-1.3485496606837402;4.446731687368127;8.458893416602558
3731824.870674638;11.530159235532633;-1.3743716323792468;4.446699535257151;8.457831332654727
3732684.254042695;11.503295831594546;-1.4001328096171959;4.446667389497162;8.45676125171458
3733543.835313869;11.476485050736402;-1.4258333666384968;4.446635250081915;8.455683167292985
3734403.614533734;11.449726711444487;-1.4514734784935608;4.446603117004153;8.454597072933895
3735263.591747875;11.42302063158392;-1.477053320907645;4.446570990257629;8.453502962233934
3736123.767001886;11.396366628326097;-1.502573070290548;4.446538869836086;8.45240082878056
3736984.140341374;11.369764518236153;-1.528032903720524;4.44650675573276;8.451290666223915
3737844.711811954;11.343214117292593;-1.5534329988728979;4.446474647941189;8.450172468224302
3738705.481459253;11.316715240922123;-1.578773533995266;4.446442546454859;8.44904622846253
3739566.449328908;11.290267704056165;-1.6040546878972393;4.446410451266777;8.447911940686625
3740427.615466567;11.263871321186523;-1.6292766398131964;4.446378362371667;8.446769598628054
3741288.979917888;11.23752590628932;-1.6544395695582212;4.446346279761826;8.445619196085715
3742150.54272854;11.2112312729961;-1.6795436573103204;4.446314203431245;8.444460726875176
3743012.303944201;11.184987234537127;-1.704589083674186;4.446282133373439;8.443294184837875
3743874.263610561;11.15879360380024;-1.7295760296326976;4.446250069581904;8.44211956385103
3744736.421773322;11.132650193366498;-1.7545046765018677;4.446218012050398;8.440936857817967
3745598.778478193;11.106556815493425;-1.7793752059704566;4.446185960771448;8.439746060692435
3746461.333770896;11.08051328224273;-1.8041877999281404;4.44615391573957;8.438547166431299
3747324.087697162;11.054519405388346;-1.8289426405920857;4.446121876947761;8.437340169032671
3748187.040302734;11.028574996570518;-1.8536399103695287;4.4460898443900305;8.436125062550012
3749050.191633365;11.002679867156138;-1.8782797919388683;4.446057818058928;8.434901841036078
3749913.541734818;10.976833828454655;-1.9028624680797366;4.446025797948927;8.433670498585464
3750777.090652868;10.951036691628296;-1.9273881217782987;4.445993784053308;8.432431029353285
3751640.838433297;10.925288267658509;-1.9518569361865004;4.445961776364637;8.43118342748037
3752504.785121903;10.899588367582014;-1.976269094464923;4.445929774877858;8.429927687169078
3753368.930764489;10.873936802277191;-2.0006247799628483;4.445897779585548;8.42866380265449
3754233.275406873;10.848333382627791;-2.0249241760448284;4.445865790481455;8.427391768191164
3755097.819094881;10.822777919522668;-2.0491674661267956;4.445833807559111;8.426111578090353
3755962.56187435;10.797270223855708;-2.073354833630751;4.445801830812514;8.424823226673945
3756827.503791128;10.771810106489374;-2.0974864620468052;4.445769860233978;8.4235267083022
3757692.644891073;10.7463973784553;-2.1215625347512512;4.44573789581825;8.422222017388304
3758557.985220055;10.721031850740719;-2.145583235168614;4.44570593755789;8.420909148351441
3759423.524823952;10.695713334508923;-2.1695487466025294;4.445673985447135;8.41958809566432
3760289.263748655;10.67044164099408;-2.1934592523193337;4.44564203947928;8.418258853834136
3761155.202040064;10.645216581533635;-2.2173149355024977;4.445610099647391;8.416921417388743
3762021.33974409;10.620037967675621;-2.2411159791710347;4.4455781659459435;8.415575780900713
3762887.676906656;10.594905611052226;-2.26486256630189;4.445546238367257;8.414221938986858
3763754.213573693;10.569819323546879;-2.288554879644537;4.445514316905842;8.412859886285576
3764620.949791145;10.544778917182938;-2.312193101847323;4.445482401554747;8.411489617475512
3765487.885604965;10.519784204189373;-2.3357774153748165;4.445450492307275;8.410111127256917
3766355.021061116;10.494834997093008;-2.359308002468051;4.445418589157672;8.408724410403389
3767222.356205575;10.4699311085813;-2.382785045200718;4.445386692099247;8.40732946168277
3768089.891084325;10.445072351622745;-2.406208725438505;4.445354801125027;8.405926275936222
3768957.625743362;10.420258539436213;-2.42957922478758;4.445322916228844;8.40451484799495
3769825.560228694;10.39548948555868;-2.452896724623577;4.445291037404179;8.403095172778078
3770693.694586337;10.370765003783987;-2.476161406068998;4.445259164644375;8.401667245208609
3771562.028862318;10.346084908264107;-2.4993734499452214;4.4452272979436955;8.400231060265634
3772430.563102676;10.321449013396766;-2.522533036835502;4.445195437295194;8.398786612937073
3773299.29735346;10.296857133952175;-2.5456403470207585;4.445163582692154;8.39733389828078
3774168.231660729;10.272309085029175;-2.568695560468009;4.445131734128138;8.395872911369048
3775037.366070553;10.24780468211442;-2.5916988568128154;4.445099891597176;8.394403647330062
3775906.700629012;10.223343741010353;-2.614650415389086;4.445068055092588;8.392926101306854
3776776.235382198;10.198926077930317;-2.637550415194712;4.445036224607646;8.391440268517384
3777645.970376214;10.174551509434862;-2.660399034872469;4.445004400135927;8.389946144171402
3778515.90565717;10.150219852528831;-2.683196452683052;4.444972581671701;8.388443723540181
3779386.041271191;10.125930924567268;-2.70594284659622;4.4449407692070775;8.386933001956407
3780256.377264409;10.101684543365765;-2.7286383941162677;4.444908962736807;8.385413974745227
3781126.91368297;10.07748052713886;-2.7512832724135605;4.4448771622541985;8.383886637298222
3781997.650573028;10.05331869453775;-2.773877658265258;4.444845367752569;8.382350985050437
3782868.58798075;10.029198864638131;-2.796421728040381;4.444813579225473;8.380807013453039
3783739.72595231;10.005120856995546;-2.818915657690491;4.444781796666729;8.379254718019311
3784611.064533896;9.981084491580699;-2.841359622776698;4.444750020069369;8.37769409428803
3785482.603771705;9.957089588855238;-2.863753798418519;4.44471824942699;8.376125137846769
3786354.343711946;9.933135969773462;-2.886098359274172;4.444686484734113;8.374547844313522
3787226.284400837;9.909223455698385;-2.9083934796354436;4.444654725983071;8.372962209350758
3788098.425884609;9.885351868535462;-2.930639333293063;4.444622973167931;8.371368228660593
3788970.768209499;9.861521030671529;-2.9528360935964333;4.444591226282489;8.369765897985474
3789843.31142176;9.837730764963673;-2.974983933459518;4.44455948531982;8.368155213103371
3790716.055567653;9.813980894804551;-2.9970830253109937;4.444527750273742;8.366536169841805
3791589.00069345;9.790271244086089;-3.0191335411248295;4.444496021137571;8.364908764073347
3792462.146845433;9.766601637209881;-3.041135652379101;4.444464297905358;8.363272991683624
3793335.494069897;9.742971899095448;-3.0630895301014367;4.444432580570185;8.3616288486267
3794209.042413143;9.719381855195572;-3.0849953448181733;4.444400869125637;8.35997633088811
3795082.791921489;9.695831331495292;-3.106853266560327;4.444369163565509;8.35831543449011
3795956.742641258;9.67232015451164;-3.1286634648765266;4.444337463883138;8.356646155505027
3796830.894618787;9.648848151314004;-3.150426108796039;4.444305770072574;8.35496849003747
3797705.247900422;9.625415149477506;-3.172141366886871;4.4442740821264355;8.35328243423794
3798579.802532521;9.602020977188504;-3.1938094071582492;4.444242400039013;8.35158798430774
3799454.558561451;9.578665463138261;-3.2154303971367844;4.44421072380364;8.349885136471402
3800329.516033592;9.55534843659802;-3.2370045038116273;4.444179053414366;8.34817388699528
3801204.674995332;9.532069727391834;-3.258531893687522;4.444147388864057;8.346454232215297
3802080.035493072;9.508829165903705;-3.2800127327241584;4.444115730146299;8.344726168481564
3802955.597573223;9.485626583109246;-3.3014471863417287;4.444084077255134;8.342989692195841
3803831.361282205;9.462461810534611;-3.3228354194512604;4.444052430183906;8.341244799801968
3804707.326666452;9.439334680284174;-3.344177596423607;4.444020788926206;8.339491487781576
3805583.493772405;9.41624502505183;-3.365473881100911;4.443989153475368;8.337729752677376
3806459.862646518;9.393192678089774;-3.38672443677328;4.443957523825219;8.335959591037835
3807336.433335256;9.370177473268775;-3.407929426195862;4.44392589996934;8.334180999495297
3808213.205885094;9.347199245016164;-3.4290890115871826;4.443894281901083;8.332393974702265
3809090.180342516;9.324257828371186;-3.4502033546062174;4.443862669614256;8.330598513363148
3809967.356754019;9.301353058935137;-3.471272616370118;4.443831063102463;8.328794612202792
3810844.735166111;9.278484772932302;-3.4922969574522233;4.443799462359054;8.32698226802547
3811722.315625309;9.255652807176446;-3.5132765378532724;4.443767867378096;8.325161477651621
3812600.09817814;9.232856999045877;-3.5342115170603265;4.443736278152196;8.32333223795401
3813478.082871146;9.21009718657877;-3.5551020539506766;4.443704694675933;8.321494545853517
3814356.269750874;9.187373208365416;-3.5759483068824798;4.443673116942401;8.319648398305493
3815234.658863886;9.164684903609432;-3.596750433649085;4.4436415449449775;8.31779379231354
3816113.250256754;9.142032112138287;-3.6175085914643743;4.443609978677708;8.31593072492495
3816992.043976058;9.119414674378568;-3.6382229369911867;4.443578418134205;8.314059193235549
3817871.040068393;9.096832431329695;-3.658893626349167;4.44354686330735;8.312179194371511
3818750.238580361;9.074285224651828;-3.6795208150563545;4.443515314191427;8.310290725516753
3819629.639558577;9.051772896585913;-3.700104658088624;4.443483770779838;8.308393783894703
3820509.243049665;9.029295289997632;-3.720645309850725;4.443452233066149;8.306488366782206
3821389.049100262;9.00685224832799;-3.7411429241801795;4.44342070104396;8.304574471464209
3822269.057757013;8.984443615679563;-3.761597654351458;4.443389174706659;8.302652095324364
3823149.269066576;8.962069236745766;-3.782009653052916;4.44335765404831;8.300721235750373
3824029.683075619;8.939728956819444;-3.8023790724347344;4.4433261390617895;8.298781890192386
3824910.29983082;8.917422621838268;-3.8227060640394743;4.443294629741454;8.296834056136287
3825791.119378869;8.895150078329241;-3.842990778877371;4.44326312608014;8.294877731126473
3826672.141766466;8.872911173456664;-3.8632333673452255;4.443231628072444;8.292912912729447
3827553.367040322;8.85070575496685;-3.8834339793232626;4.443200135710763;8.29093959857935
3828434.795247158;8.828533671251693;-3.9035927640793804;4.443168648989171;8.288957786341902
3829316.426433708;8.80639477132622;-3.9237098703035347;4.443137167902039;8.286967473727715
3830198.260646713;8.784288904783633;-3.943785446168737;4.443105692441504;8.284968658510865
3831080.297932928;8.762215921880074;-3.9638196392061618;4.443074222602617;8.282961338483615
3831962.538339119;8.740175673444257;-3.9838125964353583;4.443042758378042;8.28094551150157
3832844.98191206;8.718168010953129;-4.003764464274208;4.443011299761619;8.278921175465717
3833727.628698537;8.69619278647893;-4.023675388577289;4.442979846746976;8.276888328309244
3834610.478745348;8.674249852729405;-4.043545514622772;4.4429483993279595;8.274846968024217
3835493.532099301;8.652339063004476;-4.06337498714135;4.442916957497464;8.27279709264836
3836376.788807213;8.630460271236476;-4.083163950260717;4.442885521249822;8.270738700247371
3837260.248915914;8.608613331971172;-4.102912547562144;4.442854090578413;8.268671788954903
3838143.912472246;8.586798100354637;-4.122620922063404;4.442822665476368;8.26659635694167
3839027.779523057;8.565014432188322;-4.1422892161744915;4.4427912459385395;8.264512402424273
3839911.850115211;8.54326218381193;-4.161917571801501;4.442759831957066;8.262419923656365
3840796.12429558;8.521541212260598;-4.181506130225744;4.442728423526558;8.260318918959786
3841680.602111047;8.499851375113115;-4.201055032202944;4.442697020639898;8.258209386676164
3842565.283608506;8.478192530621326;-4.220564417889757;4.4426656232914326;8.256091325219652
3843450.168834861;8.456564537591035;-4.240034426911538;4.442634231474075;8.253964733028498
3844335.25783703;8.434967255471413;-4.259465198302153;4.442602845181936;8.25182960859163
3845220.550661938;8.413400544316483;-4.2788568705498005;4.442571464408392;8.249685950457891
3846106.047356523;8.391864264781992;-4.2982095815697114;4.442540089147306;8.2475337572044
3846991.747967733;8.370358278137221;-4.317523468727648;4.44250871939205;8.245373027472821
3847877.652542526;8.34888244624618;-4.336798668827796;4.442477355136045;8.24320375993793
3848763.761127872;8.327436631594257;-4.356035318095942;4.442445996373638;8.241025953316557
3849650.073770753;8.306020697257772;-4.375233552242646;4.442414643097231;8.23883960640319
3850536.590518159;8.28463450693419;-4.394393506362484;4.442383295301934;8.23664471799474
3851423.311417093;8.263277924888579;-4.4135153150487;4.442351952980386;8.234441286956892
3852310.236514567;8.241950816032498;-4.432599112318151;4.44232061612624;8.232229312224412
3853197.365857606;8.220653045837743;-4.451645031630098;4.4422892847333575;8.230008792734484
3854084.699493244;8.199384480395704;-4.4706532058972615;4.4422579587953805;8.227779727497586
3854972.237468527;8.178144986401026;-4.4896237674765;4.442226638306202;8.225542115571324
3855859.979830511;8.156934431108274;-4.508556848201423;4.442195323258462;8.223295956051235
3856747.926626263;8.135752682419014;-4.527452579316575;4.442164013646789;8.221041248088802
3857636.077902862;8.114599608786767;-4.546311091551107;4.442132709464338;8.218777990873535
3858524.433707396;8.093475079272638;-4.565132515078668;4.442101410704728;8.216506183646576
3859412.994086965;8.072378963533763;-4.583916979524184;4.442070117361857;8.214225825696088
3860301.759088679;8.05131113181118;-4.602664613975681;4.442038829429384;8.21193691635748
3861190.72875966;8.030271454928021;-4.621375546989965;4.442007546900441;8.209639455017545
3862079.90314704;8.009259804301008;-4.640049906565304;4.441976269769174;8.20733344109714
3862969.282297963;7.988276051929601;-4.658687820177073;4.4419449980289745;8.205018874077702
3863858.866259582;7.9673200704025815;-4.677289414754414;4.441913731673717;8.202695753483276
3864748.655079063;7.946391732862146;-4.695854816710977;4.441882470696365;8.200364078876754
3865638.64880358;7.9254909130918;-4.7143841518940865;4.4418512150914955;8.198023849894392
3866528.84748032;7.904617485387895;-4.732877545653507;4.441819964852037;8.195675066189365
3867419.251156481;7.883771324661587;-4.751335122793832;4.441788719971649;8.19331772748377
3868309.859879271;7.862952306377626;-4.769757007587723;4.441757480444222;8.190951833521128
3869200.67369591;7.842160306606792;-4.788143323779973;4.441726246263664;8.188577384123105
3870091.692653627;7.821395201966058;-4.806494194606946;4.441695017423104;8.186194379149903
3870982.916799663;7.800656869634103;-4.8248097427652015;4.441663793916476;8.18380281848283
3871874.34618127;7.779945187399228;-4.843090090445605;4.4416325757369055;8.181402702107926
3872765.980845711;7.759260033568274;-4.861335359294578;4.441601362878845;8.178994029984008
3873657.820840259;7.738601287063139;-4.879545670460271;4.44157015533564;8.176576802187771
3874549.866212199;7.717968827316826;-4.8977211445785835;4.441538953100493;8.174151018794916
3875442.117008826;7.697362534352959;-4.915861901756729;4.441507756167302;8.171716679942385
3876334.573277446;7.676782288781606;-4.9339680615847605;4.441476564530206;8.169273785836161
3877227.235065376;7.656227971725814;-4.952039743164358;4.4414453781821495;8.166822336708021
3878120.102419945;7.635699464875358;-4.970077065066235;4.441414197117244;8.164362332824345
3879013.175388492;7.615196650492866;-4.988080145369931;4.441383021328726;8.161893774534072
3879906.454018365;7.594719411389605;-5.006049101632961;4.441351850810679;8.159416662211887
3880799.938356927;7.574267630919634;-5.02398405092152;4.441320685556572;8.156930996284581
3881693.628451548;7.553841192985801;-5.041885109800389;4.441289525559778;8.154436777226415
3882587.52434961;7.5334399820409015;-5.059752394324198;4.4412583708142535;8.151934005550848
3883481.626098509;7.513063883095047;-5.07758602005481;4.4412272213136506;8.149422681836205
3884375.933745647;7.4927127816943475;-5.095386102057258;4.44119607705163;8.146902806699977
3885270.447338441;7.472386563927003;-5.113152754897729;4.4411649380220855;8.144374380802645
3886165.166924316;7.452085116404205;-5.130886092670711;4.441133804217737;8.141837404857178
3887060.092550709;7.431808326320379;-5.148586228941216;4.441102675633467;8.13929187962813
3887955.224265069;7.411556081352391;-5.166253276824553;4.441071552261962;8.136737805914983
3888850.562114854;7.3913282697445135;-5.183887348926156;4.4410404340971565;8.134175184573515
3889746.106147535;7.371124780285378;-5.201488557367659;4.441009321132933;8.131604016520107
3890641.856410591;7.350945502269984;-5.219057013786231;4.4409782133632465;8.12902430269297
3891537.812951516;7.330790325520945;-5.236592829355139;4.44094711078102;8.126436044095064
3892433.975817812;7.310659140402393;-5.254096114750627;4.440916013380177;8.123839241772842
3893330.345056992;7.290551837798845;-5.271566980180148;4.4408849211541535;8.12123389682484
3894226.92071658;7.2704683091138875;-5.289005535358788;4.440853834097337;8.11862001037534
3895123.702844114;7.250408446286665;-5.306411889547428;4.440822752202961;8.115997583631133
3896020.691487138;7.230372141765051;-5.323786151532913;4.440791675464411;8.113366617833549
3896917.88669321;7.210359288494651;-5.341128429622046;4.440760603875624;8.11072711424107
3897815.2885099;7.190369779984297;-5.358438831653986;4.440729537430546;8.108079074207737
3898712.896984785;7.170403510212609;-5.375717465010407;4.440698476122592;8.105422499100424
3899610.712165456;7.150460373688596;-5.392964436615497;4.440667419944736;8.102757390359356
3900508.734099515;7.130540265442026;-5.410179852896708;4.440636368892086;8.100083749446648
3901406.962834574;7.110643080983178;-5.427363819867097;4.440605322956921;8.097401577893352
3902305.398418256;7.090768716355696;-5.444516443043393;4.440574282133828;8.09471087726526
3903204.040898195;7.070917068092362;-5.461637827503816;4.440543246416305;8.092011649179872
3904102.890322036;7.051088033218813;-5.4787280778766965;4.44051221579754;8.08930389529797
3905001.946737436;7.031281509294185;-5.495787298318441;4.440481190271947;8.086587617340678
3905901.210192061;7.011497394335278;-5.512815592560614;4.440450169832237;8.083862817063652
3906800.680733589;6.991735586894853;-5.529813063852663;4.440419154473298;8.081129496274219
3907700.358409709;6.971995985976385;-5.546779815030201;4.440388144187891;8.078387656818695
3908600.243268122;6.952278491116008;-5.563715948465875;4.440357138969904;8.075637300611978
3909500.335356539;6.932583002316537;-5.580621566095694;4.44032613881283;8.072878429599399
3910400.63472268;6.912909420084223;-5.597496769396298;4.440295143711308;8.070111045769215
3911301.14141428;6.8932576453929295;-5.614341659443028;4.440264153657569;8.067335151178385
3912201.855479082;6.873627579720397;-5.631156336831654;4.440233168646527;8.064550747905525
3913102.776964841;6.854019125016119;-5.647940901752837;4.440202188671167;8.06175783809779
3914003.905919324;6.834432183721562;-5.664695453949159;4.4401712137253915;8.058956423945332
3914905.242390306;6.814866658732656;-5.681420092734317;4.440140243802936;8.056146507664035
3915806.786425577;6.795322453438986;-5.6981149170006615;4.440109278896987;8.053328091542662
3916708.538072934;6.775799471729194;-5.714780025189974;4.440078319002235;8.050501177916932
3917610.497380188;6.756297617915866;-5.731415515344204;4.440047364111634;8.047665769148436
3918512.664395161;6.736816796811417;-5.748021485070333;4.4400164142188885;8.044821867662861
3919415.039165683;6.717356913697282;-5.764598031549106;4.439985469317945;8.041969475928443
3920317.621739598;6.697917874309741;-5.7811452515489545;4.439954529402262;8.039108596456431
3921220.412164759;6.678499584871193;-5.7976632414119775;4.439923594465792;8.036239231817376
3922123.410489033;6.659101952046854;-5.814152097071422;4.4398926645019925;8.033361384616287
3923026.616760294;6.639724882962784;-5.83061191404632;4.439861739504307;8.030475057504798
3923930.031026431;6.6203682852250445;-5.847042787427899;4.439830819467206;8.027580253185736
3924833.65333534;6.601032066873533;-5.8634448119186615;4.439799904383635;8.024676974408559
3925737.483734932;6.581716136420282;-5.879818081800622;4.439768994247322;8.021765223973583
3926641.522273126;6.562420402841037;-5.896162690939686;4.439738089052685;8.018845004728037
3927545.768997854;6.543144775525684;-5.912478732815742;4.439707188792719;8.015916319548705
3928450.223957057;6.523889164344659;-5.928766300492585;4.4396762934613765;8.012979171375866
3929354.88719869;6.504653479613145;-5.94502548663549;4.439645403052376;8.010033563196261
3930259.758770716;6.4854376320799005;-5.961256383513956;4.439614517559164;8.007079498034692
3931164.838721111;6.466241532945657;-5.977459082988602;4.439583636975955;8.004116978958304
3932070.127097861;6.447065093867295;-5.9936336765384475;4.4395527612959755;8.001146009109766
3932975.623948964;6.427908226912368;-6.009780255241029;4.439521890512923;7.998166591640475
3933881.329322428;6.408770844607056;-6.02589890977853;4.439491024620782;7.9951787297648025
3934787.243266273;6.389652859923159;-6.041989730446015;4.439460163613255;7.992182426755918
3935693.365828529;6.370554186231011;-6.058052807156304;4.439429307483557;7.9891776859037575
3936599.697057238;6.351474737373261;-6.074088229418448;4.439398456226172;7.986164510565537
3937506.237000454;6.332414427604949;-6.090096086377338;4.439367609834061;7.983142904148226
3938412.985706239;6.3133731716165356;-6.1060764667737635;4.439336768301682;7.980112870088616
3939319.943222668;6.294350884500607;-6.122029458993912;4.439305931621527;7.977074411872995
3940227.109597828;6.275347481828138;-6.137955151011161;4.439275099788556;7.974027533050743
3941134.484879816;6.256362879551702;-6.15385363044428;4.439244272795983;7.970972237199999
3942042.06911674;6.237396994056582;-6.1697249845260025;4.4392134506377925;7.967908527944792
3942949.862356718;6.218449742141389;-6.185569300120928;4.439182633307452;7.964836408954865
3943857.864647881;6.199521041028449;-6.201386663731283;4.439151820797712;7.961755883962017
3944766.076038371;6.1806108083736575;-6.217177161449427;4.439121013104248;7.958666956718837
3945674.49657634;6.161718962215526;-6.232940879043827;4.439090210219337;7.9555696310400155
3946583.126309952;6.14284542102528;-6.248677901893086;4.439059412136936;7.952463910781429
3947491.96528738;6.1239901036844415;-6.264388315010784;4.439028618851013;7.949349799844212
3948401.013556812;6.10515292948048;-6.280072203045935;4.438997830355537;7.94622730217088
3949310.271166443;6.086333818109482;-6.295729650295591;4.438967046643775;7.943096421761298
3950219.738164482;6.067532689663625;-6.311360740689925;4.43893626770942;7.93995716264413
3951129.414599147;6.048749464655147;-6.32696555779685;4.438905493546489;7.936809528905507
3952039.300518669;6.029984063978996;-6.342544184837297;4.4388747241482065;7.933653524668088
3952949.395971289;6.011236408948478;-6.358096704667892;4.438843959508538;7.930489154107833
3953859.701005259;5.992506421278532;-6.373623199784993;4.438813199621952;7.927316421441572
3954770.215668843;5.973794023046404;-6.389123752360906;4.438782444480749;7.9241353309265605
3955680.940010315;5.955099136768459;-6.404598444184508;4.438751694079846;7.920945886873123
3956591.874077961;5.936421685314892;-6.420047356717264;4.438720948412509;7.917748093619647
3957503.017920078;5.91776159197205;-6.43547057107379;4.438690207471986;7.914541955573853
3958414.371584973;5.899118780419422;-6.450868168008814;4.438659471252739;7.911327477175497
3959325.935120966;5.880493174707734;-6.466240227945269;4.438628739748273;7.908104662904733
3960237.708576387;5.861884699283882;-6.4815868309586975;4.4385980129525615;7.904873517290019
3961149.691999577;5.843293278962495;-6.496908056796099;4.43856729085862;7.901634044899973
3962061.885438889;5.824718838980285;-6.512203984848332;4.438536573460917;7.898386250367702
3962974.288942686;5.806161304891242;-6.527474694187006;4.438505860752461;7.895130138325789
3963886.902559343;5.787620602700362;-6.542720263530748;4.438475152727755;7.891865713503355
3964799.726337246;5.769096658726205;-6.557940771282643;4.4384444493797695;7.888592980629081
3965712.760324791;5.750589399722727;-6.573136295496049;4.438413750702985;7.885311944515793
3966626.004570387;5.732098752768349;-6.588306913913577;4.438383056690202;7.882022609991722
3967539.459122453;5.713624645340757;-6.603452703924406;4.438352367336345;7.878724981928816
3968453.12402942;5.695167005273879;-6.618573742614835;4.438321682634235;7.87541906525448
3969366.999339729;5.676725760785225;-6.633670106732525;4.438291002577812;7.8721048649399386
3970281.085101832;5.658300840448577;-6.648741872703656;4.438260327160844;7.868782385991386
3971195.381364195;5.639892173211681;-6.663789116628294;4.438229656377339;7.865451633462638
3972109.888175291;5.621499688382883;-6.678811914292318;4.438198990220791;7.862112612454411
3973024.605583607;5.603123315626451;-6.693810341164747;4.438168328684455;7.8587653281067436
3973939.533637641;5.584762984966673;-6.708784472382577;4.438137671762824;7.855409785586428
3974854.672385901;5.566418626815064;-6.723734382777953;4.438107019449412;7.852045990143605
3975770.021876906;5.548090171902804;-6.738660146865948;4.4380763717379486;7.848673947030806
3976685.582159188;5.5297775513272;-6.753561838850154;4.438045728621976;7.845293661555376
3977601.353281289;5.511480696567452;-6.768439532615859;4.4380150900956945;7.841905139087615
3978517.335291761;5.493199539410709;-6.783293301753158;4.437984456151932;7.838508385011936
3979433.528239171;5.47493401203341;-6.798123219519817;4.4379538267856375;7.83510340476759
3980349.932172092;5.456684046937101;-6.8129293588884;4.437923201989833;7.831690203835668
3981266.547139111;5.438449576992081;-6.827711792514469;4.4378925817585335;7.828268787748016
3982183.373188828;5.4202305353862545;-6.842470592760824;4.437861966084767;7.824839162062311
3983100.410369851;5.402026855678282;-6.857205831671237;4.437831354963004;7.821401332386515
3984017.658730799;5.383838471768812;-6.8719175809964925;4.4378007483870325;7.8179553043782715
3984935.118320306;5.365665317873269;-6.886605912190388;4.437770146350344;7.8145010837133135
3985852.789187013;5.347507328573365;-6.901270896406173;4.437739548846704;7.811038676132835
3986770.671379575;5.329364438783697;-6.915912604501928;4.437708955869663;7.807568087415964
3987688.764946657;5.311236583761033;-6.930531107031838;4.437678367413657;7.804089323379213
3988607.069936935;5.293123699068759;-6.945126474274998;4.437647783471296;7.800602389872462
3989525.586399097;5.27502572063872;-6.959698776193939;4.4376172040375215;7.797107292795137
3990444.314381841;5.256942584721522;-6.974248082479585;4.437586629105398;7.793604038095712
3991363.253933878;5.238874227895058;-6.988774462521769;4.437556058669141;7.790092631747686
3992282.405103929;5.220820587065682;-7.003277985433952;4.437525492721804;7.786573079777832
3993201.767940727;5.202781599474269;-7.017758720032857;4.437494931257409;7.783045388249717
3994121.342493014;5.184757202690013;-7.032216734847704;4.437464374270213;7.779509563267503
3995041.128809546;5.166747334587686;-7.04665209813416;4.43743382175347;7.775965610968375
3995961.12693909;5.148751933387626;-7.061064877859189;4.437403273700997;7.772413537545816
3996881.336930421;5.130770937627829;-7.075455141705058;4.4373727301070005;7.768853349225885
3997801.75883233;5.11280428614564;-7.089822957085953;4.437342190964559;7.765285052267035
3998722.392693616;5.0948519181225045;-7.104168391125291;4.437311656267926;7.761708652979872
3999643.238563089;5.076913773045834;-7.118491510679549;4.437281126010386;7.758124157714997
4000564.296489573;5.0589897907269945;-7.1327923823221315;4.437250600185932;7.754531572863196
4001485.566521901;5.0410799112679765;-7.147071072352143;4.437220078788611;7.750930904831509
4002407.048708917;5.023184075110713;-7.161327646802945;4.437189561811702;7.747322160101955
4003328.743099478;5.005302223003605;-7.175562171426684;4.437159049249477;7.743705345180814
4004250.64974245;4.987434295982142;-7.18977471171495;4.437128541095208;7.7400804666018805
4005172.768686713;4.969580235424788;-7.203965332880477;4.4370980373431905;7.736447530962074
4006095.099981157;4.951739982983861;-7.218134099880512;4.437067537986449;7.732806544877925
4007017.643674681;4.933913480638326;-7.232281077394092;4.437037043019257;7.729157515013161
4007940.3998162;4.916100670673804;-7.246406329839898;4.437006552435389;7.725500448078314
4008863.368454636;4.898301495665301;-7.260509921370641;4.4369760662288655;7.721835350807077
4009786.549638923;4.880515898485903;-7.274591915890415;4.436945584392269;7.718162229984049
4010709.943418009;4.862743822327153;-7.288652377014472;4.436915106921073;7.7144810924205505
4011633.549840851;4.844985210665847;-7.302691368128091;4.4368846338076064;7.7107919449863305
4012557.368956417;4.827240007274919;-7.316708952337244;4.4368541650463715;7.707094794565792
4013481.400813687;4.809508156228676;-7.3307051924998925;4.436823700630931;7.703389648097638
4014405.645461653;4.791789601899504;-7.344680151210926;4.436793240555544;7.699676512554888
4015330.102949317;4.774084288940865;-7.358633890824365;4.436762784813011;7.69595539495222
4016254.773325692;4.756392162302476;-7.372566473426376;4.436732333397632;7.692226302331223
4017179.656639805;4.738713167235835;-7.38647796085392;4.436701886303426;7.688489241786327
4018104.752940691;4.721047249252975;-7.400368414701189;4.4366714435234496;7.684744220430714
4019030.062277397;4.703394354196114;-7.414237896294783;4.436641005052716;7.680991245438179
4019955.584698983;4.685754428153014;-7.428086466735339;4.4366105708837935;7.677230324004558
4020881.32025452;4.668127417510195;-7.441914186860182;4.436580141010946;7.673461463359433
4021807.268993089;4.650513268947047;-7.455721117269024;4.4365497154274935;7.669684670788577
4022733.430963781;4.632911929420411;-7.469507318303559;4.436519294128213;7.665899953595754
4023659.806215703;4.61532334615973;-7.4832728500794925;4.436488877105916;7.662107319133311
4024586.394797969;4.597747466680916;-7.497017772456647;4.436458464354859;7.658306774782703
4025513.196759705;4.580184238775075;-7.510742145059544;4.436428055868624;7.654498327965996
4026440.212150051;4.562633610516732;-7.524446027266477;4.43639765164149;7.65068198614172
4027367.441018155;4.545095530248149;-7.538129478227319;4.436367251666491;7.646857756808975
4028294.883413179;4.527569946583973;-7.551792556845047;4.436336855937714;7.643025647491303
4029222.539384293;4.5100568084243;-7.565435321788674;4.436306464448926;7.639185665764049
4030150.408980682;4.49255606493247;-7.579057831488795;4.43627607719418;7.635337819227082
4031078.492251541;4.475067665539322;-7.592660144144249;4.436245694167252;7.631482115516316
4032006.789246075;4.457591559943237;-7.606242317728572;4.4362153153610056;7.6276185623108015
4032935.300013502;4.440127698130077;-7.619804409962413;4.436184940770681;7.62374716732181
4033864.02460305;4.422676030322996;-7.6333464783581215;4.436154570388872;7.619867938292241
4034792.963063959;4.405236507033699;-7.646868580183907;4.436124204209854;7.615980883007749
4035722.115445482;4.387809079026158;-7.660370772483198;4.43609384222743;7.612086009281924
4036651.48179688;4.370393697334302;-7.673853112075433;4.436063484434938;7.608183324974794
4037581.062167428;4.352990313247855;-7.687315655541714;4.436033130827124;7.604272837962444
4038510.85660641;4.335598878320016;-7.700758459251855;4.436002781397094;7.6003545561747785
4039440.865163125;4.318219344356225;-7.7141815793472235;4.435972436138387;7.59642848756506
4040371.087886879;4.300851663438944;-7.727585071735512;4.435942095045798;7.592494640128656
4041301.524826992;4.283495787871603;-7.74096899212066;4.435911758111912;7.588553021880353
4042232.176032796;4.266151670253724;-7.754333395969477;4.435881425331254;7.584603640891946
4043163.041553632;4.248819263421021;-7.767678338534396;4.435851096697644;7.580646505257772
4044094.121438853;4.231498520454392;-7.781003874852851;4.43582077220442;7.5766816231028224
4045025.415737826;4.214189394693032;-7.794310059735174;4.435790451846088;7.572709002582122
4045956.924499925;4.196891839732352;-7.807596947789658;4.435760135615267;7.568728651906742
4046888.647774539;4.179605809411226;-7.820864593387704;4.435729823507234;7.564740579291696
4047820.585611067;4.162331257820918;-7.834113050705524;4.435699515514788;7.560744793011654
4048752.738058919;4.145068139284314;-7.847342373699222;4.435669211631567;7.556741301351968
4049685.105167517;4.127816408402574;-7.860552616103527;4.435638911852287;7.552730112653817
4050617.686986294;4.110576019984497;-7.873743831454362;4.435608616170062;7.5487112352687955
4051550.483564694;4.093346929106057;-7.886916073072814;4.435578324578476;7.544684677600397
4052483.494952174;4.076129091087698;-7.900069394061667;4.435548037072313;7.540650448077052
4053416.721198201;4.058922461469457;-7.913203847327913;4.435517753644634;7.536608555152738
4054350.162352253;4.041726996052553;-7.926319485565333;4.435487474289282;7.532559007328604
4055283.81846382;4.024542650865938;-7.939416361261032;4.4354571990000755;7.528501813126894
4056217.689582406;4.007369382179774;-7.952494526696981;4.435426927770808;7.524436981105947
4057151.77575752;3.9902071465059303;-7.965554033945962;4.435396660595814;7.520364519856077
4058086.07703869;3.9730559005826427;-7.978594934885335;4.435366397468416;7.51628443799956
4059020.593475449;3.9559156013866916;-7.991617281186047;4.43533613838243;7.512196744190309
4059955.325117345;3.938786206116918;-8.00462112432079;4.435305883331196;7.508101447106515
4060890.272013937;3.9216676722375428;-8.01760651554873;4.435275632309735;7.50399855547654
4061825.434214794;3.9045599574096213;-8.030573505949471;4.4352453853104565;7.49988807804864
4062760.811769499;3.887463019533624;-8.043522146385829;4.435215142328103;7.4957700235913505
4063696.404727642;3.8703768167477537;-8.056452487528095;4.435184903356774;7.491644400919073
4064632.21313883;3.8533013074016385;-8.069364579860629;4.435154668389053;7.4875112188732125
4065568.237052678;3.8362364500955213;-8.082258473657408;4.435124437419525;7.483370486333403
4066504.476518812;3.819182203634514;-8.095134219002686;4.435094210442017;7.479222212195182
4067440.93158687;3.8021385270549524;-8.107991865787131;4.435063987450324;7.475066405391759
4068377.602306504;3.7851053796190604;-8.120831463709544;4.435033768438052;7.470903074890552
4069314.488727374;3.7680827208000336;-8.133653062273382;4.435003553399262;7.466732229674154
4070251.590899153;3.7510705103105755;-8.146456710794315;4.434973342327549;7.462553878777344
4071188.908871525;3.734068708077156;-8.159242458390388;4.434943135217474;7.458368031250071
4072126.442694185;3.717077274230436;-8.172010354006446;4.434912932061391;7.454174696175491
4073064.192416842;3.7000961691364944;-8.18476044638071;4.434882732854139;7.449973882663064
4074002.158089213;3.6831253533781076;-8.197492784073258;4.434852537589269;7.445765599862094
4074940.339761028;3.666164787742439;-8.210207415455082;4.434822346260631;7.44154985693689
4075878.737482029;3.6492144332422427;-8.222904388711461;4.434792158862061;7.43732666309164
4076817.351301969;3.6322742510984702;-8.235583751841375;4.434761975387623;7.433096027552222
4077756.181270612;3.61534420273985;-8.24824555266442;4.434731795830676;7.428857959573595
4078695.227437734;3.5984242498226706;-8.26088983881554;4.434701620184811;7.4246124684533985
4079634.489853122;3.5815143542096384;-8.273516657738707;4.434671448444821;7.4203595635035215
4080573.968566575;3.5646144779526394;-8.286126056708303;4.4346412806038495;7.416099254057093
4081513.663627903;3.5477245833502584;-8.298718082810074;4.434611116656183;7.411831549504152
4082453.575086927;3.530844632860153;-8.311292782958;4.43458095659494;7.4075564592232155
4083393.702993482;3.513974589199246;-8.323850203878994;4.434550800414453;7.403273992663784
4084334.047397411;3.497114415248594;-8.33639039212686;4.434520648108315;7.398984159267141
4085274.608348571;3.4802640741085873;-8.348913394078329;4.434490499670126;7.394686968516791
4086215.385896829;3.46342352909958;-8.361419255925615;4.434460355094675;7.390382429930518
4087156.380092064;3.446592743716053;-8.373908023697961;4.434430214374875;7.386070553039139
4088097.590984168;3.429771681675416;-8.386379743241152;4.434400077505015;7.3817513474115515
4089039.018623041;3.4129603068816685;-8.398834460232976;4.434369944478474;7.377424822636173
4089980.663058597;3.39615858344616;-8.411272220174933;4.434339815289087;7.373090988332005
4090922.524340762;3.3793664756880175;-8.423693068391731;4.434309689931429;7.368749854148323
4091864.602519472;3.3625839481167445;-8.436097050043012;4.4342795683990985;7.364401429760658
4092806.897644675;3.345810965420881;-8.448484210121231;4.434249450685196;7.360045724856917
4093749.40976633;3.3290474925050906;-8.460854593443838;4.434219336783603;7.355682749165327
4094692.138934409;3.312293494477915;-8.473208244651657;4.434189226689367;7.351312512440206
4095635.085198895;3.295548936611121;-8.485545208234928;4.434159120394857;7.3469350244511915
4096578.24860978;3.2788137844005094;-8.497865528498718;4.434129017895157;7.342550295004074
4097521.629217071;3.262088003514175;-8.510169249595988;4.434098919183145;7.338158333927019
4098465.227070785;3.245371559823784;-8.522456415505964;4.434068824252902;7.3337591510768485
4099409.04222095;3.2286644193896663;-8.534727070041246;4.434038733098761;7.329352756332149
4100353.074717606;3.2119665484407016;-8.546981256859311;4.434008645713616;7.324939159586396
4101297.324610806;3.1952779134201883;-8.559219019440684;4.433978562092523;7.320518370768346
4102241.791950612;3.17859848096072;-8.571440401116652;4.433948482228366;7.316090399849006
4103186.4767871;3.1619282178536685;-8.583645445050555;4.433918406115006;7.311655256789219
4104131.379170354;3.145267091102146;-8.595834194240027;4.433888333746989;7.307212951595186
4105076.499150474;3.1286150678822016;-8.608006691532538;4.433858265117246;7.3027634942974915
4106021.836777567;3.1119721155603886;-8.620162979604222;4.433828200220569;7.29830689494404
4106967.392101756;3.095338201677616;-8.63230310098255;4.433798139050107;7.29384316361006
4107913.165173172;3.0787132939654747;-8.644427098029587;4.433768081600162;7.2893723103948975
4108859.15604196;3.0620973603353505;-8.656535012956773;4.433738027863908;7.284894345428218
4109805.364758275;3.0454903688645474;-8.668626887813657;4.433707977835423;7.280409278842783
4110751.791372284;3.028892287838019;-8.680702764490123;4.433677931509306;7.27591712081884
4111698.435934165;3.0123030856875004;-8.692762684733239;4.433647888878177;7.271417881542566
4112645.298494109;2.99572273105607;-8.704806690121558;4.433617849936886;7.266911571240744
4113592.379102317;2.9791511927281427;-8.716834822089249;4.433587814678806;7.262398200138588
4114539.677809003;2.9625884396904145;-8.728847121912706;4.4335577830980295;7.25787777850509
4115487.194664391;2.9460344410957258;-8.740843630720446;4.433527755187945;7.253350316628227
4116434.929718718;2.9294891662661144;-8.752824389481738;4.433497730943115;7.248815824804736
4117382.883022232;2.9129525847006237;-8.76478943902367;4.433467710356728;7.244274313367565
4118331.054625192;2.8964246660801543;-8.776738820017618;4.433437693422825;7.239725792674948
4119279.444577869;2.87990538024435;-8.788672572984845;4.433407680135556;7.23517027309364
4120228.052930546;2.8633946972052042;-8.800590738302233;4.433377670488278;7.23060776501916
4121176.879733518;2.84689258714935;-8.812493356194167;4.433347664475123;7.226038278868394
4122125.925037089;2.8303990204308045;-8.82438046673917;4.433317662089915;7.221461825080057
4123075.188891578;2.813913967572284;-8.8362521098684;4.433287663326561;7.216878414114123
4124024.671347314;2.7974373992584134;-8.848108325368653;4.433257668178683;7.212288056448387
4124974.372454637;2.7809692863605617;-8.85994915287849;4.43322767664035;7.2076907625987054
4125924.292263899;2.764509599884024;-8.87177463189259;4.433197688705468;7.203086543071145
4126874.430825463;2.7480583110157344;-8.883584801764886;4.4331677043674125;7.198475408413208
4127824.788189707;2.7316153911202026;-8.895379701699719;4.433137723620532;7.193857369199388
4128775.364407015;2.7151808116962224;-8.907159370760441;4.433107746458943;7.1892324359977176
4129726.159527788;2.698754544431086;-8.918923847871955;4.433077772876014;7.184600619427027
4130677.173602435;2.682336561152991;-8.930673171817919;4.433047802865158;7.17996193010575
4131628.406681378;2.6659268338742925;-8.942407381232895;4.4330178364211985;7.17531637868599
4132579.858815051;2.649525334739191;-8.95412651461793;4.432987873537777;7.170663975819344
4133531.530053898;2.6331320360698256;-8.965830610338593;4.432957914207788;7.166004732200636
4134483.420448376;2.6167469103558503;-8.97751970660812;4.4329279584265535;7.161338658537417
4135435.530048953;2.6003699302140255;-8.989193841515956;4.432898006186768;7.156665765543212
4136387.858906109;2.584001068443433;-9.000853053003663;4.432868057482981;7.151986063964115
4137340.407070336;2.5676402979852324;-9.01249737888196;4.432838112308616;7.147299564558578
4138293.174592137;2.5512875919518985;-9.024126856820043;4.432808170658034;7.142606278113907
4139246.161522027;2.5349429235910286;-9.03574152435912;4.432778232524145;7.137906215426004
4140199.367910532;2.518606266319784;-9.0473414188948;4.432748297901787;7.1331993873127955
4141152.793808189;2.5022775936935955;-9.058926577694885;4.432718366784582;7.1284858046039
4142106.43926555;2.485956879437168;-9.070497037892917;4.432688439166178;7.123765478163909
4143060.304333174;2.469644097417885;-9.082052836487872;4.4326585150404725;7.119038418865284
4144014.389061635;2.4533392216422434;-9.093594010344738;4.432628594401552;7.114304637585431
4144968.693501518;2.437042226286494;-9.105120596199088;4.432598677243089;7.1095641452424925
4145923.217703419;2.420753085669303;-9.116632630652282;4.432568763559185;7.104816952762397
4146877.961717945;2.4044717742499437;-9.128130150178523;4.432538853343235;7.100063071085231
4147832.925595717;2.3881982666412225;-9.13961319111679;4.432508946589618;7.095302511168398
4148788.109387365;2.371932537613458;-9.151081789681138;4.432479043291748;7.090535284002844
4149743.513143532;2.355674562056222;-9.162535981954246;4.432449143443457;7.085761400567011
4150699.136914873;2.3394243150389107;-9.173975803886043;4.432419247039398;7.080980871885555
4151654.980752055;2.3231817717352907;-9.185401291307743;4.432389354072469;7.0761937089705675
4152611.044705755;2.306946907501669;-9.196812479912545;4.4323594645375435;7.07139992287667
4153567.328826661;2.2907196978215283;-9.208209405277648;4.432329578427494;7.066599524671684
4154523.833165477;2.274500118315909;-9.219592102844215;4.432299695736999;7.061792525423125
4155480.557772913;2.2582881447460776;-9.230960607937408;4.432269816458914;7.056978936224574
4156437.502699697;2.2420837530335382;-9.242314955746574;4.432239940588131;7.052158768191983
4157394.667996563;2.22588691921445;-9.25365518134435;4.432210068118044;7.047332032440754
4158352.053714259;2.2096976194838707;-9.264981319676815;4.432180199042547;7.0424987401181385
4159309.659903544;2.1935158301642055;-9.276293405565301;4.432150333355743;7.037658902373767
4160267.486615192;2.1773415277327377;-9.28759147371075;4.4321204710513245;7.032812530392163
4161225.533899983;2.1611746887763355;-9.298875558690579;4.432090612123152;7.0279596353437634
4162183.801808713;2.1450152900481037;-9.310145694960122;4.432060756565143;7.023100228443085
4163142.290392189;2.1288633084106454;-9.321401916854139;4.432030904371147;7.018234320893639
4164100.999701228;2.112718720888547;-9.332644258585924;4.432001055535082;7.01336192393939
4165059.929786661;2.096581504613502;-9.343872754250178;4.431971210050599;7.008483048813083
4166019.080699328;2.0804516368763704;-9.35508743781713;4.431941367912318;7.003597706781182
4166978.452490082;2.0643290950894846;-9.366288343147627;4.431911529112905;6.99870590912421
4167938.04520979;2.048213856793427;-9.37747550397169;4.431881693647495;6.993807667117624
4168897.858909327;2.032105899662064;-9.388648953913476;4.431851861508754;6.988902992066789
4169857.893639582;2.016005201514877;-9.399808726467779;4.4318220326917785;6.9839918952908775
4170818.149451455;1.999911740287493;-9.410954855021602;4.43179220718976;6.979074388119333
4171778.626395857;1.9838254940447018;-9.422087372843478;4.431762384996333;6.974150481891845
4172739.324523713;1.9677464409930985;-9.43320631308098;4.431732566106151;6.969220187967928
4173700.243885956;1.951674559449511;-9.444311708773474;4.431702750512355;6.964283517710632
4174661.384533535;1.935609827877183;-9.455403592840613;4.431672938209093;6.959340482508702
4175622.746517409;1.9195522248612824;-9.46648199808674;4.431643129190737;6.954391093757286
4176584.329888546;1.9035017291027883;-9.477546957208716;4.431613323450256;6.94943536286125
4177546.134697931;1.8874583194361918;-9.48859850278354;4.43158352098202;6.944473301237709
4178508.160996556;1.8714219748233165;-9.499636667276521;4.431553721780129;6.93950492031971
4179470.408835427;1.8553926743593432;-9.510661483043519;4.4315239258380625;6.934530231564802
4180432.878265562;1.8393703972382585;-9.521672982323421;4.431494133150394;6.929549246411291
4181395.569337989;1.823355122795665;-9.532671197251997;4.431464343709865;6.9245619763378
4182358.482103751;1.8073468304915612;-9.543656159844769;4.431434557511311;6.9195684328250175
4183321.616613898;1.7913454998977691;-9.554627902012983;4.431404774548177;6.9145686273625735
4184284.972919496;1.775351110717136;-9.565586455554882;4.4313749948145755;6.909562571457441
4185248.551071621;1.7593636427709505;-9.576531852161303;4.431345218304209;6.904550276628044
4186212.351121361;1.7433830759833027;-9.587464123413135;4.4313154450109495;6.899531754385487
4187176.373119816;1.7274093904302452;-9.598383300781558;4.431285674928967;6.894507016282837
4188140.617118096;1.7114425662852182;-9.609289415632048;4.431255908051907;6.889476073865362
4189105.083167326;1.6954825838399603;-9.62018249922025;4.431226144373944;6.884438938686267
4190069.77131864;1.67952942351038;-9.631062582699117;4.431196383888239;6.879395622321264
4191034.681623185;1.6635830658269128;-9.641929697107225;4.431166626589664;6.874346136344471
4191999.814132119;1.6476434914406888;-9.652783873383832;4.431136872471662;6.869290492352855
4192965.168896614;1.6317106811072062;-9.66362514236127;4.431107121527889;6.864228701940588
4193930.74596785;1.6157846157053766;-9.674453534765453;4.431077373752246;6.859160776718584
4194896.545397023;1.5998652762339118;-9.685269081215658;4.431047629139152;6.854086728310419
4195862.567235337;1.5839526437987737;-9.696071812229766;4.431017887682264;6.849006568346279
4196828.81153401;1.5680466996162123;-9.706861758222063;4.430988149375242;6.843920308463036
4197795.278344272;1.5521474250226146;-9.717638949502208;4.430958414212002;6.8388279603128215
4198761.967717363;1.5362548014619002;-9.728403416275967;4.430928682186708;6.833729535551161
4199728.879704536;1.5203688104944535;-9.739155188647633;4.430898953293255;6.828625045848828
4200696.014357056;1.5044894337859873;-9.749894296621491;4.430869227525097;6.823514502882383
4201663.371726201;1.488616653112902;-9.760620770095013;4.430839504876864;6.818397918331054
4202630.951863257;1.4727504503616484;-9.771334638871913;4.430809785341489;6.813275303892076
4203598.754819525;1.4568908075306306;-9.782035932645615;4.430780068914101;6.808146671262145
