frequency_hz,ant_to_out_db
3000000,-10.7558
3000345,-10.7555
3000691,-10.7552
3001036,-10.7549
3001382,-10.7546
3001727,-10.7543
3002073,-10.7540
3002419,-10.7537
3002764,-10.7534
3003110,-10.7531
3003456,-10.7529
3003802,-10.7526
3004148,-10.7523
3004493,-10.7520
3004839,-10.7517
3005185,-10.7514
3005531,-10.7511
3005877,-10.7507
3006223,-10.7504
3006570,-10.7501
3006916,-10.7498
3007262,-10.7495
3007608,-10.7492
3007954,-10.7489
3008301,-10.7486
3008647,-10.7483
3008994,-10.7480
3009340,-10.7477
3009686,-10.7474
3010033,-10.7471
3010380,-10.7467
3010726,-10.7464
3011073,-10.7461
3011419,-10.7458
3011766,-10.7455
3012113,-10.7452
3012460,-10.7448
3012807,-10.7445
3013153,-10.7442
3013500,-10.7439
3013847,-10.7436
3014194,-10.7432
3014541,-10.7429
3014888,-10.7426
3015236,-10.7423
3015583,-10.7419
3015930,-10.7416
3016277,-10.7413
3016625,-10.7410
3016972,-10.7406
3017319,-10.7403
3017667,-10.7400
3018014,-10.7396
3018362,-10.7393
3018709,-10.7390
3019057,-10.7386
3019404,-10.7383
3019752,-10.7380
3020100,-10.7376
3020447,-10.7373
3020795,-10.7369
3021143,-10.7366
3021491,-10.7363
3021839,-10.7359
3022186,-10.7356
3022534,-10.7352
3022882,-10.7349
3023230,-10.7345
3023579,-10.7342
3023927,-10.7339
3024275,-10.7335
3024623,-10.7332
3024971,-10.7328
3025320,-10.7325
3025668,-10.7321
3026016,-10.7318
3026365,-10.7314
3026713,-10.7311
3027062,-10.7307
3027410,-10.7303
3027759,-10.7300
3028107,-10.7296
3028456,-10.7293
3028805,-10.7289
3029153,-10.7286
3029502,-10.7282
3029851,-10.7278
3030200,-10.7275
3030549,-10.7271
3030898,-10.7268
3031247,-10.7264
3031596,-10.7260
3031945,-10.7257
3032294,-10.7253
3032643,-10.7249
3032992,-10.7246
3033341,-10.7242
3033690,-10.7238
3034040,-10.7235
3034389,-10.7231
3034738,-10.7227
3035088,-10.7223
3035437,-10.7220
3035787,-10.7216
3036136,-10.7212
3036486,-10.7208
3036835,-10.7205
3037185,-10.7201
3037535,-10.7197
3037884,-10.7193
3038234,-10.7190
3038584,-10.7186
3038934,-10.7182
3039284,-10.7178
3039634,-10.7174
3039984,-10.7170
3040334,-10.7167
3040684,-10.7163
3041034,-10.7159
3041384,-10.7155
3041734,-10.7151
3042084,-10.7147
3042435,-10.7143
3042785,-10.7139
3043135,-10.7135
3043486,-10.7132
3043836,-10.7128
3044186,-10.7124
3044537,-10.7120
3044888,-10.7116
3045238,-10.7112
3045589,-10.7108
3045939,-10.7104
3046290,-10.7100
3046641,-10.7096
3046992,-10.7092
3047342,-10.7088
3047693,-10.7084
3048044,-10.7080
3048395,-10.7076
3048746,-10.7072
3049097,-10.7068
3049448,-10.7064
3049799,-10.7060
3050150,-10.7055
3050502,-10.7051
3050853,-10.7047
3051204,-10.7043
3051555,-10.7039
3051907,-10.7035
3052258,-10.7031
3052610,-10.7027
3052961,-10.7023
3053312,-10.7018
3053664,-10.7014
3054016,-10.7010
3054367,-10.7006
3054719,-10.7002
3055071,-10.6998
3055422,-10.6993
3055774,-10.6989
3056126,-10.6985
3056478,-10.6981
3056830,-10.6976
3057182,-10.6972
3057534,-10.6968
3057886,-10.6964
3058238,-10.6959
3058590,-10.6955
3058942,-10.6951
3059294,-10.6947
3059647,-10.6942
3059999,-10.6938
3060351,-10.6934
3060703,-10.6929
3061056,-10.6925
3061408,-10.6921
3061761,-10.6916
3062113,-10.6912
3062466,-10.6908
3062818,-10.6903
3063171,-10.6899
3063524,-10.6895
3063876,-10.6890
3064229,-10.6886
3064582,-10.6881
3064935,-10.6877
3065288,-10.6873
3065641,-10.6868
3065994,-10.6864
3066347,-10.6859
3066700,-10.6855
3067053,-10.6850
3067406,-10.6846
3067759,-10.6841
3068112,-10.6837
3068466,-10.6832
3068819,-10.6828
3069172,-10.6823
3069526,-10.6819
3069879,-10.6814
3070232,-10.6810
3070586,-10.6805
3070939,-10.6801
3071293,-10.6796
3071647,-10.6791
3072000,-10.6787
3072354,-10.6782
3072708,-10.6778
3073062,-10.6773
3073415,-10.6769
3073769,-10.6764
3074123,-10.6759
3074477,-10.6755
3074831,-10.6750
3075185,-10.6745
3075539,-10.6741
3075893,-10.6736
3076247,-10.6731
3076602,-10.6727
3076956,-10.6722
3077310,-10.6717
3077664,-10.6713
3078019,-10.6708
3078373,-10.6703
3078728,-10.6698
3079082,-10.6694
3079437,-10.6689
3079791,-10.6684
3080146,-10.6679
3080500,-10.6675
3080855,-10.6670
3081210,-10.6665
3081564,-10.6660
3081919,-10.6656
3082274,-10.6651
3082629,-10.6646
3082984,-10.6641
3083339,-10.6636
3083694,-10.6631
3084049,-10.6627
3084404,-10.6622
3084759,-10.6617
3085114,-10.6612
3085469,-10.6607
3085825,-10.6602
3086180,-10.6597
3086535,-10.6592
3086891,-10.6587
3087246,-10.6583
3087602,-10.6578
3087957,-10.6573
3088313,-10.6568
3088668,-10.6563
3089024,-10.6558
3089379,-10.6553
3089735,-10.6548
3090091,-10.6543
3090447,-10.6538
3090802,-10.6533
3091158,-10.6528
3091514,-10.6523
3091870,-10.6518
3092226,-10.6513
3092582,-10.6508
3092938,-10.6503
3093294,-10.6498
3093651,-10.6493
3094007,-10.6488
3094363,-10.6482
3094719,-10.6477
3095076,-10.6472
3095432,-10.6467
3095788,-10.6462
3096145,-10.6457
3096501,-10.6452
3096858,-10.6447
3097214,-10.6442
3097571,-10.6436
3097928,-10.6431
3098284,-10.6426
3098641,-10.6421
3098998,-10.6416
3099355,-10.6411
3099711,-10.6405
3100068,-10.6400
3100425,-10.6395
3100782,-10.6390
3101139,-10.6385
3101496,-10.6379
3101853,-10.6374
3102210,-10.6369
3102568,-10.6364
3102925,-10.6358
3103282,-10.6353
3103639,-10.6348
3103997,-10.6342
3104354,-10.6337
3104712,-10.6332
3105069,-10.6326
3105427,-10.6321
3105784,-10.6316
3106142,-10.6311
3106499,-10.6305
3106857,-10.6300
3107215,-10.6294
3107572,-10.6289
3107930,-10.6284
3108288,-10.6278
3108646,-10.6273
3109004,-10.6268
3109362,-10.6262
3109720,-10.6257
3110078,-10.6251
3110436,-10.6246
3110794,-10.6240
3111152,-10.6235
3111510,-10.6230
3111869,-10.6224
3112227,-10.6219
3112585,-10.6213
3112944,-10.6208
3113302,-10.6202
3113660,-10.6197
3114019,-10.6191
3114378,-10.6186
3114736,-10.6180
3115095,-10.6175
3115453,-10.6169
3115812,-10.6163
3116171,-10.6158
3116530,-10.6152
3116888,-10.6147
3117247,-10.6141
3117606,-10.6136
3117965,-10.6130
3118324,-10.6124
3118683,-10.6119
3119042,-10.6113
3119401,-10.6108
3119760,-10.6102
3120120,-10.6096
3120479,-10.6091
3120838,-10.6085
3121198,-10.6079
3121557,-10.6074
3121916,-10.6068
3122276,-10.6062
3122635,-10.6057
3122995,-10.6051
3123354,-10.6045
3123714,-10.6039
3124074,-10.6034
3124433,-10.6028
3124793,-10.6022
3125153,-10.6016
3125513,-10.6011
3125872,-10.6005
3126232,-10.5999
3126592,-10.5993
3126952,-10.5988
3127312,-10.5982
3127672,-10.5976
3128032,-10.5970
3128393,-10.5964
3128753,-10.5959
3129113,-10.5953
3129473,-10.5947
3129834,-10.5941
3130194,-10.5935
3130554,-10.5929
3130915,-10.5923
3131275,-10.5918
3131636,-10.5912
3131996,-10.5906
3132357,-10.5900
3132718,-10.5894
3133078,-10.5888
3133439,-10.5882
3133800,-10.5876
3134161,-10.5870
3134522,-10.5864
3134882,-10.5858
3135243,-10.5852
3135604,-10.5846
3135965,-10.5840
3136326,-10.5834
3136688,-10.5828
3137049,-10.5822
3137410,-10.5816
3137771,-10.5810
3138132,-10.5804
3138494,-10.5798
3138855,-10.5792
3139216,-10.5786
3139578,-10.5780
3139939,-10.5774
3140301,-10.5768
3140662,-10.5762
3141024,-10.5756
3141386,-10.5750
3141747,-10.5744
3142109,-10.5738
3142471,-10.5731
3142833,-10.5725
3143194,-10.5719
3143556,-10.5713
3143918,-10.5707
3144280,-10.5701
3144642,-10.5695
3145004,-10.5688
3145366,-10.5682
3145729,-10.5676
3146091,-10.5670
3146453,-10.5664
3146815,-10.5657
3147178,-10.5651
3147540,-10.5645
3147902,-10.5639
3148265,-10.5633
3148627,-10.5626
3148990,-10.5620
3149352,-10.5614
3149715,-10.5607
3150078,-10.5601
3150440,-10.5595
3150803,-10.5589
3151166,-10.5582
3151529,-10.5576
3151891,-10.5570
3152254,-10.5563
3152617,-10.5557
3152980,-10.5551
3153343,-10.5544
3153706,-10.5538
3154069,-10.5532
3154433,-10.5525
3154796,-10.5519
3155159,-10.5512
3155522,-10.5506
3155886,-10.5500
3156249,-10.5493
3156612,-10.5487
3156976,-10.5480
3157339,-10.5474
3157703,-10.5468
3158066,-10.5461
3158430,-10.5455
3158794,-10.5448
3159157,-10.5442
3159521,-10.5435
3159885,-10.5429
3160249,-10.5422
3160613,-10.5416
3160976,-10.5409
3161340,-10.5403
3161704,-10.5396
3162068,-10.5390
3162432,-10.5383
3162797,-10.5377
3163161,-10.5370
3163525,-10.5364
3163889,-10.5357
3164253,-10.5350
3164618,-10.5344
3164982,-10.5337
3165346,-10.5331
3165711,-10.5324
3166075,-10.5317
3166440,-10.5311
3166805,-10.5304
3167169,-10.5297
3167534,-10.5291
3167898,-10.5284
3168263,-10.5278
3168628,-10.5271
3168993,-10.5264
3169358,-10.5258
3169723,-10.5251
3170088,-10.5244
3170453,-10.5237
3170818,-10.5231
3171183,-10.5224
3171548,-10.5217
3171913,-10.5211
3172278,-10.5204
3172643,-10.5197
3173009,-10.5190
3173374,-10.5184
3173739,-10.5177
3174105,-10.5170
3174470,-10.5163
3174836,-10.5156
3175201,-10.5150
3175567,-10.5143
3175932,-10.5136
3176298,-10.5129
3176664,-10.5122
3177030,-10.5115
3177395,-10.5109
3177761,-10.5102
3178127,-10.5095
3178493,-10.5088
3178859,-10.5081
3179225,-10.5074
3179591,-10.5067
3179957,-10.5060
3180323,-10.5054
3180689,-10.5047
3181056,-10.5040
3181422,-10.5033
3181788,-10.5026
3182154,-10.5019
3182521,-10.5012
3182887,-10.5005
3183254,-10.4998
3183620,-10.4991
3183987,-10.4984
3184353,-10.4977
3184720,-10.4970
3185087,-10.4963
3185453,-10.4956
3185820,-10.4949
3186187,-10.4942
3186554,-10.4935
3186921,-10.4928
3187288,-10.4921
3187655,-10.4914
3188022,-10.4907
3188389,-10.4900
3188756,-10.4893
3189123,-10.4886
3189490,-10.4878
3189857,-10.4871
3190225,-10.4864
3190592,-10.4857
3190959,-10.4850
3191327,-10.4843
3191694,-10.4836
3192062,-10.4829
3192429,-10.4821
3192797,-10.4814
3193164,-10.4807
3193532,-10.4800
3193900,-10.4793
3194267,-10.4786
3194635,-10.4778
3195003,-10.4771
3195371,-10.4764
3195739,-10.4757
3196107,-10.4749
3196475,-10.4742
3196843,-10.4735
3197211,-10.4728
3197579,-10.4720
3197947,-10.4713
3198315,-10.4706
3198683,-10.4699
3199052,-10.4691
3199420,-10.4684
3199788,-10.4677
3200157,-10.4669
3200525,-10.4662
3200894,-10.4655
3201262,-10.4647
3201631,-10.4640
3201999,-10.4633
3202368,-10.4625
3202737,-10.4618
3203106,-10.4611
3203474,-10.4603
3203843,-10.4596
3204212,-10.4589
3204581,-10.4581
3204950,-10.4574
3205319,-10.4566
3205688,-10.4559
3206057,-10.4551
3206426,-10.4544
3206795,-10.4537
3207165,-10.4529
3207534,-10.4522
3207903,-10.4514
3208273,-10.4507
3208642,-10.4499
3209011,-10.4492
3209381,-10.4484
3209750,-10.4477
3210120,-10.4469
3210490,-10.4462
3210859,-10.4454
3211229,-10.4447
3211599,-10.4439
3211968,-10.4432
3212338,-10.4424
3212708,-10.4416
3213078,-10.4409
3213448,-10.4401
3213818,-10.4394
3214188,-10.4386
3214558,-10.4379
3214928,-10.4371
3215298,-10.4363
3215668,-10.4356
3216039,-10.4348
3216409,-10.4340
3216779,-10.4333
3217150,-10.4325
3217520,-10.4317
3217890,-10.4310
3218261,-10.4302
3218631,-10.4294
3219002,-10.4287
3219373,-10.4279
3219743,-10.4271
3220114,-10.4264
3220485,-10.4256
3220856,-10.4248
3221226,-10.4240
3221597,-10.4233
3221968,-10.4225
3222339,-10.4217
3222710,-10.4209
3223081,-10.4202
3223452,-10.4194
3223823,-10.4186
3224195,-10.4178
3224566,-10.4171
3224937,-10.4163
3225308,-10.4155
3225680,-10.4147
3226051,-10.4139
3226423,-10.4131
3226794,-10.4124
3227166,-10.4116
3227537,-10.4108
3227909,-10.4100
3228280,-10.4092
3228652,-10.4084
3229024,-10.4076
3229396,-10.4068
3229767,-10.4061
3230139,-10.4053
3230511,-10.4045
3230883,-10.4037
3231255,-10.4029
3231627,-10.4021
3231999,-10.4013
3232371,-10.4005
3232744,-10.3997
3233116,-10.3989
3233488,-10.3981
3233860,-10.3973
3234233,-10.3965
3234605,-10.3957
3234977,-10.3949
3235350,-10.3941
3235722,-10.3933
3236095,-10.3925
3236468,-10.3917
3236840,-10.3909
3237213,-10.3901
3237586,-10.3893
3237958,-10.3885
3238331,-10.3877
3238704,-10.3869
3239077,-10.3861
3239450,-10.3852
3239823,-10.3844
3240196,-10.3836
3240569,-10.3828
3240942,-10.3820
3241315,-10.3812
3241688,-10.3804
3242062,-10.3796
3242435,-10.3787
3242808,-10.3779
3243182,-10.3771
3243555,-10.3763
3243928,-10.3755
3244302,-10.3747
3244675,-10.3738
3245049,-10.3730
3245423,-10.3722
3245796,-10.3714
3246170,-10.3706
3246544,-10.3697
3246918,-10.3689
3247291,-10.3681
3247665,-10.3673
3248039,-10.3664
3248413,-10.3656
3248787,-10.3648
3249161,-10.3640
3249535,-10.3631
3249909,-10.3623
3250284,-10.3615
3250658,-10.3606
3251032,-10.3598
3251406,-10.3590
3251781,-10.3581
3252155,-10.3573
3252530,-10.3565
3252904,-10.3556
3253279,-10.3548
3253653,-10.3540
3254028,-10.3531
3254402,-10.3523
3254777,-10.3514
3255152,-10.3506
3255527,-10.3498
3255901,-10.3489
3256276,-10.3481
3256651,-10.3472
3257026,-10.3464
3257401,-10.3455
3257776,-10.3447
3258151,-10.3439
3258526,-10.3430
3258902,-10.3422
3259277,-10.3413
3259652,-10.3405
3260027,-10.3396
3260403,-10.3388
3260778,-10.3379
3261154,-10.3371
3261529,-10.3362
3261905,-10.3354
3262280,-10.3345
3262656,-10.3336
3263031,-10.3328
3263407,-10.3319
3263783,-10.3311
3264159,-10.3302
3264534,-10.3294
3264910,-10.3285
3265286,-10.3276
3265662,-10.3268
3266038,-10.3259
3266414,-10.3251
3266790,-10.3242
3267166,-10.3233
3267543,-10.3225
3267919,-10.3216
3268295,-10.3207
3268671,-10.3199
3269048,-10.3190
3269424,-10.3181
3269800,-10.3173
3270177,-10.3164
3270553,-10.3155
3270930,-10.3147
3271307,-10.3138
3271683,-10.3129
3272060,-10.3120
3272437,-10.3112
3272813,-10.3103
3273190,-10.3094
3273567,-10.3086
3273944,-10.3077
3274321,-10.3068
3274698,-10.3059
3275075,-10.3050
3275452,-10.3042
3275829,-10.3033
3276206,-10.3024
3276584,-10.3015
3276961,-10.3006
3277338,-10.2998
3277715,-10.2989
3278093,-10.2980
3278470,-10.2971
3278848,-10.2962
3279225,-10.2953
3279603,-10.2944
3279980,-10.2936
3280358,-10.2927
3280736,-10.2918
3281114,-10.2909
3281491,-10.2900
3281869,-10.2891
3282247,-10.2882
3282625,-10.2873
3283003,-10.2864
3283381,-10.2855
3283759,-10.2846
3284137,-10.2837
3284515,-10.2828
3284893,-10.2820
3285271,-10.2811
3285650,-10.2802
3286028,-10.2793
3286406,-10.2784
3286785,-10.2775
3287163,-10.2766
3287542,-10.2757
3287920,-10.2747
3288299,-10.2738
3288677,-10.2729
3289056,-10.2720
3289435,-10.2711
3289813,-10.2702
3290192,-10.2693
3290571,-10.2684
3290950,-10.2675
3291329,-10.2666
3291708,-10.2657
3292087,-10.2648
3292466,-10.2639
3292845,-10.2629
3293224,-10.2620
3293603,-10.2611
3293982,-10.2602
3294362,-10.2593
3294741,-10.2584
3295120,-10.2575
3295500,-10.2565
3295879,-10.2556
3296258,-10.2547
3296638,-10.2538
3297018,-10.2529
3297397,-10.2519
3297777,-10.2510
3298156,-10.2501
3298536,-10.2492
3298916,-10.2483
3299296,-10.2473
3299676,-10.2464
3300056,-10.2455
3300436,-10.2445
3300816,-10.2436
3301196,-10.2427
3301576,-10.2418
3301956,-10.2408
3302336,-10.2399
3302716,-10.2390
3303096,-10.2380
3303477,-10.2371
3303857,-10.2362
3304237,-10.2352
3304618,-10.2343
3304998,-10.2334
3305379,-10.2324
3305760,-10.2315
3306140,-10.2306
3306521,-10.2296
3306901,-10.2287
3307282,-10.2277
3307663,-10.2268
3308044,-10.2259
3308425,-10.2249
3308806,-10.2240
3309187,-10.2230
3309568,-10.2221
3309949,-10.2211
3310330,-10.2202
3310711,-10.2193
3311092,-10.2183
3311473,-10.2174
3311855,-10.2164
3312236,-10.2155
3312617,-10.2145
3312999,-10.2136
3313380,-10.2126
3313762,-10.2117
3314143,-10.2107
3314525,-10.2098
3314906,-10.2088
3315288,-10.2079
3315670,-10.2069
3316051,-10.2059
3316433,-10.2050
3316815,-10.2040
3317197,-10.2031
3317579,-10.2021
3317961,-10.2011
3318343,-10.2002
3318725,-10.1992
3319107,-10.1983
3319489,-10.1973
3319871,-10.1963
3320254,-10.1954
3320636,-10.1944
3321018,-10.1934
3321401,-10.1925
3321783,-10.1915
3322165,-10.1905
3322548,-10.1896
3322930,-10.1886
3323313,-10.1876
3323696,-10.1867
3324078,-10.1857
3324461,-10.1847
3324844,-10.1838
3325227,-10.1828
3325610,-10.1818
3325992,-10.1808
3326375,-10.1799
3326758,-10.1789
3327141,-10.1779
3327524,-10.1769
3327908,-10.1760
3328291,-10.1750
3328674,-10.1740
3329057,-10.1730
3329440,-10.1720
3329824,-10.1710
3330207,-10.1701
3330591,-10.1691
3330974,-10.1681
3331358,-10.1671
3331741,-10.1661
3332125,-10.1651
3332508,-10.1642
3332892,-10.1632
3333276,-10.1622
3333660,-10.1612
3334043,-10.1602
3334427,-10.1592
3334811,-10.1582
3335195,-10.1572
3335579,-10.1562
3335963,-10.1552
3336347,-10.1543
3336731,-10.1533
3337116,-10.1523
3337500,-10.1513
3337884,-10.1503
3338268,-10.1493
3338653,-10.1483
3339037,-10.1473
3339422,-10.1463
3339806,-10.1453
3340191,-10.1443
3340575,-10.1433
3340960,-10.1423
3341345,-10.1413
3341729,-10.1403
3342114,-10.1393
3342499,-10.1383
3342884,-10.1373
3343268,-10.1362
3343653,-10.1352
3344038,-10.1342
3344423,-10.1332
3344808,-10.1322
3345194,-10.1312
3345579,-10.1302
3345964,-10.1292
3346349,-10.1282
3346734,-10.1272
3347120,-10.1261
3347505,-10.1251
3347891,-10.1241
3348276,-10.1231
3348662,-10.1221
3349047,-10.1211
3349433,-10.1200
3349818,-10.1190
3350204,-10.1180
3350590,-10.1170
3350976,-10.1160
3351361,-10.1149
3351747,-10.1139
3352133,-10.1129
3352519,-10.1119
3352905,-10.1109
3353291,-10.1098
3353677,-10.1088
3354063,-10.1078
3354449,-10.1067
3354836,-10.1057
3355222,-10.1047
3355608,-10.1037
3355995,-10.1026
3356381,-10.1016
3356767,-10.1006
3357154,-10.0995
3357540,-10.0985
3357927,-10.0975
3358314,-10.0964
3358700,-10.0954
3359087,-10.0944
3359474,-10.0933
3359861,-10.0923
3360247,-10.0913
3360634,-10.0902
3361021,-10.0892
3361408,-10.0881
3361795,-10.0871
3362182,-10.0861
3362569,-10.0850
3362957,-10.0840
3363344,-10.0829
3363731,-10.0819
3364118,-10.0808
3364506,-10.0798
3364893,-10.0787
3365280,-10.0777
3365668,-10.0767
3366055,-10.0756
3366443,-10.0746
3366831,-10.0735
3367218,-10.0725
3367606,-10.0714
3367994,-10.0704
3368381,-10.0693
3368769,-10.0682
3369157,-10.0672
3369545,-10.0661
3369933,-10.0651
3370321,-10.0640
3370709,-10.0630
3371097,-10.0619
3371485,-10.0609
3371873,-10.0598
3372262,-10.0587
3372650,-10.0577
3373038,-10.0566
3373427,-10.0556
3373815,-10.0545
3374203,-10.0534
3374592,-10.0524
3374980,-10.0513
3375369,-10.0502
3375758,-10.0492
3376146,-10.0481
3376535,-10.0470
3376924,-10.0460
3377313,-10.0449
3377701,-10.0438
3378090,-10.0428
3378479,-10.0417
3378868,-10.0406
3379257,-10.0395
3379646,-10.0385
3380035,-10.0374
3380425,-10.0363
3380814,-10.0352
3381203,-10.0342
3381592,-10.0331
3381982,-10.0320
3382371,-10.0309
3382761,-10.0299
3383150,-10.0288
3383540,-10.0277
3383929,-10.0266
3384319,-10.0255
3384708,-10.0245
3385098,-10.0234
3385488,-10.0223
3385878,-10.0212
3386267,-10.0201
3386657,-10.0190
3387047,-10.0179
3387437,-10.0169
3387827,-10.0158
3388217,-10.0147
3388607,-10.0136
3388998,-10.0125
3389388,-10.0114
3389778,-10.0103
3390168,-10.0092
3390559,-10.0081
3390949,-10.0070
3391339,-10.0060
3391730,-10.0049
3392120,-10.0038
3392511,-10.0027
3392902,-10.0016
3393292,-10.0005
3393683,-9.9994
3394074,-9.9983
3394464,-9.9972
3394855,-9.9961
3395246,-9.9950
3395637,-9.9939
3396028,-9.9928
3396419,-9.9917
3396810,-9.9906
3397201,-9.9895
3397592,-9.9883
3397983,-9.9872
3398375,-9.9861
3398766,-9.9850
3399157,-9.9839
3399549,-9.9828
3399940,-9.9817
3400331,-9.9806
3400723,-9.9795
3401115,-9.9784
3401506,-9.9773
3401898,-9.9761
3402289,-9.9750
3402681,-9.9739
3403073,-9.9728
3403465,-9.9717
3403857,-9.9706
3404248,-9.9694
3404640,-9.9683
3405032,-9.9672
3405424,-9.9661
3405817,-9.9650
3406209,-9.9639
3406601,-9.9627
3406993,-9.9616
3407385,-9.9605
3407778,-9.9594
3408170,-9.9582
3408562,-9.9571
3408955,-9.9560
3409347,-9.9549
3409740,-9.9537
3410133,-9.9526
3410525,-9.9515
3410918,-9.9503
3411311,-9.9492
3411703,-9.9481
3412096,-9.9470
3412489,-9.9458
3412882,-9.9447
3413275,-9.9436
3413668,-9.9424
3414061,-9.9413
3414454,-9.9402
3414847,-9.9390
3415240,-9.9379
3415633,-9.9367
3416027,-9.9356
3416420,-9.9345
3416813,-9.9333
3417207,-9.9322
3417600,-9.9310
3417994,-9.9299
3418387,-9.9288
3418781,-9.9276
3419174,-9.9265
3419568,-9.9253
3419962,-9.9242
3420356,-9.9230
3420749,-9.9219
3421143,-9.9207
3421537,-9.9196
3421931,-9.9184
3422325,-9.9173
3422719,-9.9161
3423113,-9.9150
3423507,-9.9138
3423901,-9.9127
3424296,-9.9115
3424690,-9.9104
3425084,-9.9092
3425479,-9.9081
3425873,-9.9069
3426267,-9.9058
3426662,-9.9046
3427056,-9.9034
3427451,-9.9023
3427846,-9.9011
3428240,-9.9000
3428635,-9.8988
3429030,-9.8976
3429425,-9.8965
3429819,-9.8953
3430214,-9.8942
3430609,-9.8930
3431004,-9.8918
3431399,-9.8907
3431794,-9.8895
3432189,-9.8883
3432585,-9.8872
3432980,-9.8860
3433375,-9.8848
3433770,-9.8836
3434166,-9.8825
3434561,-9.8813
3434957,-9.8801
3435352,-9.8790
3435748,-9.8778
3436143,-9.8766
3436539,-9.8754
3436934,-9.8743
3437330,-9.8731
3437726,-9.8719
3438122,-9.8707
3438518,-9.8696
3438914,-9.8684
3439309,-9.8672
3439705,-9.8660
3440101,-9.8648
3440498,-9.8637
3440894,-9.8625
3441290,-9.8613
3441686,-9.8601
3442082,-9.8589
3442479,-9.8577
3442875,-9.8565
3443271,-9.8554
3443668,-9.8542
3444064,-9.8530
3444461,-9.8518
3444857,-9.8506
3445254,-9.8494
3445651,-9.8482
3446047,-9.8470
3446444,-9.8458
3446841,-9.8446
3447238,-9.8435
3447635,-9.8423
3448032,-9.8411
3448429,-9.8399
3448826,-9.8387
3449223,-9.8375
3449620,-9.8363
3450017,-9.8351
3450414,-9.8339
3450812,-9.8327
3451209,-9.8315
3451606,-9.8303
3452004,-9.8291
3452401,-9.8279
3452799,-9.8267
3453196,-9.8255
3453594,-9.8243
3453991,-9.8230
3454389,-9.8218
3454787,-9.8206
3455185,-9.8194
3455582,-9.8182
3455980,-9.8170
3456378,-9.8158
3456776,-9.8146
3457174,-9.8134
3457572,-9.8122
3457970,-9.8110
3458368,-9.8097
3458767,-9.8085
3459165,-9.8073
3459563,-9.8061
3459961,-9.8049
3460360,-9.8037
3460758,-9.8024
3461157,-9.8012
3461555,-9.8000
3461954,-9.7988
3462352,-9.7976
3462751,-9.7963
3463150,-9.7951
3463548,-9.7939
3463947,-9.7927
3464346,-9.7915
3464745,-9.7902
3465144,-9.7890
3465543,-9.7878
3465942,-9.7866
3466341,-9.7853
3466740,-9.7841
3467139,-9.7829
3467538,-9.7816
3467937,-9.7804
3468337,-9.7792
3468736,-9.7779
3469135,-9.7767
3469535,-9.7755
3469934,-9.7742
3470334,-9.7730
3470733,-9.7718
3471133,-9.7705
3471533,-9.7693
3471932,-9.7681
3472332,-9.7668
3472732,-9.7656
3473132,-9.7644
3473532,-9.7631
3473932,-9.7619
3474332,-9.7606
3474732,-9.7594
3475132,-9.7581
3475532,-9.7569
3475932,-9.7557
3476332,-9.7544
3476732,-9.7532
3477133,-9.7519
3477533,-9.7507
3477933,-9.7494
3478334,-9.7482
3478734,-9.7469
3479135,-9.7457
3479535,-9.7444
3479936,-9.7432
3480337,-9.7419
3480737,-9.7407
3481138,-9.7394
3481539,-9.7382
3481940,-9.7369
3482341,-9.7357
3482742,-9.7344
3483143,-9.7331
3483544,-9.7319
3483945,-9.7306
3484346,-9.7294
3484747,-9.7281
3485148,-9.7268
3485549,-9.7256
3485951,-9.7243
3486352,-9.7231
3486754,-9.7218
3487155,-9.7205
3487557,-9.7193
3487958,-9.7180
3488360,-9.7167
3488761,-9.7155
3489163,-9.7142
3489565,-9.7129
3489966,-9.7117
3490368,-9.7104
3490770,-9.7091
3491172,-9.7079
3491574,-9.7066
3491976,-9.7053
3492378,-9.7040
3492780,-9.7028
3493182,-9.7015
3493585,-9.7002
3493987,-9.6989
3494389,-9.6977
3494791,-9.6964
3495194,-9.6951
3495596,-9.6938
3495999,-9.6926
3496401,-9.6913
3496804,-9.6900
3497206,-9.6887
3497609,-9.6874
3498012,-9.6862
3498414,-9.6849
3498817,-9.6836
3499220,-9.6823
3499623,-9.6810
3500026,-9.6797
3500429,-9.6784
3500832,-9.6772
3501235,-9.6759
3501638,-9.6746
3502041,-9.6733
3502444,-9.6720
3502848,-9.6707
3503251,-9.6694
3503654,-9.6681
3504058,-9.6668
3504461,-9.6655
3504865,-9.6642
3505268,-9.6629
3505672,-9.6616
3506075,-9.6604
3506479,-9.6591
3506883,-9.6578
3507287,-9.6565
3507690,-9.6552
3508094,-9.6539
3508498,-9.6526
3508902,-9.6513
3509306,-9.6500
3509710,-9.6487
3510114,-9.6473
3510518,-9.6460
3510923,-9.6447
3511327,-9.6434
3511731,-9.6421
3512135,-9.6408
3512540,-9.6395
3512944,-9.6382
3513349,-9.6369
3513753,-9.6356
3514158,-9.6343
3514562,-9.6330
3514967,-9.6316
3515372,-9.6303
3515776,-9.6290
3516181,-9.6277
3516586,-9.6264
3516991,-9.6251
3517396,-9.6238
3517801,-9.6224
3518206,-9.6211
3518611,-9.6198
3519016,-9.6185
3519421,-9.6172
3519826,-9.6158
3520232,-9.6145
3520637,-9.6132
3521042,-9.6119
3521448,-9.6106
3521853,-9.6092
3522259,-9.6079
3522664,-9.6066
3523070,-9.6053
3523475,-9.6039
3523881,-9.6026
3524287,-9.6013
3524693,-9.5999
3525098,-9.5986
3525504,-9.5973
3525910,-9.5960
3526316,-9.5946
3526722,-9.5933
3527128,-9.5920
3527534,-9.5906
3527941,-9.5893
3528347,-9.5880
3528753,-9.5866
3529159,-9.5853
3529566,-9.5839
3529972,-9.5826
3530378,-9.5813
3530785,-9.5799
3531191,-9.5786
3531598,-9.5773
3532005,-9.5759
3532411,-9.5746
3532818,-9.5732
3533225,-9.5719
3533631,-9.5705
3534038,-9.5692
3534445,-9.5678
3534852,-9.5665
3535259,-9.5652
3535666,-9.5638
3536073,-9.5625
3536480,-9.5611
3536888,-9.5598
3537295,-9.5584
3537702,-9.5571
3538109,-9.5557
3538517,-9.5544
3538924,-9.5530
3539332,-9.5516
3539739,-9.5503
3540147,-9.5489
3540554,-9.5476
3540962,-9.5462
3541370,-9.5449
3541777,-9.5435
3542185,-9.5421
3542593,-9.5408
3543001,-9.5394
3543409,-9.5381
3543817,-9.5367
3544225,-9.5353
3544633,-9.5340
3545041,-9.5326
3545449,-9.5312
3545857,-9.5299
3546266,-9.5285
3546674,-9.5272
3547082,-9.5258
3547491,-9.5244
3547899,-9.5230
3548308,-9.5217
3548716,-9.5203
3549125,-9.5189
3549533,-9.5176
3549942,-9.5162
3550351,-9.5148
3550759,-9.5134
3551168,-9.5121
3551577,-9.5107
3551986,-9.5093
3552395,-9.5079
3552804,-9.5066
3553213,-9.5052
3553622,-9.5038
3554031,-9.5024
3554441,-9.5011
3554850,-9.4997
3555259,-9.4983
3555668,-9.4969
3556078,-9.4955
3556487,-9.4941
3556897,-9.4928
3557306,-9.4914
3557716,-9.4900
3558125,-9.4886
3558535,-9.4872
3558945,-9.4858
3559355,-9.4844
3559764,-9.4830
3560174,-9.4817
3560584,-9.4803
3560994,-9.4789
3561404,-9.4775
3561814,-9.4761
3562224,-9.4747
3562634,-9.4733
3563045,-9.4719
3563455,-9.4705
3563865,-9.4691
3564275,-9.4677
3564686,-9.4663
3565096,-9.4649
3565507,-9.4635
3565917,-9.4621
3566328,-9.4607
3566738,-9.4593
3567149,-9.4579
3567560,-9.4565
3567970,-9.4551
3568381,-9.4537
3568792,-9.4523
3569203,-9.4509
3569614,-9.4495
3570025,-9.4481
3570436,-9.4467
3570847,-9.4453
3571258,-9.4439
3571669,-9.4425
3572081,-9.4410
3572492,-9.4396
3572903,-9.4382
3573315,-9.4368
3573726,-9.4354
3574137,-9.4340
3574549,-9.4326
3574961,-9.4312
3575372,-9.4297
3575784,-9.4283
3576196,-9.4269
3576607,-9.4255
3577019,-9.4241
3577431,-9.4226
3577843,-9.4212
3578255,-9.4198
3578667,-9.4184
3579079,-9.4170
3579491,-9.4155
3579903,-9.4141
3580315,-9.4127
3580727,-9.4113
3581140,-9.4098
3581552,-9.4084
3581964,-9.4070
3582377,-9.4056
3582789,-9.4041
3583202,-9.4027
3583614,-9.4013
3584027,-9.3998
3584440,-9.3984
3584852,-9.3970
3585265,-9.3955
3585678,-9.3941
3586091,-9.3927
3586503,-9.3912
3586916,-9.3898
3587329,-9.3884
3587742,-9.3869
3588155,-9.3855
3588569,-9.3841
3588982,-9.3826
3589395,-9.3812
3589808,-9.3797
3590222,-9.3783
3590635,-9.3769
3591048,-9.3754
3591462,-9.3740
3591875,-9.3725
3592289,-9.3711
3592702,-9.3696
3593116,-9.3682
3593530,-9.3667
3593944,-9.3653
3594357,-9.3638
3594771,-9.3624
3595185,-9.3610
3595599,-9.3595
3596013,-9.3580
3596427,-9.3566
3596841,-9.3551
3597255,-9.3537
3597669,-9.3522
3598084,-9.3508
3598498,-9.3493
3598912,-9.3479
3599327,-9.3464
3599741,-9.3450
3600155,-9.3435
3600570,-9.3420
3600985,-9.3406
3601399,-9.3391
3601814,-9.3377
3602228,-9.3362
3602643,-9.3347
3603058,-9.3333
3603473,-9.3318
3603888,-9.3303
3604303,-9.3289
3604718,-9.3274
3605133,-9.3259
3605548,-9.3245
3605963,-9.3230
3606378,-9.3215
3606793,-9.3201
3607209,-9.3186
3607624,-9.3171
3608039,-9.3157
3608455,-9.3142
3608870,-9.3127
3609286,-9.3112
3609701,-9.3098
3610117,-9.3083
3610532,-9.3068
3610948,-9.3053
3611364,-9.3039
3611780,-9.3024
3612196,-9.3009
3612611,-9.2994
3613027,-9.2979
3613443,-9.2965
3613859,-9.2950
3614276,-9.2935
3614692,-9.2920
3615108,-9.2905
3615524,-9.2891
3615940,-9.2876
3616357,-9.2861
3616773,-9.2846
3617189,-9.2831
3617606,-9.2816
3618022,-9.2801
3618439,-9.2786
3618856,-9.2772
3619272,-9.2757
3619689,-9.2742
3620106,-9.2727
3620523,-9.2712
3620939,-9.2697
3621356,-9.2682
3621773,-9.2667
3622190,-9.2652
3622607,-9.2637
3623024,-9.2622
3623442,-9.2607
3623859,-9.2592
3624276,-9.2577
3624693,-9.2562
3625111,-9.2547
3625528,-9.2532
3625945,-9.2517
3626363,-9.2502
3626780,-9.2487
3627198,-9.2472
3627616,-9.2457
3628033,-9.2442
3628451,-9.2427
3628869,-9.2412
3629287,-9.2397
3629704,-9.2382
3630122,-9.2367
3630540,-9.2351
3630958,-9.2336
3631376,-9.2321
3631794,-9.2306
3632213,-9.2291
3632631,-9.2276
3633049,-9.2261
3633467,-9.2246
3633886,-9.2230
3634304,-9.2215
3634722,-9.2200
3635141,-9.2185
3635559,-9.2170
3635978,-9.2155
3636397,-9.2139
3636815,-9.2124
3637234,-9.2109
3637653,-9.2094
3638072,-9.2079
3638491,-9.2063
3638909,-9.2048
3639328,-9.2033
3639747,-9.2018
3640167,-9.2002
3640586,-9.1987
3641005,-9.1972
3641424,-9.1956
3641843,-9.1941
3642263,-9.1926
3642682,-9.1911
3643101,-9.1895
3643521,-9.1880
3643940,-9.1865
3644360,-9.1849
3644779,-9.1834
3645199,-9.1819
3645619,-9.1803
3646039,-9.1788
3646458,-9.1773
3646878,-9.1757
3647298,-9.1742
3647718,-9.1726
3648138,-9.1711
3648558,-9.1696
3648978,-9.1680
3649398,-9.1665
3649818,-9.1649
3650239,-9.1634
3650659,-9.1618
3651079,-9.1603
3651500,-9.1588
3651920,-9.1572
3652340,-9.1557
3652761,-9.1541
3653182,-9.1526
3653602,-9.1510
3654023,-9.1495
3654444,-9.1479
3654864,-9.1464
3655285,-9.1448
3655706,-9.1433
3656127,-9.1417
3656548,-9.1402
3656969,-9.1386
3657390,-9.1370
3657811,-9.1355
3658232,-9.1339
3658653,-9.1324
3659075,-9.1308
3659496,-9.1293
3659917,-9.1277
3660339,-9.1261
3660760,-9.1246
3661181,-9.1230
3661603,-9.1215
3662025,-9.1199
3662446,-9.1183
3662868,-9.1168
3663290,-9.1152
3663711,-9.1136
3664133,-9.1121
3664555,-9.1105
3664977,-9.1089
3665399,-9.1074
3665821,-9.1058
3666243,-9.1042
3666665,-9.1027
3667087,-9.1011
3667510,-9.0995
3667932,-9.0979
3668354,-9.0964
3668776,-9.0948
3669199,-9.0932
3669621,-9.0916
3670044,-9.0901
3670466,-9.0885
3670889,-9.0869
3671312,-9.0853
3671734,-9.0837
3672157,-9.0822
3672580,-9.0806
3673003,-9.0790
3673426,-9.0774
3673849,-9.0758
3674272,-9.0743
3674695,-9.0727
3675118,-9.0711
3675541,-9.0695
3675964,-9.0679
3676387,-9.0663
3676811,-9.0647
3677234,-9.0631
3677657,-9.0616
3678081,-9.0600
3678504,-9.0584
3678928,-9.0568
3679351,-9.0552
3679775,-9.0536
3680199,-9.0520
3680622,-9.0504
3681046,-9.0488
3681470,-9.0472
3681894,-9.0456
3682318,-9.0440
3682742,-9.0424
3683166,-9.0408
3683590,-9.0392
3684014,-9.0376
3684438,-9.0360
3684862,-9.0344
3685286,-9.0328
3685711,-9.0312
3686135,-9.0296
3686560,-9.0280
3686984,-9.0264
3687409,-9.0248
3687833,-9.0232
3688258,-9.0216
3688682,-9.0200
3689107,-9.0184
3689532,-9.0168
3689957,-9.0151
3690381,-9.0135
3690806,-9.0119
3691231,-9.0103
3691656,-9.0087
3692081,-9.0071
3692506,-9.0055
3692932,-9.0039
3693357,-9.0022
3693782,-9.0006
3694207,-8.9990
3694633,-8.9974
3695058,-8.9958
3695483,-8.9941
3695909,-8.9925
3696334,-8.9909
3696760,-8.9893
3697186,-8.9877
3697611,-8.9860
3698037,-8.9844
3698463,-8.9828
3698889,-8.9812
3699314,-8.9795
3699740,-8.9779
3700166,-8.9763
3700592,-8.9747
3701018,-8.9730
3701445,-8.9714
3701871,-8.9698
3702297,-8.9681
3702723,-8.9665
3703150,-8.9649
3703576,-8.9632
3704002,-8.9616
3704429,-8.9600
3704855,-8.9583
3705282,-8.9567
3705709,-8.9551
3706135,-8.9534
3706562,-8.9518
3706989,-8.9501
3707415,-8.9485
3707842,-8.9469
3708269,-8.9452
3708696,-8.9436
3709123,-8.9419
3709550,-8.9403
3709977,-8.9386
3710404,-8.9370
3710832,-8.9354
3711259,-8.9337
3711686,-8.9321
3712114,-8.9304
3712541,-8.9288
3712968,-8.9271
3713396,-8.9255
3713823,-8.9238
3714251,-8.9222
3714679,-8.9205
3715106,-8.9189
3715534,-8.9172
3715962,-8.9155
3716390,-8.9139
3716818,-8.9122
3717246,-8.9106
3717674,-8.9089
3718102,-8.9073
3718530,-8.9056
3718958,-8.9039
3719386,-8.9023
3719814,-8.9006
3720243,-8.8990
3720671,-8.8973
3721099,-8.8956
3721528,-8.8940
3721956,-8.8923
3722385,-8.8906
3722813,-8.8890
3723242,-8.8873
3723671,-8.8856
3724099,-8.8840
3724528,-8.8823
3724957,-8.8806
3725386,-8.8790
3725815,-8.8773
3726244,-8.8756
3726673,-8.8740
3727102,-8.8723
3727531,-8.8706
3727960,-8.8689
3728389,-8.8673
3728819,-8.8656
3729248,-8.8639
3729677,-8.8622
3730107,-8.8605
3730536,-8.8589
3730966,-8.8572
3731395,-8.8555
3731825,-8.8538
3732255,-8.8521
3732684,-8.8505
3733114,-8.8488
3733544,-8.8471
3733974,-8.8454
3734404,-8.8437
3734834,-8.8420
3735264,-8.8404
3735694,-8.8387
3736124,-8.8370
3736554,-8.8353
3736984,-8.8336
3737414,-8.8319
3737845,-8.8302
3738275,-8.8285
3738705,-8.8268
3739136,-8.8251
3739566,-8.8234
3739997,-8.8217
3740428,-8.8200
3740858,-8.8184
3741289,-8.8167
3741720,-8.8150
3742151,-8.8133
3742581,-8.8116
3743012,-8.8099
3743443,-8.8082
3743874,-8.8065
3744305,-8.8048
3744736,-8.8031
3745168,-8.8013
3745599,-8.7996
3746030,-8.7979
3746461,-8.7962
3746893,-8.7945
3747324,-8.7928
3747756,-8.7911
3748187,-8.7894
3748619,-8.7877
3749050,-8.7860
3749482,-8.7843
3749914,-8.7826
3750345,-8.7808
3750777,-8.7791
3751209,-8.7774
3751641,-8.7757
3752073,-8.7740
3752505,-8.7723
3752937,-8.7706
3753369,-8.7688
3753801,-8.7671
3754233,-8.7654
3754666,-8.7637
3755098,-8.7620
3755530,-8.7602
3755963,-8.7585
3756395,-8.7568
3756828,-8.7551
3757260,-8.7533
3757693,-8.7516
3758125,-8.7499
3758558,-8.7482
3758991,-8.7464
3759424,-8.7447
3759856,-8.7430
3760289,-8.7413
3760722,-8.7395
3761155,-8.7378
3761588,-8.7361
3762021,-8.7343
3762454,-8.7326
3762888,-8.7309
3763321,-8.7291
3763754,-8.7274
3764188,-8.7257
3764621,-8.7239
3765054,-8.7222
3765488,-8.7204
3765921,-8.7187
3766355,-8.7170
3766789,-8.7152
3767222,-8.7135
3767656,-8.7117
3768090,-8.7100
3768524,-8.7083
3768958,-8.7065
3769392,-8.7048
3769826,-8.7030
3770260,-8.7013
3770694,-8.6995
3771128,-8.6978
3771562,-8.6960
3771996,-8.6943
3772431,-8.6925
3772865,-8.6908
3773299,-8.6890
3773734,-8.6873
3774168,-8.6855
3774603,-8.6838
3775037,-8.6820
3775472,-8.6803
3775907,-8.6785
3776341,-8.6767
3776776,-8.6750
3777211,-8.6732
3777646,-8.6715
3778081,-8.6697
3778516,-8.6680
3778951,-8.6662
3779386,-8.6644
3779821,-8.6627
3780256,-8.6609
3780692,-8.6591
3781127,-8.6574
3781562,-8.6556
3781998,-8.6538
3782433,-8.6521
3782869,-8.6503
3783304,-8.6485
3783740,-8.6468
3784175,-8.6450
3784611,-8.6432
3785047,-8.6415
3785483,-8.6397
3785918,-8.6379
3786354,-8.6361
3786790,-8.6344
3787226,-8.6326
3787662,-8.6308
3788098,-8.6290
3788535,-8.6273
3788971,-8.6255
3789407,-8.6237
3789843,-8.6219
3790280,-8.6201
3790716,-8.6184
3791153,-8.6166
3791589,-8.6148
3792026,-8.6130
3792462,-8.6112
3792899,-8.6094
3793335,-8.6077
3793772,-8.6059
3794209,-8.6041
3794646,-8.6023
3795083,-8.6005
3795520,-8.5987
3795957,-8.5969
3796394,-8.5951
3796831,-8.5934
3797268,-8.5916
3797705,-8.5898
3798143,-8.5880
3798580,-8.5862
3799017,-8.5844
3799455,-8.5826
3799892,-8.5808
3800330,-8.5790
3800767,-8.5772
3801205,-8.5754
3801642,-8.5736
3802080,-8.5718
3802518,-8.5700
3802956,-8.5682
3803393,-8.5664
3803831,-8.5646
3804269,-8.5628
3804707,-8.5610
3805145,-8.5592
3805583,-8.5574
3806022,-8.5556
3806460,-8.5538
3806898,-8.5519
3807336,-8.5501
3807775,-8.5483
3808213,-8.5465
3808652,-8.5447
3809090,-8.5429
3809529,-8.5411
3809967,-8.5393
3810406,-8.5374
3810845,-8.5356
3811284,-8.5338
3811722,-8.5320
3812161,-8.5302
3812600,-8.5284
3813039,-8.5265
3813478,-8.5247
3813917,-8.5229
3814356,-8.5211
3814795,-8.5193
3815235,-8.5174
3815674,-8.5156
3816113,-8.5138
3816553,-8.5120
3816992,-8.5101
3817432,-8.5083
3817871,-8.5065
3818311,-8.5047
3818750,-8.5028
3819190,-8.5010
3819630,-8.4992
3820069,-8.4973
3820509,-8.4955
3820949,-8.4937
3821389,-8.4918
3821829,-8.4900
3822269,-8.4882
3822709,-8.4863
3823149,-8.4845
3823589,-8.4827
3824030,-8.4808
3824470,-8.4790
3824910,-8.4772
3825351,-8.4753
3825791,-8.4735
3826232,-8.4716
3826672,-8.4698
3827113,-8.4679
3827553,-8.4661
3827994,-8.4643
3828435,-8.4624
3828876,-8.4606
3829316,-8.4587
3829757,-8.4569
3830198,-8.4550
3830639,-8.4532
3831080,-8.4513
3831521,-8.4495
3831963,-8.4476
3832404,-8.4458
3832845,-8.4439
3833286,-8.4421
3833728,-8.4402
3834169,-8.4384
3834610,-8.4365
3835052,-8.4346
3835494,-8.4328
3835935,-8.4309
3836377,-8.4291
3836818,-8.4272
3837260,-8.4253
3837702,-8.4235
3838144,-8.4216
3838586,-8.4198
3839028,-8.4179
3839470,-8.4160
3839912,-8.4142
3840354,-8.4123
3840796,-8.4104
3841238,-8.4086
3841681,-8.4067
3842123,-8.4048
3842565,-8.4030
3843008,-8.4011
3843450,-8.3992
3843893,-8.3974
3844335,-8.3955
3844778,-8.3936
3845221,-8.3917
3845663,-8.3899
3846106,-8.3880
3846549,-8.3861
3846992,-8.3842
3847435,-8.3823
3847878,-8.3805
3848321,-8.3786
3848764,-8.3767
3849207,-8.3748
3849650,-8.3729
3850093,-8.3711
3850537,-8.3692
3850980,-8.3673
3851423,-8.3654
3851867,-8.3635
3852310,-8.3616
3852754,-8.3598
3853197,-8.3579
3853641,-8.3560
3854085,-8.3541
3854528,-8.3522
3854972,-8.3503
3855416,-8.3484
3855860,-8.3465
3856304,-8.3446
3856748,-8.3427
3857192,-8.3408
3857636,-8.3390
3858080,-8.3371
3858524,-8.3352
3858969,-8.3333
3859413,-8.3314
3859857,-8.3295
3860302,-8.3276
3860746,-8.3257
3861191,-8.3238
3861635,-8.3219
3862080,-8.3200
3862525,-8.3181
3862969,-8.3162
3863414,-8.3142
3863859,-8.3123
3864304,-8.3104
3864749,-8.3085
3865194,-8.3066
3865639,-8.3047
3866084,-8.3028
3866529,-8.3009
3866974,-8.2990
3867419,-8.2971
3867865,-8.2952
3868310,-8.2932
3868755,-8.2913
3869201,-8.2894
3869646,-8.2875
3870092,-8.2856
3870537,-8.2837
3870983,-8.2817
3871429,-8.2798
3871874,-8.2779
3872320,-8.2760
3872766,-8.2741
3873212,-8.2721
3873658,-8.2702
3874104,-8.2683
3874550,-8.2664
3874996,-8.2644
3875442,-8.2625
3875888,-8.2606
3876335,-8.2587
3876781,-8.2567
3877227,-8.2548
3877674,-8.2529
3878120,-8.2509
3878567,-8.2490
3879013,-8.2471
3879460,-8.2452
3879906,-8.2432
3880353,-8.2413
3880800,-8.2394
3881247,-8.2374
3881694,-8.2355
3882141,-8.2335
3882588,-8.2316
3883035,-8.2297
3883482,-8.2277
3883929,-8.2258
3884376,-8.2238
3884823,-8.2219
3885270,-8.2200
3885718,-8.2180
3886165,-8.2161
3886613,-8.2141
3887060,-8.2122
3887508,-8.2102
3887955,-8.2083
3888403,-8.2063
3888851,-8.2044
3889298,-8.2024
3889746,-8.2005
3890194,-8.1985
3890642,-8.1966
3891090,-8.1946
3891538,-8.1927
3891986,-8.1907
3892434,-8.1888
3892882,-8.1868
3893330,-8.1849
3893779,-8.1829
3894227,-8.1809
3894675,-8.1790
3895124,-8.1770
3895572,-8.1751
3896021,-8.1731
3896469,-8.1711
3896918,-8.1692
3897367,-8.1672
3897815,-8.1652
3898264,-8.1633
3898713,-8.1613
3899162,-8.1594
3899611,-8.1574
3900060,-8.1554
3900509,-8.1534
3900958,-8.1515
3901407,-8.1495
3901856,-8.1475
3902305,-8.1456
3902755,-8.1436
3903204,-8.1416
3903653,-8.1396
3904103,-8.1377
3904552,-8.1357
3905002,-8.1337
3905452,-8.1317
3905901,-8.1298
3906351,-8.1278
3906801,-8.1258
3907250,-8.1238
3907700,-8.1218
3908150,-8.1199
3908600,-8.1179
3909050,-8.1159
3909500,-8.1139
3909950,-8.1119
3910401,-8.1099
3910851,-8.1079
3911301,-8.1060
3911751,-8.1040
3912202,-8.1020
3912652,-8.1000
3913103,-8.0980
3913553,-8.0960
3914004,-8.0940
3914455,-8.0920
3914905,-8.0900
3915356,-8.0880
3915807,-8.0860
3916258,-8.0840
3916709,-8.0820
3917159,-8.0800
3917610,-8.0781
3918062,-8.0761
3918513,-8.0741
3918964,-8.0720
3919415,-8.0700
3919866,-8.0680
3920318,-8.0660
3920769,-8.0640
3921220,-8.0620
3921672,-8.0600
3922123,-8.0580
3922575,-8.0560
3923027,-8.0540
3923478,-8.0520
3923930,-8.0500
3924382,-8.0480
3924834,-8.0460
3925286,-8.0440
3925737,-8.0419
3926189,-8.0399
3926642,-8.0379
3927094,-8.0359
3927546,-8.0339
3927998,-8.0319
3928450,-8.0298
3928903,-8.0278
3929355,-8.0258
3929807,-8.0238
3930260,-8.0218
3930712,-8.0198
3931165,-8.0177
3931617,-8.0157
3932070,-8.0137
3932523,-8.0117
3932976,-8.0096
3933428,-8.0076
3933881,-8.0056
3934334,-8.0036
3934787,-8.0015
3935240,-7.9995
3935693,-7.9975
3936147,-7.9954
3936600,-7.9934
3937053,-7.9914
3937506,-7.9893
3937960,-7.9873
3938413,-7.9853
3938866,-7.9832
3939320,-7.9812
3939774,-7.9792
3940227,-7.9771
3940681,-7.9751
3941134,-7.9730
3941588,-7.9710
3942042,-7.9690
3942496,-7.9669
3942950,-7.9649
3943404,-7.9628
3943858,-7.9608
3944312,-7.9587
3944766,-7.9567
3945220,-7.9547
3945674,-7.9526
3946129,-7.9506
3946583,-7.9485
3947038,-7.9465
3947492,-7.9444
3947946,-7.9424
3948401,-7.9403
3948856,-7.9382
3949310,-7.9362
3949765,-7.9341
3950220,-7.9321
3950675,-7.9300
3951129,-7.9280
3951584,-7.9259
3952039,-7.9239
3952494,-7.9218
3952949,-7.9197
3953405,-7.9177
3953860,-7.9156
3954315,-7.9136
3954770,-7.9115
3955226,-7.9094
3955681,-7.9074
3956136,-7.9053
3956592,-7.9032
3957047,-7.9012
3957503,-7.8991
3957959,-7.8970
3958414,-7.8950
3958870,-7.8929
3959326,-7.8908
3959782,-7.8887
3960238,-7.8867
3960694,-7.8846
3961150,-7.8825
3961606,-7.8804
3962062,-7.8784
3962518,-7.8763
3962974,-7.8742
3963431,-7.8721
3963887,-7.8701
3964343,-7.8680
3964800,-7.8659
3965256,-7.8638
3965713,-7.8617
3966169,-7.8596
3966626,-7.8576
3967083,-7.8555
3967539,-7.8534
3967996,-7.8513
3968453,-7.8492
3968910,-7.8471
3969367,-7.8450
3969824,-7.8430
3970281,-7.8409
3970738,-7.8388
3971195,-7.8367
3971653,-7.8346
3972110,-7.8325
3972567,-7.8304
3973025,-7.8283
3973482,-7.8262
3973940,-7.8241
3974397,-7.8220
3974855,-7.8199
3975312,-7.8178
3975770,-7.8157
3976228,-7.8136
3976686,-7.8115
3977143,-7.8094
3977601,-7.8073
3978059,-7.8052
3978517,-7.8031
3978975,-7.8010
3979434,-7.7989
3979892,-7.7968
3980350,-7.7947
3980808,-7.7926
3981267,-7.7904
3981725,-7.7883
3982183,-7.7862
3982642,-7.7841
3983100,-7.7820
3983559,-7.7799
3984018,-7.7778
3984476,-7.7757
3984935,-7.7735
3985394,-7.7714
3985853,-7.7693
3986312,-7.7672
3986771,-7.7651
3987230,-7.7629
3987689,-7.7608
3988148,-7.7587
3988607,-7.7566
3989066,-7.7545
3989526,-7.7523
3989985,-7.7502
3990444,-7.7481
3990904,-7.7460
3991363,-7.7438
3991823,-7.7417
3992282,-7.7396
3992742,-7.7374
3993202,-7.7353
3993662,-7.7332
3994121,-7.7310
3994581,-7.7289
3995041,-7.7268
3995501,-7.7246
3995961,-7.7225
3996421,-7.7204
3996881,-7.7182
3997342,-7.7161
3997802,-7.7140
3998262,-7.7118
3998722,-7.7097
3999183,-7.7075
3999643,-7.7054
4000104,-7.7032
4000564,-7.7011
4001025,-7.6990
4001486,-7.6968
4001946,-7.6947
4002407,-7.6925
4002868,-7.6904
4003329,-7.6882
4003790,-7.6861
4004251,-7.6839
4004712,-7.6818
4005173,-7.6796
4005634,-7.6775
4006095,-7.6753
4006556,-7.6732
4007018,-7.6710
4007479,-7.6688
4007940,-7.6667
4008402,-7.6645
4008863,-7.6624
4009325,-7.6602
4009787,-7.6581
4010248,-7.6559
4010710,-7.6537
4011172,-7.6516
4011634,-7.6494
4012095,-7.6472
4012557,-7.6451
4013019,-7.6429
4013481,-7.6407
4013943,-7.6386
4014406,-7.6364
4014868,-7.6342
4015330,-7.6321
4015792,-7.6299
4016255,-7.6277
4016717,-7.6255
4017180,-7.6234
4017642,-7.6212
4018105,-7.6190
4018567,-7.6168
4019030,-7.6147
4019493,-7.6125
4019956,-7.6103
4020418,-7.6081
4020881,-7.6060
4021344,-7.6038
4021807,-7.6016
4022270,-7.5994
4022733,-7.5972
4023197,-7.5950
4023660,-7.5929
4024123,-7.5907
4024586,-7.5885
4025050,-7.5863
4025513,-7.5841
4025977,-7.5819
4026440,-7.5797
4026904,-7.5775
4027367,-7.5753
4027831,-7.5732
4028295,-7.5710
4028759,-7.5688
4029223,-7.5666
4029686,-7.5644
4030150,-7.5622
4030614,-7.5600
4031078,-7.5578
4031543,-7.5556
4032007,-7.5534
4032471,-7.5512
4032935,-7.5490
4033400,-7.5468
4033864,-7.5446
4034328,-7.5424
4034793,-7.5402
4035258,-7.5380
4035722,-7.5358
4036187,-7.5335
4036651,-7.5313
4037116,-7.5291
4037581,-7.5269
4038046,-7.5247
4038511,-7.5225
4038976,-7.5203
4039441,-7.5181
4039906,-7.5159
4040371,-7.5136
4040836,-7.5114
4041302,-7.5092
4041767,-7.5070
4042232,-7.5048
4042698,-7.5026
4043163,-7.5003
4043629,-7.4981
4044094,-7.4959
4044560,-7.4937
4045025,-7.4914
4045491,-7.4892
4045957,-7.4870
4046423,-7.4848
4046889,-7.4825
4047355,-7.4803
4047821,-7.4781
4048287,-7.4759
4048753,-7.4736
4049219,-7.4714
4049685,-7.4692
4050151,-7.4669
4050618,-7.4647
4051084,-7.4625
4051550,-7.4602
4052017,-7.4580
4052483,-7.4558
4052950,-7.4535
4053417,-7.4513
4053883,-7.4490
4054350,-7.4468
4054817,-7.4446
4055284,-7.4423
4055751,-7.4401
4056218,-7.4378
4056685,-7.4356
4057152,-7.4333
4057619,-7.4311
4058086,-7.4289
4058553,-7.4266
4059021,-7.4244
4059488,-7.4221
4059955,-7.4199
4060423,-7.4176
4060890,-7.4154
4061358,-7.4131
4061825,-7.4108
4062293,-7.4086
4062761,-7.4063
4063229,-7.4041
4063696,-7.4018
4064164,-7.3996
4064632,-7.3973
4065100,-7.3950
4065568,-7.3928
4066036,-7.3905
4066504,-7.3883
4066973,-7.3860
4067441,-7.3837
4067909,-7.3815
4068378,-7.3792
4068846,-7.3769
4069314,-7.3747
4069783,-7.3724
4070252,-7.3701
4070720,-7.3679
4071189,-7.3656
4071658,-7.3633
4072126,-7.3611
4072595,-7.3588
4073064,-7.3565
4073533,-7.3542
4074002,-7.3520
4074471,-7.3497
4074940,-7.3474
4075410,-7.3451
4075879,-7.3428
4076348,-7.3406
4076817,-7.3383
4077287,-7.3360
4077756,-7.3337
4078226,-7.3314
4078695,-7.3292
4079165,-7.3269
4079634,-7.3246
4080104,-7.3223
4080574,-7.3200
4081044,-7.3177
4081514,-7.3154
4081984,-7.3131
4082454,-7.3108
4082924,-7.3086
4083394,-7.3063
4083864,-7.3040
4084334,-7.3017
4084804,-7.2994
4085275,-7.2971
4085745,-7.2948
4086215,-7.2925
4086686,-7.2902
4087156,-7.2879
4087627,-7.2856
4088098,-7.2833
4088568,-7.2810
4089039,-7.2787
4089510,-7.2764
4089981,-7.2741
4090452,-7.2718
4090923,-7.2695
4091394,-7.2672
4091865,-7.2648
4092336,-7.2625
4092807,-7.2602
4093278,-7.2579
4093749,-7.2556
4094221,-7.2533
4094692,-7.2510
4095164,-7.2487
4095635,-7.2463
4096107,-7.2440
4096578,-7.2417
4097050,-7.2394
4097522,-7.2371
4097993,-7.2348
4098465,-7.2324
4098937,-7.2301
4099409,-7.2278
4099881,-7.2255
4100353,-7.2231
4100825,-7.2208
4101297,-7.2185
4101770,-7.2162
4102242,-7.2138
4102714,-7.2115
4103186,-7.2092
4103659,-7.2069
4104131,-7.2045
4104604,-7.2022
4105076,-7.1999
4105549,-7.1975
4106022,-7.1952
4106495,-7.1929
4106967,-7.1905
4107440,-7.1882
4107913,-7.1858
4108386,-7.1835
4108859,-7.1812
4109332,-7.1788
4109805,-7.1765
4110279,-7.1741
4110752,-7.1718
4111225,-7.1695
4111698,-7.1671
4112172,-7.1648
4112645,-7.1624
4113119,-7.1601
4113592,-7.1577
4114066,-7.1554
4114540,-7.1530
4115013,-7.1507
4115487,-7.1483
4115961,-7.1460
4116435,-7.1436
4116909,-7.1413
4117383,-7.1389
4117857,-7.1366
4118331,-7.1342
4118805,-7.1318
4119279,-7.1295
4119754,-7.1271
4120228,-7.1248
4120702,-7.1224
4121177,-7.1200
4121651,-7.1177
4122126,-7.1153
4122601,-7.1129
4123075,-7.1106
4123550,-7.1082
4124025,-7.1058
4124499,-7.1035
4124974,-7.1011
4125449,-7.0987
4125924,-7.0964
4126399,-7.0940
4126874,-7.0916
4127350,-7.0892
4127825,-7.0869
4128300,-7.0845
4128775,-7.0821
4129251,-7.0797
4129726,-7.0774
4130202,-7.0750
4130677,-7.0726
4131153,-7.0702
4131628,-7.0678
4132104,-7.0655
4132580,-7.0631
4133056,-7.0607
4133532,-7.0583
4134007,-7.0559
4134483,-7.0535
4134959,-7.0512
4135436,-7.0488
4135912,-7.0464
4136388,-7.0440
4136864,-7.0416
4137340,-7.0392
4137817,-7.0368
4138293,-7.0344
4138770,-7.0320
4139246,-7.0296
4139723,-7.0272
4140199,-7.0248
4140676,-7.0224
4141153,-7.0200
4141630,-7.0176
4142106,-7.0152
4142583,-7.0128
4143060,-7.0104
4143537,-7.0080
4144014,-7.0056
4144492,-7.0032
4144969,-7.0008
4145446,-6.9984
4145923,-6.9960
4146401,-6.9936
4146878,-6.9912
4147355,-6.9888
4147833,-6.9863
4148310,-6.9839
4148788,-6.9815
4149266,-6.9791
4149744,-6.9767
4150221,-6.9743
4150699,-6.9719
4151177,-6.9694
4151655,-6.9670
4152133,-6.9646
4152611,-6.9622
4153089,-6.9598
4153567,-6.9573
4154046,-6.9549
4154524,-6.9525
4155002,-6.9501
4155481,-6.9476
4155959,-6.9452
4156438,-6.9428
4156916,-6.9404
4157395,-6.9379
4157873,-6.9355
4158352,-6.9331
4158831,-6.9306
4159310,-6.9282
4159789,-6.9258
4160267,-6.9233
4160746,-6.9209
4161226,-6.9185
4161705,-6.9160
4162184,-6.9136
4162663,-6.9111
4163142,-6.9087
4163622,-6.9063
4164101,-6.9038
4164580,-6.9014
4165060,-6.8989
4165539,-6.8965
4166019,-6.8940
4166499,-6.8916
4166978,-6.8891
4167458,-6.8867
4167938,-6.8842
4168418,-6.8818
4168898,-6.8793
4169378,-6.8769
4169858,-6.8744
4170338,-6.8720
4170818,-6.8695
4171298,-6.8671
4171779,-6.8646
4172259,-6.8622
4172739,-6.8597
4173220,-6.8572
4173700,-6.8548
4174181,-6.8523
4174661,-6.8499
4175142,-6.8474
4175623,-6.8449
4176104,-6.8425
4176584,-6.8400
4177065,-6.8375
4177546,-6.8351
4178027,-6.8326
4178508,-6.8301
4178989,-6.8277
4179470,-6.8252
4179952,-6.8227
4180433,-6.8202
4180914,-6.8178
4181396,-6.8153
4181877,-6.8128
4182358,-6.8103
4182840,-6.8079
4183322,-6.8054
4183803,-6.8029
4184285,-6.8004
4184767,-6.7979
4185249,-6.7955
4185730,-6.7930
4186212,-6.7905
4186694,-6.7880
4187176,-6.7855
4187658,-6.7830
4188141,-6.7805
4188623,-6.7781
4189105,-6.7756
4189587,-6.7731
4190070,-6.7706
4190552,-6.7681
4191035,-6.7656
4191517,-6.7631
4192000,-6.7606
4192482,-6.7581
4192965,-6.7556
4193448,-6.7531
4193931,-6.7506
4194414,-6.7481
4194897,-6.7456
4195380,-6.7431
4195863,-6.7406
4196346,-6.7381
4196829,-6.7356
4197312,-6.7331
4197795,-6.7306
4198279,-6.7281
4198762,-6.7256
4199245,-6.7231
4199729,-6.7206
4200212,-6.7180
4200696,-6.7155
4201180,-6.7130
4201663,-6.7105
4202147,-6.7080
4202631,-6.7055
4203115,-6.7030
4203599,-6.7004
4204083,-6.6979
4204567,-6.6954
4205051,-6.6929
4205535,-6.6904
4206019,-6.6878
4206504,-6.6853
4206988,-6.6828
4207472,-6.6803
4207957,-6.6777
4208441,-6.6752
4208926,-6.6727
4209410,-6.6702
4209895,-6.6676
4210380,-6.6651
4210864,-6.6626
4211349,-6.6600
4211834,-6.6575
4212319,-6.6550
4212804,-6.6524
4213289,-6.6499
4213774,-6.6474
4214259,-6.6448
4214745,-6.6423
4215230,-6.6397
4215715,-6.6372
4216200,-6.6347
4216686,-6.6321
4217171,-6.6296
4217657,-6.6270
4218143,-6.6245
4218628,-6.6219
4219114,-6.6194
4219600,-6.6168
4220086,-6.6143
4220571,-6.6117
4221057,-6.6092
4221543,-6.6066
4222029,-6.6041
4222516,-6.6015
4223002,-6.5990
4223488,-6.5964
4223974,-6.5939
4224461,-6.5913
4224947,-6.5888
4225433,-6.5862
4225920,-6.5836
4226406,-6.5811
4226893,-6.5785
4227380,-6.5759
4227866,-6.5734
4228353,-6.5708
4228840,-6.5683
4229327,-6.5657
4229814,-6.5631
4230301,-6.5605
4230788,-6.5580
4231275,-6.5554
4231762,-6.5528
4232249,-6.5503
4232737,-6.5477
4233224,-6.5451
4233711,-6.5425
4234199,-6.5400
4234686,-6.5374
4235174,-6.5348
4235662,-6.5322
4236149,-6.5296
4236637,-6.5271
4237125,-6.5245
4237613,-6.5219
4238101,-6.5193
4238588,-6.5167
4239077,-6.5141
4239565,-6.5116
4240053,-6.5090
4240541,-6.5064
4241029,-6.5038
4241517,-6.5012
4242006,-6.4986
4242494,-6.4960
4242983,-6.4934
4243471,-6.4908
4243960,-6.4882
4244448,-6.4856
4244937,-6.4830
4245426,-6.4804
4245915,-6.4778
4246403,-6.4752
4246892,-6.4726
4247381,-6.4700
4247870,-6.4674
4248359,-6.4648
4248849,-6.4622
4249338,-6.4596
4249827,-6.4570
4250316,-6.4544
4250806,-6.4518
4251295,-6.4492
4251785,-6.4466
4252274,-6.4440
4252764,-6.4414
4253253,-6.4387
4253743,-6.4361
4254233,-6.4335
4254723,-6.4309
4255213,-6.4283
4255702,-6.4257
4256192,-6.4230
4256682,-6.4204
4257173,-6.4178
4257663,-6.4152
4258153,-6.4125
4258643,-6.4099
4259134,-6.4073
4259624,-6.4047
4260114,-6.4020
4260605,-6.3994
4261095,-6.3968
4261586,-6.3942
4262077,-6.3915
4262567,-6.3889
4263058,-6.3863
4263549,-6.3836
4264040,-6.3810
4264531,-6.3784
4265022,-6.3757
4265513,-6.3731
4266004,-6.3704
4266495,-6.3678
4266986,-6.3652
4267478,-6.3625
4267969,-6.3599
4268460,-6.3572
4268952,-6.3546
4269443,-6.3519
4269935,-6.3493
4270427,-6.3466
4270918,-6.3440
4271410,-6.3414
4271902,-6.3387
4272394,-6.3360
4272885,-6.3334
4273377,-6.3307
4273869,-6.3281
4274362,-6.3254
4274854,-6.3228
4275346,-6.3201
4275838,-6.3175
4276330,-6.3148
4276823,-6.3121
4277315,-6.3095
4277808,-6.3068
4278300,-6.3042
4278793,-6.3015
4279285,-6.2988
4279778,-6.2962
4280271,-6.2935
4280764,-6.2908
4281257,-6.2882
4281749,-6.2855
4282242,-6.2828
4282736,-6.2801
4283229,-6.2775
4283722,-6.2748
4284215,-6.2721
4284708,-6.2694
4285202,-6.2668
4285695,-6.2641
4286188,-6.2614
4286682,-6.2587
4287175,-6.2560
4287669,-6.2534
4288163,-6.2507
4288656,-6.2480
4289150,-6.2453
4289644,-6.2426
4290138,-6.2399
4290632,-6.2373
4291126,-6.2346
4291620,-6.2319
4292114,-6.2292
4292608,-6.2265
4293102,-6.2238
4293597,-6.2211
4294091,-6.2184
4294586,-6.2157
4295080,-6.2130
4295574,-6.2103
4296069,-6.2076
4296564,-6.2049
4297058,-6.2022
4297553,-6.1995
4298048,-6.1968
4298543,-6.1941
4299038,-6.1914
4299533,-6.1887
4300028,-6.1860
4300523,-6.1833
4301018,-6.1806
4301513,-6.1779
4302008,-6.1752
4302504,-6.1725
4302999,-6.1697
4303495,-6.1670
4303990,-6.1643
4304486,-6.1616
4304981,-6.1589
4305477,-6.1562
4305973,-6.1534
4306468,-6.1507
4306964,-6.1480
4307460,-6.1453
4307956,-6.1426
4308452,-6.1398
4308948,-6.1371
4309444,-6.1344
4309940,-6.1317
4310437,-6.1289
4310933,-6.1262
4311429,-6.1235
4311926,-6.1207
4312422,-6.1180
4312919,-6.1153
4313415,-6.1125
4313912,-6.1098
4314408,-6.1071
4314905,-6.1043
4315402,-6.1016
4315899,-6.0989
4316396,-6.0961
4316893,-6.0934
4317390,-6.0906
4317887,-6.0879
4318384,-6.0851
4318881,-6.0824
4319378,-6.0797
4319876,-6.0769
4320373,-6.0742
4320871,-6.0714
4321368,-6.0687
4321866,-6.0659
4322363,-6.0632
4322861,-6.0604
4323359,-6.0577
4323856,-6.0549
4324354,-6.0521
4324852,-6.0494
4325350,-6.0466
4325848,-6.0439
4326346,-6.0411
4326844,-6.0383
4327342,-6.0356
4327841,-6.0328
4328339,-6.0301
4328837,-6.0273
4329336,-6.0245
4329834,-6.0218
4330333,-6.0190
4330831,-6.0162
4331330,-6.0135
4331829,-6.0107
4332327,-6.0079
4332826,-6.0051
4333325,-6.0024
4333824,-5.9996
4334323,-5.9968
4334822,-5.9940
4335321,-5.9913
4335820,-5.9885
4336319,-5.9857
4336819,-5.9829
4337318,-5.9801
4337817,-5.9773
4338317,-5.9746
4338816,-5.9718
4339316,-5.9690
4339815,-5.9662
4340315,-5.9634
4340815,-5.9606
4341315,-5.9578
4341814,-5.9550
4342314,-5.9522
4342814,-5.9495
4343314,-5.9467
4343814,-5.9439
4344314,-5.9411
4344815,-5.9383
4345315,-5.9355
4345815,-5.9327
4346316,-5.9299
4346816,-5.9271
4347316,-5.9243
4347817,-5.9215
4348318,-5.9187
4348818,-5.9158
4349319,-5.9130
4349820,-5.9102
4350321,-5.9074
4350821,-5.9046
4351322,-5.9018
4351823,-5.8990
4352324,-5.8962
4352825,-5.8934
4353327,-5.8905
4353828,-5.8877
4354329,-5.8849
4354830,-5.8821
4355332,-5.8793
4355833,-5.8765
4356335,-5.8736
4356836,-5.8708
4357338,-5.8680
4357840,-5.8652
4358341,-5.8623
4358843,-5.8595
4359345,-5.8567
4359847,-5.8538
4360349,-5.8510
4360851,-5.8482
4361353,-5.8454
4361855,-5.8425
4362358,-5.8397
4362860,-5.8369
4363362,-5.8340
4363864,-5.8312
4364367,-5.8283
4364869,-5.8255
4365372,-5.8227
4365875,-5.8198
4366377,-5.8170
4366880,-5.8141
4367383,-5.8113
4367886,-5.8084
4368388,-5.8056
4368891,-5.8027
4369394,-5.7999
4369898,-5.7970
4370401,-5.7942
4370904,-5.7913
4371407,-5.7885
4371910,-5.7856
4372414,-5.7828
4372917,-5.7799
4373421,-5.7771
4373924,-5.7742
4374428,-5.7713
4374931,-5.7685
4375435,-5.7656
4375939,-5.7628
4376443,-5.7599
4376947,-5.7570
4377451,-5.7542
4377955,-5.7513
4378459,-5.7484
4378963,-5.7456
4379467,-5.7427
4379971,-5.7398
4380475,-5.7370
4380980,-5.7341
4381484,-5.7312
4381989,-5.7283
4382493,-5.7255
4382998,-5.7226
4383502,-5.7197
4384007,-5.7168
4384512,-5.7139
4385017,-5.7111
4385522,-5.7082
4386027,-5.7053
4386532,-5.7024
4387037,-5.6995
4387542,-5.6966
4388047,-5.6937
4388552,-5.6909
4389057,-5.6880
4389563,-5.6851
4390068,-5.6822
4390574,-5.6793
4391079,-5.6764
4391585,-5.6735
4392090,-5.6706
4392596,-5.6677
4393102,-5.6648
4393607,-5.6619
4394113,-5.6590
4394619,-5.6561
4395125,-5.6532
4395631,-5.6503
4396137,-5.6474
4396644,-5.6445
4397150,-5.6416
4397656,-5.6387
4398162,-5.6358
4398669,-5.6328
4399175,-5.6299
4399682,-5.6270
4400188,-5.6241
4400695,-5.6212
4401202,-5.6183
4401708,-5.6154
4402215,-5.6124
4402722,-5.6095
4403229,-5.6066
4403736,-5.6037
4404243,-5.6008
4404750,-5.5978
4405257,-5.5949
4405764,-5.5920
4406272,-5.5890
4406779,-5.5861
4407286,-5.5832
4407794,-5.5803
4408301,-5.5773
4408809,-5.5744
4409316,-5.5715
4409824,-5.5685
4410332,-5.5656
4410839,-5.5627
4411347,-5.5597
4411855,-5.5568
4412363,-5.5538
4412871,-5.5509
4413379,-5.5480
4413887,-5.5450
4414396,-5.5421
4414904,-5.5391
4415412,-5.5362
4415921,-5.5332
4416429,-5.5303
4416938,-5.5273
4417446,-5.5244
4417955,-5.5214
4418463,-5.5185
4418972,-5.5155
4419481,-5.5126
4419990,-5.5096
4420499,-5.5067
4421008,-5.5037
4421517,-5.5007
4422026,-5.4978
4422535,-5.4948
4423044,-5.4918
4423553,-5.4889
4424063,-5.4859
4424572,-5.4830
4425081,-5.4800
4425591,-5.4770
4426100,-5.4740
4426610,-5.4711
4427120,-5.4681
4427629,-5.4651
4428139,-5.4622
4428649,-5.4592
4429159,-5.4562
4429669,-5.4532
4430179,-5.4502
4430689,-5.4473
4431199,-5.4443
4431709,-5.4413
4432219,-5.4383
4432730,-5.4353
4433240,-5.4324
4433751,-5.4294
4434261,-5.4264
4434772,-5.4234
4435282,-5.4204
4435793,-5.4174
4436304,-5.4144
4436814,-5.4114
4437325,-5.4084
4437836,-5.4054
4438347,-5.4024
4438858,-5.3994
4439369,-5.3964
4439880,-5.3934
4440391,-5.3904
4440903,-5.3874
4441414,-5.3844
4441925,-5.3814
4442437,-5.3784
4442948,-5.3754
4443460,-5.3724
4443971,-5.3694
4444483,-5.3664
4444995,-5.3634
4445507,-5.3604
4446018,-5.3574
4446530,-5.3543
4447042,-5.3513
4447554,-5.3483
4448066,-5.3453
4448578,-5.3423
4449091,-5.3393
4449603,-5.3362
4450115,-5.3332
4450628,-5.3302
4451140,-5.3272
4451652,-5.3241
4452165,-5.3211
4452678,-5.3181
4453190,-5.3151
4453703,-5.3120
4454216,-5.3090
4454729,-5.3060
4455242,-5.3029
4455755,-5.2999
4456268,-5.2969
4456781,-5.2938
4457294,-5.2908
4457807,-5.2878
4458320,-5.2847
4458833,-5.2817
4459347,-5.2786
4459860,-5.2756
4460374,-5.2725
4460887,-5.2695
4461401,-5.2664
4461915,-5.2634
4462428,-5.2604
4462942,-5.2573
4463456,-5.2542
4463970,-5.2512
4464484,-5.2481
4464998,-5.2451
4465512,-5.2420
4466026,-5.2390
4466540,-5.2359
4467055,-5.2329
4467569,-5.2298
4468083,-5.2267
4468598,-5.2237
4469112,-5.2206
4469627,-5.2175
4470141,-5.2145
4470656,-5.2114
4471171,-5.2083
4471686,-5.2053
4472200,-5.2022
4472715,-5.1991
4473230,-5.1961
4473745,-5.1930
4474260,-5.1899
4474776,-5.1868
4475291,-5.1837
4475806,-5.1807
4476321,-5.1776
4476837,-5.1745
4477352,-5.1714
4477868,-5.1683
4478383,-5.1653
4478899,-5.1622
4479415,-5.1591
4479930,-5.1560
4480446,-5.1529
4480962,-5.1498
4481478,-5.1467
4481994,-5.1436
4482510,-5.1405
4483026,-5.1374
4483542,-5.1343
4484058,-5.1312
4484575,-5.1281
4485091,-5.1251
4485607,-5.1219
4486124,-5.1188
4486640,-5.1157
4487157,-5.1126
4487674,-5.1095
4488190,-5.1064
4488707,-5.1033
4489224,-5.1002
4489741,-5.0971
4490258,-5.0940
4490775,-5.0909
4491292,-5.0878
4491809,-5.0846
4492326,-5.0815
4492843,-5.0784
4493360,-5.0753
4493878,-5.0722
4494395,-5.0691
4494913,-5.0659
4495430,-5.0628
4495948,-5.0597
4496465,-5.0566
4496983,-5.0534
4497501,-5.0503
4498019,-5.0472
4498537,-5.0440
4499055,-5.0409
4499573,-5.0378
4500091,-5.0346
4500609,-5.0315
4501127,-5.0284
4501645,-5.0252
4502163,-5.0221
4502682,-5.0190
4503200,-5.0158
4503719,-5.0127
4504237,-5.0095
4504756,-5.0064
4505274,-5.0032
4505793,-5.0001
4506312,-4.9970
4506831,-4.9938
4507350,-4.9907
4507869,-4.9875
4508388,-4.9843
4508907,-4.9812
4509426,-4.9780
4509945,-4.9749
4510464,-4.9717
4510984,-4.9686
4511503,-4.9654
4512022,-4.9622
4512542,-4.9591
4513062,-4.9559
4513581,-4.9528
4514101,-4.9496
4514621,-4.9464
4515140,-4.9433
4515660,-4.9401
4516180,-4.9369
4516700,-4.9337
4517220,-4.9306
4517740,-4.9274
4518260,-4.9242
4518781,-4.9210
4519301,-4.9179
4519821,-4.9147
4520342,-4.9115
4520862,-4.9083
4521383,-4.9051
4521903,-4.9020
4522424,-4.8988
4522944,-4.8956
4523465,-4.8924
4523986,-4.8892
4524507,-4.8860
4525028,-4.8828
4525549,-4.8796
4526070,-4.8765
4526591,-4.8733
4527112,-4.8701
4527633,-4.8669
4528155,-4.8637
4528676,-4.8605
4529197,-4.8573
4529719,-4.8541
4530240,-4.8509
4530762,-4.8477
4531284,-4.8445
4531805,-4.8412
4532327,-4.8380
4532849,-4.8348
4533371,-4.8316
4533893,-4.8284
4534415,-4.8252
4534937,-4.8220
4535459,-4.8188
4535981,-4.8156
4536504,-4.8123
4537026,-4.8091
4537548,-4.8059
4538071,-4.8027
4538593,-4.7995
4539116,-4.7962
4539638,-4.7930
4540161,-4.7898
4540684,-4.7866
4541207,-4.7833
4541729,-4.7801
4542252,-4.7769
4542775,-4.7736
4543298,-4.7704
4543821,-4.7672
4544345,-4.7639
4544868,-4.7607
4545391,-4.7575
4545914,-4.7542
4546438,-4.7510
4546961,-4.7477
4547485,-4.7445
4548008,-4.7412
4548532,-4.7380
4549056,-4.7347
4549579,-4.7315
4550103,-4.7283
4550627,-4.7250
4551151,-4.7218
4551675,-4.7185
4552199,-4.7152
4552723,-4.7120
4553247,-4.7087
4553772,-4.7055
4554296,-4.7022
4554820,-4.6990
4555345,-4.6957
4555869,-4.6924
4556394,-4.6892
4556918,-4.6859
4557443,-4.6826
4557968,-4.6794
4558493,-4.6761
4559017,-4.6728
4559542,-4.6696
4560067,-4.6663
4560592,-4.6630
4561117,-4.6597
4561643,-4.6565
4562168,-4.6532
4562693,-4.6499
4563218,-4.6466
4563744,-4.6433
4564269,-4.6401
4564795,-4.6368
4565320,-4.6335
4565846,-4.6302
4566372,-4.6269
4566897,-4.6236
4567423,-4.6203
4567949,-4.6170
4568475,-4.6137
4569001,-4.6105
4569527,-4.6072
4570053,-4.6039
4570579,-4.6006
4571106,-4.5973
4571632,-4.5940
4572158,-4.5907
4572685,-4.5874
4573211,-4.5841
4573738,-4.5808
4574264,-4.5774
4574791,-4.5741
4575318,-4.5708
4575844,-4.5675
4576371,-4.5642
4576898,-4.5609
4577425,-4.5576
4577952,-4.5543
4578479,-4.5509
4579006,-4.5476
4579534,-4.5443
4580061,-4.5410
4580588,-4.5377
4581116,-4.5343
4581643,-4.5310
4582171,-4.5277
4582698,-4.5244
4583226,-4.5210
4583754,-4.5177
4584281,-4.5144
4584809,-4.5111
4585337,-4.5077
4585865,-4.5044
4586393,-4.5010
4586921,-4.4977
4587449,-4.4944
4587977,-4.4910
4588505,-4.4877
4589034,-4.4844
4589562,-4.4810
4590091,-4.4777
4590619,-4.4743
4591148,-4.4710
4591676,-4.4676
4592205,-4.4643
4592734,-4.4609
4593262,-4.4576
4593791,-4.4542
4594320,-4.4509
4594849,-4.4475
4595378,-4.4441
4595907,-4.4408
4596436,-4.4374
4596966,-4.4341
4597495,-4.4307
4598024,-4.4273
4598554,-4.4240
4599083,-4.4206
4599613,-4.4172
4600142,-4.4139
4600672,-4.4105
4601202,-4.4071
4601731,-4.4038
4602261,-4.4004
4602791,-4.3970
4603321,-4.3936
4603851,-4.3903
4604381,-4.3869
4604911,-4.3835
4605441,-4.3801
4605972,-4.3767
4606502,-4.3733
4607032,-4.3700
4607563,-4.3666
4608093,-4.3632
4608624,-4.3598
4609154,-4.3564
4609685,-4.3530
4610216,-4.3496
4610747,-4.3462
4611277,-4.3428
4611808,-4.3394
4612339,-4.3360
4612870,-4.3326
4613402,-4.3292
4613933,-4.3258
4614464,-4.3224
4614995,-4.3190
4615527,-4.3156
4616058,-4.3122
4616589,-4.3088
4617121,-4.3054
4617653,-4.3020
4618184,-4.2986
4618716,-4.2951
4619248,-4.2917
4619780,-4.2883
4620311,-4.2849
4620843,-4.2815
4621375,-4.2780
4621908,-4.2746
4622440,-4.2712
4622972,-4.2678
4623504,-4.2644
4624037,-4.2609
4624569,-4.2575
4625101,-4.2541
4625634,-4.2506
4626166,-4.2472
4626699,-4.2438
4627232,-4.2403
4627765,-4.2369
4628297,-4.2335
4628830,-4.2300
4629363,-4.2266
4629896,-4.2231
4630429,-4.2197
4630962,-4.2162
4631496,-4.2128
4632029,-4.2093
4632562,-4.2059
4633096,-4.2024
4633629,-4.1990
4634162,-4.1955
4634696,-4.1921
4635230,-4.1886
4635763,-4.1852
4636297,-4.1817
4636831,-4.1783
4637365,-4.1748
4637899,-4.1713
4638433,-4.1679
4638967,-4.1644
4639501,-4.1609
4640035,-4.1575
4640569,-4.1540
4641104,-4.1505
4641638,-4.1471
4642172,-4.1436
4642707,-4.1401
4643241,-4.1366
4643776,-4.1332
4644311,-4.1297
4644845,-4.1262
4645380,-4.1227
4645915,-4.1192
4646450,-4.1158
4646985,-4.1123
4647520,-4.1088
4648055,-4.1053
4648590,-4.1018
4649125,-4.0983
4649661,-4.0948
4650196,-4.0913
4650731,-4.0878
4651267,-4.0843
4651802,-4.0808
4652338,-4.0773
4652874,-4.0738
4653409,-4.0703
4653945,-4.0668
4654481,-4.0633
4655017,-4.0598
4655553,-4.0563
4656089,-4.0528
4656625,-4.0493
4657161,-4.0458
4657697,-4.0423
4658234,-4.0388
4658770,-4.0353
4659306,-4.0317
4659843,-4.0282
4660379,-4.0247
4660916,-4.0212
4661452,-4.0177
4661989,-4.0141
4662526,-4.0106
4663063,-4.0071
4663600,-4.0036
4664137,-4.0000
4664674,-3.9965
4665211,-3.9930
4665748,-3.9894
4666285,-3.9859
4666822,-3.9824
4667360,-3.9788
4667897,-3.9753
4668434,-3.9718
4668972,-3.9682
4669509,-3.9647
4670047,-3.9611
4670585,-3.9576
4671122,-3.9540
4671660,-3.9505
4672198,-3.9469
4672736,-3.9434
4673274,-3.9398
4673812,-3.9363
4674350,-3.9327
4674888,-3.9292
4675427,-3.9256
4675965,-3.9221
4676503,-3.9185
4677042,-3.9149
4677580,-3.9114
4678119,-3.9078
4678658,-3.9042
4679196,-3.9007
4679735,-3.8971
4680274,-3.8935
4680813,-3.8900
4681352,-3.8864
4681891,-3.8828
4682430,-3.8792
4682969,-3.8757
4683508,-3.8721
4684047,-3.8685
4684586,-3.8649
4685126,-3.8613
4685665,-3.8577
4686205,-3.8542
4686744,-3.8506
4687284,-3.8470
4687824,-3.8434
4688363,-3.8398
4688903,-3.8362
4689443,-3.8326
4689983,-3.8290
4690523,-3.8254
4691063,-3.8218
4691603,-3.8182
4692143,-3.8146
4692683,-3.8110
4693224,-3.8074
4693764,-3.8038
4694304,-3.8002
4694845,-3.7966
4695386,-3.7930
4695926,-3.7894
4696467,-3.7858
4697008,-3.7822
4697548,-3.7785
4698089,-3.7749
4698630,-3.7713
4699171,-3.7677
4699712,-3.7641
4700253,-3.7604
4700794,-3.7568
4701336,-3.7532
4701877,-3.7496
4702418,-3.7459
4702960,-3.7423
4703501,-3.7387
4704043,-3.7350
4704584,-3.7314
4705126,-3.7278
4705668,-3.7241
4706209,-3.7205
4706751,-3.7169
4707293,-3.7132
4707835,-3.7096
4708377,-3.7059
4708919,-3.7023
4709462,-3.6986
4710004,-3.6950
4710546,-3.6913
4711088,-3.6877
4711631,-3.6840
4712173,-3.6804
4712716,-3.6767
4713258,-3.6731
4713801,-3.6694
4714344,-3.6658
4714887,-3.6621
4715429,-3.6584
4715972,-3.6548
4716515,-3.6511
4717058,-3.6474
4717602,-3.6438
4718145,-3.6401
4718688,-3.6364
4719231,-3.6328
4719775,-3.6291
4720318,-3.6254
4720861,-3.6217
4721405,-3.6180
4721949,-3.6144
4722492,-3.6107
4723036,-3.6070
4723580,-3.6033
4724124,-3.5996
4724668,-3.5959
4725212,-3.5923
4725756,-3.5886
4726300,-3.5849
4726844,-3.5812
4727388,-3.5775
4727932,-3.5738
4728477,-3.5701
4729021,-3.5664
4729566,-3.5627
4730110,-3.5590
4730655,-3.5553
4731199,-3.5516
4731744,-3.5479
4732289,-3.5442
4732834,-3.5405
4733379,-3.5368
4733924,-3.5330
4734469,-3.5293
4735014,-3.5256
4735559,-3.5219
4736104,-3.5182
4736650,-3.5145
4737195,-3.5107
4737740,-3.5070
4738286,-3.5033
4738831,-3.4996
4739377,-3.4958
4739923,-3.4921
4740468,-3.4884
4741014,-3.4846
4741560,-3.4809
4742106,-3.4772
4742652,-3.4734
4743198,-3.4697
4743744,-3.4660
4744290,-3.4622
4744837,-3.4585
4745383,-3.4547
4745929,-3.4510
4746476,-3.4472
4747022,-3.4435
4747569,-3.4398
4748115,-3.4360
4748662,-3.4322
4749209,-3.4285
4749756,-3.4247
4750302,-3.4210
4750849,-3.4172
4751396,-3.4135
4751943,-3.4097
4752490,-3.4059
4753038,-3.4022
4753585,-3.3984
4754132,-3.3946
4754680,-3.3909
4755227,-3.3871
4755775,-3.3833
4756322,-3.3796
4756870,-3.3758
4757417,-3.3720
4757965,-3.3682
4758513,-3.3645
4759061,-3.3607
4759609,-3.3569
4760157,-3.3531
4760705,-3.3493
4761253,-3.3455
4761801,-3.3417
4762349,-3.3380
4762898,-3.3342
4763446,-3.3304
4763995,-3.3266
4764543,-3.3228
4765092,-3.3190
4765640,-3.3152
4766189,-3.3114
4766738,-3.3076
4767287,-3.3038
4767835,-3.3000
4768384,-3.2962
4768933,-3.2924
4769482,-3.2885
4770032,-3.2847
4770581,-3.2809
4771130,-3.2771
4771679,-3.2733
4772229,-3.2695
4772778,-3.2657
4773328,-3.2618
4773877,-3.2580
4774427,-3.2542
4774977,-3.2504
4775526,-3.2465
4776076,-3.2427
4776626,-3.2389
4777176,-3.2350
4777726,-3.2312
4778276,-3.2274
4778826,-3.2235
4779377,-3.2197
4779927,-3.2159
4780477,-3.2120
4781028,-3.2082
4781578,-3.2043
4782129,-3.2005
4782679,-3.1966
4783230,-3.1928
4783781,-3.1890
4784331,-3.1851
4784882,-3.1812
4785433,-3.1774
4785984,-3.1735
4786535,-3.1697
4787086,-3.1658
4787637,-3.1620
4788189,-3.1581
4788740,-3.1542
4789291,-3.1504
4789843,-3.1465
4790394,-3.1426
4790946,-3.1388
4791497,-3.1349
4792049,-3.1310
4792601,-3.1271
4793153,-3.1233
4793704,-3.1194
4794256,-3.1155
4794808,-3.1116
4795360,-3.1077
4795913,-3.1039
4796465,-3.1000
4797017,-3.0961
4797569,-3.0922
4798122,-3.0883
4798674,-3.0844
4799227,-3.0805
4799779,-3.0766
4800332,-3.0727
4800884,-3.0688
4801437,-3.0649
4801990,-3.0610
4802543,-3.0571
4803096,-3.0532
4803649,-3.0493
4804202,-3.0454
4804755,-3.0415
4805308,-3.0376
4805862,-3.0337
4806415,-3.0298
4806968,-3.0258
4807522,-3.0219
4808075,-3.0180
4808629,-3.0141
4809182,-3.0102
4809736,-3.0062
4810290,-3.0023
4810844,-2.9984
4811398,-2.9945
4811952,-2.9905
4812506,-2.9866
4813060,-2.9827
4813614,-2.9787
4814168,-2.9748
4814722,-2.9709
4815277,-2.9669
4815831,-2.9630
4816386,-2.9590
4816940,-2.9551
4817495,-2.9511
4818049,-2.9472
4818604,-2.9432
4819159,-2.9393
4819714,-2.9353
4820269,-2.9314
4820824,-2.9274
4821379,-2.9235
4821934,-2.9195
4822489,-2.9155
4823044,-2.9116
4823600,-2.9076
4824155,-2.9037
4824710,-2.8997
4825266,-2.8957
4825822,-2.8917
4826377,-2.8878
4826933,-2.8838
4827489,-2.8798
4828044,-2.8758
4828600,-2.8719
4829156,-2.8679
4829712,-2.8639
4830268,-2.8599
4830824,-2.8559
4831381,-2.8520
4831937,-2.8480
4832493,-2.8440
4833050,-2.8400
4833606,-2.8360
4834163,-2.8320
4834719,-2.8280
4835276,-2.8240
4835833,-2.8200
4836389,-2.8160
4836946,-2.8120
4837503,-2.8080
4838060,-2.8040
4838617,-2.8000
4839174,-2.7960
4839731,-2.7920
4840289,-2.7879
4840846,-2.7839
4841403,-2.7799
4841961,-2.7759
4842518,-2.7719
4843076,-2.7678
4843633,-2.7638
4844191,-2.7598
4844749,-2.7558
4845307,-2.7517
4845864,-2.7477
4846422,-2.7437
4846980,-2.7396
4847538,-2.7356
4848096,-2.7316
4848655,-2.7275
4849213,-2.7235
4849771,-2.7195
4850330,-2.7154
4850888,-2.7114
4851447,-2.7073
4852005,-2.7033
4852564,-2.6992
4853123,-2.6952
4853681,-2.6911
4854240,-2.6871
4854799,-2.6830
4855358,-2.6790
4855917,-2.6749
4856476,-2.6708
4857035,-2.6668
4857594,-2.6627
4858154,-2.6586
4858713,-2.6546
4859273,-2.6505
4859832,-2.6464
4860392,-2.6424
4860951,-2.6383
4861511,-2.6342
4862071,-2.6301
4862630,-2.6260
4863190,-2.6220
4863750,-2.6179
4864310,-2.6138
4864870,-2.6097
4865430,-2.6056
4865990,-2.6015
4866551,-2.5974
4867111,-2.5933
4867671,-2.5892
4868232,-2.5852
4868792,-2.5811
4869353,-2.5770
4869914,-2.5729
4870474,-2.5687
4871035,-2.5646
4871596,-2.5605
4872157,-2.5564
4872718,-2.5523
4873279,-2.5482
4873840,-2.5441
4874401,-2.5400
4874962,-2.5359
4875524,-2.5317
4876085,-2.5276
4876646,-2.5235
4877208,-2.5194
4877769,-2.5152
4878331,-2.5111
4878893,-2.5070
4879454,-2.5029
4880016,-2.4987
4880578,-2.4946
4881140,-2.4904
4881702,-2.4863
4882264,-2.4822
4882826,-2.4780
4883388,-2.4739
4883951,-2.4697
4884513,-2.4656
4885075,-2.4614
4885638,-2.4573
4886200,-2.4531
4886763,-2.4490
4887325,-2.4448
4887888,-2.4407
4888451,-2.4365
4889014,-2.4324
4889577,-2.4282
4890140,-2.4240
4890703,-2.4199
4891266,-2.4157
4891829,-2.4115
4892392,-2.4074
4892955,-2.4032
4893519,-2.3990
4894082,-2.3948
4894646,-2.3907
4895209,-2.3865
4895773,-2.3823
4896336,-2.3781
4896900,-2.3739
4897464,-2.3697
4898028,-2.3655
4898592,-2.3614
4899156,-2.3572
4899720,-2.3530
4900284,-2.3488
4900848,-2.3446
4901413,-2.3404
4901977,-2.3362
4902541,-2.3320
4903106,-2.3278
4903670,-2.3236
4904235,-2.3194
4904799,-2.3151
4905364,-2.3109
4905929,-2.3067
4906494,-2.3025
4907059,-2.2983
4907624,-2.2941
4908189,-2.2898
4908754,-2.2856
4909319,-2.2814
4909884,-2.2772
4910450,-2.2729
4911015,-2.2687
4911580,-2.2645
4912146,-2.2603
4912711,-2.2560
4913277,-2.2518
4913843,-2.2475
4914409,-2.2433
4914974,-2.2391
4915540,-2.2348
4916106,-2.2306
4916672,-2.2263
4917238,-2.2221
4917804,-2.2178
4918371,-2.2136
4918937,-2.2093
4919503,-2.2051
4920070,-2.2008
4920636,-2.1965
4921203,-2.1923
4921769,-2.1880
4922336,-2.1837
4922903,-2.1795
4923470,-2.1752
4924036,-2.1709
4924603,-2.1667
4925170,-2.1624
4925737,-2.1581
4926305,-2.1538
4926872,-2.1496
4927439,-2.1453
4928006,-2.1410
4928574,-2.1367
4929141,-2.1324
4929709,-2.1281
4930276,-2.1238
4930844,-2.1195
4931412,-2.1153
4931979,-2.1110
4932547,-2.1067
4933115,-2.1024
4933683,-2.0981
4934251,-2.0938
4934819,-2.0894
4935387,-2.0851
4935956,-2.0808
4936524,-2.0765
4937092,-2.0722
4937661,-2.0679
4938229,-2.0636
4938798,-2.0593
4939367,-2.0549
4939935,-2.0506
4940504,-2.0463
4941073,-2.0420
4941642,-2.0376
4942211,-2.0333
4942780,-2.0290
4943349,-2.0246
4943918,-2.0203
4944487,-2.0160
4945056,-2.0116
4945626,-2.0073
4946195,-2.0029
4946765,-1.9986
4947334,-1.9943
4947904,-1.9899
4948474,-1.9856
4949043,-1.9812
4949613,-1.9769
4950183,-1.9725
4950753,-1.9681
4951323,-1.9638
4951893,-1.9594
4952463,-1.9551
4953033,-1.9507
4953604,-1.9463
4954174,-1.9420
4954744,-1.9376
4955315,-1.9332
4955885,-1.9288
4956456,-1.9245
4957027,-1.9201
4957597,-1.9157
4958168,-1.9113
4958739,-1.9069
4959310,-1.9025
4959881,-1.8982
4960452,-1.8938
4961023,-1.8894
4961594,-1.8850
4962166,-1.8806
4962737,-1.8762
4963308,-1.8718
4963880,-1.8674
4964451,-1.8630
4965023,-1.8586
4965595,-1.8542
4966166,-1.8498
4966738,-1.8454
4967310,-1.8409
4967882,-1.8365
4968454,-1.8321
4969026,-1.8277
4969598,-1.8233
4970170,-1.8189
4970742,-1.8144
4971315,-1.8100
4971887,-1.8056
4972460,-1.8012
4973032,-1.7967
4973605,-1.7923
4974177,-1.7879
4974750,-1.7834
4975323,-1.7790
4975896,-1.7745
4976468,-1.7701
4977041,-1.7656
4977614,-1.7612
4978188,-1.7567
4978761,-1.7523
4979334,-1.7478
4979907,-1.7434
4980481,-1.7389
4981054,-1.7345
4981628,-1.7300
4982201,-1.7256
4982775,-1.7211
4983348,-1.7166
4983922,-1.7122
4984496,-1.7077
4985070,-1.7032
4985644,-1.6987
4986218,-1.6943
4986792,-1.6898
4987366,-1.6853
4987940,-1.6808
4988515,-1.6763
4989089,-1.6719
4989663,-1.6674
4990238,-1.6629
4990813,-1.6584
4991387,-1.6539
4991962,-1.6494
4992537,-1.6449
4993111,-1.6404
4993686,-1.6359
4994261,-1.6314
4994836,-1.6269
4995411,-1.6224
4995986,-1.6179
4996562,-1.6134
4997137,-1.6088
4997712,-1.6043
4998288,-1.5998
4998863,-1.5953
4999439,-1.5908
5000014,-1.5862
5000590,-1.5817
5001166,-1.5772
5001742,-1.5727
5002318,-1.5681
5002893,-1.5636
5003469,-1.5591
5004046,-1.5545
5004622,-1.5500
5005198,-1.5455
5005774,-1.5409
5006351,-1.5364
5006927,-1.5318
5007503,-1.5273
5008080,-1.5227
5008657,-1.5182
5009233,-1.5136
5009810,-1.5090
5010387,-1.5045
5010964,-1.4999
5011541,-1.4954
5012118,-1.4908
5012695,-1.4862
5013272,-1.4817
5013849,-1.4771
5014426,-1.4725
5015004,-1.4679
5015581,-1.4634
5016159,-1.4588
5016736,-1.4542
5017314,-1.4496
5017891,-1.4450
5018469,-1.4405
5019047,-1.4359
5019625,-1.4313
5020203,-1.4267
5020781,-1.4221
5021359,-1.4175
5021937,-1.4129
5022515,-1.4083
5023093,-1.4037
5023672,-1.3991
5024250,-1.3945
5024829,-1.3899
5025407,-1.3852
5025986,-1.3806
5026564,-1.3760
5027143,-1.3714
5027722,-1.3668
5028301,-1.3622
5028880,-1.3575
5029459,-1.3529
5030038,-1.3483
5030617,-1.3436
5031196,-1.3390
5031775,-1.3344
5032355,-1.3297
5032934,-1.3251
5033514,-1.3205
5034093,-1.3158
5034673,-1.3112
5035253,-1.3065
5035832,-1.3019
5036412,-1.2972
5036992,-1.2926
5037572,-1.2879
5038152,-1.2833
5038732,-1.2786
5039312,-1.2739
5039892,-1.2693
5040473,-1.2646
5041053,-1.2599
5041633,-1.2553
5042214,-1.2506
5042794,-1.2459
5043375,-1.2413
5043956,-1.2366
5044536,-1.2319
5045117,-1.2272
5045698,-1.2225
5046279,-1.2178
5046860,-1.2132
5047441,-1.2085
5048022,-1.2038
5048603,-1.1991
5049185,-1.1944
5049766,-1.1897
5050347,-1.1850
5050929,-1.1803
5051510,-1.1756
5052092,-1.1709
5052674,-1.1662
5053255,-1.1614
5053837,-1.1567
5054419,-1.1520
5055001,-1.1473
5055583,-1.1426
5056165,-1.1379
5056747,-1.1331
5057330,-1.1284
5057912,-1.1237
5058494,-1.1189
5059077,-1.1142
5059659,-1.1095
5060242,-1.1047
5060824,-1.1000
5061407,-1.0953
5061990,-1.0905
5062572,-1.0858
5063155,-1.0810
5063738,-1.0763
5064321,-1.0715
5064904,-1.0668
5065488,-1.0620
5066071,-1.0572
5066654,-1.0525
5067237,-1.0477
5067821,-1.0430
5068404,-1.0382
5068988,-1.0334
5069572,-1.0286
5070155,-1.0239
5070739,-1.0191
5071323,-1.0143
5071907,-1.0095
5072491,-1.0048
5073075,-1.0000
5073659,-0.9952
5074243,-0.9904
5074827,-0.9856
5075411,-0.9808
5075996,-0.9760
5076580,-0.9712
5077165,-0.9664
5077749,-0.9616
5078334,-0.9568
5078919,-0.9520
5079503,-0.9472
5080088,-0.9424
5080673,-0.9376
5081258,-0.9328
5081843,-0.9279
5082428,-0.9231
5083013,-0.9183
5083599,-0.9135
5084184,-0.9086
5084769,-0.9038
5085355,-0.8990
5085940,-0.8942
5086526,-0.8893
5087111,-0.8845
5087697,-0.8796
5088283,-0.8748
5088869,-0.8700
5089455,-0.8651
5090041,-0.8603
5090627,-0.8554
5091213,-0.8506
5091799,-0.8457
5092385,-0.8409
5092972,-0.8360
5093558,-0.8311
5094144,-0.8263
5094731,-0.8214
5095318,-0.8165
5095904,-0.8117
5096491,-0.8068
5097078,-0.8019
5097665,-0.7970
5098251,-0.7922
5098838,-0.7873
5099426,-0.7824
5100013,-0.7775
5100600,-0.7726
5101187,-0.7677
5101774,-0.7628
5102362,-0.7579
5102949,-0.7530
5103537,-0.7481
5104124,-0.7432
5104712,-0.7383
5105300,-0.7334
5105888,-0.7285
5106476,-0.7236
5107063,-0.7187
5107651,-0.7138
5108240,-0.7089
5108828,-0.7039
5109416,-0.6990
5110004,-0.6941
5110593,-0.6892
5111181,-0.6842
5111769,-0.6793
5112358,-0.6744
5112947,-0.6694
5113535,-0.6645
5114124,-0.6596
5114713,-0.6546
5115302,-0.6497
5115891,-0.6447
5116480,-0.6398
5117069,-0.6348
5117658,-0.6299
5118247,-0.6249
5118836,-0.6200
5119426,-0.6150
5120015,-0.6100
5120605,-0.6051
5121194,-0.6001
5121784,-0.5951
5122374,-0.5902
5122963,-0.5852
5123553,-0.5802
5124143,-0.5752
5124733,-0.5702
5125323,-0.5653
5125913,-0.5603
5126503,-0.5553
5127094,-0.5503
5127684,-0.5453
5128274,-0.5403
5128865,-0.5353
5129455,-0.5303
5130046,-0.5253
5130637,-0.5203
5131227,-0.5153
5131818,-0.5103
5132409,-0.5053
5133000,-0.5003
5133591,-0.4952
5134182,-0.4902
5134773,-0.4852
5135364,-0.4802
5135956,-0.4751
5136547,-0.4701
5137138,-0.4651
5137730,-0.4600
5138321,-0.4550
5138913,-0.4500
5139505,-0.4449
5140096,-0.4399
5140688,-0.4348
5141280,-0.4298
5141872,-0.4248
5142464,-0.4197
5143056,-0.4146
5143648,-0.4096
5144240,-0.4045
5144833,-0.3995
5145425,-0.3944
5146017,-0.3893
5146610,-0.3843
5147203,-0.3792
5147795,-0.3741
5148388,-0.3690
5148981,-0.3640
5149573,-0.3589
5150166,-0.3538
5150759,-0.3487
5151352,-0.3436
5151945,-0.3385
5152539,-0.3334
5153132,-0.3284
5153725,-0.3233
5154319,-0.3182
5154912,-0.3131
5155506,-0.3079
5156099,-0.3028
5156693,-0.2977
5157286,-0.2926
5157880,-0.2875
5158474,-0.2824
5159068,-0.2773
5159662,-0.2721
5160256,-0.2670
5160850,-0.2619
5161444,-0.2568
5162039,-0.2516
5162633,-0.2465
5163227,-0.2414
5163822,-0.2362
5164416,-0.2311
5165011,-0.2259
5165606,-0.2208
5166200,-0.2156
5166795,-0.2105
5167390,-0.2053
5167985,-0.2002
5168580,-0.1950
5169175,-0.1899
5169770,-0.1847
5170366,-0.1795
5170961,-0.1744
5171556,-0.1692
5172152,-0.1640
5172747,-0.1588
5173343,-0.1537
5173938,-0.1485
5174534,-0.1433
5175130,-0.1381
5175726,-0.1329
5176322,-0.1277
5176918,-0.1225
5177514,-0.1174
5178110,-0.1122
5178706,-0.1070
5179302,-0.1018
5179899,-0.0965
5180495,-0.0913
5181091,-0.0861
5181688,-0.0809
5182285,-0.0757
5182881,-0.0705
5183478,-0.0653
5184075,-0.0600
5184672,-0.0548
5185269,-0.0496
5185866,-0.0444
5186463,-0.0391
5187060,-0.0339
5187657,-0.0286
5188254,-0.0234
5188852,-0.0182
5189449,-0.0129
5190047,-0.0077
5190644,-0.0024
5191242,0.0028
5191839,0.0081
5192437,0.0133
5193035,0.0186
5193633,0.0239
5194231,0.0291
5194829,0.0344
5195427,0.0397
5196025,0.0449
5196624,0.0502
5197222,0.0555
5197820,0.0608
5198419,0.0661
5199017,0.0714
5199616,0.0766
5200214,0.0819
5200813,0.0872
5201412,0.0925
5202011,0.0978
5202610,0.1031
5203209,0.1084
5203808,0.1137
5204407,0.1190
5205006,0.1244
5205606,0.1297
5206205,0.1350
5206804,0.1403
5207404,0.1456
5208003,0.1510
5208603,0.1563
5209203,0.1616
5209802,0.1669
5210402,0.1723
5211002,0.1776
5211602,0.1830
5212202,0.1883
5212802,0.1936
5213402,0.1990
5214003,0.2043
5214603,0.2097
5215203,0.2150
5215804,0.2204
5216404,0.2258
5217005,0.2311
5217606,0.2365
5218206,0.2419
5218807,0.2472
5219408,0.2526
5220009,0.2580
5220610,0.2634
5221211,0.2688
5221812,0.2741
5222413,0.2795
5223015,0.2849
5223616,0.2903
5224218,0.2957
5224819,0.3011
5225421,0.3065
5226022,0.3119
5226624,0.3173
5227226,0.3227
5227828,0.3281
5228429,0.3335
5229031,0.3390
5229634,0.3444
5230236,0.3498
5230838,0.3552
5231440,0.3607
5232042,0.3661
5232645,0.3715
5233247,0.3770
5233850,0.3824
5234452,0.3878
5235055,0.3933
5235658,0.3987
5236261,0.4042
5236864,0.4096
5237466,0.4151
5238069,0.4205
5238673,0.4260
5239276,0.4315
5239879,0.4369
5240482,0.4424
5241086,0.4479
5241689,0.4533
5242293,0.4588
5242896,0.4643
5243500,0.4698
5244104,0.4752
5244707,0.4807
5245311,0.4862
5245915,0.4917
5246519,0.4972
5247123,0.5027
5247727,0.5082
5248331,0.5137
5248936,0.5192
5249540,0.5247
5250144,0.5302
5250749,0.5357
5251354,0.5413
5251958,0.5468
5252563,0.5523
5253168,0.5578
5253772,0.5634
5254377,0.5689
5254982,0.5744
5255587,0.5800
5256192,0.5855
5256798,0.5910
5257403,0.5966
5258008,0.6021
5258614,0.6077
5259219,0.6132
5259825,0.6188
5260430,0.6243
5261036,0.6299
5261642,0.6355
5262247,0.6410
5262853,0.6466
5263459,0.6522
5264065,0.6577
5264671,0.6633
5265277,0.6689
5265884,0.6745
5266490,0.6801
5267096,0.6857
5267703,0.6913
5268309,0.6969
5268916,0.7024
5269522,0.7080
5270129,0.7137
5270736,0.7193
5271343,0.7249
5271950,0.7305
5272557,0.7361
5273164,0.7417
5273771,0.7473
5274378,0.7530
5274985,0.7586
5275593,0.7642
5276200,0.7698
5276808,0.7755
5277415,0.7811
5278023,0.7867
5278630,0.7924
5279238,0.7980
5279846,0.8037
5280454,0.8093
5281062,0.8150
5281670,0.8206
5282278,0.8263
5282886,0.8320
5283494,0.8376
5284103,0.8433
5284711,0.8490
5285320,0.8546
5285928,0.8603
5286537,0.8660
5287145,0.8717
5287754,0.8774
5288363,0.8831
5288972,0.8888
5289581,0.8944
5290190,0.9001
5290799,0.9058
5291408,0.9115
5292017,0.9173
5292627,0.9230
5293236,0.9287
5293845,0.9344
5294455,0.9401
5295065,0.9458
5295674,0.9515
5296284,0.9573
5296894,0.9630
5297504,0.9687
5298113,0.9745
5298723,0.9802
5299334,0.9859
5299944,0.9917
5300554,0.9974
5301164,1.0032
5301775,1.0089
5302385,1.0147
5302995,1.0205
5303606,1.0262
5304217,1.0320
5304827,1.0378
5305438,1.0435
5306049,1.0493
5306660,1.0551
5307271,1.0609
5307882,1.0666
5308493,1.0724
5309104,1.0782
5309716,1.0840
5310327,1.0898
5310938,1.0956
5311550,1.1014
5312161,1.1072
5312773,1.1130
5313385,1.1188
5313996,1.1246
5314608,1.1304
5315220,1.1363
5315832,1.1421
5316444,1.1479
5317056,1.1537
5317668,1.1596
5318281,1.1654
5318893,1.1712
5319505,1.1771
5320118,1.1829
5320730,1.1888
5321343,1.1946
5321956,1.2005
5322568,1.2063
5323181,1.2122
5323794,1.2180
5324407,1.2239
5325020,1.2298
5325633,1.2356
5326246,1.2415
5326860,1.2474
5327473,1.2533
5328086,1.2591
5328700,1.2650
5329313,1.2709
5329927,1.2768
5330541,1.2827
5331154,1.2886
5331768,1.2945
5332382,1.3004
5332996,1.3063
5333610,1.3122
5334224,1.3181
5334838,1.3240
5335452,1.3300
5336067,1.3359
5336681,1.3418
5337296,1.3477
5337910,1.3537
5338525,1.3596
5339139,1.3655
5339754,1.3715
5340369,1.3774
5340984,1.3834
5341599,1.3893
5342214,1.3953
5342829,1.4012
5343444,1.4072
5344059,1.4132
5344674,1.4191
5345290,1.4251
5345905,1.4311
5346521,1.4370
5347136,1.4430
5347752,1.4490
5348368,1.4550
5348983,1.4610
5349599,1.4670
5350215,1.4730
5350831,1.4790
5351447,1.4850
5352063,1.4910
5352680,1.4970
5353296,1.5030
5353912,1.5090
5354529,1.5150
5355145,1.5210
5355762,1.5270
5356378,1.5331
5356995,1.5391
5357612,1.5451
5358229,1.5512
5358846,1.5572
5359463,1.5632
5360080,1.5693
5360697,1.5753
5361314,1.5814
5361931,1.5874
5362549,1.5935
5363166,1.5996
5363784,1.6056
5364401,1.6117
5365019,1.6178
5365637,1.6238
5366254,1.6299
5366872,1.6360
5367490,1.6421
5368108,1.6482
5368726,1.6543
5369344,1.6604
5369963,1.6665
5370581,1.6726
5371199,1.6787
5371818,1.6848
5372436,1.6909
5373055,1.6970
5373673,1.7031
5374292,1.7092
5374911,1.7153
5375530,1.7215
5376148,1.7276
5376767,1.7337
5377387,1.7399
5378006,1.7460
5378625,1.7522
5379244,1.7583
5379863,1.7644
5380483,1.7706
5381102,1.7768
5381722,1.7829
5382342,1.7891
5382961,1.7952
5383581,1.8014
5384201,1.8076
5384821,1.8138
5385441,1.8199
5386061,1.8261
5386681,1.8323
5387301,1.8385
5387921,1.8447
5388542,1.8509
5389162,1.8571
5389783,1.8633
5390403,1.8695
5391024,1.8757
5391645,1.8819
5392265,1.8881
5392886,1.8944
5393507,1.9006
5394128,1.9068
5394749,1.9130
5395370,1.9193
5395991,1.9255
5396613,1.9317
5397234,1.9380
5397856,1.9442
5398477,1.9505
5399099,1.9567
5399720,1.9630
5400342,1.9693
5400964,1.9755
5401585,1.9818
5402207,1.9881
5402829,1.9943
5403451,2.0006
5404074,2.0069
5404696,2.0132
5405318,2.0195
5405940,2.0258
5406563,2.0320
5407185,2.0383
5407808,2.0446
5408431,2.0510
5409053,2.0573
5409676,2.0636
5410299,2.0699
5410922,2.0762
5411545,2.0825
5412168,2.0889
5412791,2.0952
5413414,2.1015
5414037,2.1079
5414661,2.1142
5415284,2.1205
5415908,2.1269
5416531,2.1332
5417155,2.1396
5417779,2.1459
5418402,2.1523
5419026,2.1587
5419650,2.1650
5420274,2.1714
5420898,2.1778
5421522,2.1842
5422147,2.1905
5422771,2.1969
5423395,2.2033
5424020,2.2097
5424644,2.2161
5425269,2.2225
5425893,2.2289
5426518,2.2353
5427143,2.2417
5427768,2.2481
5428393,2.2546
5429018,2.2610
5429643,2.2674
5430268,2.2738
5430893,2.2803
5431518,2.2867
5432144,2.2931
5432769,2.2996
5433395,2.3060
5434020,2.3125
5434646,2.3189
5435272,2.3254
5435897,2.3318
5436523,2.3383
5437149,2.3448
5437775,2.3512
5438401,2.3577
5439028,2.3642
5439654,2.3707
5440280,2.3772
5440906,2.3837
5441533,2.3901
5442159,2.3966
5442786,2.4031
5443413,2.4096
5444039,2.4162
5444666,2.4227
5445293,2.4292
5445920,2.4357
5446547,2.4422
5447174,2.4487
5447801,2.4553
5448428,2.4618
5449056,2.4683
5449683,2.4749
5450311,2.4814
5450938,2.4880
5451566,2.4945
5452193,2.5011
5452821,2.5076
5453449,2.5142
5454077,2.5208
5454705,2.5273
5455333,2.5339
5455961,2.5405
5456589,2.5471
5457217,2.5537
5457846,2.5603
5458474,2.5668
5459103,2.5734
5459731,2.5800
5460360,2.5866
5460988,2.5932
5461617,2.5999
5462246,2.6065
5462875,2.6131
5463504,2.6197
5464133,2.6263
5464762,2.6330
5465391,2.6396
5466020,2.6462
5466650,2.6529
5467279,2.6595
5467909,2.6662
5468538,2.6728
5469168,2.6795
5469798,2.6861
5470427,2.6928
5471057,2.6995
5471687,2.7062
5472317,2.7128
5472947,2.7195
5473577,2.7262
5474207,2.7329
5474838,2.7396
5475468,2.7463
5476099,2.7530
5476729,2.7597
5477360,2.7664
5477990,2.7731
5478621,2.7798
5479252,2.7865
5479883,2.7932
5480514,2.8000
5481145,2.8067
5481776,2.8134
5482407,2.8202
5483038,2.8269
5483669,2.8336
5484301,2.8404
5484932,2.8471
5485564,2.8539
5486195,2.8607
5486827,2.8674
5487459,2.8742
5488090,2.8810
5488722,2.8877
5489354,2.8945
5489986,2.9013
5490618,2.9081
5491250,2.9149
5491883,2.9217
5492515,2.9285
5493147,2.9353
5493780,2.9421
5494412,2.9489
5495045,2.9557
5495678,2.9625
5496310,2.9694
5496943,2.9762
5497576,2.9830
5498209,2.9899
5498842,2.9967
5499475,3.0035
5500108,3.0104
5500742,3.0172
5501375,3.0241
5502008,3.0310
5502642,3.0378
5503276,3.0447
5503909,3.0516
5504543,3.0584
5505177,3.0653
5505810,3.0722
5506444,3.0791
5507078,3.0860
5507712,3.0929
5508347,3.0998
5508981,3.1067
5509615,3.1136
5510249,3.1205
5510884,3.1274
5511518,3.1343
5512153,3.1413
5512788,3.1482
5513422,3.1551
5514057,3.1621
5514692,3.1690
5515327,3.1759
5515962,3.1829
5516597,3.1898
5517232,3.1968
5517867,3.2038
5518503,3.2107
5519138,3.2177
5519773,3.2247
5520409,3.2316
5521045,3.2386
5521680,3.2456
5522316,3.2526
5522952,3.2596
5523588,3.2666
5524224,3.2736
5524860,3.2806
5525496,3.2876
5526132,3.2946
5526768,3.3017
5527405,3.3087
5528041,3.3157
5528677,3.3227
5529314,3.3298
5529951,3.3368
5530587,3.3439
5531224,3.3509
5531861,3.3580
5532498,3.3650
5533135,3.3721
5533772,3.3791
5534409,3.3862
5535046,3.3933
5535684,3.4004
5536321,3.4074
5536958,3.4145
5537596,3.4216
5538233,3.4287
5538871,3.4358
5539509,3.4429
5540147,3.4500
5540784,3.4571
5541422,3.4643
5542060,3.4714
5542698,3.4785
5543337,3.4856
5543975,3.4928
5544613,3.4999
5545252,3.5070
5545890,3.5142
5546529,3.5213
5547167,3.5285
5547806,3.5357
5548445,3.5428
5549083,3.5500
5549722,3.5572
5550361,3.5643
5551000,3.5715
5551639,3.5787
5552279,3.5859
5552918,3.5931
5553557,3.6003
5554197,3.6075
5554836,3.6147
5555476,3.6219
5556115,3.6291
5556755,3.6363
5557395,3.6436
5558035,3.6508
5558675,3.6580
5559315,3.6653
5559955,3.6725
5560595,3.6798
5561235,3.6870
5561875,3.6943
5562516,3.7015
5563156,3.7088
5563797,3.7161
5564437,3.7233
5565078,3.7306
5565719,3.7379
5566360,3.7452
5567000,3.7525
5567641,3.7598
5568282,3.7671
5568924,3.7744
5569565,3.7817
5570206,3.7890
5570847,3.7963
5571489,3.8036
5572130,3.8110
5572772,3.8183
5573413,3.8256
5574055,3.8330
5574697,3.8403
5575339,3.8477
5575981,3.8550
5576623,3.8624
5577265,3.8697
5577907,3.8771
5578549,3.8845
5579191,3.8919
5579834,3.8992
5580476,3.9066
5581119,3.9140
5581761,3.9214
5582404,3.9288
5583047,3.9362
5583689,3.9436
5584332,3.9510
5584975,3.9585
5585618,3.9659
5586261,3.9733
5586905,3.9807
5587548,3.9882
5588191,3.9956
5588835,4.0031
5589478,4.0105
5590122,4.0180
5590765,4.0254
5591409,4.0329
5592053,4.0404
5592697,4.0478
5593340,4.0553
5593984,4.0628
5594629,4.0703
5595273,4.0778
5595917,4.0853
5596561,4.0928
5597206,4.1003
5597850,4.1078
5598494,4.1153
5599139,4.1228
5599784,4.1304
5600428,4.1379
5601073,4.1454
5601718,4.1530
5602363,4.1605
5603008,4.1681
5603653,4.1756
5604298,4.1832
5604944,4.1907
5605589,4.1983
5606234,4.2059
5606880,4.2135
5607525,4.2210
5608171,4.2286
5608817,4.2362
5609463,4.2438
5610108,4.2514
5610754,4.2590
5611400,4.2666
5612046,4.2743
5612693,4.2819
5613339,4.2895
5613985,4.2971
5614631,4.3048
5615278,4.3124
5615924,4.3201
5616571,4.3277
5617218,4.3354
5617864,4.3430
5618511,4.3507
5619158,4.3584
5619805,4.3660
5620452,4.3737
5621099,4.3814
5621746,4.3891
5622394,4.3968
5623041,4.4045
5623688,4.4122
5624336,4.4199
5624984,4.4276
5625631,4.4353
5626279,4.4431
5626927,4.4508
5627575,4.4585
5628222,4.4663
5628870,4.4740
5629519,4.4818
5630167,4.4895
5630815,4.4973
5631463,4.5050
5632112,4.5128
5632760,4.5206
5633409,4.5284
5634057,4.5361
5634706,4.5439
5635355,4.5517
5636004,4.5595
5636652,4.5673
5637301,4.5751
5637950,4.5830
5638600,4.5908
5639249,4.5986
5639898,4.6064
5640547,4.6143
5641197,4.6221
5641846,4.6300
5642496,4.6378
5643146,4.6457
5643795,4.6535
5644445,4.6614
5645095,4.6693
5645745,4.6771
5646395,4.6850
5647045,4.6929
5647695,4.7008
5648346,4.7087
5648996,4.7166
5649646,4.7245
5650297,4.7324
5650947,4.7403
5651598,4.7483
5652249,4.7562
5652899,4.7641
5653550,4.7720
5654201,4.7800
5654852,4.7879
5655503,4.7959
5656154,4.8039
5656806,4.8118
5657457,4.8198
5658108,4.8278
5658760,4.8357
5659411,4.8437
5660063,4.8517
5660715,4.8597
5661366,4.8677
5662018,4.8757
5662670,4.8837
5663322,4.8917
5663974,4.8998
5664626,4.9078
5665278,4.9158
5665931,4.9239
5666583,4.9319
5667235,4.9400
5667888,4.9480
5668541,4.9561
5669193,4.9641
5669846,4.9722
5670499,4.9803
5671152,4.9884
5671805,4.9965
5672458,5.0045
5673111,5.0126
5673764,5.0207
5674417,5.0289
5675070,5.0370
5675724,5.0451
5676377,5.0532
5677031,5.0613
5677684,5.0695
5678338,5.0776
5678992,5.0858
5679646,5.0939
5680300,5.1021
5680954,5.1102
5681608,5.1184
5682262,5.1266
5682916,5.1348
5683571,5.1429
5684225,5.1511
5684879,5.1593
5685534,5.1675
5686189,5.1757
5686843,5.1839
5687498,5.1922
5688153,5.2004
5688808,5.2086
5689463,5.2168
5690118,5.2251
5690773,5.2333
5691428,5.2416
5692083,5.2498
5692739,5.2581
5693394,5.2664
5694050,5.2746
5694705,5.2829
5695361,5.2912
5696017,5.2995
5696673,5.3078
5697328,5.3161
5697984,5.3244
5698640,5.3327
5699297,5.3410
5699953,5.3494
5700609,5.3577
5701265,5.3660
5701922,5.3744
5702578,5.3827
5703235,5.3911
5703891,5.3994
5704548,5.4078
5705205,5.4162
5705862,5.4245
5706519,5.4329
5707176,5.4413
5707833,5.4497
5708490,5.4581
5709147,5.4665
5709805,5.4749
5710462,5.4833
5711120,5.4918
5711777,5.5002
5712435,5.5086
5713092,5.5171
5713750,5.5255
5714408,5.5340
5715066,5.5424
5715724,5.5509
5716382,5.5593
5717040,5.5678
5717699,5.5763
5718357,5.5848
5719015,5.5933
5719674,5.6018
5720332,5.6103
5720991,5.6188
5721650,5.6273
5722308,5.6358
5722967,5.6444
5723626,5.6529
5724285,5.6614
5724944,5.6700
5725603,5.6785
5726263,5.6871
5726922,5.6956
5727581,5.7042
5728241,5.7128
5728900,5.7214
5729560,5.7300
5730219,5.7386
5730879,5.7472
5731539,5.7558
5732199,5.7644
5732859,5.7730
5733519,5.7816
5734179,5.7902
5734839,5.7989
5735500,5.8075
5736160,5.8162
5736820,5.8248
5737481,5.8335
5738142,5.8421
5738802,5.8508
5739463,5.8595
5740124,5.8682
5740785,5.8769
5741446,5.8856
5742107,5.8943
5742768,5.9030
5743429,5.9117
5744090,5.9204
5744752,5.9292
5745413,5.9379
5746075,5.9466
5746736,5.9554
5747398,5.9641
5748059,5.9729
5748721,5.9817
5749383,5.9904
5750045,5.9992
5750707,6.0080
5751369,6.0168
5752031,6.0256
5752694,6.0344
5753356,6.0432
5754019,6.0520
5754681,6.0608
5755344,6.0696
5756006,6.0785
5756669,6.0873
5757332,6.0962
5757995,6.1050
5758658,6.1139
5759321,6.1228
5759984,6.1316
5760647,6.1405
5761310,6.1494
5761973,6.1583
5762637,6.1672
5763300,6.1761
5763964,6.1850
5764628,6.1939
5765291,6.2028
5765955,6.2118
5766619,6.2207
5767283,6.2296
5767947,6.2386
5768611,6.2476
5769275,6.2565
5769939,6.2655
5770604,6.2745
5771268,6.2834
5771933,6.2924
5772597,6.3014
5773262,6.3104
5773927,6.3194
5774591,6.3285
5775256,6.3375
5775921,6.3465
5776586,6.3555
5777251,6.3646
5777916,6.3736
5778582,6.3827
5779247,6.3917
5779912,6.4008
5780578,6.4099
5781243,6.4190
5781909,6.4281
5782575,6.4372
5783241,6.4463
5783906,6.4554
5784572,6.4645
5785238,6.4736
5785904,6.4827
5786571,6.4919
5787237,6.5010
5787903,6.5102
5788570,6.5193
5789236,6.5285
5789903,6.5376
5790569,6.5468
5791236,6.5560
5791903,6.5652
5792570,6.5744
5793236,6.5836
5793903,6.5928
5794571,6.6020
5795238,6.6112
5795905,6.6205
5796572,6.6297
5797240,6.6390
5797907,6.6482
5798575,6.6575
5799242,6.6667
5799910,6.6760
5800578,6.6853
5801246,6.6946
5801914,6.7039
5802582,6.7132
5803250,6.7225
5803918,6.7318
5804586,6.7411
5805254,6.7504
5805923,6.7598
5806591,6.7691
5807260,6.7785
5807928,6.7878
5808597,6.7972
5809266,6.8065
5809935,6.8159
5810604,6.8253
5811273,6.8347
5811942,6.8441
5812611,6.8535
5813280,6.8629
5813949,6.8723
5814619,6.8818
5815288,6.8912
5815958,6.9006
5816628,6.9101
5817297,6.9195
5817967,6.9290
5818637,6.9385
5819307,6.9479
5819977,6.9574
5820647,6.9669
5821317,6.9764
5821987,6.9859
5822658,6.9954
5823328,7.0050
5823999,7.0145
5824669,7.0240
5825340,7.0336
5826010,7.0431
5826681,7.0527
5827352,7.0622
5828023,7.0718
5828694,7.0814
5829365,7.0910
5830036,7.1006
5830707,7.1102
5831379,7.1198
5832050,7.1294
5832722,7.1390
5833393,7.1486
5834065,7.1583
5834737,7.1679
5835408,7.1776
5836080,7.1872
5836752,7.1969
5837424,7.2066
5838096,7.2163
5838768,7.2260
5839441,7.2357
5840113,7.2454
5840785,7.2551
5841458,7.2648
5842131,7.2745
5842803,7.2843
5843476,7.2940
5844149,7.3037
5844822,7.3135
5845494,7.3233
5846168,7.3330
5846841,7.3428
5847514,7.3526
5848187,7.3624
5848860,7.3722
5849534,7.3820
5850207,7.3919
5850881,7.4017
5851555,7.4115
5852228,7.4214
5852902,7.4312
5853576,7.4411
5854250,7.4509
5854924,7.4608
5855598,7.4707
5856272,7.4806
5856946,7.4905
5857621,7.5004
5858295,7.5103
5858970,7.5202
5859644,7.5301
5860319,7.5401
5860994,7.5500
5861669,7.5600
5862343,7.5699
5863018,7.5799
5863693,7.5899
5864369,7.5999
5865044,7.6099
5865719,7.6199
5866394,7.6299
5867070,7.6399
5867745,7.6499
5868421,7.6599
5869097,7.6700
5869772,7.6800
5870448,7.6901
5871124,7.7001
5871800,7.7102
5872476,7.7203
5873152,7.7304
5873828,7.7405
5874505,7.7506
5875181,7.7607
5875857,7.7708
5876534,7.7810
5877211,7.7911
5877887,7.8012
5878564,7.8114
5879241,7.8216
5879918,7.8317
5880595,7.8419
5881272,7.8521
5881949,7.8623
5882626,7.8725
5883304,7.8827
5883981,7.8929
5884658,7.9031
5885336,7.9134
5886014,7.9236
5886691,7.9339
5887369,7.9441
5888047,7.9544
5888725,7.9647
5889403,7.9750
5890081,7.9853
5890759,7.9956
5891437,8.0059
5892116,8.0162
5892794,8.0265
5893472,8.0369
5894151,8.0472
5894830,8.0576
5895508,8.0679
5896187,8.0783
5896866,8.0887
5897545,8.0991
5898224,8.1095
5898903,8.1199
5899582,8.1303
5900261,8.1407
5900941,8.1511
5901620,8.1616
5902300,8.1720
5902979,8.1825
5903659,8.1929
5904339,8.2034
5905018,8.2139
5905698,8.2244
5906378,8.2349
5907058,8.2454
5907738,8.2559
5908419,8.2665
5909099,8.2770
5909779,8.2875
5910460,8.2981
5911140,8.3086
5911821,8.3192
5912501,8.3298
5913182,8.3404
5913863,8.3510
5914544,8.3616
5915225,8.3722
5915906,8.3828
5916587,8.3935
5917268,8.4041
5917949,8.4148
5918631,8.4254
5919312,8.4361
5919994,8.4468
5920675,8.4574
5921357,8.4681
5922039,8.4788
5922721,8.4896
5923403,8.5003
5924085,8.5110
5924767,8.5218
5925449,8.5325
5926131,8.5433
5926813,8.5540
5927496,8.5648
5928178,8.5756
5928861,8.5864
5929543,8.5972
5930226,8.6080
5930909,8.6188
5931592,8.6297
5932275,8.6405
5932958,8.6514
5933641,8.6622
5934324,8.6731
5935007,8.6840
5935691,8.6949
5936374,8.7058
5937057,8.7167
5937741,8.7276
5938425,8.7385
5939108,8.7495
5939792,8.7604
5940476,8.7714
5941160,8.7823
5941844,8.7933
5942528,8.8043
5943212,8.8153
5943897,8.8263
5944581,8.8373
5945266,8.8483
5945950,8.8593
5946635,8.8704
5947319,8.8814
5948004,8.8925
5948689,8.9035
5949374,8.9146
5950059,8.9257
5950744,8.9368
5951429,8.9479
5952114,8.9590
5952799,8.9702
5953485,8.9813
5954170,8.9924
5954856,9.0036
5955541,9.0148
5956227,9.0259
5956913,9.0371
5957599,9.0483
5958285,9.0595
5958971,9.0707
5959657,9.0820
5960343,9.0932
5961029,9.1045
5961716,9.1157
5962402,9.1270
5963088,9.1382
5963775,9.1495
5964462,9.1608
5965148,9.1721
5965835,9.1834
5966522,9.1948
5967209,9.2061
5967896,9.2175
5968583,9.2288
5969270,9.2402
5969958,9.2515
5970645,9.2629
5971333,9.2743
5972020,9.2857
5972708,9.2971
5973395,9.3086
5974083,9.3200
5974771,9.3315
5975459,9.3429
5976147,9.3544
5976835,9.3659
5977523,9.3773
5978211,9.3888
5978900,9.4004
5979588,9.4119
5980276,9.4234
5980965,9.4349
5981654,9.4465
5982342,9.4581
5983031,9.4696
5983720,9.4812
5984409,9.4928
5985098,9.5044
5985787,9.5160
5986476,9.5276
5987165,9.5393
5987855,9.5509
5988544,9.5626
5989234,9.5742
5989923,9.5859
5990613,9.5976
5991303,9.6093
5991992,9.6210
5992682,9.6327
5993372,9.6445
5994062,9.6562
5994752,9.6679
5995443,9.6797
5996133,9.6915
5996823,9.7033
5997514,9.7151
5998204,9.7269
5998895,9.7387
5999586,9.7505
6000276,9.7624
6000967,9.7742
6001658,9.7861
6002349,9.7979
6003040,9.8098
6003731,9.8217
6004423,9.8336
6005114,9.8455
6005805,9.8575
6006497,9.8694
6007188,9.8813
6007880,9.8933
6008572,9.9053
6009264,9.9173
6009955,9.9292
6010647,9.9413
6011339,9.9533
6012032,9.9653
6012724,9.9773
6013416,9.9894
6014108,10.0014
6014801,10.0135
6015493,10.0256
6016186,10.0377
6016879,10.0498
6017571,10.0619
6018264,10.0740
6018957,10.0862
6019650,10.0983
6020343,10.1105
6021036,10.1227
6021730,10.1349
6022423,10.1471
6023116,10.1593
6023810,10.1715
6024503,10.1837
6025197,10.1960
6025891,10.2082
6026585,10.2205
6027278,10.2328
6027972,10.2451
6028666,10.2574
6029361,10.2697
6030055,10.2820
6030749,10.2943
6031443,10.3067
6032138,10.3191
6032832,10.3314
6033527,10.3438
6034222,10.3562
6034916,10.3686
6035611,10.3810
6036306,10.3935
6037001,10.4059
6037696,10.4184
6038391,10.4308
6039087,10.4433
6039782,10.4558
6040477,10.4683
6041173,10.4808
6041868,10.4934
6042564,10.5059
6043260,10.5185
6043955,10.5310
6044651,10.5436
6045347,10.5562
6046043,10.5688
6046739,10.5814
6047436,10.5941
6048132,10.6067
6048828,10.6193
6049525,10.6320
6050221,10.6447
6050918,10.6574
6051614,10.6701
6052311,10.6828
6053008,10.6955
6053705,10.7083
6054402,10.7210
6055099,10.7338
6055796,10.7466
6056493,10.7593
6057191,10.7721
6057888,10.7850
6058586,10.7978
6059283,10.8106
6059981,10.8235
6060679,10.8363
6061376,10.8492
6062074,10.8621
6062772,10.8750
6063470,10.8879
6064168,10.9009
6064867,10.9138
6065565,10.9268
6066263,10.9397
6066962,10.9527
6067660,10.9657
6068359,10.9787
6069058,10.9917
6069756,11.0048
6070455,11.0178
6071154,11.0309
6071853,11.0440
6072552,11.0571
6073251,11.0702
6073951,11.0833
6074650,11.0964
6075349,11.1095
6076049,11.1227
6076748,11.1359
6077448,11.1490
6078148,11.1622
6078848,11.1754
6079547,11.1887
6080247,11.2019
6080948,11.2151
6081648,11.2284
6082348,11.2417
6083048,11.2550
6083749,11.2683
6084449,11.2816
6085150,11.2949
6085850,11.3082
6086551,11.3216
6087252,11.3350
6087952,11.3484
6088653,11.3617
6089354,11.3752
6090056,11.3886
6090757,11.4020
6091458,11.4155
6092159,11.4289
6092861,11.4424
6093562,11.4559
6094264,11.4694
6094966,11.4829
6095667,11.4965
6096369,11.5100
6097071,11.5236
6097773,11.5372
6098475,11.5508
6099177,11.5644
6099879,11.5780
6100582,11.5916
6101284,11.6053
6101987,11.6189
6102689,11.6326
6103392,11.6463
6104095,11.6600
6104797,11.6737
6105500,11.6875
6106203,11.7012
6106906,11.7150
6107609,11.7288
6108313,11.7426
6109016,11.7564
6109719,11.7702
6110423,11.7840
6111126,11.7979
6111830,11.8118
6112534,11.8256
6113237,11.8395
6113941,11.8534
6114645,11.8674
6115349,11.8813
6116053,11.8953
6116757,11.9092
6117462,11.9232
6118166,11.9372
6118870,11.9512
6119575,11.9653
6120279,11.9793
6120984,11.9934
6121689,12.0075
6122394,12.0216
6123099,12.0357
6123804,12.0498
6124509,12.0639
6125214,12.0781
6125919,12.0922
6126624,12.1064
6127330,12.1206
6128035,12.1348
6128741,12.1491
6129446,12.1633
6130152,12.1776
6130858,12.1918
6131564,12.2061
6132270,12.2204
6132976,12.2348
6133682,12.2491
6134388,12.2634
6135094,12.2778
6135801,12.2922
6136507,12.3066
6137214,12.3210
6137920,12.3355
6138627,12.3499
6139334,12.3644
6140041,12.3788
6140748,12.3933
6141455,12.4079
6142162,12.4224
6142869,12.4369
6143576,12.4515
6144284,12.4661
6144991,12.4807
6145699,12.4953
6146406,12.5099
6147114,12.5245
6147822,12.5392
6148529,12.5539
6149237,12.5686
6149945,12.5833
6150653,12.5980
6151362,12.6127
6152070,12.6275
6152778,12.6423
6153487,12.6570
6154195,12.6718
6154904,12.6867
6155612,12.7015
6156321,12.7164
6157030,12.7312
6157739,12.7461
6158448,12.7610
6159157,12.7760
6159866,12.7909
6160575,12.8059
6161284,12.8208
6161994,12.8358
6162703,12.8508
6163413,12.8659
6164122,12.8809
6164832,12.8960
6165542,12.9110
6166252,12.9261
6166962,12.9412
6167672,12.9564
6168382,12.9715
6169092,12.9867
6169802,13.0019
6170513,13.0171
6171223,13.0323
6171934,13.0475
6172644,13.0628
6173355,13.0780
6174066,13.0933
6174777,13.1086
6175488,13.1239
6176199,13.1393
6176910,13.1546
6177621,13.1700
6178332,13.1854
6179044,13.2008
6179755,13.2163
6180466,13.2317
6181178,13.2472
6181890,13.2627
6182601,13.2782
6183313,13.2937
6184025,13.3092
6184737,13.3248
6185449,13.3403
6186162,13.3559
6186874,13.3715
6187586,13.3872
6188299,13.4028
6189011,13.4185
6189724,13.4342
6190436,13.4499
6191149,13.4656
6191862,13.4813
6192575,13.4971
6193288,13.5129
6194001,13.5287
6194714,13.5445
6195427,13.5603
6196140,13.5762
6196854,13.5921
6197567,13.6079
6198281,13.6239
6198995,13.6398
6199708,13.6557
6200422,13.6717
6201136,13.6877
6201850,13.7037
6202564,13.7197
6203278,13.7358
6203992,13.7518
6204707,13.7679
6205421,13.7840
6206136,13.8001
6206850,13.8163
6207565,13.8325
6208279,13.8486
6208994,13.8648
6209709,13.8811
6210424,13.8973
6211139,13.9136
6211854,13.9298
6212569,13.9461
6213285,13.9625
6214000,13.9788
6214716,13.9952
6215431,14.0115
6216147,14.0280
6216862,14.0444
6217578,14.0608
6218294,14.0773
6219010,14.0938
6219726,14.1103
6220442,14.1268
6221158,14.1433
6221875,14.1599
6222591,14.1765
6223307,14.1931
6224024,14.2097
6224741,14.2264
6225457,14.2430
6226174,14.2597
6226891,14.2764
6227608,14.2932
6228325,14.3099
6229042,14.3267
6229759,14.3435
6230476,14.3603
6231194,14.3771
6231911,14.3940
6232629,14.4109
6233346,14.4278
6234064,14.4447
6234782,14.4616
6235500,14.4786
6236218,14.4956
6236936,14.5126
6237654,14.5296
6238372,14.5467
6239090,14.5637
6239808,14.5808
6240527,14.5979
6241245,14.6151
6241964,14.6322
6242683,14.6494
6243401,14.6666
6244120,14.6839
6244839,14.7011
6245558,14.7184
6246277,14.7357
6246996,14.7530
6247716,14.7703
6248435,14.7877
6249154,14.8051
6249874,14.8225
6250593,14.8399
6251313,14.8573
6252033,14.8748
6252753,14.8923
6253473,14.9098
6254193,14.9274
6254913,14.9449
6255633,14.9625
6256353,14.9801
6257073,14.9978
6257794,15.0154
6258514,15.0331
6259235,15.0508
6259956,15.0685
6260676,15.0863
6261397,15.1041
6262118,15.1219
6262839,15.1397
6263560,15.1575
6264281,15.1754
6265003,15.1933
6265724,15.2112
6266445,15.2291
6267167,15.2471
6267888,15.2651
6268610,15.2831
6269332,15.3011
6270054,15.3192
6270776,15.3373
6271498,15.3554
6272220,15.3735
6272942,15.3917
6273664,15.4098
6274386,15.4281
6275109,15.4463
6275831,15.4645
6276554,15.4828
6277276,15.5011
6277999,15.5194
6278722,15.5378
6279445,15.5562
6280168,15.5746
6280891,15.5930
6281614,15.6115
6282337,15.6299
6283061,15.6485
6283784,15.6670
6284508,15.6855
6285231,15.7041
6285955,15.7227
6286679,15.7414
6287402,15.7600
6288126,15.7787
6288850,15.7974
6289574,15.8161
6290298,15.8349
6291023,15.8537
6291747,15.8725
6292471,15.8913
6293196,15.9102
6293921,15.9291
6294645,15.9480
6295370,15.9670
6296095,15.9859
6296820,16.0049
6297545,16.0240
6298270,16.0430
6298995,16.0621
6299720,16.0812
6300445,16.1003
6301171,16.1195
6301896,16.1387
6302622,16.1579
6303348,16.1771
6304073,16.1964
6304799,16.2157
6305525,16.2350
6306251,16.2544
6306977,16.2737
6307703,16.2931
6308430,16.3126
6309156,16.3320
6309882,16.3515
6310609,16.3710
6311335,16.3906
6312062,16.4102
6312789,16.4298
6313516,16.4494
6314242,16.4691
6314969,16.4887
6315697,16.5085
6316424,16.5282
6317151,16.5480
6317878,16.5678
6318606,16.5876
6319333,16.6075
6320061,16.6273
6320788,16.6473
6321516,16.6672
6322244,16.6872
6322972,16.7072
6323700,16.7272
6324428,16.7473
6325156,16.7674
6325884,16.7875
6326613,16.8076
6327341,16.8278
6328070,16.8480
6328798,16.8683
6329527,16.8885
6330256,16.9088
6330985,16.9292
6331713,16.9495
6332442,16.9699
6333172,16.9903
6333901,17.0108
6334630,17.0313
6335359,17.0518
6336089,17.0723
6336818,17.0929
6337548,17.1135
6338278,17.1341
6339007,17.1548
6339737,17.1755
6340467,17.1962
6341197,17.2170
6341927,17.2378
6342657,17.2586
6343388,17.2795
6344118,17.3004
6344848,17.3213
6345579,17.3422
6346310,17.3632
6347040,17.3842
6347771,17.4053
6348502,17.4263
6349233,17.4475
6349964,17.4686
6350695,17.4898
6351426,17.5110
6352157,17.5322
6352889,17.5535
6353620,17.5748
6354352,17.5962
6355083,17.6175
6355815,17.6389
6356547,17.6604
6357279,17.6818
6358011,17.7034
6358743,17.7249
6359475,17.7465
6360207,17.7681
6360939,17.7897
6361672,17.8114
6362404,17.8331
6363137,17.8548
6363869,17.8766
6364602,17.8984
6365335,17.9203
6366068,17.9422
6366801,17.9641
6367534,17.9860
6368267,18.0080
6369000,18.0300
6369733,18.0521
6370467,18.0742
6371200,18.0963
6371934,18.1185
6372667,18.1407
6373401,18.1629
6374135,18.1852
6374869,18.2075
6375603,18.2298
6376337,18.2522
6377071,18.2746
6377805,18.2970
6378540,18.3195
6379274,18.3420
6380008,18.3646
6380743,18.3872
6381478,18.4098
6382212,18.4325
6382947,18.4552
6383682,18.4779
6384417,18.5007
6385152,18.5235
6385887,18.5464
6386623,18.5693
6387358,18.5922
6388093,18.6152
6388829,18.6382
6389564,18.6612
6390300,18.6843
6391036,18.7074
6391772,18.7306
6392508,18.7537
6393244,18.7770
6393980,18.8002
6394716,18.8236
6395452,18.8469
6396189,18.8703
6396925,18.8937
6397661,18.9172
6398398,18.9407
6399135,18.9642
6399872,18.9878
6400608,19.0114
6401345,19.0351
6402082,19.0588
6402819,19.0826
6403557,19.1063
6404294,19.1302
6405031,19.1540
6405769,19.1779
6406506,19.2019
6407244,19.2259
6407982,19.2499
6408719,19.2740
6409457,19.2981
6410195,19.3222
6410933,19.3464
6411671,19.3707
6412410,19.3949
6413148,19.4192
6413886,19.4436
6414625,19.4680
6415363,19.4925
6416102,19.5169
6416841,19.5415
6417579,19.5660
6418318,19.5907
6419057,19.6153
6419796,19.6400
6420536,19.6648
6421275,19.6895
6422014,19.7144
6422754,19.7393
6423493,19.7642
6424233,19.7891
6424972,19.8141
6425712,19.8392
6426452,19.8643
6427192,19.8894
6427932,19.9146
6428672,19.9398
6429412,19.9651
6430152,19.9904
6430893,20.0158
6431633,20.0412
6432374,20.0666
6433114,20.0921
6433855,20.1177
6434596,20.1433
6435336,20.1689
6436077,20.1946
6436818,20.2203
6437559,20.2461
6438301,20.2719
6439042,20.2978
6439783,20.3237
6440525,20.3497
6441266,20.3757
6442008,20.4017
6442750,20.4278
6443491,20.4540
6444233,20.4802
6444975,20.5064
6445717,20.5327
6446459,20.5591
6447202,20.5854
6447944,20.6119
6448686,20.6384
6449429,20.6649
6450171,20.6915
6450914,20.7181
6451657,20.7448
6452400,20.7715
6453142,20.7983
6453885,20.8252
6454629,20.8520
6455372,20.8790
6456115,20.9060
6456858,20.9330
6457602,20.9601
6458345,20.9872
6459089,21.0144
6459832,21.0416
6460576,21.0689
6461320,21.0963
6462064,21.1237
6462808,21.1511
6463552,21.1786
6464296,21.2061
6465041,21.2337
6465785,21.2614
6466529,21.2891
6467274,21.3169
6468019,21.3447
6468763,21.3725
6469508,21.4004
6470253,21.4284
6470998,21.4564
6471743,21.4845
6472488,21.5126
6473233,21.5408
6473979,21.5691
6474724,21.5974
6475469,21.6257
6476215,21.6541
6476961,21.6826
6477706,21.7111
6478452,21.7397
6479198,21.7683
6479944,21.7970
6480690,21.8257
6481436,21.8545
6482183,21.8833
6482929,21.9122
6483675,21.9412
6484422,21.9702
6485168,21.9993
6485915,22.0284
6486662,22.0576
6487409,22.0869
6488156,22.1162
6488903,22.1455
6489650,22.1750
6490397,22.2044
6491144,22.2340
6491892,22.2636
6492639,22.2932
6493387,22.3229
6494134,22.3527
6494882,22.3826
6495630,22.4124
6496378,22.4424
6497125,22.4724
6497874,22.5025
6498622,22.5326
6499370,22.5628
6500118,22.5931
6500867,22.6234
6501615,22.6538
6502364,22.6842
6503112,22.7147
6503861,22.7453
6504610,22.7759
6505359,22.8066
6506108,22.8373
6506857,22.8681
6507606,22.8990
6508355,22.9300
6509105,22.9610
6509854,22.9920
6510604,23.0231
6511353,23.0543
6512103,23.0856
6512853,23.1169
6513603,23.1483
6514352,23.1797
6515103,23.2113
6515853,23.2428
6516603,23.2745
6517353,23.3062
6518104,23.3380
6518854,23.3698
6519605,23.4017
6520355,23.4337
6521106,23.4657
6521857,23.4978
6522608,23.5300
6523359,23.5622
6524110,23.5945
6524861,23.6269
6525612,23.6593
6526363,23.6919
6527115,23.7244
6527866,23.7571
6528618,23.7898
6529370,23.8226
6530121,23.8554
6530873,23.8883
6531625,23.9213
6532377,23.9544
6533129,23.9875
6533882,24.0207
6534634,24.0540
6535386,24.0873
6536139,24.1207
6536891,24.1542
6537644,24.1878
6538397,24.2214
6539149,24.2551
6539902,24.2889
6540655,24.3227
6541408,24.3566
6542161,24.3906
6542915,24.4246
6543668,24.4588
6544421,24.4930
6545175,24.5272
6545928,24.5616
6546682,24.5960
6547436,24.6305
6548190,24.6650
6548944,24.6997
6549698,24.7344
6550452,24.7692
6551206,24.8040
6551960,24.8390
6552715,24.8740
6553469,24.9091
6554224,24.9442
6554978,24.9795
6555733,25.0148
6556488,25.0502
6557243,25.0856
6557998,25.1212
6558753,25.1568
6559508,25.1925
6560263,25.2283
6561018,25.2641
6561774,25.3000
6562529,25.3360
6563285,25.3721
6564041,25.4083
6564796,25.4445
6565552,25.4808
6566308,25.5172
6567064,25.5537
6567820,25.5902
6568576,25.6268
6569333,25.6635
6570089,25.7003
6570845,25.7372
6571602,25.7741
6572359,25.8111
6573115,25.8482
6573872,25.8854
6574629,25.9227
6575386,25.9600
6576143,25.9974
6576900,26.0349
6577657,26.0725
6578415,26.1102
6579172,26.1479
6579930,26.1857
6580687,26.2236
6581445,26.2616
6582203,26.2997
6582961,26.3378
6583719,26.3761
6584477,26.4144
6585235,26.4527
6585993,26.4912
6586751,26.5298
6587510,26.5684
6588268,26.6071
6589027,26.6459
6589785,26.6848
6590544,26.7237
6591303,26.7628
6592062,26.8019
6592821,26.8411
6593580,26.8804
6594339,26.9198
6595098,26.9592
6595857,26.9987
6596617,27.0384
6597376,27.0780
6598136,27.1178
6598896,27.1577
6599655,27.1976
6600415,27.2377
6601175,27.2778
6601935,27.3179
6602695,27.3582
6603455,27.3986
6604216,27.4390
6604976,27.4795
6605737,27.5201
6606497,27.5608
6607258,27.6015
6608019,27.6424
6608779,27.6833
6609540,27.7243
6610301,27.7654
6611062,27.8066
6611824,27.8478
6612585,27.8891
6613346,27.9305
6614108,27.9720
6614869,28.0136
6615631,28.0552
6616392,28.0969
6617154,28.1387
6617916,28.1806
6618678,28.2226
6619440,28.2646
6620202,28.3067
6620964,28.3489
6621727,28.3912
6622489,28.4336
6623252,28.4760
6624014,28.5185
6624777,28.5611
6625540,28.6037
6626302,28.6464
6627065,28.6892
6627828,28.7321
6628591,28.7751
6629355,28.8181
6630118,28.8612
6630881,28.9044
6631645,28.9476
6632408,28.9909
6633172,29.0343
6633936,29.0777
6634699,29.1213
6635463,29.1649
6636227,29.2085
6636991,29.2522
6637756,29.2960
6638520,29.3399
6639284,29.3838
6640049,29.4278
6640813,29.4719
6641578,29.5160
6642342,29.5602
6643107,29.6044
6643872,29.6487
6644637,29.6930
6645402,29.7375
6646167,29.7819
6646932,29.8265
6647698,29.8710
6648463,29.9157
6649228,29.9604
6649994,30.0051
6650760,30.0499
6651525,30.0948
6652291,30.1396
6653057,30.1846
6653823,30.2296
6654589,30.2746
6655355,30.3197
6656122,30.3648
6656888,30.4099
6657655,30.4551
6658421,30.5004
6659188,30.5456
6659954,30.5909
6660721,30.6363
6661488,30.6816
6662255,30.7270
6663022,30.7725
6663789,30.8179
6664557,30.8634
6665324,30.9089
6666091,30.9544
6666859,30.9999
6667626,31.0455
6668394,31.0910
6669162,31.1366
6669930,31.1822
6670698,31.2278
6671466,31.2734
6672234,31.3190
6673002,31.3646
6673770,31.4102
6674539,31.4558
6675307,31.5013
6676076,31.5469
6676844,31.5925
6677613,31.6380
6678382,31.6836
6679151,31.7291
6679920,31.7746
6680689,31.8201
6681458,31.8655
6682227,31.9109
6682997,31.9563
6683766,32.0016
6684536,32.0469
6685305,32.0922
6686075,32.1374
6686845,32.1826
6687615,32.2277
6688385,32.2727
6689155,32.3177
6689925,32.3626
6690695,32.4075
6691466,32.4523
6692236,32.4970
6693007,32.5416
6693777,32.5862
6694548,32.6306
6695319,32.6750
6696090,32.7193
6696861,32.7635
6697632,32.8076
6698403,32.8515
6699174,32.8954
6699945,32.9392
6700717,32.9828
6701488,33.0263
6702260,33.0697
6703031,33.1129
6703803,33.1560
6704575,33.1990
6705347,33.2418
6706119,33.2845
6706891,33.3270
6707663,33.3694
6708436,33.4116
6709208,33.4536
6709980,33.4955
6710753,33.5372
6711526,33.5787
6712298,33.6200
6713071,33.6611
6713844,33.7020
6714617,33.7427
6715390,33.7832
6716163,33.8235
6716937,33.8635
6717710,33.9034
6718483,33.9430
6719257,33.9824
6720031,34.0215
6720804,34.0604
6721578,34.0990
6722352,34.1374
6723126,34.1755
6723900,34.2134
6724674,34.2510
6725449,34.2883
6726223,34.3253
6726997,34.3620
6727772,34.3985
6728546,34.4346
6729321,34.4705
6730096,34.5060
6730871,34.5413
6731646,34.5762
6732421,34.6108
6733196,34.6450
6733971,34.6789
6734747,34.7125
6735522,34.7458
6736297,34.7787
6737073,34.8112
6737849,34.8434
6738624,34.8753
6739400,34.9067
6740176,34.9378
6740952,34.9686
6741728,34.9989
6742505,35.0289
6743281,35.0585
6744057,35.0877
6744834,35.1165
6745610,35.1449
6746387,35.1729
6747164,35.2005
6747941,35.2277
6748718,35.2545
6749495,35.2808
6750272,35.3068
6751049,35.3323
6751826,35.3574
6752604,35.3821
6753381,35.4064
6754159,35.4302
6754936,35.4536
6755714,35.4766
6756492,35.4991
6757270,35.5212
6758048,35.5429
6758826,35.5641
6759604,35.5849
6760382,35.6052
6761161,35.6252
6761939,35.6446
6762718,35.6636
6763496,35.6822
6764275,35.7003
6765054,35.7180
6765833,35.7353
6766612,35.7521
6767391,35.7684
6768170,35.7843
6768949,35.7998
6769729,35.8148
6770508,35.8294
6771288,35.8436
6772067,35.8573
6772847,35.8706
6773627,35.8834
6774407,35.8959
6775187,35.9079
6775967,35.9194
6776747,35.9306
6777527,35.9413
6778307,35.9516
6779088,35.9615
6779868,35.9710
6780649,35.9800
6781430,35.9887
6782210,35.9969
6782991,36.0048
6783772,36.0123
6784553,36.0193
6785334,36.0260
6786116,36.0323
6786897,36.0382
6787678,36.0438
6788460,36.0489
6789241,36.0537
6790023,36.0582
6790805,36.0622
6791587,36.0660
6792369,36.0693
6793151,36.0724
6793933,36.0750
6794715,36.0774
6795497,36.0794
6796280,36.0811
6797062,36.0825
6797845,36.0836
6798628,36.0843
6799410,36.0848
6800193,36.0849
6800976,36.0848
6801759,36.0844
6802542,36.0837
6803326,36.0827
6804109,36.0814
6804892,36.0799
6805676,36.0781
6806459,36.0761
6807243,36.0738
6808027,36.0713
6808811,36.0685
6809595,36.0655
6810379,36.0623
6811163,36.0588
6811947,36.0551
6812731,36.0513
6813516,36.0472
6814300,36.0429
6815085,36.0384
6815869,36.0337
6816654,36.0289
6817439,36.0239
6818224,36.0187
6819009,36.0133
6819794,36.0077
6820579,36.0020
6821364,35.9962
6822150,35.9902
6822935,35.9841
6823721,35.9778
6824507,35.9714
6825292,35.9648
6826078,35.9582
6826864,35.9514
6827650,35.9445
6828436,35.9375
6829222,35.9304
6830009,35.9232
6830795,35.9159
6831582,35.9085
6832368,35.9011
6833155,35.8935
6833941,35.8859
6834728,35.8782
6835515,35.8704
6836302,35.8626
6837089,35.8547
6837877,35.8467
6838664,35.8387
6839451,35.8306
6840239,35.8225
6841026,35.8144
6841814,35.8062
6842602,35.7980
6843389,35.7898
6844177,35.7815
6844965,35.7732
6845753,35.7649
6846542,35.7565
6847330,35.7482
6848118,35.7398
6848907,35.7315
6849695,35.7231
6850484,35.7148
6851273,35.7064
6852062,35.6980
6852850,35.6897
6853639,35.6813
6854429,35.6730
6855218,35.6647
6856007,35.6564
6856796,35.6481
6857586,35.6399
6858375,35.6316
6859165,35.6234
6859955,35.6153
6860745,35.6071
6861535,35.5990
6862325,35.5910
6863115,35.5829
6863905,35.5749
6864695,35.5670
6865486,35.5591
6866276,35.5512
6867067,35.5434
6867857,35.5357
6868648,35.5280
6869439,35.5203
6870230,35.5127
6871021,35.5051
6871812,35.4977
6872603,35.4902
6873394,35.4828
6874186,35.4755
6874977,35.4683
6875769,35.4611
6876560,35.4540
6877352,35.4469
6878144,35.4399
6878936,35.4330
6879728,35.4261
6880520,35.4193
6881312,35.4126
6882104,35.4059
6882897,35.3993
6883689,35.3928
6884482,35.3864
6885274,35.3800
6886067,35.3737
6886860,35.3675
6887653,35.3613
6888446,35.3552
6889239,35.3492
6890032,35.3433
6890826,35.3374
6891619,35.3317
6892412,35.3259
6893206,35.3203
6894000,35.3147
6894793,35.3092
6895587,35.3038
6896381,35.2985
6897175,35.2932
6897969,35.2880
6898763,35.2828
6899558,35.2778
6900352,35.2728
6901147,35.2679
6901941,35.2630
6902736,35.2582
6903531,35.2535
6904325,35.2488
6905120,35.2443
6905915,35.2397
6906711,35.2353
6907506,35.2309
6908301,35.2265
6909096,35.2223
6909892,35.2181
6910688,35.2139
6911483,35.2098
6912279,35.2058
6913075,35.2018
6913871,35.1978
6914667,35.1939
6915463,35.1901
6916259,35.1863
6917055,35.1826
6917852,35.1789
6918648,35.1752
6919445,35.1716
6920242,35.1680
6921038,35.1645
6921835,35.1609
6922632,35.1575
6923429,35.1540
6924226,35.1506
6925024,35.1472
6925821,35.1438
6926618,35.1404
6927416,35.1371
6928213,35.1338
6929011,35.1304
6929809,35.1271
6930607,35.1238
6931405,35.1205
6932203,35.1172
6933001,35.1139
6933799,35.1106
6934597,35.1073
6935396,35.1039
6936194,35.1006
6936993,35.0972
6937792,35.0938
6938590,35.0904
6939389,35.0869
6940188,35.0834
6940987,35.0799
6941787,35.0763
6942586,35.0727
6943385,35.0690
6944185,35.0653
6944984,35.0615
6945784,35.0576
6946583,35.0537
6947383,35.0497
6948183,35.0456
6948983,35.0415
6949783,35.0372
6950583,35.0329
6951384,35.0284
6952184,35.0239
6952984,35.0193
6953785,35.0145
6954586,35.0097
6955386,35.0047
6956187,34.9996
6956988,34.9943
6957789,34.9889
6958590,34.9834
6959391,34.9777
6960193,34.9719
6960994,34.9659
6961795,34.9597
6962597,34.9534
6963399,34.9469
6964200,34.9402
6965002,34.9334
6965804,34.9263
6966606,34.9190
6967408,34.9116
6968210,34.9039
6969013,34.8960
6969815,34.8878
6970618,34.8795
6971420,34.8709
6972223,34.8620
6973026,34.8530
6973828,34.8436
6974631,34.8340
6975434,34.8241
6976237,34.8140
6977041,34.8035
6977844,34.7928
6978647,34.7818
6979451,34.7705
6980254,34.7589
6981058,34.7470
6981862,34.7347
6982666,34.7221
6983470,34.7092
6984274,34.6960
6985078,34.6824
6985882,34.6685
6986686,34.6542
6987491,34.6395
6988295,34.6245
6989100,34.6091
6989905,34.5933
6990709,34.5772
6991514,34.5606
6992319,34.5437
6993124,34.5263
6993930,34.5086
6994735,34.4904
6995540,34.4719
6996346,34.4529
6997151,34.4334
6997957,34.4136
6998762,34.3933
6999568,34.3726
7000374,34.3514
7001180,34.3297
7001986,34.3077
7002792,34.2851
7003599,34.2621
7004405,34.2387
7005212,34.2147
7006018,34.1903
7006825,34.1654
7007631,34.1401
7008438,34.1142
7009245,34.0879
7010052,34.0611
7010859,34.0338
7011667,34.0060
7012474,33.9777
7013281,33.9490
7014089,33.9197
7014896,33.8899
7015704,33.8597
7016512,33.8289
7017320,33.7976
7018128,33.7659
7018936,33.7336
7019744,33.7008
7020552,33.6676
7021360,33.6338
7022169,33.5995
7022977,33.5648
7023786,33.5295
7024594,33.4938
7025403,33.4575
7026212,33.4208
7027021,33.3835
7027830,33.3458
7028639,33.3075
7029449,33.2688
7030258,33.2296
7031067,33.1900
7031877,33.1498
7032686,33.1092
7033496,33.0681
7034306,33.0265
7035116,32.9844
7035926,32.9419
7036736,32.8989
7037546,32.8555
7038356,32.8116
7039167,32.7673
7039977,32.7225
7040788,32.6773
7041598,32.6317
7042409,32.5856
7043220,32.5391
7044031,32.4922
7044842,32.4448
7045653,32.3971
7046464,32.3489
7047276,32.3004
7048087,32.2514
7048898,32.2021
7049710,32.1523
7050522,32.1022
7051333,32.0517
7052145,32.0009
7052957,31.9497
7053769,31.8981
7054581,31.8462
7055394,31.7939
7056206,31.7413
7057018,31.6883
7057831,31.6351
7058644,31.5815
7059456,31.5276
7060269,31.4734
7061082,31.4188
7061895,31.3640
7062708,31.3089
7063521,31.2535
7064334,31.1978
7065148,31.1419
7065961,31.0857
7066775,31.0292
7067588,30.9724
7068402,30.9154
7069216,30.8582
7070030,30.8007
7070844,30.7430
7071658,30.6851
7072472,30.6269
7073287,30.5685
7074101,30.5100
7074915,30.4512
7075730,30.3922
7076545,30.3330
7077359,30.2736
7078174,30.2140
7078989,30.1543
7079804,30.0944
7080619,30.0343
7081435,29.9741
7082250,29.9137
7083065,29.8531
7083881,29.7924
7084697,29.7316
7085512,29.6706
7086328,29.6095
7087144,29.5482
7087960,29.4869
7088776,29.4254
7089592,29.3638
7090408,29.3020
7091225,29.2402
7092041,29.1783
7092858,29.1163
7093674,29.0542
7094491,28.9920
7095308,28.9297
7096125,28.8673
7096942,28.8048
7097759,28.7423
7098576,28.6797
7099394,28.6171
7100211,28.5543
7101028,28.4916
7101846,28.4287
7102664,28.3658
7103482,28.3029
7104299,28.2399
7105117,28.1768
7105935,28.1138
7106754,28.0507
7107572,27.9875
7108390,27.9243
7109209,27.8611
7110027,27.7979
7110846,27.7347
7111664,27.6714
7112483,27.6081
7113302,27.5448
7114121,27.4815
7114940,27.4181
7115759,27.3548
7116579,27.2915
7117398,27.2281
7118218,27.1648
7119037,27.1014
7119857,27.0381
7120676,26.9748
7121496,26.9115
7122316,26.8481
7123136,26.7848
7123956,26.7215
7124777,26.6583
7125597,26.5950
7126417,26.5318
7127238,26.4686
7128058,26.4054
7128879,26.3422
7129700,26.2791
7130521,26.2159
7131342,26.1528
7132163,26.0898
7132984,26.0268
7133805,25.9638
7134627,25.9008
7135448,25.8379
7136270,25.7750
7137091,25.7121
7137913,25.6493
7138735,25.5865
7139557,25.5238
7140379,25.4611
7141201,25.3984
7142023,25.3358
7142845,25.2733
7143668,25.2107
7144490,25.1483
7145313,25.0858
7146136,25.0235
7146958,24.9611
7147781,24.8988
7148604,24.8366
7149427,24.7744
7150250,24.7123
7151074,24.6502
7151897,24.5882
7152720,24.5263
7153544,24.4643
7154368,24.4025
7155191,24.3407
7156015,24.2789
7156839,24.2172
7157663,24.1556
7158487,24.0940
7159311,24.0325
7160136,23.9710
7160960,23.9096
7161785,23.8483
7162609,23.7870
7163434,23.7258
7164259,23.6646
7165083,23.6035
7165908,23.5424
7166733,23.4814
7167559,23.4205
7168384,23.3596
7169209,23.2988
7170035,23.2381
7170860,23.1774
7171686,23.1168
7172512,23.0562
7173337,22.9957
7174163,22.9353
7174989,22.8749
7175815,22.8146
7176642,22.7543
7177468,22.6941
7178294,22.6340
7179121,22.5739
7179947,22.5139
7180774,22.4540
7181601,22.3941
7182428,22.3343
7183255,22.2745
7184082,22.2148
7184909,22.1552
7185736,22.0956
7186563,22.0361
7187391,21.9766
7188218,21.9172
7189046,21.8579
7189874,21.7987
7190701,21.7394
7191529,21.6803
7192357,21.6212
7193185,21.5622
7194014,21.5032
7194842,21.4443
7195670,21.3855
7196499,21.3267
7197327,21.2680
7198156,21.2093
7198985,21.1507
7199814,21.0922
7200643,21.0337
7201472,20.9752
7202301,20.9169
7203130,20.8586
7203959,20.8003
7204789,20.7421
7205618,20.6840
7206448,20.6259
7207278,20.5679
7208107,20.5099
7208937,20.4520
7209767,20.3941
7210598,20.3363
7211428,20.2786
7212258,20.2209
7213088,20.1633
7213919,20.1057
7214749,20.0482
7215580,19.9907
7216411,19.9333
7217242,19.8759
7218073,19.8186
7218904,19.7613
7219735,19.7041
7220566,19.6470
7221398,19.5899
7222229,19.5328
7223061,19.4758
7223892,19.4189
7224724,19.3620
7225556,19.3051
7226388,19.2483
7227220,19.1916
7228052,19.1349
7228884,19.0782
7229716,19.0216
7230549,18.9651
7231381,18.9086
7232214,18.8521
7233046,18.7957
7233879,18.7393
7234712,18.6830
7235545,18.6267
7236378,18.5705
7237211,18.5143
7238045,18.4582
7238878,18.4020
7239711,18.3460
7240545,18.2900
7241379,18.2340
7242212,18.1781
7243046,18.1222
7243880,18.0663
7244714,18.0105
7245548,17.9548
7246383,17.8990
7247217,17.8434
7248051,17.7877
7248886,17.7321
7249720,17.6765
7250555,17.6210
7251390,17.5655
7252225,17.5101
7253060,17.4546
7253895,17.3992
7254730,17.3439
7255565,17.2886
7256401,17.2333
7257236,17.1781
7258072,17.1229
7258907,17.0677
7259743,17.0125
7260579,16.9574
7261415,16.9023
7262251,16.8473
7263087,16.7923
7263923,16.7373
7264760,16.6823
7265596,16.6274
7266433,16.5725
7267269,16.5177
7268106,16.4628
7268943,16.4080
7269780,16.3532
7270617,16.2985
7271454,16.2438
7272291,16.1891
7273128,16.1344
7273966,16.0797
7274803,16.0251
7275641,15.9705
7276479,15.9159
7277316,15.8614
7278154,15.8068
7278992,15.7523
7279830,15.6978
7280668,15.6434
7281507,15.5889
7282345,15.5345
7283184,15.4801
7284022,15.4257
7284861,15.3713
7285699,15.3170
7286538,15.2627
7287377,15.2084
7288216,15.1541
7289055,15.0998
7289895,15.0455
7290734,14.9913
7291573,14.9370
7292413,14.8828
7293253,14.8286
7294092,14.7744
7294932,14.7202
7295772,14.6661
7296612,14.6119
7297452,14.5578
7298292,14.5036
7299133,14.4495
7299973,14.3954
7300814,14.3413
7301654,14.2872
7302495,14.2331
7303336,14.1791
7304176,14.1250
7305017,14.0709
7305858,14.0169
7306700,13.9628
7307541,13.9088
7308382,13.8547
7309224,13.8007
7310065,13.7466
7310907,13.6926
7311749,13.6386
7312591,13.5846
7313432,13.5305
7314274,13.4765
7315117,13.4225
7315959,13.3684
7316801,13.3144
7317644,13.2604
7318486,13.2064
7319329,13.1523
7320171,13.0983
7321014,13.0442
7321857,12.9902
7322700,12.9362
7323543,12.8821
7324387,12.8280
7325230,12.7740
7326073,12.7199
7326917,12.6658
7327760,12.6117
7328604,12.5576
7329448,12.5035
7330292,12.4494
7331136,12.3953
7331980,12.3411
7332824,12.2870
7333668,12.2328
7334513,12.1786
7335357,12.1244
7336202,12.0702
7337046,12.0160
7337891,11.9618
7338736,11.9075
7339581,11.8532
7340426,11.7990
7341271,11.7447
7342116,11.6903
7342962,11.6360
7343807,11.5816
7344653,11.5272
7345498,11.4728
7346344,11.4184
7347190,11.3640
7348036,11.3095
7348882,11.2550
7349728,11.2005
7350574,11.1459
7351420,11.0914
7352267,11.0368
7353113,10.9821
7353960,10.9275
7354807,10.8728
7355653,10.8181
7356500,10.7634
7357347,10.7086
7358194,10.6538
7359042,10.5990
7359889,10.5441
7360736,10.4892
7361584,10.4343
7362431,10.3793
7363279,10.3243
7364127,10.2693
7364975,10.2142
7365823,10.1591
7366671,10.1039
7367519,10.0488
7368367,9.9935
7369215,9.9383
7370064,9.8829
7370912,9.8276
7371761,9.7722
7372610,9.7168
7373459,9.6613
7374308,9.6058
7375157,9.5502
7376006,9.4946
7376855,9.4389
7377704,9.3832
7378554,9.3274
7379403,9.2716
7380253,9.2158
7381103,9.1599
7381953,9.1039
7382803,9.0479
7383653,8.9918
7384503,8.9357
7385353,8.8795
7386203,8.8233
7387054,8.7670
7387904,8.7107
7388755,8.6542
7389606,8.5978
7390456,8.5413
7391307,8.4847
7392158,8.4280
7393009,8.3713
7393861,8.3145
7394712,8.2577
7395563,8.2008
7396415,8.1438
7397266,8.0868
7398118,8.0297
7398970,7.9725
7399822,7.9153
7400674,7.8580
7401526,7.8006
7402378,7.7431
7403230,7.6856
7404083,7.6280
7404935,7.5703
7405788,7.5125
7406640,7.4547
7407493,7.3968
7408346,7.3388
7409199,7.2807
7410052,7.2226
7410905,7.1643
7411758,7.1060
7412612,7.0476
7413465,6.9891
7414319,6.9305
7415172,6.8719
7416026,6.8131
7416880,6.7543
7417734,6.6953
7418588,6.6363
7419442,6.5772
7420296,6.5180
7421151,6.4587
7422005,6.3993
7422860,6.3398
7423714,6.2802
7424569,6.2205
7425424,6.1607
7426279,6.1008
7427134,6.0408
7427989,5.9807
7428844,5.9205
7429700,5.8601
7430555,5.7997
7431411,5.7392
7432266,5.6785
7433122,5.6178
7433978,5.5569
7434834,5.4960
7435690,5.4349
7436546,5.3737
7437402,5.3123
7438258,5.2509
7439115,5.1893
7439971,5.1276
7440828,5.0658
7441685,5.0039
7442541,4.9419
7443398,4.8797
7444255,4.8174
7445112,4.7549
7445970,4.6924
7446827,4.6297
7447684,4.5668
7448542,4.5039
7449399,4.4408
7450257,4.3776
7451115,4.3142
7451973,4.2507
7452831,4.1870
7453689,4.1232
7454547,4.0593
7455405,3.9952
7456264,3.9310
7457122,3.8666
7457981,3.8021
7458839,3.7374
7459698,3.6726
7460557,3.6076
7461416,3.5425
7462275,3.4772
7463134,3.4117
7463994,3.3461
7464853,3.2804
7465712,3.2144
7466572,3.1483
7467432,3.0821
7468291,3.0157
7469151,2.9491
7470011,2.8823
7470871,2.8154
7471731,2.7483
7472592,2.6810
7473452,2.6135
7474313,2.5459
7475173,2.4781
7476034,2.4101
7476895,2.3419
7477755,2.2736
7478616,2.2050
7479477,2.1363
7480339,2.0674
7481200,1.9983
7482061,1.9290
7482923,1.8595
7483784,1.7898
7484646,1.7200
7485508,1.6499
7486369,1.5796
7487231,1.5092
7488093,1.4385
7488956,1.3676
7489818,1.2966
7490680,1.2253
7491543,1.1538
7492405,1.0821
7493268,1.0102
7494131,0.9381
7494993,0.8658
7495856,0.7933
7496719,0.7205
7497583,0.6476
7498446,0.5744
7499309,0.5010
7500173,0.4274
7501036,0.3535
7501900,0.2795
7502763,0.2052
7503627,0.1307
7504491,0.0560
7505355,-0.0189
7506219,-0.0941
7507084,-0.1695
7507948,-0.2451
7508812,-0.3209
7509677,-0.3970
7510542,-0.4733
7511406,-0.5498
7512271,-0.6266
7513136,-0.7035
7514001,-0.7807
7514866,-0.8582
7515731,-0.9358
7516597,-1.0137
7517462,-1.0918
7518328,-1.1702
7519193,-1.2487
7520059,-1.3275
7520925,-1.4065
7521791,-1.4857
7522657,-1.5652
7523523,-1.6449
7524389,-1.7247
7525256,-1.8048
7526122,-1.8852
7526989,-1.9657
7527855,-2.0464
7528722,-2.1274
7529589,-2.2085
7530456,-2.2899
7531323,-2.3714
7532190,-2.4531
7533057,-2.5351
7533924,-2.6172
7534792,-2.6995
7535659,-2.7819
7536527,-2.8646
7537395,-2.9474
7538262,-3.0303
7539130,-3.1134
7539998,-3.1967
7540867,-3.2801
7541735,-3.3636
7542603,-3.4473
7543472,-3.5310
7544340,-3.6149
7545209,-3.6988
7546077,-3.7829
7546946,-3.8670
7547815,-3.9512
7548684,-4.0354
7549553,-4.1196
7550423,-4.2039
7551292,-4.2882
7552161,-4.3725
7553031,-4.4568
7553900,-4.5410
7554770,-4.6252
7555640,-4.7093
7556510,-4.7933
7557380,-4.8772
7558250,-4.9610
7559120,-5.0446
7559991,-5.1281
7560861,-5.2113
7561732,-5.2944
7562602,-5.3772
7563473,-5.4597
7564344,-5.5419
7565215,-5.6238
7566086,-5.7054
7566957,-5.7866
7567828,-5.8673
7568699,-5.9476
7569571,-6.0274
7570442,-6.1068
7571314,-6.1855
7572186,-6.2637
7573058,-6.3412
7573929,-6.4181
7574801,-6.4943
7575674,-6.5698
7576546,-6.6444
7577418,-6.7183
7578291,-6.7913
7579163,-6.8633
7580036,-6.9344
7580908,-7.0045
7581781,-7.0736
7582654,-7.1416
7583527,-7.2084
7584400,-7.2740
7585274,-7.3384
7586147,-7.4015
7587020,-7.4633
7587894,-7.5237
7588768,-7.5827
7589641,-7.6402
7590515,-7.6962
7591389,-7.7506
7592263,-7.8034
7593137,-7.8545
7594012,-7.9040
7594886,-7.9517
7595760,-7.9976
7596635,-8.0417
7597510,-8.0840
7598384,-8.1243
7599259,-8.1627
7600134,-8.1992
7601009,-8.2337
7601884,-8.2661
7602760,-8.2965
7603635,-8.3249
7604510,-8.3512
7605386,-8.3753
7606262,-8.3974
7607137,-8.4173
7608013,-8.4351
7608889,-8.4508
7609765,-8.4643
7610641,-8.4757
7611518,-8.4850
7612394,-8.4922
7613270,-8.4972
7614147,-8.5001
7615024,-8.5010
7615900,-8.4998
7616777,-8.4965
7617654,-8.4913
7618531,-8.4840
7619408,-8.4748
7620286,-8.4637
7621163,-8.4507
7622041,-8.4358
7622918,-8.4191
7623796,-8.4007
7624674,-8.3804
7625551,-8.3585
7626429,-8.3350
7627307,-8.3098
7628186,-8.2831
7629064,-8.2548
7629942,-8.2251
7630821,-8.1939
7631699,-8.1614
7632578,-8.1276
7633457,-8.0925
7634336,-8.0561
7635215,-8.0186
7636094,-7.9799
7636973,-7.9401
7637852,-7.8993
7638732,-7.8575
7639611,-7.8147
7640491,-7.7711
7641370,-7.7265
7642250,-7.6812
7643130,-7.6350
7644010,-7.5882
7644890,-7.5406
7645770,-7.4924
7646651,-7.4436
7647531,-7.3942
7648412,-7.3442
7649292,-7.2937
7650173,-7.2428
7651054,-7.1914
7651935,-7.1396
7652816,-7.0874
7653697,-7.0349
7654578,-6.9821
7655459,-6.9289
7656341,-6.8756
7657222,-6.8219
7658104,-6.7681
7658986,-6.7140
7659867,-6.6598
7660749,-6.6055
7661631,-6.5510
7662514,-6.4965
7663396,-6.4418
7664278,-6.3871
7665161,-6.3323
7666043,-6.2775
7666926,-6.2227
7667808,-6.1679
7668691,-6.1131
7669574,-6.0584
7670457,-6.0037
7671340,-5.9490
7672224,-5.8944
7673107,-5.8399
7673990,-5.7855
7674874,-5.7312
7675758,-5.6770
7676641,-5.6229
7677525,-5.5689
7678409,-5.5151
7679293,-5.4614
7680177,-5.4079
7681062,-5.3546
7681946,-5.3014
7682831,-5.2484
7683715,-5.1955
7684600,-5.1429
7685485,-5.0904
7686369,-5.0381
7687254,-4.9860
7688139,-4.9342
7689025,-4.8825
7689910,-4.8310
7690795,-4.7798
7691681,-4.7288
7692566,-4.6779
7693452,-4.6273
7694338,-4.5770
7695224,-4.5268
7696110,-4.4769
7696996,-4.4272
7697882,-4.3778
7698768,-4.3285
7699655,-4.2795
7700541,-4.2308
7701428,-4.1823
7702315,-4.1340
7703201,-4.0859
7704088,-4.0381
7704975,-3.9905
7705862,-3.9432
7706750,-3.8961
7707637,-3.8492
7708524,-3.8026
7709412,-3.7562
7710300,-3.7101
7711187,-3.6642
7712075,-3.6185
7712963,-3.5731
7713851,-3.5279
7714739,-3.4829
7715628,-3.4382
7716516,-3.3937
7717404,-3.3494
7718293,-3.3054
7719182,-3.2616
7720070,-3.2181
7720959,-3.1747
7721848,-3.1316
7722737,-3.0888
7723626,-3.0461
7724516,-3.0037
7725405,-2.9615
7726294,-2.9195
7727184,-2.8778
7728074,-2.8363
7728963,-2.7950
7729853,-2.7539
7730743,-2.7130
7731633,-2.6724
7732524,-2.6320
7733414,-2.5918
7734304,-2.5517
7735195,-2.5120
7736085,-2.4724
7736976,-2.4330
7737867,-2.3939
7738758,-2.3549
7739649,-2.3161
7740540,-2.2776
7741431,-2.2393
7742322,-2.2011
7743214,-2.1632
7744105,-2.1254
7744997,-2.0879
7745889,-2.0505
7746781,-2.0134
7747673,-1.9764
7748565,-1.9396
7749457,-1.9031
7750349,-1.8667
7751241,-1.8305
7752134,-1.7945
7753026,-1.7586
7753919,-1.7230
7754812,-1.6875
7755705,-1.6522
7756597,-1.6171
7757491,-1.5822
7758384,-1.5474
7759277,-1.5128
7760170,-1.4784
7761064,-1.4442
7761957,-1.4101
7762851,-1.3762
7763745,-1.3425
7764639,-1.3089
7765533,-1.2756
7766427,-1.2423
7767321,-1.2093
7768215,-1.1764
7769110,-1.1436
7770004,-1.1110
7770899,-1.0786
7771794,-1.0463
7772688,-1.0142
7773583,-0.9823
7774478,-0.9505
7775373,-0.9188
7776269,-0.8873
7777164,-0.8560
7778059,-0.8248
7778955,-0.7937
7779851,-0.7628
7780746,-0.7320
7781642,-0.7014
7782538,-0.6709
7783434,-0.6406
7784330,-0.6104
7785227,-0.5804
7786123,-0.5504
7787019,-0.5207
7787916,-0.4910
7788813,-0.4615
7789709,-0.4321
7790606,-0.4029
7791503,-0.3738
7792400,-0.3448
7793297,-0.3159
7794195,-0.2872
7795092,-0.2586
7795990,-0.2302
7796887,-0.2018
7797785,-0.1736
7798683,-0.1455
7799581,-0.1175
7800479,-0.0897
7801377,-0.0619
7802275,-0.0343
7803173,-0.0068
7804072,0.0205
7804970,0.0478
7805869,0.0749
7806768,0.1020
7807667,0.1289
7808565,0.1557
7809464,0.1824
7810364,0.2089
7811263,0.2354
7812162,0.2618
7813062,0.2880
7813961,0.3142
7814861,0.3402
7815761,0.3661
7816661,0.3920
7817561,0.4177
7818461,0.4433
7819361,0.4688
7820261,0.4942
7821162,0.5195
7822062,0.5447
7822963,0.5698
7823863,0.5949
7824764,0.6198
7825665,0.6446
7826566,0.6693
7827467,0.6939
7828368,0.7185
7829270,0.7429
7830171,0.7672
7831073,0.7915
7831974,0.8156
7832876,0.8397
7833778,0.8637
7834680,0.8876
7835582,0.9114
7836484,0.9351
7837386,0.9587
7838289,0.9822
7839191,1.0057
7840094,1.0290
7840996,1.0523
7841899,1.0755
7842802,1.0986
7843705,1.1216
7844608,1.1446
7845511,1.1674
7846415,1.1902
7847318,1.2129
7848222,1.2355
7849125,1.2581
7850029,1.2805
7850933,1.3029
7851837,1.3252
7852741,1.3475
7853645,1.3696
7854549,1.3917
7855453,1.4137
7856358,1.4356
7857262,1.4575
7858167,1.4793
7859072,1.5010
7859977,1.5226
7860882,1.5442
7861787,1.5657
7862692,1.5871
7863597,1.6085
7864502,1.6297
7865408,1.6510
7866314,1.6721
7867219,1.6932
7868125,1.7142
7869031,1.7351
7869937,1.7560
7870843,1.7768
7871749,1.7976
7872656,1.8183
7873562,1.8389
7874469,1.8594
7875375,1.8799
7876282,1.9004
7877189,1.9207
7878096,1.9410
7879003,1.9613
7879910,1.9814
7880817,2.0016
7881725,2.0216
7882632,2.0416
7883540,2.0616
7884447,2.0815
7885355,2.1013
7886263,2.1211
7887171,2.1408
7888079,2.1604
7888987,2.1800
7889896,2.1996
7890804,2.2191
7891712,2.2385
7892621,2.2579
7893530,2.2772
7894439,2.2965
7895348,2.3157
7896257,2.3348
7897166,2.3539
7898075,2.3730
7898984,2.3920
7899894,2.4110
7900803,2.4299
7901713,2.4487
7902623,2.4675
7903533,2.4863
7904443,2.5050
7905353,2.5236
7906263,2.5422
7907173,2.5608
7908084,2.5793
7908994,2.5978
7909905,2.6162
7910815,2.6345
7911726,2.6529
7912637,2.6711
7913548,2.6894
7914459,2.7075
7915371,2.7257
7916282,2.7438
7917193,2.7618
7918105,2.7798
7919017,2.7978
7919928,2.8157
7920840,2.8336
7921752,2.8514
7922664,2.8692
7923576,2.8869
7924489,2.9046
7925401,2.9223
7926314,2.9399
7927226,2.9575
7928139,2.9751
7929052,2.9926
7929965,3.0100
7930878,3.0274
7931791,3.0448
7932704,3.0622
7933617,3.0795
7934531,3.0967
7935444,3.1140
7936358,3.1312
7937272,3.1483
7938186,3.1654
7939100,3.1825
7940014,3.1995
7940928,3.2165
7941842,3.2335
7942757,3.2505
7943671,3.2673
7944586,3.2842
7945500,3.3010
7946415,3.3178
7947330,3.3346
7948245,3.3513
7949160,3.3680
7950076,3.3847
7950991,3.4013
7951906,3.4179
7952822,3.4344
7953738,3.4510
7954653,3.4675
7955569,3.4839
7956485,3.5004
7957401,3.5168
7958317,3.5331
7959234,3.5495
7960150,3.5658
7961067,3.5821
7961983,3.5983
7962900,3.6145
7963817,3.6307
7964734,3.6469
7965651,3.6630
7966568,3.6791
7967485,3.6952
7968402,3.7112
7969320,3.7272
7970237,3.7432
7971155,3.7592
7972073,3.7751
7972991,3.7910
7973909,3.8069
7974827,3.8227
7975745,3.8385
7976663,3.8543
7977582,3.8701
7978500,3.8859
7979419,3.9016
7980337,3.9173
7981256,3.9329
7982175,3.9486
7983094,3.9642
7984013,3.9798
7984933,3.9954
7985852,4.0109
7986771,4.0264
7987691,4.0419
7988611,4.0574
7989530,4.0728
7990450,4.0883
7991370,4.1037
7992290,4.1190
7993211,4.1344
7994131,4.1497
7995051,4.1651
7995972,4.1803
7996892,4.1956
7997813,4.2109
7998734,4.2261
7999655,4.2413
8000576,4.2565
8001497,4.2716
8002418,4.2868
8003340,4.3019
8004261,4.3170
8005183,4.3321
8006105,4.3472
8007026,4.3622
8007948,4.3772
8008870,4.3922
8009792,4.4072
8010715,4.4222
8011637,4.4371
8012559,4.4520
8013482,4.4670
8014404,4.4819
8015327,4.4967
8016250,4.5116
8017173,4.5264
8018096,4.5412
8019019,4.5560
8019943,4.5708
8020866,4.5856
8021789,4.6004
8022713,4.6151
8023637,4.6298
8024560,4.6445
8025484,4.6592
8026408,4.6739
8027333,4.6885
8028257,4.7032
8029181,4.7178
8030106,4.7324
8031030,4.7470
8031955,4.7616
8032880,4.7761
8033804,4.7907
8034729,4.8052
8035654,4.8197
8036580,4.8342
8037505,4.8487
8038430,4.8632
8039356,4.8777
8040282,4.8921
8041207,4.9066
8042133,4.9210
8043059,4.9354
8043985,4.9498
8044911,4.9642
8045837,4.9786
8046764,4.9929
8047690,5.0073
8048617,5.0216
8049544,5.0359
8050470,5.0502
8051397,5.0645
8052324,5.0788
8053251,5.0931
8054179,5.1074
8055106,5.1216
8056033,5.1359
8056961,5.1501
8057889,5.1643
8058816,5.1785
8059744,5.1927
8060672,5.2069
8061600,5.2211
8062528,5.2353
8063457,5.2494
8064385,5.2636
8065314,5.2777
8066242,5.2919
8067171,5.3060
8068100,5.3201
8069029,5.3342
8069958,5.3483
8070887,5.3624
8071816,5.3764
8072745,5.3905
8073675,5.4046
8074604,5.4186
8075534,5.4327
8076464,5.4467
8077394,5.4607
8078324,5.4748
8079254,5.4888
8080184,5.5028
8081114,5.5168
8082045,5.5308
8082975,5.5448
8083906,5.5587
8084837,5.5727
8085768,5.5867
8086699,5.6006
8087630,5.6146
8088561,5.6285
8089492,5.6425
8090423,5.6564
8091355,5.6703
8092287,5.6842
8093218,5.6982
8094150,5.7121
8095082,5.7260
8096014,5.7399
8096946,5.7538
8097878,5.7677
8098811,5.7815
8099743,5.7954
8100676,5.8093
8101609,5.8232
8102541,5.8370
8103474,5.8509
8104407,5.8647
8105340,5.8786
8106274,5.8924
8107207,5.9063
8108140,5.9201
8109074,5.9340
8110007,5.9478
8110941,5.9616
8111875,5.9755
8112809,5.9893
8113743,6.0031
8114677,6.0169
8115612,6.0307
8116546,6.0445
8117481,6.0584
8118415,6.0722
8119350,6.0860
8120285,6.0998
8121220,6.1136
8122155,6.1274
8123090,6.1412
8124025,6.1550
8124960,6.1688
8125896,6.1825
8126831,6.1963
8127767,6.2101
8128703,6.2239
8129639,6.2377
8130575,6.2515
8131511,6.2653
8132447,6.2791
8133384,6.2928
8134320,6.3066
8135257,6.3204
8136193,6.3342
8137130,6.3480
8138067,6.3617
8139004,6.3755
8139941,6.3893
8140878,6.4031
8141815,6.4169
8142753,6.4307
8143690,6.4444
8144628,6.4582
8145566,6.4720
8146504,6.4858
8147442,6.4996
8148380,6.5134
8149318,6.5272
8150256,6.5409
8151194,6.5547
8152133,6.5685
8153072,6.5823
8154010,6.5961
8154949,6.6099
8155888,6.6237
8156827,6.6375
8157766,6.6513
8158705,6.6651
8159645,6.6789
8160584,6.6927
8161524,6.7065
8162464,6.7204
8163403,6.7342
8164343,6.7480
8165283,6.7618
8166223,6.7757
8167164,6.7895
8168104,6.8033
8169044,6.8171
8169985,6.8310
8170926,6.8448
8171866,6.8587
8172807,6.8725
8173748,6.8864
8174689,6.9002
8175630,6.9141
8176572,6.9280
8177513,6.9418
8178455,6.9557
8179396,6.9696
8180338,6.9835
8181280,6.9974
8182222,7.0113
8183164,7.0251
8184106,7.0391
8185048,7.0530
8185991,7.0669
8186933,7.0808
8187876,7.0947
8188819,7.1086
8189762,7.1226
8190704,7.1365
8191647,7.1505
8192591,7.1644
8193534,7.1784
8194477,7.1923
8195421,7.2063
8196364,7.2203
8197308,7.2342
8198252,7.2482
8199196,7.2622
8200140,7.2762
8201084,7.2902
8202028,7.3042
8202972,7.3183
8203917,7.3323
8204862,7.3463
8205806,7.3604
8206751,7.3744
8207696,7.3885
8208641,7.4025
8209586,7.4166
8210531,7.4307
8211477,7.4448
8212422,7.4589
8213367,7.4730
8214313,7.4871
8215259,7.5012
8216205,7.5153
8217151,7.5295
8218097,7.5436
8219043,7.5577
8219989,7.5719
8220936,7.5861
8221882,7.6002
8222829,7.6144
8223776,7.6286
8224723,7.6428
8225669,7.6570
8226617,7.6713
8227564,7.6855
8228511,7.6997
8229458,7.7140
8230406,7.7282
8231354,7.7425
8232301,7.7568
8233249,7.7711
8234197,7.7854
8235145,7.7997
8236093,7.8140
8237042,7.8283
8237990,7.8427
8238938,7.8570
8239887,7.8714
8240836,7.8857
8241784,7.9001
8242733,7.9145
8243682,7.9289
8244632,7.9433
8245581,7.9578
8246530,7.9722
8247480,7.9866
8248429,8.0011
8249379,8.0156
8250329,8.0301
8251279,8.0445
8252229,8.0590
8253179,8.0736
8254129,8.0881
8255079,8.1026
8256030,8.1172
8256980,8.1317
8257931,8.1463
8258882,8.1609
8259833,8.1755
8260784,8.1901
8261735,8.2048
8262686,8.2194
8263637,8.2340
8264589,8.2487
8265540,8.2634
8266492,8.2781
8267444,8.2928
8268396,8.3075
8269348,8.3222
8270300,8.3370
8271252,8.3517
8272204,8.3665
8273157,8.3813
8274109,8.3961
8275062,8.4109
8276015,8.4257
8276968,8.4406
8277921,8.4554
8278874,8.4703
8279827,8.4852
8280780,8.5001
8281734,8.5150
8282687,8.5299
8283641,8.5448
8284594,8.5598
8285548,8.5748
8286502,8.5897
8287456,8.6047
8288411,8.6198
8289365,8.6348
8290319,8.6498
8291274,8.6649
8292228,8.6800
8293183,8.6951
8294138,8.7102
8295093,8.7253
8296048,8.7404
8297003,8.7556
8297958,8.7708
8298914,8.7860
8299869,8.8012
8300825,8.8164
8301781,8.8316
8302736,8.8469
8303692,8.8621
8304648,8.8774
8305605,8.8927
8306561,8.9081
8307517,8.9234
8308474,8.9387
8309430,8.9541
8310387,8.9695
8311344,8.9849
8312301,9.0003
8313258,9.0158
8314215,9.0312
8315172,9.0467
8316130,9.0622
8317087,9.0777
8318045,9.0932
8319002,9.1088
8319960,9.1244
8320918,9.1399
8321876,9.1555
8322834,9.1712
8323793,9.1868
8324751,9.2025
8325710,9.2181
8326668,9.2338
8327627,9.2495
8328586,9.2653
8329545,9.2810
8330504,9.2968
8331463,9.3126
8332422,9.3284
8333381,9.3442
8334341,9.3601
8335300,9.3759
8336260,9.3918
8337220,9.4077
8338180,9.4237
8339140,9.4396
8340100,9.4556
8341060,9.4716
8342021,9.4876
8342981,9.5036
8343942,9.5196
8344902,9.5357
8345863,9.5518
8346824,9.5679
8347785,9.5840
8348746,9.6002
8349707,9.6163
8350669,9.6325
8351630,9.6488
8352592,9.6650
8353553,9.6812
8354515,9.6975
8355477,9.7138
8356439,9.7301
8357401,9.7465
8358364,9.7628
8359326,9.7792
8360288,9.7956
8361251,9.8120
8362214,9.8285
8363176,9.8450
8364139,9.8615
8365102,9.8780
8366065,9.8945
8367029,9.9111
8367992,9.9277
8368955,9.9443
8369919,9.9609
8370883,9.9775
8371846,9.9942
8372810,10.0109
8373774,10.0276
8374738,10.0444
8375703,10.0611
8376667,10.0779
8377632,10.0947
8378596,10.1116
8379561,10.1284
8380526,10.1453
8381490,10.1622
8382455,10.1791
8383421,10.1961
8384386,10.2131
8385351,10.2301
8386317,10.2471
8387282,10.2641
8388248,10.2812
8389214,10.2983
8390180,10.3154
8391146,10.3326
8392112,10.3497
8393078,10.3669
8394044,10.3842
8395011,10.4014
8395977,10.4187
8396944,10.4360
8397911,10.4533
8398878,10.4706
8399845,10.4880
8400812,10.5054
8401779,10.5228
8402746,10.5402
8403714,10.5577
8404681,10.5752
8405649,10.5927
8406617,10.6103
8407585,10.6278
8408553,10.6454
8409521,10.6631
8410489,10.6807
8411457,10.6984
8412426,10.7161
8413395,10.7338
8414363,10.7516
8415332,10.7693
8416301,10.7871
8417270,10.8050
8418239,10.8228
8419208,10.8407
8420178,10.8586
8421147,10.8765
8422117,10.8945
8423086,10.9125
8424056,10.9305
8425026,10.9486
8425996,10.9666
8426966,10.9847
8427936,11.0028
8428907,11.0210
8429877,11.0392
8430848,11.0574
8431819,11.0756
8432789,11.0939
8433760,11.1122
8434731,11.1305
8435702,11.1488
8436674,11.1672
8437645,11.1856
8438617,11.2040
8439588,11.2224
8440560,11.2409
8441532,11.2594
8442504,11.2780
8443476,11.2965
8444448,11.3151
8445420,11.3337
8446392,11.3524
8447365,11.3710
8448337,11.3897
8449310,11.4085
8450283,11.4272
8451256,11.4460
8452229,11.4648
8453202,11.4837
8454175,11.5025
8455149,11.5214
8456122,11.5403
8457096,11.5593
8458070,11.5783
8459043,11.5973
8460017,11.6163
8460991,11.6354
8461966,11.6545
8462940,11.6736
8463914,11.6928
8464889,11.7119
8465863,11.7311
8466838,11.7504
8467813,11.7696
8468788,11.7889
8469763,11.8082
8470738,11.8276
8471713,11.8470
8472689,11.8664
8473664,11.8858
8474640,11.9053
8475616,11.9248
8476592,11.9443
8477567,11.9638
8478544,11.9834
8479520,12.0030
8480496,12.0226
8481472,12.0423
8482449,12.0620
8483426,12.0817
8484402,12.1014
8485379,12.1212
8486356,12.1410
8487333,12.1608
8488310,12.1807
8489288,12.2006
8490265,12.2205
8491243,12.2404
8492220,12.2604
8493198,12.2804
8494176,12.3004
8495154,12.3205
8496132,12.3406
8497110,12.3607
8498089,12.3808
8499067,12.4010
8500046,12.4212
8501024,12.4414
8502003,12.4616
8502982,12.4819
8503961,12.5022
8504940,12.5225
8505919,12.5429
8506899,12.5632
8507878,12.5836
8508858,12.6041
8509837,12.6245
8510817,12.6450
8511797,12.6655
8512777,12.6861
8513757,12.7066
8514737,12.7272
8515718,12.7478
8516698,12.7685
8517679,12.7891
8518659,12.8098
8519640,12.8306
8520621,12.8513
8521602,12.8721
8522583,12.8929
8523565,12.9137
8524546,12.9345
8525527,12.9554
8526509,12.9763
8527491,12.9972
8528473,13.0181
8529454,13.0391
8530437,13.0601
8531419,13.0811
8532401,13.1021
8533383,13.1232
8534366,13.1443
8535348,13.1654
8536331,13.1865
8537314,13.2076
8538297,13.2288
8539280,13.2500
8540263,13.2712
8541246,13.2924
8542230,13.3137
8543213,13.3349
8544197,13.3562
8545181,13.3775
8546165,13.3989
8547149,13.4202
8548133,13.4416
8549117,13.4630
8550101,13.4844
8551086,13.5058
8552070,13.5273
8553055,13.5487
8554040,13.5702
8555024,13.5917
8556009,13.6132
8556995,13.6347
8557980,13.6563
8558965,13.6778
8559951,13.6994
8560936,13.7210
8561922,13.7426
8562908,13.7642
8563893,13.7859
8564879,13.8075
8565866,13.8292
8566852,13.8508
8567838,13.8725
8568825,13.8942
8569811,13.9159
8570798,13.9376
8571785,13.9593
8572772,13.9811
8573759,14.0028
8574746,14.0246
8575733,14.0463
8576720,14.0681
8577708,14.0899
8578696,14.1116
8579683,14.1334
8580671,14.1552
8581659,14.1770
8582647,14.1988
8583635,14.2206
8584624,14.2424
8585612,14.2642
8586600,14.2860
8587589,14.3078
8588578,14.3296
8589567,14.3515
8590556,14.3733
8591545,14.3951
8592534,14.4169
8593523,14.4387
8594513,14.4605
8595502,14.4823
8596492,14.5040
8597482,14.5258
8598471,14.5476
8599461,14.5694
8600452,14.5911
8601442,14.6129
8602432,14.6346
8603423,14.6563
8604413,14.6780
8605404,14.6997
8606395,14.7214
8607386,14.7431
8608377,14.7648
8609368,14.7864
8610359,14.8080
8611350,14.8296
8612342,14.8512
8613333,14.8728
8614325,14.8943
8615317,14.9159
8616309,14.9374
8617301,14.9588
8618293,14.9803
8619285,15.0017
8620278,15.0231
8621270,15.0445
8622263,15.0658
8623256,15.0871
8624248,15.1084
8625241,15.1296
8626234,15.1508
8627228,15.1720
8628221,15.1932
8629214,15.2143
8630208,15.2353
8631201,15.2563
8632195,15.2773
8633189,15.2983
8634183,15.3191
8635177,15.3400
8636171,15.3608
8637166,15.3815
8638160,15.4022
8639155,15.4229
8640149,15.4435
8641144,15.4640
8642139,15.4845
8643134,15.5050
8644129,15.5253
8645125,15.5456
8646120,15.5659
8647115,15.5861
8648111,15.6062
8649107,15.6263
8650103,15.6463
8651098,15.6662
8652095,15.6861
8653091,15.7058
8654087,15.7255
8655083,15.7452
8656080,15.7647
8657076,15.7842
8658073,15.8036
8659070,15.8229
8660067,15.8422
8661064,15.8613
8662061,15.8804
8663059,15.8993
8664056,15.9182
8665054,15.9370
8666051,15.9557
8667049,15.9743
8668047,15.9928
8669045,16.0112
8670043,16.0295
8671041,16.0477
8672040,16.0658
8673038,16.0837
8674037,16.1016
8675035,16.1194
8676034,16.1370
8677033,16.1545
8678032,16.1719
8679031,16.1892
8680031,16.2064
8681030,16.2235
8682029,16.2404
8683029,16.2572
8684029,16.2738
8685029,16.2904
8686029,16.3068
8687029,16.3230
8688029,16.3392
8689029,16.3551
8690030,16.3710
8691030,16.3867
8692031,16.4023
8693032,16.4177
8694032,16.4329
8695033,16.4480
8696035,16.4630
8697036,16.4778
8698037,16.4924
8699039,16.5069
8700040,16.5212
8701042,16.5353
8702044,16.5493
8703046,16.5631
8704048,16.5768
8705050,16.5903
8706052,16.6036
8707054,16.6167
8708057,16.6296
8709059,16.6424
8710062,16.6549
8711065,16.6673
8712068,16.6795
8713071,16.6915
8714074,16.7033
8715078,16.7150
8716081,16.7264
8717084,16.7376
8718088,16.7487
8719092,16.7595
8720096,16.7701
8721100,16.7805
8722104,16.7907
8723108,16.8008
8724112,16.8105
8725117,16.8201
8726121,16.8295
8727126,16.8386
8728131,16.8476
8729136,16.8563
8730141,16.8648
8731146,16.8730
8732151,16.8811
8733157,16.8889
8734162,16.8964
8735168,16.9038
8736174,16.9109
8737179,16.9178
8738185,16.9244
8739191,16.9309
8740198,16.9370
8741204,16.9430
8742210,16.9487
8743217,16.9541
8744224,16.9593
8745230,16.9643
8746237,16.9690
8747244,16.9735
8748251,16.9777
8749259,16.9817
8750266,16.9854
8751273,16.9888
8752281,16.9921
8753289,16.9950
8754297,16.9977
8755304,17.0002
8756313,17.0024
8757321,17.0043
8758329,17.0060
8759337,17.0074
8760346,17.0085
8761355,17.0094
8762363,17.0101
8763372,17.0104
8764381,17.0106
8765390,17.0104
8766399,17.0100
8767409,17.0093
8768418,17.0084
8769428,17.0072
8770437,17.0057
8771447,17.0040
8772457,17.0020
8773467,16.9997
8774477,16.9972
8775488,16.9944
8776498,16.9913
8777508,16.9880
8778519,16.9844
8779530,16.9806
8780541,16.9764
8781552,16.9721
8782563,16.9674
8783574,16.9625
8784585,16.9574
8785597,16.9519
8786608,16.9462
8787620,16.9403
8788631,16.9341
8789643,16.9276
8790655,16.9209
8791667,16.9139
8792680,16.9066
8793692,16.8991
8794705,16.8914
8795717,16.8834
8796730,16.8751
8797743,16.8666
8798756,16.8578
8799769,16.8488
8800782,16.8395
8801795,16.8300
8802809,16.8202
8803822,16.8102
8804836,16.8000
8805849,16.7895
8806863,16.7787
8807877,16.7677
8808891,16.7565
8809906,16.7451
8810920,16.7334
8811934,16.7214
8812949,16.7093
8813964,16.6969
8814978,16.6843
8815993,16.6714
8817008,16.6583
8818024,16.6450
8819039,16.6315
8820054,16.6177
8821070,16.6038
8822085,16.5896
8823101,16.5752
8824117,16.5606
8825133,16.5457
8826149,16.5307
8827165,16.5155
8828182,16.5000
8829198,16.4843
8830215,16.4685
8831231,16.4524
8832248,16.4362
8833265,16.4197
8834282,16.4030
8835299,16.3862
8836316,16.3692
8837334,16.3519
8838351,16.3345
8839369,16.3169
8840387,16.2991
8841404,16.2812
8842422,16.2630
8843440,16.2447
8844459,16.2262
8845477,16.2076
8846495,16.1887
8847514,16.1697
8848533,16.1506
8849551,16.1313
8850570,16.1118
8851589,16.0921
8852608,16.0723
8853628,16.0523
8854647,16.0322
8855667,16.0120
8856686,15.9915
8857706,15.9710
8858726,15.9503
8859746,15.9294
8860766,15.9084
8861786,15.8873
8862806,15.8660
8863827,15.8446
8864847,15.8231
8865868,15.8014
8866889,15.7797
8867910,15.7577
8868931,15.7357
8869952,15.7135
8870973,15.6912
8871994,15.6688
8873016,15.6463
8874037,15.6237
8875059,15.6010
8876081,15.5781
8877103,15.5551
8878125,15.5321
8879147,15.5089
8880169,15.4856
8881192,15.4623
8882214,15.4388
8883237,15.4152
8884260,15.3915
8885283,15.3678
8886306,15.3439
8887329,15.3200
8888352,15.2960
8889376,15.2719
8890399,15.2477
8891423,15.2234
8892446,15.1990
8893470,15.1746
8894494,15.1501
8895518,15.1255
8896542,15.1008
8897567,15.0761
8898591,15.0513
8899616,15.0264
8900640,15.0014
8901665,14.9764
8902690,14.9514
8903715,14.9262
8904740,14.9010
8905765,14.8758
8906791,14.8504
8907816,14.8251
8908842,14.7996
8909868,14.7742
8910894,14.7486
8911919,14.7230
8912946,14.6974
8913972,14.6717
8914998,14.6460
8916025,14.6202
8917051,14.5944
8918078,14.5686
8919105,14.5427
8920131,14.5167
8921158,14.4907
8922186,14.4647
8923213,14.4387
8924240,14.4126
8925268,14.3865
8926295,14.3603
8927323,14.3341
8928351,14.3079
8929379,14.2817
8930407,14.2554
8931435,14.2291
8932464,14.2028
8933492,14.1764
8934521,14.1501
8935549,14.1237
8936578,14.0973
8937607,14.0708
8938636,14.0444
8939665,14.0179
8940694,13.9914
8941724,13.9649
8942753,13.9384
8943783,13.9118
8944813,13.8853
8945843,13.8587
8946873,13.8322
8947903,13.8056
8948933,13.7790
8949963,13.7524
8950994,13.7258
8952024,13.6992
8953055,13.6725
8954086,13.6459
8955117,13.6193
8956148,13.5926
8957179,13.5660
8958210,13.5393
8959242,13.5127
8960273,13.4860
8961305,13.4594
8962337,13.4327
8963369,13.4061
8964401,13.3794
8965433,13.3528
8966465,13.3262
8967497,13.2995
8968530,13.2729
8969562,13.2463
8970595,13.2196
8971628,13.1930
8972661,13.1664
8973694,13.1398
8974727,13.1132
8975760,13.0866
8976794,13.0601
8977827,13.0335
8978861,13.0069
8979895,12.9804
8980929,12.9539
8981963,12.9273
8982997,12.9008
8984031,12.8743
8985066,12.8479
8986100,12.8214
8987135,12.7949
8988170,12.7685
8989204,12.7421
8990239,12.7157
8991274,12.6893
8992310,12.6629
8993345,12.6365
8994380,12.6102
8995416,12.5838
8996452,12.5575
8997488,12.5312
8998523,12.5050
8999560,12.4787
9000596,12.4525
9001632,12.4263
9002668,12.4001
9003705,12.3739
9004742,12.3478
9005778,12.3216
9006815,12.2955
9007852,12.2694
9008889,12.2434
9009927,12.2173
9010964,12.1913
9012001,12.1653
9013039,12.1393
9014077,12.1134
9015115,12.0875
9016153,12.0616
9017191,12.0357
9018229,12.0098
9019267,11.9840
9020306,11.9582
9021344,11.9324
9022383,11.9067
9023422,11.8809
9024461,11.8552
9025500,11.8296
9026539,11.8039
9027578,11.7783
9028618,11.7527
9029657,11.7271
9030697,11.7016
9031736,11.6761
9032776,11.6506
9033816,11.6251
9034856,11.5997
9035897,11.5743
9036937,11.5489
9037977,11.5236
9039018,11.4983
9040059,11.4730
9041100,11.4477
9042141,11.4225
9043182,11.3973
9044223,11.3721
9045264,11.3470
9046306,11.3218
9047347,11.2968
9048389,11.2717
9049431,11.2467
9050473,11.2217
9051515,11.1967
9052557,11.1718
9053599,11.1469
9054641,11.1220
9055684,11.0972
9056727,11.0724
9057769,11.0476
9058812,11.0228
9059855,10.9981
9060898,10.9734
9061942,10.9488
9062985,10.9241
9064028,10.8995
9065072,10.8750
9066116,10.8504
9067159,10.8259
9068203,10.8015
9069248,10.7770
9070292,10.7526
9071336,10.7282
9072380,10.7039
9073425,10.6796
9074470,10.6553
9075514,10.6310
9076559,10.6068
9077604,10.5826
9078650,10.5585
9079695,10.5344
9080740,10.5103
9081786,10.4862
9082831,10.4622
9083877,10.4382
9084923,10.4142
9085969,10.3903
9087015,10.3664
9088061,10.3425
9089108,10.3187
9090154,10.2949
9091201,10.2711
9092248,10.2474
9093294,10.2237
9094341,10.2000
9095389,10.1764
9096436,10.1528
9097483,10.1292
9098530,10.1057
9099578,10.0821
9100626,10.0587
9101674,10.0352
9102721,10.0118
9103770,9.9884
9104818,9.9651
9105866,9.9418
9106914,9.9185
9107963,9.8952
9109012,9.8720
9110060,9.8488
9111109,9.8256
9112158,9.8025
9113207,9.7794
9114257,9.7564
9115306,9.7333
9116356,9.7103
9117405,9.6874
9118455,9.6644
9119505,9.6415
9120555,9.6187
9121605,9.5958
9122655,9.5730
9123705,9.5503
9124756,9.5275
9125806,9.5048
9126857,9.4821
9127908,9.4595
9128959,9.4369
9130010,9.4143
9131061,9.3917
9132113,9.3692
9133164,9.3467
9134216,9.3243
9135267,9.3019
9136319,9.2795
9137371,9.2571
9138423,9.2348
9139475,9.2125
9140527,9.1902
9141580,9.1680
9142632,9.1458
9143685,9.1236
9144738,9.1015
9145791,9.0793
9146844,9.0573
9147897,9.0352
9148950,9.0132
9150003,8.9912
9151057,8.9693
9152110,8.9473
9153164,8.9254
9154218,8.9036
9155272,8.8817
9156326,8.8599
9157380,8.8382
9158435,8.8164
9159489,8.7947
9160544,8.7730
9161598,8.7514
9162653,8.7298
9163708,8.7082
9164763,8.6866
9165819,8.6651
9166874,8.6436
9167929,8.6221
9168985,8.6007
9170041,8.5793
9171096,8.5579
9172152,8.5366
9173208,8.5153
9174264,8.4940
9175321,8.4727
9176377,8.4515
9177434,8.4303
9178490,8.4091
9179547,8.3880
9180604,8.3669
9181661,8.3458
9182718,8.3248
9183775,8.3037
9184833,8.2828
9185890,8.2618
9186948,8.2409
9188006,8.2200
9189064,8.1991
9190122,8.1782
9191180,8.1574
9192238,8.1366
9193296,8.1159
9194355,8.0951
9195413,8.0744
9196472,8.0538
9197531,8.0331
9198590,8.0125
9199649,7.9919
9200708,7.9714
9201767,7.9508
9202827,7.9303
9203887,7.9099
9204946,7.8894
9206006,7.8690
9207066,7.8486
9208126,7.8283
9209186,7.8079
9210247,7.7876
9211307,7.7674
9212368,7.7471
9213428,7.7269
9214489,7.7067
9215550,7.6865
9216611,7.6664
9217672,7.6463
9218733,7.6262
9219795,7.6061
9220856,7.5861
9221918,7.5661
9222980,7.5461
9224042,7.5262
9225104,7.5063
9226166,7.4864
9227228,7.4665
9228290,7.4467
9229353,7.4269
9230416,7.4071
9231478,7.3873
9232541,7.3676
9233604,7.3479
9234667,7.3282
9235731,7.3085
9236794,7.2889
9237857,7.2693
9238921,7.2497
9239985,7.2302
9241049,7.2107
9242113,7.1912
9243177,7.1717
9244241,7.1523
9245305,7.1328
9246370,7.1135
9247434,7.0941
9248499,7.0747
9249564,7.0554
9250629,7.0361
9251694,7.0169
9252759,6.9976
9253824,6.9784
9254890,6.9592
9255955,6.9401
9257021,6.9209
9258087,6.9018
9259153,6.8828
9260219,6.8637
9261285,6.8447
9262351,6.8256
9263418,6.8067
9264484,6.7877
9265551,6.7688
9266618,6.7498
9267685,6.7310
9268752,6.7121
9269819,6.6933
9270886,6.6744
9271954,6.6557
9273021,6.6369
9274089,6.6182
9275157,6.5994
9276225,6.5807
9277293,6.5621
9278361,6.5434
9279429,6.5248
9280497,6.5062
9281566,6.4877
9282635,6.4691
9283703,6.4506
9284772,6.4321
9285841,6.4136
9286910,6.3951
9287980,6.3767
9289049,6.3583
9290119,6.3399
9291188,6.3216
9292258,6.3032
9293328,6.2849
9294398,6.2666
9295468,6.2484
9296538,6.2301
9297608,6.2119
9298679,6.1937
9299750,6.1755
9300820,6.1574
9301891,6.1393
9302962,6.1211
9304033,6.1031
9305104,6.0850
9306176,6.0670
9307247,6.0490
9308319,6.0310
9309391,6.0130
9310462,5.9950
9311534,5.9771
9312607,5.9592
9313679,5.9413
9314751,5.9235
9315824,5.9056
9316896,5.8878
9317969,5.8700
9319042,5.8523
9320115,5.8345
9321188,5.8168
9322261,5.7991
9323334,5.7814
9324408,5.7637
9325481,5.7461
9326555,5.7285
9327629,5.7109
9328703,5.6933
9329777,5.6757
9330851,5.6582
9331925,5.6407
9333000,5.6232
9334074,5.6057
9335149,5.5883
9336224,5.5709
9337299,5.5535
9338374,5.5361
9339449,5.5187
9340524,5.5014
9341600,5.4840
9342675,5.4667
9343751,5.4495
9344827,5.4322
9345903,5.4150
9346979,5.3977
9348055,5.3806
9349131,5.3634
9350208,5.3462
9351284,5.3291
9352361,5.3120
9353438,5.2949
9354515,5.2778
9355592,5.2607
9356669,5.2437
9357746,5.2267
9358823,5.2097
9359901,5.1927
9360979,5.1758
9362056,5.1588
9363134,5.1419
9364212,5.1250
9365291,5.1081
9366369,5.0913
9367447,5.0744
9368526,5.0576
9369604,5.0408
9370683,5.0240
9371762,5.0073
9372841,4.9905
9373920,4.9738
9375000,4.9571
9376079,4.9404
9377158,4.9238
9378238,4.9071
9379318,4.8905
9380398,4.8739
9381478,4.8573
9382558,4.8408
9383638,4.8242
9384719,4.8077
9385799,4.7912
9386880,4.7747
9387961,4.7582
9389041,4.7418
9390122,4.7253
9391204,4.7089
9392285,4.6925
9393366,4.6761
9394448,4.6598
9395529,4.6434
9396611,4.6271
9397693,4.6108
9398775,4.5945
9399857,4.5782
9400939,4.5620
9402022,4.5457
9403104,4.5295
9404187,4.5133
9405270,4.4972
9406353,4.4810
9407436,4.4649
9408519,4.4487
9409602,4.4326
9410685,4.4165
9411769,4.4005
9412853,4.3844
9413936,4.3684
9415020,4.3524
9416104,4.3364
9417188,4.3204
9418273,4.3044
9419357,4.2885
9420441,4.2725
9421526,4.2566
9422611,4.2407
9423696,4.2248
9424781,4.2090
9425866,4.1931
9426951,4.1773
9428036,4.1615
9429122,4.1457
9430208,4.1299
9431293,4.1142
9432379,4.0984
9433465,4.0827
9434551,4.0670
9435638,4.0513
9436724,4.0356
9437811,4.0200
9438897,4.0043
9439984,3.9887
9441071,3.9731
9442158,3.9575
9443245,3.9420
9444332,3.9264
9445420,3.9109
9446507,3.8953
9447595,3.8798
9448682,3.8643
9449770,3.8489
9450858,3.8334
9451946,3.8180
9453035,3.8025
9454123,3.7871
9455212,3.7717
9456300,3.7564
9457389,3.7410
9458478,3.7257
9459567,3.7103
9460656,3.6950
9461745,3.6797
9462835,3.6644
9463924,3.6492
9465014,3.6339
9466104,3.6187
9467194,3.6035
9468284,3.5883
9469374,3.5731
9470464,3.5579
9471554,3.5428
9472645,3.5276
9473735,3.5125
9474826,3.4974
9475917,3.4823
9477008,3.4672
9478099,3.4522
9479191,3.4371
9480282,3.4221
9481373,3.4071
9482465,3.3921
9483557,3.3771
9484649,3.3621
9485741,3.3471
9486833,3.3322
9487925,3.3173
9489018,3.3024
9490110,3.2875
9491203,3.2726
9492296,3.2577
9493389,3.2429
9494482,3.2280
9495575,3.2132
9496668,3.1984
9497761,3.1836
9498855,3.1689
9499949,3.1541
9501042,3.1393
9502136,3.1246
9503230,3.1099
9504324,3.0952
9505419,3.0805
9506513,3.0658
9507608,3.0512
9508702,3.0365
9509797,3.0219
9510892,3.0073
9511987,2.9927
9513082,2.9781
9514178,2.9635
9515273,2.9490
9516369,2.9344
9517464,2.9199
9518560,2.9054
9519656,2.8909
9520752,2.8764
9521848,2.8619
9522945,2.8475
9524041,2.8330
9525138,2.8186
9526234,2.8042
9527331,2.7898
9528428,2.7754
9529525,2.7610
9530622,2.7466
9531720,2.7323
9532817,2.7179
9533915,2.7036
9535012,2.6893
9536110,2.6750
9537208,2.6607
9538306,2.6465
9539404,2.6322
9540503,2.6180
9541601,2.6038
9542700,2.5895
9543798,2.5753
9544897,2.5612
9545996,2.5470
9547095,2.5328
9548194,2.5187
9549294,2.5046
9550393,2.4904
9551493,2.4763
9552593,2.4622
9553692,2.4482
9554792,2.4341
9555892,2.4200
9556993,2.4060
9558093,2.3920
9559194,2.3780
9560294,2.3640
9561395,2.3500
9562496,2.3360
9563597,2.3220
9564698,2.3081
9565799,2.2942
9566900,2.2802
9568002,2.2663
9569104,2.2524
9570205,2.2385
9571307,2.2247
9572409,2.2108
9573511,2.1970
9574614,2.1831
9575716,2.1693
9576818,2.1555
9577921,2.1417
9579024,2.1279
9580127,2.1141
9581230,2.1004
9582333,2.0866
9583436,2.0729
9584540,2.0592
9585643,2.0455
9586747,2.0318
9587851,2.0181
9588954,2.0044
9590058,1.9908
9591163,1.9771
9592267,1.9635
9593371,1.9499
9594476,1.9363
9595581,1.9227
9596685,1.9091
9597790,1.8955
9598895,1.8819
9600000,1.8684
9601106,1.8548
9602211,1.8413
9603317,1.8278
9604422,1.8143
9605528,1.8008
9606634,1.7873
9607740,1.7739
9608846,1.7604
9609953,1.7470
9611059,1.7335
9612166,1.7201
9613273,1.7067
9614379,1.6933
9615486,1.6799
9616593,1.6666
9617701,1.6532
9618808,1.6399
9619915,1.6265
9621023,1.6132
9622131,1.5999
9623239,1.5866
9624347,1.5733
9625455,1.5600
9626563,1.5467
9627671,1.5335
9628780,1.5202
9629888,1.5070
9630997,1.4938
9632106,1.4806
9633215,1.4674
9634324,1.4542
9635433,1.4410
9636543,1.4278
9637652,1.4147
9638762,1.4015
9639872,1.3884
9640982,1.3753
9642092,1.3622
9643202,1.3491
9644312,1.3360
9645422,1.3229
9646533,1.3098
9647644,1.2968
9648754,1.2837
9649865,1.2707
9650976,1.2577
9652088,1.2447
9653199,1.2317
9654310,1.2187
9655422,1.2057
9656534,1.1927
9657645,1.1798
9658757,1.1668
9659869,1.1539
9660982,1.1410
9662094,1.1281
9663206,1.1152
9664319,1.1023
9665432,1.0894
9666545,1.0765
9667657,1.0637
9668771,1.0508
9669884,1.0380
9670997,1.0252
9672111,1.0123
9673224,0.9995
9674338,0.9867
9675452,0.9739
9676566,0.9612
9677680,0.9484
9678794,0.9356
9679909,0.9229
9681023,0.9102
9682138,0.8974
9683252,0.8847
9684367,0.8720
9685482,0.8593
9686598,0.8467
9687713,0.8340
9688828,0.8213
9689944,0.8087
9691059,0.7960
9692175,0.7834
9693291,0.7708
9694407,0.7582
9695523,0.7456
9696640,0.7330
9697756,0.7204
9698873,0.7078
9699989,0.6953
9701106,0.6827
9702223,0.6702
9703340,0.6576
9704457,0.6451
9705575,0.6326
9706692,0.6201
9707810,0.6076
9708927,0.5951
9710045,0.5827
9711163,0.5702
9712281,0.5577
9713400,0.5453
9714518,0.5329
9715636,0.5204
9716755,0.5080
9717874,0.4956
9718993,0.4832
9720112,0.4709
9721231,0.4585
9722350,0.4461
9723469,0.4338
9724589,0.4214
9725709,0.4091
9726828,0.3968
9727948,0.3844
9729068,0.3721
9730189,0.3598
9731309,0.3476
9732429,0.3353
9733550,0.3230
9734670,0.3107
9735791,0.2985
9736912,0.2863
9738033,0.2740
9739154,0.2618
9740276,0.2496
9741397,0.2374
9742519,0.2252
9743641,0.2130
9744762,0.2008
9745884,0.1887
9747006,0.1765
9748129,0.1644
9749251,0.1522
9750374,0.1401
9751496,0.1280
9752619,0.1159
9753742,0.1038
9754865,0.0917
9755988,0.0796
9757111,0.0675
9758235,0.0555
9759358,0.0434
9760482,0.0314
9761606,0.0193
9762729,0.0073
9763854,-0.0047
9764978,-0.0167
9766102,-0.0287
9767226,-0.0407
9768351,-0.0527
9769476,-0.0647
9770600,-0.0767
9771725,-0.0886
9772850,-0.1006
9773976,-0.1125
9775101,-0.1244
9776226,-0.1364
9777352,-0.1483
9778478,-0.1602
9779604,-0.1721
9780730,-0.1840
9781856,-0.1958
9782982,-0.2077
9784108,-0.2196
9785235,-0.2314
9786362,-0.2433
9787488,-0.2551
9788615,-0.2669
9789742,-0.2787
9790869,-0.2905
9791997,-0.3023
9793124,-0.3141
9794252,-0.3259
9795379,-0.3377
9796507,-0.3495
9797635,-0.3612
9798763,-0.3730
9799891,-0.3847
9801020,-0.3964
9802148,-0.4082
9803277,-0.4199
9804405,-0.4316
9805534,-0.4433
9806663,-0.4550
9807792,-0.4666
9808921,-0.4783
9810051,-0.4900
9811180,-0.5016
9812310,-0.5133
9813440,-0.5249
9814569,-0.5366
9815700,-0.5482
9816830,-0.5598
9817960,-0.5714
9819090,-0.5830
9820221,-0.5946
9821352,-0.6062
9822482,-0.6177
9823613,-0.6293
9824744,-0.6409
9825875,-0.6524
9827007,-0.6640
9828138,-0.6755
9829270,-0.6870
9830401,-0.6985
9831533,-0.7100
9832665,-0.7215
9833797,-0.7330
9834930,-0.7445
9836062,-0.7560
9837194,-0.7675
9838327,-0.7789
9839460,-0.7904
9840593,-0.8018
9841726,-0.8133
9842859,-0.8247
9843992,-0.8361
9845125,-0.8475
9846259,-0.8589
9847393,-0.8703
9848526,-0.8817
9849660,-0.8931
9850794,-0.9045
9851929,-0.9158
9853063,-0.9272
9854197,-0.9385
9855332,-0.9499
9856467,-0.9612
9857601,-0.9725
9858736,-0.9839
9859871,-0.9952
9861007,-1.0065
9862142,-1.0178
9863278,-1.0291
9864413,-1.0403
9865549,-1.0516
9866685,-1.0629
9867821,-1.0741
9868957,-1.0854
9870093,-1.0966
9871230,-1.1079
9872366,-1.1191
9873503,-1.1303
9874640,-1.1415
9875777,-1.1527
9876914,-1.1639
9878051,-1.1751
9879188,-1.1863
9880326,-1.1975
9881463,-1.2086
9882601,-1.2198
9883739,-1.2309
9884877,-1.2421
9886015,-1.2532
9887153,-1.2644
9888291,-1.2755
9889430,-1.2866
9890568,-1.2977
9891707,-1.3088
9892846,-1.3199
9893985,-1.3310
9895124,-1.3421
9896264,-1.3531
9897403,-1.3642
9898543,-1.3752
9899682,-1.3863
9900822,-1.3973
9901962,-1.4084
9903102,-1.4194
9904242,-1.4304
9905383,-1.4414
9906523,-1.4524
9907664,-1.4634
9908804,-1.4744
9909945,-1.4854
9911086,-1.4964
9912227,-1.5074
9913369,-1.5183
9914510,-1.5293
9915652,-1.5402
9916793,-1.5512
9917935,-1.5621
9919077,-1.5730
9920219,-1.5839
9921361,-1.5949
9922503,-1.6058
9923646,-1.6167
9924788,-1.6276
9925931,-1.6384
9927074,-1.6493
9928217,-1.6602
9929360,-1.6710
9930503,-1.6819
9931647,-1.6928
9932790,-1.7036
9933934,-1.7144
9935077,-1.7253
9936221,-1.7361
9937365,-1.7469
9938509,-1.7577
9939654,-1.7685
9940798,-1.7793
9941943,-1.7901
9943087,-1.8009
9944232,-1.8116
9945377,-1.8224
9946522,-1.8332
9947667,-1.8439
9948813,-1.8547
9949958,-1.8654
9951104,-1.8762
9952249,-1.8869
9953395,-1.8976
9954541,-1.9083
9955687,-1.9190
9956834,-1.9297
9957980,-1.9404
9959127,-1.9511
9960273,-1.9618
9961420,-1.9725
9962567,-1.9831
9963714,-1.9938
9964861,-2.0044
9966009,-2.0151
9967156,-2.0257
9968304,-2.0364
9969451,-2.0470
9970599,-2.0576
9971747,-2.0682
9972895,-2.0788
9974043,-2.0894
9975192,-2.1000
9976340,-2.1106
9977489,-2.1212
9978638,-2.1318
9979787,-2.1423
9980936,-2.1529
9982085,-2.1634
9983234,-2.1740
9984384,-2.1845
9985533,-2.1951
9986683,-2.2056
9987833,-2.2161
9988983,-2.2266
9990133,-2.2372
9991283,-2.2477
9992433,-2.2582
9993584,-2.2686
9994734,-2.2791
9995885,-2.2896
9997036,-2.3001
9998187,-2.3105
9999338,-2.3210
10000489,-2.3315
10001641,-2.3419
10002792,-2.3523
10003944,-2.3628
10005096,-2.3732
10006248,-2.3836
10007400,-2.3940
10008552,-2.4045
10009704,-2.4149
10010857,-2.4253
10012010,-2.4356
10013162,-2.4460
10014315,-2.4564
10015468,-2.4668
10016621,-2.4771
10017775,-2.4875
10018928,-2.4979
10020082,-2.5082
10021235,-2.5185
10022389,-2.5289
10023543,-2.5392
10024697,-2.5495
10025851,-2.5598
10027006,-2.5702
10028160,-2.5805
10029315,-2.5908
10030469,-2.6011
10031624,-2.6113
10032779,-2.6216
10033934,-2.6319
10035090,-2.6422
10036245,-2.6524
10037401,-2.6627
10038556,-2.6729
10039712,-2.6832
10040868,-2.6934
10042024,-2.7036
10043180,-2.7139
10044337,-2.7241
10045493,-2.7343
10046650,-2.7445
10047806,-2.7547
10048963,-2.7649
10050120,-2.7751
10051277,-2.7853
10052435,-2.7955
10053592,-2.8056
10054749,-2.8158
10055907,-2.8260
10057065,-2.8361
10058223,-2.8463
10059381,-2.8564
10060539,-2.8666
10061697,-2.8767
10062856,-2.8868
10064015,-2.8969
10065173,-2.9071
10066332,-2.9172
10067491,-2.9273
10068650,-2.9374
10069810,-2.9475
10070969,-2.9575
10072128,-2.9676
10073288,-2.9777
10074448,-2.9878
10075608,-2.9978
10076768,-3.0079
10077928,-3.0179
10079088,-3.0280
10080249,-3.0380
10081409,-3.0481
10082570,-3.0581
10083731,-3.0681
10084892,-3.0781
10086053,-3.0881
10087214,-3.0982
10088376,-3.1082
10089537,-3.1181
10090699,-3.1281
10091861,-3.1381
10093023,-3.1481
10094185,-3.1581
10095347,-3.1680
10096509,-3.1780
10097672,-3.1880
10098834,-3.1979
10099997,-3.2079
10101160,-3.2178
10102323,-3.2277
10103486,-3.2377
10104650,-3.2476
10105813,-3.2575
10106976,-3.2674
10108140,-3.2773
10109304,-3.2872
10110468,-3.2971
10111632,-3.3070
10112796,-3.3169
10113961,-3.3268
10115125,-3.3366
10116290,-3.3465
10117454,-3.3564
10118619,-3.3662
10119784,-3.3761
10120949,-3.3859
10122115,-3.3958
10123280,-3.4056
10124446,-3.4154
10125611,-3.4253
10126777,-3.4351
10127943,-3.4449
10129109,-3.4547
10130275,-3.4645
10131442,-3.4743
10132608,-3.4841
10133775,-3.4939
10134942,-3.5037
10136109,-3.5135
10137276,-3.5232
10138443,-3.5330
10139610,-3.5428
10140778,-3.5525
10141945,-3.5623
10143113,-3.5720
10144281,-3.5817
10145449,-3.5915
10146617,-3.6012
10147785,-3.6109
10148953,-3.6207
10150122,-3.6304
10151290,-3.6401
10152459,-3.6498
10153628,-3.6595
10154797,-3.6692
10155966,-3.6789
10157136,-3.6885
10158305,-3.6982
10159475,-3.7079
10160644,-3.7176
10161814,-3.7272
10162984,-3.7369
10164154,-3.7465
10165325,-3.7562
10166495,-3.7658
10167666,-3.7755
10168836,-3.7851
10170007,-3.7947
10171178,-3.8043
10172349,-3.8140
10173520,-3.8236
10174692,-3.8332
10175863,-3.8428
10177035,-3.8524
10178206,-3.8620
10179378,-3.8716
10180550,-3.8811
10181722,-3.8907
10182895,-3.9003
10184067,-3.9099
10185240,-3.9194
10186412,-3.9290
10187585,-3.9385
10188758,-3.9481
10189931,-3.9576
10191104,-3.9672
10192278,-3.9767
10193451,-3.9862
10194625,-3.9957
10195799,-4.0053
10196973,-4.0148
10198147,-4.0243
10199321,-4.0338
10200495,-4.0433
10201670,-4.0528
10202844,-4.0623
10204019,-4.0717
10205194,-4.0812
10206369,-4.0907
10207544,-4.1002
10208719,-4.1096
10209895,-4.1191
10211070,-4.1285
10212246,-4.1380
10213421,-4.1474
10214597,-4.1569
10215773,-4.1663
10216950,-4.1757
10218126,-4.1852
10219302,-4.1946
10220479,-4.2040
10221656,-4.2134
10222833,-4.2228
10224010,-4.2322
10225187,-4.2416
10226364,-4.2510
10227542,-4.2604
10228719,-4.2698
10229897,-4.2791
10231075,-4.2885
10232253,-4.2979
10233431,-4.3072
10234609,-4.3166
10235787,-4.3260
10236966,-4.3353
10238144,-4.3446
10239323,-4.3540
10240502,-4.3633
10241681,-4.3727
10242860,-4.3820
10244040,-4.3913
10245219,-4.4006
10246399,-4.4099
10247579,-4.4192
10248758,-4.4285
10249938,-4.4378
10251119,-4.4471
10252299,-4.4564
10253479,-4.4657
10254660,-4.4750
10255840,-4.4843
10257021,-4.4935
10258202,-4.5028
10259383,-4.5120
10260564,-4.5213
10261746,-4.5306
10262927,-4.5398
10264109,-4.5490
10265291,-4.5583
10266473,-4.5675
10267655,-4.5767
10268837,-4.5860
10270019,-4.5952
10271202,-4.6044
10272384,-4.6136
10273567,-4.6228
10274750,-4.6320
10275933,-4.6412
10277116,-4.6504
10278299,-4.6596
10279483,-4.6688
10280666,-4.6780
10281850,-4.6871
10283034,-4.6963
10284218,-4.7055
10285402,-4.7146
10286586,-4.7238
10287770,-4.7329
10288955,-4.7421
10290139,-4.7512
10291324,-4.7604
10292509,-4.7695
10293694,-4.7786
10294879,-4.7878
10296065,-4.7969
10297250,-4.8060
10298436,-4.8151
10299621,-4.8242
10300807,-4.8333
10301993,-4.8424
10303179,-4.8515
10304365,-4.8606
10305552,-4.8697
10306738,-4.8788
10307925,-4.8879
10309112,-4.8969
10310299,-4.9060
10311486,-4.9151
10312673,-4.9241
10313861,-4.9332
10315048,-4.9422
10316236,-4.9513
10317423,-4.9603
10318611,-4.9694
10319799,-4.9784
10320988,-4.9874
10322176,-4.9965
10323364,-5.0055
10324553,-5.0145
10325742,-5.0235
10326931,-5.0325
10328120,-5.0415
10329309,-5.0505
10330498,-5.0595
10331687,-5.0685
10332877,-5.0775
10334067,-5.0865
10335256,-5.0955
10336446,-5.1045
10337636,-5.1134
10338827,-5.1224
10340017,-5.1314
10341208,-5.1403
10342398,-5.1493
10343589,-5.1582
10344780,-5.1672
10345971,-5.1761
10347162,-5.1850
10348353,-5.1940
10349545,-5.2029
10350737,-5.2118
10351928,-5.2208
10353120,-5.2297
10354312,-5.2386
10355504,-5.2475
10356697,-5.2564
10357889,-5.2653
10359082,-5.2742
10360274,-5.2831
10361467,-5.2920
10362660,-5.3009
10363853,-5.3097
10365046,-5.3186
10366240,-5.3275
10367433,-5.3364
10368627,-5.3452
10369821,-5.3541
10371015,-5.3629
10372209,-5.3718
10373403,-5.3806
10374597,-5.3895
10375792,-5.3983
10376987,-5.4072
10378181,-5.4160
10379376,-5.4248
10380571,-5.4336
10381766,-5.4425
10382962,-5.4513
10384157,-5.4601
10385353,-5.4689
10386549,-5.4777
10387744,-5.4865
10388940,-5.4953
10390137,-5.5041
10391333,-5.5129
10392529,-5.5217
10393726,-5.5304
10394922,-5.5392
10396119,-5.5480
10397316,-5.5568
10398513,-5.5655
10399711,-5.5743
10400908,-5.5830
10402106,-5.5918
10403303,-5.6005
10404501,-5.6093
10405699,-5.6180
10406897,-5.6268
10408095,-5.6355
10409294,-5.6442
10410492,-5.6529
10411691,-5.6617
10412889,-5.6704
10414088,-5.6791
10415287,-5.6878
10416486,-5.6965
10417686,-5.7052
10418885,-5.7139
10420085,-5.7226
10421285,-5.7313
10422484,-5.7400
10423684,-5.7487
10424885,-5.7573
10426085,-5.7660
10427285,-5.7747
10428486,-5.7833
10429687,-5.7920
10430887,-5.8007
10432088,-5.8093
10433289,-5.8180
10434491,-5.8266
10435692,-5.8353
10436894,-5.8439
10438095,-5.8525
10439297,-5.8612
10440499,-5.8698
10441701,-5.8784
10442903,-5.8871
10444106,-5.8957
10445308,-5.9043
10446511,-5.9129
10447713,-5.9215
10448916,-5.9301
10450119,-5.9387
10451323,-5.9473
10452526,-5.9559
10453729,-5.9645
10454933,-5.9731
10456137,-5.9816
10457341,-5.9902
10458545,-5.9988
10459749,-6.0074
10460953,-6.0159
10462158,-6.0245
10463362,-6.0330
10464567,-6.0416
10465772,-6.0501
10466977,-6.0587
10468182,-6.0672
10469387,-6.0758
10470592,-6.0843
10471798,-6.0928
10473004,-6.1014
10474209,-6.1099
10475415,-6.1184
10476622,-6.1269
10477828,-6.1355
10479034,-6.1440
10480241,-6.1525
10481447,-6.1610
10482654,-6.1695
10483861,-6.1780
10485068,-6.1865
10486275,-6.1949
10487483,-6.2034
10488690,-6.2119
10489898,-6.2204
10491106,-6.2289
10492313,-6.2373
10493521,-6.2458
10494730,-6.2543
10495938,-6.2627
10497146,-6.2712
10498355,-6.2796
10499564,-6.2881
10500773,-6.2965
10501982,-6.3050
10503191,-6.3134
10504400,-6.3218
10505610,-6.3303
10506819,-6.3387
10508029,-6.3471
10509239,-6.3555
10510449,-6.3640
10511659,-6.3724
10512869,-6.3808
10514079,-6.3892
10515290,-6.3976
10516501,-6.4060
10517712,-6.4144
10518922,-6.4228
10520134,-6.4312
10521345,-6.4396
10522556,-6.4479
10523768,-6.4563
10524979,-6.4647
10526191,-6.4731
10527403,-6.4814
10528615,-6.4898
10529827,-6.4982
10531040,-6.5065
10532252,-6.5149
10533465,-6.5232
10534678,-6.5316
10535891,-6.5399
10537104,-6.5483
10538317,-6.5566
10539530,-6.5649
10540744,-6.5733
10541957,-6.5816
10543171,-6.5899
10544385,-6.5982
10545599,-6.6065
10546813,-6.6149
10548028,-6.6232
10549242,-6.6315
10550457,-6.6398
10551671,-6.6481
10552886,-6.6564
10554101,-6.6647
10555316,-6.6730
10556532,-6.6812
10557747,-6.6895
10558963,-6.6978
10560178,-6.7061
10561394,-6.7143
10562610,-6.7226
10563826,-6.7309
10565043,-6.7391
10566259,-6.7474
10567476,-6.7557
10568692,-6.7639
10569909,-6.7722
10571126,-6.7804
10572343,-6.7886
10573561,-6.7969
10574778,-6.8051
10575995,-6.8134
10577213,-6.8216
10578431,-6.8298
10579649,-6.8380
10580867,-6.8463
10582085,-6.8545
10583304,-6.8627
10584522,-6.8709
10585741,-6.8791
10586960,-6.8873
10588179,-6.8955
10589398,-6.9037
10590617,-6.9119
10591836,-6.9201
10593056,-6.9283
10594275,-6.9364
10595495,-6.9446
10596715,-6.9528
10597935,-6.9610
10599155,-6.9691
10600376,-6.9773
10601596,-6.9855
10602817,-6.9936
10604037,-7.0018
10605258,-7.0099
10606479,-7.0181
10607701,-7.0262
10608922,-7.0344
10610143,-7.0425
10611365,-7.0507
10612587,-7.0588
10613809,-7.0669
10615031,-7.0751
10616253,-7.0832
10617475,-7.0913
10618698,-7.0994
10619920,-7.1075
10621143,-7.1157
10622366,-7.1238
10623589,-7.1319
10624812,-7.1400
10626035,-7.1481
10627259,-7.1562
10628482,-7.1643
10629706,-7.1723
10630930,-7.1804
10632154,-7.1885
10633378,-7.1966
10634602,-7.2047
10635827,-7.2127
10637051,-7.2208
10638276,-7.2289
10639501,-7.2370
10640726,-7.2450
10641951,-7.2531
10643176,-7.2611
10644402,-7.2692
10645627,-7.2772
10646853,-7.2853
10648079,-7.2933
10649305,-7.3014
10650531,-7.3094
10651757,-7.3174
10652984,-7.3255
10654210,-7.3335
10655437,-7.3415
10656664,-7.3495
10657891,-7.3575
10659118,-7.3656
10660345,-7.3736
10661572,-7.3816
10662800,-7.3896
10664027,-7.3976
10665255,-7.4056
10666483,-7.4136
10667711,-7.4216
10668940,-7.4296
10670168,-7.4376
10671396,-7.4455
10672625,-7.4535
10673854,-7.4615
10675083,-7.4695
10676312,-7.4775
10677541,-7.4854
10678771,-7.4934
10680000,-7.5014
10681230,-7.5093
10682459,-7.5173
10683689,-7.5252
10684920,-7.5332
10686150,-7.5411
10687380,-7.5491
10688611,-7.5570
10689841,-7.5649
10691072,-7.5729
10692303,-7.5808
10693534,-7.5887
10694765,-7.5967
10695997,-7.6046
10697228,-7.6125
10698460,-7.6204
10699691,-7.6284
10700923,-7.6363
10702155,-7.6442
10703388,-7.6521
10704620,-7.6600
10705852,-7.6679
10707085,-7.6758
10708318,-7.6837
10709551,-7.6916
10710784,-7.6995
10712017,-7.7073
10713250,-7.7152
10714484,-7.7231
10715717,-7.7310
10716951,-7.7389
10718185,-7.7467
10719419,-7.7546
10720653,-7.7625
10721888,-7.7703
10723122,-7.7782
10724357,-7.7860
10725592,-7.7939
10726826,-7.8017
10728062,-7.8096
10729297,-7.8174
10730532,-7.8253
10731767,-7.8331
10733003,-7.8409
10734239,-7.8488
10735475,-7.8566
10736711,-7.8644
10737947,-7.8723
10739183,-7.8801
10740420,-7.8879
10741656,-7.8957
10742893,-7.9035
10744130,-7.9113
10745367,-7.9191
10746604,-7.9270
10747842,-7.9348
10749079,-7.9426
10750317,-7.9503
10751554,-7.9581
10752792,-7.9659
10754030,-7.9737
10755268,-7.9815
10756507,-7.9893
10757745,-7.9971
10758984,-8.0048
10760223,-8.0126
10761461,-8.0204
10762700,-8.0281
10763940,-8.0359
10765179,-8.0437
10766418,-8.0514
10767658,-8.0592
10768898,-8.0669
10770138,-8.0747
10771378,-8.0824
10772618,-8.0902
10773858,-8.0979
10775099,-8.1057
10776339,-8.1134
10777580,-8.1211
10778821,-8.1289
10780062,-8.1366
10781303,-8.1443
10782544,-8.1520
10783786,-8.1598
10785027,-8.1675
10786269,-8.1752
10787511,-8.1829
10788753,-8.1906
10789995,-8.1983
10791238,-8.2060
10792480,-8.2137
10793723,-8.2214
10794965,-8.2291
10796208,-8.2368
10797451,-8.2445
10798694,-8.2522
10799938,-8.2599
10801181,-8.2676
10802425,-8.2752
10803669,-8.2829
10804913,-8.2906
10806157,-8.2983
10807401,-8.3059
10808645,-8.3136
10809890,-8.3212
10811134,-8.3289
10812379,-8.3366
10813624,-8.3442
10814869,-8.3519
10816114,-8.3595
10817359,-8.3672
10818605,-8.3748
10819850,-8.3825
10821096,-8.3901
10822342,-8.3977
10823588,-8.4054
10824834,-8.4130
10826081,-8.4206
10827327,-8.4282
10828574,-8.4359
10829820,-8.4435
10831067,-8.4511
10832314,-8.4587
10833562,-8.4663
10834809,-8.4739
10836056,-8.4815
10837304,-8.4891
10838552,-8.4967
10839800,-8.5043
10841048,-8.5119
10842296,-8.5195
10843544,-8.5271
10844793,-8.5347
10846041,-8.5423
10847290,-8.5499
10848539,-8.5574
10849788,-8.5650
10851037,-8.5726
10852287,-8.5802
10853536,-8.5877
10854786,-8.5953
10856035,-8.6029
10857285,-8.6104
10858535,-8.6180
10859786,-8.6255
10861036,-8.6331
10862287,-8.6407
10863537,-8.6482
10864788,-8.6557
10866039,-8.6633
10867290,-8.6708
10868541,-8.6784
10869793,-8.6859
10871044,-8.6934
10872296,-8.7010
10873547,-8.7085
10874799,-8.7160
10876051,-8.7235
10877304,-8.7311
10878556,-8.7386
10879809,-8.7461
10881061,-8.7536
10882314,-8.7611
10883567,-8.7686
10884820,-8.7761
10886073,-8.7836
10887327,-8.7911
10888580,-8.7986
10889834,-8.8061
10891088,-8.8136
10892342,-8.8211
10893596,-8.8286
10894850,-8.8361
10896104,-8.8435
10897359,-8.8510
10898614,-8.8585
10899868,-8.8660
10901123,-8.8734
10902378,-8.8809
10903634,-8.8884
10904889,-8.8958
10906145,-8.9033
10907400,-8.9108
10908656,-8.9182
10909912,-8.9257
10911168,-8.9331
10912425,-8.9406
10913681,-8.9480
10914938,-8.9555
10916194,-8.9629
10917451,-8.9703
10918708,-8.9778
10919965,-8.9852
10921222,-8.9926
10922480,-9.0001
10923737,-9.0075
10924995,-9.0149
10926253,-9.0223
10927511,-9.0298
10928769,-9.0372
10930028,-9.0446
10931286,-9.0520
10932545,-9.0594
10933803,-9.0668
10935062,-9.0742
10936321,-9.0816
10937580,-9.0890
10938840,-9.0964
10940099,-9.1038
10941359,-9.1112
10942618,-9.1186
10943878,-9.1260
10945138,-9.1334
10946399,-9.1407
10947659,-9.1481
10948919,-9.1555
10950180,-9.1629
10951441,-9.1703
10952702,-9.1776
10953963,-9.1850
10955224,-9.1924
10956485,-9.1997
10957747,-9.2071
10959008,-9.2144
10960270,-9.2218
10961532,-9.2291
10962794,-9.2365
10964056,-9.2438
10965319,-9.2512
10966581,-9.2585
10967844,-9.2659
10969107,-9.2732
10970369,-9.2805
10971633,-9.2879
10972896,-9.2952
10974159,-9.3025
10975423,-9.3099
10976686,-9.3172
10977950,-9.3245
10979214,-9.3318
10980478,-9.3391
10981742,-9.3465
10983007,-9.3538
10984271,-9.3611
10985536,-9.3684
10986801,-9.3757
10988066,-9.3830
10989331,-9.3903
10990596,-9.3976
10991862,-9.4049
10993127,-9.4122
10994393,-9.4195
10995659,-9.4268
10996925,-9.4340
10998191,-9.4413
10999457,-9.4486
11000724,-9.4559
11001990,-9.4632
11003257,-9.4704
11004524,-9.4777
11005791,-9.4850
11007058,-9.4923
11008325,-9.4995
11009593,-9.5068
11010860,-9.5140
11012128,-9.5213
11013396,-9.5286
11014664,-9.5358
11015932,-9.5431
11017201,-9.5503
11018469,-9.5576
11019738,-9.5648
11021006,-9.5720
11022275,-9.5793
11023544,-9.5865
11024814,-9.5938
11026083,-9.6010
11027352,-9.6082
11028622,-9.6154
11029892,-9.6227
11031162,-9.6299
11032432,-9.6371
11033702,-9.6443
11034972,-9.6515
11036243,-9.6588
11037514,-9.6660
11038784,-9.6732
11040055,-9.6804
11041327,-9.6876
11042598,-9.6948
11043869,-9.7020
11045141,-9.7092
11046412,-9.7164
11047684,-9.7236
11048956,-9.7308
11050228,-9.7380
11051501,-9.7452
11052773,-9.7523
11054046,-9.7595
11055318,-9.7667
11056591,-9.7739
11057864,-9.7811
11059137,-9.7882
11060411,-9.7954
11061684,-9.8026
11062958,-9.8097
11064232,-9.8169
11065505,-9.8241
11066779,-9.8312
11068054,-9.8384
11069328,-9.8455
11070602,-9.8527
11071877,-9.8598
11073152,-9.8670
11074427,-9.8741
11075702,-9.8813
11076977,-9.8884
11078252,-9.8956
11079528,-9.9027
11080804,-9.9098
11082079,-9.9170
11083355,-9.9241
11084631,-9.9312
11085908,-9.9384
11087184,-9.9455
11088461,-9.9526
11089737,-9.9597
11091014,-9.9668
11092291,-9.9740
11093568,-9.9811
11094845,-9.9882
11096123,-9.9953
11097400,-10.0024
11098678,-10.0095
11099956,-10.0166
11101234,-10.0237
11102512,-10.0308
11103790,-10.0379
11105069,-10.0450
11106347,-10.0521
11107626,-10.0592
11108905,-10.0663
11110184,-10.0734
11111463,-10.0804
11112743,-10.0875
11114022,-10.0946
11115302,-10.1017
11116581,-10.1087
11117861,-10.1158
11119141,-10.1229
11120422,-10.1300
11121702,-10.1370
11122983,-10.1441
11124263,-10.1511
11125544,-10.1582
11126825,-10.1653
11128106,-10.1723
11129387,-10.1794
11130669,-10.1864
11131950,-10.1935
11133232,-10.2005
11134514,-10.2076
11135796,-10.2146
11137078,-10.2216
11138360,-10.2287
11139643,-10.2357
11140925,-10.2428
11142208,-10.2498
11143491,-10.2568
11144774,-10.2638
11146057,-10.2709
11147340,-10.2779
11148624,-10.2849
11149907,-10.2919
11151191,-10.2989
11152475,-10.3060
11153759,-10.3130
11155043,-10.3200
11156327,-10.3270
11157612,-10.3340
11158897,-10.3410
11160181,-10.3480
11161466,-10.3550
11162751,-10.3620
11164037,-10.3690
11165322,-10.3760
11166608,-10.3830
11167893,-10.3900
11169179,-10.3970
11170465,-10.4039
11171751,-10.4109
11173037,-10.4179
11174324,-10.4249
11175610,-10.4319
11176897,-10.4388
11178184,-10.4458
11179471,-10.4528
11180758,-10.4598
11182045,-10.4667
11183333,-10.4737
11184621,-10.4807
11185908,-10.4876
11187196,-10.4946
11188484,-10.5015
11189772,-10.5085
11191061,-10.5154
11192349,-10.5224
11193638,-10.5293
11194927,-10.5363
11196216,-10.5432
11197505,-10.5502
11198794,-10.5571
11200083,-10.5640
11201373,-10.5710
11202663,-10.5779
11203952,-10.5848
11205242,-10.5918
11206532,-10.5987
11207823,-10.6056
11209113,-10.6126
11210404,-10.6195
11211694,-10.6264
11212985,-10.6333
11214276,-10.6402
11215568,-10.6471
11216859,-10.6541
11218150,-10.6610
11219442,-10.6679
11220734,-10.6748
11222026,-10.6817
11223318,-10.6886
11224610,-10.6955
11225902,-10.7024
11227195,-10.7093
11228487,-10.7162
11229780,-10.7231
11231073,-10.7300
11232366,-10.7368
11233659,-10.7437
11234953,-10.7506
11236246,-10.7575
11237540,-10.7644
11238834,-10.7712
11240128,-10.7781
11241422,-10.7850
11242716,-10.7919
11244011,-10.7987
11245305,-10.8056
11246600,-10.8125
11247895,-10.8193
11249190,-10.8262
11250485,-10.8331
11251781,-10.8399
11253076,-10.8468
11254372,-10.8536
11255667,-10.8605
11256963,-10.8673
11258259,-10.8742
11259556,-10.8810
11260852,-10.8879
11262149,-10.8947
11263445,-10.9015
11264742,-10.9084
11266039,-10.9152
11267336,-10.9221
11268634,-10.9289
11269931,-10.9357
11271229,-10.9425
11272526,-10.9494
11273824,-10.9562
11275122,-10.9630
11276420,-10.9698
11277719,-10.9767
11279017,-10.9835
11280316,-10.9903
11281614,-10.9971
11282913,-11.0039
11284212,-11.0107
11285512,-11.0175
11286811,-11.0243
11288111,-11.0311
11289410,-11.0379
11290710,-11.0447
11292010,-11.0515
11293310,-11.0583
11294610,-11.0651
11295911,-11.0719
11297211,-11.0787
11298512,-11.0855
11299813,-11.0923
11301114,-11.0991
11302415,-11.1059
11303716,-11.1126
11305018,-11.1194
11306320,-11.1262
11307621,-11.1330
11308923,-11.1397
11310225,-11.1465
11311527,-11.1533
11312830,-11.1600
11314132,-11.1668
11315435,-11.1736
11316738,-11.1803
11318041,-11.1871
11319344,-11.1939
11320647,-11.2006
11321951,-11.2074
11323254,-11.2141
11324558,-11.2209
11325862,-11.2276
11327166,-11.2344
11328470,-11.2411
11329774,-11.2478
11331079,-11.2546
11332383,-11.2613
11333688,-11.2681
11334993,-11.2748
11336298,-11.2815
11337603,-11.2883
11338909,-11.2950
11340214,-11.3017
11341520,-11.3084
11342826,-11.3152
11344132,-11.3219
11345438,-11.3286
11346744,-11.3353
11348050,-11.3420
11349357,-11.3488
11350664,-11.3555
11351971,-11.3622
11353278,-11.3689
11354585,-11.3756
11355892,-11.3823
11357200,-11.3890
11358507,-11.3957
11359815,-11.4024
11361123,-11.4091
11362431,-11.4158
11363739,-11.4225
11365047,-11.4292
11366356,-11.4359
11367665,-11.4426
11368974,-11.4493
11370282,-11.4559
11371592,-11.4626
11372901,-11.4693
11374210,-11.4760
11375520,-11.4827
11376830,-11.4893
11378140,-11.4960
11379450,-11.5027
11380760,-11.5094
11382070,-11.5160
11383381,-11.5227
11384691,-11.5294
11386002,-11.5360
11387313,-11.5427
11388624,-11.5493
11389935,-11.5560
11391247,-11.5627
11392558,-11.5693
11393870,-11.5760
11395182,-11.5826
11396494,-11.5893
11397806,-11.5959
11399118,-11.6026
11400431,-11.6092
11401743,-11.6158
11403056,-11.6225
11404369,-11.6291
11405682,-11.6358
11406995,-11.6424
11408308,-11.6490
11409622,-11.6557
11410936,-11.6623
11412249,-11.6689
11413563,-11.6755
11414877,-11.6822
11416192,-11.6888
11417506,-11.6954
11418821,-11.7020
11420135,-11.7086
11421450,-11.7153
11422765,-11.7219
11424081,-11.7285
11425396,-11.7351
11426711,-11.7417
11428027,-11.7483
11429343,-11.7549
11430659,-11.7615
11431975,-11.7681
11433291,-11.7747
11434607,-11.7813
11435924,-11.7879
11437241,-11.7945
11438557,-11.8011
11439874,-11.8077
11441191,-11.8143
11442509,-11.8209
11443826,-11.8274
11445144,-11.8340
11446462,-11.8406
11447779,-11.8472
11449098,-11.8538
11450416,-11.8603
11451734,-11.8669
11453053,-11.8735
11454371,-11.8801
11455690,-11.8866
11457009,-11.8932
11458328,-11.8998
11459647,-11.9063
11460967,-11.9129
11462286,-11.9194
11463606,-11.9260
11464926,-11.9326
11466246,-11.9391
11467566,-11.9457
11468886,-11.9522
11470207,-11.9588
11471528,-11.9653
11472848,-11.9719
11474169,-11.9784
11475490,-11.9850
11476812,-11.9915
11478133,-11.9980
11479455,-12.0046
11480776,-12.0111
11482098,-12.0177
11483420,-12.0242
11484742,-12.0307
11486065,-12.0372
11487387,-12.0438
11488710,-12.0503
11490032,-12.0568
11491355,-12.0634
11492678,-12.0699
11494002,-12.0764
11495325,-12.0829
11496649,-12.0894
11497972,-12.0959
11499296,-12.1025
11500620,-12.1090
11501944,-12.1155
11503268,-12.1220
11504593,-12.1285
11505917,-12.1350
11507242,-12.1415
11508567,-12.1480
11509892,-12.1545
11511217,-12.1610
11512543,-12.1675
11513868,-12.1740
11515194,-12.1805
11516520,-12.1870
11517846,-12.1935
11519172,-12.1999
11520498,-12.2064
11521824,-12.2129
11523151,-12.2194
11524478,-12.2259
11525805,-12.2324
11527132,-12.2388
11528459,-12.2453
11529786,-12.2518
11531114,-12.2583
11532441,-12.2647
11533769,-12.2712
11535097,-12.2777
11536425,-12.2841
11537753,-12.2906
11539082,-12.2971
11540410,-12.3035
11541739,-12.3100
11543068,-12.3164
11544397,-12.3229
11545726,-12.3294
11547056,-12.3358
11548385,-12.3423
11549715,-12.3487
11551044,-12.3552
11552374,-12.3616
11553704,-12.3680
11555035,-12.3745
11556365,-12.3809
11557696,-12.3874
11559026,-12.3938
11560357,-12.4002
11561688,-12.4067
11563019,-12.4131
11564351,-12.4195
11565682,-12.4260
11567014,-12.4324
11568346,-12.4388
11569678,-12.4453
11571010,-12.4517
11572342,-12.4581
11573674,-12.4645
11575007,-12.4709
11576339,-12.4774
11577672,-12.4838
11579005,-12.4902
11580339,-12.4966
11581672,-12.5030
11583005,-12.5094
11584339,-12.5158
11585673,-12.5222
11587007,-12.5286
11588341,-12.5350
11589675,-12.5414
11591009,-12.5478
11592344,-12.5542
11593679,-12.5606
11595013,-12.5670
11596348,-12.5734
11597684,-12.5798
11599019,-12.5862
11600354,-12.5926
11601690,-12.5990
11603026,-12.6054
11604362,-12.6117
11605698,-12.6181
11607034,-12.6245
11608370,-12.6309
11609707,-12.6373
11611044,-12.6436
11612380,-12.6500
11613717,-12.6564
11615055,-12.6627
11616392,-12.6691
11617729,-12.6755
11619067,-12.6819
11620405,-12.6882
11621743,-12.6946
11623081,-12.7009
11624419,-12.7073
11625757,-12.7137
11627096,-12.7200
11628435,-12.7264
11629773,-12.7327
11631112,-12.7391
11632452,-12.7454
11633791,-12.7518
11635130,-12.7581
11636470,-12.7645
11637810,-12.7708
11639150,-12.7772
11640490,-12.7835
11641830,-12.7898
11643170,-12.7962
11644511,-12.8025
11645852,-12.8088
11647193,-12.8152
11648534,-12.8215
11649875,-12.8278
11651216,-12.8342
11652558,-12.8405
11653899,-12.8468
11655241,-12.8531
11656583,-12.8595
11657925,-12.8658
11659267,-12.8721
11660610,-12.8784
11661952,-12.8847
11663295,-12.8910
11664638,-12.8974
11665981,-12.9037
11667324,-12.9100
11668667,-12.9163
11670011,-12.9226
11671354,-12.9289
11672698,-12.9352
11674042,-12.9415
11675386,-12.9478
11676730,-12.9541
11678075,-12.9604
11679419,-12.9667
11680764,-12.9730
11682109,-12.9793
11683454,-12.9856
11684799,-12.9919
11686145,-12.9982
11687490,-13.0044
11688836,-13.0107
11690182,-13.0170
11691527,-13.0233
11692874,-13.0296
11694220,-13.0359
11695566,-13.0421
11696913,-13.0484
11698260,-13.0547
11699606,-13.0610
11700954,-13.0672
11702301,-13.0735
11703648,-13.0798
11704996,-13.0860
11706343,-13.0923
11707691,-13.0986
11709039,-13.1048
11710387,-13.1111
11711735,-13.1173
11713084,-13.1236
11714433,-13.1299
11715781,-13.1361
11717130,-13.1424
11718479,-13.1486
11719828,-13.1549
11721178,-13.1611
11722527,-13.1674
11723877,-13.1736
11725227,-13.1799
11726577,-13.1861
11727927,-13.1923
11729277,-13.1986
11730628,-13.2048
11731978,-13.2111
11733329,-13.2173
11734680,-13.2235
11736031,-13.2298
11737382,-13.2360
11738734,-13.2422
11740085,-13.2485
11741437,-13.2547
11742789,-13.2609
11744141,-13.2671
11745493,-13.2734
11746845,-13.2796
11748198,-13.2858
11749551,-13.2920
11750903,-13.2982
11752256,-13.3044
11753609,-13.3107
11754963,-13.3169
11756316,-13.3231
11757670,-13.3293
11759023,-13.3355
11760377,-13.3417
11761731,-13.3479
11763086,-13.3541
11764440,-13.3603
11765794,-13.3665
11767149,-13.3727
11768504,-13.3789
11769859,-13.3851
11771214,-13.3913
11772569,-13.3975
11773925,-13.4037
11775280,-13.4099
11776636,-13.4161
11777992,-13.4223
11779348,-13.4284
11780704,-13.4346
11782061,-13.4408
11783417,-13.4470
11784774,-13.4532
11786131,-13.4594
11787488,-13.4655
11788845,-13.4717
11790202,-13.4779
11791560,-13.4841
11792917,-13.4902
11794275,-13.4964
11795633,-13.5026
11796991,-13.5087
11798349,-13.5149
11799708,-13.5211
11801066,-13.5272
11802425,-13.5334
11803784,-13.5395
11805143,-13.5457
11806502,-13.5519
11807862,-13.5580
11809221,-13.5642
11810581,-13.5703
11811941,-13.5765
11813301,-13.5826
11814661,-13.5888
11816021,-13.5949
11817381,-13.6011
11818742,-13.6072
11820103,-13.6134
11821464,-13.6195
11822825,-13.6256
11824186,-13.6318
11825547,-13.6379
11826909,-13.6441
11828271,-13.6502
11829633,-13.6563
11830995,-13.6624
11832357,-13.6686
11833719,-13.6747
11835082,-13.6808
11836444,-13.6870
11837807,-13.6931
11839170,-13.6992
11840533,-13.7053
11841896,-13.7115
11843260,-13.7176
11844623,-13.7237
11845987,-13.7298
11847351,-13.7359
11848715,-13.7420
11850079,-13.7481
11851444,-13.7543
11852808,-13.7604
11854173,-13.7665
11855538,-13.7726
11856903,-13.7787
11858268,-13.7848
11859633,-13.7909
11860999,-13.7970
11862364,-13.8031
11863730,-13.8092
11865096,-13.8153
11866462,-13.8214
11867828,-13.8275
11869195,-13.8336
11870561,-13.8397
11871928,-13.8458
11873295,-13.8518
11874662,-13.8579
11876029,-13.8640
11877397,-13.8701
11878764,-13.8762
11880132,-13.8823
11881500,-13.8883
11882868,-13.8944
11884236,-13.9005
11885604,-13.9066
11886972,-13.9127
11888341,-13.9187
11889710,-13.9248
11891079,-13.9309
11892448,-13.9369
11893817,-13.9430
11895186,-13.9491
11896556,-13.9551
11897926,-13.9612
11899296,-13.9673
11900666,-13.9733
11902036,-13.9794
11903406,-13.9854
11904777,-13.9915
11906147,-13.9976
11907518,-14.0036
11908889,-14.0097
11910260,-14.0157
11911632,-14.0218
11913003,-14.0278
11914375,-14.0339
11915746,-14.0399
11917118,-14.0460
11918491,-14.0520
11919863,-14.0580
11921235,-14.0641
11922608,-14.0701
11923980,-14.0762
11925353,-14.0822
11926726,-14.0882
11928100,-14.0943
11929473,-14.1003
11930846,-14.1063
11932220,-14.1124
11933594,-14.1184
11934968,-14.1244
11936342,-14.1304
11937716,-14.1365
11939091,-14.1425
11940465,-14.1485
11941840,-14.1545
11943215,-14.1606
11944590,-14.1666
11945965,-14.1726
11947341,-14.1786
11948716,-14.1846
11950092,-14.1906
11951468,-14.1966
11952844,-14.2027
11954220,-14.2087
11955597,-14.2147
11956973,-14.2207
11958350,-14.2267
11959727,-14.2327
11961104,-14.2387
11962481,-14.2447
11963858,-14.2507
11965236,-14.2567
11966613,-14.2627
11967991,-14.2687
11969369,-14.2747
11970747,-14.2807
11972125,-14.2867
11973504,-14.2926
11974882,-14.2986
11976261,-14.3046
11977640,-14.3106
11979019,-14.3166
11980398,-14.3226
11981778,-14.3286
11983157,-14.3345
11984537,-14.3405
11985917,-14.3465
11987297,-14.3525
11988677,-14.3585
11990057,-14.3644
11991438,-14.3704
11992818,-14.3764
11994199,-14.3823
11995580,-14.3883
11996961,-14.3943
11998342,-14.4003
11999724,-14.4062
12001106,-14.4122
12002487,-14.4181
12003869,-14.4241
12005251,-14.4301
12006634,-14.4360
12008016,-14.4420
12009398,-14.4479
12010781,-14.4539
12012164,-14.4599
12013547,-14.4658
12014930,-14.4718
12016314,-14.4777
12017697,-14.4837
12019081,-14.4896
12020465,-14.4956
12021849,-14.5015
12023233,-14.5074
12024617,-14.5134
12026002,-14.5193
12027386,-14.5253
12028771,-14.5312
12030156,-14.5371
12031541,-14.5431
12032926,-14.5490
12034312,-14.5549
12035697,-14.5609
12037083,-14.5668
12038469,-14.5727
12039855,-14.5787
12041241,-14.5846
12042628,-14.5905
12044014,-14.5964
12045401,-14.6024
12046788,-14.6083
12048175,-14.6142
12049562,-14.6201
12050949,-14.6261
12052337,-14.6320
12053724,-14.6379
12055112,-14.6438
12056500,-14.6497
12057888,-14.6556
12059277,-14.6615
12060665,-14.6674
12062054,-14.6734
12063442,-14.6793
12064831,-14.6852
12066220,-14.6911
12067610,-14.6970
12068999,-14.7029
12070389,-14.7088
12071778,-14.7147
12073168,-14.7206
12074558,-14.7265
12075949,-14.7324
12077339,-14.7383
12078729,-14.7442
12080120,-14.7500
12081511,-14.7559
12082902,-14.7618
12084293,-14.7677
12085685,-14.7736
12087076,-14.7795
12088468,-14.7854
12089860,-14.7913
12091252,-14.7971
12092644,-14.8030
12094036,-14.8089
12095428,-14.8148
12096821,-14.8207
12098214,-14.8265
12099607,-14.8324
12101000,-14.8383
12102393,-14.8442
12103787,-14.8500
12105180,-14.8559
12106574,-14.8618
12107968,-14.8676
12109362,-14.8735
12110756,-14.8794
12112150,-14.8852
12113545,-14.8911
12114940,-14.8970
12116335,-14.9028
12117730,-14.9087
12119125,-14.9145
12120520,-14.9204
12121916,-14.9262
12123311,-14.9321
12124707,-14.9379
12126103,-14.9438
12127499,-14.9496
12128896,-14.9555
12130292,-14.9613
12131689,-14.9672
12133085,-14.9730
12134482,-14.9789
12135879,-14.9847
12137277,-14.9906
12138674,-14.9964
12140072,-15.0022
12141470,-15.0081
12142867,-15.0139
12144266,-15.0198
12145664,-15.0256
12147062,-15.0314
12148461,-15.0373
12149859,-15.0431
12151258,-15.0489
12152657,-15.0547
12154057,-15.0606
12155456,-15.0664
12156856,-15.0722
12158255,-15.0780
12159655,-15.0839
12161055,-15.0897
12162455,-15.0955
12163856,-15.1013
12165256,-15.1072
12166657,-15.1130
12168058,-15.1188
12169459,-15.1246
12170860,-15.1304
12172261,-15.1362
12173662,-15.1420
12175064,-15.1478
12176466,-15.1536
12177868,-15.1595
12179270,-15.1653
12180672,-15.1711
12182075,-15.1769
12183477,-15.1827
12184880,-15.1885
12186283,-15.1943
12187686,-15.2001
12189089,-15.2059
12190493,-15.2117
12191896,-15.2175
12193300,-15.2233
12194704,-15.2290
12196108,-15.2348
12197512,-15.2406
12198916,-15.2464
12200321,-15.2522
12201726,-15.2580
12203130,-15.2638
12204535,-15.2696
12205941,-15.2753
12207346,-15.2811
12208752,-15.2869
12210157,-15.2927
12211563,-15.2985
12212969,-15.3042
12214375,-15.3100
12215781,-15.3158
12217188,-15.3216
12218595,-15.3273
12220001,-15.3331
12221408,-15.3389
12222815,-15.3447
12224223,-15.3504
12225630,-15.3562
12227038,-15.3620
12228446,-15.3677
12229854,-15.3735
12231262,-15.3793
12232670,-15.3850
12234078,-15.3908
12235487,-15.3965
12236896,-15.4023
12238305,-15.4080
12239714,-15.4138
12241123,-15.4196
12242532,-15.4253
12243942,-15.4311
12245351,-15.4368
12246761,-15.4426
12248171,-15.4483
12249582,-15.4541
12250992,-15.4598
12252402,-15.4655
12253813,-15.4713
12255224,-15.4770
12256635,-15.4828
12258046,-15.4885
12259458,-15.4943
12260869,-15.5000
12262281,-15.5057
12263693,-15.5115
12265105,-15.5172
12266517,-15.5229
12267929,-15.5287
12269342,-15.5344
12270754,-15.5401
12272167,-15.5459
12273580,-15.5516
12274993,-15.5573
12276406,-15.5630
12277820,-15.5688
12279233,-15.5745
12280647,-15.5802
12282061,-15.5859
12283475,-15.5917
12284890,-15.5974
12286304,-15.6031
12287719,-15.6088
12289133,-15.6145
12290548,-15.6202
12291963,-15.6259
12293379,-15.6317
12294794,-15.6374
12296210,-15.6431
12297625,-15.6488
12299041,-15.6545
12300457,-15.6602
12301873,-15.6659
12303290,-15.6716
12304706,-15.6773
12306123,-15.6830
12307540,-15.6887
12308957,-15.6944
12310374,-15.7001
12311792,-15.7058
12313209,-15.7115
12314627,-15.7172
12316045,-15.7229
12317463,-15.7286
12318881,-15.7343
12320299,-15.7400
12321718,-15.7457
12323136,-15.7514
12324555,-15.7570
12325974,-15.7627
12327393,-15.7684
12328813,-15.7741
12330232,-15.7798
12331652,-15.7855
12333072,-15.7911
12334492,-15.7968
12335912,-15.8025
12337332,-15.8082
12338753,-15.8139
12340173,-15.8195
12341594,-15.8252
12343015,-15.8309
12344436,-15.8365
12345857,-15.8422
12347279,-15.8479
12348700,-15.8536
12350122,-15.8592
12351544,-15.8649
12352966,-15.8706
12354389,-15.8762
12355811,-15.8819
12357234,-15.8875
12358656,-15.8932
12360079,-15.8989
12361502,-15.9045
12362926,-15.9102
12364349,-15.9158
12365773,-15.9215
12367196,-15.9272
12368620,-15.9328
12370044,-15.9385
12371469,-15.9441
12372893,-15.9498
12374317,-15.9554
12375742,-15.9611
12377167,-15.9667
12378592,-15.9723
12380017,-15.9780
12381443,-15.9836
12382868,-15.9893
12384294,-15.9949
12385720,-16.0006
12387146,-16.0062
12388572,-16.0118
12389999,-16.0175
12391425,-16.0231
12392852,-16.0287
12394279,-16.0344
12395706,-16.0400
12397133,-16.0456
12398560,-16.0513
12399988,-16.0569
12401415,-16.0625
12402843,-16.0682
12404271,-16.0738
12405699,-16.0794
12407128,-16.0850
12408556,-16.0907
12409985,-16.0963
12411414,-16.1019
12412843,-16.1075
12414272,-16.1131
12415701,-16.1188
12417131,-16.1244
12418560,-16.1300
12419990,-16.1356
12421420,-16.1412
12422850,-16.1468
12424281,-16.1524
12425711,-16.1580
12427142,-16.1637
12428573,-16.1693
12430004,-16.1749
12431435,-16.1805
12432866,-16.1861
12434298,-16.1917
12435729,-16.1973
12437161,-16.2029
12438593,-16.2085
12440025,-16.2141
12441457,-16.2197
12442890,-16.2253
12444322,-16.2309
12445755,-16.2365
12447188,-16.2421
12448621,-16.2477
12450055,-16.2533
12451488,-16.2589
12452922,-16.2644
12454355,-16.2700
12455789,-16.2756
12457223,-16.2812
12458658,-16.2868
12460092,-16.2924
12461527,-16.2980
12462962,-16.3035
12464396,-16.3091
12465832,-16.3147
12467267,-16.3203
12468702,-16.3259
12470138,-16.3314
12471574,-16.3370
12473010,-16.3426
12474446,-16.3482
12475882,-16.3537
12477318,-16.3593
12478755,-16.3649
12480192,-16.3705
12481629,-16.3760
12483066,-16.3816
12484503,-16.3872
12485940,-16.3927
12487378,-16.3983
12488816,-16.4039
12490254,-16.4094
12491692,-16.4150
12493130,-16.4205
12494568,-16.4261
12496007,-16.4317
12497446,-16.4372
12498884,-16.4428
12500324,-16.4483
12501763,-16.4539
12503202,-16.4594
12504642,-16.4650
12506082,-16.4705
12507521,-16.4761
12508961,-16.4816
12510402,-16.4872
12511842,-16.4927
12513283,-16.4983
12514723,-16.5038
12516164,-16.5094
12517605,-16.5149
12519047,-16.5205
12520488,-16.5260
12521930,-16.5315
12523371,-16.5371
12524813,-16.5426
12526255,-16.5482
12527697,-16.5537
12529140,-16.5592
12530582,-16.5648
12532025,-16.5703
12533468,-16.5758
12534911,-16.5814
12536354,-16.5869
12537798,-16.5924
12539241,-16.5979
12540685,-16.6035
12542129,-16.6090
12543573,-16.6145
12545017,-16.6200
12546461,-16.6256
12547906,-16.6311
12549351,-16.6366
12550796,-16.6421
12552241,-16.6476
12553686,-16.6532
12555131,-16.6587
12556577,-16.6642
12558022,-16.6697
12559468,-16.6752
12560914,-16.6807
12562361,-16.6863
12563807,-16.6918
12565253,-16.6973
12566700,-16.7028
12568147,-16.7083
12569594,-16.7138
12571041,-16.7193
12572489,-16.7248
12573936,-16.7303
12575384,-16.7358
12576832,-16.7413
12578280,-16.7468
12579728,-16.7523
12581176,-16.7578
12582625,-16.7633
12584074,-16.7688
12585523,-16.7743
12586972,-16.7798
12588421,-16.7853
12589870,-16.7908
12591320,-16.7963
12592770,-16.8018
12594219,-16.8073
12595669,-16.8128
12597120,-16.8182
12598570,-16.8237
12600021,-16.8292
12601471,-16.8347
12602922,-16.8402
12604373,-16.8457
12605824,-16.8511
12607276,-16.8566
12608727,-16.8621
12610179,-16.8676
12611631,-16.8731
12613083,-16.8785
12614535,-16.8840
12615988,-16.8895
12617440,-16.8950
12618893,-16.9004
12620346,-16.9059
12621799,-16.9114
12623252,-16.9169
12624705,-16.9223
12626159,-16.9278
12627613,-16.9333
12629067,-16.9387
12630521,-16.9442
12631975,-16.9497
12633429,-16.9551
12634884,-16.9606
12636339,-16.9660
12637793,-16.9715
12639249,-16.9770
12640704,-16.9824
12642159,-16.9879
12643615,-16.9933
12645070,-16.9988
12646526,-17.0042
12647982,-17.0097
12649439,-17.0152
12650895,-17.0206
12652352,-17.0261
12653808,-17.0315
12655265,-17.0370
12656722,-17.0424
12658180,-17.0478
12659637,-17.0533
12661095,-17.0587
12662552,-17.0642
12664010,-17.0696
12665468,-17.0751
12666927,-17.0805
12668385,-17.0859
12669844,-17.0914
12671302,-17.0968
12672761,-17.1023
12674220,-17.1077
12675680,-17.1131
12677139,-17.1186
12678599,-17.1240
12680058,-17.1294
12681518,-17.1349
12682978,-17.1403
12684439,-17.1457
12685899,-17.1512
12687360,-17.1566
12688821,-17.1620
12690281,-17.1674
12691743,-17.1729
12693204,-17.1783
12694665,-17.1837
12696127,-17.1891
12697589,-17.1945
12699051,-17.2000
12700513,-17.2054
12701975,-17.2108
12703437,-17.2162
12704900,-17.2216
12706363,-17.2271
12707826,-17.2325
12709289,-17.2379
12710752,-17.2433
12712216,-17.2487
12713679,-17.2541
12715143,-17.2595
12716607,-17.2649
12718071,-17.2703
12719536,-17.2757
12721000,-17.2812
12722465,-17.2866
12723930,-17.2920
12725394,-17.2974
12726860,-17.3028
12728325,-17.3082
12729790,-17.3136
12731256,-17.3190
12732722,-17.3244
12734188,-17.3298
12735654,-17.3352
12737120,-17.3406
12738587,-17.3459
12740054,-17.3513
12741520,-17.3567
12742987,-17.3621
12744455,-17.3675
12745922,-17.3729
12747389,-17.3783
12748857,-17.3837
12750325,-17.3891
12751793,-17.3945
12753261,-17.3998
12754730,-17.4052
12756198,-17.4106
12757667,-17.4160
12759136,-17.4214
12760605,-17.4268
12762074,-17.4321
12763543,-17.4375
12765013,-17.4429
12766483,-17.4483
12767952,-17.4536
12769422,-17.4590
12770893,-17.4644
12772363,-17.4698
12773834,-17.4751
12775304,-17.4805
12776775,-17.4859
12778246,-17.4912
12779718,-17.4966
12781189,-17.5020
12782661,-17.5074
12784132,-17.5127
12785604,-17.5181
12787076,-17.5234
12788548,-17.5288
12790021,-17.5342
12791494,-17.5395
12792966,-17.5449
12794439,-17.5503
12795912,-17.5556
12797386,-17.5610
12798859,-17.5663
12800333,-17.5717
12801806,-17.5770
12803280,-17.5824
12804754,-17.5877
12806229,-17.5931
12807703,-17.5984
12809178,-17.6038
12810653,-17.6091
12812128,-17.6145
12813603,-17.6198
12815078,-17.6252
12816553,-17.6305
12818029,-17.6359
12819505,-17.6412
12820981,-17.6466
12822457,-17.6519
12823933,-17.6572
12825410,-17.6626
12826887,-17.6679
12828363,-17.6733
12829840,-17.6786
12831318,-17.6839
12832795,-17.6893
12834272,-17.6946
12835750,-17.6999
12837228,-17.7053
12838706,-17.7106
12840184,-17.7159
12841663,-17.7213
12843141,-17.7266
12844620,-17.7319
12846099,-17.7373
12847578,-17.7426
12849057,-17.7479
12850536,-17.7532
12852016,-17.7586
12853496,-17.7639
12854976,-17.7692
12856456,-17.7745
12857936,-17.7798
12859416,-17.7852
12860897,-17.7905
12862378,-17.7958
12863859,-17.8011
12865340,-17.8064
12866821,-17.8117
12868302,-17.8171
12869784,-17.8224
12871266,-17.8277
12872748,-17.8330
12874230,-17.8383
12875712,-17.8436
12877194,-17.8489
12878677,-17.8542
12880160,-17.8595
12881643,-17.8648
12883126,-17.8701
12884609,-17.8755
12886093,-17.8808
12887576,-17.8861
12889060,-17.8914
12890544,-17.8967
12892028,-17.9020
12893513,-17.9073
12894997,-17.9126
12896482,-17.9179
12897967,-17.9232
12899452,-17.9284
12900937,-17.9337
12902422,-17.9390
12903908,-17.9443
12905394,-17.9496
12906879,-17.9549
12908366,-17.9602
12909852,-17.9655
12911338,-17.9708
12912825,-17.9761
12914311,-17.9814
12915798,-17.9866
12917285,-17.9919
12918773,-17.9972
12920260,-18.0025
12921748,-18.0078
12923235,-18.0131
12924723,-18.0183
12926211,-18.0236
12927700,-18.0289
12929188,-18.0342
12930677,-18.0395
12932166,-18.0447
12933654,-18.0500
12935144,-18.0553
12936633,-18.0606
12938122,-18.0658
12939612,-18.0711
12941102,-18.0764
12942592,-18.0816
12944082,-18.0869
12945572,-18.0922
12947063,-18.0974
12948553,-18.1027
12950044,-18.1080
12951535,-18.1132
12953027,-18.1185
12954518,-18.1238
12956009,-18.1290
12957501,-18.1343
12958993,-18.1396
12960485,-18.1448
12961977,-18.1501
12963470,-18.1553
12964962,-18.1606
12966455,-18.1658
12967948,-18.1711
12969441,-18.1764
12970934,-18.1816
12972428,-18.1869
12973921,-18.1921
12975415,-18.1974
12976909,-18.2026
12978403,-18.2079
12979897,-18.2131
12981392,-18.2184
12982886,-18.2236
12984381,-18.2289
12985876,-18.2341
12987371,-18.2393
12988867,-18.2446
12990362,-18.2498
12991858,-18.2551
12993354,-18.2603
12994850,-18.2656
12996346,-18.2708
12997842,-18.2760
12999339,-18.2813
13000835,-18.2865
13002332,-18.2917
13003829,-18.2970
13005326,-18.3022
13006824,-18.3074
13008321,-18.3127
13009819,-18.3179
13011317,-18.3231
13012815,-18.3284
13014313,-18.3336
13015812,-18.3388
13017310,-18.3441
13018809,-18.3493
13020308,-18.3545
13021807,-18.3597
13023306,-18.3650
13024806,-18.3702
13026305,-18.3754
13027805,-18.3806
13029305,-18.3858
13030805,-18.3911
13032306,-18.3963
13033806,-18.4015
13035307,-18.4067
13036808,-18.4119
13038309,-18.4171
13039810,-18.4224
13041311,-18.4276
13042813,-18.4328
13044314,-18.4380
13045816,-18.4432
13047318,-18.4484
13048820,-18.4536
13050323,-18.4588
13051825,-18.4641
13053328,-18.4693
13054831,-18.4745
13056334,-18.4797
13057837,-18.4849
13059341,-18.4901
13060844,-18.4953
13062348,-18.5005
13063852,-18.5057
13065356,-18.5109
13066861,-18.5161
13068365,-18.5213
13069870,-18.5265
13071374,-18.5317
13072879,-18.5369
13074385,-18.5421
13075890,-18.5473
13077395,-18.5525
13078901,-18.5577
13080407,-18.5628
13081913,-18.5680
13083419,-18.5732
13084926,-18.5784
13086432,-18.5836
13087939,-18.5888
13089446,-18.5940
13090953,-18.5992
13092460,-18.6044
13093967,-18.6095
13095475,-18.6147
13096983,-18.6199
13098491,-18.6251
13099999,-18.6303
13101507,-18.6355
13103015,-18.6406
13104524,-18.6458
13106033,-18.6510
13107542,-18.6562
13109051,-18.6613
13110560,-18.6665
13112070,-18.6717
13113580,-18.6769
13115089,-18.6820
13116599,-18.6872
13118110,-18.6924
13119620,-18.6976
13121130,-18.7027
13122641,-18.7079
13124152,-18.7131
13125663,-18.7182
13127174,-18.7234
13128686,-18.7286
13130197,-18.7337
13131709,-18.7389
13133221,-18.7441
13134733,-18.7492
13136245,-18.7544
13137758,-18.7596
13139271,-18.7647
13140783,-18.7699
13142296,-18.7750
13143809,-18.7802
13145323,-18.7854
13146836,-18.7905
13148350,-18.7957
13149864,-18.8008
13151378,-18.8060
13152892,-18.8111
13154406,-18.8163
13155921,-18.8214
13157436,-18.8266
13158951,-18.8317
13160466,-18.8369
13161981,-18.8420
13163496,-18.8472
13165012,-18.8523
13166528,-18.8575
13168044,-18.8626
13169560,-18.8678
13171076,-18.8729
13172592,-18.8780
13174109,-18.8832
13175626,-18.8883
13177143,-18.8935
13178660,-18.8986
13180177,-18.9038
13181695,-18.9089
13183213,-18.9140
13184730,-18.9192
13186248,-18.9243
13187767,-18.9294
13189285,-18.9346
13190804,-18.9397
13192322,-18.9448
13193841,-18.9500
13195360,-18.9551
13196880,-18.9602
13198399,-18.9654
13199919,-18.9705
13201438,-18.9756
13202958,-18.9807
13204479,-18.9859
13205999,-18.9910
13207519,-18.9961
13209040,-19.0012
13210561,-19.0064
13212082,-19.0115
13213603,-19.0166
13215124,-19.0217
13216646,-19.0269
13218168,-19.0320
13219690,-19.0371
13221212,-19.0422
13222734,-19.0473
13224256,-19.0524
13225779,-19.0576
13227302,-19.0627
13228824,-19.0678
13230348,-19.0729
13231871,-19.0780
13233394,-19.0831
13234918,-19.0882
13236442,-19.0933
13237966,-19.0984
13239490,-19.1036
13241014,-19.1087
13242539,-19.1138
13244064,-19.1189
13245588,-19.1240
13247113,-19.1291
13248639,-19.1342
13250164,-19.1393
13251690,-19.1444
13253215,-19.1495
13254741,-19.1546
13256267,-19.1597
13257794,-19.1648
13259320,-19.1699
13260847,-19.1750
13262374,-19.1801
13263900,-19.1852
13265428,-19.1903
13266955,-19.1954
13268482,-19.2005
13270010,-19.2056
13271538,-19.2107
13273066,-19.2157
13274594,-19.2208
13276123,-19.2259
13277651,-19.2310
13279180,-19.2361
13280709,-19.2412
13282238,-19.2463
13283767,-19.2514
13285297,-19.2564
13286826,-19.2615
13288356,-19.2666
13289886,-19.2717
13291416,-19.2768
13292946,-19.2819
13294477,-19.2869
13296008,-19.2920
13297538,-19.2971
13299069,-19.3022
13300601,-19.3073
13302132,-19.3123
13303664,-19.3174
13305195,-19.3225
13306727,-19.3276
13308259,-19.3326
13309792,-19.3377
13311324,-19.3428
13312857,-19.3478
13314389,-19.3529
13315922,-19.3580
13317456,-19.3631
13318989,-19.3681
13320522,-19.3732
13322056,-19.3783
13323590,-19.3833
13325124,-19.3884
13326658,-19.3935
13328192,-19.3985
13329727,-19.4036
13331262,-19.4086
13332797,-19.4137
13334332,-19.4188
13335867,-19.4238
13337402,-19.4289
13338938,-19.4339
13340474,-19.4390
13342010,-19.4441
13343546,-19.4491
13345082,-19.4542
13346619,-19.4592
13348155,-19.4643
13349692,-19.4693
13351229,-19.4744
13352767,-19.4794
13354304,-19.4845
13355841,-19.4895
13357379,-19.4946
13358917,-19.4996
13360455,-19.5047
13361993,-19.5097
13363532,-19.5148
13365071,-19.5198
13366609,-19.5249
13368148,-19.5299
13369687,-19.5350
13371227,-19.5400
13372766,-19.5450
13374306,-19.5501
13375846,-19.5551
13377386,-19.5602
13378926,-19.5652
13380466,-19.5702
13382007,-19.5753
13383548,-19.5803
13385089,-19.5854
13386630,-19.5904
13388171,-19.5954
13389713,-19.6005
13391254,-19.6055
13392796,-19.6105
13394338,-19.6156
13395880,-19.6206
13397423,-19.6256
13398965,-19.6306
13400508,-19.6357
13402051,-19.6407
13403594,-19.6457
13405137,-19.6508
13406680,-19.6558
13408224,-19.6608
13409768,-19.6658
13411312,-19.6709
13412856,-19.6759
13414400,-19.6809
13415945,-19.6859
13417489,-19.6909
13419034,-19.6960
13420579,-19.7010
13422124,-19.7060
13423670,-19.7110
13425215,-19.7160
13426761,-19.7211
13428307,-19.7261
13429853,-19.7311
13431399,-19.7361
13432946,-19.7411
13434492,-19.7461
13436039,-19.7511
13437586,-19.7561
13439133,-19.7612
13440680,-19.7662
13442228,-19.7712
13443776,-19.7762
13445323,-19.7812
13446871,-19.7862
13448420,-19.7912
13449968,-19.7962
13451517,-19.8012
13453065,-19.8062
13454614,-19.8112
13456163,-19.8162
13457713,-19.8212
13459262,-19.8262
13460812,-19.8312
13462362,-19.8362
13463912,-19.8412
13465462,-19.8462
13467012,-19.8512
13468563,-19.8562
13470113,-19.8612
13471664,-19.8662
13473215,-19.8712
13474767,-19.8762
13476318,-19.8812
13477870,-19.8862
13479422,-19.8912
13480973,-19.8962
13482526,-19.9012
13484078,-19.9061
13485630,-19.9111
13487183,-19.9161
13488736,-19.9211
13490289,-19.9261
13491842,-19.9311
13493396,-19.9361
13494949,-19.9411
13496503,-19.9460
13498057,-19.9510
13499611,-19.9560
13501165,-19.9610
13502720,-19.9660
13504274,-19.9709
13505829,-19.9759
13507384,-19.9809
13508939,-19.9859
13510495,-19.9909
13512050,-19.9958
13513606,-20.0008
13515162,-20.0058
13516718,-20.0108
13518274,-20.0157
13519831,-20.0207
13521387,-20.0257
13522944,-20.0307
13524501,-20.0356
13526058,-20.0406
13527616,-20.0456
13529173,-20.0505
13530731,-20.0555
13532289,-20.0605
13533847,-20.0654
13535405,-20.0704
13536963,-20.0754
13538522,-20.0803
13540081,-20.0853
13541640,-20.0903
13543199,-20.0952
13544758,-20.1002
13546318,-20.1051
13547877,-20.1101
13549437,-20.1151
13550997,-20.1200
13552557,-20.1250
13554118,-20.1299
13555678,-20.1349
13557239,-20.1398
13558800,-20.1448
13560361,-20.1498
13561922,-20.1547
13563484,-20.1597
13565045,-20.1646
13566607,-20.1696
13568169,-20.1745
13569732,-20.1795
13571294,-20.1844
13572856,-20.1894
13574419,-20.1943
13575982,-20.1993
13577545,-20.2042
13579108,-20.2092
13580672,-20.2141
13582235,-20.2191
13583799,-20.2240
13585363,-20.2289
13586927,-20.2339
13588492,-20.2388
13590056,-20.2438
13591621,-20.2487
13593186,-20.2536
13594751,-20.2586
13596316,-20.2635
13597882,-20.2685
13599447,-20.2734
13601013,-20.2783
13602579,-20.2833
13604145,-20.2882
13605711,-20.2931
13607278,-20.2981
13608845,-20.3030
13610411,-20.3079
13611979,-20.3129
13613546,-20.3178
13615113,-20.3227
13616681,-20.3277
13618248,-20.3326
13619816,-20.3375
13621385,-20.3425
13622953,-20.3474
13624521,-20.3523
13626090,-20.3572
13627659,-20.3622
13629228,-20.3671
13630797,-20.3720
13632367,-20.3769
13633936,-20.3818
13635506,-20.3868
13637076,-20.3917
13638646,-20.3966
13640216,-20.4015
13641787,-20.4065
13643357,-20.4114
13644928,-20.4163
13646499,-20.4212
13648070,-20.4261
13649642,-20.4310
13651213,-20.4359
13652785,-20.4409
13654357,-20.4458
13655929,-20.4507
13657501,-20.4556
13659074,-20.4605
13660647,-20.4654
13662219,-20.4703
13663792,-20.4752
13665366,-20.4802
13666939,-20.4851
13668513,-20.4900
13670086,-20.4949
13671660,-20.4998
13673234,-20.5047
13674809,-20.5096
13676383,-20.5145
13677958,-20.5194
13679532,-20.5243
13681107,-20.5292
13682683,-20.5341
13684258,-20.5390
13685834,-20.5439
13687409,-20.5488
13688985,-20.5537
13690561,-20.5586
13692138,-20.5635
13693714,-20.5684
13695291,-20.5733
13696868,-20.5782
13698445,-20.5831
13700022,-20.5880
13701599,-20.5929
13703177,-20.5978
13704754,-20.6026
13706332,-20.6075
13707910,-20.6124
13709489,-20.6173
13711067,-20.6222
13712646,-20.6271
13714225,-20.6320
13715804,-20.6369
13717383,-20.6418
13718962,-20.6466
13720542,-20.6515
13722121,-20.6564
13723701,-20.6613
13725281,-20.6662
13726862,-20.6711
13728442,-20.6759
13730023,-20.6808
13731604,-20.6857
13733185,-20.6906
13734766,-20.6955
13736347,-20.7003
13737929,-20.7052
13739510,-20.7101
13741092,-20.7150
13742674,-20.7199
13744257,-20.7247
13745839,-20.7296
13747422,-20.7345
13749005,-20.7393
13750588,-20.7442
13752171,-20.7491
13753754,-20.7540
13755338,-20.7588
13756921,-20.7637
13758505,-20.7686
13760089,-20.7734
13761674,-20.7783
13763258,-20.7832
13764843,-20.7880
13766428,-20.7929
13768013,-20.7978
13769598,-20.8026
13771183,-20.8075
13772769,-20.8124
13774354,-20.8172
13775940,-20.8221
13777526,-20.8270
13779113,-20.8318
13780699,-20.8367
13782286,-20.8415
13783873,-20.8464
13785460,-20.8513
13787047,-20.8561
13788634,-20.8610
13790222,-20.8658
13791810,-20.8707
13793398,-20.8755
13794986,-20.8804
13796574,-20.8852
13798162,-20.8901
13799751,-20.8949
13801340,-20.8998
13802929,-20.9046
13804518,-20.9095
13806108,-20.9143
13807697,-20.9192
13809287,-20.9240
13810877,-20.9289
13812467,-20.9337
13814057,-20.9386
13815648,-20.9434
13817239,-20.9483
13818829,-20.9531
13820420,-20.9580
13822012,-20.9628
13823603,-20.9677
13825195,-20.9725
13826786,-20.9773
13828378,-20.9822
13829971,-20.9870
13831563,-20.9919
13833155,-20.9967
13834748,-21.0015
13836341,-21.0064
13837934,-21.0112
13839527,-21.0160
13841121,-21.0209
13842714,-21.0257
13844308,-21.0305
13845902,-21.0354
13847496,-21.0402
13849091,-21.0450
13850685,-21.0499
13852280,-21.0547
13853875,-21.0595
13855470,-21.0644
13857065,-21.0692
13858660,-21.0740
13860256,-21.0789
13861852,-21.0837
13863448,-21.0885
13865044,-21.0933
13866640,-21.0982
13868237,-21.1030
13869834,-21.1078
13871431,-21.1126
13873028,-21.1175
13874625,-21.1223
13876222,-21.1271
13877820,-21.1319
13879418,-21.1367
13881016,-21.1416
13882614,-21.1464
13884213,-21.1512
13885811,-21.1560
13887410,-21.1608
13889009,-21.1656
13890608,-21.1705
13892207,-21.1753
13893807,-21.1801
13895406,-21.1849
13897006,-21.1897
13898606,-21.1945
13900207,-21.1993
13901807,-21.2042
13903408,-21.2090
13905008,-21.2138
13906609,-21.2186
13908210,-21.2234
13909812,-21.2282
13911413,-21.2330
13913015,-21.2378
13914617,-21.2426
13916219,-21.2474
13917821,-21.2522
13919424,-21.2570
13921026,-21.2618
13922629,-21.2666
13924232,-21.2715
13925835,-21.2763
13927439,-21.2811
13929042,-21.2859
13930646,-21.2907
13932250,-21.2955
13933854,-21.3003
13935458,-21.3051
13937063,-21.3098
13938667,-21.3146
13940272,-21.3194
13941877,-21.3242
13943482,-21.3290
13945088,-21.3338
13946693,-21.3386
13948299,-21.3434
13949905,-21.3482
13951511,-21.3530
13953118,-21.3578
13954724,-21.3626
13956331,-21.3674
13957938,-21.3722
13959545,-21.3770
13961152,-21.3817
13962759,-21.3865
13964367,-21.3913
13965975,-21.3961
13967583,-21.4009
13969191,-21.4057
13970799,-21.4105
13972408,-21.4152
13974017,-21.4200
13975626,-21.4248
13977235,-21.4296
13978844,-21.4344
13980453,-21.4391
13982063,-21.4439
13983673,-21.4487
13985283,-21.4535
13986893,-21.4583
13988503,-21.4630
13990114,-21.4678
13991725,-21.4726
13993336,-21.4774
13994947,-21.4822
13996558,-21.4869
13998170,-21.4917
13999781,-21.4965
14001393,-21.5012
14003005,-21.5060
14004618,-21.5108
14006230,-21.5156
14007843,-21.5203
14009455,-21.5251
14011068,-21.5299
14012682,-21.5346
14014295,-21.5394
14015909,-21.5442
14017522,-21.5489
14019136,-21.5537
14020750,-21.5585
14022365,-21.5632
14023979,-21.5680
14025594,-21.5728
14027209,-21.5775
14028824,-21.5823
14030439,-21.5871
14032054,-21.5918
14033670,-21.5966
14035286,-21.6013
14036902,-21.6061
14038518,-21.6109
14040134,-21.6156
14041751,-21.6204
14043367,-21.6251
14044984,-21.6299
14046601,-21.6346
14048219,-21.6394
14049836,-21.6442
14051454,-21.6489
14053071,-21.6537
14054689,-21.6584
14056308,-21.6632
14057926,-21.6679
14059545,-21.6727
14061163,-21.6774
14062782,-21.6822
14064401,-21.6869
14066021,-21.6917
14067640,-21.6964
14069260,-21.7012
14070880,-21.7059
14072500,-21.7107
14074120,-21.7154
14075741,-21.7201
14077361,-21.7249
14078982,-21.7296
14080603,-21.7344
14082224,-21.7391
14083846,-21.7439
14085467,-21.7486
14087089,-21.7533
14088711,-21.7581
14090333,-21.7628
14091955,-21.7676
14093578,-21.7723
14095200,-21.7770
14096823,-21.7818
14098446,-21.7865
14100070,-21.7912
14101693,-21.7960
14103317,-21.8007
14104940,-21.8055
14106564,-21.8102
14108189,-21.8149
14109813,-21.8197
14111437,-21.8244
14113062,-21.8291
14114687,-21.8338
14116312,-21.8386
14117937,-21.8433
14119563,-21.8480
14121189,-21.8528
14122814,-21.8575
14124441,-21.8622
14126067,-21.8669
14127693,-21.8717
14129320,-21.8764
14130947,-21.8811
14132574,-21.8858
14134201,-21.8906
14135828,-21.8953
14137456,-21.9000
14139083,-21.9047
14140711,-21.9095
14142339,-21.9142
14143968,-21.9189
14145596,-21.9236
14147225,-21.9283
14148854,-21.9331
14150483,-21.9378
14152112,-21.9425
14153741,-21.9472
14155371,-21.9519
14157001,-21.9566
14158631,-21.9614
14160261,-21.9661
14161891,-21.9708
14163522,-21.9755
14165153,-21.9802
14166783,-21.9849
14168415,-21.9896
14170046,-21.9943
14171677,-21.9991
14173309,-22.0038
14174941,-22.0085
14176573,-22.0132
14178205,-22.0179
14179838,-22.0226
14181470,-22.0273
14183103,-22.0320
14184736,-22.0367
14186369,-22.0414
14188002,-22.0461
14189636,-22.0508
14191270,-22.0555
14192904,-22.0602
14194538,-22.0649
14196172,-22.0696
14197807,-22.0743
14199441,-22.0790
14201076,-22.0837
14202711,-22.0884
14204346,-22.0931
14205982,-22.0978
14207617,-22.1025
14209253,-22.1072
14210889,-22.1119
14212525,-22.1166
14214162,-22.1213
14215798,-22.1260
14217435,-22.1307
14219072,-22.1354
14220709,-22.1401
14222346,-22.1448
14223984,-22.1495
14225622,-22.1542
14227260,-22.1589
14228898,-22.1636
14230536,-22.1682
14232174,-22.1729
14233813,-22.1776
14235452,-22.1823
14237091,-22.1870
14238730,-22.1917
14240369,-22.1964
14242009,-22.2011
14243649,-22.2057
14245289,-22.2104
14246929,-22.2151
14248569,-22.2198
14250210,-22.2245
14251850,-22.2292
14253491,-22.2338
14255132,-22.2385
14256774,-22.2432
14258415,-22.2479
14260057,-22.2526
14261699,-22.2572
14263341,-22.2619
14264983,-22.2666
14266625,-22.2713
14268268,-22.2759
14269911,-22.2806
14271554,-22.2853
14273197,-22.2900
14274840,-22.2946
14276484,-22.2993
14278127,-22.3040
14279771,-22.3087
14281416,-22.3133
14283060,-22.3180
14284704,-22.3227
14286349,-22.3273
14287994,-22.3320
14289639,-22.3367
14291284,-22.3414
14292930,-22.3460
14294575,-22.3507
14296221,-22.3554
14297867,-22.3600
14299513,-22.3647
14301160,-22.3694
14302806,-22.3740
14304453,-22.3787
14306100,-22.3833
14307747,-22.3880
14309394,-22.3927
14311042,-22.3973
14312690,-22.4020
14314338,-22.4067
14315986,-22.4113
14317634,-22.4160
14319282,-22.4206
14320931,-22.4253
14322580,-22.4300
14324229,-22.4346
14325878,-22.4393
14327528,-22.4439
14329177,-22.4486
14330827,-22.4532
14332477,-22.4579
14334127,-22.4625
14335778,-22.4672
14337428,-22.4718
14339079,-22.4765
14340730,-22.4812
14342381,-22.4858
14344032,-22.4905
14345684,-22.4951
14347336,-22.4998
14348987,-22.5044
14350639,-22.5091
14352292,-22.5137
14353944,-22.5183
14355597,-22.5230
14357250,-22.5276
14358903,-22.5323
14360556,-22.5369
14362209,-22.5416
14363863,-22.5462
14365517,-22.5509
14367171,-22.5555
14368825,-22.5601
14370479,-22.5648
14372134,-22.5694
14373789,-22.5741
14375444,-22.5787
14377099,-22.5834
14378754,-22.5880
14380410,-22.5926
14382065,-22.5973
14383721,-22.6019
14385377,-22.6065
14387033,-22.6112
14388690,-22.6158
14390347,-22.6204
14392003,-22.6251
14393660,-22.6297
14395318,-22.6344
14396975,-22.6390
14398633,-22.6436
14400291,-22.6482
14401949,-22.6529
14403607,-22.6575
14405265,-22.6621
14406924,-22.6668
14408582,-22.6714
14410241,-22.6760
14411900,-22.6807
14413560,-22.6853
14415219,-22.6899
14416879,-22.6945
14418539,-22.6992
14420199,-22.7038
14421859,-22.7084
14423520,-22.7130
14425180,-22.7177
14426841,-22.7223
14428502,-22.7269
14430164,-22.7315
14431825,-22.7362
14433487,-22.7408
14435148,-22.7454
14436810,-22.7500
14438473,-22.7546
14440135,-22.7593
14441798,-22.7639
14443460,-22.7685
14445123,-22.7731
14446787,-22.7777
14448450,-22.7823
14450113,-22.7870
14451777,-22.7916
14453441,-22.7962
14455105,-22.8008
14456769,-22.8054
14458434,-22.8100
14460099,-22.8146
14461763,-22.8192
14463429,-22.8239
14465094,-22.8285
14466759,-22.8331
14468425,-22.8377
14470091,-22.8423
14471757,-22.8469
14473423,-22.8515
14475089,-22.8561
14476756,-22.8607
14478423,-22.8653
14480090,-22.8699
14481757,-22.8745
14483424,-22.8792
14485092,-22.8838
14486760,-22.8884
14488428,-22.8930
14490096,-22.8976
14491764,-22.9022
14493433,-22.9068
14495101,-22.9114
14496770,-22.9160
14498439,-22.9206
14500109,-22.9252
14501778,-22.9298
14503448,-22.9344
14505118,-22.9390
14506788,-22.9436
14508458,-22.9482
14510128,-22.9528
14511799,-22.9574
14513470,-22.9620
14515141,-22.9665
14516812,-22.9711
14518483,-22.9757
14520155,-22.9803
14521827,-22.9849
14523499,-22.9895
14525171,-22.9941
14526843,-22.9987
14528516,-23.0033
14530189,-23.0079
14531862,-23.0125
14533535,-23.0171
14535208,-23.0216
14536882,-23.0262
14538555,-23.0308
14540229,-23.0354
14541903,-23.0400
14543578,-23.0446
14545252,-23.0492
14546927,-23.0537
14548602,-23.0583
14550277,-23.0629
14551952,-23.0675
14553627,-23.0721
14555303,-23.0767
14556979,-23.0812
14558655,-23.0858
14560331,-23.0904
14562008,-23.0950
14563684,-23.0996
14565361,-23.1041
14567038,-23.1087
14568715,-23.1133
14570393,-23.1179
14572070,-23.1225
14573748,-23.1270
14575426,-23.1316
14577104,-23.1362
14578782,-23.1408
14580461,-23.1453
14582140,-23.1499
14583819,-23.1545
14585498,-23.1591
14587177,-23.1636
14588857,-23.1682
14590536,-23.1728
14592216,-23.1773
14593896,-23.1819
14595577,-23.1865
14597257,-23.1911
14598938,-23.1956
14600619,-23.2002
14602300,-23.2048
14603981,-23.2093
14605662,-23.2139
14607344,-23.2185
14609026,-23.2230
14610708,-23.2276
14612390,-23.2322
14614072,-23.2367
14615755,-23.2413
14617438,-23.2458
14619121,-23.2504
14620804,-23.2550
14622487,-23.2595
14624171,-23.2641
14625855,-23.2686
14627539,-23.2732
14629223,-23.2778
14630907,-23.2823
14632592,-23.2869
14634276,-23.2914
14635961,-23.2960
14637647,-23.3006
14639332,-23.3051
14641017,-23.3097
14642703,-23.3142
14644389,-23.3188
14646075,-23.3233
14647761,-23.3279
14649448,-23.3324
14651134,-23.3370
14652821,-23.3415
14654508,-23.3461
14656196,-23.3506
14657883,-23.3552
14659571,-23.3598
14661259,-23.3643
14662947,-23.3688
14664635,-23.3734
14666323,-23.3779
14668012,-23.3825
14669701,-23.3870
14671390,-23.3916
14673079,-23.3961
14674768,-23.4007
14676458,-23.4052
14678148,-23.4098
14679838,-23.4143
14681528,-23.4189
14683218,-23.4234
14684909,-23.4279
14686600,-23.4325
14688291,-23.4370
14689982,-23.4416
14691673,-23.4461
14693365,-23.4506
14695056,-23.4552
14696748,-23.4597
14698440,-23.4643
14700133,-23.4688
14701825,-23.4733
14703518,-23.4779
14705211,-23.4824
14706904,-23.4869
14708597,-23.4915
14710291,-23.4960
14711984,-23.5006
14713678,-23.5051
14715372,-23.5096
14717067,-23.5142
14718761,-23.5187
14720456,-23.5232
14722151,-23.5278
14723846,-23.5323
14725541,-23.5368
14727236,-23.5413
14728932,-23.5459
14730628,-23.5504
14732324,-23.5549
14734020,-23.5595
14735716,-23.5640
14737413,-23.5685
14739110,-23.5730
14740807,-23.5776
14742504,-23.5821
14744201,-23.5866
14745899,-23.5911
14747597,-23.5957
14749295,-23.6002
14750993,-23.6047
14752691,-23.6092
14754390,-23.6138
14756089,-23.6183
14757788,-23.6228
14759487,-23.6273
14761186,-23.6318
14762886,-23.6364
14764585,-23.6409
14766285,-23.6454
14767985,-23.6499
14769686,-23.6544
14771386,-23.6589
14773087,-23.6635
14774788,-23.6680
14776489,-23.6725
14778190,-23.6770
14779892,-23.6815
14781593,-23.6860
14783295,-23.6906
14784997,-23.6951
14786700,-23.6996
14788402,-23.7041
14790105,-23.7086
14791808,-23.7131
14793511,-23.7176
14795214,-23.7221
14796918,-23.7266
14798621,-23.7312
14800325,-23.7357
14802029,-23.7402
14803733,-23.7447
14805438,-23.7492
14807142,-23.7537
14808847,-23.7582
14810552,-23.7627
14812258,-23.7672
14813963,-23.7717
14815669,-23.7762
14817374,-23.7807
14819080,-23.7852
14820787,-23.7897
14822493,-23.7942
14824200,-23.7987
14825906,-23.8032
14827613,-23.8077
14829321,-23.8122
14831028,-23.8167
14832736,-23.8212
14834443,-23.8257
14836151,-23.8302
14837860,-23.8347
14839568,-23.8392
14841276,-23.8437
14842985,-23.8482
14844694,-23.8527
14846403,-23.8572
14848113,-23.8617
14849822,-23.8662
14851532,-23.8707
14853242,-23.8752
14854952,-23.8797
14856662,-23.8842
14858373,-23.8887
14860084,-23.8932
14861795,-23.8976
14863506,-23.9021
14865217,-23.9066
14866929,-23.9111
14868640,-23.9156
14870352,-23.9201
14872064,-23.9246
14873777,-23.9291
14875489,-23.9336
14877202,-23.9380
14878915,-23.9425
14880628,-23.9470
14882341,-23.9515
14884055,-23.9560
14885768,-23.9605
14887482,-23.9650
14889196,-23.9694
14890911,-23.9739
14892625,-23.9784
14894340,-23.9829
14896055,-23.9874
14897770,-23.9918
14899485,-23.9963
14901200,-24.0008
14902916,-24.0053
14904632,-24.0098
14906348,-24.0142
14908064,-24.0187
14909781,-24.0232
14911497,-24.0277
14913214,-24.0322
14914931,-24.0366
14916648,-24.0411
14918366,-24.0456
14920084,-24.0501
14921801,-24.0545
14923519,-24.0590
14925238,-24.0635
14926956,-24.0680
14928675,-24.0724
14930394,-24.0769
14932113,-24.0814
14933832,-24.0858
14935551,-24.0903
14937271,-24.0948
14938991,-24.0992
14940711,-24.1037
14942431,-24.1082
14944151,-24.1127
14945872,-24.1171
14947593,-24.1216
14949314,-24.1261
14951035,-24.1305
14952756,-24.1350
14954478,-24.1395
14956200,-24.1439
14957922,-24.1484
14959644,-24.1528
14961366,-24.1573
14963089,-24.1618
14964812,-24.1662
14966535,-24.1707
14968258,-24.1752
14969981,-24.1796
14971705,-24.1841
14973429,-24.1885
14975153,-24.1930
14976877,-24.1975
14978601,-24.2019
14980326,-24.2064
14982050,-24.2108
14983775,-24.2153
14985501,-24.2197
14987226,-24.2242
14988952,-24.2287
14990677,-24.2331
14992403,-24.2376
14994129,-24.2420
14995856,-24.2465
14997582,-24.2509
14999309,-24.2554
15001036,-24.2598
15002763,-24.2643
15004491,-24.2687
15006218,-24.2732
15007946,-24.2776
15009674,-24.2821
15011402,-24.2865
15013130,-24.2910
15014859,-24.2954
15016588,-24.2999
15018317,-24.3043
15020046,-24.3088
15021775,-24.3132
15023505,-24.3177
15025234,-24.3221
15026964,-24.3266
15028694,-24.3310
15030425,-24.3355
15032155,-24.3399
15033886,-24.3443
15035617,-24.3488
15037348,-24.3532
15039079,-24.3577
15040811,-24.3621
15042543,-24.3666
15044275,-24.3710
15046007,-24.3754
15047739,-24.3799
15049472,-24.3843
15051204,-24.3888
15052937,-24.3932
15054671,-24.3976
15056404,-24.4021
15058137,-24.4065
15059871,-24.4109
15061605,-24.4154
15063339,-24.4198
15065073,-24.4243
15066808,-24.4287
15068543,-24.4331
15070278,-24.4376
15072013,-24.4420
15073748,-24.4464
15075484,-24.4509
15077219,-24.4553
15078955,-24.4597
15080691,-24.4642
15082428,-24.4686
15084164,-24.4730
15085901,-24.4774
15087638,-24.4819
15089375,-24.4863
15091112,-24.4907
15092850,-24.4952
15094588,-24.4996
15096326,-24.5040
15098064,-24.5084
15099802,-24.5129
15101541,-24.5173
15103279,-24.5217
15105018,-24.5261
15106757,-24.5306
15108497,-24.5350
15110236,-24.5394
15111976,-24.5438
15113716,-24.5483
15115456,-24.5527
15117196,-24.5571
15118937,-24.5615
15120678,-24.5659
15122419,-24.5704
15124160,-24.5748
15125901,-24.5792
15127643,-24.5836
15129384,-24.5880
15131126,-24.5925
15132868,-24.5969
15134611,-24.6013
15136353,-24.6057
15138096,-24.6101
15139839,-24.6145
15141582,-24.6190
15143325,-24.6234
15145069,-24.6278
15146813,-24.6322
15148557,-24.6366
15150301,-24.6410
15152045,-24.6454
15153790,-24.6499
15155534,-24.6543
15157279,-24.6587
15159024,-24.6631
15160770,-24.6675
15162515,-24.6719
15164261,-24.6763
15166007,-24.6807
15167753,-24.6851
15169500,-24.6895
15171246,-24.6940
15172993,-24.6984
15174740,-24.7028
15176487,-24.7072
15178234,-24.7116
15179982,-24.7160
15181730,-24.7204
15183478,-24.7248
15185226,-24.7292
15186974,-24.7336
15188723,-24.7380
15190472,-24.7424
15192220,-24.7468
15193970,-24.7512
15195719,-24.7556
15197469,-24.7600
15199218,-24.7644
15200968,-24.7688
15202719,-24.7732
15204469,-24.7776
15206219,-24.7820
15207970,-24.7864
15209721,-24.7908
15211472,-24.7952
15213224,-24.7996
15214975,-24.8040
15216727,-24.8084
15218479,-24.8128
15220231,-24.8172
15221984,-24.8216
15223736,-24.8260
15225489,-24.8304
15227242,-24.8348
15228995,-24.8392
15230749,-24.8435
15232502,-24.8479
15234256,-24.8523
15236010,-24.8567
15237764,-24.8611
15239519,-24.8655
15241273,-24.8699
15243028,-24.8743
15244783,-24.8787
15246538,-24.8831
15248294,-24.8874
15250050,-24.8918
15251805,-24.8962
15253561,-24.9006
15255318,-24.9050
15257074,-24.9094
15258831,-24.9138
15260588,-24.9182
15262345,-24.9225
15264102,-24.9269
15265859,-24.9313
15267617,-24.9357
15269375,-24.9401
15271133,-24.9445
15272891,-24.9488
15274650,-24.9532
15276408,-24.9576
15278167,-24.9620
15279926,-24.9664
15281685,-24.9707
15283445,-24.9751
15285205,-24.9795
15286964,-24.9839
15288724,-24.9883
15290485,-24.9926
15292245,-24.9970
15294006,-25.0014
15295767,-25.0058
15297528,-25.0101
15299289,-25.0145
15301051,-25.0189
15302812,-25.0233
15304574,-25.0276
15306336,-25.0320
15308099,-25.0364
15309861,-25.0408
15311624,-25.0451
15313387,-25.0495
15315150,-25.0539
15316913,-25.0582
15318677,-25.0626
15320441,-25.0670
15322205,-25.0714
15323969,-25.0757
15325733,-25.0801
15327498,-25.0845
15329262,-25.0888
15331027,-25.0932
15332792,-25.0976
15334558,-25.1019
15336323,-25.1063
15338089,-25.1107
15339855,-25.1150
15341621,-25.1194
15343388,-25.1238
15345154,-25.1281
15346921,-25.1325
15348688,-25.1368
15350455,-25.1412
15352222,-25.1456
15353990,-25.1499
15355758,-25.1543
15357526,-25.1587
15359294,-25.1630
15361062,-25.1674
15362831,-25.1717
15364600,-25.1761
15366369,-25.1805
15368138,-25.1848
15369908,-25.1892
15371677,-25.1935
15373447,-25.1979
15375217,-25.2022
15376987,-25.2066
15378758,-25.2110
15380528,-25.2153
15382299,-25.2197
15384070,-25.2240
15385842,-25.2284
15387613,-25.2327
15389385,-25.2371
15391157,-25.2414
15392929,-25.2458
15394701,-25.2501
15396473,-25.2545
15398246,-25.2588
15400019,-25.2632
15401792,-25.2675
15403565,-25.2719
15405339,-25.2762
15407113,-25.2806
15408886,-25.2849
15410661,-25.2893
15412435,-25.2936
15414209,-25.2980
15415984,-25.3023
15417759,-25.3067
15419534,-25.3110
15421310,-25.3154
15423085,-25.3197
15424861,-25.3241
15426637,-25.3284
15428413,-25.3328
15430189,-25.3371
15431966,-25.3414
15433743,-25.3458
15435520,-25.3501
15437297,-25.3545
15439074,-25.3588
15440852,-25.3632
15442630,-25.3675
15444408,-25.3718
15446186,-25.3762
15447964,-25.3805
15449743,-25.3849
15451522,-25.3892
15453301,-25.3935
15455080,-25.3979
15456859,-25.4022
15458639,-25.4065
15460419,-25.4109
15462199,-25.4152
15463979,-25.4195
15465760,-25.4239
15467540,-25.4282
15469321,-25.4326
15471102,-25.4369
15472883,-25.4412
15474665,-25.4456
15476447,-25.4499
15478229,-25.4542
15480011,-25.4586
15481793,-25.4629
15483575,-25.4672
15485358,-25.4715
15487141,-25.4759
15488924,-25.4802
15490708,-25.4845
15492491,-25.4889
15494275,-25.4932
15496059,-25.4975
15497843,-25.5018
15499627,-25.5062
15501412,-25.5105
15503197,-25.5148
15504982,-25.5192
15506767,-25.5235
15508552,-25.5278
15510338,-25.5321
15512124,-25.5365
15513910,-25.5408
15515696,-25.5451
15517482,-25.5494
15519269,-25.5538
15521056,-25.5581
15522843,-25.5624
15524630,-25.5667
15526417,-25.5710
15528205,-25.5754
15529993,-25.5797
15531781,-25.5840
15533569,-25.5883
15535358,-25.5926
15537146,-25.5970
15538935,-25.6013
15540724,-25.6056
15542514,-25.6099
15544303,-25.6142
15546093,-25.6185
15547883,-25.6229
15549673,-25.6272
15551463,-25.6315
15553254,-25.6358
15555044,-25.6401
15556835,-25.6444
15558626,-25.6487
15560418,-25.6531
15562209,-25.6574
15564001,-25.6617
15565793,-25.6660
15567585,-25.6703
15569378,-25.6746
15571170,-25.6789
15572963,-25.6832
15574756,-25.6876
15576549,-25.6919
15578343,-25.6962
15580136,-25.7005
15581930,-25.7048
15583724,-25.7091
15585518,-25.7134
15587313,-25.7177
15589108,-25.7220
15590902,-25.7263
15592698,-25.7306
15594493,-25.7349
15596288,-25.7392
15598084,-25.7435
15599880,-25.7479
15601676,-25.7522
15603472,-25.7565
15605269,-25.7608
15607066,-25.7651
15608862,-25.7694
15610660,-25.7737
15612457,-25.7780
15614255,-25.7823
15616052,-25.7866
15617850,-25.7909
15619648,-25.7952
15621447,-25.7995
15623245,-25.8038
15625044,-25.8081
15626843,-25.8124
15628642,-25.8167
15630442,-25.8210
15632241,-25.8253
15634041,-25.8296
15635841,-25.8339
15637642,-25.8381
15639442,-25.8424
15641243,-25.8467
15643044,-25.8510
15644845,-25.8553
15646646,-25.8596
15648447,-25.8639
15650249,-25.8682
15652051,-25.8725
15653853,-25.8768
15655655,-25.8811
15657458,-25.8854
15659261,-25.8897
15661064,-25.8940
15662867,-25.8982
15664670,-25.9025
15666474,-25.9068
15668278,-25.9111
15670081,-25.9154
15671886,-25.9197
15673690,-25.9240
15675495,-25.9283
15677299,-25.9326
15679105,-25.9368
15680910,-25.9411
15682715,-25.9454
15684521,-25.9497
15686327,-25.9540
15688133,-25.9583
15689939,-25.9626
15691745,-25.9668
15693552,-25.9711
15695359,-25.9754
15697166,-25.9797
15698973,-25.9840
15700781,-25.9883
15702589,-25.9925
15704397,-25.9968
15706205,-26.0011
15708013,-26.0054
15709822,-26.0097
15711630,-26.0139
15713439,-26.0182
15715249,-26.0225
15717058,-26.0268
15718868,-26.0310
15720677,-26.0353
15722487,-26.0396
15724298,-26.0439
15726108,-26.0482
15727919,-26.0524
15729730,-26.0567
15731541,-26.0610
15733352,-26.0653
15735163,-26.0695
15736975,-26.0738
15738787,-26.0781
15740599,-26.0824
15742411,-26.0866
15744224,-26.0909
15746037,-26.0952
15747849,-26.0994
15749663,-26.1037
15751476,-26.1080
15753290,-26.1123
15755103,-26.1165
15756917,-26.1208
15758731,-26.1251
15760546,-26.1293
15762360,-26.1336
15764175,-26.1379
15765990,-26.1421
15767806,-26.1464
15769621,-26.1507
15771437,-26.1549
15773252,-26.1592
15775069,-26.1635
15776885,-26.1677
15778701,-26.1720
15780518,-26.1763
15782335,-26.1805
15784152,-26.1848
15785969,-26.1891
15787787,-26.1933
15789605,-26.1976
15791423,-26.2018
15793241,-26.2061
15795059,-26.2104
15796878,-26.2146
15798696,-26.2189
15800515,-26.2231
15802335,-26.2274
15804154,-26.2317
15805974,-26.2359
15807794,-26.2402
15809614,-26.2444
15811434,-26.2487
15813254,-26.2530
15815075,-26.2572
15816896,-26.2615
15818717,-26.2657
15820538,-26.2700
15822360,-26.2742
15824181,-26.2785
15826003,-26.2828
15827826,-26.2870
15829648,-26.2913
15831470,-26.2955
15833293,-26.2998
15835116,-26.3040
15836939,-26.3083
15838763,-26.3125
15840586,-26.3168
15842410,-26.3210
15844234,-26.3253
15846058,-26.3295
15847883,-26.3338
15849708,-26.3380
15851532,-26.3423
15853358,-26.3465
15855183,-26.3508
15857008,-26.3550
15858834,-26.3593
15860660,-26.3635
15862486,-26.3678
15864312,-26.3720
15866139,-26.3763
15867966,-26.3805
15869793,-26.3848
15871620,-26.3890
15873447,-26.3932
15875275,-26.3975
15877103,-26.4017
15878931,-26.4060
15880759,-26.4102
15882587,-26.4145
15884416,-26.4187
15886245,-26.4229
15888074,-26.4272
15889903,-26.4314
15891733,-26.4357
15893563,-26.4399
15895392,-26.4442
15897223,-26.4484
15899053,-26.4526
15900883,-26.4569
15902714,-26.4611
15904545,-26.4653
15906376,-26.4696
15908208,-26.4738
15910039,-26.4781
15911871,-26.4823
15913703,-26.4865
15915535,-26.4908
15917368,-26.4950
15919201,-26.4992
15921033,-26.5035
15922867,-26.5077
15924700,-26.5119
15926533,-26.5162
15928367,-26.5204
15930201,-26.5246
15932035,-26.5289
15933869,-26.5331
15935704,-26.5373
15937539,-26.5416
15939374,-26.5458
15941209,-26.5500
15943044,-26.5543
15944880,-26.5585
15946716,-26.5627
15948552,-26.5670
15950388,-26.5712
15952225,-26.5754
15954061,-26.5796
15955898,-26.5839
15957735,-26.5881
15959573,-26.5923
15961410,-26.5965
15963248,-26.6008
15965086,-26.6050
15966924,-26.6092
15968762,-26.6134
15970601,-26.6177
15972440,-26.6219
15974279,-26.6261
15976118,-26.6303
15977957,-26.6346
15979797,-26.6388
15981637,-26.6430
15983477,-26.6472
15985317,-26.6515
15987158,-26.6557
15988998,-26.6599
15990839,-26.6641
15992680,-26.6683
15994522,-26.6726
15996363,-26.6768
15998205,-26.6810
16000047,-26.6852
16001889,-26.6894
16003731,-26.6937
16005574,-26.6979
16007417,-26.7021
16009260,-26.7063
16011103,-26.7105
16012947,-26.7147
16014790,-26.7190
16016634,-26.7232
16018478,-26.7274
16020323,-26.7316
16022167,-26.7358
16024012,-26.7400
16025857,-26.7442
16027702,-26.7485
16029547,-26.7527
16031393,-26.7569
16033239,-26.7611
16035085,-26.7653
16036931,-26.7695
16038777,-26.7737
16040624,-26.7779
16042471,-26.7822
16044318,-26.7864
16046165,-26.7906
16048013,-26.7948
16049860,-26.7990
16051708,-26.8032
16053556,-26.8074
16055405,-26.8116
16057253,-26.8158
16059102,-26.8200
16060951,-26.8242
16062800,-26.8284
16064650,-26.8326
16066499,-26.8369
16068349,-26.8411
16070199,-26.8453
16072049,-26.8495
16073900,-26.8537
16075750,-26.8579
16077601,-26.8621
16079452,-26.8663
16081304,-26.8705
16083155,-26.8747
16085007,-26.8789
16086859,-26.8831
16088711,-26.8873
16090564,-26.8915
16092416,-26.8957
16094269,-26.8999
16096122,-26.9041
16097975,-26.9083
16099829,-26.9125
16101682,-26.9167
16103536,-26.9209
16105390,-26.9251
16107245,-26.9293
16109099,-26.9335
16110954,-26.9377
16112809,-26.9419
16114664,-26.9461
16116519,-26.9503
16118375,-26.9545
16120231,-26.9587
16122087,-26.9628
16123943,-26.9670
16125799,-26.9712
16127656,-26.9754
16129513,-26.9796
16131370,-26.9838
16133227,-26.9880
16135085,-26.9922
16136943,-26.9964
16138801,-27.0006
16140659,-27.0048
16142517,-27.0090
16144376,-27.0132
16146234,-27.0173
16148093,-27.0215
16149953,-27.0257
16151812,-27.0299
16153672,-27.0341
16155532,-27.0383
16157392,-27.0425
16159252,-27.0467
16161113,-27.0508
16162973,-27.0550
16164834,-27.0592
16166695,-27.0634
16168557,-27.0676
16170418,-27.0718
16172280,-27.0760
16174142,-27.0801
16176004,-27.0843
16177867,-27.0885
16179729,-27.0927
16181592,-27.0969
16183455,-27.1011
16185319,-27.1052
16187182,-27.1094
16189046,-27.1136
16190910,-27.1178
16192774,-27.1220
16194638,-27.1262
16196503,-27.1303
16198368,-27.1345
16200233,-27.1387
16202098,-27.1429
16203963,-27.1470
16205829,-27.1512
16207695,-27.1554
16209561,-27.1596
16211427,-27.1638
16213294,-27.1679
16215161,-27.1721
16217028,-27.1763
16218895,-27.1805
16220762,-27.1846
16222630,-27.1888
16224497,-27.1930
16226366,-27.1972
16228234,-27.2013
16230102,-27.2055
16231971,-27.2097
16233840,-27.2139
16235709,-27.2180
16237578,-27.2222
16239448,-27.2264
16241317,-27.2305
16243187,-27.2347
16245058,-27.2389
16246928,-27.2431
16248799,-27.2472
16250669,-27.2514
16252540,-27.2556
16254412,-27.2597
16256283,-27.2639
16258155,-27.2681
16260027,-27.2722
16261899,-27.2764
16263771,-27.2806
16265644,-27.2847
16267516,-27.2889
16269389,-27.2931
16271263,-27.2972
16273136,-27.3014
16275010,-27.3056
16276883,-27.3097
16278758,-27.3139
16280632,-27.3181
16282506,-27.3222
16284381,-27.3264
16286256,-27.3306
16288131,-27.3347
16290006,-27.3389
16291882,-27.3430
16293758,-27.3472
16295634,-27.3514
16297510,-27.3555
16299386,-27.3597
16301263,-27.3639
16303140,-27.3680
16305017,-27.3722
16306894,-27.3763
16308772,-27.3805
16310649,-27.3846
16312527,-27.3888
16314406,-27.3930
16316284,-27.3971
16318163,-27.4013
16320041,-27.4054
16321920,-27.4096
16323800,-27.4137
16325679,-27.4179
16327559,-27.4221
16329439,-27.4262
16331319,-27.4304
16333199,-27.4345
16335080,-27.4387
16336960,-27.4428
16338841,-27.4470
16340722,-27.4511
16342604,-27.4553
16344486,-27.4594
16346367,-27.4636
16348249,-27.4677
16350132,-27.4719
16352014,-27.4760
16353897,-27.4802
16355780,-27.4844
16357663,-27.4885
16359546,-27.4926
16361430,-27.4968
16363314,-27.5009
16365198,-27.5051
16367082,-27.5092
16368966,-27.5134
16370851,-27.5175
16372736,-27.5217
16374621,-27.5258
16376506,-27.5300
16378392,-27.5341
16380277,-27.5383
16382163,-27.5424
16384050,-27.5466
16385936,-27.5507
16387823,-27.5549
16389709,-27.5590
16391596,-27.5631
16393484,-27.5673
16395371,-27.5714
16397259,-27.5756
16399147,-27.5797
16401035,-27.5839
16402923,-27.5880
16404812,-27.5921
16406701,-27.5963
16408590,-27.6004
16410479,-27.6046
16412368,-27.6087
16414258,-27.6128
16416148,-27.6170
16418038,-27.6211
16419928,-27.6253
16421819,-27.6294
16423710,-27.6335
16425600,-27.6377
16427492,-27.6418
16429383,-27.6459
16431275,-27.6501
16433166,-27.6542
16435059,-27.6583
16436951,-27.6625
16438843,-27.6666
16440736,-27.6708
16442629,-27.6749
16444522,-27.6790
16446415,-27.6832
16448309,-27.6873
16450203,-27.6914
16452097,-27.6956
16453991,-27.6997
16455885,-27.7038
16457780,-27.7080
16459675,-27.7121
16461570,-27.7162
16463465,-27.7203
16465361,-27.7245
16467257,-27.7286
16469153,-27.7327
16471049,-27.7369
16472945,-27.7410
16474842,-27.7451
16476739,-27.7493
16478636,-27.7534
16480533,-27.7575
16482431,-27.7616
16484328,-27.7658
16486226,-27.7699
16488124,-27.7740
16490023,-27.7781
16491921,-27.7823
16493820,-27.7864
16495719,-27.7905
16497618,-27.7946
16499518,-27.7988
16501418,-27.8029
16503317,-27.8070
16505218,-27.8111
16507118,-27.8153
16509019,-27.8194
16510919,-27.8235
16512820,-27.8276
16514722,-27.8317
16516623,-27.8359
16518525,-27.8400
16520426,-27.8441
16522329,-27.8482
16524231,-27.8524
16526133,-27.8565
16528036,-27.8606
16529939,-27.8647
16531842,-27.8688
16533746,-27.8729
16535649,-27.8771
16537553,-27.8812
16539457,-27.8853
16541362,-27.8894
16543266,-27.8935
16545171,-27.8977
16547076,-27.9018
16548981,-27.9059
16550886,-27.9100
16552792,-27.9141
16554698,-27.9182
16556604,-27.9223
16558510,-27.9265
16560416,-27.9306
16562323,-27.9347
16564230,-27.9388
16566137,-27.9429
16568045,-27.9470
16569952,-27.9511
16571860,-27.9552
16573768,-27.9594
16575676,-27.9635
16577585,-27.9676
16579493,-27.9717
16581402,-27.9758
16583311,-27.9799
16585221,-27.9840
16587130,-27.9881
16589040,-27.9922
16590950,-27.9963
16592860,-28.0005
16594771,-28.0046
16596681,-28.0087
16598592,-28.0128
16600503,-28.0169
16602415,-28.0210
16604326,-28.0251
16606238,-28.0292
16608150,-28.0333
16610062,-28.0374
16611974,-28.0415
16613887,-28.0456
16615800,-28.0497
16617713,-28.0538
16619626,-28.0579
16621540,-28.0620
16623454,-28.0661
16625368,-28.0702
16627282,-28.0743
16629196,-28.0784
16631111,-28.0825
16633026,-28.0866
16634941,-28.0907
16636856,-28.0948
16638771,-28.0989
16640687,-28.1030
16642603,-28.1071
16644519,-28.1112
16646436,-28.1153
16648352,-28.1194
16650269,-28.1235
16652186,-28.1276
16654103,-28.1317
16656021,-28.1358
16657939,-28.1399
16659856,-28.1440
16661775,-28.1481
16663693,-28.1522
16665612,-28.1563
16667530,-28.1604
16669449,-28.1645
16671369,-28.1686
16673288,-28.1727
16675208,-28.1768
16677128,-28.1809
16679048,-28.1850
16680968,-28.1891
16682889,-28.1932
16684810,-28.1972
16686731,-28.2013
16688652,-28.2054
16690573,-28.2095
16692495,-28.2136
16694417,-28.2177
16696339,-28.2218
16698261,-28.2259
16700184,-28.2300
16702107,-28.2341
16704030,-28.2382
16705953,-28.2422
16707876,-28.2463
16709800,-28.2504
16711724,-28.2545
16713648,-28.2586
16715572,-28.2627
16717497,-28.2668
16719422,-28.2709
16721347,-28.2749
16723272,-28.2790
16725197,-28.2831
16727123,-28.2872
16729049,-28.2913
16730975,-28.2954
16732902,-28.2995
16734828,-28.3035
16736755,-28.3076
16738682,-28.3117
16740609,-28.3158
16742537,-28.3199
16744464,-28.3240
16746392,-28.3280
16748320,-28.3321
16750249,-28.3362
16752177,-28.3403
16754106,-28.3444
16756035,-28.3484
16757964,-28.3525
16759894,-28.3566
16761823,-28.3607
16763753,-28.3648
16765683,-28.3688
16767613,-28.3729
16769544,-28.3770
16771475,-28.3811
16773406,-28.3851
16775337,-28.3892
16777268,-28.3933
16779200,-28.3974
16781132,-28.4015
16783064,-28.4055
16784996,-28.4096
16786929,-28.4137
16788862,-28.4178
16790795,-28.4218
16792728,-28.4259
16794661,-28.4300
16796595,-28.4341
16798529,-28.4381
16800463,-28.4422
16802397,-28.4463
16804332,-28.4503
16806267,-28.4544
16808202,-28.4585
16810137,-28.4626
16812073,-28.4666
16814008,-28.4707
16815944,-28.4748
16817880,-28.4788
16819817,-28.4829
16821753,-28.4870
16823690,-28.4911
16825627,-28.4951
16827564,-28.4992
16829502,-28.5033
16831439,-28.5073
16833377,-28.5114
16835315,-28.5155
16837254,-28.5195
16839192,-28.5236
16841131,-28.5277
16843070,-28.5317
16845009,-28.5358
16846949,-28.5399
16848888,-28.5439
16850828,-28.5480
16852768,-28.5521
16854709,-28.5561
16856649,-28.5602
16858590,-28.5642
16860531,-28.5683
16862473,-28.5724
16864414,-28.5764
16866356,-28.5805
16868298,-28.5846
16870240,-28.5886
16872182,-28.5927
16874125,-28.5967
16876068,-28.6008
16878011,-28.6049
16879954,-28.6089
16881897,-28.6130
16883841,-28.6170
16885785,-28.6211
16887729,-28.6252
16889674,-28.6292
16891618,-28.6333
16893563,-28.6373
16895508,-28.6414
16897453,-28.6455
16899399,-28.6495
16901345,-28.6536
16903290,-28.6576
16905237,-28.6617
16907183,-28.6657
16909130,-28.6698
16911077,-28.6738
16913024,-28.6779
16914971,-28.6820
16916918,-28.6860
16918866,-28.6901
16920814,-28.6941
16922762,-28.6982
16924711,-28.7022
16926659,-28.7063
16928608,-28.7103
16930557,-28.7144
16932507,-28.7184
16934456,-28.7225
16936406,-28.7265
16938356,-28.7306
16940306,-28.7346
16942257,-28.7387
16944207,-28.7427
16946158,-28.7468
16948109,-28.7508
16950061,-28.7549
16952012,-28.7589
16953964,-28.7630
16955916,-28.7670
16957868,-28.7711
16959821,-28.7751
16961773,-28.7792
16963726,-28.7832
16965679,-28.7873
16967633,-28.7913
16969586,-28.7954
16971540,-28.7994
16973494,-28.8034
16975448,-28.8075
16977403,-28.8115
16979358,-28.8156
16981313,-28.8196
16983268,-28.8237
16985223,-28.8277
16987179,-28.8318
16989135,-28.8358
16991091,-28.8398
16993047,-28.8439
16995003,-28.8479
16996960,-28.8520
16998917,-28.8560
17000874,-28.8601
17002832,-28.8641
17004789,-28.8681
17006747,-28.8722
17008705,-28.8762
17010664,-28.8803
17012622,-28.8843
17014581,-28.8883
17016540,-28.8924
17018499,-28.8964
17020458,-28.9004
17022418,-28.9045
17024378,-28.9085
17026338,-28.9126
17028299,-28.9166
17030259,-28.9206
17032220,-28.9247
17034181,-28.9287
17036142,-28.9327
17038104,-28.9368
17040065,-28.9408
17042027,-28.9448
17043989,-28.9489
17045952,-28.9529
17047914,-28.9569
17049877,-28.9610
17051840,-28.9650
17053804,-28.9690
17055767,-28.9731
17057731,-28.9771
17059695,-28.9811
17061659,-28.9852
17063623,-28.9892
17065588,-28.9932
17067553,-28.9973
17069518,-29.0013
17071483,-29.0053
17073449,-29.0094
17075414,-29.0134
17077380,-29.0174
17079347,-29.0214
17081313,-29.0255
17083280,-29.0295
17085247,-29.0335
17087214,-29.0376
17089181,-29.0416
17091149,-29.0456
17093117,-29.0496
17095085,-29.0537
17097053,-29.0577
17099021,-29.0617
17100990,-29.0657
17102959,-29.0698
17104928,-29.0738
17106898,-29.0778
17108867,-29.0818
17110837,-29.0859
17112807,-29.0899
17114777,-29.0939
17116748,-29.0979
17118719,-29.1020
17120690,-29.1060
17122661,-29.1100
17124632,-29.1140
17126604,-29.1180
17128576,-29.1221
17130548,-29.1261
17132520,-29.1301
17134493,-29.1341
17136466,-29.1382
17138439,-29.1422
17140412,-29.1462
17142385,-29.1502
17144359,-29.1542
17146333,-29.1583
17148307,-29.1623
17150282,-29.1663
17152256,-29.1703
17154231,-29.1743
17156206,-29.1783
17158181,-29.1824
17160157,-29.1864
17162133,-29.1904
17164109,-29.1944
17166085,-29.1984
17168061,-29.2024
17170038,-29.2065
17172015,-29.2105
17173992,-29.2145
17175969,-29.2185
17177947,-29.2225
17179925,-29.2265
17181903,-29.2305
17183881,-29.2346
17185859,-29.2386
17187838,-29.2426
17189817,-29.2466
17191796,-29.2506
17193776,-29.2546
17195755,-29.2586
17197735,-29.2626
17199715,-29.2666
17201695,-29.2707
17203676,-29.2747
17205657,-29.2787
17207638,-29.2827
17209619,-29.2867
17211600,-29.2907
17213582,-29.2947
17215564,-29.2987
17217546,-29.3027
17219528,-29.3067
17221511,-29.3107
17223494,-29.3148
17225477,-29.3188
17227460,-29.3228
17229444,-29.3268
17231427,-29.3308
17233411,-29.3348
17235396,-29.3388
17237380,-29.3428
17239365,-29.3468
17241349,-29.3508
17243335,-29.3548
17245320,-29.3588
17247305,-29.3628
17249291,-29.3668
17251277,-29.3708
17253263,-29.3748
17255250,-29.3788
17257237,-29.3828
17259224,-29.3868
17261211,-29.3908
17263198,-29.3948
17265186,-29.3988
17267174,-29.4028
17269162,-29.4068
17271150,-29.4108
17273138,-29.4148
17275127,-29.4188
17277116,-29.4228
17279105,-29.4268
17281095,-29.4308
17283085,-29.4348
17285074,-29.4388
17287065,-29.4428
17289055,-29.4468
17291046,-29.4508
17293036,-29.4548
17295027,-29.4588
17297019,-29.4628
17299010,-29.4668
17301002,-29.4708
17302994,-29.4748
17304986,-29.4788
17306979,-29.4828
17308971,-29.4868
17310964,-29.4908
17312957,-29.4948
17314951,-29.4988
17316944,-29.5028
17318938,-29.5068
17320932,-29.5108
17322926,-29.5147
17324921,-29.5187
17326915,-29.5227
17328910,-29.5267
17330906,-29.5307
17332901,-29.5347
17334897,-29.5387
17336892,-29.5427
17338889,-29.5467
17340885,-29.5507
17342881,-29.5547
17344878,-29.5586
17346875,-29.5626
17348872,-29.5666
17350870,-29.5706
17352868,-29.5746
17354866,-29.5786
17356864,-29.5826
17358862,-29.5866
17360861,-29.5906
17362860,-29.5945
17364859,-29.5985
17366858,-29.6025
17368858,-29.6065
17370857,-29.6105
17372857,-29.6145
17374858,-29.6185
17376858,-29.6224
17378859,-29.6264
17380860,-29.6304
17382861,-29.6344
17384862,-29.6384
17386864,-29.6424
17388866,-29.6463
17390868,-29.6503
17392870,-29.6543
17394873,-29.6583
17396875,-29.6623
17398878,-29.6663
17400882,-29.6702
17402885,-29.6742
17404889,-29.6782
17406893,-29.6822
17408897,-29.6862
17410901,-29.6901
17412906,-29.6941
17414911,-29.6981
17416916,-29.7021
17418921,-29.7061
17420927,-29.7100
17422933,-29.7140
17424939,-29.7180
17426945,-29.7220
17428951,-29.7259
17430958,-29.7299
17432965,-29.7339
17434972,-29.7379
17436979,-29.7419
17438987,-29.7458
17440995,-29.7498
17443003,-29.7538
17445011,-29.7578
17447020,-29.7617
17449029,-29.7657
17451038,-29.7697
17453047,-29.7737
17455056,-29.7776
17457066,-29.7816
17459076,-29.7856
17461086,-29.7896
17463097,-29.7935
17465107,-29.7975
17467118,-29.8015
17469129,-29.8054
17471140,-29.8094
17473152,-29.8134
17475164,-29.8174
17477176,-29.8213
17479188,-29.8253
17481201,-29.8293
17483213,-29.8332
17485226,-29.8372
17487239,-29.8412
17489253,-29.8451
17491266,-29.8491
17493280,-29.8531
17495294,-29.8571
17497309,-29.8610
17499323,-29.8650
17501338,-29.8690
17503353,-29.8729
17505368,-29.8769
17507384,-29.8809
17509400,-29.8848
17511416,-29.8888
17513432,-29.8928
17515448,-29.8967
17517465,-29.9007
17519482,-29.9047
17521499,-29.9086
17523516,-29.9126
17525534,-29.9165
17527552,-29.9205
17529570,-29.9245
17531588,-29.9284
17533606,-29.9324
17535625,-29.9364
17537644,-29.9403
17539663,-29.9443
17541683,-29.9482
17543703,-29.9522
17545722,-29.9562
17547743,-29.9601
17549763,-29.9641
17551784,-29.9681
17553804,-29.9720
17555825,-29.9760
17557847,-29.9799
17559868,-29.9839
17561890,-29.9879
17563912,-29.9918
17565934,-29.9958
17567957,-29.9997
17569979,-30.0037
17572002,-30.0076
17574026,-30.0116
17576049,-30.0156
17578073,-30.0195
17580097,-30.0235
17582121,-30.0274
17584145,-30.0314
17586170,-30.0353
17588194,-30.0393
17590219,-30.0433
17592245,-30.0472
17594270,-30.0512
17596296,-30.0551
17598322,-30.0591
17600348,-30.0630
17602374,-30.0670
17604401,-30.0709
17606428,-30.0749
17608455,-30.0788
17610482,-30.0828
17612510,-30.0867
17614538,-30.0907
17616566,-30.0946
17618594,-30.0986
17620623,-30.1026
17622652,-30.1065
17624681,-30.1105
17626710,-30.1144
17628739,-30.1184
17630769,-30.1223
17632799,-30.1263
17634829,-30.1302
17636859,-30.1342
17638890,-30.1381
17640921,-30.1421
17642952,-30.1460
17644983,-30.1499
17647015,-30.1539
17649047,-30.1578
17651079,-30.1618
17653111,-30.1657
17655144,-30.1697
17657176,-30.1736
17659209,-30.1776
17661243,-30.1815
17663276,-30.1855
17665310,-30.1894
17667344,-30.1934
17669378,-30.1973
17671412,-30.2012
17673447,-30.2052
17675482,-30.2091
17677517,-30.2131
17679552,-30.2170
17681588,-30.2210
17683623,-30.2249
17685659,-30.2288
17687696,-30.2328
17689732,-30.2367
17691769,-30.2407
17693806,-30.2446
17695843,-30.2486
17697880,-30.2525
17699918,-30.2564
17701956,-30.2604
17703994,-30.2643
17706032,-30.2683
17708071,-30.2722
17710110,-30.2761
17712149,-30.2801
17714188,-30.2840
17716228,-30.2880
17718268,-30.2919
17720308,-30.2958
17722348,-30.2998
17724388,-30.3037
17726429,-30.3076
17728470,-30.3116
17730511,-30.3155
17732553,-30.3195
17734594,-30.3234
17736636,-30.3273
17738678,-30.3313
17740721,-30.3352
17742763,-30.3391
17744806,-30.3431
17746849,-30.3470
17748892,-30.3509
17750936,-30.3549
17752980,-30.3588
17755024,-30.3627
17757068,-30.3667
17759112,-30.3706
17761157,-30.3745
17763202,-30.3785
17765247,-30.3824
17767293,-30.3863
17769338,-30.3903
17771384,-30.3942
17773430,-30.3981
17775477,-30.4021
17777523,-30.4060
17779570,-30.4099
17781617,-30.4138
17783664,-30.4178
17785712,-30.4217
17787760,-30.4256
17789808,-30.4296
17791856,-30.4335
17793904,-30.4374
17795953,-30.4414
17798002,-30.4453
17800051,-30.4492
17802101,-30.4531
17804150,-30.4571
17806200,-30.4610
17808250,-30.4649
17810301,-30.4688
17812351,-30.4728
17814402,-30.4767
17816453,-30.4806
17818505,-30.4845
17820556,-30.4885
17822608,-30.4924
17824660,-30.4963
17826712,-30.5002
17828765,-30.5042
17830817,-30.5081
17832870,-30.5120
17834924,-30.5159
17836977,-30.5199
17839031,-30.5238
17841085,-30.5277
17843139,-30.5316
17845193,-30.5355
17847248,-30.5395
17849303,-30.5434
17851358,-30.5473
17853413,-30.5512
17855469,-30.5552
17857525,-30.5591
17859581,-30.5630
17861637,-30.5669
17863693,-30.5708
17865750,-30.5748
17867807,-30.5787
17869864,-30.5826
17871922,-30.5865
17873979,-30.5904
17876037,-30.5943
17878096,-30.5983
17880154,-30.6022
17882213,-30.6061
17884272,-30.6100
17886331,-30.6139
17888390,-30.6178
17890450,-30.6218
17892509,-30.6257
17894569,-30.6296
17896630,-30.6335
17898690,-30.6374
17900751,-30.6413
17902812,-30.6453
17904873,-30.6492
17906935,-30.6531
17908997,-30.6570
17911059,-30.6609
17913121,-30.6648
17915183,-30.6687
17917246,-30.6726
17919309,-30.6766
17921372,-30.6805
17923435,-30.6844
17925499,-30.6883
17927563,-30.6922
17929627,-30.6961
17931691,-30.7000
17933756,-30.7039
17935821,-30.7078
17937886,-30.7118
17939951,-30.7157
17942017,-30.7196
17944082,-30.7235
17946148,-30.7274
17948215,-30.7313
17950281,-30.7352
17952348,-30.7391
17954415,-30.7430
17956482,-30.7469
17958549,-30.7508
17960617,-30.7548
17962685,-30.7587
17964753,-30.7626
17966822,-30.7665
17968890,-30.7704
17970959,-30.7743
17973028,-30.7782
17975097,-30.7821
17977167,-30.7860
17979237,-30.7899
17981307,-30.7938
17983377,-30.7977
17985448,-30.8016
17987519,-30.8055
17989590,-30.8094
17991661,-30.8133
17993732,-30.8172
17995804,-30.8211
17997876,-30.8250
17999948,-30.8289
18002021,-30.8328
18004093,-30.8367
18006166,-30.8406
18008239,-30.8445
18010313,-30.8484
18012386,-30.8523
18014460,-30.8563
18016534,-30.8602
18018609,-30.8641
18020683,-30.8680
18022758,-30.8719
18024833,-30.8757
18026909,-30.8796
18028984,-30.8835
18031060,-30.8874
18033136,-30.8913
18035212,-30.8952
18037289,-30.8991
18039365,-30.9030
18041442,-30.9069
18043520,-30.9108
18045597,-30.9147
18047675,-30.9186
18049753,-30.9225
18051831,-30.9264
18053909,-30.9303
18055988,-30.9342
18058067,-30.9381
18060146,-30.9420
18062225,-30.9459
18064305,-30.9498
18066385,-30.9537
18068465,-30.9576
18070545,-30.9615
18072626,-30.9654
18074707,-30.9693
18076788,-30.9731
18078869,-30.9770
18080950,-30.9809
18083032,-30.9848
18085114,-30.9887
18087196,-30.9926
18089279,-30.9965
18091362,-31.0004
18093445,-31.0043
18095528,-31.0082
18097611,-31.0121
18099695,-31.0160
18101779,-31.0198
18103863,-31.0237
18105947,-31.0276
18108032,-31.0315
18110117,-31.0354
18112202,-31.0393
18114287,-31.0432
18116373,-31.0471
18118459,-31.0510
18120545,-31.0548
18122631,-31.0587
18124718,-31.0626
18126805,-31.0665
18128892,-31.0704
18130979,-31.0743
18133067,-31.0782
18135154,-31.0821
18137242,-31.0859
18139331,-31.0898
18141419,-31.0937
18143508,-31.0976
18145597,-31.1015
18147686,-31.1054
18149775,-31.1092
18151865,-31.1131
18153955,-31.1170
18156045,-31.1209
18158136,-31.1248
18160226,-31.1287
18162317,-31.1325
18164408,-31.1364
18166500,-31.1403
18168591,-31.1442
18170683,-31.1481
18172775,-31.1520
18174868,-31.1558
18176960,-31.1597
18179053,-31.1636
18181146,-31.1675
18183239,-31.1714
18185333,-31.1752
18187427,-31.1791
18189521,-31.1830
18191615,-31.1869
18193709,-31.1908
18195804,-31.1946
18197899,-31.1985
18199994,-31.2024
18202090,-31.2063
18204186,-31.2101
18206282,-31.2140
18208378,-31.2179
18210474,-31.2218
18212571,-31.2257
18214668,-31.2295
18216765,-31.2334
18218862,-31.2373
18220960,-31.2412
18223058,-31.2450
18225156,-31.2489
18227254,-31.2528
18229353,-31.2567
18231452,-31.2605
18233551,-31.2644
18235650,-31.2683
18237750,-31.2722
18239850,-31.2760
18241950,-31.2799
18244050,-31.2838
18246151,-31.2876
18248251,-31.2915
18250352,-31.2954
18252454,-31.2993
18254555,-31.3031
18256657,-31.3070
18258759,-31.3109
18260861,-31.3148
18262964,-31.3186
18265066,-31.3225
18267169,-31.3264
18269273,-31.3302
18271376,-31.3341
18273480,-31.3380
18275584,-31.3418
18277688,-31.3457
18279792,-31.3496
18281897,-31.3534
18284002,-31.3573
18286107,-31.3612
18288212,-31.3651
18290318,-31.3689
18292424,-31.3728
18294530,-31.3767
18296636,-31.3805
18298743,-31.3844
18300850,-31.3883
18302957,-31.3921
18305064,-31.3960
18307172,-31.3999
18309280,-31.4037
18311388,-31.4076
18313496,-31.4114
18315604,-31.4153
18317713,-31.4192
18319822,-31.4230
18321931,-31.4269
18324041,-31.4308
18326151,-31.4346
18328261,-31.4385
18330371,-31.4424
18332481,-31.4462
18334592,-31.4501
18336703,-31.4539
18338814,-31.4578
18340926,-31.4617
18343038,-31.4655
18345149,-31.4694
18347262,-31.4733
18349374,-31.4771
18351487,-31.4810
18353600,-31.4848
18355713,-31.4887
18357826,-31.4926
18359940,-31.4964
18362054,-31.5003
18364168,-31.5041
18366282,-31.5080
18368397,-31.5119
18370512,-31.5157
18372627,-31.5196
18374742,-31.5234
18376858,-31.5273
18378974,-31.5311
18381090,-31.5350
18383206,-31.5389
18385323,-31.5427
18387439,-31.5466
18389556,-31.5504
18391674,-31.5543
18393791,-31.5581
18395909,-31.5620
18398027,-31.5658
18400145,-31.5697
18402264,-31.5736
18404383,-31.5774
18406502,-31.5813
18408621,-31.5851
18410740,-31.5890
18412860,-31.5928
18414980,-31.5967
18417100,-31.6005
18419221,-31.6044
18421342,-31.6082
18423463,-31.6121
18425584,-31.6159
18427705,-31.6198
18429827,-31.6236
18431949,-31.6275
18434071,-31.6314
18436193,-31.6352
18438316,-31.6391
18440439,-31.6429
18442562,-31.6468
18444686,-31.6506
18446809,-31.6545
18448933,-31.6583
18451057,-31.6622
18453182,-31.6660
18455306,-31.6699
18457431,-31.6737
18459556,-31.6775
18461682,-31.6814
18463807,-31.6852
18465933,-31.6891
18468059,-31.6929
18470185,-31.6968
18472312,-31.7006
18474439,-31.7045
18476566,-31.7083
18478693,-31.7122
18480821,-31.7160
18482949,-31.7199
18485077,-31.7237
18487205,-31.7276
18489333,-31.7314
18491462,-31.7352
18493591,-31.7391
18495721,-31.7429
18497850,-31.7468
18499980,-31.7506
18502110,-31.7545
18504240,-31.7583
18506371,-31.7622
18508501,-31.7660
18510632,-31.7698
18512764,-31.7737
18514895,-31.7775
18517027,-31.7814
18519159,-31.7852
18521291,-31.7890
18523423,-31.7929
18525556,-31.7967
18527689,-31.8006
18529822,-31.8044
18531956,-31.8083
18534089,-31.8121
18536223,-31.8159
18538358,-31.8198
18540492,-31.8236
18542627,-31.8275
18544762,-31.8313
18546897,-31.8351
18549032,-31.8390
18551168,-31.8428
18553304,-31.8466
18555440,-31.8505
18557576,-31.8543
18559713,-31.8582
18561850,-31.8620
18563987,-31.8658
18566124,-31.8697
18568262,-31.8735
18570400,-31.8773
18572538,-31.8812
18574676,-31.8850
18576815,-31.8888
18578954,-31.8927
18581093,-31.8965
18583232,-31.9004
18585372,-31.9042
18587512,-31.9080
18589652,-31.9119
18591792,-31.9157
18593933,-31.9195
18596074,-31.9234
18598215,-31.9272
18600356,-31.9310
18602497,-31.9349
18604639,-31.9387
18606781,-31.9425
18608924,-31.9464
18611066,-31.9502
18613209,-31.9540
18615352,-31.9578
18617495,-31.9617
18619639,-31.9655
18621783,-31.9693
18623927,-31.9732
18626071,-31.9770
18628216,-31.9808
18630360,-31.9847
18632505,-31.9885
18634651,-31.9923
18636796,-31.9961
18638942,-32.0000
18641088,-32.0038
18643234,-32.0076
18645381,-32.0115
18647527,-32.0153
18649674,-32.0191
18651822,-32.0229
18653969,-32.0268
18656117,-32.0306
18658265,-32.0344
18660413,-32.0382
18662562,-32.0421
18664710,-32.0459
18666859,-32.0497
18669009,-32.0536
18671158,-32.0574
18673308,-32.0612
18675458,-32.0650
18677608,-32.0689
18679758,-32.0727
18681909,-32.0765
18684060,-32.0803
18686211,-32.0841
18688363,-32.0880
18690514,-32.0918
18692666,-32.0956
18694819,-32.0994
18696971,-32.1033
18699124,-32.1071
18701277,-32.1109
18703430,-32.1147
18705583,-32.1186
18707737,-32.1224
18709891,-32.1262
18712045,-32.1300
18714199,-32.1338
18716354,-32.1377
18718509,-32.1415
18720664,-32.1453
18722820,-32.1491
18724975,-32.1529
18727131,-32.1568
18729287,-32.1606
18731444,-32.1644
18733601,-32.1682
18735757,-32.1720
18737915,-32.1758
18740072,-32.1797
18742230,-32.1835
18744388,-32.1873
18746546,-32.1911
18748704,-32.1949
18750863,-32.1988
18753022,-32.2026
18755181,-32.2064
18757340,-32.2102
18759500,-32.2140
18761660,-32.2178
18763820,-32.2216
18765980,-32.2255
18768141,-32.2293
18770302,-32.2331
18772463,-32.2369
18774624,-32.2407
18776786,-32.2445
18778948,-32.2484
18781110,-32.2522
18783272,-32.2560
18785435,-32.2598
18787598,-32.2636
18789761,-32.2674
18791924,-32.2712
18794088,-32.2750
18796252,-32.2789
18798416,-32.2827
18800580,-32.2865
18802745,-32.2903
18804910,-32.2941
18807075,-32.2979
18809240,-32.3017
18811406,-32.3055
18813572,-32.3093
18815738,-32.3132
18817904,-32.3170
18820071,-32.3208
18822238,-32.3246
18824405,-32.3284
18826572,-32.3322
18828740,-32.3360
18830908,-32.3398
18833076,-32.3436
18835244,-32.3474
18837413,-32.3512
18839582,-32.3550
18841751,-32.3589
18843920,-32.3627
18846090,-32.3665
18848260,-32.3703
18850430,-32.3741
18852600,-32.3779
18854771,-32.3817
18856942,-32.3855
18859113,-32.3893
18861284,-32.3931
18863456,-32.3969
18865627,-32.4007
18867800,-32.4045
18869972,-32.4083
18872145,-32.4121
18874317,-32.4159
18876491,-32.4197
18878664,-32.4235
18880838,-32.4274
18883011,-32.4312
18885185,-32.4350
18887360,-32.4388
18889534,-32.4426
18891709,-32.4464
18893884,-32.4502
18896060,-32.4540
18898235,-32.4578
18900411,-32.4616
18902587,-32.4654
18904764,-32.4692
18906940,-32.4730
18909117,-32.4768
18911294,-32.4806
18913472,-32.4844
18915649,-32.4882
18917827,-32.4920
18920005,-32.4958
18922184,-32.4996
18924362,-32.5034
18926541,-32.5072
18928720,-32.5110
18930900,-32.5148
18933079,-32.5186
18935259,-32.5224
18937439,-32.5262
18939620,-32.5300
18941800,-32.5338
18943981,-32.5376
18946162,-32.5413
18948344,-32.5451
18950525,-32.5489
18952707,-32.5527
18954889,-32.5565
18957072,-32.5603
18959254,-32.5641
18961437,-32.5679
18963620,-32.5717
18965804,-32.5755
18967987,-32.5793
18970171,-32.5831
18972356,-32.5869
18974540,-32.5907
18976725,-32.5945
18978909,-32.5983
18981095,-32.6021
18983280,-32.6059
18985466,-32.6097
18987652,-32.6134
18989838,-32.6172
18992024,-32.6210
18994211,-32.6248
18996398,-32.6286
18998585,-32.6324
19000772,-32.6362
19002960,-32.6400
19005148,-32.6438
19007336,-32.6476
19009525,-32.6514
19011713,-32.6551
19013902,-32.6589
19016091,-32.6627
19018281,-32.6665
19020470,-32.6703
19022660,-32.6741
19024851,-32.6779
19027041,-32.6817
19029232,-32.6855
19031423,-32.6893
19033614,-32.6930
19035805,-32.6968
19037997,-32.7006
19040189,-32.7044
19042381,-32.7082
19044574,-32.7120
19046766,-32.7158
19048959,-32.7195
19051153,-32.7233
19053346,-32.7271
19055540,-32.7309
19057734,-32.7347
19059928,-32.7385
19062122,-32.7423
19064317,-32.7460
19066512,-32.7498
19068707,-32.7536
19070903,-32.7574
19073099,-32.7612
19075295,-32.7650
19077491,-32.7688
19079687,-32.7725
19081884,-32.7763
19084081,-32.7801
19086278,-32.7839
19088476,-32.7877
19090674,-32.7915
19092872,-32.7952
19095070,-32.7990
19097269,-32.8028
19099467,-32.8066
19101666,-32.8104
19103866,-32.8141
19106065,-32.8179
19108265,-32.8217
19110465,-32.8255
19112665,-32.8293
19114866,-32.8330
19117067,-32.8368
19119268,-32.8406
19121469,-32.8444
19123671,-32.8482
19125872,-32.8519
19128075,-32.8557
19130277,-32.8595
19132479,-32.8633
19134682,-32.8671
19136885,-32.8708
19139089,-32.8746
19141292,-32.8784
19143496,-32.8822
19145700,-32.8859
19147905,-32.8897
19150109,-32.8935
19152314,-32.8973
19154519,-32.9010
19156725,-32.9048
19158930,-32.9086
19161136,-32.9124
19163342,-32.9161
19165549,-32.9199
19167755,-32.9237
19169962,-32.9275
19172169,-32.9312
19174377,-32.9350
19176584,-32.9388
19178792,-32.9426
19181000,-32.9463
19183209,-32.9501
19185418,-32.9539
19187626,-32.9577
19189836,-32.9614
19192045,-32.9652
19194255,-32.9690
19196465,-32.9728
19198675,-32.9765
19200885,-32.9803
19203096,-32.9841
19205307,-32.9878
19207518,-32.9916
19209730,-32.9954
19211941,-32.9992
19214153,-33.0029
19216366,-33.0067
19218578,-33.0105
19220791,-33.0142
19223004,-33.0180
19225217,-33.0218
19227431,-33.0255
19229644,-33.0293
19231858,-33.0331
19234073,-33.0368
19236287,-33.0406
19238502,-33.0444
19240717,-33.0482
19242932,-33.0519
19245148,-33.0557
19247364,-33.0595
19249580,-33.0632
19251796,-33.0670
19254013,-33.0708
19256230,-33.0745
19258447,-33.0783
19260664,-33.0821
19262882,-33.0858
19265099,-33.0896
19267318,-33.0933
19269536,-33.0971
19271755,-33.1009
19273973,-33.1046
19276193,-33.1084
19278412,-33.1122
19280632,-33.1159
19282851,-33.1197
19285072,-33.1235
19287292,-33.1272
19289513,-33.1310
19291734,-33.1348
19293955,-33.1385
19296176,-33.1423
19298398,-33.1460
19300620,-33.1498
19302842,-33.1536
19305064,-33.1573
19307287,-33.1611
19309510,-33.1649
19311733,-33.1686
19313957,-33.1724
19316180,-33.1761
19318404,-33.1799
19320629,-33.1837
19322853,-33.1874
19325078,-33.1912
19327303,-33.1949
19329528,-33.1987
19331754,-33.2025
19333980,-33.2062
19336206,-33.2100
19338432,-33.2137
19340658,-33.2175
19342885,-33.2212
19345112,-33.2250
19347340,-33.2288
19349567,-33.2325
19351795,-33.2363
19354023,-33.2400
19356251,-33.2438
19358480,-33.2476
19360709,-33.2513
19362938,-33.2551
19365167,-33.2588
19367397,-33.2626
19369627,-33.2663
19371857,-33.2701
19374087,-33.2738
19376318,-33.2776
19378549,-33.2814
19380780,-33.2851
19383012,-33.2889
19385243,-33.2926
19387475,-33.2964
19389707,-33.3001
19391940,-33.3039
19394173,-33.3076
19396405,-33.3114
19398639,-33.3151
19400872,-33.3189
19403106,-33.3226
19405340,-33.3264
19407574,-33.3301
19409809,-33.3339
19412043,-33.3377
19414278,-33.3414
19416514,-33.3452
19418749,-33.3489
19420985,-33.3527
19423221,-33.3564
19425457,-33.3602
19427694,-33.3639
19429931,-33.3677
19432168,-33.3714
19434405,-33.3752
19436643,-33.3789
19438881,-33.3827
19441119,-33.3864
19443357,-33.3902
19445596,-33.3939
19447835,-33.3977
19450074,-33.4014
19452313,-33.4052
19454553,-33.4089
19456793,-33.4126
19459033,-33.4164
19461273,-33.4201
19463514,-33.4239
19465755,-33.4276
19467996,-33.4314
19470238,-33.4351
19472479,-33.4389
19474721,-33.4426
19476964,-33.4464
19479206,-33.4501
19481449,-33.4539
19483692,-33.4576
19485935,-33.4614
19488179,-33.4651
19490423,-33.4688
19492667,-33.4726
19494911,-33.4763
19497155,-33.4801
19499400,-33.4838
19501645,-33.4876
19503891,-33.4913
19506136,-33.4950
19508382,-33.4988
19510628,-33.5025
19512875,-33.5063
19515121,-33.5100
19517368,-33.5138
19519615,-33.5175
19521863,-33.5212
19524110,-33.5250
19526358,-33.5287
19528607,-33.5325
19530855,-33.5362
19533104,-33.5400
19535353,-33.5437
19537602,-33.5474
19539851,-33.5512
19542101,-33.5549
19544351,-33.5587
19546601,-33.5624
19548852,-33.5661
19551103,-33.5699
19553354,-33.5736
19555605,-33.5773
19557856,-33.5811
19560108,-33.5848
19562360,-33.5886
19564613,-33.5923
19566865,-33.5960
19569118,-33.5998
19571371,-33.6035
19573625,-33.6073
19575878,-33.6110
19578132,-33.6147
19580386,-33.6185
19582641,-33.6222
19584895,-33.6259
19587150,-33.6297
19589405,-33.6334
19591661,-33.6371
19593917,-33.6409
19596173,-33.6446
19598429,-33.6484
19600685,-33.6521
19602942,-33.6558
19605199,-33.6596
19607456,-33.6633
19609714,-33.6670
19611972,-33.6708
19614230,-33.6745
19616488,-33.6782
19618746,-33.6820
19621005,-33.6857
19623264,-33.6894
19625524,-33.6932
19627783,-33.6969
19630043,-33.7006
19632303,-33.7044
19634564,-33.7081
19636824,-33.7118
19639085,-33.7155
19641346,-33.7193
19643608,-33.7230
19645869,-33.7267
19648131,-33.7305
19650394,-33.7342
19652656,-33.7379
19654919,-33.7417
19657182,-33.7454
19659445,-33.7491
19661709,-33.7529
19663972,-33.7566
19666236,-33.7603
19668501,-33.7640
19670765,-33.7678
19673030,-33.7715
19675295,-33.7752
19677560,-33.7790
19679826,-33.7827
19682092,-33.7864
19684358,-33.7901
19686624,-33.7939
19688891,-33.7976
19691158,-33.8013
19693425,-33.8050
19695692,-33.8088
19697960,-33.8125
19700228,-33.8162
19702496,-33.8200
19704765,-33.8237
19707033,-33.8274
19709302,-33.8311
19711572,-33.8349
19713841,-33.8386
19716111,-33.8423
19718381,-33.8460
19720651,-33.8498
19722922,-33.8535
19725193,-33.8572
19727464,-33.8609
19729735,-33.8646
19732007,-33.8684
19734279,-33.8721
19736551,-33.8758
19738823,-33.8795
19741096,-33.8833
19743369,-33.8870
19745642,-33.8907
19747915,-33.8944
19750189,-33.8982
19752463,-33.9019
19754737,-33.9056
19757012,-33.9093
19759286,-33.9130
19761561,-33.9168
19763837,-33.9205
19766112,-33.9242
19768388,-33.9279
19770664,-33.9316
19772940,-33.9354
19775217,-33.9391
19777494,-33.9428
19779771,-33.9465
19782048,-33.9502
19784326,-33.9540
19786604,-33.9577
19788882,-33.9614
19791160,-33.9651
19793439,-33.9688
19795718,-33.9725
19797997,-33.9763
19800276,-33.9800
19802556,-33.9837
19804836,-33.9874
19807116,-33.9911
19809397,-33.9948
19811678,-33.9986
19813959,-34.0023
19816240,-34.0060
19818522,-34.0097
19820803,-34.0134
19823086,-34.0171
19825368,-34.0209
19827650,-34.0246
19829933,-34.0283
19832216,-34.0320
19834500,-34.0357
19836784,-34.0394
19839067,-34.0432
19841352,-34.0469
19843636,-34.0506
19845921,-34.0543
19848206,-34.0580
19850491,-34.0617
19852777,-34.0654
19855062,-34.0691
19857348,-34.0729
19859635,-34.0766
19861921,-34.0803
19864208,-34.0840
19866495,-34.0877
19868782,-34.0914
19871070,-34.0951
19873358,-34.0988
19875646,-34.1026
19877934,-34.1063
19880223,-34.1100
19882512,-34.1137
19884801,-34.1174
19887091,-34.1211
19889380,-34.1248
19891670,-34.1285
19893961,-34.1322
19896251,-34.1359
19898542,-34.1397
19900833,-34.1434
19903124,-34.1471
19905416,-34.1508
19907708,-34.1545
19910000,-34.1582
19912292,-34.1619
19914585,-34.1656
19916878,-34.1693
19919171,-34.1730
19921464,-34.1767
19923758,-34.1804
19926052,-34.1842
19928346,-34.1879
19930640,-34.1916
19932935,-34.1953
19935230,-34.1990
19937525,-34.2027
19939821,-34.2064
19942117,-34.2101
19944413,-34.2138
19946709,-34.2175
19949006,-34.2212
19951303,-34.2249
19953600,-34.2286
19955897,-34.2323
19958195,-34.2360
19960493,-34.2397
19962791,-34.2434
19965089,-34.2471
19967388,-34.2508
19969687,-34.2545
19971986,-34.2582
19974286,-34.2620
19976585,-34.2657
19978885,-34.2694
19981186,-34.2731
19983486,-34.2768
19985787,-34.2805
19988088,-34.2842
19990389,-34.2879
19992691,-34.2916
19994993,-34.2953
19997295,-34.2990
19999597,-34.3027
20001900,-34.3064
20004203,-34.3101
20006506,-34.3138
20008810,-34.3175
20011113,-34.3212
20013417,-34.3249
20015722,-34.3286
20018026,-34.3323
