frequency_hz,ant_to_out_db
3000000,-10.8500
3000345,-10.8498
3000691,-10.8495
3001036,-10.8492
3001382,-10.8489
3001727,-10.8486
3002073,-10.8484
3002419,-10.8481
3002764,-10.8478
3003110,-10.8475
3003456,-10.8472
3003802,-10.8469
3004148,-10.8466
3004493,-10.8464
3004839,-10.8461
3005185,-10.8458
3005531,-10.8455
3005877,-10.8452
3006223,-10.8449
3006570,-10.8446
3006916,-10.8443
3007262,-10.8440
3007608,-10.8437
3007954,-10.8434
3008301,-10.8431
3008647,-10.8428
3008994,-10.8425
3009340,-10.8422
3009686,-10.8419
3010033,-10.8416
3010380,-10.8413
3010726,-10.8410
3011073,-10.8407
3011419,-10.8404
3011766,-10.8401
3012113,-10.8398
3012460,-10.8395
3012807,-10.8392
3013153,-10.8389
3013500,-10.8386
3013847,-10.8383
3014194,-10.8380
3014541,-10.8376
3014888,-10.8373
3015236,-10.8370
3015583,-10.8367
3015930,-10.8364
3016277,-10.8361
3016625,-10.8358
3016972,-10.8354
3017319,-10.8351
3017667,-10.8348
3018014,-10.8345
3018362,-10.8342
3018709,-10.8338
3019057,-10.8335
3019404,-10.8332
3019752,-10.8329
3020100,-10.8325
3020447,-10.8322
3020795,-10.8319
3021143,-10.8316
3021491,-10.8312
3021839,-10.8309
3022186,-10.8306
3022534,-10.8302
3022882,-10.8299
3023230,-10.8296
3023579,-10.8292
3023927,-10.8289
3024275,-10.8286
3024623,-10.8282
3024971,-10.8279
3025320,-10.8276
3025668,-10.8272
3026016,-10.8269
3026365,-10.8266
3026713,-10.8262
3027062,-10.8259
3027410,-10.8255
3027759,-10.8252
3028107,-10.8248
3028456,-10.8245
3028805,-10.8241
3029153,-10.8238
3029502,-10.8235
3029851,-10.8231
3030200,-10.8228
3030549,-10.8224
3030898,-10.8221
3031247,-10.8217
3031596,-10.8214
3031945,-10.8210
3032294,-10.8206
3032643,-10.8203
3032992,-10.8199
3033341,-10.8196
3033690,-10.8192
3034040,-10.8189
3034389,-10.8185
3034738,-10.8181
3035088,-10.8178
3035437,-10.8174
3035787,-10.8171
3036136,-10.8167
3036486,-10.8163
3036835,-10.8160
3037185,-10.8156
3037535,-10.8152
3037884,-10.8149
3038234,-10.8145
3038584,-10.8141
3038934,-10.8138
3039284,-10.8134
3039634,-10.8130
3039984,-10.8127
3040334,-10.8123
3040684,-10.8119
3041034,-10.8115
3041384,-10.8112
3041734,-10.8108
3042084,-10.8104
3042435,-10.8100
3042785,-10.8097
3043135,-10.8093
3043486,-10.8089
3043836,-10.8085
3044186,-10.8081
3044537,-10.8077
3044888,-10.8074
3045238,-10.8070
3045589,-10.8066
3045939,-10.8062
3046290,-10.8058
3046641,-10.8054
3046992,-10.8051
3047342,-10.8047
3047693,-10.8043
3048044,-10.8039
3048395,-10.8035
3048746,-10.8031
3049097,-10.8027
3049448,-10.8023
3049799,-10.8019
3050150,-10.8015
3050502,-10.8011
3050853,-10.8007
3051204,-10.8003
3051555,-10.7999
3051907,-10.7995
3052258,-10.7991
3052610,-10.7987
3052961,-10.7983
3053312,-10.7979
3053664,-10.7975
3054016,-10.7971
3054367,-10.7967
3054719,-10.7963
3055071,-10.7959
3055422,-10.7955
3055774,-10.7951
3056126,-10.7947
3056478,-10.7943
3056830,-10.7939
3057182,-10.7935
3057534,-10.7930
3057886,-10.7926
3058238,-10.7922
3058590,-10.7918
3058942,-10.7914
3059294,-10.7910
3059647,-10.7906
3059999,-10.7901
3060351,-10.7897
3060703,-10.7893
3061056,-10.7889
3061408,-10.7885
3061761,-10.7880
3062113,-10.7876
3062466,-10.7872
3062818,-10.7868
3063171,-10.7863
3063524,-10.7859
3063876,-10.7855
3064229,-10.7851
3064582,-10.7846
3064935,-10.7842
3065288,-10.7838
3065641,-10.7833
3065994,-10.7829
3066347,-10.7825
3066700,-10.7820
3067053,-10.7816
3067406,-10.7812
3067759,-10.7807
3068112,-10.7803
3068466,-10.7799
3068819,-10.7794
3069172,-10.7790
3069526,-10.7786
3069879,-10.7781
3070232,-10.7777
3070586,-10.7772
3070939,-10.7768
3071293,-10.7763
3071647,-10.7759
3072000,-10.7755
3072354,-10.7750
3072708,-10.7746
3073062,-10.7741
3073415,-10.7737
3073769,-10.7732
3074123,-10.7728
3074477,-10.7723
3074831,-10.7719
3075185,-10.7714
3075539,-10.7710
3075893,-10.7705
3076247,-10.7701
3076602,-10.7696
3076956,-10.7692
3077310,-10.7687
3077664,-10.7682
3078019,-10.7678
3078373,-10.7673
3078728,-10.7669
3079082,-10.7664
3079437,-10.7659
3079791,-10.7655
3080146,-10.7650
3080500,-10.7645
3080855,-10.7641
3081210,-10.7636
3081564,-10.7632
3081919,-10.7627
3082274,-10.7622
3082629,-10.7618
3082984,-10.7613
3083339,-10.7608
3083694,-10.7603
3084049,-10.7599
3084404,-10.7594
3084759,-10.7589
3085114,-10.7584
3085469,-10.7580
3085825,-10.7575
3086180,-10.7570
3086535,-10.7565
3086891,-10.7561
3087246,-10.7556
3087602,-10.7551
3087957,-10.7546
3088313,-10.7541
3088668,-10.7537
3089024,-10.7532
3089379,-10.7527
3089735,-10.7522
3090091,-10.7517
3090447,-10.7512
3090802,-10.7508
3091158,-10.7503
3091514,-10.7498
3091870,-10.7493
3092226,-10.7488
3092582,-10.7483
3092938,-10.7478
3093294,-10.7473
3093651,-10.7468
3094007,-10.7463
3094363,-10.7459
3094719,-10.7454
3095076,-10.7449
3095432,-10.7444
3095788,-10.7439
3096145,-10.7434
3096501,-10.7429
3096858,-10.7424
3097214,-10.7419
3097571,-10.7414
3097928,-10.7409
3098284,-10.7404
3098641,-10.7399
3098998,-10.7394
3099355,-10.7389
3099711,-10.7383
3100068,-10.7378
3100425,-10.7373
3100782,-10.7368
3101139,-10.7363
3101496,-10.7358
3101853,-10.7353
3102210,-10.7348
3102568,-10.7343
3102925,-10.7338
3103282,-10.7332
3103639,-10.7327
3103997,-10.7322
3104354,-10.7317
3104712,-10.7312
3105069,-10.7307
3105427,-10.7301
3105784,-10.7296
3106142,-10.7291
3106499,-10.7286
3106857,-10.7281
3107215,-10.7275
3107572,-10.7270
3107930,-10.7265
3108288,-10.7260
3108646,-10.7254
3109004,-10.7249
3109362,-10.7244
3109720,-10.7239
3110078,-10.7233
3110436,-10.7228
3110794,-10.7223
3111152,-10.7217
3111510,-10.7212
3111869,-10.7207
3112227,-10.7202
3112585,-10.7196
3112944,-10.7191
3113302,-10.7185
3113660,-10.7180
3114019,-10.7175
3114378,-10.7169
3114736,-10.7164
3115095,-10.7159
3115453,-10.7153
3115812,-10.7148
3116171,-10.7142
3116530,-10.7137
3116888,-10.7132
3117247,-10.7126
3117606,-10.7121
3117965,-10.7115
3118324,-10.7110
3118683,-10.7104
3119042,-10.7099
3119401,-10.7093
3119760,-10.7088
3120120,-10.7082
3120479,-10.7077
3120838,-10.7071
3121198,-10.7066
3121557,-10.7060
3121916,-10.7055
3122276,-10.7049
3122635,-10.7044
3122995,-10.7038
3123354,-10.7032
3123714,-10.7027
3124074,-10.7021
3124433,-10.7016
3124793,-10.7010
3125153,-10.7005
3125513,-10.6999
3125872,-10.6993
3126232,-10.6988
3126592,-10.6982
3126952,-10.6976
3127312,-10.6971
3127672,-10.6965
3128032,-10.6959
3128393,-10.6954
3128753,-10.6948
3129113,-10.6942
3129473,-10.6937
3129834,-10.6931
3130194,-10.6925
3130554,-10.6919
3130915,-10.6914
3131275,-10.6908
3131636,-10.6902
3131996,-10.6897
3132357,-10.6891
3132718,-10.6885
3133078,-10.6879
3133439,-10.6873
3133800,-10.6868
3134161,-10.6862
3134522,-10.6856
3134882,-10.6850
3135243,-10.6844
3135604,-10.6839
3135965,-10.6833
3136326,-10.6827
3136688,-10.6821
3137049,-10.6815
3137410,-10.6809
3137771,-10.6803
3138132,-10.6798
3138494,-10.6792
3138855,-10.6786
3139216,-10.6780
3139578,-10.6774
3139939,-10.6768
3140301,-10.6762
3140662,-10.6756
3141024,-10.6750
3141386,-10.6744
3141747,-10.6738
3142109,-10.6732
3142471,-10.6726
3142833,-10.6720
3143194,-10.6714
3143556,-10.6708
3143918,-10.6702
3144280,-10.6696
3144642,-10.6690
3145004,-10.6684
3145366,-10.6678
3145729,-10.6672
3146091,-10.6666
3146453,-10.6660
3146815,-10.6654
3147178,-10.6648
3147540,-10.6642
3147902,-10.6636
3148265,-10.6630
3148627,-10.6624
3148990,-10.6618
3149352,-10.6611
3149715,-10.6605
3150078,-10.6599
3150440,-10.6593
3150803,-10.6587
3151166,-10.6581
3151529,-10.6575
3151891,-10.6568
3152254,-10.6562
3152617,-10.6556
3152980,-10.6550
3153343,-10.6544
3153706,-10.6538
3154069,-10.6531
3154433,-10.6525
3154796,-10.6519
3155159,-10.6513
3155522,-10.6506
3155886,-10.6500
3156249,-10.6494
3156612,-10.6488
3156976,-10.6481
3157339,-10.6475
3157703,-10.6469
3158066,-10.6462
3158430,-10.6456
3158794,-10.6450
3159157,-10.6444
3159521,-10.6437
3159885,-10.6431
3160249,-10.6425
3160613,-10.6418
3160976,-10.6412
3161340,-10.6405
3161704,-10.6399
3162068,-10.6393
3162432,-10.6386
3162797,-10.6380
3163161,-10.6374
3163525,-10.6367
3163889,-10.6361
3164253,-10.6354
3164618,-10.6348
3164982,-10.6341
3165346,-10.6335
3165711,-10.6328
3166075,-10.6322
3166440,-10.6316
3166805,-10.6309
3167169,-10.6303
3167534,-10.6296
3167898,-10.6290
3168263,-10.6283
3168628,-10.6277
3168993,-10.6270
3169358,-10.6264
3169723,-10.6257
3170088,-10.6250
3170453,-10.6244
3170818,-10.6237
3171183,-10.6231
3171548,-10.6224
3171913,-10.6218
3172278,-10.6211
3172643,-10.6204
3173009,-10.6198
3173374,-10.6191
3173739,-10.6185
3174105,-10.6178
3174470,-10.6171
3174836,-10.6165
3175201,-10.6158
3175567,-10.6151
3175932,-10.6145
3176298,-10.6138
3176664,-10.6131
3177030,-10.6125
3177395,-10.6118
3177761,-10.6111
3178127,-10.6105
3178493,-10.6098
3178859,-10.6091
3179225,-10.6084
3179591,-10.6078
3179957,-10.6071
3180323,-10.6064
3180689,-10.6057
3181056,-10.6051
3181422,-10.6044
3181788,-10.6037
3182154,-10.6030
3182521,-10.6024
3182887,-10.6017
3183254,-10.6010
3183620,-10.6003
3183987,-10.5996
3184353,-10.5989
3184720,-10.5983
3185087,-10.5976
3185453,-10.5969
3185820,-10.5962
3186187,-10.5955
3186554,-10.5948
3186921,-10.5941
3187288,-10.5935
3187655,-10.5928
3188022,-10.5921
3188389,-10.5914
3188756,-10.5907
3189123,-10.5900
3189490,-10.5893
3189857,-10.5886
3190225,-10.5879
3190592,-10.5872
3190959,-10.5865
3191327,-10.5858
3191694,-10.5851
3192062,-10.5844
3192429,-10.5837
3192797,-10.5830
3193164,-10.5823
3193532,-10.5816
3193900,-10.5809
3194267,-10.5802
3194635,-10.5795
3195003,-10.5788
3195371,-10.5781
3195739,-10.5774
3196107,-10.5767
3196475,-10.5760
3196843,-10.5753
3197211,-10.5746
3197579,-10.5739
3197947,-10.5731
3198315,-10.5724
3198683,-10.5717
3199052,-10.5710
3199420,-10.5703
3199788,-10.5696
3200157,-10.5689
3200525,-10.5681
3200894,-10.5674
3201262,-10.5667
3201631,-10.5660
3201999,-10.5653
3202368,-10.5646
3202737,-10.5638
3203106,-10.5631
3203474,-10.5624
3203843,-10.5617
3204212,-10.5609
3204581,-10.5602
3204950,-10.5595
3205319,-10.5588
3205688,-10.5580
3206057,-10.5573
3206426,-10.5566
3206795,-10.5559
3207165,-10.5551
3207534,-10.5544
3207903,-10.5537
3208273,-10.5529
3208642,-10.5522
3209011,-10.5515
3209381,-10.5507
3209750,-10.5500
3210120,-10.5493
3210490,-10.5485
3210859,-10.5478
3211229,-10.5471
3211599,-10.5463
3211968,-10.5456
3212338,-10.5449
3212708,-10.5441
3213078,-10.5434
3213448,-10.5426
3213818,-10.5419
3214188,-10.5411
3214558,-10.5404
3214928,-10.5397
3215298,-10.5389
3215668,-10.5382
3216039,-10.5374
3216409,-10.5367
3216779,-10.5359
3217150,-10.5352
3217520,-10.5344
3217890,-10.5337
3218261,-10.5329
3218631,-10.5322
3219002,-10.5314
3219373,-10.5307
3219743,-10.5299
3220114,-10.5292
3220485,-10.5284
3220856,-10.5276
3221226,-10.5269
3221597,-10.5261
3221968,-10.5254
3222339,-10.5246
3222710,-10.5239
3223081,-10.5231
3223452,-10.5223
3223823,-10.5216
3224195,-10.5208
3224566,-10.5200
3224937,-10.5193
3225308,-10.5185
3225680,-10.5177
3226051,-10.5170
3226423,-10.5162
3226794,-10.5154
3227166,-10.5147
3227537,-10.5139
3227909,-10.5131
3228280,-10.5124
3228652,-10.5116
3229024,-10.5108
3229396,-10.5101
3229767,-10.5093
3230139,-10.5085
3230511,-10.5077
3230883,-10.5070
3231255,-10.5062
3231627,-10.5054
3231999,-10.5046
3232371,-10.5038
3232744,-10.5031
3233116,-10.5023
3233488,-10.5015
3233860,-10.5007
3234233,-10.4999
3234605,-10.4992
3234977,-10.4984
3235350,-10.4976
3235722,-10.4968
3236095,-10.4960
3236468,-10.4952
3236840,-10.4944
3237213,-10.4937
3237586,-10.4929
3237958,-10.4921
3238331,-10.4913
3238704,-10.4905
3239077,-10.4897
3239450,-10.4889
3239823,-10.4881
3240196,-10.4873
3240569,-10.4865
3240942,-10.4857
3241315,-10.4849
3241688,-10.4841
3242062,-10.4833
3242435,-10.4825
3242808,-10.4818
3243182,-10.4810
3243555,-10.4802
3243928,-10.4793
3244302,-10.4785
3244675,-10.4777
3245049,-10.4769
3245423,-10.4761
3245796,-10.4753
3246170,-10.4745
3246544,-10.4737
3246918,-10.4729
3247291,-10.4721
3247665,-10.4713
3248039,-10.4705
3248413,-10.4697
3248787,-10.4689
3249161,-10.4681
3249535,-10.4672
3249909,-10.4664
3250284,-10.4656
3250658,-10.4648
3251032,-10.4640
3251406,-10.4632
3251781,-10.4624
3252155,-10.4615
3252530,-10.4607
3252904,-10.4599
3253279,-10.4591
3253653,-10.4583
3254028,-10.4574
3254402,-10.4566
3254777,-10.4558
3255152,-10.4550
3255527,-10.4542
3255901,-10.4533
3256276,-10.4525
3256651,-10.4517
3257026,-10.4509
3257401,-10.4500
3257776,-10.4492
3258151,-10.4484
3258526,-10.4475
3258902,-10.4467
3259277,-10.4459
3259652,-10.4451
3260027,-10.4442
3260403,-10.4434
3260778,-10.4426
3261154,-10.4417
3261529,-10.4409
3261905,-10.4401
3262280,-10.4392
3262656,-10.4384
3263031,-10.4375
3263407,-10.4367
3263783,-10.4359
3264159,-10.4350
3264534,-10.4342
3264910,-10.4333
3265286,-10.4325
3265662,-10.4317
3266038,-10.4308
3266414,-10.4300
3266790,-10.4291
3267166,-10.4283
3267543,-10.4274
3267919,-10.4266
3268295,-10.4257
3268671,-10.4249
3269048,-10.4240
3269424,-10.4232
3269800,-10.4223
3270177,-10.4215
3270553,-10.4206
3270930,-10.4198
3271307,-10.4189
3271683,-10.4181
3272060,-10.4172
3272437,-10.4164
3272813,-10.4155
3273190,-10.4147
3273567,-10.4138
3273944,-10.4129
3274321,-10.4121
3274698,-10.4112
3275075,-10.4104
3275452,-10.4095
3275829,-10.4086
3276206,-10.4078
3276584,-10.4069
3276961,-10.4060
3277338,-10.4052
3277715,-10.4043
3278093,-10.4034
3278470,-10.4026
3278848,-10.4017
3279225,-10.4008
3279603,-10.4000
3279980,-10.3991
3280358,-10.3982
3280736,-10.3974
3281114,-10.3965
3281491,-10.3956
3281869,-10.3947
3282247,-10.3939
3282625,-10.3930
3283003,-10.3921
3283381,-10.3912
3283759,-10.3904
3284137,-10.3895
3284515,-10.3886
3284893,-10.3877
3285271,-10.3868
3285650,-10.3860
3286028,-10.3851
3286406,-10.3842
3286785,-10.3833
3287163,-10.3824
3287542,-10.3816
3287920,-10.3807
3288299,-10.3798
3288677,-10.3789
3289056,-10.3780
3289435,-10.3771
3289813,-10.3762
3290192,-10.3753
3290571,-10.3745
3290950,-10.3736
3291329,-10.3727
3291708,-10.3718
3292087,-10.3709
3292466,-10.3700
3292845,-10.3691
3293224,-10.3682
3293603,-10.3673
3293982,-10.3664
3294362,-10.3655
3294741,-10.3646
3295120,-10.3637
3295500,-10.3628
3295879,-10.3619
3296258,-10.3610
3296638,-10.3601
3297018,-10.3592
3297397,-10.3583
3297777,-10.3574
3298156,-10.3565
3298536,-10.3556
3298916,-10.3547
3299296,-10.3538
3299676,-10.3529
3300056,-10.3520
3300436,-10.3511
3300816,-10.3502
3301196,-10.3493
3301576,-10.3483
3301956,-10.3474
3302336,-10.3465
3302716,-10.3456
3303096,-10.3447
3303477,-10.3438
3303857,-10.3429
3304237,-10.3420
3304618,-10.3410
3304998,-10.3401
3305379,-10.3392
3305760,-10.3383
3306140,-10.3374
3306521,-10.3364
3306901,-10.3355
3307282,-10.3346
3307663,-10.3337
3308044,-10.3328
3308425,-10.3318
3308806,-10.3309
3309187,-10.3300
3309568,-10.3291
3309949,-10.3281
3310330,-10.3272
3310711,-10.3263
3311092,-10.3254
3311473,-10.3244
3311855,-10.3235
3312236,-10.3226
3312617,-10.3216
3312999,-10.3207
3313380,-10.3198
3313762,-10.3188
3314143,-10.3179
3314525,-10.3170
3314906,-10.3160
3315288,-10.3151
3315670,-10.3142
3316051,-10.3132
3316433,-10.3123
3316815,-10.3113
3317197,-10.3104
3317579,-10.3095
3317961,-10.3085
3318343,-10.3076
3318725,-10.3066
3319107,-10.3057
3319489,-10.3048
3319871,-10.3038
3320254,-10.3029
3320636,-10.3019
3321018,-10.3010
3321401,-10.3000
3321783,-10.2991
3322165,-10.2981
3322548,-10.2972
3322930,-10.2962
3323313,-10.2953
3323696,-10.2943
3324078,-10.2934
3324461,-10.2924
3324844,-10.2915
3325227,-10.2905
3325610,-10.2896
3325992,-10.2886
3326375,-10.2877
3326758,-10.2867
3327141,-10.2857
3327524,-10.2848
3327908,-10.2838
3328291,-10.2829
3328674,-10.2819
3329057,-10.2809
3329440,-10.2800
3329824,-10.2790
3330207,-10.2781
3330591,-10.2771
3330974,-10.2761
3331358,-10.2752
3331741,-10.2742
3332125,-10.2732
3332508,-10.2723
3332892,-10.2713
3333276,-10.2703
3333660,-10.2694
3334043,-10.2684
3334427,-10.2674
3334811,-10.2664
3335195,-10.2655
3335579,-10.2645
3335963,-10.2635
3336347,-10.2625
3336731,-10.2616
3337116,-10.2606
3337500,-10.2596
3337884,-10.2586
3338268,-10.2577
3338653,-10.2567
3339037,-10.2557
3339422,-10.2547
3339806,-10.2537
3340191,-10.2528
3340575,-10.2518
3340960,-10.2508
3341345,-10.2498
3341729,-10.2488
3342114,-10.2478
3342499,-10.2469
3342884,-10.2459
3343268,-10.2449
3343653,-10.2439
3344038,-10.2429
3344423,-10.2419
3344808,-10.2409
3345194,-10.2399
3345579,-10.2389
3345964,-10.2380
3346349,-10.2370
3346734,-10.2360
3347120,-10.2350
3347505,-10.2340
3347891,-10.2330
3348276,-10.2320
3348662,-10.2310
3349047,-10.2300
3349433,-10.2290
3349818,-10.2280
3350204,-10.2270
3350590,-10.2260
3350976,-10.2250
3351361,-10.2240
3351747,-10.2230
3352133,-10.2220
3352519,-10.2210
3352905,-10.2200
3353291,-10.2190
3353677,-10.2180
3354063,-10.2170
3354449,-10.2160
3354836,-10.2149
3355222,-10.2139
3355608,-10.2129
3355995,-10.2119
3356381,-10.2109
3356767,-10.2099
3357154,-10.2089
3357540,-10.2079
3357927,-10.2069
3358314,-10.2058
3358700,-10.2048
3359087,-10.2038
3359474,-10.2028
3359861,-10.2018
3360247,-10.2008
3360634,-10.1997
3361021,-10.1987
3361408,-10.1977
3361795,-10.1967
3362182,-10.1957
3362569,-10.1946
3362957,-10.1936
3363344,-10.1926
3363731,-10.1916
3364118,-10.1905
3364506,-10.1895
3364893,-10.1885
3365280,-10.1875
3365668,-10.1864
3366055,-10.1854
3366443,-10.1844
3366831,-10.1833
3367218,-10.1823
3367606,-10.1813
3367994,-10.1803
3368381,-10.1792
3368769,-10.1782
3369157,-10.1772
3369545,-10.1761
3369933,-10.1751
3370321,-10.1740
3370709,-10.1730
3371097,-10.1720
3371485,-10.1709
3371873,-10.1699
3372262,-10.1689
3372650,-10.1678
3373038,-10.1668
3373427,-10.1657
3373815,-10.1647
3374203,-10.1637
3374592,-10.1626
3374980,-10.1616
3375369,-10.1605
3375758,-10.1595
3376146,-10.1584
3376535,-10.1574
3376924,-10.1563
3377313,-10.1553
3377701,-10.1542
3378090,-10.1532
3378479,-10.1521
3378868,-10.1511
3379257,-10.1500
3379646,-10.1490
3380035,-10.1479
3380425,-10.1469
3380814,-10.1458
3381203,-10.1448
3381592,-10.1437
3381982,-10.1426
3382371,-10.1416
3382761,-10.1405
3383150,-10.1395
3383540,-10.1384
3383929,-10.1374
3384319,-10.1363
3384708,-10.1352
3385098,-10.1342
3385488,-10.1331
3385878,-10.1320
3386267,-10.1310
3386657,-10.1299
3387047,-10.1288
3387437,-10.1278
3387827,-10.1267
3388217,-10.1256
3388607,-10.1246
3388998,-10.1235
3389388,-10.1224
3389778,-10.1214
3390168,-10.1203
3390559,-10.1192
3390949,-10.1181
3391339,-10.1171
3391730,-10.1160
3392120,-10.1149
3392511,-10.1138
3392902,-10.1128
3393292,-10.1117
3393683,-10.1106
3394074,-10.1095
3394464,-10.1085
3394855,-10.1074
3395246,-10.1063
3395637,-10.1052
3396028,-10.1041
3396419,-10.1031
3396810,-10.1020
3397201,-10.1009
3397592,-10.0998
3397983,-10.0987
3398375,-10.0976
3398766,-10.0965
3399157,-10.0955
3399549,-10.0944
3399940,-10.0933
3400331,-10.0922
3400723,-10.0911
3401115,-10.0900
3401506,-10.0889
3401898,-10.0878
3402289,-10.0867
3402681,-10.0856
3403073,-10.0845
3403465,-10.0834
3403857,-10.0824
3404248,-10.0813
3404640,-10.0802
3405032,-10.0791
3405424,-10.0780
3405817,-10.0769
3406209,-10.0758
3406601,-10.0747
3406993,-10.0736
3407385,-10.0725
3407778,-10.0714
3408170,-10.0703
3408562,-10.0691
3408955,-10.0680
3409347,-10.0669
3409740,-10.0658
3410133,-10.0647
3410525,-10.0636
3410918,-10.0625
3411311,-10.0614
3411703,-10.0603
3412096,-10.0592
3412489,-10.0581
3412882,-10.0570
3413275,-10.0558
3413668,-10.0547
3414061,-10.0536
3414454,-10.0525
3414847,-10.0514
3415240,-10.0503
3415633,-10.0492
3416027,-10.0480
3416420,-10.0469
3416813,-10.0458
3417207,-10.0447
3417600,-10.0436
3417994,-10.0424
3418387,-10.0413
3418781,-10.0402
3419174,-10.0391
3419568,-10.0380
3419962,-10.0368
3420356,-10.0357
3420749,-10.0346
3421143,-10.0335
3421537,-10.0323
3421931,-10.0312
3422325,-10.0301
3422719,-10.0289
3423113,-10.0278
3423507,-10.0267
3423901,-10.0256
3424296,-10.0244
3424690,-10.0233
3425084,-10.0222
3425479,-10.0210
3425873,-10.0199
3426267,-10.0187
3426662,-10.0176
3427056,-10.0165
3427451,-10.0153
3427846,-10.0142
3428240,-10.0131
3428635,-10.0119
3429030,-10.0108
3429425,-10.0096
3429819,-10.0085
3430214,-10.0074
3430609,-10.0062
3431004,-10.0051
3431399,-10.0039
3431794,-10.0028
3432189,-10.0016
3432585,-10.0005
3432980,-9.9993
3433375,-9.9982
3433770,-9.9970
3434166,-9.9959
3434561,-9.9948
3434957,-9.9936
3435352,-9.9924
3435748,-9.9913
3436143,-9.9901
3436539,-9.9890
3436934,-9.9878
3437330,-9.9867
3437726,-9.9855
3438122,-9.9844
3438518,-9.9832
3438914,-9.9821
3439309,-9.9809
3439705,-9.9797
3440101,-9.9786
3440498,-9.9774
3440894,-9.9763
3441290,-9.9751
3441686,-9.9739
3442082,-9.9728
3442479,-9.9716
3442875,-9.9704
3443271,-9.9693
3443668,-9.9681
3444064,-9.9669
3444461,-9.9658
3444857,-9.9646
3445254,-9.9634
3445651,-9.9623
3446047,-9.9611
3446444,-9.9599
3446841,-9.9588
3447238,-9.9576
3447635,-9.9564
3448032,-9.9552
3448429,-9.9541
3448826,-9.9529
3449223,-9.9517
3449620,-9.9505
3450017,-9.9494
3450414,-9.9482
3450812,-9.9470
3451209,-9.9458
3451606,-9.9447
3452004,-9.9435
3452401,-9.9423
3452799,-9.9411
3453196,-9.9399
3453594,-9.9388
3453991,-9.9376
3454389,-9.9364
3454787,-9.9352
3455185,-9.9340
3455582,-9.9328
3455980,-9.9316
3456378,-9.9305
3456776,-9.9293
3457174,-9.9281
3457572,-9.9269
3457970,-9.9257
3458368,-9.9245
3458767,-9.9233
3459165,-9.9221
3459563,-9.9209
3459961,-9.9197
3460360,-9.9185
3460758,-9.9173
3461157,-9.9161
3461555,-9.9149
3461954,-9.9138
3462352,-9.9126
3462751,-9.9114
3463150,-9.9102
3463548,-9.9090
3463947,-9.9078
3464346,-9.9066
3464745,-9.9054
3465144,-9.9041
3465543,-9.9029
3465942,-9.9017
3466341,-9.9005
3466740,-9.8993
3467139,-9.8981
3467538,-9.8969
3467937,-9.8957
3468337,-9.8945
3468736,-9.8933
3469135,-9.8921
3469535,-9.8909
3469934,-9.8897
3470334,-9.8884
3470733,-9.8872
3471133,-9.8860
3471533,-9.8848
3471932,-9.8836
3472332,-9.8824
3472732,-9.8812
3473132,-9.8799
3473532,-9.8787
3473932,-9.8775
3474332,-9.8763
3474732,-9.8751
3475132,-9.8739
3475532,-9.8726
3475932,-9.8714
3476332,-9.8702
3476732,-9.8690
3477133,-9.8677
3477533,-9.8665
3477933,-9.8653
3478334,-9.8641
3478734,-9.8628
3479135,-9.8616
3479535,-9.8604
3479936,-9.8592
3480337,-9.8579
3480737,-9.8567
3481138,-9.8555
3481539,-9.8542
3481940,-9.8530
3482341,-9.8518
3482742,-9.8505
3483143,-9.8493
3483544,-9.8481
3483945,-9.8468
3484346,-9.8456
3484747,-9.8444
3485148,-9.8431
3485549,-9.8419
3485951,-9.8406
3486352,-9.8394
3486754,-9.8382
3487155,-9.8369
3487557,-9.8357
3487958,-9.8344
3488360,-9.8332
3488761,-9.8320
3489163,-9.8307
3489565,-9.8295
3489966,-9.8282
3490368,-9.8270
3490770,-9.8257
3491172,-9.8245
3491574,-9.8232
3491976,-9.8220
3492378,-9.8207
3492780,-9.8195
3493182,-9.8182
3493585,-9.8170
3493987,-9.8157
3494389,-9.8145
3494791,-9.8132
3495194,-9.8120
3495596,-9.8107
3495999,-9.8095
3496401,-9.8082
3496804,-9.8069
3497206,-9.8057
3497609,-9.8044
3498012,-9.8032
3498414,-9.8019
3498817,-9.8006
3499220,-9.7994
3499623,-9.7981
3500026,-9.7969
3500429,-9.7956
3500832,-9.7943
3501235,-9.7931
3501638,-9.7918
3502041,-9.7905
3502444,-9.7893
3502848,-9.7880
3503251,-9.7867
3503654,-9.7855
3504058,-9.7842
3504461,-9.7829
3504865,-9.7817
3505268,-9.7804
3505672,-9.7791
3506075,-9.7778
3506479,-9.7766
3506883,-9.7753
3507287,-9.7740
3507690,-9.7727
3508094,-9.7715
3508498,-9.7702
3508902,-9.7689
3509306,-9.7676
3509710,-9.7663
3510114,-9.7651
3510518,-9.7638
3510923,-9.7625
3511327,-9.7612
3511731,-9.7599
3512135,-9.7587
3512540,-9.7574
3512944,-9.7561
3513349,-9.7548
3513753,-9.7535
3514158,-9.7522
3514562,-9.7509
3514967,-9.7496
3515372,-9.7484
3515776,-9.7471
3516181,-9.7458
3516586,-9.7445
3516991,-9.7432
3517396,-9.7419
3517801,-9.7406
3518206,-9.7393
3518611,-9.7380
3519016,-9.7367
3519421,-9.7354
3519826,-9.7341
3520232,-9.7328
3520637,-9.7315
3521042,-9.7302
3521448,-9.7289
3521853,-9.7276
3522259,-9.7263
3522664,-9.7250
3523070,-9.7237
3523475,-9.7224
3523881,-9.7211
3524287,-9.7198
3524693,-9.7185
3525098,-9.7172
3525504,-9.7159
3525910,-9.7146
3526316,-9.7133
3526722,-9.7120
3527128,-9.7107
3527534,-9.7094
3527941,-9.7081
3528347,-9.7067
3528753,-9.7054
3529159,-9.7041
3529566,-9.7028
3529972,-9.7015
3530378,-9.7002
3530785,-9.6989
3531191,-9.6975
3531598,-9.6962
3532005,-9.6949
3532411,-9.6936
3532818,-9.6923
3533225,-9.6910
3533631,-9.6896
3534038,-9.6883
3534445,-9.6870
3534852,-9.6857
3535259,-9.6844
3535666,-9.6830
3536073,-9.6817
3536480,-9.6804
3536888,-9.6791
3537295,-9.6777
3537702,-9.6764
3538109,-9.6751
3538517,-9.6737
3538924,-9.6724
3539332,-9.6711
3539739,-9.6698
3540147,-9.6684
3540554,-9.6671
3540962,-9.6658
3541370,-9.6644
3541777,-9.6631
3542185,-9.6618
3542593,-9.6604
3543001,-9.6591
3543409,-9.6578
3543817,-9.6564
3544225,-9.6551
3544633,-9.6537
3545041,-9.6524
3545449,-9.6511
3545857,-9.6497
3546266,-9.6484
3546674,-9.6470
3547082,-9.6457
3547491,-9.6443
3547899,-9.6430
3548308,-9.6417
3548716,-9.6403
3549125,-9.6390
3549533,-9.6376
3549942,-9.6363
3550351,-9.6349
3550759,-9.6336
3551168,-9.6322
3551577,-9.6309
3551986,-9.6295
3552395,-9.6282
3552804,-9.6268
3553213,-9.6255
3553622,-9.6241
3554031,-9.6228
3554441,-9.6214
3554850,-9.6200
3555259,-9.6187
3555668,-9.6173
3556078,-9.6160
3556487,-9.6146
3556897,-9.6133
3557306,-9.6119
3557716,-9.6105
3558125,-9.6092
3558535,-9.6078
3558945,-9.6064
3559355,-9.6051
3559764,-9.6037
3560174,-9.6024
3560584,-9.6010
3560994,-9.5996
3561404,-9.5983
3561814,-9.5969
3562224,-9.5955
3562634,-9.5941
3563045,-9.5928
3563455,-9.5914
3563865,-9.5900
3564275,-9.5887
3564686,-9.5873
3565096,-9.5859
3565507,-9.5845
3565917,-9.5832
3566328,-9.5818
3566738,-9.5804
3567149,-9.5790
3567560,-9.5777
3567970,-9.5763
3568381,-9.5749
3568792,-9.5735
3569203,-9.5721
3569614,-9.5708
3570025,-9.5694
3570436,-9.5680
3570847,-9.5666
3571258,-9.5652
3571669,-9.5639
3572081,-9.5625
3572492,-9.5611
3572903,-9.5597
3573315,-9.5583
3573726,-9.5569
3574137,-9.5555
3574549,-9.5541
3574961,-9.5528
3575372,-9.5514
3575784,-9.5500
3576196,-9.5486
3576607,-9.5472
3577019,-9.5458
3577431,-9.5444
3577843,-9.5430
3578255,-9.5416
3578667,-9.5402
3579079,-9.5388
3579491,-9.5374
3579903,-9.5360
3580315,-9.5346
3580727,-9.5332
3581140,-9.5318
3581552,-9.5304
3581964,-9.5290
3582377,-9.5276
3582789,-9.5262
3583202,-9.5248
3583614,-9.5234
3584027,-9.5220
3584440,-9.5206
3584852,-9.5192
3585265,-9.5178
3585678,-9.5164
3586091,-9.5150
3586503,-9.5136
3586916,-9.5121
3587329,-9.5107
3587742,-9.5093
3588155,-9.5079
3588569,-9.5065
3588982,-9.5051
3589395,-9.5037
3589808,-9.5023
3590222,-9.5008
3590635,-9.4994
3591048,-9.4980
3591462,-9.4966
3591875,-9.4952
3592289,-9.4938
3592702,-9.4923
3593116,-9.4909
3593530,-9.4895
3593944,-9.4881
3594357,-9.4866
3594771,-9.4852
3595185,-9.4838
3595599,-9.4824
3596013,-9.4809
3596427,-9.4795
3596841,-9.4781
3597255,-9.4767
3597669,-9.4752
3598084,-9.4738
3598498,-9.4724
3598912,-9.4710
3599327,-9.4695
3599741,-9.4681
3600155,-9.4667
3600570,-9.4652
3600985,-9.4638
3601399,-9.4624
3601814,-9.4609
3602228,-9.4595
3602643,-9.4581
3603058,-9.4566
3603473,-9.4552
3603888,-9.4537
3604303,-9.4523
3604718,-9.4509
3605133,-9.4494
3605548,-9.4480
3605963,-9.4465
3606378,-9.4451
3606793,-9.4436
3607209,-9.4422
3607624,-9.4408
3608039,-9.4393
3608455,-9.4379
3608870,-9.4364
3609286,-9.4350
3609701,-9.4335
3610117,-9.4321
3610532,-9.4306
3610948,-9.4292
3611364,-9.4277
3611780,-9.4263
3612196,-9.4248
3612611,-9.4234
3613027,-9.4219
3613443,-9.4205
3613859,-9.4190
3614276,-9.4175
3614692,-9.4161
3615108,-9.4146
3615524,-9.4132
3615940,-9.4117
3616357,-9.4103
3616773,-9.4088
3617189,-9.4073
3617606,-9.4059
3618022,-9.4044
3618439,-9.4030
3618856,-9.4015
3619272,-9.4000
3619689,-9.3986
3620106,-9.3971
3620523,-9.3956
3620939,-9.3942
3621356,-9.3927
3621773,-9.3912
3622190,-9.3898
3622607,-9.3883
3623024,-9.3868
3623442,-9.3853
3623859,-9.3839
3624276,-9.3824
3624693,-9.3809
3625111,-9.3795
3625528,-9.3780
3625945,-9.3765
3626363,-9.3750
3626780,-9.3735
3627198,-9.3721
3627616,-9.3706
3628033,-9.3691
3628451,-9.3676
3628869,-9.3662
3629287,-9.3647
3629704,-9.3632
3630122,-9.3617
3630540,-9.3602
3630958,-9.3587
3631376,-9.3573
3631794,-9.3558
3632213,-9.3543
3632631,-9.3528
3633049,-9.3513
3633467,-9.3498
3633886,-9.3483
3634304,-9.3468
3634722,-9.3454
3635141,-9.3439
3635559,-9.3424
3635978,-9.3409
3636397,-9.3394
3636815,-9.3379
3637234,-9.3364
3637653,-9.3349
3638072,-9.3334
3638491,-9.3319
3638909,-9.3304
3639328,-9.3289
3639747,-9.3274
3640167,-9.3259
3640586,-9.3244
3641005,-9.3229
3641424,-9.3214
3641843,-9.3199
3642263,-9.3184
3642682,-9.3169
3643101,-9.3154
3643521,-9.3139
3643940,-9.3124
3644360,-9.3109
3644779,-9.3094
3645199,-9.3079
3645619,-9.3064
3646039,-9.3049
3646458,-9.3034
3646878,-9.3018
3647298,-9.3003
3647718,-9.2988
3648138,-9.2973
3648558,-9.2958
3648978,-9.2943
3649398,-9.2928
3649818,-9.2913
3650239,-9.2897
3650659,-9.2882
3651079,-9.2867
3651500,-9.2852
3651920,-9.2837
3652340,-9.2821
3652761,-9.2806
3653182,-9.2791
3653602,-9.2776
3654023,-9.2761
3654444,-9.2745
3654864,-9.2730
3655285,-9.2715
3655706,-9.2700
3656127,-9.2684
3656548,-9.2669
3656969,-9.2654
3657390,-9.2639
3657811,-9.2623
3658232,-9.2608
3658653,-9.2593
3659075,-9.2577
3659496,-9.2562
3659917,-9.2547
3660339,-9.2531
3660760,-9.2516
3661181,-9.2501
3661603,-9.2485
3662025,-9.2470
3662446,-9.2455
3662868,-9.2439
3663290,-9.2424
3663711,-9.2409
3664133,-9.2393
3664555,-9.2378
3664977,-9.2362
3665399,-9.2347
3665821,-9.2332
3666243,-9.2316
3666665,-9.2301
3667087,-9.2285
3667510,-9.2270
3667932,-9.2254
3668354,-9.2239
3668776,-9.2223
3669199,-9.2208
3669621,-9.2192
3670044,-9.2177
3670466,-9.2161
3670889,-9.2146
3671312,-9.2130
3671734,-9.2115
3672157,-9.2099
3672580,-9.2084
3673003,-9.2068
3673426,-9.2053
3673849,-9.2037
3674272,-9.2022
3674695,-9.2006
3675118,-9.1991
3675541,-9.1975
3675964,-9.1959
3676387,-9.1944
3676811,-9.1928
3677234,-9.1913
3677657,-9.1897
3678081,-9.1881
3678504,-9.1866
3678928,-9.1850
3679351,-9.1834
3679775,-9.1819
3680199,-9.1803
3680622,-9.1787
3681046,-9.1772
3681470,-9.1756
3681894,-9.1740
3682318,-9.1725
3682742,-9.1709
3683166,-9.1693
3683590,-9.1678
3684014,-9.1662
3684438,-9.1646
3684862,-9.1630
3685286,-9.1615
3685711,-9.1599
3686135,-9.1583
3686560,-9.1567
3686984,-9.1552
3687409,-9.1536
3687833,-9.1520
3688258,-9.1504
3688682,-9.1488
3689107,-9.1473
3689532,-9.1457
3689957,-9.1441
3690381,-9.1425
3690806,-9.1409
3691231,-9.1394
3691656,-9.1378
3692081,-9.1362
3692506,-9.1346
3692932,-9.1330
3693357,-9.1314
3693782,-9.1298
3694207,-9.1282
3694633,-9.1267
3695058,-9.1251
3695483,-9.1235
3695909,-9.1219
3696334,-9.1203
3696760,-9.1187
3697186,-9.1171
3697611,-9.1155
3698037,-9.1139
3698463,-9.1123
3698889,-9.1107
3699314,-9.1091
3699740,-9.1075
3700166,-9.1059
3700592,-9.1043
3701018,-9.1027
3701445,-9.1011
3701871,-9.0995
3702297,-9.0979
3702723,-9.0963
3703150,-9.0947
3703576,-9.0931
3704002,-9.0915
3704429,-9.0899
3704855,-9.0883
3705282,-9.0867
3705709,-9.0851
3706135,-9.0835
3706562,-9.0818
3706989,-9.0802
3707415,-9.0786
3707842,-9.0770
3708269,-9.0754
3708696,-9.0738
3709123,-9.0722
3709550,-9.0706
3709977,-9.0689
3710404,-9.0673
3710832,-9.0657
3711259,-9.0641
3711686,-9.0625
3712114,-9.0609
3712541,-9.0592
3712968,-9.0576
3713396,-9.0560
3713823,-9.0544
3714251,-9.0528
3714679,-9.0511
3715106,-9.0495
3715534,-9.0479
3715962,-9.0463
3716390,-9.0446
3716818,-9.0430
3717246,-9.0414
3717674,-9.0397
3718102,-9.0381
3718530,-9.0365
3718958,-9.0349
3719386,-9.0332
3719814,-9.0316
3720243,-9.0300
3720671,-9.0283
3721099,-9.0267
3721528,-9.0251
3721956,-9.0234
3722385,-9.0218
3722813,-9.0202
3723242,-9.0185
3723671,-9.0169
3724099,-9.0152
3724528,-9.0136
3724957,-9.0120
3725386,-9.0103
3725815,-9.0087
3726244,-9.0070
3726673,-9.0054
3727102,-9.0037
3727531,-9.0021
3727960,-9.0005
3728389,-8.9988
3728819,-8.9972
3729248,-8.9955
3729677,-8.9939
3730107,-8.9922
3730536,-8.9906
3730966,-8.9889
3731395,-8.9873
3731825,-8.9856
3732255,-8.9840
3732684,-8.9823
3733114,-8.9807
3733544,-8.9790
3733974,-8.9773
3734404,-8.9757
3734834,-8.9740
3735264,-8.9724
3735694,-8.9707
3736124,-8.9691
3736554,-8.9674
3736984,-8.9657
3737414,-8.9641
3737845,-8.9624
3738275,-8.9608
3738705,-8.9591
3739136,-8.9574
3739566,-8.9558
3739997,-8.9541
3740428,-8.9524
3740858,-8.9508
3741289,-8.9491
3741720,-8.9474
3742151,-8.9458
3742581,-8.9441
3743012,-8.9424
3743443,-8.9407
3743874,-8.9391
3744305,-8.9374
3744736,-8.9357
3745168,-8.9341
3745599,-8.9324
3746030,-8.9307
3746461,-8.9290
3746893,-8.9274
3747324,-8.9257
3747756,-8.9240
3748187,-8.9223
3748619,-8.9206
3749050,-8.9190
3749482,-8.9173
3749914,-8.9156
3750345,-8.9139
3750777,-8.9122
3751209,-8.9105
3751641,-8.9089
3752073,-8.9072
3752505,-8.9055
3752937,-8.9038
3753369,-8.9021
3753801,-8.9004
3754233,-8.8987
3754666,-8.8970
3755098,-8.8954
3755530,-8.8937
3755963,-8.8920
3756395,-8.8903
3756828,-8.8886
3757260,-8.8869
3757693,-8.8852
3758125,-8.8835
3758558,-8.8818
3758991,-8.8801
3759424,-8.8784
3759856,-8.8767
3760289,-8.8750
3760722,-8.8733
3761155,-8.8716
3761588,-8.8699
3762021,-8.8682
3762454,-8.8665
3762888,-8.8648
3763321,-8.8631
3763754,-8.8614
3764188,-8.8597
3764621,-8.8580
3765054,-8.8563
3765488,-8.8546
3765921,-8.8529
3766355,-8.8511
3766789,-8.8494
3767222,-8.8477
3767656,-8.8460
3768090,-8.8443
3768524,-8.8426
3768958,-8.8409
3769392,-8.8392
3769826,-8.8374
3770260,-8.8357
3770694,-8.8340
3771128,-8.8323
3771562,-8.8306
3771996,-8.8289
3772431,-8.8271
3772865,-8.8254
3773299,-8.8237
3773734,-8.8220
3774168,-8.8203
3774603,-8.8185
3775037,-8.8168
3775472,-8.8151
3775907,-8.8134
3776341,-8.8116
3776776,-8.8099
3777211,-8.8082
3777646,-8.8065
3778081,-8.8047
3778516,-8.8030
3778951,-8.8013
3779386,-8.7995
3779821,-8.7978
3780256,-8.7961
3780692,-8.7943
3781127,-8.7926
3781562,-8.7909
3781998,-8.7891
3782433,-8.7874
3782869,-8.7857
3783304,-8.7839
3783740,-8.7822
3784175,-8.7804
3784611,-8.7787
3785047,-8.7770
3785483,-8.7752
3785918,-8.7735
3786354,-8.7717
3786790,-8.7700
3787226,-8.7682
3787662,-8.7665
3788098,-8.7648
3788535,-8.7630
3788971,-8.7613
3789407,-8.7595
3789843,-8.7578
3790280,-8.7560
3790716,-8.7543
3791153,-8.7525
3791589,-8.7508
3792026,-8.7490
3792462,-8.7473
3792899,-8.7455
3793335,-8.7438
3793772,-8.7420
3794209,-8.7402
3794646,-8.7385
3795083,-8.7367
3795520,-8.7350
3795957,-8.7332
3796394,-8.7315
3796831,-8.7297
3797268,-8.7279
3797705,-8.7262
3798143,-8.7244
3798580,-8.7226
3799017,-8.7209
3799455,-8.7191
3799892,-8.7174
3800330,-8.7156
3800767,-8.7138
3801205,-8.7121
3801642,-8.7103
3802080,-8.7085
3802518,-8.7067
3802956,-8.7050
3803393,-8.7032
3803831,-8.7014
3804269,-8.6997
3804707,-8.6979
3805145,-8.6961
3805583,-8.6943
3806022,-8.6926
3806460,-8.6908
3806898,-8.6890
3807336,-8.6872
3807775,-8.6854
3808213,-8.6837
3808652,-8.6819
3809090,-8.6801
3809529,-8.6783
3809967,-8.6765
3810406,-8.6748
3810845,-8.6730
3811284,-8.6712
3811722,-8.6694
3812161,-8.6676
3812600,-8.6658
3813039,-8.6641
3813478,-8.6623
3813917,-8.6605
3814356,-8.6587
3814795,-8.6569
3815235,-8.6551
3815674,-8.6533
3816113,-8.6515
3816553,-8.6497
3816992,-8.6479
3817432,-8.6461
3817871,-8.6443
3818311,-8.6425
3818750,-8.6407
3819190,-8.6390
3819630,-8.6372
3820069,-8.6354
3820509,-8.6336
3820949,-8.6318
3821389,-8.6300
3821829,-8.6281
3822269,-8.6263
3822709,-8.6245
3823149,-8.6227
3823589,-8.6209
3824030,-8.6191
3824470,-8.6173
3824910,-8.6155
3825351,-8.6137
3825791,-8.6119
3826232,-8.6101
3826672,-8.6083
3827113,-8.6065
3827553,-8.6047
3827994,-8.6028
3828435,-8.6010
3828876,-8.5992
3829316,-8.5974
3829757,-8.5956
3830198,-8.5938
3830639,-8.5920
3831080,-8.5901
3831521,-8.5883
3831963,-8.5865
3832404,-8.5847
3832845,-8.5829
3833286,-8.5810
3833728,-8.5792
3834169,-8.5774
3834610,-8.5756
3835052,-8.5737
3835494,-8.5719
3835935,-8.5701
3836377,-8.5683
3836818,-8.5664
3837260,-8.5646
3837702,-8.5628
3838144,-8.5610
3838586,-8.5591
3839028,-8.5573
3839470,-8.5555
3839912,-8.5536
3840354,-8.5518
3840796,-8.5500
3841238,-8.5481
3841681,-8.5463
3842123,-8.5445
3842565,-8.5426
3843008,-8.5408
3843450,-8.5389
3843893,-8.5371
3844335,-8.5353
3844778,-8.5334
3845221,-8.5316
3845663,-8.5297
3846106,-8.5279
3846549,-8.5261
3846992,-8.5242
3847435,-8.5224
3847878,-8.5205
3848321,-8.5187
3848764,-8.5168
3849207,-8.5150
3849650,-8.5131
3850093,-8.5113
3850537,-8.5094
3850980,-8.5076
3851423,-8.5057
3851867,-8.5039
3852310,-8.5020
3852754,-8.5002
3853197,-8.4983
3853641,-8.4965
3854085,-8.4946
3854528,-8.4927
3854972,-8.4909
3855416,-8.4890
3855860,-8.4872
3856304,-8.4853
3856748,-8.4834
3857192,-8.4816
3857636,-8.4797
3858080,-8.4779
3858524,-8.4760
3858969,-8.4741
3859413,-8.4723
3859857,-8.4704
3860302,-8.4685
3860746,-8.4667
3861191,-8.4648
3861635,-8.4629
3862080,-8.4611
3862525,-8.4592
3862969,-8.4573
3863414,-8.4554
3863859,-8.4536
3864304,-8.4517
3864749,-8.4498
3865194,-8.4479
3865639,-8.4461
3866084,-8.4442
3866529,-8.4423
3866974,-8.4404
3867419,-8.4386
3867865,-8.4367
3868310,-8.4348
3868755,-8.4329
3869201,-8.4310
3869646,-8.4292
3870092,-8.4273
3870537,-8.4254
3870983,-8.4235
3871429,-8.4216
3871874,-8.4197
3872320,-8.4178
3872766,-8.4160
3873212,-8.4141
3873658,-8.4122
3874104,-8.4103
3874550,-8.4084
3874996,-8.4065
3875442,-8.4046
3875888,-8.4027
3876335,-8.4008
3876781,-8.3989
3877227,-8.3970
3877674,-8.3951
3878120,-8.3932
3878567,-8.3913
3879013,-8.3894
3879460,-8.3876
3879906,-8.3857
3880353,-8.3837
3880800,-8.3818
3881247,-8.3799
3881694,-8.3780
3882141,-8.3761
3882588,-8.3742
3883035,-8.3723
3883482,-8.3704
3883929,-8.3685
3884376,-8.3666
3884823,-8.3647
3885270,-8.3628
3885718,-8.3609
3886165,-8.3590
3886613,-8.3571
3887060,-8.3551
3887508,-8.3532
3887955,-8.3513
3888403,-8.3494
3888851,-8.3475
3889298,-8.3456
3889746,-8.3437
3890194,-8.3417
3890642,-8.3398
3891090,-8.3379
3891538,-8.3360
3891986,-8.3341
3892434,-8.3321
3892882,-8.3302
3893330,-8.3283
3893779,-8.3264
3894227,-8.3245
3894675,-8.3225
3895124,-8.3206
3895572,-8.3187
3896021,-8.3167
3896469,-8.3148
3896918,-8.3129
3897367,-8.3110
3897815,-8.3090
3898264,-8.3071
3898713,-8.3052
3899162,-8.3032
3899611,-8.3013
3900060,-8.2994
3900509,-8.2974
3900958,-8.2955
3901407,-8.2936
3901856,-8.2916
3902305,-8.2897
3902755,-8.2878
3903204,-8.2858
3903653,-8.2839
3904103,-8.2819
3904552,-8.2800
3905002,-8.2780
3905452,-8.2761
3905901,-8.2742
3906351,-8.2722
3906801,-8.2703
3907250,-8.2683
3907700,-8.2664
3908150,-8.2644
3908600,-8.2625
3909050,-8.2605
3909500,-8.2586
3909950,-8.2566
3910401,-8.2547
3910851,-8.2527
3911301,-8.2508
3911751,-8.2488
3912202,-8.2469
3912652,-8.2449
3913103,-8.2430
3913553,-8.2410
3914004,-8.2390
3914455,-8.2371
3914905,-8.2351
3915356,-8.2332
3915807,-8.2312
3916258,-8.2292
3916709,-8.2273
3917159,-8.2253
3917610,-8.2233
3918062,-8.2214
3918513,-8.2194
3918964,-8.2174
3919415,-8.2155
3919866,-8.2135
3920318,-8.2115
3920769,-8.2096
3921220,-8.2076
3921672,-8.2056
3922123,-8.2037
3922575,-8.2017
3923027,-8.1997
3923478,-8.1977
3923930,-8.1958
3924382,-8.1938
3924834,-8.1918
3925286,-8.1898
3925737,-8.1879
3926189,-8.1859
3926642,-8.1839
3927094,-8.1819
3927546,-8.1799
3927998,-8.1780
3928450,-8.1760
3928903,-8.1740
3929355,-8.1720
3929807,-8.1700
3930260,-8.1680
3930712,-8.1661
3931165,-8.1641
3931617,-8.1621
3932070,-8.1601
3932523,-8.1581
3932976,-8.1561
3933428,-8.1541
3933881,-8.1521
3934334,-8.1501
3934787,-8.1481
3935240,-8.1461
3935693,-8.1442
3936147,-8.1422
3936600,-8.1402
3937053,-8.1382
3937506,-8.1362
3937960,-8.1342
3938413,-8.1322
3938866,-8.1302
3939320,-8.1282
3939774,-8.1262
3940227,-8.1242
3940681,-8.1222
3941134,-8.1202
3941588,-8.1181
3942042,-8.1161
3942496,-8.1141
3942950,-8.1121
3943404,-8.1101
3943858,-8.1081
3944312,-8.1061
3944766,-8.1041
3945220,-8.1021
3945674,-8.1001
3946129,-8.0981
3946583,-8.0960
3947038,-8.0940
3947492,-8.0920
3947946,-8.0900
3948401,-8.0880
3948856,-8.0860
3949310,-8.0839
3949765,-8.0819
3950220,-8.0799
3950675,-8.0779
3951129,-8.0759
3951584,-8.0738
3952039,-8.0718
3952494,-8.0698
3952949,-8.0678
3953405,-8.0657
3953860,-8.0637
3954315,-8.0617
3954770,-8.0597
3955226,-8.0576
3955681,-8.0556
3956136,-8.0536
3956592,-8.0515
3957047,-8.0495
3957503,-8.0475
3957959,-8.0455
3958414,-8.0434
3958870,-8.0414
3959326,-8.0393
3959782,-8.0373
3960238,-8.0353
3960694,-8.0332
3961150,-8.0312
3961606,-8.0292
3962062,-8.0271
3962518,-8.0251
3962974,-8.0230
3963431,-8.0210
3963887,-8.0189
3964343,-8.0169
3964800,-8.0149
3965256,-8.0128
3965713,-8.0108
3966169,-8.0087
3966626,-8.0067
3967083,-8.0046
3967539,-8.0026
3967996,-8.0005
3968453,-7.9985
3968910,-7.9964
3969367,-7.9944
3969824,-7.9923
3970281,-7.9903
3970738,-7.9882
3971195,-7.9861
3971653,-7.9841
3972110,-7.9820
3972567,-7.9800
3973025,-7.9779
3973482,-7.9759
3973940,-7.9738
3974397,-7.9717
3974855,-7.9697
3975312,-7.9676
3975770,-7.9655
3976228,-7.9635
3976686,-7.9614
3977143,-7.9593
3977601,-7.9573
3978059,-7.9552
3978517,-7.9531
3978975,-7.9511
3979434,-7.9490
3979892,-7.9469
3980350,-7.9449
3980808,-7.9428
3981267,-7.9407
3981725,-7.9386
3982183,-7.9366
3982642,-7.9345
3983100,-7.9324
3983559,-7.9303
3984018,-7.9283
3984476,-7.9262
3984935,-7.9241
3985394,-7.9220
3985853,-7.9199
3986312,-7.9179
3986771,-7.9158
3987230,-7.9137
3987689,-7.9116
3988148,-7.9095
3988607,-7.9074
3989066,-7.9053
3989526,-7.9033
3989985,-7.9012
3990444,-7.8991
3990904,-7.8970
3991363,-7.8949
3991823,-7.8928
3992282,-7.8907
3992742,-7.8886
3993202,-7.8865
3993662,-7.8844
3994121,-7.8823
3994581,-7.8802
3995041,-7.8781
3995501,-7.8760
3995961,-7.8739
3996421,-7.8718
3996881,-7.8697
3997342,-7.8676
3997802,-7.8655
3998262,-7.8634
3998722,-7.8613
3999183,-7.8592
3999643,-7.8571
4000104,-7.8550
4000564,-7.8529
4001025,-7.8508
4001486,-7.8487
4001946,-7.8466
4002407,-7.8445
4002868,-7.8424
4003329,-7.8402
4003790,-7.8381
4004251,-7.8360
4004712,-7.8339
4005173,-7.8318
4005634,-7.8297
4006095,-7.8276
4006556,-7.8254
4007018,-7.8233
4007479,-7.8212
4007940,-7.8191
4008402,-7.8170
4008863,-7.8148
4009325,-7.8127
4009787,-7.8106
4010248,-7.8085
4010710,-7.8064
4011172,-7.8042
4011634,-7.8021
4012095,-7.8000
4012557,-7.7978
4013019,-7.7957
4013481,-7.7936
4013943,-7.7915
4014406,-7.7893
4014868,-7.7872
4015330,-7.7851
4015792,-7.7829
4016255,-7.7808
4016717,-7.7787
4017180,-7.7765
4017642,-7.7744
4018105,-7.7722
4018567,-7.7701
4019030,-7.7680
4019493,-7.7658
4019956,-7.7637
4020418,-7.7615
4020881,-7.7594
4021344,-7.7573
4021807,-7.7551
4022270,-7.7530
4022733,-7.7508
4023197,-7.7487
4023660,-7.7465
4024123,-7.7444
4024586,-7.7422
4025050,-7.7401
4025513,-7.7379
4025977,-7.7358
4026440,-7.7336
4026904,-7.7315
4027367,-7.7293
4027831,-7.7272
4028295,-7.7250
4028759,-7.7229
4029223,-7.7207
4029686,-7.7185
4030150,-7.7164
4030614,-7.7142
4031078,-7.7121
4031543,-7.7099
4032007,-7.7077
4032471,-7.7056
4032935,-7.7034
4033400,-7.7012
4033864,-7.6991
4034328,-7.6969
4034793,-7.6947
4035258,-7.6926
4035722,-7.6904
4036187,-7.6882
4036651,-7.6861
4037116,-7.6839
4037581,-7.6817
4038046,-7.6796
4038511,-7.6774
4038976,-7.6752
4039441,-7.6730
4039906,-7.6709
4040371,-7.6687
4040836,-7.6665
4041302,-7.6643
4041767,-7.6621
4042232,-7.6600
4042698,-7.6578
4043163,-7.6556
4043629,-7.6534
4044094,-7.6512
4044560,-7.6490
4045025,-7.6469
4045491,-7.6447
4045957,-7.6425
4046423,-7.6403
4046889,-7.6381
4047355,-7.6359
4047821,-7.6337
4048287,-7.6315
4048753,-7.6293
4049219,-7.6272
4049685,-7.6250
4050151,-7.6228
4050618,-7.6206
4051084,-7.6184
4051550,-7.6162
4052017,-7.6140
4052483,-7.6118
4052950,-7.6096
4053417,-7.6074
4053883,-7.6052
4054350,-7.6030
4054817,-7.6008
4055284,-7.5986
4055751,-7.5964
4056218,-7.5942
4056685,-7.5920
4057152,-7.5898
4057619,-7.5875
4058086,-7.5853
4058553,-7.5831
4059021,-7.5809
4059488,-7.5787
4059955,-7.5765
4060423,-7.5743
4060890,-7.5721
4061358,-7.5699
4061825,-7.5676
4062293,-7.5654
4062761,-7.5632
4063229,-7.5610
4063696,-7.5588
4064164,-7.5566
4064632,-7.5543
4065100,-7.5521
4065568,-7.5499
4066036,-7.5477
4066504,-7.5454
4066973,-7.5432
4067441,-7.5410
4067909,-7.5388
4068378,-7.5365
4068846,-7.5343
4069314,-7.5321
4069783,-7.5299
4070252,-7.5276
4070720,-7.5254
4071189,-7.5232
4071658,-7.5209
4072126,-7.5187
4072595,-7.5165
4073064,-7.5142
4073533,-7.5120
4074002,-7.5098
4074471,-7.5075
4074940,-7.5053
4075410,-7.5030
4075879,-7.5008
4076348,-7.4986
4076817,-7.4963
4077287,-7.4941
4077756,-7.4918
4078226,-7.4896
4078695,-7.4873
4079165,-7.4851
4079634,-7.4829
4080104,-7.4806
4080574,-7.4784
4081044,-7.4761
4081514,-7.4739
4081984,-7.4716
4082454,-7.4694
4082924,-7.4671
4083394,-7.4648
4083864,-7.4626
4084334,-7.4603
4084804,-7.4581
4085275,-7.4558
4085745,-7.4536
4086215,-7.4513
4086686,-7.4490
4087156,-7.4468
4087627,-7.4445
4088098,-7.4423
4088568,-7.4400
4089039,-7.4377
4089510,-7.4355
4089981,-7.4332
4090452,-7.4309
4090923,-7.4287
4091394,-7.4264
4091865,-7.4241
4092336,-7.4219
4092807,-7.4196
4093278,-7.4173
4093749,-7.4151
4094221,-7.4128
4094692,-7.4105
4095164,-7.4082
4095635,-7.4060
4096107,-7.4037
4096578,-7.4014
4097050,-7.3991
4097522,-7.3968
4097993,-7.3946
4098465,-7.3923
4098937,-7.3900
4099409,-7.3877
4099881,-7.3854
4100353,-7.3832
4100825,-7.3809
4101297,-7.3786
4101770,-7.3763
4102242,-7.3740
4102714,-7.3717
4103186,-7.3694
4103659,-7.3671
4104131,-7.3648
4104604,-7.3626
4105076,-7.3603
4105549,-7.3580
4106022,-7.3557
4106495,-7.3534
4106967,-7.3511
4107440,-7.3488
4107913,-7.3465
4108386,-7.3442
4108859,-7.3419
4109332,-7.3396
4109805,-7.3373
4110279,-7.3350
4110752,-7.3327
4111225,-7.3304
4111698,-7.3281
4112172,-7.3258
4112645,-7.3235
4113119,-7.3212
4113592,-7.3188
4114066,-7.3165
4114540,-7.3142
4115013,-7.3119
4115487,-7.3096
4115961,-7.3073
4116435,-7.3050
4116909,-7.3027
4117383,-7.3004
4117857,-7.2980
4118331,-7.2957
4118805,-7.2934
4119279,-7.2911
4119754,-7.2888
4120228,-7.2864
4120702,-7.2841
4121177,-7.2818
4121651,-7.2795
4122126,-7.2772
4122601,-7.2748
4123075,-7.2725
4123550,-7.2702
4124025,-7.2678
4124499,-7.2655
4124974,-7.2632
4125449,-7.2609
4125924,-7.2585
4126399,-7.2562
4126874,-7.2539
4127350,-7.2515
4127825,-7.2492
4128300,-7.2469
4128775,-7.2445
4129251,-7.2422
4129726,-7.2399
4130202,-7.2375
4130677,-7.2352
4131153,-7.2328
4131628,-7.2305
4132104,-7.2282
4132580,-7.2258
4133056,-7.2235
4133532,-7.2211
4134007,-7.2188
4134483,-7.2164
4134959,-7.2141
4135436,-7.2117
4135912,-7.2094
4136388,-7.2070
4136864,-7.2047
4137340,-7.2023
4137817,-7.2000
4138293,-7.1976
4138770,-7.1953
4139246,-7.1929
4139723,-7.1906
4140199,-7.1882
4140676,-7.1859
4141153,-7.1835
4141630,-7.1811
4142106,-7.1788
4142583,-7.1764
4143060,-7.1740
4143537,-7.1717
4144014,-7.1693
4144492,-7.1670
4144969,-7.1646
4145446,-7.1622
4145923,-7.1599
4146401,-7.1575
4146878,-7.1551
4147355,-7.1528
4147833,-7.1504
4148310,-7.1480
4148788,-7.1456
4149266,-7.1433
4149744,-7.1409
4150221,-7.1385
4150699,-7.1361
4151177,-7.1338
4151655,-7.1314
4152133,-7.1290
4152611,-7.1266
4153089,-7.1242
4153567,-7.1219
4154046,-7.1195
4154524,-7.1171
4155002,-7.1147
4155481,-7.1123
4155959,-7.1099
4156438,-7.1076
4156916,-7.1052
4157395,-7.1028
4157873,-7.1004
4158352,-7.0980
4158831,-7.0956
4159310,-7.0932
4159789,-7.0908
4160267,-7.0884
4160746,-7.0860
4161226,-7.0836
4161705,-7.0812
4162184,-7.0788
4162663,-7.0764
4163142,-7.0740
4163622,-7.0716
4164101,-7.0692
4164580,-7.0668
4165060,-7.0644
4165539,-7.0620
4166019,-7.0596
4166499,-7.0572
4166978,-7.0548
4167458,-7.0524
4167938,-7.0500
4168418,-7.0476
4168898,-7.0452
4169378,-7.0428
4169858,-7.0404
4170338,-7.0379
4170818,-7.0355
4171298,-7.0331
4171779,-7.0307
4172259,-7.0283
4172739,-7.0259
4173220,-7.0235
4173700,-7.0210
4174181,-7.0186
4174661,-7.0162
4175142,-7.0138
4175623,-7.0114
4176104,-7.0089
4176584,-7.0065
4177065,-7.0041
4177546,-7.0017
4178027,-6.9992
4178508,-6.9968
4178989,-6.9944
4179470,-6.9919
4179952,-6.9895
4180433,-6.9871
4180914,-6.9846
4181396,-6.9822
4181877,-6.9798
4182358,-6.9773
4182840,-6.9749
4183322,-6.9725
4183803,-6.9700
4184285,-6.9676
4184767,-6.9652
4185249,-6.9627
4185730,-6.9603
4186212,-6.9578
4186694,-6.9554
4187176,-6.9529
4187658,-6.9505
4188141,-6.9481
4188623,-6.9456
4189105,-6.9432
4189587,-6.9407
4190070,-6.9383
4190552,-6.9358
4191035,-6.9334
4191517,-6.9309
4192000,-6.9285
4192482,-6.9260
4192965,-6.9235
4193448,-6.9211
4193931,-6.9186
4194414,-6.9162
4194897,-6.9137
4195380,-6.9113
4195863,-6.9088
4196346,-6.9063
4196829,-6.9039
4197312,-6.9014
4197795,-6.8989
4198279,-6.8965
4198762,-6.8940
4199245,-6.8915
4199729,-6.8891
4200212,-6.8866
4200696,-6.8841
4201180,-6.8817
4201663,-6.8792
4202147,-6.8767
4202631,-6.8743
4203115,-6.8718
4203599,-6.8693
4204083,-6.8668
4204567,-6.8643
4205051,-6.8619
4205535,-6.8594
4206019,-6.8569
4206504,-6.8544
4206988,-6.8519
4207472,-6.8495
4207957,-6.8470
4208441,-6.8445
4208926,-6.8420
4209410,-6.8395
4209895,-6.8370
4210380,-6.8346
4210864,-6.8321
4211349,-6.8296
4211834,-6.8271
4212319,-6.8246
4212804,-6.8221
4213289,-6.8196
4213774,-6.8171
4214259,-6.8146
4214745,-6.8121
4215230,-6.8096
4215715,-6.8071
4216200,-6.8046
4216686,-6.8021
4217171,-6.7996
4217657,-6.7971
4218143,-6.7946
4218628,-6.7921
4219114,-6.7896
4219600,-6.7871
4220086,-6.7846
4220571,-6.7821
4221057,-6.7796
4221543,-6.7771
4222029,-6.7746
4222516,-6.7721
4223002,-6.7695
4223488,-6.7670
4223974,-6.7645
4224461,-6.7620
4224947,-6.7595
4225433,-6.7570
4225920,-6.7545
4226406,-6.7519
4226893,-6.7494
4227380,-6.7469
4227866,-6.7444
4228353,-6.7418
4228840,-6.7393
4229327,-6.7368
4229814,-6.7343
4230301,-6.7318
4230788,-6.7292
4231275,-6.7267
4231762,-6.7242
4232249,-6.7216
4232737,-6.7191
4233224,-6.7166
4233711,-6.7140
4234199,-6.7115
4234686,-6.7090
4235174,-6.7064
4235662,-6.7039
4236149,-6.7014
4236637,-6.6988
4237125,-6.6963
4237613,-6.6937
4238101,-6.6912
4238588,-6.6887
4239077,-6.6861
4239565,-6.6836
4240053,-6.6810
4240541,-6.6785
4241029,-6.6759
4241517,-6.6734
4242006,-6.6708
4242494,-6.6683
4242983,-6.6657
4243471,-6.6632
4243960,-6.6606
4244448,-6.6581
4244937,-6.6555
4245426,-6.6530
4245915,-6.6504
4246403,-6.6479
4246892,-6.6453
4247381,-6.6427
4247870,-6.6402
4248359,-6.6376
4248849,-6.6351
4249338,-6.6325
4249827,-6.6299
4250316,-6.6274
4250806,-6.6248
4251295,-6.6222
4251785,-6.6197
4252274,-6.6171
4252764,-6.6145
4253253,-6.6120
4253743,-6.6094
4254233,-6.6068
4254723,-6.6043
4255213,-6.6017
4255702,-6.5991
4256192,-6.5965
4256682,-6.5939
4257173,-6.5914
4257663,-6.5888
4258153,-6.5862
4258643,-6.5836
4259134,-6.5811
4259624,-6.5785
4260114,-6.5759
4260605,-6.5733
4261095,-6.5707
4261586,-6.5681
4262077,-6.5655
4262567,-6.5630
4263058,-6.5604
4263549,-6.5578
4264040,-6.5552
4264531,-6.5526
4265022,-6.5500
4265513,-6.5474
4266004,-6.5448
4266495,-6.5422
4266986,-6.5396
4267478,-6.5370
4267969,-6.5344
4268460,-6.5318
4268952,-6.5292
4269443,-6.5266
4269935,-6.5240
4270427,-6.5214
4270918,-6.5188
4271410,-6.5162
4271902,-6.5136
4272394,-6.5110
4272885,-6.5084
4273377,-6.5058
4273869,-6.5032
4274362,-6.5005
4274854,-6.4979
4275346,-6.4953
4275838,-6.4927
4276330,-6.4901
4276823,-6.4875
4277315,-6.4849
4277808,-6.4822
4278300,-6.4796
4278793,-6.4770
4279285,-6.4744
4279778,-6.4718
4280271,-6.4691
4280764,-6.4665
4281257,-6.4639
4281749,-6.4613
4282242,-6.4586
4282736,-6.4560
4283229,-6.4534
4283722,-6.4507
4284215,-6.4481
4284708,-6.4455
4285202,-6.4428
4285695,-6.4402
4286188,-6.4376
4286682,-6.4349
4287175,-6.4323
4287669,-6.4297
4288163,-6.4270
4288656,-6.4244
4289150,-6.4217
4289644,-6.4191
4290138,-6.4165
4290632,-6.4138
4291126,-6.4112
4291620,-6.4085
4292114,-6.4059
4292608,-6.4032
4293102,-6.4006
4293597,-6.3979
4294091,-6.3953
4294586,-6.3926
4295080,-6.3900
4295574,-6.3873
4296069,-6.3847
4296564,-6.3820
4297058,-6.3794
4297553,-6.3767
4298048,-6.3740
4298543,-6.3714
4299038,-6.3687
4299533,-6.3661
4300028,-6.3634
4300523,-6.3607
4301018,-6.3581
4301513,-6.3554
4302008,-6.3527
4302504,-6.3501
4302999,-6.3474
4303495,-6.3447
4303990,-6.3421
4304486,-6.3394
4304981,-6.3367
4305477,-6.3340
4305973,-6.3314
4306468,-6.3287
4306964,-6.3260
4307460,-6.3233
4307956,-6.3207
4308452,-6.3180
4308948,-6.3153
4309444,-6.3126
4309940,-6.3099
4310437,-6.3073
4310933,-6.3046
4311429,-6.3019
4311926,-6.2992
4312422,-6.2965
4312919,-6.2938
4313415,-6.2911
4313912,-6.2885
4314408,-6.2858
4314905,-6.2831
4315402,-6.2804
4315899,-6.2777
4316396,-6.2750
4316893,-6.2723
4317390,-6.2696
4317887,-6.2669
4318384,-6.2642
4318881,-6.2615
4319378,-6.2588
4319876,-6.2561
4320373,-6.2534
4320871,-6.2507
4321368,-6.2480
4321866,-6.2453
4322363,-6.2426
4322861,-6.2399
4323359,-6.2372
4323856,-6.2344
4324354,-6.2317
4324852,-6.2290
4325350,-6.2263
4325848,-6.2236
4326346,-6.2209
4326844,-6.2182
4327342,-6.2154
4327841,-6.2127
4328339,-6.2100
4328837,-6.2073
4329336,-6.2046
4329834,-6.2018
4330333,-6.1991
4330831,-6.1964
4331330,-6.1937
4331829,-6.1909
4332327,-6.1882
4332826,-6.1855
4333325,-6.1828
4333824,-6.1800
4334323,-6.1773
4334822,-6.1746
4335321,-6.1718
4335820,-6.1691
4336319,-6.1664
4336819,-6.1636
4337318,-6.1609
4337817,-6.1581
4338317,-6.1554
4338816,-6.1527
4339316,-6.1499
4339815,-6.1472
4340315,-6.1444
4340815,-6.1417
4341315,-6.1390
4341814,-6.1362
4342314,-6.1335
4342814,-6.1307
4343314,-6.1280
4343814,-6.1252
4344314,-6.1225
4344815,-6.1197
4345315,-6.1169
4345815,-6.1142
4346316,-6.1114
4346816,-6.1087
4347316,-6.1059
4347817,-6.1032
4348318,-6.1004
4348818,-6.0976
4349319,-6.0949
4349820,-6.0921
4350321,-6.0894
4350821,-6.0866
4351322,-6.0838
4351823,-6.0811
4352324,-6.0783
4352825,-6.0755
4353327,-6.0727
4353828,-6.0700
4354329,-6.0672
4354830,-6.0644
4355332,-6.0617
4355833,-6.0589
4356335,-6.0561
4356836,-6.0533
4357338,-6.0506
4357840,-6.0478
4358341,-6.0450
4358843,-6.0422
4359345,-6.0394
4359847,-6.0366
4360349,-6.0339
4360851,-6.0311
4361353,-6.0283
4361855,-6.0255
4362358,-6.0227
4362860,-6.0199
4363362,-6.0171
4363864,-6.0143
4364367,-6.0115
4364869,-6.0087
4365372,-6.0060
4365875,-6.0032
4366377,-6.0004
4366880,-5.9976
4367383,-5.9948
4367886,-5.9920
4368388,-5.9892
4368891,-5.9864
4369394,-5.9836
4369898,-5.9808
4370401,-5.9779
4370904,-5.9751
4371407,-5.9723
4371910,-5.9695
4372414,-5.9667
4372917,-5.9639
4373421,-5.9611
4373924,-5.9583
4374428,-5.9555
4374931,-5.9526
4375435,-5.9498
4375939,-5.9470
4376443,-5.9442
4376947,-5.9414
4377451,-5.9386
4377955,-5.9357
4378459,-5.9329
4378963,-5.9301
4379467,-5.9273
4379971,-5.9244
4380475,-5.9216
4380980,-5.9188
4381484,-5.9160
4381989,-5.9131
4382493,-5.9103
4382998,-5.9075
4383502,-5.9046
4384007,-5.9018
4384512,-5.8990
4385017,-5.8961
4385522,-5.8933
4386027,-5.8905
4386532,-5.8876
4387037,-5.8848
4387542,-5.8819
4388047,-5.8791
4388552,-5.8762
4389057,-5.8734
4389563,-5.8706
4390068,-5.8677
4390574,-5.8649
4391079,-5.8620
4391585,-5.8592
4392090,-5.8563
4392596,-5.8535
4393102,-5.8506
4393607,-5.8478
4394113,-5.8449
4394619,-5.8420
4395125,-5.8392
4395631,-5.8363
4396137,-5.8335
4396644,-5.8306
4397150,-5.8277
4397656,-5.8249
4398162,-5.8220
4398669,-5.8192
4399175,-5.8163
4399682,-5.8134
4400188,-5.8106
4400695,-5.8077
4401202,-5.8048
4401708,-5.8019
4402215,-5.7991
4402722,-5.7962
4403229,-5.7933
4403736,-5.7904
4404243,-5.7876
4404750,-5.7847
4405257,-5.7818
4405764,-5.7789
4406272,-5.7761
4406779,-5.7732
4407286,-5.7703
4407794,-5.7674
4408301,-5.7645
4408809,-5.7616
4409316,-5.7587
4409824,-5.7559
4410332,-5.7530
4410839,-5.7501
4411347,-5.7472
4411855,-5.7443
4412363,-5.7414
4412871,-5.7385
4413379,-5.7356
4413887,-5.7327
4414396,-5.7298
4414904,-5.7269
4415412,-5.7240
4415921,-5.7211
4416429,-5.7182
4416938,-5.7153
4417446,-5.7124
4417955,-5.7095
4418463,-5.7066
4418972,-5.7037
4419481,-5.7008
4419990,-5.6979
4420499,-5.6949
4421008,-5.6920
4421517,-5.6891
4422026,-5.6862
4422535,-5.6833
4423044,-5.6804
4423553,-5.6775
4424063,-5.6745
4424572,-5.6716
4425081,-5.6687
4425591,-5.6658
4426100,-5.6628
4426610,-5.6599
4427120,-5.6570
4427629,-5.6541
4428139,-5.6511
4428649,-5.6482
4429159,-5.6453
4429669,-5.6424
4430179,-5.6394
4430689,-5.6365
4431199,-5.6336
4431709,-5.6306
4432219,-5.6277
4432730,-5.6247
4433240,-5.6218
4433751,-5.6189
4434261,-5.6159
4434772,-5.6130
4435282,-5.6100
4435793,-5.6071
4436304,-5.6041
4436814,-5.6012
4437325,-5.5983
4437836,-5.5953
4438347,-5.5924
4438858,-5.5894
4439369,-5.5865
4439880,-5.5835
4440391,-5.5805
4440903,-5.5776
4441414,-5.5746
4441925,-5.5717
4442437,-5.5687
4442948,-5.5658
4443460,-5.5628
4443971,-5.5598
4444483,-5.5569
4444995,-5.5539
4445507,-5.5509
4446018,-5.5480
4446530,-5.5450
4447042,-5.5420
4447554,-5.5391
4448066,-5.5361
4448578,-5.5331
4449091,-5.5302
4449603,-5.5272
4450115,-5.5242
4450628,-5.5212
4451140,-5.5182
4451652,-5.5153
4452165,-5.5123
4452678,-5.5093
4453190,-5.5063
4453703,-5.5033
4454216,-5.5004
4454729,-5.4974
4455242,-5.4944
4455755,-5.4914
4456268,-5.4884
4456781,-5.4854
4457294,-5.4824
4457807,-5.4794
4458320,-5.4764
4458833,-5.4734
4459347,-5.4704
4459860,-5.4674
4460374,-5.4645
4460887,-5.4615
4461401,-5.4585
4461915,-5.4555
4462428,-5.4524
4462942,-5.4494
4463456,-5.4464
4463970,-5.4434
4464484,-5.4404
4464998,-5.4374
4465512,-5.4344
4466026,-5.4314
4466540,-5.4284
4467055,-5.4254
4467569,-5.4224
4468083,-5.4193
4468598,-5.4163
4469112,-5.4133
4469627,-5.4103
4470141,-5.4073
4470656,-5.4042
4471171,-5.4012
4471686,-5.3982
4472200,-5.3952
4472715,-5.3922
4473230,-5.3891
4473745,-5.3861
4474260,-5.3831
4474776,-5.3800
4475291,-5.3770
4475806,-5.3740
4476321,-5.3709
4476837,-5.3679
4477352,-5.3649
4477868,-5.3618
4478383,-5.3588
4478899,-5.3558
4479415,-5.3527
4479930,-5.3497
4480446,-5.3466
4480962,-5.3436
4481478,-5.3405
4481994,-5.3375
4482510,-5.3345
4483026,-5.3314
4483542,-5.3284
4484058,-5.3253
4484575,-5.3222
4485091,-5.3192
4485607,-5.3161
4486124,-5.3131
4486640,-5.3100
4487157,-5.3070
4487674,-5.3039
4488190,-5.3009
4488707,-5.2978
4489224,-5.2947
4489741,-5.2917
4490258,-5.2886
4490775,-5.2855
4491292,-5.2825
4491809,-5.2794
4492326,-5.2763
4492843,-5.2733
4493360,-5.2702
4493878,-5.2671
4494395,-5.2640
4494913,-5.2610
4495430,-5.2579
4495948,-5.2548
4496465,-5.2517
4496983,-5.2487
4497501,-5.2456
4498019,-5.2425
4498537,-5.2394
4499055,-5.2363
4499573,-5.2332
4500091,-5.2301
4500609,-5.2271
4501127,-5.2240
4501645,-5.2209
4502163,-5.2178
4502682,-5.2147
4503200,-5.2116
4503719,-5.2085
4504237,-5.2054
4504756,-5.2023
4505274,-5.1992
4505793,-5.1961
4506312,-5.1930
4506831,-5.1899
4507350,-5.1868
4507869,-5.1837
4508388,-5.1806
4508907,-5.1775
4509426,-5.1744
4509945,-5.1713
4510464,-5.1682
4510984,-5.1650
4511503,-5.1619
4512022,-5.1588
4512542,-5.1557
4513062,-5.1526
4513581,-5.1495
4514101,-5.1463
4514621,-5.1432
4515140,-5.1401
4515660,-5.1370
4516180,-5.1339
4516700,-5.1307
4517220,-5.1276
4517740,-5.1245
4518260,-5.1214
4518781,-5.1182
4519301,-5.1151
4519821,-5.1120
4520342,-5.1088
4520862,-5.1057
4521383,-5.1026
4521903,-5.0994
4522424,-5.0963
4522944,-5.0931
4523465,-5.0900
4523986,-5.0869
4524507,-5.0837
4525028,-5.0806
4525549,-5.0774
4526070,-5.0743
4526591,-5.0711
4527112,-5.0680
4527633,-5.0648
4528155,-5.0617
4528676,-5.0585
4529197,-5.0554
4529719,-5.0522
4530240,-5.0491
4530762,-5.0459
4531284,-5.0427
4531805,-5.0396
4532327,-5.0364
4532849,-5.0333
4533371,-5.0301
4533893,-5.0269
4534415,-5.0238
4534937,-5.0206
4535459,-5.0174
4535981,-5.0143
4536504,-5.0111
4537026,-5.0079
4537548,-5.0047
4538071,-5.0016
4538593,-4.9984
4539116,-4.9952
4539638,-4.9920
4540161,-4.9889
4540684,-4.9857
4541207,-4.9825
4541729,-4.9793
4542252,-4.9761
4542775,-4.9729
4543298,-4.9698
4543821,-4.9666
4544345,-4.9634
4544868,-4.9602
4545391,-4.9570
4545914,-4.9538
4546438,-4.9506
4546961,-4.9474
4547485,-4.9442
4548008,-4.9410
4548532,-4.9378
4549056,-4.9346
4549579,-4.9314
4550103,-4.9282
4550627,-4.9250
4551151,-4.9218
4551675,-4.9186
4552199,-4.9154
4552723,-4.9122
4553247,-4.9090
4553772,-4.9058
4554296,-4.9026
4554820,-4.8993
4555345,-4.8961
4555869,-4.8929
4556394,-4.8897
4556918,-4.8865
4557443,-4.8832
4557968,-4.8800
4558493,-4.8768
4559017,-4.8736
4559542,-4.8704
4560067,-4.8671
4560592,-4.8639
4561117,-4.8607
4561643,-4.8574
4562168,-4.8542
4562693,-4.8510
4563218,-4.8477
4563744,-4.8445
4564269,-4.8413
4564795,-4.8380
4565320,-4.8348
4565846,-4.8316
4566372,-4.8283
4566897,-4.8251
4567423,-4.8218
4567949,-4.8186
4568475,-4.8153
4569001,-4.8121
4569527,-4.8088
4570053,-4.8056
4570579,-4.8023
4571106,-4.7991
4571632,-4.7958
4572158,-4.7926
4572685,-4.7893
4573211,-4.7861
4573738,-4.7828
4574264,-4.7795
4574791,-4.7763
4575318,-4.7730
4575844,-4.7698
4576371,-4.7665
4576898,-4.7632
4577425,-4.7600
4577952,-4.7567
4578479,-4.7534
4579006,-4.7501
4579534,-4.7469
4580061,-4.7436
4580588,-4.7403
4581116,-4.7370
4581643,-4.7338
4582171,-4.7305
4582698,-4.7272
4583226,-4.7239
4583754,-4.7206
4584281,-4.7174
4584809,-4.7141
4585337,-4.7108
4585865,-4.7075
4586393,-4.7042
4586921,-4.7009
4587449,-4.6976
4587977,-4.6943
4588505,-4.6910
4589034,-4.6877
4589562,-4.6844
4590091,-4.6811
4590619,-4.6778
4591148,-4.6745
4591676,-4.6712
4592205,-4.6679
4592734,-4.6646
4593262,-4.6613
4593791,-4.6580
4594320,-4.6547
4594849,-4.6514
4595378,-4.6481
4595907,-4.6448
4596436,-4.6415
4596966,-4.6381
4597495,-4.6348
4598024,-4.6315
4598554,-4.6282
4599083,-4.6249
4599613,-4.6215
4600142,-4.6182
4600672,-4.6149
4601202,-4.6116
4601731,-4.6082
4602261,-4.6049
4602791,-4.6016
4603321,-4.5983
4603851,-4.5949
4604381,-4.5916
4604911,-4.5883
4605441,-4.5849
4605972,-4.5816
4606502,-4.5782
4607032,-4.5749
4607563,-4.5716
4608093,-4.5682
4608624,-4.5649
4609154,-4.5615
4609685,-4.5582
4610216,-4.5548
4610747,-4.5515
4611277,-4.5481
4611808,-4.5448
4612339,-4.5414
4612870,-4.5381
4613402,-4.5347
4613933,-4.5314
4614464,-4.5280
4614995,-4.5246
4615527,-4.5213
4616058,-4.5179
4616589,-4.5146
4617121,-4.5112
4617653,-4.5078
4618184,-4.5045
4618716,-4.5011
4619248,-4.4977
4619780,-4.4943
4620311,-4.4910
4620843,-4.4876
4621375,-4.4842
4621908,-4.4808
4622440,-4.4775
4622972,-4.4741
4623504,-4.4707
4624037,-4.4673
4624569,-4.4639
4625101,-4.4605
4625634,-4.4572
4626166,-4.4538
4626699,-4.4504
4627232,-4.4470
4627765,-4.4436
4628297,-4.4402
4628830,-4.4368
4629363,-4.4334
4629896,-4.4300
4630429,-4.4266
4630962,-4.4232
4631496,-4.4198
4632029,-4.4164
4632562,-4.4130
4633096,-4.4096
4633629,-4.4062
4634162,-4.4028
4634696,-4.3994
4635230,-4.3960
4635763,-4.3926
4636297,-4.3891
4636831,-4.3857
4637365,-4.3823
4637899,-4.3789
4638433,-4.3755
4638967,-4.3721
4639501,-4.3686
4640035,-4.3652
4640569,-4.3618
4641104,-4.3584
4641638,-4.3549
4642172,-4.3515
4642707,-4.3481
4643241,-4.3447
4643776,-4.3412
4644311,-4.3378
4644845,-4.3344
4645380,-4.3309
4645915,-4.3275
4646450,-4.3240
4646985,-4.3206
4647520,-4.3172
4648055,-4.3137
4648590,-4.3103
4649125,-4.3068
4649661,-4.3034
4650196,-4.2999
4650731,-4.2965
4651267,-4.2930
4651802,-4.2896
4652338,-4.2861
4652874,-4.2827
4653409,-4.2792
4653945,-4.2757
4654481,-4.2723
4655017,-4.2688
4655553,-4.2654
4656089,-4.2619
4656625,-4.2584
4657161,-4.2550
4657697,-4.2515
4658234,-4.2480
4658770,-4.2446
4659306,-4.2411
4659843,-4.2376
4660379,-4.2341
4660916,-4.2307
4661452,-4.2272
4661989,-4.2237
4662526,-4.2202
4663063,-4.2167
4663600,-4.2133
4664137,-4.2098
4664674,-4.2063
4665211,-4.2028
4665748,-4.1993
4666285,-4.1958
4666822,-4.1923
4667360,-4.1888
4667897,-4.1853
4668434,-4.1818
4668972,-4.1784
4669509,-4.1749
4670047,-4.1714
4670585,-4.1679
4671122,-4.1643
4671660,-4.1608
4672198,-4.1573
4672736,-4.1538
4673274,-4.1503
4673812,-4.1468
4674350,-4.1433
4674888,-4.1398
4675427,-4.1363
4675965,-4.1328
4676503,-4.1292
4677042,-4.1257
4677580,-4.1222
4678119,-4.1187
4678658,-4.1152
4679196,-4.1116
4679735,-4.1081
4680274,-4.1046
4680813,-4.1011
4681352,-4.0975
4681891,-4.0940
4682430,-4.0905
4682969,-4.0869
4683508,-4.0834
4684047,-4.0799
4684586,-4.0763
4685126,-4.0728
4685665,-4.0692
4686205,-4.0657
4686744,-4.0622
4687284,-4.0586
4687824,-4.0551
4688363,-4.0515
4688903,-4.0480
4689443,-4.0444
4689983,-4.0409
4690523,-4.0373
4691063,-4.0337
4691603,-4.0302
4692143,-4.0266
4692683,-4.0231
4693224,-4.0195
4693764,-4.0160
4694304,-4.0124
4694845,-4.0088
4695386,-4.0053
4695926,-4.0017
4696467,-3.9981
4697008,-3.9945
4697548,-3.9910
4698089,-3.9874
4698630,-3.9838
4699171,-3.9802
4699712,-3.9767
4700253,-3.9731
4700794,-3.9695
4701336,-3.9659
4701877,-3.9623
4702418,-3.9588
4702960,-3.9552
4703501,-3.9516
4704043,-3.9480
4704584,-3.9444
4705126,-3.9408
4705668,-3.9372
4706209,-3.9336
4706751,-3.9300
4707293,-3.9264
4707835,-3.9228
4708377,-3.9192
4708919,-3.9156
4709462,-3.9120
4710004,-3.9084
4710546,-3.9048
4711088,-3.9012
4711631,-3.8976
4712173,-3.8940
4712716,-3.8903
4713258,-3.8867
4713801,-3.8831
4714344,-3.8795
4714887,-3.8759
4715429,-3.8723
4715972,-3.8686
4716515,-3.8650
4717058,-3.8614
4717602,-3.8578
4718145,-3.8541
4718688,-3.8505
4719231,-3.8469
4719775,-3.8432
4720318,-3.8396
4720861,-3.8360
4721405,-3.8323
4721949,-3.8287
4722492,-3.8251
4723036,-3.8214
4723580,-3.8178
4724124,-3.8141
4724668,-3.8105
4725212,-3.8068
4725756,-3.8032
4726300,-3.7995
4726844,-3.7959
4727388,-3.7922
4727932,-3.7886
4728477,-3.7849
4729021,-3.7813
4729566,-3.7776
4730110,-3.7739
4730655,-3.7703
4731199,-3.7666
4731744,-3.7629
4732289,-3.7593
4732834,-3.7556
4733379,-3.7519
4733924,-3.7483
4734469,-3.7446
4735014,-3.7409
4735559,-3.7372
4736104,-3.7336
4736650,-3.7299
4737195,-3.7262
4737740,-3.7225
4738286,-3.7188
4738831,-3.7152
4739377,-3.7115
4739923,-3.7078
4740468,-3.7041
4741014,-3.7004
4741560,-3.6967
4742106,-3.6930
4742652,-3.6893
4743198,-3.6856
4743744,-3.6819
4744290,-3.6782
4744837,-3.6745
4745383,-3.6708
4745929,-3.6671
4746476,-3.6634
4747022,-3.6597
4747569,-3.6560
4748115,-3.6523
4748662,-3.6486
4749209,-3.6449
4749756,-3.6411
4750302,-3.6374
4750849,-3.6337
4751396,-3.6300
4751943,-3.6263
4752490,-3.6225
4753038,-3.6188
4753585,-3.6151
4754132,-3.6114
4754680,-3.6076
4755227,-3.6039
4755775,-3.6002
4756322,-3.5964
4756870,-3.5927
4757417,-3.5890
4757965,-3.5852
4758513,-3.5815
4759061,-3.5777
4759609,-3.5740
4760157,-3.5703
4760705,-3.5665
4761253,-3.5628
4761801,-3.5590
4762349,-3.5553
4762898,-3.5515
4763446,-3.5477
4763995,-3.5440
4764543,-3.5402
4765092,-3.5365
4765640,-3.5327
4766189,-3.5290
4766738,-3.5252
4767287,-3.5214
4767835,-3.5177
4768384,-3.5139
4768933,-3.5101
4769482,-3.5064
4770032,-3.5026
4770581,-3.4988
4771130,-3.4950
4771679,-3.4912
4772229,-3.4875
4772778,-3.4837
4773328,-3.4799
4773877,-3.4761
4774427,-3.4723
4774977,-3.4685
4775526,-3.4648
4776076,-3.4610
4776626,-3.4572
4777176,-3.4534
4777726,-3.4496
4778276,-3.4458
4778826,-3.4420
4779377,-3.4382
4779927,-3.4344
4780477,-3.4306
4781028,-3.4268
4781578,-3.4230
4782129,-3.4192
4782679,-3.4154
4783230,-3.4116
4783781,-3.4077
4784331,-3.4039
4784882,-3.4001
4785433,-3.3963
4785984,-3.3925
4786535,-3.3887
4787086,-3.3848
4787637,-3.3810
4788189,-3.3772
4788740,-3.3734
4789291,-3.3695
4789843,-3.3657
4790394,-3.3619
4790946,-3.3580
4791497,-3.3542
4792049,-3.3504
4792601,-3.3465
4793153,-3.3427
4793704,-3.3388
4794256,-3.3350
4794808,-3.3311
4795360,-3.3273
4795913,-3.3235
4796465,-3.3196
4797017,-3.3158
4797569,-3.3119
4798122,-3.3080
4798674,-3.3042
4799227,-3.3003
4799779,-3.2965
4800332,-3.2926
4800884,-3.2888
4801437,-3.2849
4801990,-3.2810
4802543,-3.2772
4803096,-3.2733
4803649,-3.2694
4804202,-3.2655
4804755,-3.2617
4805308,-3.2578
4805862,-3.2539
4806415,-3.2500
4806968,-3.2462
4807522,-3.2423
4808075,-3.2384
4808629,-3.2345
4809182,-3.2306
4809736,-3.2267
4810290,-3.2228
4810844,-3.2189
4811398,-3.2150
4811952,-3.2112
4812506,-3.2073
4813060,-3.2034
4813614,-3.1995
4814168,-3.1956
4814722,-3.1917
4815277,-3.1877
4815831,-3.1838
4816386,-3.1799
4816940,-3.1760
4817495,-3.1721
4818049,-3.1682
4818604,-3.1643
4819159,-3.1604
4819714,-3.1564
4820269,-3.1525
4820824,-3.1486
4821379,-3.1447
4821934,-3.1407
4822489,-3.1368
4823044,-3.1329
4823600,-3.1290
4824155,-3.1250
4824710,-3.1211
4825266,-3.1172
4825822,-3.1132
4826377,-3.1093
4826933,-3.1053
4827489,-3.1014
4828044,-3.0975
4828600,-3.0935
4829156,-3.0896
4829712,-3.0856
4830268,-3.0817
4830824,-3.0777
4831381,-3.0738
4831937,-3.0698
4832493,-3.0658
4833050,-3.0619
4833606,-3.0579
4834163,-3.0540
4834719,-3.0500
4835276,-3.0460
4835833,-3.0421
4836389,-3.0381
4836946,-3.0341
4837503,-3.0302
4838060,-3.0262
4838617,-3.0222
4839174,-3.0182
4839731,-3.0142
4840289,-3.0103
4840846,-3.0063
4841403,-3.0023
4841961,-2.9983
4842518,-2.9943
4843076,-2.9903
4843633,-2.9863
4844191,-2.9823
4844749,-2.9784
4845307,-2.9744
4845864,-2.9704
4846422,-2.9664
4846980,-2.9624
4847538,-2.9583
4848096,-2.9543
4848655,-2.9503
4849213,-2.9463
4849771,-2.9423
4850330,-2.9383
4850888,-2.9343
4851447,-2.9303
4852005,-2.9263
4852564,-2.9222
4853123,-2.9182
4853681,-2.9142
4854240,-2.9102
4854799,-2.9061
4855358,-2.9021
4855917,-2.8981
4856476,-2.8941
4857035,-2.8900
4857594,-2.8860
4858154,-2.8819
4858713,-2.8779
4859273,-2.8739
4859832,-2.8698
4860392,-2.8658
4860951,-2.8617
4861511,-2.8577
4862071,-2.8536
4862630,-2.8496
4863190,-2.8455
4863750,-2.8415
4864310,-2.8374
4864870,-2.8334
4865430,-2.8293
4865990,-2.8252
4866551,-2.8212
4867111,-2.8171
4867671,-2.8131
4868232,-2.8090
4868792,-2.8049
4869353,-2.8008
4869914,-2.7968
4870474,-2.7927
4871035,-2.7886
4871596,-2.7845
4872157,-2.7805
4872718,-2.7764
4873279,-2.7723
4873840,-2.7682
4874401,-2.7641
4874962,-2.7600
4875524,-2.7559
4876085,-2.7518
4876646,-2.7477
4877208,-2.7436
4877769,-2.7395
4878331,-2.7354
4878893,-2.7313
4879454,-2.7272
4880016,-2.7231
4880578,-2.7190
4881140,-2.7149
4881702,-2.7108
4882264,-2.7067
4882826,-2.7026
4883388,-2.6985
4883951,-2.6943
4884513,-2.6902
4885075,-2.6861
4885638,-2.6820
4886200,-2.6778
4886763,-2.6737
4887325,-2.6696
4887888,-2.6655
4888451,-2.6613
4889014,-2.6572
4889577,-2.6530
4890140,-2.6489
4890703,-2.6448
4891266,-2.6406
4891829,-2.6365
4892392,-2.6323
4892955,-2.6282
4893519,-2.6240
4894082,-2.6199
4894646,-2.6157
4895209,-2.6116
4895773,-2.6074
4896336,-2.6033
4896900,-2.5991
4897464,-2.5949
4898028,-2.5908
4898592,-2.5866
4899156,-2.5824
4899720,-2.5783
4900284,-2.5741
4900848,-2.5699
4901413,-2.5657
4901977,-2.5616
4902541,-2.5574
4903106,-2.5532
4903670,-2.5490
4904235,-2.5448
4904799,-2.5407
4905364,-2.5365
4905929,-2.5323
4906494,-2.5281
4907059,-2.5239
4907624,-2.5197
4908189,-2.5155
4908754,-2.5113
4909319,-2.5071
4909884,-2.5029
4910450,-2.4987
4911015,-2.4945
4911580,-2.4903
4912146,-2.4861
4912711,-2.4818
4913277,-2.4776
4913843,-2.4734
4914409,-2.4692
4914974,-2.4650
4915540,-2.4607
4916106,-2.4565
4916672,-2.4523
4917238,-2.4481
4917804,-2.4438
4918371,-2.4396
4918937,-2.4354
4919503,-2.4311
4920070,-2.4269
4920636,-2.4227
4921203,-2.4184
4921769,-2.4142
4922336,-2.4099
4922903,-2.4057
4923470,-2.4014
4924036,-2.3972
4924603,-2.3929
4925170,-2.3887
4925737,-2.3844
4926305,-2.3802
4926872,-2.3759
4927439,-2.3716
4928006,-2.3674
4928574,-2.3631
4929141,-2.3588
4929709,-2.3546
4930276,-2.3503
4930844,-2.3460
4931412,-2.3417
4931979,-2.3375
4932547,-2.3332
4933115,-2.3289
4933683,-2.3246
4934251,-2.3203
4934819,-2.3160
4935387,-2.3118
4935956,-2.3075
4936524,-2.3032
4937092,-2.2989
4937661,-2.2946
4938229,-2.2903
4938798,-2.2860
4939367,-2.2817
4939935,-2.2774
4940504,-2.2731
4941073,-2.2688
4941642,-2.2644
4942211,-2.2601
4942780,-2.2558
4943349,-2.2515
4943918,-2.2472
4944487,-2.2429
4945056,-2.2385
4945626,-2.2342
4946195,-2.2299
4946765,-2.2256
4947334,-2.2212
4947904,-2.2169
4948474,-2.2126
4949043,-2.2082
4949613,-2.2039
4950183,-2.1995
4950753,-2.1952
4951323,-2.1909
4951893,-2.1865
4952463,-2.1822
4953033,-2.1778
4953604,-2.1735
4954174,-2.1691
4954744,-2.1647
4955315,-2.1604
4955885,-2.1560
4956456,-2.1517
4957027,-2.1473
4957597,-2.1429
4958168,-2.1386
4958739,-2.1342
4959310,-2.1298
4959881,-2.1254
4960452,-2.1211
4961023,-2.1167
4961594,-2.1123
4962166,-2.1079
4962737,-2.1035
4963308,-2.0992
4963880,-2.0948
4964451,-2.0904
4965023,-2.0860
4965595,-2.0816
4966166,-2.0772
4966738,-2.0728
4967310,-2.0684
4967882,-2.0640
4968454,-2.0596
4969026,-2.0552
4969598,-2.0508
4970170,-2.0464
4970742,-2.0419
4971315,-2.0375
4971887,-2.0331
4972460,-2.0287
4973032,-2.0243
4973605,-2.0198
4974177,-2.0154
4974750,-2.0110
4975323,-2.0066
4975896,-2.0021
4976468,-1.9977
4977041,-1.9933
4977614,-1.9888
4978188,-1.9844
4978761,-1.9799
4979334,-1.9755
4979907,-1.9711
4980481,-1.9666
4981054,-1.9622
4981628,-1.9577
4982201,-1.9532
4982775,-1.9488
4983348,-1.9443
4983922,-1.9399
4984496,-1.9354
4985070,-1.9309
4985644,-1.9265
4986218,-1.9220
4986792,-1.9175
4987366,-1.9131
4987940,-1.9086
4988515,-1.9041
4989089,-1.8996
4989663,-1.8952
4990238,-1.8907
4990813,-1.8862
4991387,-1.8817
4991962,-1.8772
4992537,-1.8727
4993111,-1.8682
4993686,-1.8637
4994261,-1.8592
4994836,-1.8547
4995411,-1.8502
4995986,-1.8457
4996562,-1.8412
4997137,-1.8367
4997712,-1.8322
4998288,-1.8277
4998863,-1.8232
4999439,-1.8186
5000014,-1.8141
5000590,-1.8096
5001166,-1.8051
5001742,-1.8006
5002318,-1.7960
5002893,-1.7915
5003469,-1.7870
5004046,-1.7824
5004622,-1.7779
5005198,-1.7734
5005774,-1.7688
5006351,-1.7643
5006927,-1.7597
5007503,-1.7552
5008080,-1.7506
5008657,-1.7461
5009233,-1.7415
5009810,-1.7370
5010387,-1.7324
5010964,-1.7278
5011541,-1.7233
5012118,-1.7187
5012695,-1.7142
5013272,-1.7096
5013849,-1.7050
5014426,-1.7004
5015004,-1.6959
5015581,-1.6913
5016159,-1.6867
5016736,-1.6821
5017314,-1.6775
5017891,-1.6730
5018469,-1.6684
5019047,-1.6638
5019625,-1.6592
5020203,-1.6546
5020781,-1.6500
5021359,-1.6454
5021937,-1.6408
5022515,-1.6362
5023093,-1.6316
5023672,-1.6270
5024250,-1.6224
5024829,-1.6177
5025407,-1.6131
5025986,-1.6085
5026564,-1.6039
5027143,-1.5993
5027722,-1.5947
5028301,-1.5900
5028880,-1.5854
5029459,-1.5808
5030038,-1.5761
5030617,-1.5715
5031196,-1.5669
5031775,-1.5622
5032355,-1.5576
5032934,-1.5529
5033514,-1.5483
5034093,-1.5436
5034673,-1.5390
5035253,-1.5343
5035832,-1.5297
5036412,-1.5250
5036992,-1.5204
5037572,-1.5157
5038152,-1.5110
5038732,-1.5064
5039312,-1.5017
5039892,-1.4970
5040473,-1.4924
5041053,-1.4877
5041633,-1.4830
5042214,-1.4783
5042794,-1.4736
5043375,-1.4690
5043956,-1.4643
5044536,-1.4596
5045117,-1.4549
5045698,-1.4502
5046279,-1.4455
5046860,-1.4408
5047441,-1.4361
5048022,-1.4314
5048603,-1.4267
5049185,-1.4220
5049766,-1.4173
5050347,-1.4126
5050929,-1.4079
5051510,-1.4031
5052092,-1.3984
5052674,-1.3937
5053255,-1.3890
5053837,-1.3842
5054419,-1.3795
5055001,-1.3748
5055583,-1.3701
5056165,-1.3653
5056747,-1.3606
5057330,-1.3558
5057912,-1.3511
5058494,-1.3464
5059077,-1.3416
5059659,-1.3369
5060242,-1.3321
5060824,-1.3274
5061407,-1.3226
5061990,-1.3178
5062572,-1.3131
5063155,-1.3083
5063738,-1.3036
5064321,-1.2988
5064904,-1.2940
5065488,-1.2892
5066071,-1.2845
5066654,-1.2797
5067237,-1.2749
5067821,-1.2701
5068404,-1.2653
5068988,-1.2606
5069572,-1.2558
5070155,-1.2510
5070739,-1.2462
5071323,-1.2414
5071907,-1.2366
5072491,-1.2318
5073075,-1.2270
5073659,-1.2222
5074243,-1.2174
5074827,-1.2126
5075411,-1.2078
5075996,-1.2029
5076580,-1.1981
5077165,-1.1933
5077749,-1.1885
5078334,-1.1837
5078919,-1.1788
5079503,-1.1740
5080088,-1.1692
5080673,-1.1643
5081258,-1.1595
5081843,-1.1547
5082428,-1.1498
5083013,-1.1450
5083599,-1.1401
5084184,-1.1353
5084769,-1.1304
5085355,-1.1256
5085940,-1.1207
5086526,-1.1159
5087111,-1.1110
5087697,-1.1061
5088283,-1.1013
5088869,-1.0964
5089455,-1.0915
5090041,-1.0867
5090627,-1.0818
5091213,-1.0769
5091799,-1.0720
5092385,-1.0671
5092972,-1.0622
5093558,-1.0574
5094144,-1.0525
5094731,-1.0476
5095318,-1.0427
5095904,-1.0378
5096491,-1.0329
5097078,-1.0280
5097665,-1.0231
5098251,-1.0182
5098838,-1.0133
5099426,-1.0083
5100013,-1.0034
5100600,-0.9985
5101187,-0.9936
5101774,-0.9887
5102362,-0.9837
5102949,-0.9788
5103537,-0.9739
5104124,-0.9690
5104712,-0.9640
5105300,-0.9591
5105888,-0.9541
5106476,-0.9492
5107063,-0.9443
5107651,-0.9393
5108240,-0.9344
5108828,-0.9294
5109416,-0.9245
5110004,-0.9195
5110593,-0.9145
5111181,-0.9096
5111769,-0.9046
5112358,-0.8996
5112947,-0.8947
5113535,-0.8897
5114124,-0.8847
5114713,-0.8797
5115302,-0.8748
5115891,-0.8698
5116480,-0.8648
5117069,-0.8598
5117658,-0.8548
5118247,-0.8498
5118836,-0.8448
5119426,-0.8398
5120015,-0.8348
5120605,-0.8298
5121194,-0.8248
5121784,-0.8198
5122374,-0.8148
5122963,-0.8098
5123553,-0.8048
5124143,-0.7997
5124733,-0.7947
5125323,-0.7897
5125913,-0.7847
5126503,-0.7796
5127094,-0.7746
5127684,-0.7696
5128274,-0.7645
5128865,-0.7595
5129455,-0.7545
5130046,-0.7494
5130637,-0.7444
5131227,-0.7393
5131818,-0.7343
5132409,-0.7292
5133000,-0.7242
5133591,-0.7191
5134182,-0.7140
5134773,-0.7090
5135364,-0.7039
5135956,-0.6988
5136547,-0.6937
5137138,-0.6887
5137730,-0.6836
5138321,-0.6785
5138913,-0.6734
5139505,-0.6683
5140096,-0.6632
5140688,-0.6582
5141280,-0.6531
5141872,-0.6480
5142464,-0.6429
5143056,-0.6378
5143648,-0.6327
5144240,-0.6275
5144833,-0.6224
5145425,-0.6173
5146017,-0.6122
5146610,-0.6071
5147203,-0.6020
5147795,-0.5968
5148388,-0.5917
5148981,-0.5866
5149573,-0.5814
5150166,-0.5763
5150759,-0.5712
5151352,-0.5660
5151945,-0.5609
5152539,-0.5557
5153132,-0.5506
5153725,-0.5454
5154319,-0.5403
5154912,-0.5351
5155506,-0.5300
5156099,-0.5248
5156693,-0.5196
5157286,-0.5145
5157880,-0.5093
5158474,-0.5041
5159068,-0.4990
5159662,-0.4938
5160256,-0.4886
5160850,-0.4834
5161444,-0.4782
5162039,-0.4730
5162633,-0.4678
5163227,-0.4626
5163822,-0.4575
5164416,-0.4522
5165011,-0.4470
5165606,-0.4418
5166200,-0.4366
5166795,-0.4314
5167390,-0.4262
5167985,-0.4210
5168580,-0.4158
5169175,-0.4105
5169770,-0.4053
5170366,-0.4001
5170961,-0.3949
5171556,-0.3896
5172152,-0.3844
5172747,-0.3791
5173343,-0.3739
5173938,-0.3687
5174534,-0.3634
5175130,-0.3582
5175726,-0.3529
5176322,-0.3476
5176918,-0.3424
5177514,-0.3371
5178110,-0.3319
5178706,-0.3266
5179302,-0.3213
5179899,-0.3160
5180495,-0.3108
5181091,-0.3055
5181688,-0.3002
5182285,-0.2949
5182881,-0.2896
5183478,-0.2843
5184075,-0.2790
5184672,-0.2738
5185269,-0.2685
5185866,-0.2631
5186463,-0.2578
5187060,-0.2525
5187657,-0.2472
5188254,-0.2419
5188852,-0.2366
5189449,-0.2313
5190047,-0.2259
5190644,-0.2206
5191242,-0.2153
5191839,-0.2100
5192437,-0.2046
5193035,-0.1993
5193633,-0.1940
5194231,-0.1886
5194829,-0.1833
5195427,-0.1779
5196025,-0.1726
5196624,-0.1672
5197222,-0.1618
5197820,-0.1565
5198419,-0.1511
5199017,-0.1458
5199616,-0.1404
5200214,-0.1350
5200813,-0.1296
5201412,-0.1243
5202011,-0.1189
5202610,-0.1135
5203209,-0.1081
5203808,-0.1027
5204407,-0.0973
5205006,-0.0919
5205606,-0.0865
5206205,-0.0811
5206804,-0.0757
5207404,-0.0703
5208003,-0.0649
5208603,-0.0595
5209203,-0.0541
5209802,-0.0487
5210402,-0.0432
5211002,-0.0378
5211602,-0.0324
5212202,-0.0269
5212802,-0.0215
5213402,-0.0161
5214003,-0.0106
5214603,-0.0052
5215203,0.0003
5215804,0.0057
5216404,0.0112
5217005,0.0166
5217606,0.0221
5218206,0.0275
5218807,0.0330
5219408,0.0385
5220009,0.0440
5220610,0.0494
5221211,0.0549
5221812,0.0604
5222413,0.0659
5223015,0.0714
5223616,0.0768
5224218,0.0823
5224819,0.0878
5225421,0.0933
5226022,0.0988
5226624,0.1043
5227226,0.1099
5227828,0.1154
5228429,0.1209
5229031,0.1264
5229634,0.1319
5230236,0.1374
5230838,0.1430
5231440,0.1485
5232042,0.1540
5232645,0.1596
5233247,0.1651
5233850,0.1707
5234452,0.1762
5235055,0.1817
5235658,0.1873
5236261,0.1929
5236864,0.1984
5237466,0.2040
5238069,0.2095
5238673,0.2151
5239276,0.2207
5239879,0.2263
5240482,0.2318
5241086,0.2374
5241689,0.2430
5242293,0.2486
5242896,0.2542
5243500,0.2598
5244104,0.2654
5244707,0.2710
5245311,0.2766
5245915,0.2822
5246519,0.2878
5247123,0.2934
5247727,0.2990
5248331,0.3046
5248936,0.3103
5249540,0.3159
5250144,0.3215
5250749,0.3271
5251354,0.3328
5251958,0.3384
5252563,0.3441
5253168,0.3497
5253772,0.3554
5254377,0.3610
5254982,0.3667
5255587,0.3723
5256192,0.3780
5256798,0.3836
5257403,0.3893
5258008,0.3950
5258614,0.4007
5259219,0.4063
5259825,0.4120
5260430,0.4177
5261036,0.4234
5261642,0.4291
5262247,0.4348
5262853,0.4405
5263459,0.4462
5264065,0.4519
5264671,0.4576
5265277,0.4633
5265884,0.4690
5266490,0.4747
5267096,0.4805
5267703,0.4862
5268309,0.4919
5268916,0.4976
5269522,0.5034
5270129,0.5091
5270736,0.5149
5271343,0.5206
5271950,0.5263
5272557,0.5321
5273164,0.5379
5273771,0.5436
5274378,0.5494
5274985,0.5551
5275593,0.5609
5276200,0.5667
5276808,0.5725
5277415,0.5782
5278023,0.5840
5278630,0.5898
5279238,0.5956
5279846,0.6014
5280454,0.6072
5281062,0.6130
5281670,0.6188
5282278,0.6246
5282886,0.6304
5283494,0.6362
5284103,0.6420
5284711,0.6479
5285320,0.6537
5285928,0.6595
5286537,0.6653
5287145,0.6712
5287754,0.6770
5288363,0.6828
5288972,0.6887
5289581,0.6945
5290190,0.7004
5290799,0.7062
5291408,0.7121
5292017,0.7180
5292627,0.7238
5293236,0.7297
5293845,0.7356
5294455,0.7415
5295065,0.7473
5295674,0.7532
5296284,0.7591
5296894,0.7650
5297504,0.7709
5298113,0.7768
5298723,0.7827
5299334,0.7886
5299944,0.7945
5300554,0.8004
5301164,0.8063
5301775,0.8122
5302385,0.8182
5302995,0.8241
5303606,0.8300
5304217,0.8360
5304827,0.8419
5305438,0.8478
5306049,0.8538
5306660,0.8597
5307271,0.8657
5307882,0.8716
5308493,0.8776
5309104,0.8836
5309716,0.8895
5310327,0.8955
5310938,0.9015
5311550,0.9074
5312161,0.9134
5312773,0.9194
5313385,0.9254
5313996,0.9314
5314608,0.9374
5315220,0.9434
5315832,0.9494
5316444,0.9554
5317056,0.9614
5317668,0.9674
5318281,0.9734
5318893,0.9795
5319505,0.9855
5320118,0.9915
5320730,0.9975
5321343,1.0036
5321956,1.0096
5322568,1.0157
5323181,1.0217
5323794,1.0278
5324407,1.0338
5325020,1.0399
5325633,1.0459
5326246,1.0520
5326860,1.0581
5327473,1.0641
5328086,1.0702
5328700,1.0763
5329313,1.0824
5329927,1.0885
5330541,1.0946
5331154,1.1007
5331768,1.1068
5332382,1.1129
5332996,1.1190
5333610,1.1251
5334224,1.1312
5334838,1.1373
5335452,1.1435
5336067,1.1496
5336681,1.1557
5337296,1.1619
5337910,1.1680
5338525,1.1741
5339139,1.1803
5339754,1.1864
5340369,1.1926
5340984,1.1987
5341599,1.2049
5342214,1.2111
5342829,1.2172
5343444,1.2234
5344059,1.2296
5344674,1.2358
5345290,1.2420
5345905,1.2482
5346521,1.2544
5347136,1.2605
5347752,1.2668
5348368,1.2730
5348983,1.2792
5349599,1.2854
5350215,1.2916
5350831,1.2978
5351447,1.3040
5352063,1.3103
5352680,1.3165
5353296,1.3227
5353912,1.3290
5354529,1.3352
5355145,1.3415
5355762,1.3477
5356378,1.3540
5356995,1.3603
5357612,1.3665
5358229,1.3728
5358846,1.3791
5359463,1.3853
5360080,1.3916
5360697,1.3979
5361314,1.4042
5361931,1.4105
5362549,1.4168
5363166,1.4231
5363784,1.4294
5364401,1.4357
5365019,1.4420
5365637,1.4484
5366254,1.4547
5366872,1.4610
5367490,1.4673
5368108,1.4737
5368726,1.4800
5369344,1.4864
5369963,1.4927
5370581,1.4991
5371199,1.5054
5371818,1.5118
5372436,1.5181
5373055,1.5245
5373673,1.5309
5374292,1.5373
5374911,1.5436
5375530,1.5500
5376148,1.5564
5376767,1.5628
5377387,1.5692
5378006,1.5756
5378625,1.5820
5379244,1.5884
5379863,1.5948
5380483,1.6013
5381102,1.6077
5381722,1.6141
5382342,1.6206
5382961,1.6270
5383581,1.6334
5384201,1.6399
5384821,1.6463
5385441,1.6528
5386061,1.6592
5386681,1.6657
5387301,1.6722
5387921,1.6786
5388542,1.6851
5389162,1.6916
5389783,1.6981
5390403,1.7046
5391024,1.7111
5391645,1.7176
5392265,1.7241
5392886,1.7306
5393507,1.7371
5394128,1.7436
5394749,1.7501
5395370,1.7566
5395991,1.7632
5396613,1.7697
5397234,1.7762
5397856,1.7828
5398477,1.7893
5399099,1.7959
5399720,1.8024
5400342,1.8090
5400964,1.8156
5401585,1.8221
5402207,1.8287
5402829,1.8353
5403451,1.8419
5404074,1.8484
5404696,1.8550
5405318,1.8616
5405940,1.8682
5406563,1.8748
5407185,1.8814
5407808,1.8881
5408431,1.8947
5409053,1.9013
5409676,1.9079
5410299,1.9146
5410922,1.9212
5411545,1.9278
5412168,1.9345
5412791,1.9411
5413414,1.9478
5414037,1.9544
5414661,1.9611
5415284,1.9678
5415908,1.9745
5416531,1.9811
5417155,1.9878
5417779,1.9945
5418402,2.0012
5419026,2.0079
5419650,2.0146
5420274,2.0213
5420898,2.0280
5421522,2.0347
5422147,2.0414
5422771,2.0482
5423395,2.0549
5424020,2.0616
5424644,2.0684
5425269,2.0751
5425893,2.0819
5426518,2.0886
5427143,2.0954
5427768,2.1021
5428393,2.1089
5429018,2.1157
5429643,2.1225
5430268,2.1292
5430893,2.1360
5431518,2.1428
5432144,2.1496
5432769,2.1564
5433395,2.1632
5434020,2.1700
5434646,2.1768
5435272,2.1837
5435897,2.1905
5436523,2.1973
5437149,2.2042
5437775,2.2110
5438401,2.2178
5439028,2.2247
5439654,2.2315
5440280,2.2384
5440906,2.2453
5441533,2.2521
5442159,2.2590
5442786,2.2659
5443413,2.2728
5444039,2.2797
5444666,2.2866
5445293,2.2935
5445920,2.3004
5446547,2.3073
5447174,2.3142
5447801,2.3211
5448428,2.3280
5449056,2.3350
5449683,2.3419
5450311,2.3488
5450938,2.3558
5451566,2.3627
5452193,2.3697
5452821,2.3767
5453449,2.3836
5454077,2.3906
5454705,2.3976
5455333,2.4045
5455961,2.4115
5456589,2.4185
5457217,2.4255
5457846,2.4325
5458474,2.4395
5459103,2.4465
5459731,2.4535
5460360,2.4606
5460988,2.4676
5461617,2.4746
5462246,2.4817
5462875,2.4887
5463504,2.4958
5464133,2.5028
5464762,2.5099
5465391,2.5169
5466020,2.5240
5466650,2.5311
5467279,2.5382
5467909,2.5452
5468538,2.5523
5469168,2.5594
5469798,2.5665
5470427,2.5736
5471057,2.5807
5471687,2.5879
5472317,2.5950
5472947,2.6021
5473577,2.6092
5474207,2.6164
5474838,2.6235
5475468,2.6307
5476099,2.6378
5476729,2.6450
5477360,2.6521
5477990,2.6593
5478621,2.6665
5479252,2.6737
5479883,2.6809
5480514,2.6881
5481145,2.6953
5481776,2.7025
5482407,2.7097
5483038,2.7169
5483669,2.7241
5484301,2.7313
5484932,2.7386
5485564,2.7458
5486195,2.7530
5486827,2.7603
5487459,2.7675
5488090,2.7748
5488722,2.7821
5489354,2.7893
5489986,2.7966
5490618,2.8039
5491250,2.8112
5491883,2.8185
5492515,2.8258
5493147,2.8331
5493780,2.8404
5494412,2.8477
5495045,2.8550
5495678,2.8623
5496310,2.8697
5496943,2.8770
5497576,2.8843
5498209,2.8917
5498842,2.8991
5499475,2.9064
5500108,2.9138
5500742,2.9212
5501375,2.9285
5502008,2.9359
5502642,2.9433
5503276,2.9507
5503909,2.9581
5504543,2.9655
5505177,2.9729
5505810,2.9803
5506444,2.9878
5507078,2.9952
5507712,3.0026
5508347,3.0101
5508981,3.0175
5509615,3.0250
5510249,3.0324
5510884,3.0399
5511518,3.0474
5512153,3.0549
5512788,3.0623
5513422,3.0698
5514057,3.0773
5514692,3.0848
5515327,3.0923
5515962,3.0999
5516597,3.1074
5517232,3.1149
5517867,3.1224
5518503,3.1300
5519138,3.1375
5519773,3.1451
5520409,3.1526
5521045,3.1602
5521680,3.1678
5522316,3.1753
5522952,3.1829
5523588,3.1905
5524224,3.1981
5524860,3.2057
5525496,3.2133
5526132,3.2209
5526768,3.2285
5527405,3.2362
5528041,3.2438
5528677,3.2514
5529314,3.2591
5529951,3.2667
5530587,3.2744
5531224,3.2820
5531861,3.2897
5532498,3.2974
5533135,3.3051
5533772,3.3128
5534409,3.3204
5535046,3.3282
5535684,3.3359
5536321,3.3436
5536958,3.3513
5537596,3.3590
5538233,3.3668
5538871,3.3745
5539509,3.3822
5540147,3.3900
5540784,3.3977
5541422,3.4055
5542060,3.4133
5542698,3.4211
5543337,3.4288
5543975,3.4366
5544613,3.4444
5545252,3.4522
5545890,3.4601
5546529,3.4679
5547167,3.4757
5547806,3.4835
5548445,3.4914
5549083,3.4992
5549722,3.5071
5550361,3.5149
5551000,3.5228
5551639,3.5307
5552279,3.5385
5552918,3.5464
5553557,3.5543
5554197,3.5622
5554836,3.5701
5555476,3.5780
5556115,3.5859
5556755,3.5939
5557395,3.6018
5558035,3.6097
5558675,3.6177
5559315,3.6256
5559955,3.6336
5560595,3.6416
5561235,3.6495
5561875,3.6575
5562516,3.6655
5563156,3.6735
5563797,3.6815
5564437,3.6895
5565078,3.6975
5565719,3.7055
5566360,3.7136
5567000,3.7216
5567641,3.7297
5568282,3.7377
5568924,3.7458
5569565,3.7538
5570206,3.7619
5570847,3.7700
5571489,3.7781
5572130,3.7862
5572772,3.7943
5573413,3.8024
5574055,3.8105
5574697,3.8186
5575339,3.8267
5575981,3.8349
5576623,3.8430
5577265,3.8512
5577907,3.8593
5578549,3.8675
5579191,3.8757
5579834,3.8838
5580476,3.8920
5581119,3.9002
5581761,3.9084
5582404,3.9166
5583047,3.9249
5583689,3.9331
5584332,3.9413
5584975,3.9496
5585618,3.9578
5586261,3.9661
5586905,3.9743
5587548,3.9826
5588191,3.9909
5588835,3.9991
5589478,4.0074
5590122,4.0157
5590765,4.0240
5591409,4.0324
5592053,4.0407
5592697,4.0490
5593340,4.0574
5593984,4.0657
5594629,4.0741
5595273,4.0824
5595917,4.0908
5596561,4.0992
5597206,4.1075
5597850,4.1159
5598494,4.1243
5599139,4.1327
5599784,4.1412
5600428,4.1496
5601073,4.1580
5601718,4.1665
5602363,4.1749
5603008,4.1834
5603653,4.1918
5604298,4.2003
5604944,4.2088
5605589,4.2173
5606234,4.2257
5606880,4.2343
5607525,4.2428
5608171,4.2513
5608817,4.2598
5609463,4.2683
5610108,4.2769
5610754,4.2854
5611400,4.2940
5612046,4.3026
5612693,4.3111
5613339,4.3197
5613985,4.3283
5614631,4.3369
5615278,4.3455
5615924,4.3541
5616571,4.3628
5617218,4.3714
5617864,4.3800
5618511,4.3887
5619158,4.3974
5619805,4.4060
5620452,4.4147
5621099,4.4234
5621746,4.4321
5622394,4.4408
5623041,4.4495
5623688,4.4582
5624336,4.4669
5624984,4.4757
5625631,4.4844
5626279,4.4932
5626927,4.5019
5627575,4.5107
5628222,4.5195
5628870,4.5283
5629519,4.5371
5630167,4.5459
5630815,4.5547
5631463,4.5635
5632112,4.5723
5632760,4.5812
5633409,4.5900
5634057,4.5989
5634706,4.6077
5635355,4.6166
5636004,4.6255
5636652,4.6344
5637301,4.6433
5637950,4.6522
5638600,4.6611
5639249,4.6700
5639898,4.6790
5640547,4.6879
5641197,4.6969
5641846,4.7058
5642496,4.7148
5643146,4.7238
5643795,4.7328
5644445,4.7418
5645095,4.7508
5645745,4.7598
5646395,4.7689
5647045,4.7779
5647695,4.7869
5648346,4.7960
5648996,4.8051
5649646,4.8141
5650297,4.8232
5650947,4.8323
5651598,4.8414
5652249,4.8505
5652899,4.8597
5653550,4.8688
5654201,4.8779
5654852,4.8871
5655503,4.8962
5656154,4.9054
5656806,4.9146
5657457,4.9238
5658108,4.9330
5658760,4.9422
5659411,4.9514
5660063,4.9606
5660715,4.9699
5661366,4.9791
5662018,4.9884
5662670,4.9976
5663322,5.0069
5663974,5.0162
5664626,5.0255
5665278,5.0348
5665931,5.0441
5666583,5.0534
5667235,5.0628
5667888,5.0721
5668541,5.0815
5669193,5.0908
5669846,5.1002
5670499,5.1096
5671152,5.1190
5671805,5.1284
5672458,5.1378
5673111,5.1473
5673764,5.1567
5674417,5.1661
5675070,5.1756
5675724,5.1851
5676377,5.1946
5677031,5.2040
5677684,5.2135
5678338,5.2230
5678992,5.2326
5679646,5.2421
5680300,5.2516
5680954,5.2612
5681608,5.2708
5682262,5.2803
5682916,5.2899
5683571,5.2995
5684225,5.3091
5684879,5.3187
5685534,5.3284
5686189,5.3380
5686843,5.3476
5687498,5.3573
5688153,5.3670
5688808,5.3767
5689463,5.3863
5690118,5.3960
5690773,5.4058
5691428,5.4155
5692083,5.4252
5692739,5.4350
5693394,5.4447
5694050,5.4545
5694705,5.4643
5695361,5.4741
5696017,5.4839
5696673,5.4937
5697328,5.5035
5697984,5.5133
5698640,5.5232
5699297,5.5330
5699953,5.5429
5700609,5.5528
5701265,5.5627
5701922,5.5726
5702578,5.5825
5703235,5.5924
5703891,5.6024
5704548,5.6123
5705205,5.6223
5705862,5.6323
5706519,5.6423
5707176,5.6522
5707833,5.6623
5708490,5.6723
5709147,5.6823
5709805,5.6924
5710462,5.7024
5711120,5.7125
5711777,5.7226
5712435,5.7327
5713092,5.7428
5713750,5.7529
5714408,5.7630
5715066,5.7731
5715724,5.7833
5716382,5.7935
5717040,5.8036
5717699,5.8138
5718357,5.8240
5719015,5.8342
5719674,5.8445
5720332,5.8547
5720991,5.8650
5721650,5.8752
5722308,5.8855
5722967,5.8958
5723626,5.9061
5724285,5.9164
5724944,5.9267
5725603,5.9371
5726263,5.9474
5726922,5.9578
5727581,5.9682
5728241,5.9786
5728900,5.9890
5729560,5.9994
5730219,6.0098
5730879,6.0203
5731539,6.0307
5732199,6.0412
5732859,6.0517
5733519,6.0622
5734179,6.0727
5734839,6.0832
5735500,6.0937
5736160,6.1043
5736820,6.1148
5737481,6.1254
5738142,6.1360
5738802,6.1466
5739463,6.1572
5740124,6.1678
5740785,6.1785
5741446,6.1891
5742107,6.1998
5742768,6.2105
5743429,6.2212
5744090,6.2319
5744752,6.2426
5745413,6.2534
5746075,6.2641
5746736,6.2749
5747398,6.2857
5748059,6.2965
5748721,6.3073
5749383,6.3181
5750045,6.3289
5750707,6.3398
5751369,6.3506
5752031,6.3615
5752694,6.3724
5753356,6.3833
5754019,6.3943
5754681,6.4052
5755344,6.4161
5756006,6.4271
5756669,6.4381
5757332,6.4491
5757995,6.4601
5758658,6.4711
5759321,6.4822
5759984,6.4932
5760647,6.5043
5761310,6.5154
5761973,6.5265
5762637,6.5376
5763300,6.5487
5763964,6.5599
5764628,6.5710
5765291,6.5822
5765955,6.5934
5766619,6.6046
5767283,6.6158
5767947,6.6271
5768611,6.6383
5769275,6.6496
5769939,6.6609
5770604,6.6722
5771268,6.6835
5771933,6.6948
5772597,6.7062
5773262,6.7175
5773927,6.7289
5774591,6.7403
5775256,6.7517
5775921,6.7631
5776586,6.7746
5777251,6.7860
5777916,6.7975
5778582,6.8090
5779247,6.8205
5779912,6.8320
5780578,6.8436
5781243,6.8551
5781909,6.8667
5782575,6.8783
5783241,6.8899
5783906,6.9015
5784572,6.9132
5785238,6.9248
5785904,6.9365
5786571,6.9482
5787237,6.9599
5787903,6.9716
5788570,6.9833
5789236,6.9951
5789903,7.0069
5790569,7.0187
5791236,7.0305
5791903,7.0423
5792570,7.0542
5793236,7.0660
5793903,7.0779
5794571,7.0898
5795238,7.1017
5795905,7.1137
5796572,7.1256
5797240,7.1376
5797907,7.1496
5798575,7.1616
5799242,7.1736
5799910,7.1856
5800578,7.1977
5801246,7.2098
5801914,7.2219
5802582,7.2340
5803250,7.2461
5803918,7.2583
5804586,7.2704
5805254,7.2826
5805923,7.2948
5806591,7.3071
5807260,7.3193
5807928,7.3316
5808597,7.3438
5809266,7.3561
5809935,7.3685
5810604,7.3808
5811273,7.3932
5811942,7.4055
5812611,7.4179
5813280,7.4304
5813949,7.4428
5814619,7.4553
5815288,7.4677
5815958,7.4802
5816628,7.4927
5817297,7.5053
5817967,7.5178
5818637,7.5304
5819307,7.5430
5819977,7.5556
5820647,7.5683
5821317,7.5809
5821987,7.5936
5822658,7.6063
5823328,7.6190
5823999,7.6318
5824669,7.6445
5825340,7.6573
5826010,7.6701
5826681,7.6829
5827352,7.6958
5828023,7.7086
5828694,7.7215
5829365,7.7344
5830036,7.7473
5830707,7.7603
5831379,7.7733
5832050,7.7863
5832722,7.7993
5833393,7.8123
5834065,7.8254
5834737,7.8384
5835408,7.8515
5836080,7.8647
5836752,7.8778
5837424,7.8910
5838096,7.9042
5838768,7.9174
5839441,7.9306
5840113,7.9439
5840785,7.9572
5841458,7.9705
5842131,7.9838
5842803,7.9971
5843476,8.0105
5844149,8.0239
5844822,8.0373
5845494,8.0508
5846168,8.0642
5846841,8.0777
5847514,8.0912
5848187,8.1048
5848860,8.1183
5849534,8.1319
5850207,8.1455
5850881,8.1591
5851555,8.1728
5852228,8.1865
5852902,8.2002
5853576,8.2139
5854250,8.2277
5854924,8.2414
5855598,8.2552
5856272,8.2691
5856946,8.2829
5857621,8.2968
5858295,8.3107
5858970,8.3246
5859644,8.3386
5860319,8.3526
5860994,8.3666
5861669,8.3806
5862343,8.3947
5863018,8.4087
5863693,8.4228
5864369,8.4370
5865044,8.4511
5865719,8.4653
5866394,8.4795
5867070,8.4938
5867745,8.5080
5868421,8.5223
5869097,8.5366
5869772,8.5510
5870448,8.5654
5871124,8.5798
5871800,8.5942
5872476,8.6086
5873152,8.6231
5873828,8.6376
5874505,8.6522
5875181,8.6667
5875857,8.6813
5876534,8.6960
5877211,8.7106
5877887,8.7253
5878564,8.7400
5879241,8.7547
5879918,8.7695
5880595,8.7843
5881272,8.7991
5881949,8.8140
5882626,8.8288
5883304,8.8437
5883981,8.8587
5884658,8.8736
5885336,8.8886
5886014,8.9037
5886691,8.9187
5887369,8.9338
5888047,8.9489
5888725,8.9641
5889403,8.9793
5890081,8.9945
5890759,9.0097
5891437,9.0250
5892116,9.0403
5892794,9.0556
5893472,9.0710
5894151,9.0864
5894830,9.1018
5895508,9.1173
5896187,9.1327
5896866,9.1483
5897545,9.1638
5898224,9.1794
5898903,9.1950
5899582,9.2107
5900261,9.2264
5900941,9.2421
5901620,9.2578
5902300,9.2736
5902979,9.2894
5903659,9.3053
5904339,9.3212
5905018,9.3371
5905698,9.3530
5906378,9.3690
5907058,9.3850
5907738,9.4011
5908419,9.4172
5909099,9.4333
5909779,9.4495
5910460,9.4657
5911140,9.4819
5911821,9.4982
5912501,9.5145
5913182,9.5308
5913863,9.5472
5914544,9.5636
5915225,9.5800
5915906,9.5965
5916587,9.6130
5917268,9.6296
5917949,9.6462
5918631,9.6628
5919312,9.6794
5919994,9.6961
5920675,9.7129
5921357,9.7297
5922039,9.7465
5922721,9.7633
5923403,9.7802
5924085,9.7971
5924767,9.8141
5925449,9.8311
5926131,9.8482
5926813,9.8652
5927496,9.8824
5928178,9.8995
5928861,9.9167
5929543,9.9340
5930226,9.9513
5930909,9.9686
5931592,9.9859
5932275,10.0033
5932958,10.0208
5933641,10.0383
5934324,10.0558
5935007,10.0734
5935691,10.0910
5936374,10.1086
5937057,10.1263
5937741,10.1441
5938425,10.1618
5939108,10.1797
5939792,10.1975
5940476,10.2154
5941160,10.2334
5941844,10.2514
5942528,10.2694
5943212,10.2875
5943897,10.3056
5944581,10.3238
5945266,10.3420
5945950,10.3603
5946635,10.3786
5947319,10.3969
5948004,10.4153
5948689,10.4337
5949374,10.4522
5950059,10.4708
5950744,10.4893
5951429,10.5080
5952114,10.5266
5952799,10.5453
5953485,10.5641
5954170,10.5829
5954856,10.6018
5955541,10.6207
5956227,10.6396
5956913,10.6587
5957599,10.6777
5958285,10.6968
5958971,10.7160
5959657,10.7352
5960343,10.7544
5961029,10.7737
5961716,10.7931
5962402,10.8125
5963088,10.8319
5963775,10.8514
5964462,10.8710
5965148,10.8906
5965835,10.9102
5966522,10.9299
5967209,10.9497
5967896,10.9695
5968583,10.9894
5969270,11.0093
5969958,11.0293
5970645,11.0493
5971333,11.0694
5972020,11.0895
5972708,11.1097
5973395,11.1299
5974083,11.1502
5974771,11.1705
5975459,11.1910
5976147,11.2114
5976835,11.2319
5977523,11.2525
5978211,11.2731
5978900,11.2938
5979588,11.3146
5980276,11.3354
5980965,11.3562
5981654,11.3771
5982342,11.3981
5983031,11.4191
5983720,11.4402
5984409,11.4614
5985098,11.4826
5985787,11.5038
5986476,11.5252
5987165,11.5465
5987855,11.5680
5988544,11.5895
5989234,11.6111
5989923,11.6327
5990613,11.6544
5991303,11.6761
5991992,11.6979
5992682,11.7198
5993372,11.7418
5994062,11.7638
5994752,11.7858
5995443,11.8079
5996133,11.8301
5996823,11.8524
5997514,11.8747
5998204,11.8971
5998895,11.9195
5999586,11.9421
6000276,11.9646
6000967,11.9873
6001658,12.0100
6002349,12.0328
6003040,12.0556
6003731,12.0785
6004423,12.1015
6005114,12.1246
6005805,12.1477
6006497,12.1709
6007188,12.1941
6007880,12.2174
6008572,12.2408
6009264,12.2643
6009955,12.2878
6010647,12.3114
6011339,12.3351
6012032,12.3588
6012724,12.3826
6013416,12.4065
6014108,12.4305
6014801,12.4545
6015493,12.4786
6016186,12.5028
6016879,12.5270
6017571,12.5513
6018264,12.5757
6018957,12.6002
6019650,12.6247
6020343,12.6493
6021036,12.6740
6021730,12.6988
6022423,12.7236
6023116,12.7485
6023810,12.7735
6024503,12.7986
6025197,12.8237
6025891,12.8489
6026585,12.8742
6027278,12.8996
6027972,12.9250
6028666,12.9505
6029361,12.9761
6030055,13.0018
6030749,13.0276
6031443,13.0534
6032138,13.0793
6032832,13.1053
6033527,13.1314
6034222,13.1575
6034916,13.1837
6035611,13.2100
6036306,13.2364
6037001,13.2629
6037696,13.2894
6038391,13.3161
6039087,13.3428
6039782,13.3695
6040477,13.3964
6041173,13.4233
6041868,13.4504
6042564,13.4775
6043260,13.5047
6043955,13.5319
6044651,13.5593
6045347,13.5867
6046043,13.6142
6046739,13.6418
6047436,13.6695
6048132,13.6972
6048828,13.7251
6049525,13.7530
6050221,13.7810
6050918,13.8090
6051614,13.8372
6052311,13.8654
6053008,13.8937
6053705,13.9221
6054402,13.9506
6055099,13.9792
6055796,14.0078
6056493,14.0365
6057191,14.0653
6057888,14.0942
6058586,14.1232
6059283,14.1522
6059981,14.1813
6060679,14.2105
6061376,14.2398
6062074,14.2691
6062772,14.2986
6063470,14.3281
6064168,14.3577
6064867,14.3873
6065565,14.4170
6066263,14.4468
6066962,14.4767
6067660,14.5067
6068359,14.5367
6069058,14.5668
6069756,14.5970
6070455,14.6272
6071154,14.6575
6071853,14.6879
6072552,14.7183
6073251,14.7489
6073951,14.7794
6074650,14.8101
6075349,14.8408
6076049,14.8716
6076748,14.9024
6077448,14.9333
6078148,14.9642
6078848,14.9952
6079547,15.0263
6080247,15.0574
6080948,15.0886
6081648,15.1198
6082348,15.1511
6083048,15.1824
6083749,15.2138
6084449,15.2452
6085150,15.2767
6085850,15.3082
6086551,15.3397
6087252,15.3713
6087952,15.4029
6088653,15.4346
6089354,15.4663
6090056,15.4980
6090757,15.5297
6091458,15.5614
6092159,15.5932
6092861,15.6250
6093562,15.6568
6094264,15.6886
6094966,15.7204
6095667,15.7522
6096369,15.7841
6097071,15.8159
6097773,15.8477
6098475,15.8795
6099177,15.9113
6099879,15.9431
6100582,15.9748
6101284,16.0065
6101987,16.0382
6102689,16.0699
6103392,16.1015
6104095,16.1331
6104797,16.1646
6105500,16.1960
6106203,16.2275
6106906,16.2588
6107609,16.2901
6108313,16.3213
6109016,16.3524
6109719,16.3834
6110423,16.4143
6111126,16.4452
6111830,16.4759
6112534,16.5065
6113237,16.5370
6113941,16.5673
6114645,16.5976
6115349,16.6276
6116053,16.6576
6116757,16.6873
6117462,16.7169
6118166,16.7464
6118870,16.7756
6119575,16.8047
6120279,16.8335
6120984,16.8621
6121689,16.8906
6122394,16.9188
6123099,16.9467
6123804,16.9744
6124509,17.0019
6125214,17.0291
6125919,17.0560
6126624,17.0826
6127330,17.1089
6128035,17.1349
6128741,17.1605
6129446,17.1859
6130152,17.2109
6130858,17.2355
6131564,17.2598
6132270,17.2837
6132976,17.3071
6133682,17.3302
6134388,17.3529
6135094,17.3751
6135801,17.3969
6136507,17.4182
6137214,17.4390
6137920,17.4594
6138627,17.4793
6139334,17.4986
6140041,17.5174
6140748,17.5357
6141455,17.5534
6142162,17.5706
6142869,17.5871
6143576,17.6031
6144284,17.6184
6144991,17.6332
6145699,17.6473
6146406,17.6607
6147114,17.6734
6147822,17.6855
6148529,17.6969
6149237,17.7076
6149945,17.7175
6150653,17.7267
6151362,17.7351
6152070,17.7428
6152778,17.7497
6153487,17.7558
6154195,17.7611
6154904,17.7656
6155612,17.7692
6156321,17.7720
6157030,17.7740
6157739,17.7751
6158448,17.7753
6159157,17.7746
6159866,17.7730
6160575,17.7705
6161284,17.7671
6161994,17.7627
6162703,17.7574
6163413,17.7512
6164122,17.7440
6164832,17.7358
6165542,17.7267
6166252,17.7166
6166962,17.7055
6167672,17.6935
6168382,17.6804
6169092,17.6664
6169802,17.6513
6170513,17.6353
6171223,17.6182
6171934,17.6001
6172644,17.5811
6173355,17.5610
6174066,17.5399
6174777,17.5178
6175488,17.4946
6176199,17.4705
6176910,17.4454
6177621,17.4193
6178332,17.3921
6179044,17.3640
6179755,17.3349
6180466,17.3048
6181178,17.2737
6181890,17.2416
6182601,17.2086
6183313,17.1746
6184025,17.1396
6184737,17.1037
6185449,17.0669
6186162,17.0291
6186874,16.9904
6187586,16.9508
6188299,16.9103
6189011,16.8689
6189724,16.8266
6190436,16.7835
6191149,16.7395
6191862,16.6946
6192575,16.6489
6193288,16.6024
6194001,16.5551
6194714,16.5069
6195427,16.4580
6196140,16.4083
6196854,16.3578
6197567,16.3066
6198281,16.2547
6198995,16.2020
6199708,16.1486
6200422,16.0946
6201136,16.0398
6201850,15.9844
6202564,15.9283
6203278,15.8715
6203992,15.8141
6204707,15.7562
6205421,15.6976
6206136,15.6384
6206850,15.5786
6207565,15.5183
6208279,15.4574
6208994,15.3959
6209709,15.3340
6210424,15.2715
6211139,15.2085
6211854,15.1450
6212569,15.0811
6213285,15.0166
6214000,14.9518
6214716,14.8864
6215431,14.8207
6216147,14.7545
6216862,14.6879
6217578,14.6208
6218294,14.5534
6219010,14.4857
6219726,14.4175
6220442,14.3490
6221158,14.2801
6221875,14.2109
6222591,14.1414
6223307,14.0715
6224024,14.0013
6224741,13.9308
6225457,13.8600
6226174,13.7889
6226891,13.7176
6227608,13.6459
6228325,13.5740
6229042,13.5018
6229759,13.4294
6230476,13.3567
6231194,13.2838
6231911,13.2107
6232629,13.1373
6233346,13.0637
6234064,12.9899
6234782,12.9159
6235500,12.8417
6236218,12.7673
6236936,12.6927
6237654,12.6179
6238372,12.5429
6239090,12.4678
6239808,12.3925
6240527,12.3170
6241245,12.2413
6241964,12.1655
6242683,12.0895
6243401,12.0134
6244120,11.9372
6244839,11.8608
6245558,11.7842
6246277,11.7075
6246996,11.6307
6247716,11.5538
6248435,11.4767
6249154,11.3995
6249874,11.3222
6250593,11.2447
6251313,11.1672
6252033,11.0895
6252753,11.0117
6253473,10.9338
6254193,10.8559
6254913,10.7778
6255633,10.6996
6256353,10.6212
6257073,10.5428
6257794,10.4643
6258514,10.3858
6259235,10.3071
6259956,10.2283
6260676,10.1494
6261397,10.0705
6262118,9.9914
6262839,9.9123
6263560,9.8331
6264281,9.7538
6265003,9.6744
6265724,9.5949
6266445,9.5154
6267167,9.4357
6267888,9.3560
6268610,9.2763
6269332,9.1964
6270054,9.1165
6270776,9.0365
6271498,8.9564
6272220,8.8763
6272942,8.7961
6273664,8.7158
6274386,8.6355
6275109,8.5551
6275831,8.4746
6276554,8.3941
6277276,8.3135
6277999,8.2328
6278722,8.1521
6279445,8.0713
6280168,7.9905
6280891,7.9096
6281614,7.8286
6282337,7.7476
6283061,7.6666
6283784,7.5855
6284508,7.5044
6285231,7.4232
6285955,7.3419
6286679,7.2607
6287402,7.1794
6288126,7.0980
6288850,7.0166
6289574,6.9352
6290298,6.8538
6291023,6.7723
6291747,6.6908
6292471,6.6093
6293196,6.5277
6293921,6.4462
6294645,6.3646
6295370,6.2830
6296095,6.2015
6296820,6.1199
6297545,6.0383
6298270,5.9567
6298995,5.8752
6299720,5.7936
6300445,5.7121
6301171,5.6306
6301896,5.5492
6302622,5.4678
6303348,5.3864
6304073,5.3051
6304799,5.2238
6305525,5.1426
6306251,5.0615
6306977,4.9805
6307703,4.8995
6308430,4.8186
6309156,4.7379
6309882,4.6572
6310609,4.5767
6311335,4.4963
6312062,4.4160
6312789,4.3359
6313516,4.2559
6314242,4.1762
6314969,4.0966
6315697,4.0172
6316424,3.9380
6317151,3.8590
6317878,3.7802
6318606,3.7017
6319333,3.6235
6320061,3.5455
6320788,3.4679
6321516,3.3905
6322244,3.3135
6322972,3.2368
6323700,3.1604
6324428,3.0844
6325156,3.0088
6325884,2.9337
6326613,2.8589
6327341,2.7846
6328070,2.7108
6328798,2.6374
6329527,2.5646
6330256,2.4923
6330985,2.4206
6331713,2.3494
6332442,2.2788
6333172,2.2089
6333901,2.1396
6334630,2.0709
6335359,2.0030
6336089,1.9358
6336818,1.8693
6337548,1.8037
6338278,1.7388
6339007,1.6747
6339737,1.6115
6340467,1.5492
6341197,1.4878
6341927,1.4273
6342657,1.3678
6343388,1.3092
6344118,1.2517
6344848,1.1953
6345579,1.1399
6346310,1.0856
6347040,1.0324
6347771,0.9804
6348502,0.9296
6349233,0.8800
6349964,0.8316
6350695,0.7845
6351426,0.7386
6352157,0.6941
6352889,0.6509
6353620,0.6091
6354352,0.5686
6355083,0.5295
6355815,0.4918
6356547,0.4556
6357279,0.4208
6358011,0.3875
6358743,0.3557
6359475,0.3254
6360207,0.2966
6360939,0.2693
6361672,0.2436
6362404,0.2194
6363137,0.1968
6363869,0.1757
6364602,0.1561
6365335,0.1382
6366068,0.1218
6366801,0.1070
6367534,0.0938
6368267,0.0821
6369000,0.0720
6369733,0.0634
6370467,0.0564
6371200,0.0509
6371934,0.0470
6372667,0.0446
6373401,0.0437
6374135,0.0443
6374869,0.0464
6375603,0.0499
6376337,0.0549
6377071,0.0613
6377805,0.0691
6378540,0.0783
6379274,0.0888
6380008,0.1007
6380743,0.1140
6381478,0.1285
6382212,0.1443
6382947,0.1613
6383682,0.1795
6384417,0.1990
6385152,0.2196
6385887,0.2413
6386623,0.2642
6387358,0.2881
6388093,0.3131
6388829,0.3391
6389564,0.3662
6390300,0.3941
6391036,0.4231
6391772,0.4529
6392508,0.4836
6393244,0.5152
6393980,0.5476
6394716,0.5809
6395452,0.6149
6396189,0.6496
6396925,0.6851
6397661,0.7212
6398398,0.7580
6399135,0.7955
6399872,0.8336
6400608,0.8723
6401345,0.9115
6402082,0.9513
6402819,0.9916
6403557,1.0324
6404294,1.0737
6405031,1.1155
6405769,1.1577
6406506,1.2003
6407244,1.2432
6407982,1.2866
6408719,1.3303
6409457,1.3743
6410195,1.4187
6410933,1.4634
6411671,1.5083
6412410,1.5535
6413148,1.5990
6413886,1.6447
6414625,1.6906
6415363,1.7367
6416102,1.7830
6416841,1.8294
6417579,1.8761
6418318,1.9229
6419057,1.9698
6419796,2.0168
6420536,2.0640
6421275,2.1113
6422014,2.1586
6422754,2.2060
6423493,2.2535
6424233,2.3011
6424972,2.3487
6425712,2.3964
6426452,2.4441
6427192,2.4918
6427932,2.5396
6428672,2.5873
6429412,2.6351
6430152,2.6828
6430893,2.7306
6431633,2.7783
6432374,2.8260
6433114,2.8737
6433855,2.9214
6434596,2.9690
6435336,3.0166
6436077,3.0641
6436818,3.1116
6437559,3.1590
6438301,3.2063
6439042,3.2536
6439783,3.3008
6440525,3.3480
6441266,3.3950
6442008,3.4420
6442750,3.4889
6443491,3.5358
6444233,3.5825
6444975,3.6291
6445717,3.6757
6446459,3.7221
6447202,3.7685
6447944,3.8147
6448686,3.8609
6449429,3.9069
6450171,3.9529
6450914,3.9987
6451657,4.0445
6452400,4.0901
6453142,4.1356
6453885,4.1810
6454629,4.2263
6455372,4.2714
6456115,4.3165
6456858,4.3614
6457602,4.4063
6458345,4.4510
6459089,4.4955
6459832,4.5400
6460576,4.5844
6461320,4.6286
6462064,4.6727
6462808,4.7167
6463552,4.7605
6464296,4.8043
6465041,4.8479
6465785,4.8914
6466529,4.9348
6467274,4.9781
6468019,5.0212
6468763,5.0642
6469508,5.1071
6470253,5.1499
6470998,5.1925
6471743,5.2351
6472488,5.2775
6473233,5.3198
6473979,5.3619
6474724,5.4040
6475469,5.4459
6476215,5.4877
6476961,5.5294
6477706,5.5710
6478452,5.6125
6479198,5.6538
6479944,5.6950
6480690,5.7361
6481436,5.7771
6482183,5.8180
6482929,5.8588
6483675,5.8994
6484422,5.9400
6485168,5.9804
6485915,6.0207
6486662,6.0609
6487409,6.1010
6488156,6.1409
6488903,6.1808
6489650,6.2206
6490397,6.2602
6491144,6.2997
6491892,6.3392
6492639,6.3785
6493387,6.4177
6494134,6.4568
6494882,6.4959
6495630,6.5348
6496378,6.5736
6497125,6.6123
6497874,6.6509
6498622,6.6894
6499370,6.7278
6500118,6.7661
6500867,6.8042
6501615,6.8424
6502364,6.8804
6503112,6.9183
6503861,6.9561
6504610,6.9938
6505359,7.0314
6506108,7.0689
6506857,7.1064
6507606,7.1437
6508355,7.1810
6509105,7.2181
6509854,7.2552
6510604,7.2922
6511353,7.3291
6512103,7.3659
6512853,7.4026
6513603,7.4392
6514352,7.4758
6515103,7.5122
6515853,7.5486
6516603,7.5849
6517353,7.6211
6518104,7.6572
6518854,7.6933
6519605,7.7292
6520355,7.7651
6521106,7.8009
6521857,7.8367
6522608,7.8723
6523359,7.9079
6524110,7.9434
6524861,7.9788
6525612,8.0141
6526363,8.0494
6527115,8.0846
6527866,8.1197
6528618,8.1548
6529370,8.1898
6530121,8.2247
6530873,8.2595
6531625,8.2943
6532377,8.3290
6533129,8.3636
6533882,8.3982
6534634,8.4327
6535386,8.4671
6536139,8.5015
6536891,8.5358
6537644,8.5700
6538397,8.6042
6539149,8.6383
6539902,8.6724
6540655,8.7064
6541408,8.7403
6542161,8.7742
6542915,8.8080
6543668,8.8417
6544421,8.8754
6545175,8.9090
6545928,8.9426
6546682,8.9761
6547436,9.0096
6548190,9.0430
6548944,9.0763
6549698,9.1096
6550452,9.1429
6551206,9.1761
6551960,9.2092
6552715,9.2423
6553469,9.2753
6554224,9.3083
6554978,9.3412
6555733,9.3741
6556488,9.4069
6557243,9.4397
6557998,9.4724
6558753,9.5051
6559508,9.5378
6560263,9.5704
6561018,9.6029
6561774,9.6354
6562529,9.6679
6563285,9.7003
6564041,9.7326
6564796,9.7650
6565552,9.7972
6566308,9.8295
6567064,9.8617
6567820,9.8938
6568576,9.9259
6569333,9.9580
6570089,9.9900
6570845,10.0220
6571602,10.0540
6572359,10.0859
6573115,10.1178
6573872,10.1496
6574629,10.1814
6575386,10.2132
6576143,10.2449
6576900,10.2766
6577657,10.3083
6578415,10.3399
6579172,10.3715
6579930,10.4031
6580687,10.4346
6581445,10.4661
6582203,10.4976
6582961,10.5290
6583719,10.5604
6584477,10.5918
6585235,10.6231
6585993,10.6544
6586751,10.6857
6587510,10.7169
6588268,10.7481
6589027,10.7793
6589785,10.8105
6590544,10.8416
6591303,10.8727
6592062,10.9038
6592821,10.9349
6593580,10.9659
6594339,10.9969
6595098,11.0279
6595857,11.0588
6596617,11.0898
6597376,11.1207
6598136,11.1516
6598896,11.1824
6599655,11.2133
6600415,11.2441
6601175,11.2749
6601935,11.3057
6602695,11.3364
6603455,11.3672
6604216,11.3979
6604976,11.4286
6605737,11.4592
6606497,11.4899
6607258,11.5205
6608019,11.5511
6608779,11.5817
6609540,11.6123
6610301,11.6429
6611062,11.6734
6611824,11.7040
6612585,11.7345
6613346,11.7650
6614108,11.7955
6614869,11.8260
6615631,11.8564
6616392,11.8869
6617154,11.9173
6617916,11.9477
6618678,11.9781
6619440,12.0085
6620202,12.0389
6620964,12.0692
6621727,12.0996
6622489,12.1299
6623252,12.1603
6624014,12.1906
6624777,12.2209
6625540,12.2512
6626302,12.2815
6627065,12.3118
6627828,12.3421
6628591,12.3723
6629355,12.4026
6630118,12.4328
6630881,12.4631
6631645,12.4933
6632408,12.5235
6633172,12.5538
6633936,12.5840
6634699,12.6142
6635463,12.6444
6636227,12.6746
6636991,12.7048
6637756,12.7350
6638520,12.7652
6639284,12.7953
6640049,12.8255
6640813,12.8557
6641578,12.8859
6642342,12.9160
6643107,12.9462
6643872,12.9763
6644637,13.0065
6645402,13.0367
6646167,13.0668
6646932,13.0970
6647698,13.1271
6648463,13.1573
6649228,13.1875
6649994,13.2176
6650760,13.2478
6651525,13.2779
6652291,13.3081
6653057,13.3383
6653823,13.3684
6654589,13.3986
6655355,13.4288
6656122,13.4589
6656888,13.4891
6657655,13.5193
6658421,13.5495
6659188,13.5796
6659954,13.6098
6660721,13.6400
6661488,13.6702
6662255,13.7004
6663022,13.7306
6663789,13.7608
6664557,13.7911
6665324,13.8213
6666091,13.8515
6666859,13.8818
6667626,13.9120
6668394,13.9423
6669162,13.9725
6669930,14.0028
6670698,14.0331
6671466,14.0634
6672234,14.0937
6673002,14.1240
6673770,14.1543
6674539,14.1846
6675307,14.2149
6676076,14.2453
6676844,14.2756
6677613,14.3060
6678382,14.3364
6679151,14.3668
6679920,14.3972
6680689,14.4276
6681458,14.4580
6682227,14.4884
6682997,14.5189
6683766,14.5493
6684536,14.5798
6685305,14.6103
6686075,14.6408
6686845,14.6713
6687615,14.7018
6688385,14.7324
6689155,14.7630
6689925,14.7935
6690695,14.8241
6691466,14.8547
6692236,14.8853
6693007,14.9160
6693777,14.9466
6694548,14.9773
6695319,15.0080
6696090,15.0387
6696861,15.0694
6697632,15.1002
6698403,15.1309
6699174,15.1617
6699945,15.1925
6700717,15.2233
6701488,15.2541
6702260,15.2850
6703031,15.3159
6703803,15.3468
6704575,15.3777
6705347,15.4086
6706119,15.4396
6706891,15.4705
6707663,15.5015
6708436,15.5325
6709208,15.5636
6709980,15.5946
6710753,15.6257
6711526,15.6568
6712298,15.6880
6713071,15.7191
6713844,15.7503
6714617,15.7815
6715390,15.8127
6716163,15.8440
6716937,15.8752
6717710,15.9065
6718483,15.9379
6719257,15.9692
6720031,16.0006
6720804,16.0320
6721578,16.0634
6722352,16.0948
6723126,16.1263
6723900,16.1578
6724674,16.1894
6725449,16.2209
6726223,16.2525
6726997,16.2841
6727772,16.3158
6728546,16.3474
6729321,16.3791
6730096,16.4108
6730871,16.4426
6731646,16.4744
6732421,16.5062
6733196,16.5380
6733971,16.5699
6734747,16.6018
6735522,16.6338
6736297,16.6657
6737073,16.6977
6737849,16.7298
6738624,16.7618
6739400,16.7939
6740176,16.8260
6740952,16.8582
6741728,16.8904
6742505,16.9226
6743281,16.9549
6744057,16.9872
6744834,17.0195
6745610,17.0519
6746387,17.0842
6747164,17.1167
6747941,17.1491
6748718,17.1816
6749495,17.2142
6750272,17.2467
6751049,17.2793
6751826,17.3120
6752604,17.3447
6753381,17.3774
6754159,17.4101
6754936,17.4429
6755714,17.4757
6756492,17.5086
6757270,17.5415
6758048,17.5744
6758826,17.6074
6759604,17.6404
6760382,17.6735
6761161,17.7066
6761939,17.7397
6762718,17.7729
6763496,17.8061
6764275,17.8394
6765054,17.8727
6765833,17.9060
6766612,17.9394
6767391,17.9728
6768170,18.0063
6768949,18.0398
6769729,18.0733
6770508,18.1069
6771288,18.1405
6772067,18.1742
6772847,18.2079
6773627,18.2417
6774407,18.2755
6775187,18.3093
6775967,18.3432
6776747,18.3771
6777527,18.4111
6778307,18.4451
6779088,18.4792
6779868,18.5133
6780649,18.5475
6781430,18.5817
6782210,18.6159
6782991,18.6502
6783772,18.6846
6784553,18.7190
6785334,18.7534
6786116,18.7879
6786897,18.8224
6787678,18.8570
6788460,18.8917
6789241,18.9263
6790023,18.9611
6790805,18.9958
6791587,19.0307
6792369,19.0655
6793151,19.1005
6793933,19.1354
6794715,19.1705
6795497,19.2055
6796280,19.2407
6797062,19.2758
6797845,19.3111
6798628,19.3463
6799410,19.3817
6800193,19.4170
6800976,19.4525
6801759,19.4880
6802542,19.5235
6803326,19.5591
6804109,19.5947
6804892,19.6304
6805676,19.6662
6806459,19.7020
6807243,19.7378
6808027,19.7737
6808811,19.8097
6809595,19.8457
6810379,19.8818
6811163,19.9179
6811947,19.9541
6812731,19.9903
6813516,20.0266
6814300,20.0630
6815085,20.0994
6815869,20.1358
6816654,20.1724
6817439,20.2089
6818224,20.2456
6819009,20.2822
6819794,20.3190
6820579,20.3558
6821364,20.3926
6822150,20.4296
6822935,20.4665
6823721,20.5036
6824507,20.5406
6825292,20.5778
6826078,20.6150
6826864,20.6522
6827650,20.6896
6828436,20.7269
6829222,20.7644
6830009,20.8019
6830795,20.8394
6831582,20.8771
6832368,20.9147
6833155,20.9525
6833941,20.9903
6834728,21.0281
6835515,21.0660
6836302,21.1040
6837089,21.1420
6837877,21.1801
6838664,21.2183
6839451,21.2565
6840239,21.2948
6841026,21.3331
6841814,21.3715
6842602,21.4099
6843389,21.4485
6844177,21.4870
6844965,21.5257
6845753,21.5644
6846542,21.6031
6847330,21.6419
6848118,21.6808
6848907,21.7198
6849695,21.7588
6850484,21.7978
6851273,21.8369
6852062,21.8761
6852850,21.9154
6853639,21.9547
6854429,21.9940
6855218,22.0335
6856007,22.0729
6856796,22.1125
6857586,22.1521
6858375,22.1918
6859165,22.2315
6859955,22.2713
6860745,22.3111
6861535,22.3510
6862325,22.3910
6863115,22.4310
6863905,22.4711
6864695,22.5112
6865486,22.5514
6866276,22.5917
6867067,22.6320
6867857,22.6724
6868648,22.7128
6869439,22.7533
6870230,22.7938
6871021,22.8345
6871812,22.8751
6872603,22.9158
6873394,22.9566
6874186,22.9974
6874977,23.0383
6875769,23.0792
6876560,23.1202
6877352,23.1613
6878144,23.2024
6878936,23.2435
6879728,23.2847
6880520,23.3260
6881312,23.3673
6882104,23.4087
6882897,23.4501
6883689,23.4915
6884482,23.5330
6885274,23.5746
6886067,23.6162
6886860,23.6578
6887653,23.6995
6888446,23.7413
6889239,23.7831
6890032,23.8249
6890826,23.8668
6891619,23.9087
6892412,23.9506
6893206,23.9926
6894000,24.0347
6894793,24.0767
6895587,24.1188
6896381,24.1610
6897175,24.2032
6897969,24.2454
6898763,24.2876
6899558,24.3299
6900352,24.3723
6901147,24.4146
6901941,24.4570
6902736,24.4994
6903531,24.5418
6904325,24.5843
6905120,24.6267
6905915,24.6692
6906711,24.7117
6907506,24.7543
6908301,24.7968
6909096,24.8394
6909892,24.8820
6910688,24.9246
6911483,24.9672
6912279,25.0098
6913075,25.0524
6913871,25.0951
6914667,25.1377
6915463,25.1803
6916259,25.2229
6917055,25.2656
6917852,25.3082
6918648,25.3508
6919445,25.3934
6920242,25.4360
6921038,25.4786
6921835,25.5212
6922632,25.5637
6923429,25.6062
6924226,25.6487
6925024,25.6912
6925821,25.7337
6926618,25.7761
6927416,25.8185
6928213,25.8608
6929011,25.9031
6929809,25.9454
6930607,25.9876
6931405,26.0298
6932203,26.0719
6933001,26.1139
6933799,26.1559
6934597,26.1979
6935396,26.2398
6936194,26.2816
6936993,26.3233
6937792,26.3650
6938590,26.4065
6939389,26.4480
6940188,26.4894
6940987,26.5308
6941787,26.5720
6942586,26.6131
6943385,26.6541
6944185,26.6950
6944984,26.7359
6945784,26.7765
6946583,26.8171
6947383,26.8576
6948183,26.8979
6948983,26.9380
6949783,26.9781
6950583,27.0180
6951384,27.0577
6952184,27.0973
6952984,27.1368
6953785,27.1761
6954586,27.2152
6955386,27.2541
6956187,27.2929
6956988,27.3315
6957789,27.3699
6958590,27.4081
6959391,27.4461
6960193,27.4839
6960994,27.5215
6961795,27.5589
6962597,27.5960
6963399,27.6329
6964200,27.6696
6965002,27.7061
6965804,27.7423
6966606,27.7783
6967408,27.8140
6968210,27.8494
6969013,27.8846
6969815,27.9195
6970618,27.9542
6971420,27.9885
6972223,28.0226
6973026,28.0563
6973828,28.0898
6974631,28.1229
6975434,28.1557
6976237,28.1882
6977041,28.2204
6977844,28.2523
6978647,28.2838
6979451,28.3149
6980254,28.3457
6981058,28.3762
6981862,28.4062
6982666,28.4359
6983470,28.4653
6984274,28.4942
6985078,28.5228
6985882,28.5509
6986686,28.5787
6987491,28.6061
6988295,28.6330
6989100,28.6595
6989905,28.6856
6990709,28.7113
6991514,28.7366
6992319,28.7614
6993124,28.7857
6993930,28.8096
6994735,28.8331
6995540,28.8561
6996346,28.8786
6997151,28.9007
6997957,28.9223
6998762,28.9434
6999568,28.9640
7000374,28.9841
7001180,29.0038
7001986,29.0229
7002792,29.0416
7003599,29.0597
7004405,29.0773
7005212,29.0945
7006018,29.1111
7006825,29.1272
7007631,29.1428
7008438,29.1579
7009245,29.1724
7010052,29.1864
7010859,29.1999
7011667,29.2129
7012474,29.2253
7013281,29.2372
7014089,29.2486
7014896,29.2594
7015704,29.2697
7016512,29.2794
7017320,29.2886
7018128,29.2973
7018936,29.3055
7019744,29.3131
7020552,29.3201
7021360,29.3267
7022169,29.3327
7022977,29.3381
7023786,29.3431
7024594,29.3474
7025403,29.3513
7026212,29.3546
7027021,29.3574
7027830,29.3597
7028639,29.3615
7029449,29.3627
7030258,29.3634
7031067,29.3636
7031877,29.3633
7032686,29.3625
7033496,29.3611
7034306,29.3593
7035116,29.3570
7035926,29.3541
7036736,29.3508
7037546,29.3470
7038356,29.3427
7039167,29.3379
7039977,29.3327
7040788,29.3270
7041598,29.3208
7042409,29.3141
7043220,29.3070
7044031,29.2995
7044842,29.2915
7045653,29.2830
7046464,29.2742
7047276,29.2649
7048087,29.2551
7048898,29.2450
7049710,29.2344
7050522,29.2235
7051333,29.2121
7052145,29.2003
7052957,29.1882
7053769,29.1757
7054581,29.1627
7055394,29.1495
7056206,29.1358
7057018,29.1218
7057831,29.1074
7058644,29.0927
7059456,29.0777
7060269,29.0623
7061082,29.0466
7061895,29.0305
7062708,29.0142
7063521,28.9975
7064334,28.9806
7065148,28.9633
7065961,28.9457
7066775,28.9279
7067588,28.9098
7068402,28.8914
7069216,28.8727
7070030,28.8538
7070844,28.8346
7071658,28.8152
7072472,28.7956
7073287,28.7757
7074101,28.7555
7074915,28.7352
7075730,28.7146
7076545,28.6938
7077359,28.6728
7078174,28.6516
7078989,28.6302
7079804,28.6086
7080619,28.5868
7081435,28.5648
7082250,28.5427
7083065,28.5204
7083881,28.4979
7084697,28.4753
7085512,28.4525
7086328,28.4295
7087144,28.4064
7087960,28.3832
7088776,28.3598
7089592,28.3364
7090408,28.3127
7091225,28.2890
7092041,28.2651
7092858,28.2411
7093674,28.2171
7094491,28.1929
7095308,28.1686
7096125,28.1442
7096942,28.1197
7097759,28.0952
7098576,28.0705
7099394,28.0458
7100211,28.0210
7101028,27.9961
7101846,27.9712
7102664,27.9461
7103482,27.9211
7104299,27.8959
7105117,27.8707
7105935,27.8455
7106754,27.8202
7107572,27.7949
7108390,27.7695
7109209,27.7441
7110027,27.7187
7110846,27.6932
7111664,27.6677
7112483,27.6421
7113302,27.6166
7114121,27.5910
7114940,27.5654
7115759,27.5397
7116579,27.5141
7117398,27.4885
7118218,27.4628
7119037,27.4371
7119857,27.4115
7120676,27.3858
7121496,27.3601
7122316,27.3345
7123136,27.3088
7123956,27.2832
7124777,27.2575
7125597,27.2319
7126417,27.2063
7127238,27.1807
7128058,27.1551
7128879,27.1295
7129700,27.1039
7130521,27.0784
7131342,27.0529
7132163,27.0274
7132984,27.0020
7133805,26.9765
7134627,26.9511
7135448,26.9258
7136270,26.9004
7137091,26.8751
7137913,26.8499
7138735,26.8246
7139557,26.7994
7140379,26.7743
7141201,26.7492
7142023,26.7241
7142845,26.6991
7143668,26.6741
7144490,26.6491
7145313,26.6243
7146136,26.5994
7146958,26.5746
7147781,26.5499
7148604,26.5252
7149427,26.5005
7150250,26.4759
7151074,26.4514
7151897,26.4269
7152720,26.4024
7153544,26.3780
7154368,26.3537
7155191,26.3294
7156015,26.3052
7156839,26.2811
7157663,26.2570
7158487,26.2329
7159311,26.2089
7160136,26.1850
7160960,26.1612
7161785,26.1374
7162609,26.1136
7163434,26.0900
7164259,26.0663
7165083,26.0428
7165908,26.0193
7166733,25.9959
7167559,25.9725
7168384,25.9492
7169209,25.9260
7170035,25.9029
7170860,25.8798
7171686,25.8567
7172512,25.8338
7173337,25.8109
7174163,25.7881
7174989,25.7653
7175815,25.7426
7176642,25.7200
7177468,25.6975
7178294,25.6750
7179121,25.6526
7179947,25.6302
7180774,25.6080
7181601,25.5858
7182428,25.5636
7183255,25.5416
7184082,25.5196
7184909,25.4977
7185736,25.4758
7186563,25.4541
7187391,25.4324
7188218,25.4107
7189046,25.3892
7189874,25.3677
7190701,25.3462
7191529,25.3249
7192357,25.3036
7193185,25.2824
7194014,25.2613
7194842,25.2402
7195670,25.2192
7196499,25.1983
7197327,25.1775
7198156,25.1567
7198985,25.1360
7199814,25.1154
7200643,25.0948
7201472,25.0743
7202301,25.0539
7203130,25.0336
7203959,25.0133
7204789,24.9931
7205618,24.9730
7206448,24.9530
7207278,24.9330
7208107,24.9131
7208937,24.8932
7209767,24.8735
7210598,24.8538
7211428,24.8342
7212258,24.8146
7213088,24.7951
7213919,24.7757
7214749,24.7564
7215580,24.7371
7216411,24.7180
7217242,24.6988
7218073,24.6798
7218904,24.6608
7219735,24.6419
7220566,24.6231
7221398,24.6043
7222229,24.5856
7223061,24.5670
7223892,24.5485
7224724,24.5300
7225556,24.5116
7226388,24.4932
7227220,24.4750
7228052,24.4568
7228884,24.4386
7229716,24.4206
7230549,24.4026
7231381,24.3847
7232214,24.3668
7233046,24.3490
7233879,24.3313
7234712,24.3137
7235545,24.2961
7236378,24.2786
7237211,24.2612
7238045,24.2438
7238878,24.2265
7239711,24.2093
7240545,24.1921
7241379,24.1750
7242212,24.1580
7243046,24.1410
7243880,24.1242
7244714,24.1073
7245548,24.0906
7246383,24.0739
7247217,24.0573
7248051,24.0407
7248886,24.0242
7249720,24.0078
7250555,23.9914
7251390,23.9752
7252225,23.9589
7253060,23.9428
7253895,23.9267
7254730,23.9107
7255565,23.8947
7256401,23.8788
7257236,23.8630
7258072,23.8472
7258907,23.8315
7259743,23.8159
7260579,23.8003
7261415,23.7848
7262251,23.7693
7263087,23.7540
7263923,23.7386
7264760,23.7234
7265596,23.7082
7266433,23.6931
7267269,23.6780
7268106,23.6630
7268943,23.6481
7269780,23.6332
7270617,23.6184
7271454,23.6036
7272291,23.5890
7273128,23.5743
7273966,23.5598
7274803,23.5453
7275641,23.5308
7276479,23.5165
7277316,23.5021
7278154,23.4879
7278992,23.4737
7279830,23.4595
7280668,23.4455
7281507,23.4315
7282345,23.4175
7283184,23.4036
7284022,23.3898
7284861,23.3760
7285699,23.3623
7286538,23.3486
7287377,23.3351
7288216,23.3215
7289055,23.3080
7289895,23.2946
7290734,23.2813
7291573,23.2680
7292413,23.2547
7293253,23.2415
7294092,23.2284
7294932,23.2154
7295772,23.2023
7296612,23.1894
7297452,23.1765
7298292,23.1637
7299133,23.1509
7299973,23.1382
7300814,23.1255
7301654,23.1129
7302495,23.1003
7303336,23.0878
7304176,23.0754
7305017,23.0630
7305858,23.0507
7306700,23.0384
7307541,23.0262
7308382,23.0140
7309224,23.0019
7310065,22.9899
7310907,22.9779
7311749,22.9659
7312591,22.9541
7313432,22.9422
7314274,22.9305
7315117,22.9187
7315959,22.9071
7316801,22.8955
7317644,22.8839
7318486,22.8724
7319329,22.8609
7320171,22.8495
7321014,22.8382
7321857,22.8269
7322700,22.8157
7323543,22.8045
7324387,22.7933
7325230,22.7823
7326073,22.7712
7326917,22.7603
7327760,22.7493
7328604,22.7385
7329448,22.7277
7330292,22.7169
7331136,22.7062
7331980,22.6955
7332824,22.6849
7333668,22.6743
7334513,22.6638
7335357,22.6534
7336202,22.6430
7337046,22.6326
7337891,22.6223
7338736,22.6120
7339581,22.6018
7340426,22.5917
7341271,22.5816
7342116,22.5715
7342962,22.5615
7343807,22.5516
7344653,22.5417
7345498,22.5318
7346344,22.5220
7347190,22.5123
7348036,22.5026
7348882,22.4929
7349728,22.4833
7350574,22.4737
7351420,22.4642
7352267,22.4548
7353113,22.4453
7353960,22.4360
7354807,22.4267
7355653,22.4174
7356500,22.4082
7357347,22.3990
7358194,22.3899
7359042,22.3808
7359889,22.3718
7360736,22.3628
7361584,22.3539
7362431,22.3450
7363279,22.3361
7364127,22.3273
7364975,22.3186
7365823,22.3099
7366671,22.3013
7367519,22.2927
7368367,22.2841
7369215,22.2756
7370064,22.2671
7370912,22.2587
7371761,22.2503
7372610,22.2420
7373459,22.2337
7374308,22.2255
7375157,22.2173
7376006,22.2091
7376855,22.2011
7377704,22.1930
7378554,22.1850
7379403,22.1770
7380253,22.1691
7381103,22.1612
7381953,22.1534
7382803,22.1456
7383653,22.1379
7384503,22.1302
7385353,22.1226
7386203,22.1150
7387054,22.1074
7387904,22.0999
7388755,22.0924
7389606,22.0850
7390456,22.0776
7391307,22.0703
7392158,22.0630
7393009,22.0557
7393861,22.0485
7394712,22.0413
7395563,22.0342
7396415,22.0271
7397266,22.0201
7398118,22.0131
7398970,22.0062
7399822,21.9993
7400674,21.9924
7401526,21.9856
7402378,21.9788
7403230,21.9721
7404083,21.9654
7404935,21.9587
7405788,21.9521
7406640,21.9456
7407493,21.9390
7408346,21.9326
7409199,21.9261
7410052,21.9197
7410905,21.9134
7411758,21.9071
7412612,21.9008
7413465,21.8946
7414319,21.8884
7415172,21.8823
7416026,21.8761
7416880,21.8701
7417734,21.8641
7418588,21.8581
7419442,21.8522
7420296,21.8463
7421151,21.8404
7422005,21.8346
7422860,21.8288
7423714,21.8231
7424569,21.8174
7425424,21.8117
7426279,21.8061
7427134,21.8006
7427989,21.7950
7428844,21.7895
7429700,21.7841
7430555,21.7787
7431411,21.7733
7432266,21.7680
7433122,21.7627
7433978,21.7575
7434834,21.7522
7435690,21.7471
7436546,21.7420
7437402,21.7369
7438258,21.7318
7439115,21.7268
7439971,21.7218
7440828,21.7169
7441685,21.7120
7442541,21.7072
7443398,21.7024
7444255,21.6976
7445112,21.6928
7445970,21.6882
7446827,21.6835
7447684,21.6789
7448542,21.6743
7449399,21.6698
7450257,21.6653
7451115,21.6608
7451973,21.6564
7452831,21.6520
7453689,21.6477
7454547,21.6434
7455405,21.6391
7456264,21.6349
7457122,21.6307
7457981,21.6265
7458839,21.6224
7459698,21.6183
7460557,21.6143
7461416,21.6103
7462275,21.6063
7463134,21.6024
7463994,21.5985
7464853,21.5947
7465712,21.5909
7466572,21.5871
7467432,21.5834
7468291,21.5797
7469151,21.5760
7470011,21.5724
7470871,21.5688
7471731,21.5652
7472592,21.5617
7473452,21.5583
7474313,21.5548
7475173,21.5514
7476034,21.5481
7476895,21.5448
7477755,21.5415
7478616,21.5382
7479477,21.5350
7480339,21.5318
7481200,21.5287
7482061,21.5256
7482923,21.5225
7483784,21.5195
7484646,21.5165
7485508,21.5136
7486369,21.5106
7487231,21.5078
7488093,21.5049
7488956,21.5021
7489818,21.4993
7490680,21.4966
7491543,21.4939
7492405,21.4913
7493268,21.4886
7494131,21.4860
7494993,21.4835
7495856,21.4810
7496719,21.4785
7497583,21.4761
7498446,21.4737
7499309,21.4713
7500173,21.4690
7501036,21.4667
7501900,21.4644
7502763,21.4622
7503627,21.4600
7504491,21.4578
7505355,21.4557
7506219,21.4536
7507084,21.4516
7507948,21.4496
7508812,21.4476
7509677,21.4456
7510542,21.4437
7511406,21.4419
7512271,21.4400
7513136,21.4382
7514001,21.4365
7514866,21.4348
7515731,21.4331
7516597,21.4314
7517462,21.4298
7518328,21.4282
7519193,21.4267
7520059,21.4251
7520925,21.4237
7521791,21.4222
7522657,21.4208
7523523,21.4194
7524389,21.4181
7525256,21.4168
7526122,21.4155
7526989,21.4143
7527855,21.4131
7528722,21.4119
7529589,21.4108
7530456,21.4097
7531323,21.4087
7532190,21.4076
7533057,21.4066
7533924,21.4057
7534792,21.4048
7535659,21.4039
7536527,21.4030
7537395,21.4022
7538262,21.4014
7539130,21.4007
7539998,21.4000
7540867,21.3993
7541735,21.3987
7542603,21.3981
7543472,21.3975
7544340,21.3970
7545209,21.3965
7546077,21.3960
7546946,21.3955
7547815,21.3951
7548684,21.3948
7549553,21.3945
7550423,21.3942
7551292,21.3939
7552161,21.3937
7553031,21.3935
7553900,21.3933
7554770,21.3932
7555640,21.3931
7556510,21.3930
7557380,21.3930
7558250,21.3930
7559120,21.3931
7559991,21.3932
7560861,21.3933
7561732,21.3934
7562602,21.3936
7563473,21.3938
7564344,21.3941
7565215,21.3943
7566086,21.3947
7566957,21.3950
7567828,21.3954
7568699,21.3958
7569571,21.3963
7570442,21.3968
7571314,21.3973
7572186,21.3978
7573058,21.3984
7573929,21.3990
7574801,21.3997
7575674,21.4004
7576546,21.4011
7577418,21.4019
7578291,21.4027
7579163,21.4035
7580036,21.4043
7580908,21.4052
7581781,21.4062
7582654,21.4071
7583527,21.4081
7584400,21.4091
7585274,21.4102
7586147,21.4113
7587020,21.4124
7587894,21.4136
7588768,21.4148
7589641,21.4160
7590515,21.4173
7591389,21.4186
7592263,21.4199
7593137,21.4212
7594012,21.4226
7594886,21.4241
7595760,21.4255
7596635,21.4270
7597510,21.4285
7598384,21.4301
7599259,21.4317
7600134,21.4333
7601009,21.4350
7601884,21.4367
7602760,21.4384
7603635,21.4402
7604510,21.4420
7605386,21.4438
7606262,21.4457
7607137,21.4475
7608013,21.4495
7608889,21.4514
7609765,21.4534
7610641,21.4555
7611518,21.4575
7612394,21.4596
7613270,21.4617
7614147,21.4639
7615024,21.4661
7615900,21.4683
7616777,21.4706
7617654,21.4728
7618531,21.4752
7619408,21.4775
7620286,21.4799
7621163,21.4823
7622041,21.4848
7622918,21.4873
7623796,21.4898
7624674,21.4923
7625551,21.4949
7626429,21.4976
7627307,21.5002
7628186,21.5029
7629064,21.5056
7629942,21.5084
7630821,21.5111
7631699,21.5140
7632578,21.5168
7633457,21.5197
7634336,21.5226
7635215,21.5255
7636094,21.5285
7636973,21.5315
7637852,21.5346
7638732,21.5376
7639611,21.5408
7640491,21.5439
7641370,21.5471
7642250,21.5503
7643130,21.5535
7644010,21.5568
7644890,21.5601
7645770,21.5634
7646651,21.5668
7647531,21.5702
7648412,21.5736
7649292,21.5771
7650173,21.5806
7651054,21.5841
7651935,21.5877
7652816,21.5913
7653697,21.5949
7654578,21.5986
7655459,21.6023
7656341,21.6060
7657222,21.6097
7658104,21.6135
7658986,21.6174
7659867,21.6212
7660749,21.6251
7661631,21.6290
7662514,21.6330
7663396,21.6369
7664278,21.6410
7665161,21.6450
7666043,21.6491
7666926,21.6532
7667808,21.6573
7668691,21.6615
7669574,21.6657
7670457,21.6700
7671340,21.6742
7672224,21.6785
7673107,21.6829
7673990,21.6872
7674874,21.6916
7675758,21.6960
7676641,21.7005
7677525,21.7050
7678409,21.7095
7679293,21.7141
7680177,21.7187
7681062,21.7233
7681946,21.7279
7682831,21.7326
7683715,21.7373
7684600,21.7421
7685485,21.7468
7686369,21.7517
7687254,21.7565
7688139,21.7614
7689025,21.7663
7689910,21.7712
7690795,21.7762
7691681,21.7812
7692566,21.7862
7693452,21.7912
7694338,21.7963
7695224,21.8014
7696110,21.8066
7696996,21.8118
7697882,21.8170
7698768,21.8222
7699655,21.8275
7700541,21.8328
7701428,21.8382
7702315,21.8435
7703201,21.8489
7704088,21.8543
7704975,21.8598
7705862,21.8653
7706750,21.8708
7707637,21.8764
7708524,21.8819
7709412,21.8876
7710300,21.8932
7711187,21.8989
7712075,21.9046
7712963,21.9103
7713851,21.9161
7714739,21.9219
7715628,21.9277
7716516,21.9335
7717404,21.9394
7718293,21.9453
7719182,21.9513
7720070,21.9573
7720959,21.9633
7721848,21.9693
7722737,21.9754
7723626,21.9814
7724516,21.9876
7725405,21.9937
7726294,21.9999
7727184,22.0061
7728074,22.0124
7728963,22.0186
7729853,22.0249
7730743,22.0312
7731633,22.0376
7732524,22.0440
7733414,22.0504
7734304,22.0568
7735195,22.0633
7736085,22.0698
7736976,22.0764
7737867,22.0829
7738758,22.0895
7739649,22.0961
7740540,22.1028
7741431,22.1094
7742322,22.1161
7743214,22.1229
7744105,22.1296
7744997,22.1364
7745889,22.1432
7746781,22.1500
7747673,22.1569
7748565,22.1638
7749457,22.1707
7750349,22.1777
7751241,22.1847
7752134,22.1917
7753026,22.1987
7753919,22.2058
7754812,22.2128
7755705,22.2200
7756597,22.2271
7757491,22.2343
7758384,22.2415
7759277,22.2487
7760170,22.2559
7761064,22.2632
7761957,22.2705
7762851,22.2778
7763745,22.2852
7764639,22.2925
7765533,22.2999
7766427,22.3074
7767321,22.3148
7768215,22.3223
7769110,22.3298
7770004,22.3373
7770899,22.3449
7771794,22.3525
7772688,22.3601
7773583,22.3677
7774478,22.3754
7775373,22.3830
7776269,22.3907
7777164,22.3985
7778059,22.4062
7778955,22.4140
7779851,22.4218
7780746,22.4296
7781642,22.4374
7782538,22.4453
7783434,22.4532
7784330,22.4611
7785227,22.4690
7786123,22.4770
7787019,22.4850
7787916,22.4930
7788813,22.5010
7789709,22.5091
7790606,22.5171
7791503,22.5252
7792400,22.5333
7793297,22.5415
7794195,22.5496
7795092,22.5578
7795990,22.5660
7796887,22.5742
7797785,22.5824
7798683,22.5907
7799581,22.5990
7800479,22.6072
7801377,22.6156
7802275,22.6239
7803173,22.6322
7804072,22.6406
7804970,22.6490
7805869,22.6574
7806768,22.6658
7807667,22.6743
7808565,22.6827
7809464,22.6912
7810364,22.6997
7811263,22.7082
7812162,22.7168
7813062,22.7253
7813961,22.7339
7814861,22.7425
7815761,22.7511
7816661,22.7597
7817561,22.7683
7818461,22.7769
7819361,22.7856
7820261,22.7943
7821162,22.8029
7822062,22.8116
7822963,22.8204
7823863,22.8291
7824764,22.8378
7825665,22.8466
7826566,22.8553
7827467,22.8641
7828368,22.8729
7829270,22.8817
7830171,22.8905
7831073,22.8993
7831974,22.9082
7832876,22.9170
7833778,22.9259
7834680,22.9347
7835582,22.9436
7836484,22.9525
7837386,22.9614
7838289,22.9703
7839191,22.9792
7840094,22.9881
7840996,22.9970
7841899,23.0060
7842802,23.0149
7843705,23.0239
7844608,23.0328
7845511,23.0418
7846415,23.0507
7847318,23.0597
7848222,23.0687
7849125,23.0776
7850029,23.0866
7850933,23.0956
7851837,23.1046
7852741,23.1136
7853645,23.1225
7854549,23.1315
7855453,23.1405
7856358,23.1495
7857262,23.1585
7858167,23.1675
7859072,23.1765
7859977,23.1855
7860882,23.1945
7861787,23.2035
7862692,23.2125
7863597,23.2214
7864502,23.2304
7865408,23.2394
7866314,23.2484
7867219,23.2573
7868125,23.2663
7869031,23.2752
7869937,23.2842
7870843,23.2931
7871749,23.3021
7872656,23.3110
7873562,23.3199
7874469,23.3288
7875375,23.3377
7876282,23.3466
7877189,23.3555
7878096,23.3644
7879003,23.3732
7879910,23.3821
7880817,23.3909
7881725,23.3997
7882632,23.4085
7883540,23.4173
7884447,23.4261
7885355,23.4349
7886263,23.4436
7887171,23.4523
7888079,23.4610
7888987,23.4697
7889896,23.4784
7890804,23.4871
7891712,23.4957
7892621,23.5043
7893530,23.5129
7894439,23.5215
7895348,23.5300
7896257,23.5385
7897166,23.5470
7898075,23.5555
7898984,23.5640
7899894,23.5724
7900803,23.5808
7901713,23.5892
7902623,23.5975
7903533,23.6058
7904443,23.6141
7905353,23.6224
7906263,23.6306
7907173,23.6388
7908084,23.6469
7908994,23.6551
7909905,23.6632
7910815,23.6712
7911726,23.6792
7912637,23.6872
7913548,23.6952
7914459,23.7031
7915371,23.7110
7916282,23.7188
7917193,23.7266
7918105,23.7344
7919017,23.7421
7919928,23.7497
7920840,23.7574
7921752,23.7649
7922664,23.7725
7923576,23.7800
7924489,23.7874
7925401,23.7948
7926314,23.8022
7927226,23.8095
7928139,23.8167
7929052,23.8239
7929965,23.8311
7930878,23.8382
7931791,23.8452
7932704,23.8522
7933617,23.8591
7934531,23.8660
7935444,23.8728
7936358,23.8796
7937272,23.8863
7938186,23.8929
7939100,23.8995
7940014,23.9060
7940928,23.9125
7941842,23.9189
7942757,23.9252
7943671,23.9315
7944586,23.9377
7945500,23.9438
7946415,23.9499
7947330,23.9559
7948245,23.9618
7949160,23.9677
7950076,23.9735
7950991,23.9792
7951906,23.9848
7952822,23.9904
7953738,23.9959
7954653,24.0013
7955569,24.0066
7956485,24.0119
7957401,24.0171
7958317,24.0221
7959234,24.0272
7960150,24.0321
7961067,24.0370
7961983,24.0417
7962900,24.0464
7963817,24.0510
7964734,24.0555
7965651,24.0599
7966568,24.0643
7967485,24.0685
7968402,24.0726
7969320,24.0767
7970237,24.0807
7971155,24.0845
7972073,24.0883
7972991,24.0920
7973909,24.0956
7974827,24.0991
7975745,24.1025
7976663,24.1058
7977582,24.1089
7978500,24.1120
7979419,24.1150
7980337,24.1179
7981256,24.1207
7982175,24.1233
7983094,24.1259
7984013,24.1284
7984933,24.1307
7985852,24.1330
7986771,24.1351
7987691,24.1371
7988611,24.1390
7989530,24.1408
7990450,24.1425
7991370,24.1441
7992290,24.1455
7993211,24.1469
7994131,24.1481
7995051,24.1492
7995972,24.1502
7996892,24.1511
7997813,24.1518
7998734,24.1524
7999655,24.1529
8000576,24.1533
8001497,24.1536
8002418,24.1537
8003340,24.1537
8004261,24.1536
8005183,24.1533
8006105,24.1530
8007026,24.1525
8007948,24.1518
8008870,24.1511
8009792,24.1502
8010715,24.1492
8011637,24.1480
8012559,24.1467
8013482,24.1453
8014404,24.1438
8015327,24.1421
8016250,24.1402
8017173,24.1383
8018096,24.1362
8019019,24.1340
8019943,24.1316
8020866,24.1291
8021789,24.1264
8022713,24.1236
8023637,24.1207
8024560,24.1176
8025484,24.1144
8026408,24.1111
8027333,24.1076
8028257,24.1040
8029181,24.1002
8030106,24.0963
8031030,24.0922
8031955,24.0880
8032880,24.0836
8033804,24.0791
8034729,24.0745
8035654,24.0697
8036580,24.0648
8037505,24.0597
8038430,24.0545
8039356,24.0491
8040282,24.0436
8041207,24.0379
8042133,24.0321
8043059,24.0261
8043985,24.0200
8044911,24.0137
8045837,24.0073
8046764,24.0007
8047690,23.9940
8048617,23.9872
8049544,23.9802
8050470,23.9730
8051397,23.9657
8052324,23.9582
8053251,23.9506
8054179,23.9429
8055106,23.9350
8056033,23.9269
8056961,23.9187
8057889,23.9103
8058816,23.9018
8059744,23.8932
8060672,23.8844
8061600,23.8754
8062528,23.8663
8063457,23.8571
8064385,23.8477
8065314,23.8381
8066242,23.8284
8067171,23.8186
8068100,23.8086
8069029,23.7984
8069958,23.7881
8070887,23.7777
8071816,23.7671
8072745,23.7564
8073675,23.7455
8074604,23.7345
8075534,23.7233
8076464,23.7120
8077394,23.7005
8078324,23.6889
8079254,23.6771
8080184,23.6652
8081114,23.6532
8082045,23.6410
8082975,23.6287
8083906,23.6162
8084837,23.6036
8085768,23.5908
8086699,23.5780
8087630,23.5649
8088561,23.5517
8089492,23.5384
8090423,23.5250
8091355,23.5114
8092287,23.4977
8093218,23.4838
8094150,23.4698
8095082,23.4557
8096014,23.4414
8096946,23.4270
8097878,23.4124
8098811,23.3978
8099743,23.3830
8100676,23.3680
8101609,23.3530
8102541,23.3378
8103474,23.3224
8104407,23.3070
8105340,23.2914
8106274,23.2757
8107207,23.2598
8108140,23.2439
8109074,23.2278
8110007,23.2116
8110941,23.1952
8111875,23.1788
8112809,23.1622
8113743,23.1455
8114677,23.1287
8115612,23.1117
8116546,23.0947
8117481,23.0775
8118415,23.0602
8119350,23.0428
8120285,23.0253
8121220,23.0076
8122155,22.9899
8123090,22.9720
8124025,22.9540
8124960,22.9359
8125896,22.9177
8126831,22.8994
8127767,22.8810
8128703,22.8625
8129639,22.8439
8130575,22.8251
8131511,22.8063
8132447,22.7873
8133384,22.7683
8134320,22.7492
8135257,22.7299
8136193,22.7106
8137130,22.6911
8138067,22.6716
8139004,22.6519
8139941,22.6322
8140878,22.6124
8141815,22.5925
8142753,22.5724
8143690,22.5523
8144628,22.5321
8145566,22.5118
8146504,22.4915
8147442,22.4710
8148380,22.4504
8149318,22.4298
8150256,22.4091
8151194,22.3883
8152133,22.3674
8153072,22.3464
8154010,22.3253
8154949,22.3042
8155888,22.2830
8156827,22.2617
8157766,22.2403
8158705,22.2188
8159645,22.1973
8160584,22.1757
8161524,22.1540
8162464,22.1323
8163403,22.1104
8164343,22.0885
8165283,22.0666
8166223,22.0445
8167164,22.0224
8168104,22.0003
8169044,21.9780
8169985,21.9557
8170926,21.9333
8171866,21.9109
8172807,21.8884
8173748,21.8658
8174689,21.8432
8175630,21.8205
8176572,21.7978
8177513,21.7750
8178455,21.7521
8179396,21.7292
8180338,21.7062
8181280,21.6832
8182222,21.6601
8183164,21.6370
8184106,21.6138
8185048,21.5906
8185991,21.5673
8186933,21.5439
8187876,21.5205
8188819,21.4971
8189762,21.4736
8190704,21.4501
8191647,21.4265
8192591,21.4029
8193534,21.3792
8194477,21.3555
8195421,21.3317
8196364,21.3079
8197308,21.2841
8198252,21.2602
8199196,21.2362
8200140,21.2123
8201084,21.1883
8202028,21.1642
8202972,21.1402
8203917,21.1160
8204862,21.0919
8205806,21.0677
8206751,21.0435
8207696,21.0192
8208641,20.9949
8209586,20.9706
8210531,20.9463
8211477,20.9219
8212422,20.8975
8213367,20.8730
8214313,20.8486
8215259,20.8241
8216205,20.7996
8217151,20.7750
8218097,20.7504
8219043,20.7258
8219989,20.7012
8220936,20.6765
8221882,20.6519
8222829,20.6272
8223776,20.6024
8224723,20.5777
8225669,20.5529
8226617,20.5282
8227564,20.5034
8228511,20.4785
8229458,20.4537
8230406,20.4288
8231354,20.4040
8232301,20.3791
8233249,20.3542
8234197,20.3292
8235145,20.3043
8236093,20.2793
8237042,20.2544
8237990,20.2294
8238938,20.2044
8239887,20.1794
8240836,20.1543
8241784,20.1293
8242733,20.1042
8243682,20.0792
8244632,20.0541
8245581,20.0290
8246530,20.0040
8247480,19.9789
8248429,19.9538
8249379,19.9286
8250329,19.9035
8251279,19.8784
8252229,19.8533
8253179,19.8281
8254129,19.8030
8255079,19.7778
8256030,19.7527
8256980,19.7275
8257931,19.7024
8258882,19.6772
8259833,19.6520
8260784,19.6268
8261735,19.6017
8262686,19.5765
8263637,19.5513
8264589,19.5261
8265540,19.5010
8266492,19.4758
8267444,19.4506
8268396,19.4254
8269348,19.4002
8270300,19.3751
8271252,19.3499
8272204,19.3247
8273157,19.2995
8274109,19.2744
8275062,19.2492
8276015,19.2240
8276968,19.1989
8277921,19.1737
8278874,19.1486
8279827,19.1234
8280780,19.0983
8281734,19.0731
8282687,19.0480
8283641,19.0229
8284594,18.9977
8285548,18.9726
8286502,18.9475
8287456,18.9224
8288411,18.8973
8289365,18.8722
8290319,18.8471
8291274,18.8221
8292228,18.7970
8293183,18.7719
8294138,18.7469
8295093,18.7219
8296048,18.6968
8297003,18.6718
8297958,18.6468
8298914,18.6218
8299869,18.5968
8300825,18.5718
8301781,18.5469
8302736,18.5219
8303692,18.4970
8304648,18.4720
8305605,18.4471
8306561,18.4222
8307517,18.3973
8308474,18.3724
8309430,18.3475
8310387,18.3227
8311344,18.2978
8312301,18.2730
8313258,18.2481
8314215,18.2233
8315172,18.1985
8316130,18.1737
8317087,18.1490
8318045,18.1242
8319002,18.0995
8319960,18.0747
8320918,18.0500
8321876,18.0253
8322834,18.0007
8323793,17.9760
8324751,17.9513
8325710,17.9267
8326668,17.9021
8327627,17.8775
8328586,17.8529
8329545,17.8283
8330504,17.8037
8331463,17.7792
8332422,17.7547
8333381,17.7302
8334341,17.7057
8335300,17.6812
8336260,17.6567
8337220,17.6323
8338180,17.6079
8339140,17.5835
8340100,17.5591
8341060,17.5347
8342021,17.5104
8342981,17.4860
8343942,17.4617
8344902,17.4374
8345863,17.4131
8346824,17.3889
8347785,17.3646
8348746,17.3404
8349707,17.3162
8350669,17.2920
8351630,17.2678
8352592,17.2437
8353553,17.2195
8354515,17.1954
8355477,17.1713
8356439,17.1473
8357401,17.1232
8358364,17.0992
8359326,17.0751
8360288,17.0511
8361251,17.0272
8362214,17.0032
8363176,16.9793
8364139,16.9554
8365102,16.9315
8366065,16.9076
8367029,16.8837
8367992,16.8599
8368955,16.8361
8369919,16.8123
8370883,16.7885
8371846,16.7648
8372810,16.7410
8373774,16.7173
8374738,16.6936
8375703,16.6699
8376667,16.6463
8377632,16.6227
8378596,16.5990
8379561,16.5755
8380526,16.5519
8381490,16.5283
8382455,16.5048
8383421,16.4813
8384386,16.4578
8385351,16.4344
8386317,16.4109
8387282,16.3875
8388248,16.3641
8389214,16.3407
8390180,16.3174
8391146,16.2941
8392112,16.2707
8393078,16.2475
8394044,16.2242
8395011,16.2009
8395977,16.1777
8396944,16.1545
8397911,16.1313
8398878,16.1082
8399845,16.0850
8400812,16.0619
8401779,16.0388
8402746,16.0158
8403714,15.9927
8404681,15.9697
8405649,15.9467
8406617,15.9237
8407585,15.9007
8408553,15.8778
8409521,15.8549
8410489,15.8320
8411457,15.8091
8412426,15.7863
8413395,15.7634
8414363,15.7406
8415332,15.7178
8416301,15.6951
8417270,15.6723
8418239,15.6496
8419208,15.6269
8420178,15.6042
8421147,15.5816
8422117,15.5590
8423086,15.5364
8424056,15.5138
8425026,15.4912
8425996,15.4687
8426966,15.4462
8427936,15.4237
8428907,15.4012
8429877,15.3787
8430848,15.3563
8431819,15.3339
8432789,15.3115
8433760,15.2892
8434731,15.2668
8435702,15.2445
8436674,15.2222
8437645,15.2000
8438617,15.1777
8439588,15.1555
8440560,15.1333
8441532,15.1111
8442504,15.0889
8443476,15.0668
8444448,15.0447
8445420,15.0226
8446392,15.0005
8447365,14.9785
8448337,14.9565
8449310,14.9345
8450283,14.9125
8451256,14.8905
8452229,14.8686
8453202,14.8467
8454175,14.8248
8455149,14.8029
8456122,14.7811
8457096,14.7592
8458070,14.7374
8459043,14.7157
8460017,14.6939
8460991,14.6722
8461966,14.6505
8462940,14.6288
8463914,14.6071
8464889,14.5854
8465863,14.5638
8466838,14.5422
8467813,14.5206
8468788,14.4991
8469763,14.4776
8470738,14.4560
8471713,14.4345
8472689,14.4131
8473664,14.3916
8474640,14.3702
8475616,14.3488
8476592,14.3274
8477567,14.3061
8478544,14.2847
8479520,14.2634
8480496,14.2421
8481472,14.2209
8482449,14.1996
8483426,14.1784
8484402,14.1572
8485379,14.1360
8486356,14.1148
8487333,14.0937
8488310,14.0726
8489288,14.0515
8490265,14.0304
8491243,14.0093
8492220,13.9883
8493198,13.9673
8494176,13.9463
8495154,13.9254
8496132,13.9044
8497110,13.8835
8498089,13.8626
8499067,13.8417
8500046,13.8208
8501024,13.8000
8502003,13.7792
8502982,13.7584
8503961,13.7376
8504940,13.7169
8505919,13.6962
8506899,13.6754
8507878,13.6548
8508858,13.6341
8509837,13.6134
8510817,13.5928
8511797,13.5722
8512777,13.5516
8513757,13.5311
8514737,13.5105
8515718,13.4900
8516698,13.4695
8517679,13.4491
8518659,13.4286
8519640,13.4082
8520621,13.3878
8521602,13.3674
8522583,13.3470
8523565,13.3267
8524546,13.3063
8525527,13.2860
8526509,13.2657
8527491,13.2455
8528473,13.2252
8529454,13.2050
8530437,13.1848
8531419,13.1646
8532401,13.1445
8533383,13.1243
8534366,13.1042
8535348,13.0841
8536331,13.0640
8537314,13.0440
8538297,13.0239
8539280,13.0039
8540263,12.9839
8541246,12.9639
8542230,12.9440
8543213,12.9240
8544197,12.9041
8545181,12.8842
8546165,12.8643
8547149,12.8445
8548133,12.8247
8549117,12.8048
8550101,12.7850
8551086,12.7653
8552070,12.7455
8553055,12.7258
8554040,12.7061
8555024,12.6864
8556009,12.6667
8556995,12.6471
8557980,12.6274
8558965,12.6078
8559951,12.5882
8560936,12.5686
8561922,12.5491
8562908,12.5295
8563893,12.5100
8564879,12.4905
8565866,12.4711
8566852,12.4516
8567838,12.4322
8568825,12.4127
8569811,12.3934
8570798,12.3740
8571785,12.3546
8572772,12.3353
8573759,12.3160
8574746,12.2967
8575733,12.2774
8576720,12.2581
8577708,12.2389
8578696,12.2197
8579683,12.2004
8580671,12.1813
8581659,12.1621
8582647,12.1430
8583635,12.1238
8584624,12.1047
8585612,12.0856
8586600,12.0666
8587589,12.0475
8588578,12.0285
8589567,12.0095
8590556,11.9905
8591545,11.9715
8592534,11.9525
8593523,11.9336
8594513,11.9147
8595502,11.8958
8596492,11.8769
8597482,11.8580
8598471,11.8392
8599461,11.8204
8600452,11.8016
8601442,11.7828
8602432,11.7640
8603423,11.7453
8604413,11.7265
8605404,11.7078
8606395,11.6891
8607386,11.6704
8608377,11.6518
8609368,11.6331
8610359,11.6145
8611350,11.5959
8612342,11.5773
8613333,11.5588
8614325,11.5402
8615317,11.5217
8616309,11.5032
8617301,11.4847
8618293,11.4662
8619285,11.4477
8620278,11.4293
8621270,11.4109
8622263,11.3925
8623256,11.3741
8624248,11.3557
8625241,11.3374
8626234,11.3190
8627228,11.3007
8628221,11.2824
8629214,11.2641
8630208,11.2459
8631201,11.2276
8632195,11.2094
8633189,11.1912
8634183,11.1730
8635177,11.1548
8636171,11.1367
8637166,11.1185
8638160,11.1004
8639155,11.0823
8640149,11.0642
8641144,11.0461
8642139,11.0281
8643134,11.0101
8644129,10.9920
8645125,10.9740
8646120,10.9561
8647115,10.9381
8648111,10.9201
8649107,10.9022
8650103,10.8843
8651098,10.8664
8652095,10.8485
8653091,10.8306
8654087,10.8128
8655083,10.7950
8656080,10.7772
8657076,10.7594
8658073,10.7416
8659070,10.7238
8660067,10.7061
8661064,10.6883
8662061,10.6706
8663059,10.6529
8664056,10.6353
8665054,10.6176
8666051,10.5999
8667049,10.5823
8668047,10.5647
8669045,10.5471
8670043,10.5295
8671041,10.5120
8672040,10.4944
8673038,10.4769
8674037,10.4594
8675035,10.4419
8676034,10.4244
8677033,10.4069
8678032,10.3895
8679031,10.3720
8680031,10.3546
8681030,10.3372
8682029,10.3198
8683029,10.3025
8684029,10.2851
8685029,10.2678
8686029,10.2505
8687029,10.2332
8688029,10.2159
8689029,10.1986
8690030,10.1813
8691030,10.1641
8692031,10.1469
8693032,10.1297
8694032,10.1125
8695033,10.0953
8696035,10.0781
8697036,10.0610
8698037,10.0439
8699039,10.0267
8700040,10.0096
8701042,9.9926
8702044,9.9755
8703046,9.9584
8704048,9.9414
8705050,9.9244
8706052,9.9074
8707054,9.8904
8708057,9.8734
8709059,9.8565
8710062,9.8395
8711065,9.8226
8712068,9.8057
8713071,9.7888
8714074,9.7719
8715078,9.7550
8716081,9.7382
8717084,9.7213
8718088,9.7045
8719092,9.6877
8720096,9.6709
8721100,9.6541
8722104,9.6374
8723108,9.6206
8724112,9.6039
8725117,9.5872
8726121,9.5705
8727126,9.5538
8728131,9.5371
8729136,9.5205
8730141,9.5038
8731146,9.4872
8732151,9.4706
8733157,9.4540
8734162,9.4374
8735168,9.4208
8736174,9.4043
8737179,9.3877
8738185,9.3712
8739191,9.3547
8740198,9.3382
8741204,9.3217
8742210,9.3052
8743217,9.2888
8744224,9.2724
8745230,9.2559
8746237,9.2395
8747244,9.2231
8748251,9.2067
8749259,9.1904
8750266,9.1740
8751273,9.1577
8752281,9.1414
8753289,9.1251
8754297,9.1088
8755304,9.0925
8756313,9.0762
8757321,9.0600
8758329,9.0437
8759337,9.0275
8760346,9.0113
8761355,8.9951
8762363,8.9789
8763372,8.9627
8764381,8.9466
8765390,8.9304
8766399,8.9143
8767409,8.8982
8768418,8.8821
8769428,8.8660
8770437,8.8500
8771447,8.8339
8772457,8.8179
8773467,8.8018
8774477,8.7858
8775488,8.7698
8776498,8.7538
8777508,8.7378
8778519,8.7219
8779530,8.7059
8780541,8.6900
8781552,8.6741
8782563,8.6582
8783574,8.6423
8784585,8.6264
8785597,8.6105
8786608,8.5947
8787620,8.5788
8788631,8.5630
8789643,8.5472
8790655,8.5314
8791667,8.5156
8792680,8.4998
8793692,8.4841
8794705,8.4683
8795717,8.4526
8796730,8.4369
8797743,8.4212
8798756,8.4055
8799769,8.3898
8800782,8.3741
8801795,8.3585
8802809,8.3428
8803822,8.3272
8804836,8.3116
8805849,8.2960
8806863,8.2804
8807877,8.2648
8808891,8.2492
8809906,8.2337
8810920,8.2181
8811934,8.2026
8812949,8.1871
8813964,8.1716
8814978,8.1561
8815993,8.1406
8817008,8.1252
8818024,8.1097
8819039,8.0943
8820054,8.0789
8821070,8.0635
8822085,8.0481
8823101,8.0327
8824117,8.0173
8825133,8.0019
8826149,7.9866
8827165,7.9713
8828182,7.9559
8829198,7.9406
8830215,7.9253
8831231,7.9100
8832248,7.8948
8833265,7.8795
8834282,7.8643
8835299,7.8490
8836316,7.8338
8837334,7.8186
8838351,7.8034
8839369,7.7882
8840387,7.7730
8841404,7.7579
8842422,7.7427
8843440,7.7276
8844459,7.7124
8845477,7.6973
8846495,7.6822
8847514,7.6671
8848533,7.6521
8849551,7.6370
8850570,7.6219
8851589,7.6069
8852608,7.5919
8853628,7.5768
8854647,7.5618
8855667,7.5468
8856686,7.5319
8857706,7.5169
8858726,7.5019
8859746,7.4870
8860766,7.4720
8861786,7.4571
8862806,7.4422
8863827,7.4273
8864847,7.4124
8865868,7.3975
8866889,7.3827
8867910,7.3678
8868931,7.3530
8869952,7.3382
8870973,7.3233
8871994,7.3085
8873016,7.2937
8874037,7.2790
8875059,7.2642
8876081,7.2494
8877103,7.2347
8878125,7.2199
8879147,7.2052
8880169,7.1905
8881192,7.1758
8882214,7.1611
8883237,7.1464
8884260,7.1318
8885283,7.1171
8886306,7.1025
8887329,7.0878
8888352,7.0732
8889376,7.0586
8890399,7.0440
8891423,7.0294
8892446,7.0148
8893470,7.0003
8894494,6.9857
8895518,6.9711
8896542,6.9566
8897567,6.9421
8898591,6.9276
8899616,6.9131
8900640,6.8986
8901665,6.8841
8902690,6.8696
8903715,6.8552
8904740,6.8407
8905765,6.8263
8906791,6.8119
8907816,6.7975
8908842,6.7831
8909868,6.7687
8910894,6.7543
8911919,6.7399
8912946,6.7256
8913972,6.7112
8914998,6.6969
8916025,6.6826
8917051,6.6683
8918078,6.6540
8919105,6.6397
8920131,6.6254
8921158,6.6111
8922186,6.5968
8923213,6.5826
8924240,6.5684
8925268,6.5541
8926295,6.5399
8927323,6.5257
8928351,6.5115
8929379,6.4973
8930407,6.4831
8931435,6.4690
8932464,6.4548
8933492,6.4407
8934521,6.4265
8935549,6.4124
8936578,6.3983
8937607,6.3842
8938636,6.3701
8939665,6.3560
8940694,6.3420
8941724,6.3279
8942753,6.3138
8943783,6.2998
8944813,6.2858
8945843,6.2717
8946873,6.2577
8947903,6.2437
8948933,6.2298
8949963,6.2158
8950994,6.2018
8952024,6.1878
8953055,6.1739
8954086,6.1600
8955117,6.1460
8956148,6.1321
8957179,6.1182
8958210,6.1043
8959242,6.0904
8960273,6.0765
8961305,6.0627
8962337,6.0488
8963369,6.0350
8964401,6.0211
8965433,6.0073
8966465,5.9935
8967497,5.9797
8968530,5.9659
8969562,5.9521
8970595,5.9383
8971628,5.9245
8972661,5.9108
8973694,5.8970
8974727,5.8833
8975760,5.8696
8976794,5.8559
8977827,5.8421
8978861,5.8284
8979895,5.8148
8980929,5.8011
8981963,5.7874
8982997,5.7737
8984031,5.7601
8985066,5.7465
8986100,5.7328
8987135,5.7192
8988170,5.7056
8989204,5.6920
8990239,5.6784
8991274,5.6648
8992310,5.6512
8993345,5.6377
8994380,5.6241
8995416,5.6106
8996452,5.5970
8997488,5.5835
8998523,5.5700
8999560,5.5565
9000596,5.5430
9001632,5.5295
9002668,5.5160
9003705,5.5026
9004742,5.4891
9005778,5.4756
9006815,5.4622
9007852,5.4488
9008889,5.4354
9009927,5.4219
9010964,5.4085
9012001,5.3951
9013039,5.3818
9014077,5.3684
9015115,5.3550
9016153,5.3417
9017191,5.3283
9018229,5.3150
9019267,5.3016
9020306,5.2883
9021344,5.2750
9022383,5.2617
9023422,5.2484
9024461,5.2351
9025500,5.2219
9026539,5.2086
9027578,5.1953
9028618,5.1821
9029657,5.1688
9030697,5.1556
9031736,5.1424
9032776,5.1292
9033816,5.1160
9034856,5.1028
9035897,5.0896
9036937,5.0764
9037977,5.0633
9039018,5.0501
9040059,5.0370
9041100,5.0238
9042141,5.0107
9043182,4.9976
9044223,4.9844
9045264,4.9713
9046306,4.9582
9047347,4.9452
9048389,4.9321
9049431,4.9190
9050473,4.9060
9051515,4.8929
9052557,4.8799
9053599,4.8668
9054641,4.8538
9055684,4.8408
9056727,4.8278
9057769,4.8148
9058812,4.8018
9059855,4.7888
9060898,4.7758
9061942,4.7629
9062985,4.7499
9064028,4.7370
9065072,4.7240
9066116,4.7111
9067159,4.6982
9068203,4.6853
9069248,4.6724
9070292,4.6595
9071336,4.6466
9072380,4.6337
9073425,4.6208
9074470,4.6080
9075514,4.5951
9076559,4.5823
9077604,4.5694
9078650,4.5566
9079695,4.5438
9080740,4.5310
9081786,4.5182
9082831,4.5054
9083877,4.4926
9084923,4.4798
9085969,4.4670
9087015,4.4543
9088061,4.4415
9089108,4.4288
9090154,4.4160
9091201,4.4033
9092248,4.3906
9093294,4.3779
9094341,4.3652
9095389,4.3525
9096436,4.3398
9097483,4.3271
9098530,4.3144
9099578,4.3018
9100626,4.2891
9101674,4.2765
9102721,4.2638
9103770,4.2512
9104818,4.2386
9105866,4.2260
9106914,4.2134
9107963,4.2008
9109012,4.1882
9110060,4.1756
9111109,4.1630
9112158,4.1505
9113207,4.1379
9114257,4.1254
9115306,4.1128
9116356,4.1003
9117405,4.0878
9118455,4.0752
9119505,4.0627
9120555,4.0502
9121605,4.0377
9122655,4.0252
9123705,4.0128
9124756,4.0003
9125806,3.9878
9126857,3.9754
9127908,3.9629
9128959,3.9505
9130010,3.9381
9131061,3.9256
9132113,3.9132
9133164,3.9008
9134216,3.8884
9135267,3.8760
9136319,3.8637
9137371,3.8513
9138423,3.8389
9139475,3.8265
9140527,3.8142
9141580,3.8019
9142632,3.7895
9143685,3.7772
9144738,3.7649
9145791,3.7525
9146844,3.7402
9147897,3.7279
9148950,3.7157
9150003,3.7034
9151057,3.6911
9152110,3.6788
9153164,3.6666
9154218,3.6543
9155272,3.6421
9156326,3.6298
9157380,3.6176
9158435,3.6054
9159489,3.5932
9160544,3.5809
9161598,3.5687
9162653,3.5566
9163708,3.5444
9164763,3.5322
9165819,3.5200
9166874,3.5079
9167929,3.4957
9168985,3.4836
9170041,3.4714
9171096,3.4593
9172152,3.4472
9173208,3.4350
9174264,3.4229
9175321,3.4108
9176377,3.3987
9177434,3.3866
9178490,3.3746
9179547,3.3625
9180604,3.3504
9181661,3.3384
9182718,3.3263
9183775,3.3143
9184833,3.3022
9185890,3.2902
9186948,3.2782
9188006,3.2661
9189064,3.2541
9190122,3.2421
9191180,3.2301
9192238,3.2182
9193296,3.2062
9194355,3.1942
9195413,3.1822
9196472,3.1703
9197531,3.1583
9198590,3.1464
9199649,3.1344
9200708,3.1225
9201767,3.1106
9202827,3.0987
9203887,3.0868
9204946,3.0749
9206006,3.0630
9207066,3.0511
9208126,3.0392
9209186,3.0273
9210247,3.0155
9211307,3.0036
9212368,2.9918
9213428,2.9799
9214489,2.9681
9215550,2.9562
9216611,2.9444
9217672,2.9326
9218733,2.9208
9219795,2.9090
9220856,2.8972
9221918,2.8854
9222980,2.8736
9224042,2.8618
9225104,2.8501
9226166,2.8383
9227228,2.8266
9228290,2.8148
9229353,2.8031
9230416,2.7913
9231478,2.7796
9232541,2.7679
9233604,2.7562
9234667,2.7445
9235731,2.7328
9236794,2.7211
9237857,2.7094
9238921,2.6977
9239985,2.6860
9241049,2.6744
9242113,2.6627
9243177,2.6510
9244241,2.6394
9245305,2.6278
9246370,2.6161
9247434,2.6045
9248499,2.5929
9249564,2.5813
9250629,2.5697
9251694,2.5581
9252759,2.5465
9253824,2.5349
9254890,2.5233
9255955,2.5117
9257021,2.5002
9258087,2.4886
9259153,2.4771
9260219,2.4655
9261285,2.4540
9262351,2.4424
9263418,2.4309
9264484,2.4194
9265551,2.4079
9266618,2.3964
9267685,2.3849
9268752,2.3734
9269819,2.3619
9270886,2.3504
9271954,2.3389
9273021,2.3275
9274089,2.3160
9275157,2.3046
9276225,2.2931
9277293,2.2817
9278361,2.2702
9279429,2.2588
9280497,2.2474
9281566,2.2360
9282635,2.2246
9283703,2.2131
9284772,2.2018
9285841,2.1904
9286910,2.1790
9287980,2.1676
9289049,2.1562
9290119,2.1449
9291188,2.1335
9292258,2.1222
9293328,2.1108
9294398,2.0995
9295468,2.0881
9296538,2.0768
9297608,2.0655
9298679,2.0542
9299750,2.0429
9300820,2.0316
9301891,2.0203
9302962,2.0090
9304033,1.9977
9305104,1.9864
9306176,1.9751
9307247,1.9639
9308319,1.9526
9309391,1.9414
9310462,1.9301
9311534,1.9189
9312607,1.9077
9313679,1.8964
9314751,1.8852
9315824,1.8740
9316896,1.8628
9317969,1.8516
9319042,1.8404
9320115,1.8292
9321188,1.8180
9322261,1.8068
9323334,1.7957
9324408,1.7845
9325481,1.7733
9326555,1.7622
9327629,1.7510
9328703,1.7399
9329777,1.7288
9330851,1.7176
9331925,1.7065
9333000,1.6954
9334074,1.6843
9335149,1.6732
9336224,1.6621
9337299,1.6510
9338374,1.6399
9339449,1.6288
9340524,1.6177
9341600,1.6067
9342675,1.5956
9343751,1.5845
9344827,1.5735
9345903,1.5625
9346979,1.5514
9348055,1.5404
9349131,1.5294
9350208,1.5183
9351284,1.5073
9352361,1.4963
9353438,1.4853
9354515,1.4743
9355592,1.4633
9356669,1.4523
9357746,1.4413
9358823,1.4304
9359901,1.4194
9360979,1.4084
9362056,1.3975
9363134,1.3865
9364212,1.3756
9365291,1.3646
9366369,1.3537
9367447,1.3428
9368526,1.3319
9369604,1.3209
9370683,1.3100
9371762,1.2991
9372841,1.2882
9373920,1.2773
9375000,1.2664
9376079,1.2556
9377158,1.2447
9378238,1.2338
9379318,1.2230
9380398,1.2121
9381478,1.2012
9382558,1.1904
9383638,1.1795
9384719,1.1687
9385799,1.1579
9386880,1.1471
9387961,1.1362
9389041,1.1254
9390122,1.1146
9391204,1.1038
9392285,1.0930
9393366,1.0822
9394448,1.0714
9395529,1.0607
9396611,1.0499
9397693,1.0391
9398775,1.0284
9399857,1.0176
9400939,1.0068
9402022,0.9961
9403104,0.9854
9404187,0.9746
9405270,0.9639
9406353,0.9532
9407436,0.9424
9408519,0.9317
9409602,0.9210
9410685,0.9103
9411769,0.8996
9412853,0.8889
9413936,0.8783
9415020,0.8676
9416104,0.8569
9417188,0.8462
9418273,0.8356
9419357,0.8249
9420441,0.8143
9421526,0.8036
9422611,0.7930
9423696,0.7823
9424781,0.7717
9425866,0.7611
9426951,0.7505
9428036,0.7398
9429122,0.7292
9430208,0.7186
9431293,0.7080
9432379,0.6974
9433465,0.6868
9434551,0.6763
9435638,0.6657
9436724,0.6551
9437811,0.6445
9438897,0.6340
9439984,0.6234
9441071,0.6129
9442158,0.6023
9443245,0.5918
9444332,0.5813
9445420,0.5707
9446507,0.5602
9447595,0.5497
9448682,0.5392
9449770,0.5287
9450858,0.5182
9451946,0.5077
9453035,0.4972
9454123,0.4867
9455212,0.4762
9456300,0.4657
9457389,0.4553
9458478,0.4448
9459567,0.4343
9460656,0.4239
9461745,0.4134
9462835,0.4030
9463924,0.3925
9465014,0.3821
9466104,0.3717
9467194,0.3612
9468284,0.3508
9469374,0.3404
9470464,0.3300
9471554,0.3196
9472645,0.3092
9473735,0.2988
9474826,0.2884
9475917,0.2780
9477008,0.2677
9478099,0.2573
9479191,0.2469
9480282,0.2366
9481373,0.2262
9482465,0.2158
9483557,0.2055
9484649,0.1952
9485741,0.1848
9486833,0.1745
9487925,0.1642
9489018,0.1538
9490110,0.1435
9491203,0.1332
9492296,0.1229
9493389,0.1126
9494482,0.1023
9495575,0.0920
9496668,0.0817
9497761,0.0714
9498855,0.0612
9499949,0.0509
9501042,0.0406
9502136,0.0304
9503230,0.0201
9504324,0.0098
9505419,-0.0004
9506513,-0.0106
9507608,-0.0209
9508702,-0.0311
9509797,-0.0413
9510892,-0.0516
9511987,-0.0618
9513082,-0.0720
9514178,-0.0822
9515273,-0.0924
9516369,-0.1026
9517464,-0.1128
9518560,-0.1230
9519656,-0.1332
9520752,-0.1433
9521848,-0.1535
9522945,-0.1637
9524041,-0.1738
9525138,-0.1840
9526234,-0.1942
9527331,-0.2043
9528428,-0.2145
9529525,-0.2246
9530622,-0.2347
9531720,-0.2449
9532817,-0.2550
9533915,-0.2651
9535012,-0.2752
9536110,-0.2853
9537208,-0.2954
9538306,-0.3055
9539404,-0.3156
9540503,-0.3257
9541601,-0.3358
9542700,-0.3459
9543798,-0.3560
9544897,-0.3660
9545996,-0.3761
9547095,-0.3862
9548194,-0.3962
9549294,-0.4063
9550393,-0.4163
9551493,-0.4264
9552593,-0.4364
9553692,-0.4465
9554792,-0.4565
9555892,-0.4665
9556993,-0.4765
9558093,-0.4865
9559194,-0.4966
9560294,-0.5066
9561395,-0.5166
9562496,-0.5266
9563597,-0.5365
9564698,-0.5465
9565799,-0.5565
9566900,-0.5665
9568002,-0.5765
9569104,-0.5864
9570205,-0.5964
9571307,-0.6064
9572409,-0.6163
9573511,-0.6263
9574614,-0.6362
9575716,-0.6462
9576818,-0.6561
9577921,-0.6660
9579024,-0.6760
9580127,-0.6859
9581230,-0.6958
9582333,-0.7057
9583436,-0.7156
9584540,-0.7255
9585643,-0.7354
9586747,-0.7453
9587851,-0.7552
9588954,-0.7651
9590058,-0.7750
9591163,-0.7848
9592267,-0.7947
9593371,-0.8046
9594476,-0.8145
9595581,-0.8243
9596685,-0.8342
9597790,-0.8440
9598895,-0.8539
9600000,-0.8637
9601106,-0.8735
9602211,-0.8834
9603317,-0.8932
9604422,-0.9030
9605528,-0.9128
9606634,-0.9227
9607740,-0.9325
9608846,-0.9423
9609953,-0.9521
9611059,-0.9619
9612166,-0.9717
9613273,-0.9814
9614379,-0.9912
9615486,-1.0010
9616593,-1.0108
9617701,-1.0206
9618808,-1.0303
9619915,-1.0401
9621023,-1.0498
9622131,-1.0596
9623239,-1.0693
9624347,-1.0791
9625455,-1.0888
9626563,-1.0985
9627671,-1.1083
9628780,-1.1180
9629888,-1.1277
9630997,-1.1374
9632106,-1.1472
9633215,-1.1569
9634324,-1.1666
9635433,-1.1763
9636543,-1.1860
9637652,-1.1957
9638762,-1.2053
9639872,-1.2150
9640982,-1.2247
9642092,-1.2344
9643202,-1.2440
9644312,-1.2537
9645422,-1.2634
9646533,-1.2730
9647644,-1.2827
9648754,-1.2923
9649865,-1.3020
9650976,-1.3116
9652088,-1.3212
9653199,-1.3309
9654310,-1.3405
9655422,-1.3501
9656534,-1.3597
9657645,-1.3694
9658757,-1.3790
9659869,-1.3886
9660982,-1.3982
9662094,-1.4078
9663206,-1.4174
9664319,-1.4269
9665432,-1.4365
9666545,-1.4461
9667657,-1.4557
9668771,-1.4653
9669884,-1.4748
9670997,-1.4844
9672111,-1.4939
9673224,-1.5035
9674338,-1.5130
9675452,-1.5226
9676566,-1.5321
9677680,-1.5417
9678794,-1.5512
9679909,-1.5607
9681023,-1.5703
9682138,-1.5798
9683252,-1.5893
9684367,-1.5988
9685482,-1.6083
9686598,-1.6178
9687713,-1.6273
9688828,-1.6368
9689944,-1.6463
9691059,-1.6558
9692175,-1.6653
9693291,-1.6748
9694407,-1.6842
9695523,-1.6937
9696640,-1.7032
9697756,-1.7127
9698873,-1.7221
9699989,-1.7316
9701106,-1.7410
9702223,-1.7505
9703340,-1.7599
9704457,-1.7693
9705575,-1.7788
9706692,-1.7882
9707810,-1.7976
9708927,-1.8071
9710045,-1.8165
9711163,-1.8259
9712281,-1.8353
9713400,-1.8447
9714518,-1.8541
9715636,-1.8635
9716755,-1.8729
9717874,-1.8823
9718993,-1.8917
9720112,-1.9011
9721231,-1.9104
9722350,-1.9198
9723469,-1.9292
9724589,-1.9386
9725709,-1.9479
9726828,-1.9573
9727948,-1.9666
9729068,-1.9760
9730189,-1.9853
9731309,-1.9947
9732429,-2.0040
9733550,-2.0134
9734670,-2.0227
9735791,-2.0320
9736912,-2.0413
9738033,-2.0507
9739154,-2.0600
9740276,-2.0693
9741397,-2.0786
9742519,-2.0879
9743641,-2.0972
9744762,-2.1065
9745884,-2.1158
9747006,-2.1251
9748129,-2.1344
9749251,-2.1436
9750374,-2.1529
9751496,-2.1622
9752619,-2.1714
9753742,-2.1807
9754865,-2.1900
9755988,-2.1992
9757111,-2.2085
9758235,-2.2177
9759358,-2.2270
9760482,-2.2362
9761606,-2.2455
9762729,-2.2547
9763854,-2.2639
9764978,-2.2731
9766102,-2.2824
9767226,-2.2916
9768351,-2.3008
9769476,-2.3100
9770600,-2.3192
9771725,-2.3284
9772850,-2.3376
9773976,-2.3468
9775101,-2.3560
9776226,-2.3652
9777352,-2.3744
9778478,-2.3836
9779604,-2.3927
9780730,-2.4019
9781856,-2.4111
9782982,-2.4202
9784108,-2.4294
9785235,-2.4386
9786362,-2.4477
9787488,-2.4569
9788615,-2.4660
9789742,-2.4752
9790869,-2.4843
9791997,-2.4934
9793124,-2.5026
9794252,-2.5117
9795379,-2.5208
9796507,-2.5299
9797635,-2.5390
9798763,-2.5482
9799891,-2.5573
9801020,-2.5664
9802148,-2.5755
9803277,-2.5846
9804405,-2.5937
9805534,-2.6028
9806663,-2.6118
9807792,-2.6209
9808921,-2.6300
9810051,-2.6391
9811180,-2.6482
9812310,-2.6572
9813440,-2.6663
9814569,-2.6753
9815700,-2.6844
9816830,-2.6935
9817960,-2.7025
9819090,-2.7116
9820221,-2.7206
9821352,-2.7296
9822482,-2.7387
9823613,-2.7477
9824744,-2.7567
9825875,-2.7658
9827007,-2.7748
9828138,-2.7838
9829270,-2.7928
9830401,-2.8018
9831533,-2.8108
9832665,-2.8198
9833797,-2.8288
9834930,-2.8378
9836062,-2.8468
9837194,-2.8558
9838327,-2.8648
9839460,-2.8738
9840593,-2.8827
9841726,-2.8917
9842859,-2.9007
9843992,-2.9097
9845125,-2.9186
9846259,-2.9276
9847393,-2.9365
9848526,-2.9455
9849660,-2.9544
9850794,-2.9634
9851929,-2.9723
9853063,-2.9813
9854197,-2.9902
9855332,-2.9991
9856467,-3.0081
9857601,-3.0170
9858736,-3.0259
9859871,-3.0348
9861007,-3.0437
9862142,-3.0526
9863278,-3.0615
9864413,-3.0704
9865549,-3.0793
9866685,-3.0882
9867821,-3.0971
9868957,-3.1060
9870093,-3.1149
9871230,-3.1238
9872366,-3.1327
9873503,-3.1415
9874640,-3.1504
9875777,-3.1593
9876914,-3.1682
9878051,-3.1770
9879188,-3.1859
9880326,-3.1947
9881463,-3.2036
9882601,-3.2124
9883739,-3.2213
9884877,-3.2301
9886015,-3.2389
9887153,-3.2478
9888291,-3.2566
9889430,-3.2654
9890568,-3.2743
9891707,-3.2831
9892846,-3.2919
9893985,-3.3007
9895124,-3.3095
9896264,-3.3183
9897403,-3.3271
9898543,-3.3359
9899682,-3.3447
9900822,-3.3535
9901962,-3.3623
9903102,-3.3711
9904242,-3.3799
9905383,-3.3886
9906523,-3.3974
9907664,-3.4062
9908804,-3.4150
9909945,-3.4237
9911086,-3.4325
9912227,-3.4412
9913369,-3.4500
9914510,-3.4588
9915652,-3.4675
9916793,-3.4762
9917935,-3.4850
9919077,-3.4937
9920219,-3.5025
9921361,-3.5112
9922503,-3.5199
9923646,-3.5286
9924788,-3.5374
9925931,-3.5461
9927074,-3.5548
9928217,-3.5635
9929360,-3.5722
9930503,-3.5809
9931647,-3.5896
9932790,-3.5983
9933934,-3.6070
9935077,-3.6157
9936221,-3.6244
9937365,-3.6331
9938509,-3.6418
9939654,-3.6504
9940798,-3.6591
9941943,-3.6678
9943087,-3.6765
9944232,-3.6851
9945377,-3.6938
9946522,-3.7024
9947667,-3.7111
9948813,-3.7198
9949958,-3.7284
9951104,-3.7370
9952249,-3.7457
9953395,-3.7543
9954541,-3.7630
9955687,-3.7716
9956834,-3.7802
9957980,-3.7889
9959127,-3.7975
9960273,-3.8061
9961420,-3.8147
9962567,-3.8233
9963714,-3.8319
9964861,-3.8405
9966009,-3.8491
9967156,-3.8577
9968304,-3.8663
9969451,-3.8749
9970599,-3.8835
9971747,-3.8921
9972895,-3.9007
9974043,-3.9093
9975192,-3.9179
9976340,-3.9264
9977489,-3.9350
9978638,-3.9436
9979787,-3.9521
9980936,-3.9607
9982085,-3.9693
9983234,-3.9778
9984384,-3.9864
9985533,-3.9949
9986683,-4.0035
9987833,-4.0120
9988983,-4.0205
9990133,-4.0291
9991283,-4.0376
9992433,-4.0461
9993584,-4.0547
9994734,-4.0632
9995885,-4.0717
9997036,-4.0802
9998187,-4.0887
9999338,-4.0973
10000489,-4.1058
10001641,-4.1143
10002792,-4.1228
10003944,-4.1313
10005096,-4.1398
10006248,-4.1483
10007400,-4.1568
10008552,-4.1652
10009704,-4.1737
10010857,-4.1822
10012010,-4.1907
10013162,-4.1992
10014315,-4.2076
10015468,-4.2161
10016621,-4.2246
10017775,-4.2330
10018928,-4.2415
10020082,-4.2499
10021235,-4.2584
10022389,-4.2668
10023543,-4.2753
10024697,-4.2837
10025851,-4.2922
10027006,-4.3006
10028160,-4.3090
10029315,-4.3175
10030469,-4.3259
10031624,-4.3343
10032779,-4.3427
10033934,-4.3512
10035090,-4.3596
10036245,-4.3680
10037401,-4.3764
10038556,-4.3848
10039712,-4.3932
10040868,-4.4016
10042024,-4.4100
10043180,-4.4184
10044337,-4.4268
10045493,-4.4352
10046650,-4.4436
10047806,-4.4519
10048963,-4.4603
10050120,-4.4687
10051277,-4.4771
10052435,-4.4854
10053592,-4.4938
10054749,-4.5022
10055907,-4.5105
10057065,-4.5189
10058223,-4.5272
10059381,-4.5356
10060539,-4.5439
10061697,-4.5523
10062856,-4.5606
10064015,-4.5690
10065173,-4.5773
10066332,-4.5856
10067491,-4.5940
10068650,-4.6023
10069810,-4.6106
10070969,-4.6190
10072128,-4.6273
10073288,-4.6356
10074448,-4.6439
10075608,-4.6522
10076768,-4.6605
10077928,-4.6688
10079088,-4.6771
10080249,-4.6854
10081409,-4.6937
10082570,-4.7020
10083731,-4.7103
10084892,-4.7186
10086053,-4.7269
10087214,-4.7352
10088376,-4.7434
10089537,-4.7517
10090699,-4.7600
10091861,-4.7683
10093023,-4.7765
10094185,-4.7848
10095347,-4.7930
10096509,-4.8013
10097672,-4.8096
10098834,-4.8178
10099997,-4.8261
10101160,-4.8343
10102323,-4.8426
10103486,-4.8508
10104650,-4.8590
10105813,-4.8673
10106976,-4.8755
10108140,-4.8837
10109304,-4.8919
10110468,-4.9002
10111632,-4.9084
10112796,-4.9166
10113961,-4.9248
10115125,-4.9330
10116290,-4.9412
10117454,-4.9495
10118619,-4.9577
10119784,-4.9659
10120949,-4.9741
10122115,-4.9822
10123280,-4.9904
10124446,-4.9986
10125611,-5.0068
10126777,-5.0150
10127943,-5.0232
10129109,-5.0314
10130275,-5.0395
10131442,-5.0477
10132608,-5.0559
10133775,-5.0640
10134942,-5.0722
10136109,-5.0804
10137276,-5.0885
10138443,-5.0967
10139610,-5.1048
10140778,-5.1130
10141945,-5.1211
10143113,-5.1293
10144281,-5.1374
10145449,-5.1455
10146617,-5.1537
10147785,-5.1618
10148953,-5.1699
10150122,-5.1781
10151290,-5.1862
10152459,-5.1943
10153628,-5.2024
10154797,-5.2105
10155966,-5.2187
10157136,-5.2268
10158305,-5.2349
10159475,-5.2430
10160644,-5.2511
10161814,-5.2592
10162984,-5.2673
10164154,-5.2754
10165325,-5.2835
10166495,-5.2916
10167666,-5.2996
10168836,-5.3077
10170007,-5.3158
10171178,-5.3239
10172349,-5.3320
10173520,-5.3400
10174692,-5.3481
10175863,-5.3562
10177035,-5.3642
10178206,-5.3723
10179378,-5.3803
10180550,-5.3884
10181722,-5.3965
10182895,-5.4045
10184067,-5.4126
10185240,-5.4206
10186412,-5.4286
10187585,-5.4367
10188758,-5.4447
10189931,-5.4527
10191104,-5.4608
10192278,-5.4688
10193451,-5.4768
10194625,-5.4849
10195799,-5.4929
10196973,-5.5009
10198147,-5.5089
10199321,-5.5169
10200495,-5.5249
10201670,-5.5329
10202844,-5.5409
10204019,-5.5489
10205194,-5.5569
10206369,-5.5649
10207544,-5.5729
10208719,-5.5809
10209895,-5.5889
10211070,-5.5969
10212246,-5.6049
10213421,-5.6129
10214597,-5.6208
10215773,-5.6288
10216950,-5.6368
10218126,-5.6447
10219302,-5.6527
10220479,-5.6607
10221656,-5.6686
10222833,-5.6766
10224010,-5.6846
10225187,-5.6925
10226364,-5.7005
10227542,-5.7084
10228719,-5.7164
10229897,-5.7243
10231075,-5.7322
10232253,-5.7402
10233431,-5.7481
10234609,-5.7560
10235787,-5.7640
10236966,-5.7719
10238144,-5.7798
10239323,-5.7877
10240502,-5.7957
10241681,-5.8036
10242860,-5.8115
10244040,-5.8194
10245219,-5.8273
10246399,-5.8352
10247579,-5.8431
10248758,-5.8510
10249938,-5.8589
10251119,-5.8668
10252299,-5.8747
10253479,-5.8826
10254660,-5.8905
10255840,-5.8984
10257021,-5.9063
10258202,-5.9141
10259383,-5.9220
10260564,-5.9299
10261746,-5.9378
10262927,-5.9456
10264109,-5.9535
10265291,-5.9614
10266473,-5.9692
10267655,-5.9771
10268837,-5.9849
10270019,-5.9928
10271202,-6.0007
10272384,-6.0085
10273567,-6.0164
10274750,-6.0242
10275933,-6.0320
10277116,-6.0399
10278299,-6.0477
10279483,-6.0556
10280666,-6.0634
10281850,-6.0712
10283034,-6.0790
10284218,-6.0869
10285402,-6.0947
10286586,-6.1025
10287770,-6.1103
10288955,-6.1181
10290139,-6.1259
10291324,-6.1338
10292509,-6.1416
10293694,-6.1494
10294879,-6.1572
10296065,-6.1650
10297250,-6.1728
10298436,-6.1806
10299621,-6.1884
10300807,-6.1961
10301993,-6.2039
10303179,-6.2117
10304365,-6.2195
10305552,-6.2273
10306738,-6.2351
10307925,-6.2428
10309112,-6.2506
10310299,-6.2584
10311486,-6.2661
10312673,-6.2739
10313861,-6.2817
10315048,-6.2894
10316236,-6.2972
10317423,-6.3049
10318611,-6.3127
10319799,-6.3204
10320988,-6.3282
10322176,-6.3359
10323364,-6.3437
10324553,-6.3514
10325742,-6.3591
10326931,-6.3669
10328120,-6.3746
10329309,-6.3823
10330498,-6.3901
10331687,-6.3978
10332877,-6.4055
10334067,-6.4132
10335256,-6.4210
10336446,-6.4287
10337636,-6.4364
10338827,-6.4441
10340017,-6.4518
10341208,-6.4595
10342398,-6.4672
10343589,-6.4749
10344780,-6.4826
10345971,-6.4903
10347162,-6.4980
10348353,-6.5057
10349545,-6.5134
10350737,-6.5211
10351928,-6.5287
10353120,-6.5364
10354312,-6.5441
10355504,-6.5518
10356697,-6.5595
10357889,-6.5671
10359082,-6.5748
10360274,-6.5825
10361467,-6.5901
10362660,-6.5978
10363853,-6.6054
10365046,-6.6131
10366240,-6.6208
10367433,-6.6284
10368627,-6.6361
10369821,-6.6437
10371015,-6.6514
10372209,-6.6590
10373403,-6.6666
10374597,-6.6743
10375792,-6.6819
10376987,-6.6895
10378181,-6.6972
10379376,-6.7048
10380571,-6.7124
10381766,-6.7201
10382962,-6.7277
10384157,-6.7353
10385353,-6.7429
10386549,-6.7505
10387744,-6.7581
10388940,-6.7658
10390137,-6.7734
10391333,-6.7810
10392529,-6.7886
10393726,-6.7962
10394922,-6.8038
10396119,-6.8114
10397316,-6.8190
10398513,-6.8265
10399711,-6.8341
10400908,-6.8417
10402106,-6.8493
10403303,-6.8569
10404501,-6.8645
10405699,-6.8720
10406897,-6.8796
10408095,-6.8872
10409294,-6.8948
10410492,-6.9023
10411691,-6.9099
10412889,-6.9175
10414088,-6.9250
10415287,-6.9326
10416486,-6.9401
10417686,-6.9477
10418885,-6.9552
10420085,-6.9628
10421285,-6.9703
10422484,-6.9779
10423684,-6.9854
10424885,-6.9930
10426085,-7.0005
10427285,-7.0080
10428486,-7.0156
10429687,-7.0231
10430887,-7.0306
10432088,-7.0382
10433289,-7.0457
10434491,-7.0532
10435692,-7.0607
10436894,-7.0682
10438095,-7.0758
10439297,-7.0833
10440499,-7.0908
10441701,-7.0983
10442903,-7.1058
10444106,-7.1133
10445308,-7.1208
10446511,-7.1283
10447713,-7.1358
10448916,-7.1433
10450119,-7.1508
10451323,-7.1583
10452526,-7.1658
10453729,-7.1732
10454933,-7.1807
10456137,-7.1882
10457341,-7.1957
10458545,-7.2032
10459749,-7.2106
10460953,-7.2181
10462158,-7.2256
10463362,-7.2330
10464567,-7.2405
10465772,-7.2480
10466977,-7.2554
10468182,-7.2629
10469387,-7.2704
10470592,-7.2778
10471798,-7.2853
10473004,-7.2927
10474209,-7.3002
10475415,-7.3076
10476622,-7.3150
10477828,-7.3225
10479034,-7.3299
10480241,-7.3374
10481447,-7.3448
10482654,-7.3522
10483861,-7.3597
10485068,-7.3671
10486275,-7.3745
10487483,-7.3819
10488690,-7.3894
10489898,-7.3968
10491106,-7.4042
10492313,-7.4116
10493521,-7.4190
10494730,-7.4264
10495938,-7.4338
10497146,-7.4412
10498355,-7.4486
10499564,-7.4560
10500773,-7.4634
10501982,-7.4708
10503191,-7.4782
10504400,-7.4856
10505610,-7.4930
10506819,-7.5004
10508029,-7.5078
10509239,-7.5152
10510449,-7.5226
10511659,-7.5299
10512869,-7.5373
10514079,-7.5447
10515290,-7.5521
10516501,-7.5594
10517712,-7.5668
10518922,-7.5742
10520134,-7.5815
10521345,-7.5889
10522556,-7.5963
10523768,-7.6036
10524979,-7.6110
10526191,-7.6183
10527403,-7.6257
10528615,-7.6330
10529827,-7.6404
10531040,-7.6477
10532252,-7.6551
10533465,-7.6624
10534678,-7.6697
10535891,-7.6771
10537104,-7.6844
10538317,-7.6917
10539530,-7.6991
10540744,-7.7064
10541957,-7.7137
10543171,-7.7211
10544385,-7.7284
10545599,-7.7357
10546813,-7.7430
10548028,-7.7503
10549242,-7.7576
10550457,-7.7650
10551671,-7.7723
10552886,-7.7796
10554101,-7.7869
10555316,-7.7942
10556532,-7.8015
10557747,-7.8088
10558963,-7.8161
10560178,-7.8234
10561394,-7.8307
10562610,-7.8379
10563826,-7.8452
10565043,-7.8525
10566259,-7.8598
10567476,-7.8671
10568692,-7.8744
10569909,-7.8816
10571126,-7.8889
10572343,-7.8962
10573561,-7.9035
10574778,-7.9107
10575995,-7.9180
10577213,-7.9253
10578431,-7.9325
10579649,-7.9398
10580867,-7.9470
10582085,-7.9543
10583304,-7.9616
10584522,-7.9688
10585741,-7.9761
10586960,-7.9833
10588179,-7.9906
10589398,-7.9978
10590617,-8.0050
10591836,-8.0123
10593056,-8.0195
10594275,-8.0268
10595495,-8.0340
10596715,-8.0412
10597935,-8.0485
10599155,-8.0557
10600376,-8.0629
10601596,-8.0701
10602817,-8.0773
10604037,-8.0846
10605258,-8.0918
10606479,-8.0990
10607701,-8.1062
10608922,-8.1134
10610143,-8.1206
10611365,-8.1278
10612587,-8.1350
10613809,-8.1423
10615031,-8.1495
10616253,-8.1567
10617475,-8.1639
10618698,-8.1710
10619920,-8.1782
10621143,-8.1854
10622366,-8.1926
10623589,-8.1998
10624812,-8.2070
10626035,-8.2142
10627259,-8.2214
10628482,-8.2285
10629706,-8.2357
10630930,-8.2429
10632154,-8.2501
10633378,-8.2572
10634602,-8.2644
10635827,-8.2716
10637051,-8.2787
10638276,-8.2859
10639501,-8.2931
10640726,-8.3002
10641951,-8.3074
10643176,-8.3145
10644402,-8.3217
10645627,-8.3288
10646853,-8.3360
10648079,-8.3431
10649305,-8.3503
10650531,-8.3574
10651757,-8.3646
10652984,-8.3717
10654210,-8.3788
10655437,-8.3860
10656664,-8.3931
10657891,-8.4002
10659118,-8.4074
10660345,-8.4145
10661572,-8.4216
10662800,-8.4287
10664027,-8.4359
10665255,-8.4430
10666483,-8.4501
10667711,-8.4572
10668940,-8.4643
10670168,-8.4714
10671396,-8.4785
10672625,-8.4856
10673854,-8.4928
10675083,-8.4999
10676312,-8.5070
10677541,-8.5141
10678771,-8.5212
10680000,-8.5282
10681230,-8.5353
10682459,-8.5424
10683689,-8.5495
10684920,-8.5566
10686150,-8.5637
10687380,-8.5708
10688611,-8.5779
10689841,-8.5849
10691072,-8.5920
10692303,-8.5991
10693534,-8.6062
10694765,-8.6132
10695997,-8.6203
10697228,-8.6274
10698460,-8.6345
10699691,-8.6415
10700923,-8.6486
10702155,-8.6556
10703388,-8.6627
10704620,-8.6698
10705852,-8.6768
10707085,-8.6839
10708318,-8.6909
10709551,-8.6980
10710784,-8.7050
10712017,-8.7121
10713250,-8.7191
10714484,-8.7261
10715717,-8.7332
10716951,-8.7402
10718185,-8.7473
10719419,-8.7543
10720653,-8.7613
10721888,-8.7684
10723122,-8.7754
10724357,-8.7824
10725592,-8.7894
10726826,-8.7965
10728062,-8.8035
10729297,-8.8105
10730532,-8.8175
10731767,-8.8245
10733003,-8.8315
10734239,-8.8385
10735475,-8.8456
10736711,-8.8526
10737947,-8.8596
10739183,-8.8666
10740420,-8.8736
10741656,-8.8806
10742893,-8.8876
10744130,-8.8946
10745367,-8.9016
10746604,-8.9086
10747842,-8.9155
10749079,-8.9225
10750317,-8.9295
10751554,-8.9365
10752792,-8.9435
10754030,-8.9505
10755268,-8.9574
10756507,-8.9644
10757745,-8.9714
10758984,-8.9784
10760223,-8.9853
10761461,-8.9923
10762700,-8.9993
10763940,-9.0063
10765179,-9.0132
10766418,-9.0202
10767658,-9.0271
10768898,-9.0341
10770138,-9.0411
10771378,-9.0480
10772618,-9.0550
10773858,-9.0619
10775099,-9.0689
10776339,-9.0758
10777580,-9.0828
10778821,-9.0897
10780062,-9.0966
10781303,-9.1036
10782544,-9.1105
10783786,-9.1175
10785027,-9.1244
10786269,-9.1313
10787511,-9.1383
10788753,-9.1452
10789995,-9.1521
10791238,-9.1590
10792480,-9.1660
10793723,-9.1729
10794965,-9.1798
10796208,-9.1867
10797451,-9.1936
10798694,-9.2006
10799938,-9.2075
10801181,-9.2144
10802425,-9.2213
10803669,-9.2282
10804913,-9.2351
10806157,-9.2420
10807401,-9.2489
10808645,-9.2558
10809890,-9.2627
10811134,-9.2696
10812379,-9.2765
10813624,-9.2834
10814869,-9.2903
10816114,-9.2972
10817359,-9.3041
10818605,-9.3109
10819850,-9.3178
10821096,-9.3247
10822342,-9.3316
10823588,-9.3385
10824834,-9.3453
10826081,-9.3522
10827327,-9.3591
10828574,-9.3660
10829820,-9.3728
10831067,-9.3797
10832314,-9.3866
10833562,-9.3934
10834809,-9.4003
10836056,-9.4072
10837304,-9.4140
10838552,-9.4209
10839800,-9.4277
10841048,-9.4346
10842296,-9.4414
10843544,-9.4483
10844793,-9.4551
10846041,-9.4620
10847290,-9.4688
10848539,-9.4757
10849788,-9.4825
10851037,-9.4893
10852287,-9.4962
10853536,-9.5030
10854786,-9.5098
10856035,-9.5167
10857285,-9.5235
10858535,-9.5303
10859786,-9.5372
10861036,-9.5440
10862287,-9.5508
10863537,-9.5576
10864788,-9.5645
10866039,-9.5713
10867290,-9.5781
10868541,-9.5849
10869793,-9.5917
10871044,-9.5985
10872296,-9.6053
10873547,-9.6121
10874799,-9.6190
10876051,-9.6258
10877304,-9.6326
10878556,-9.6394
10879809,-9.6462
10881061,-9.6530
10882314,-9.6598
10883567,-9.6665
10884820,-9.6733
10886073,-9.6801
10887327,-9.6869
10888580,-9.6937
10889834,-9.7005
10891088,-9.7073
10892342,-9.7141
10893596,-9.7208
10894850,-9.7276
10896104,-9.7344
10897359,-9.7412
10898614,-9.7479
10899868,-9.7547
10901123,-9.7615
10902378,-9.7682
10903634,-9.7750
10904889,-9.7818
10906145,-9.7885
10907400,-9.7953
10908656,-9.8021
10909912,-9.8088
10911168,-9.8156
10912425,-9.8223
10913681,-9.8291
10914938,-9.8358
10916194,-9.8426
10917451,-9.8493
10918708,-9.8561
10919965,-9.8628
10921222,-9.8696
10922480,-9.8763
10923737,-9.8830
10924995,-9.8898
10926253,-9.8965
10927511,-9.9032
10928769,-9.9100
10930028,-9.9167
10931286,-9.9234
10932545,-9.9302
10933803,-9.9369
10935062,-9.9436
10936321,-9.9503
10937580,-9.9571
10938840,-9.9638
10940099,-9.9705
10941359,-9.9772
10942618,-9.9839
10943878,-9.9906
10945138,-9.9973
10946399,-10.0040
10947659,-10.0108
10948919,-10.0175
10950180,-10.0242
10951441,-10.0309
10952702,-10.0376
10953963,-10.0443
10955224,-10.0510
10956485,-10.0577
10957747,-10.0644
10959008,-10.0710
10960270,-10.0777
10961532,-10.0844
10962794,-10.0911
10964056,-10.0978
10965319,-10.1045
10966581,-10.1112
10967844,-10.1178
10969107,-10.1245
10970369,-10.1312
10971633,-10.1379
10972896,-10.1445
10974159,-10.1512
10975423,-10.1579
10976686,-10.1646
10977950,-10.1712
10979214,-10.1779
10980478,-10.1845
10981742,-10.1912
10983007,-10.1979
10984271,-10.2045
10985536,-10.2112
10986801,-10.2178
10988066,-10.2245
10989331,-10.2311
10990596,-10.2378
10991862,-10.2444
10993127,-10.2511
10994393,-10.2577
10995659,-10.2644
10996925,-10.2710
10998191,-10.2777
10999457,-10.2843
11000724,-10.2909
11001990,-10.2976
11003257,-10.3042
11004524,-10.3108
11005791,-10.3175
11007058,-10.3241
11008325,-10.3307
11009593,-10.3374
11010860,-10.3440
11012128,-10.3506
11013396,-10.3572
11014664,-10.3638
11015932,-10.3705
11017201,-10.3771
11018469,-10.3837
11019738,-10.3903
11021006,-10.3969
11022275,-10.4035
11023544,-10.4101
11024814,-10.4167
11026083,-10.4234
11027352,-10.4300
11028622,-10.4366
11029892,-10.4432
11031162,-10.4498
11032432,-10.4564
11033702,-10.4630
11034972,-10.4695
11036243,-10.4761
11037514,-10.4827
11038784,-10.4893
11040055,-10.4959
11041327,-10.5025
11042598,-10.5091
11043869,-10.5157
11045141,-10.5222
11046412,-10.5288
11047684,-10.5354
11048956,-10.5420
11050228,-10.5485
11051501,-10.5551
11052773,-10.5617
11054046,-10.5683
11055318,-10.5748
11056591,-10.5814
11057864,-10.5880
11059137,-10.5945
11060411,-10.6011
11061684,-10.6077
11062958,-10.6142
11064232,-10.6208
11065505,-10.6273
11066779,-10.6339
11068054,-10.6404
11069328,-10.6470
11070602,-10.6535
11071877,-10.6601
11073152,-10.6666
11074427,-10.6732
11075702,-10.6797
11076977,-10.6863
11078252,-10.6928
11079528,-10.6993
11080804,-10.7059
11082079,-10.7124
11083355,-10.7189
11084631,-10.7255
11085908,-10.7320
11087184,-10.7385
11088461,-10.7451
11089737,-10.7516
11091014,-10.7581
11092291,-10.7646
11093568,-10.7712
11094845,-10.7777
11096123,-10.7842
11097400,-10.7907
11098678,-10.7972
11099956,-10.8037
11101234,-10.8103
11102512,-10.8168
11103790,-10.8233
11105069,-10.8298
11106347,-10.8363
11107626,-10.8428
11108905,-10.8493
11110184,-10.8558
11111463,-10.8623
11112743,-10.8688
11114022,-10.8753
11115302,-10.8818
11116581,-10.8883
11117861,-10.8948
11119141,-10.9013
11120422,-10.9078
11121702,-10.9142
11122983,-10.9207
11124263,-10.9272
11125544,-10.9337
11126825,-10.9402
11128106,-10.9467
11129387,-10.9531
11130669,-10.9596
11131950,-10.9661
11133232,-10.9726
11134514,-10.9790
11135796,-10.9855
11137078,-10.9920
11138360,-10.9984
11139643,-11.0049
11140925,-11.0114
11142208,-11.0178
11143491,-11.0243
11144774,-11.0308
11146057,-11.0372
11147340,-11.0437
11148624,-11.0501
11149907,-11.0566
11151191,-11.0630
11152475,-11.0695
11153759,-11.0759
11155043,-11.0824
11156327,-11.0888
11157612,-11.0953
11158897,-11.1017
11160181,-11.1082
11161466,-11.1146
11162751,-11.1210
11164037,-11.1275
11165322,-11.1339
11166608,-11.1404
11167893,-11.1468
11169179,-11.1532
11170465,-11.1596
11171751,-11.1661
11173037,-11.1725
11174324,-11.1789
11175610,-11.1854
11176897,-11.1918
11178184,-11.1982
11179471,-11.2046
11180758,-11.2110
11182045,-11.2175
11183333,-11.2239
11184621,-11.2303
11185908,-11.2367
11187196,-11.2431
11188484,-11.2495
11189772,-11.2559
11191061,-11.2623
11192349,-11.2687
11193638,-11.2751
11194927,-11.2815
11196216,-11.2879
11197505,-11.2943
11198794,-11.3007
11200083,-11.3071
11201373,-11.3135
11202663,-11.3199
11203952,-11.3263
11205242,-11.3327
11206532,-11.3391
11207823,-11.3455
11209113,-11.3519
11210404,-11.3583
11211694,-11.3646
11212985,-11.3710
11214276,-11.3774
11215568,-11.3838
11216859,-11.3902
11218150,-11.3965
11219442,-11.4029
11220734,-11.4093
11222026,-11.4157
11223318,-11.4220
11224610,-11.4284
11225902,-11.4348
11227195,-11.4411
11228487,-11.4475
11229780,-11.4539
11231073,-11.4602
11232366,-11.4666
11233659,-11.4729
11234953,-11.4793
11236246,-11.4856
11237540,-11.4920
11238834,-11.4984
11240128,-11.5047
11241422,-11.5111
11242716,-11.5174
11244011,-11.5237
11245305,-11.5301
11246600,-11.5364
11247895,-11.5428
11249190,-11.5491
11250485,-11.5555
11251781,-11.5618
11253076,-11.5681
11254372,-11.5745
11255667,-11.5808
11256963,-11.5871
11258259,-11.5935
11259556,-11.5998
11260852,-11.6061
11262149,-11.6125
11263445,-11.6188
11264742,-11.6251
11266039,-11.6314
11267336,-11.6377
11268634,-11.6441
11269931,-11.6504
11271229,-11.6567
11272526,-11.6630
11273824,-11.6693
11275122,-11.6756
11276420,-11.6820
11277719,-11.6883
11279017,-11.6946
11280316,-11.7009
11281614,-11.7072
11282913,-11.7135
11284212,-11.7198
11285512,-11.7261
11286811,-11.7324
11288111,-11.7387
11289410,-11.7450
11290710,-11.7513
11292010,-11.7576
11293310,-11.7639
11294610,-11.7702
11295911,-11.7765
11297211,-11.7827
11298512,-11.7890
11299813,-11.7953
11301114,-11.8016
11302415,-11.8079
11303716,-11.8142
11305018,-11.8205
11306320,-11.8267
11307621,-11.8330
11308923,-11.8393
11310225,-11.8456
11311527,-11.8518
11312830,-11.8581
11314132,-11.8644
11315435,-11.8706
11316738,-11.8769
11318041,-11.8832
11319344,-11.8894
11320647,-11.8957
11321951,-11.9020
11323254,-11.9082
11324558,-11.9145
11325862,-11.9208
11327166,-11.9270
11328470,-11.9333
11329774,-11.9395
11331079,-11.9458
11332383,-11.9520
11333688,-11.9583
11334993,-11.9645
11336298,-11.9708
11337603,-11.9770
11338909,-11.9833
11340214,-11.9895
11341520,-11.9957
11342826,-12.0020
11344132,-12.0082
11345438,-12.0145
11346744,-12.0207
11348050,-12.0269
11349357,-12.0332
11350664,-12.0394
11351971,-12.0456
11353278,-12.0519
11354585,-12.0581
11355892,-12.0643
11357200,-12.0705
11358507,-12.0768
11359815,-12.0830
11361123,-12.0892
11362431,-12.0954
11363739,-12.1016
11365047,-12.1079
11366356,-12.1141
11367665,-12.1203
11368974,-12.1265
11370282,-12.1327
11371592,-12.1389
11372901,-12.1451
11374210,-12.1513
11375520,-12.1576
11376830,-12.1638
11378140,-12.1700
11379450,-12.1762
11380760,-12.1824
11382070,-12.1886
11383381,-12.1948
11384691,-12.2010
11386002,-12.2072
11387313,-12.2133
11388624,-12.2195
11389935,-12.2257
11391247,-12.2319
11392558,-12.2381
11393870,-12.2443
11395182,-12.2505
11396494,-12.2567
11397806,-12.2629
11399118,-12.2690
11400431,-12.2752
11401743,-12.2814
11403056,-12.2876
11404369,-12.2938
11405682,-12.2999
11406995,-12.3061
11408308,-12.3123
11409622,-12.3184
11410936,-12.3246
11412249,-12.3308
11413563,-12.3370
11414877,-12.3431
11416192,-12.3493
11417506,-12.3555
11418821,-12.3616
11420135,-12.3678
11421450,-12.3739
11422765,-12.3801
11424081,-12.3863
11425396,-12.3924
11426711,-12.3986
11428027,-12.4047
11429343,-12.4109
11430659,-12.4170
11431975,-12.4232
11433291,-12.4293
11434607,-12.4355
11435924,-12.4416
11437241,-12.4478
11438557,-12.4539
11439874,-12.4600
11441191,-12.4662
11442509,-12.4723
11443826,-12.4785
11445144,-12.4846
11446462,-12.4907
11447779,-12.4969
11449098,-12.5030
11450416,-12.5091
11451734,-12.5152
11453053,-12.5214
11454371,-12.5275
11455690,-12.5336
11457009,-12.5398
11458328,-12.5459
11459647,-12.5520
11460967,-12.5581
11462286,-12.5642
11463606,-12.5704
11464926,-12.5765
11466246,-12.5826
11467566,-12.5887
11468886,-12.5948
11470207,-12.6009
11471528,-12.6070
11472848,-12.6131
11474169,-12.6193
11475490,-12.6254
11476812,-12.6315
11478133,-12.6376
11479455,-12.6437
11480776,-12.6498
11482098,-12.6559
11483420,-12.6620
11484742,-12.6681
11486065,-12.6742
11487387,-12.6803
11488710,-12.6864
11490032,-12.6924
11491355,-12.6985
11492678,-12.7046
11494002,-12.7107
11495325,-12.7168
11496649,-12.7229
11497972,-12.7290
11499296,-12.7351
11500620,-12.7411
11501944,-12.7472
11503268,-12.7533
11504593,-12.7594
11505917,-12.7655
11507242,-12.7715
11508567,-12.7776
11509892,-12.7837
11511217,-12.7898
11512543,-12.7958
11513868,-12.8019
11515194,-12.8080
11516520,-12.8140
11517846,-12.8201
11519172,-12.8262
11520498,-12.8322
11521824,-12.8383
11523151,-12.8443
11524478,-12.8504
11525805,-12.8565
11527132,-12.8625
11528459,-12.8686
11529786,-12.8746
11531114,-12.8807
11532441,-12.8867
11533769,-12.8928
11535097,-12.8988
11536425,-12.9049
11537753,-12.9109
11539082,-12.9170
11540410,-12.9230
11541739,-12.9291
11543068,-12.9351
11544397,-12.9411
11545726,-12.9472
11547056,-12.9532
11548385,-12.9593
11549715,-12.9653
11551044,-12.9713
11552374,-12.9774
11553704,-12.9834
11555035,-12.9894
11556365,-12.9955
11557696,-13.0015
11559026,-13.0075
11560357,-13.0135
11561688,-13.0196
11563019,-13.0256
11564351,-13.0316
11565682,-13.0376
11567014,-13.0436
11568346,-13.0497
11569678,-13.0557
11571010,-13.0617
11572342,-13.0677
11573674,-13.0737
11575007,-13.0797
11576339,-13.0857
11577672,-13.0918
11579005,-13.0978
11580339,-13.1038
11581672,-13.1098
11583005,-13.1158
11584339,-13.1218
11585673,-13.1278
11587007,-13.1338
11588341,-13.1398
11589675,-13.1458
11591009,-13.1518
11592344,-13.1578
11593679,-13.1638
11595013,-13.1698
11596348,-13.1758
11597684,-13.1818
11599019,-13.1877
11600354,-13.1937
11601690,-13.1997
11603026,-13.2057
11604362,-13.2117
11605698,-13.2177
11607034,-13.2237
11608370,-13.2296
11609707,-13.2356
11611044,-13.2416
11612380,-13.2476
11613717,-13.2536
11615055,-13.2595
11616392,-13.2655
11617729,-13.2715
11619067,-13.2775
11620405,-13.2834
11621743,-13.2894
11623081,-13.2954
11624419,-13.3013
11625757,-13.3073
11627096,-13.3133
11628435,-13.3192
11629773,-13.3252
11631112,-13.3311
11632452,-13.3371
11633791,-13.3431
11635130,-13.3490
11636470,-13.3550
11637810,-13.3609
11639150,-13.3669
11640490,-13.3728
11641830,-13.3788
11643170,-13.3847
11644511,-13.3907
11645852,-13.3966
11647193,-13.4026
11648534,-13.4085
11649875,-13.4145
11651216,-13.4204
11652558,-13.4264
11653899,-13.4323
11655241,-13.4382
11656583,-13.4442
11657925,-13.4501
11659267,-13.4561
11660610,-13.4620
11661952,-13.4679
11663295,-13.4739
11664638,-13.4798
11665981,-13.4857
11667324,-13.4916
11668667,-13.4976
11670011,-13.5035
11671354,-13.5094
11672698,-13.5153
11674042,-13.5213
11675386,-13.5272
11676730,-13.5331
11678075,-13.5390
11679419,-13.5450
11680764,-13.5509
11682109,-13.5568
11683454,-13.5627
11684799,-13.5686
11686145,-13.5745
11687490,-13.5804
11688836,-13.5863
11690182,-13.5923
11691527,-13.5982
11692874,-13.6041
11694220,-13.6100
11695566,-13.6159
11696913,-13.6218
11698260,-13.6277
11699606,-13.6336
11700954,-13.6395
11702301,-13.6454
11703648,-13.6513
11704996,-13.6572
11706343,-13.6631
11707691,-13.6690
11709039,-13.6749
11710387,-13.6808
11711735,-13.6866
11713084,-13.6925
11714433,-13.6984
11715781,-13.7043
11717130,-13.7102
11718479,-13.7161
11719828,-13.7220
11721178,-13.7278
11722527,-13.7337
11723877,-13.7396
11725227,-13.7455
11726577,-13.7514
11727927,-13.7572
11729277,-13.7631
11730628,-13.7690
11731978,-13.7749
11733329,-13.7807
11734680,-13.7866
11736031,-13.7925
11737382,-13.7983
11738734,-13.8042
11740085,-13.8101
11741437,-13.8159
11742789,-13.8218
11744141,-13.8277
11745493,-13.8335
11746845,-13.8394
11748198,-13.8453
11749551,-13.8511
11750903,-13.8570
11752256,-13.8628
11753609,-13.8687
11754963,-13.8745
11756316,-13.8804
11757670,-13.8862
11759023,-13.8921
11760377,-13.8979
11761731,-13.9038
11763086,-13.9096
11764440,-13.9155
11765794,-13.9213
11767149,-13.9272
11768504,-13.9330
11769859,-13.9389
11771214,-13.9447
11772569,-13.9505
11773925,-13.9564
11775280,-13.9622
11776636,-13.9680
11777992,-13.9739
11779348,-13.9797
11780704,-13.9855
11782061,-13.9914
11783417,-13.9972
11784774,-14.0030
11786131,-14.0089
11787488,-14.0147
11788845,-14.0205
11790202,-14.0263
11791560,-14.0322
11792917,-14.0380
11794275,-14.0438
11795633,-14.0496
11796991,-14.0554
11798349,-14.0613
11799708,-14.0671
11801066,-14.0729
11802425,-14.0787
11803784,-14.0845
11805143,-14.0903
11806502,-14.0961
11807862,-14.1020
11809221,-14.1078
11810581,-14.1136
11811941,-14.1194
11813301,-14.1252
11814661,-14.1310
11816021,-14.1368
11817381,-14.1426
11818742,-14.1484
11820103,-14.1542
11821464,-14.1600
11822825,-14.1658
11824186,-14.1716
11825547,-14.1774
11826909,-14.1832
11828271,-14.1890
11829633,-14.1948
11830995,-14.2006
11832357,-14.2063
11833719,-14.2121
11835082,-14.2179
11836444,-14.2237
11837807,-14.2295
11839170,-14.2353
11840533,-14.2411
11841896,-14.2468
11843260,-14.2526
11844623,-14.2584
11845987,-14.2642
11847351,-14.2700
11848715,-14.2757
11850079,-14.2815
11851444,-14.2873
11852808,-14.2931
11854173,-14.2988
11855538,-14.3046
11856903,-14.3104
11858268,-14.3161
11859633,-14.3219
11860999,-14.3277
11862364,-14.3334
11863730,-14.3392
11865096,-14.3450
11866462,-14.3507
11867828,-14.3565
11869195,-14.3623
11870561,-14.3680
11871928,-14.3738
11873295,-14.3795
11874662,-14.3853
11876029,-14.3910
11877397,-14.3968
11878764,-14.4026
11880132,-14.4083
11881500,-14.4141
11882868,-14.4198
11884236,-14.4256
11885604,-14.4313
11886972,-14.4370
11888341,-14.4428
11889710,-14.4485
11891079,-14.4543
11892448,-14.4600
11893817,-14.4658
11895186,-14.4715
11896556,-14.4772
11897926,-14.4830
11899296,-14.4887
11900666,-14.4945
11902036,-14.5002
11903406,-14.5059
11904777,-14.5117
11906147,-14.5174
11907518,-14.5231
11908889,-14.5288
11910260,-14.5346
11911632,-14.5403
11913003,-14.5460
11914375,-14.5518
11915746,-14.5575
11917118,-14.5632
11918491,-14.5689
11919863,-14.5746
11921235,-14.5804
11922608,-14.5861
11923980,-14.5918
11925353,-14.5975
11926726,-14.6032
11928100,-14.6089
11929473,-14.6147
11930846,-14.6204
11932220,-14.6261
11933594,-14.6318
11934968,-14.6375
11936342,-14.6432
11937716,-14.6489
11939091,-14.6546
11940465,-14.6603
11941840,-14.6660
11943215,-14.6717
11944590,-14.6774
11945965,-14.6831
11947341,-14.6888
11948716,-14.6945
11950092,-14.7002
11951468,-14.7059
11952844,-14.7116
11954220,-14.7173
11955597,-14.7230
11956973,-14.7287
11958350,-14.7344
11959727,-14.7401
11961104,-14.7458
11962481,-14.7515
11963858,-14.7572
11965236,-14.7628
11966613,-14.7685
11967991,-14.7742
11969369,-14.7799
11970747,-14.7856
11972125,-14.7913
11973504,-14.7969
11974882,-14.8026
11976261,-14.8083
11977640,-14.8140
11979019,-14.8196
11980398,-14.8253
11981778,-14.8310
11983157,-14.8367
11984537,-14.8423
11985917,-14.8480
11987297,-14.8537
11988677,-14.8593
11990057,-14.8650
11991438,-14.8707
11992818,-14.8763
11994199,-14.8820
11995580,-14.8877
11996961,-14.8933
11998342,-14.8990
11999724,-14.9047
12001106,-14.9103
12002487,-14.9160
12003869,-14.9216
12005251,-14.9273
12006634,-14.9329
12008016,-14.9386
12009398,-14.9443
12010781,-14.9499
12012164,-14.9556
12013547,-14.9612
12014930,-14.9669
12016314,-14.9725
12017697,-14.9782
12019081,-14.9838
12020465,-14.9894
12021849,-14.9951
12023233,-15.0007
12024617,-15.0064
12026002,-15.0120
12027386,-15.0177
12028771,-15.0233
12030156,-15.0289
12031541,-15.0346
12032926,-15.0402
12034312,-15.0458
12035697,-15.0515
12037083,-15.0571
12038469,-15.0627
12039855,-15.0684
12041241,-15.0740
12042628,-15.0796
12044014,-15.0853
12045401,-15.0909
12046788,-15.0965
12048175,-15.1021
12049562,-15.1078
12050949,-15.1134
12052337,-15.1190
12053724,-15.1246
12055112,-15.1302
12056500,-15.1359
12057888,-15.1415
12059277,-15.1471
12060665,-15.1527
12062054,-15.1583
12063442,-15.1639
12064831,-15.1695
12066220,-15.1752
12067610,-15.1808
12068999,-15.1864
12070389,-15.1920
12071778,-15.1976
12073168,-15.2032
12074558,-15.2088
12075949,-15.2144
12077339,-15.2200
12078729,-15.2256
12080120,-15.2312
12081511,-15.2368
12082902,-15.2424
12084293,-15.2480
12085685,-15.2536
12087076,-15.2592
12088468,-15.2648
12089860,-15.2704
12091252,-15.2760
12092644,-15.2816
12094036,-15.2872
12095428,-15.2928
12096821,-15.2984
12098214,-15.3040
12099607,-15.3095
12101000,-15.3151
12102393,-15.3207
12103787,-15.3263
12105180,-15.3319
12106574,-15.3375
12107968,-15.3430
12109362,-15.3486
12110756,-15.3542
12112150,-15.3598
12113545,-15.3654
12114940,-15.3709
12116335,-15.3765
12117730,-15.3821
12119125,-15.3877
12120520,-15.3932
12121916,-15.3988
12123311,-15.4044
12124707,-15.4100
12126103,-15.4155
12127499,-15.4211
12128896,-15.4267
12130292,-15.4322
12131689,-15.4378
12133085,-15.4434
12134482,-15.4489
12135879,-15.4545
12137277,-15.4600
12138674,-15.4656
12140072,-15.4712
12141470,-15.4767
12142867,-15.4823
12144266,-15.4878
12145664,-15.4934
12147062,-15.4989
12148461,-15.5045
12149859,-15.5101
12151258,-15.5156
12152657,-15.5212
12154057,-15.5267
12155456,-15.5323
12156856,-15.5378
12158255,-15.5433
12159655,-15.5489
12161055,-15.5544
12162455,-15.5600
12163856,-15.5655
12165256,-15.5711
12166657,-15.5766
12168058,-15.5821
12169459,-15.5877
12170860,-15.5932
12172261,-15.5988
12173662,-15.6043
12175064,-15.6098
12176466,-15.6154
12177868,-15.6209
12179270,-15.6264
12180672,-15.6320
12182075,-15.6375
12183477,-15.6430
12184880,-15.6486
12186283,-15.6541
12187686,-15.6596
12189089,-15.6651
12190493,-15.6707
12191896,-15.6762
12193300,-15.6817
12194704,-15.6872
12196108,-15.6927
12197512,-15.6983
12198916,-15.7038
12200321,-15.7093
12201726,-15.7148
12203130,-15.7203
12204535,-15.7259
12205941,-15.7314
12207346,-15.7369
12208752,-15.7424
12210157,-15.7479
12211563,-15.7534
12212969,-15.7589
12214375,-15.7644
12215781,-15.7699
12217188,-15.7754
12218595,-15.7810
12220001,-15.7865
12221408,-15.7920
12222815,-15.7975
12224223,-15.8030
12225630,-15.8085
12227038,-15.8140
12228446,-15.8195
12229854,-15.8250
12231262,-15.8305
12232670,-15.8360
12234078,-15.8415
12235487,-15.8469
12236896,-15.8524
12238305,-15.8579
12239714,-15.8634
12241123,-15.8689
12242532,-15.8744
12243942,-15.8799
12245351,-15.8854
12246761,-15.8909
12248171,-15.8964
12249582,-15.9018
12250992,-15.9073
12252402,-15.9128
12253813,-15.9183
12255224,-15.9238
12256635,-15.9293
12258046,-15.9347
12259458,-15.9402
12260869,-15.9457
12262281,-15.9512
12263693,-15.9566
12265105,-15.9621
12266517,-15.9676
12267929,-15.9731
12269342,-15.9785
12270754,-15.9840
12272167,-15.9895
12273580,-15.9949
12274993,-16.0004
12276406,-16.0059
12277820,-16.0113
12279233,-16.0168
12280647,-16.0223
12282061,-16.0277
12283475,-16.0332
12284890,-16.0387
12286304,-16.0441
12287719,-16.0496
12289133,-16.0550
12290548,-16.0605
12291963,-16.0660
12293379,-16.0714
12294794,-16.0769
12296210,-16.0823
12297625,-16.0878
12299041,-16.0932
12300457,-16.0987
12301873,-16.1041
12303290,-16.1096
12304706,-16.1150
12306123,-16.1205
12307540,-16.1259
12308957,-16.1314
12310374,-16.1368
12311792,-16.1423
12313209,-16.1477
12314627,-16.1532
12316045,-16.1586
12317463,-16.1640
12318881,-16.1695
12320299,-16.1749
12321718,-16.1804
12323136,-16.1858
12324555,-16.1912
12325974,-16.1967
12327393,-16.2021
12328813,-16.2075
12330232,-16.2130
12331652,-16.2184
12333072,-16.2238
12334492,-16.2293
12335912,-16.2347
12337332,-16.2401
12338753,-16.2455
12340173,-16.2510
12341594,-16.2564
12343015,-16.2618
12344436,-16.2672
12345857,-16.2727
12347279,-16.2781
12348700,-16.2835
12350122,-16.2889
12351544,-16.2943
12352966,-16.2998
12354389,-16.3052
12355811,-16.3106
12357234,-16.3160
12358656,-16.3214
12360079,-16.3268
12361502,-16.3323
12362926,-16.3377
12364349,-16.3431
12365773,-16.3485
12367196,-16.3539
12368620,-16.3593
12370044,-16.3647
12371469,-16.3701
12372893,-16.3755
12374317,-16.3809
12375742,-16.3863
12377167,-16.3917
12378592,-16.3971
12380017,-16.4025
12381443,-16.4079
12382868,-16.4133
12384294,-16.4187
12385720,-16.4241
12387146,-16.4295
12388572,-16.4349
12389999,-16.4403
12391425,-16.4457
12392852,-16.4511
12394279,-16.4565
12395706,-16.4619
12397133,-16.4673
12398560,-16.4727
12399988,-16.4781
12401415,-16.4835
12402843,-16.4888
12404271,-16.4942
12405699,-16.4996
12407128,-16.5050
12408556,-16.5104
12409985,-16.5158
12411414,-16.5211
12412843,-16.5265
12414272,-16.5319
12415701,-16.5373
12417131,-16.5427
12418560,-16.5480
12419990,-16.5534
12421420,-16.5588
12422850,-16.5642
12424281,-16.5695
12425711,-16.5749
12427142,-16.5803
12428573,-16.5857
12430004,-16.5910
12431435,-16.5964
12432866,-16.6018
12434298,-16.6071
12435729,-16.6125
12437161,-16.6179
12438593,-16.6232
12440025,-16.6286
12441457,-16.6340
12442890,-16.6393
12444322,-16.6447
12445755,-16.6501
12447188,-16.6554
12448621,-16.6608
12450055,-16.6661
12451488,-16.6715
12452922,-16.6768
12454355,-16.6822
12455789,-16.6876
12457223,-16.6929
12458658,-16.6983
12460092,-16.7036
12461527,-16.7090
12462962,-16.7143
12464396,-16.7197
12465832,-16.7250
12467267,-16.7304
12468702,-16.7357
12470138,-16.7411
12471574,-16.7464
12473010,-16.7517
12474446,-16.7571
12475882,-16.7624
12477318,-16.7678
12478755,-16.7731
12480192,-16.7785
12481629,-16.7838
12483066,-16.7891
12484503,-16.7945
12485940,-16.7998
12487378,-16.8051
12488816,-16.8105
12490254,-16.8158
12491692,-16.8211
12493130,-16.8265
12494568,-16.8318
12496007,-16.8371
12497446,-16.8425
12498884,-16.8478
12500324,-16.8531
12501763,-16.8585
12503202,-16.8638
12504642,-16.8691
12506082,-16.8744
12507521,-16.8798
12508961,-16.8851
12510402,-16.8904
12511842,-16.8957
12513283,-16.9010
12514723,-16.9064
12516164,-16.9117
12517605,-16.9170
12519047,-16.9223
12520488,-16.9276
12521930,-16.9330
12523371,-16.9383
12524813,-16.9436
12526255,-16.9489
12527697,-16.9542
12529140,-16.9595
12530582,-16.9648
12532025,-16.9701
12533468,-16.9754
12534911,-16.9808
12536354,-16.9861
12537798,-16.9914
12539241,-16.9967
12540685,-17.0020
12542129,-17.0073
12543573,-17.0126
12545017,-17.0179
12546461,-17.0232
12547906,-17.0285
12549351,-17.0338
12550796,-17.0391
12552241,-17.0444
12553686,-17.0497
12555131,-17.0550
12556577,-17.0603
12558022,-17.0656
12559468,-17.0709
12560914,-17.0762
12562361,-17.0814
12563807,-17.0867
12565253,-17.0920
12566700,-17.0973
12568147,-17.1026
12569594,-17.1079
12571041,-17.1132
12572489,-17.1185
12573936,-17.1237
12575384,-17.1290
12576832,-17.1343
12578280,-17.1396
12579728,-17.1449
12581176,-17.1502
12582625,-17.1554
12584074,-17.1607
12585523,-17.1660
12586972,-17.1713
12588421,-17.1766
12589870,-17.1818
12591320,-17.1871
12592770,-17.1924
12594219,-17.1977
12595669,-17.2029
12597120,-17.2082
12598570,-17.2135
12600021,-17.2187
12601471,-17.2240
12602922,-17.2293
12604373,-17.2346
12605824,-17.2398
12607276,-17.2451
12608727,-17.2504
12610179,-17.2556
12611631,-17.2609
12613083,-17.2661
12614535,-17.2714
12615988,-17.2767
12617440,-17.2819
12618893,-17.2872
12620346,-17.2924
12621799,-17.2977
12623252,-17.3030
12624705,-17.3082
12626159,-17.3135
12627613,-17.3187
12629067,-17.3240
12630521,-17.3292
12631975,-17.3345
12633429,-17.3397
12634884,-17.3450
12636339,-17.3502
12637793,-17.3555
12639249,-17.3607
12640704,-17.3660
12642159,-17.3712
12643615,-17.3765
12645070,-17.3817
12646526,-17.3870
12647982,-17.3922
12649439,-17.3975
12650895,-17.4027
12652352,-17.4079
12653808,-17.4132
12655265,-17.4184
12656722,-17.4237
12658180,-17.4289
12659637,-17.4341
12661095,-17.4394
12662552,-17.4446
12664010,-17.4498
12665468,-17.4551
12666927,-17.4603
12668385,-17.4655
12669844,-17.4708
12671302,-17.4760
12672761,-17.4812
12674220,-17.4865
12675680,-17.4917
12677139,-17.4969
12678599,-17.5021
12680058,-17.5074
12681518,-17.5126
12682978,-17.5178
12684439,-17.5230
12685899,-17.5283
12687360,-17.5335
12688821,-17.5387
12690281,-17.5439
12691743,-17.5491
12693204,-17.5544
12694665,-17.5596
12696127,-17.5648
12697589,-17.5700
12699051,-17.5752
12700513,-17.5804
12701975,-17.5857
12703437,-17.5909
12704900,-17.5961
12706363,-17.6013
12707826,-17.6065
12709289,-17.6117
12710752,-17.6169
12712216,-17.6221
12713679,-17.6273
12715143,-17.6326
12716607,-17.6378
12718071,-17.6430
12719536,-17.6482
12721000,-17.6534
12722465,-17.6586
12723930,-17.6638
12725394,-17.6690
12726860,-17.6742
12728325,-17.6794
12729790,-17.6846
12731256,-17.6898
12732722,-17.6950
12734188,-17.7002
12735654,-17.7054
12737120,-17.7106
12738587,-17.7158
12740054,-17.7209
12741520,-17.7261
12742987,-17.7313
12744455,-17.7365
12745922,-17.7417
12747389,-17.7469
12748857,-17.7521
12750325,-17.7573
12751793,-17.7625
12753261,-17.7677
12754730,-17.7728
12756198,-17.7780
12757667,-17.7832
12759136,-17.7884
12760605,-17.7936
12762074,-17.7988
12763543,-17.8039
12765013,-17.8091
12766483,-17.8143
12767952,-17.8195
12769422,-17.8247
12770893,-17.8298
12772363,-17.8350
12773834,-17.8402
12775304,-17.8454
12776775,-17.8505
12778246,-17.8557
12779718,-17.8609
12781189,-17.8660
12782661,-17.8712
12784132,-17.8764
12785604,-17.8816
12787076,-17.8867
12788548,-17.8919
12790021,-17.8971
12791494,-17.9022
12792966,-17.9074
12794439,-17.9126
12795912,-17.9177
12797386,-17.9229
12798859,-17.9280
12800333,-17.9332
12801806,-17.9384
12803280,-17.9435
12804754,-17.9487
12806229,-17.9538
12807703,-17.9590
12809178,-17.9642
12810653,-17.9693
12812128,-17.9745
12813603,-17.9796
12815078,-17.9848
12816553,-17.9899
12818029,-17.9951
12819505,-18.0002
12820981,-18.0054
12822457,-18.0105
12823933,-18.0157
12825410,-18.0208
12826887,-18.0260
12828363,-18.0311
12829840,-18.0363
12831318,-18.0414
12832795,-18.0466
12834272,-18.0517
12835750,-18.0569
12837228,-18.0620
12838706,-18.0671
12840184,-18.0723
12841663,-18.0774
12843141,-18.0826
12844620,-18.0877
12846099,-18.0928
12847578,-18.0980
12849057,-18.1031
12850536,-18.1082
12852016,-18.1134
12853496,-18.1185
12854976,-18.1236
12856456,-18.1288
12857936,-18.1339
12859416,-18.1390
12860897,-18.1442
12862378,-18.1493
12863859,-18.1544
12865340,-18.1596
12866821,-18.1647
12868302,-18.1698
12869784,-18.1749
12871266,-18.1801
12872748,-18.1852
12874230,-18.1903
12875712,-18.1954
12877194,-18.2006
12878677,-18.2057
12880160,-18.2108
12881643,-18.2159
12883126,-18.2210
12884609,-18.2262
12886093,-18.2313
12887576,-18.2364
12889060,-18.2415
12890544,-18.2466
12892028,-18.2517
12893513,-18.2569
12894997,-18.2620
12896482,-18.2671
12897967,-18.2722
12899452,-18.2773
12900937,-18.2824
12902422,-18.2875
12903908,-18.2926
12905394,-18.2977
12906879,-18.3028
12908366,-18.3080
12909852,-18.3131
12911338,-18.3182
12912825,-18.3233
12914311,-18.3284
12915798,-18.3335
12917285,-18.3386
12918773,-18.3437
12920260,-18.3488
12921748,-18.3539
12923235,-18.3590
12924723,-18.3641
12926211,-18.3692
12927700,-18.3743
12929188,-18.3794
12930677,-18.3845
12932166,-18.3896
12933654,-18.3946
12935144,-18.3997
12936633,-18.4048
12938122,-18.4099
12939612,-18.4150
12941102,-18.4201
12942592,-18.4252
12944082,-18.4303
12945572,-18.4354
12947063,-18.4405
12948553,-18.4455
12950044,-18.4506
12951535,-18.4557
12953027,-18.4608
12954518,-18.4659
12956009,-18.4710
12957501,-18.4761
12958993,-18.4811
12960485,-18.4862
12961977,-18.4913
12963470,-18.4964
12964962,-18.5015
12966455,-18.5065
12967948,-18.5116
12969441,-18.5167
12970934,-18.5218
12972428,-18.5268
12973921,-18.5319
12975415,-18.5370
12976909,-18.5421
12978403,-18.5471
12979897,-18.5522
12981392,-18.5573
12982886,-18.5623
12984381,-18.5674
12985876,-18.5725
12987371,-18.5775
12988867,-18.5826
12990362,-18.5877
12991858,-18.5927
12993354,-18.5978
12994850,-18.6029
12996346,-18.6079
12997842,-18.6130
12999339,-18.6181
13000835,-18.6231
13002332,-18.6282
13003829,-18.6332
13005326,-18.6383
13006824,-18.6434
13008321,-18.6484
13009819,-18.6535
13011317,-18.6585
13012815,-18.6636
13014313,-18.6686
13015812,-18.6737
13017310,-18.6787
13018809,-18.6838
13020308,-18.6888
13021807,-18.6939
13023306,-18.6990
13024806,-18.7040
13026305,-18.7090
13027805,-18.7141
13029305,-18.7191
13030805,-18.7242
13032306,-18.7292
13033806,-18.7343
13035307,-18.7393
13036808,-18.7444
13038309,-18.7494
13039810,-18.7545
13041311,-18.7595
13042813,-18.7645
13044314,-18.7696
13045816,-18.7746
13047318,-18.7797
13048820,-18.7847
13050323,-18.7897
13051825,-18.7948
13053328,-18.7998
13054831,-18.8048
13056334,-18.8099
13057837,-18.8149
13059341,-18.8199
13060844,-18.8250
13062348,-18.8300
13063852,-18.8350
13065356,-18.8401
13066861,-18.8451
13068365,-18.8501
13069870,-18.8552
13071374,-18.8602
13072879,-18.8652
13074385,-18.8702
13075890,-18.8753
13077395,-18.8803
13078901,-18.8853
13080407,-18.8903
13081913,-18.8954
13083419,-18.9004
13084926,-18.9054
13086432,-18.9104
13087939,-18.9154
13089446,-18.9205
13090953,-18.9255
13092460,-18.9305
13093967,-18.9355
13095475,-18.9405
13096983,-18.9456
13098491,-18.9506
13099999,-18.9556
13101507,-18.9606
13103015,-18.9656
13104524,-18.9706
13106033,-18.9756
13107542,-18.9806
13109051,-18.9857
13110560,-18.9907
13112070,-18.9957
13113580,-19.0007
13115089,-19.0057
13116599,-19.0107
13118110,-19.0157
13119620,-19.0207
13121130,-19.0257
13122641,-19.0307
13124152,-19.0357
13125663,-19.0407
13127174,-19.0457
13128686,-19.0507
13130197,-19.0557
13131709,-19.0607
13133221,-19.0657
13134733,-19.0707
13136245,-19.0757
13137758,-19.0807
13139271,-19.0857
13140783,-19.0907
13142296,-19.0957
13143809,-19.1007
13145323,-19.1057
13146836,-19.1107
13148350,-19.1157
13149864,-19.1207
13151378,-19.1257
13152892,-19.1306
13154406,-19.1356
13155921,-19.1406
13157436,-19.1456
13158951,-19.1506
13160466,-19.1556
13161981,-19.1606
13163496,-19.1656
13165012,-19.1705
13166528,-19.1755
13168044,-19.1805
13169560,-19.1855
13171076,-19.1905
13172592,-19.1955
13174109,-19.2004
13175626,-19.2054
13177143,-19.2104
13178660,-19.2154
13180177,-19.2204
13181695,-19.2253
13183213,-19.2303
13184730,-19.2353
13186248,-19.2403
13187767,-19.2452
13189285,-19.2502
13190804,-19.2552
13192322,-19.2601
13193841,-19.2651
13195360,-19.2701
13196880,-19.2751
13198399,-19.2800
13199919,-19.2850
13201438,-19.2900
13202958,-19.2949
13204479,-19.2999
13205999,-19.3049
13207519,-19.3098
13209040,-19.3148
13210561,-19.3198
13212082,-19.3247
13213603,-19.3297
13215124,-19.3347
13216646,-19.3396
13218168,-19.3446
13219690,-19.3495
13221212,-19.3545
13222734,-19.3595
13224256,-19.3644
13225779,-19.3694
13227302,-19.3743
13228824,-19.3793
13230348,-19.3842
13231871,-19.3892
13233394,-19.3941
13234918,-19.3991
13236442,-19.4041
13237966,-19.4090
13239490,-19.4140
13241014,-19.4189
13242539,-19.4239
13244064,-19.4288
13245588,-19.4338
13247113,-19.4387
13248639,-19.4437
13250164,-19.4486
13251690,-19.4535
13253215,-19.4585
13254741,-19.4634
13256267,-19.4684
13257794,-19.4733
13259320,-19.4783
13260847,-19.4832
13262374,-19.4882
13263900,-19.4931
13265428,-19.4980
13266955,-19.5030
13268482,-19.5079
13270010,-19.5128
13271538,-19.5178
13273066,-19.5227
13274594,-19.5277
13276123,-19.5326
13277651,-19.5375
13279180,-19.5425
13280709,-19.5474
13282238,-19.5523
13283767,-19.5573
13285297,-19.5622
13286826,-19.5671
13288356,-19.5721
13289886,-19.5770
13291416,-19.5819
13292946,-19.5868
13294477,-19.5918
13296008,-19.5967
13297538,-19.6016
13299069,-19.6065
13300601,-19.6115
13302132,-19.6164
13303664,-19.6213
13305195,-19.6262
13306727,-19.6312
13308259,-19.6361
13309792,-19.6410
13311324,-19.6459
13312857,-19.6509
13314389,-19.6558
13315922,-19.6607
13317456,-19.6656
13318989,-19.6705
13320522,-19.6754
13322056,-19.6804
13323590,-19.6853
13325124,-19.6902
13326658,-19.6951
13328192,-19.7000
13329727,-19.7049
13331262,-19.7098
13332797,-19.7147
13334332,-19.7197
13335867,-19.7246
13337402,-19.7295
13338938,-19.7344
13340474,-19.7393
13342010,-19.7442
13343546,-19.7491
13345082,-19.7540
13346619,-19.7589
13348155,-19.7638
13349692,-19.7687
13351229,-19.7736
13352767,-19.7785
13354304,-19.7834
13355841,-19.7883
13357379,-19.7932
13358917,-19.7981
13360455,-19.8030
13361993,-19.8079
13363532,-19.8128
13365071,-19.8177
13366609,-19.8226
13368148,-19.8275
13369687,-19.8324
13371227,-19.8373
13372766,-19.8422
13374306,-19.8471
13375846,-19.8520
13377386,-19.8569
13378926,-19.8618
13380466,-19.8667
13382007,-19.8716
13383548,-19.8765
13385089,-19.8813
13386630,-19.8862
13388171,-19.8911
13389713,-19.8960
13391254,-19.9009
13392796,-19.9058
13394338,-19.9107
13395880,-19.9156
13397423,-19.9204
13398965,-19.9253
13400508,-19.9302
13402051,-19.9351
13403594,-19.9400
13405137,-19.9448
13406680,-19.9497
13408224,-19.9546
13409768,-19.9595
13411312,-19.9644
13412856,-19.9692
13414400,-19.9741
13415945,-19.9790
13417489,-19.9839
13419034,-19.9887
13420579,-19.9936
13422124,-19.9985
13423670,-20.0034
13425215,-20.0082
13426761,-20.0131
13428307,-20.0180
13429853,-20.0229
13431399,-20.0277
13432946,-20.0326
13434492,-20.0375
13436039,-20.0423
13437586,-20.0472
13439133,-20.0521
13440680,-20.0569
13442228,-20.0618
13443776,-20.0667
13445323,-20.0715
13446871,-20.0764
13448420,-20.0813
13449968,-20.0861
13451517,-20.0910
13453065,-20.0958
13454614,-20.1007
13456163,-20.1056
13457713,-20.1104
13459262,-20.1153
13460812,-20.1201
13462362,-20.1250
13463912,-20.1299
13465462,-20.1347
13467012,-20.1396
13468563,-20.1444
13470113,-20.1493
13471664,-20.1541
13473215,-20.1590
13474767,-20.1638
13476318,-20.1687
13477870,-20.1735
13479422,-20.1784
13480973,-20.1832
13482526,-20.1881
13484078,-20.1929
13485630,-20.1978
13487183,-20.2026
13488736,-20.2075
13490289,-20.2123
13491842,-20.2172
13493396,-20.2220
13494949,-20.2269
13496503,-20.2317
13498057,-20.2366
13499611,-20.2414
13501165,-20.2462
13502720,-20.2511
13504274,-20.2559
13505829,-20.2608
13507384,-20.2656
13508939,-20.2704
13510495,-20.2753
13512050,-20.2801
13513606,-20.2850
13515162,-20.2898
13516718,-20.2946
13518274,-20.2995
13519831,-20.3043
13521387,-20.3091
13522944,-20.3140
13524501,-20.3188
13526058,-20.3236
13527616,-20.3285
13529173,-20.3333
13530731,-20.3381
13532289,-20.3430
13533847,-20.3478
13535405,-20.3526
13536963,-20.3574
13538522,-20.3623
13540081,-20.3671
13541640,-20.3719
13543199,-20.3767
13544758,-20.3816
13546318,-20.3864
13547877,-20.3912
13549437,-20.3960
13550997,-20.4009
13552557,-20.4057
13554118,-20.4105
13555678,-20.4153
13557239,-20.4201
13558800,-20.4250
13560361,-20.4298
13561922,-20.4346
13563484,-20.4394
13565045,-20.4442
13566607,-20.4491
13568169,-20.4539
13569732,-20.4587
13571294,-20.4635
13572856,-20.4683
13574419,-20.4731
13575982,-20.4779
13577545,-20.4828
13579108,-20.4876
13580672,-20.4924
13582235,-20.4972
13583799,-20.5020
13585363,-20.5068
13586927,-20.5116
13588492,-20.5164
13590056,-20.5212
13591621,-20.5260
13593186,-20.5308
13594751,-20.5356
13596316,-20.5404
13597882,-20.5453
13599447,-20.5501
13601013,-20.5549
13602579,-20.5597
13604145,-20.5645
13605711,-20.5693
13607278,-20.5741
13608845,-20.5789
13610411,-20.5837
13611979,-20.5885
13613546,-20.5933
13615113,-20.5981
13616681,-20.6029
13618248,-20.6077
13619816,-20.6125
13621385,-20.6172
13622953,-20.6220
13624521,-20.6268
13626090,-20.6316
13627659,-20.6364
13629228,-20.6412
13630797,-20.6460
13632367,-20.6508
13633936,-20.6556
13635506,-20.6604
13637076,-20.6652
13638646,-20.6700
13640216,-20.6747
13641787,-20.6795
13643357,-20.6843
13644928,-20.6891
13646499,-20.6939
13648070,-20.6987
13649642,-20.7035
13651213,-20.7082
13652785,-20.7130
13654357,-20.7178
13655929,-20.7226
13657501,-20.7274
13659074,-20.7322
13660647,-20.7369
13662219,-20.7417
13663792,-20.7465
13665366,-20.7513
13666939,-20.7560
13668513,-20.7608
13670086,-20.7656
13671660,-20.7704
13673234,-20.7752
13674809,-20.7799
13676383,-20.7847
13677958,-20.7895
13679532,-20.7943
13681107,-20.7990
13682683,-20.8038
13684258,-20.8086
13685834,-20.8133
13687409,-20.8181
13688985,-20.8229
13690561,-20.8276
13692138,-20.8324
13693714,-20.8372
13695291,-20.8420
13696868,-20.8467
13698445,-20.8515
13700022,-20.8563
13701599,-20.8610
13703177,-20.8658
13704754,-20.8705
13706332,-20.8753
13707910,-20.8801
13709489,-20.8848
13711067,-20.8896
13712646,-20.8944
13714225,-20.8991
13715804,-20.9039
13717383,-20.9086
13718962,-20.9134
13720542,-20.9182
13722121,-20.9229
13723701,-20.9277
13725281,-20.9324
13726862,-20.9372
13728442,-20.9419
13730023,-20.9467
13731604,-20.9514
13733185,-20.9562
13734766,-20.9609
13736347,-20.9657
13737929,-20.9705
13739510,-20.9752
13741092,-20.9800
13742674,-20.9847
13744257,-20.9895
13745839,-20.9942
13747422,-20.9989
13749005,-21.0037
13750588,-21.0084
13752171,-21.0132
13753754,-21.0179
13755338,-21.0227
13756921,-21.0274
13758505,-21.0322
13760089,-21.0369
13761674,-21.0417
13763258,-21.0464
13764843,-21.0511
13766428,-21.0559
13768013,-21.0606
13769598,-21.0654
13771183,-21.0701
13772769,-21.0748
13774354,-21.0796
13775940,-21.0843
13777526,-21.0891
13779113,-21.0938
13780699,-21.0985
13782286,-21.1033
13783873,-21.1080
13785460,-21.1127
13787047,-21.1175
13788634,-21.1222
13790222,-21.1269
13791810,-21.1317
13793398,-21.1364
13794986,-21.1411
13796574,-21.1459
13798162,-21.1506
13799751,-21.1553
13801340,-21.1600
13802929,-21.1648
13804518,-21.1695
13806108,-21.1742
13807697,-21.1790
13809287,-21.1837
13810877,-21.1884
13812467,-21.1931
13814057,-21.1979
13815648,-21.2026
13817239,-21.2073
13818829,-21.2120
13820420,-21.2167
13822012,-21.2215
13823603,-21.2262
13825195,-21.2309
13826786,-21.2356
13828378,-21.2403
13829971,-21.2451
13831563,-21.2498
13833155,-21.2545
13834748,-21.2592
13836341,-21.2639
13837934,-21.2687
13839527,-21.2734
13841121,-21.2781
13842714,-21.2828
13844308,-21.2875
13845902,-21.2922
13847496,-21.2969
13849091,-21.3016
13850685,-21.3064
13852280,-21.3111
13853875,-21.3158
13855470,-21.3205
13857065,-21.3252
13858660,-21.3299
13860256,-21.3346
13861852,-21.3393
13863448,-21.3440
13865044,-21.3487
13866640,-21.3534
13868237,-21.3581
13869834,-21.3628
13871431,-21.3676
13873028,-21.3723
13874625,-21.3770
13876222,-21.3817
13877820,-21.3864
13879418,-21.3911
13881016,-21.3958
13882614,-21.4005
13884213,-21.4052
13885811,-21.4099
13887410,-21.4146
13889009,-21.4193
13890608,-21.4240
13892207,-21.4287
13893807,-21.4333
13895406,-21.4380
13897006,-21.4427
13898606,-21.4474
13900207,-21.4521
13901807,-21.4568
13903408,-21.4615
13905008,-21.4662
13906609,-21.4709
13908210,-21.4756
13909812,-21.4803
13911413,-21.4850
13913015,-21.4897
13914617,-21.4943
13916219,-21.4990
13917821,-21.5037
13919424,-21.5084
13921026,-21.5131
13922629,-21.5178
13924232,-21.5225
13925835,-21.5272
13927439,-21.5318
13929042,-21.5365
13930646,-21.5412
13932250,-21.5459
13933854,-21.5506
13935458,-21.5553
13937063,-21.5599
13938667,-21.5646
13940272,-21.5693
13941877,-21.5740
13943482,-21.5787
13945088,-21.5833
13946693,-21.5880
13948299,-21.5927
13949905,-21.5974
13951511,-21.6020
13953118,-21.6067
13954724,-21.6114
13956331,-21.6161
13957938,-21.6207
13959545,-21.6254
13961152,-21.6301
13962759,-21.6348
13964367,-21.6394
13965975,-21.6441
13967583,-21.6488
13969191,-21.6534
13970799,-21.6581
13972408,-21.6628
13974017,-21.6675
13975626,-21.6721
13977235,-21.6768
13978844,-21.6815
13980453,-21.6861
13982063,-21.6908
13983673,-21.6955
13985283,-21.7001
13986893,-21.7048
13988503,-21.7094
13990114,-21.7141
13991725,-21.7188
13993336,-21.7234
13994947,-21.7281
13996558,-21.7328
13998170,-21.7374
13999781,-21.7421
14001393,-21.7467
14003005,-21.7514
14004618,-21.7561
14006230,-21.7607
14007843,-21.7654
14009455,-21.7700
14011068,-21.7747
14012682,-21.7793
14014295,-21.7840
14015909,-21.7886
14017522,-21.7933
14019136,-21.7980
14020750,-21.8026
14022365,-21.8073
14023979,-21.8119
14025594,-21.8166
14027209,-21.8212
14028824,-21.8259
14030439,-21.8305
14032054,-21.8352
14033670,-21.8398
14035286,-21.8445
14036902,-21.8491
14038518,-21.8538
14040134,-21.8584
14041751,-21.8630
14043367,-21.8677
14044984,-21.8723
14046601,-21.8770
14048219,-21.8816
14049836,-21.8863
14051454,-21.8909
14053071,-21.8956
14054689,-21.9002
14056308,-21.9048
14057926,-21.9095
14059545,-21.9141
14061163,-21.9188
14062782,-21.9234
14064401,-21.9280
14066021,-21.9327
14067640,-21.9373
14069260,-21.9419
14070880,-21.9466
14072500,-21.9512
14074120,-21.9559
14075741,-21.9605
14077361,-21.9651
14078982,-21.9698
14080603,-21.9744
14082224,-21.9790
14083846,-21.9837
14085467,-21.9883
14087089,-21.9929
14088711,-21.9976
14090333,-22.0022
14091955,-22.0068
14093578,-22.0114
14095200,-22.0161
14096823,-22.0207
14098446,-22.0253
14100070,-22.0300
14101693,-22.0346
14103317,-22.0392
14104940,-22.0438
14106564,-22.0485
14108189,-22.0531
14109813,-22.0577
14111437,-22.0623
14113062,-22.0669
14114687,-22.0716
14116312,-22.0762
14117937,-22.0808
14119563,-22.0854
14121189,-22.0901
14122814,-22.0947
14124441,-22.0993
14126067,-22.1039
14127693,-22.1085
14129320,-22.1131
14130947,-22.1178
14132574,-22.1224
14134201,-22.1270
14135828,-22.1316
14137456,-22.1362
14139083,-22.1408
14140711,-22.1455
14142339,-22.1501
14143968,-22.1547
14145596,-22.1593
14147225,-22.1639
14148854,-22.1685
14150483,-22.1731
14152112,-22.1777
14153741,-22.1823
14155371,-22.1870
14157001,-22.1916
14158631,-22.1962
14160261,-22.2008
14161891,-22.2054
14163522,-22.2100
14165153,-22.2146
14166783,-22.2192
14168415,-22.2238
14170046,-22.2284
14171677,-22.2330
14173309,-22.2376
14174941,-22.2422
14176573,-22.2468
14178205,-22.2514
14179838,-22.2560
14181470,-22.2606
14183103,-22.2652
14184736,-22.2698
14186369,-22.2744
14188002,-22.2790
14189636,-22.2836
14191270,-22.2882
14192904,-22.2928
14194538,-22.2974
14196172,-22.3020
14197807,-22.3066
14199441,-22.3112
14201076,-22.3158
14202711,-22.3204
14204346,-22.3250
14205982,-22.3296
14207617,-22.3342
14209253,-22.3388
14210889,-22.3434
14212525,-22.3480
14214162,-22.3525
14215798,-22.3571
14217435,-22.3617
14219072,-22.3663
14220709,-22.3709
14222346,-22.3755
14223984,-22.3801
14225622,-22.3847
14227260,-22.3893
14228898,-22.3938
14230536,-22.3984
14232174,-22.4030
14233813,-22.4076
14235452,-22.4122
14237091,-22.4168
14238730,-22.4213
14240369,-22.4259
14242009,-22.4305
14243649,-22.4351
14245289,-22.4397
14246929,-22.4443
14248569,-22.4488
14250210,-22.4534
14251850,-22.4580
14253491,-22.4626
14255132,-22.4671
14256774,-22.4717
14258415,-22.4763
14260057,-22.4809
14261699,-22.4855
14263341,-22.4900
14264983,-22.4946
14266625,-22.4992
14268268,-22.5038
14269911,-22.5083
14271554,-22.5129
14273197,-22.5175
14274840,-22.5220
14276484,-22.5266
14278127,-22.5312
14279771,-22.5358
14281416,-22.5403
14283060,-22.5449
14284704,-22.5495
14286349,-22.5540
14287994,-22.5586
14289639,-22.5632
14291284,-22.5677
14292930,-22.5723
14294575,-22.5769
14296221,-22.5814
14297867,-22.5860
14299513,-22.5906
14301160,-22.5951
14302806,-22.5997
14304453,-22.6043
14306100,-22.6088
14307747,-22.6134
14309394,-22.6179
14311042,-22.6225
14312690,-22.6271
14314338,-22.6316
14315986,-22.6362
14317634,-22.6407
14319282,-22.6453
14320931,-22.6499
14322580,-22.6544
14324229,-22.6590
14325878,-22.6635
14327528,-22.6681
14329177,-22.6726
14330827,-22.6772
14332477,-22.6818
14334127,-22.6863
14335778,-22.6909
14337428,-22.6954
14339079,-22.7000
14340730,-22.7045
14342381,-22.7091
14344032,-22.7136
14345684,-22.7182
14347336,-22.7227
14348987,-22.7273
14350639,-22.7318
14352292,-22.7364
14353944,-22.7409
14355597,-22.7455
14357250,-22.7500
14358903,-22.7546
14360556,-22.7591
14362209,-22.7636
14363863,-22.7682
14365517,-22.7727
14367171,-22.7773
14368825,-22.7818
14370479,-22.7864
14372134,-22.7909
14373789,-22.7955
14375444,-22.8000
14377099,-22.8045
14378754,-22.8091
14380410,-22.8136
14382065,-22.8182
14383721,-22.8227
14385377,-22.8272
14387033,-22.8318
14388690,-22.8363
14390347,-22.8408
14392003,-22.8454
14393660,-22.8499
14395318,-22.8545
14396975,-22.8590
14398633,-22.8635
14400291,-22.8681
14401949,-22.8726
14403607,-22.8771
14405265,-22.8817
14406924,-22.8862
14408582,-22.8907
14410241,-22.8953
14411900,-22.8998
14413560,-22.9043
14415219,-22.9088
14416879,-22.9134
14418539,-22.9179
14420199,-22.9224
14421859,-22.9270
14423520,-22.9315
14425180,-22.9360
14426841,-22.9405
14428502,-22.9451
14430164,-22.9496
14431825,-22.9541
14433487,-22.9586
14435148,-22.9632
14436810,-22.9677
14438473,-22.9722
14440135,-22.9767
14441798,-22.9813
14443460,-22.9858
14445123,-22.9903
14446787,-22.9948
14448450,-22.9993
14450113,-23.0039
14451777,-23.0084
14453441,-23.0129
14455105,-23.0174
14456769,-23.0219
14458434,-23.0265
14460099,-23.0310
14461763,-23.0355
14463429,-23.0400
14465094,-23.0445
14466759,-23.0490
14468425,-23.0536
14470091,-23.0581
14471757,-23.0626
14473423,-23.0671
14475089,-23.0716
14476756,-23.0761
14478423,-23.0806
14480090,-23.0851
14481757,-23.0897
14483424,-23.0942
14485092,-23.0987
14486760,-23.1032
14488428,-23.1077
14490096,-23.1122
14491764,-23.1167
14493433,-23.1212
14495101,-23.1257
14496770,-23.1302
14498439,-23.1347
14500109,-23.1392
14501778,-23.1437
14503448,-23.1483
14505118,-23.1528
14506788,-23.1573
14508458,-23.1618
14510128,-23.1663
14511799,-23.1708
14513470,-23.1753
14515141,-23.1798
14516812,-23.1843
14518483,-23.1888
14520155,-23.1933
14521827,-23.1978
14523499,-23.2023
14525171,-23.2068
14526843,-23.2113
14528516,-23.2158
14530189,-23.2203
14531862,-23.2248
14533535,-23.2293
14535208,-23.2337
14536882,-23.2382
14538555,-23.2427
14540229,-23.2472
14541903,-23.2517
14543578,-23.2562
14545252,-23.2607
14546927,-23.2652
14548602,-23.2697
14550277,-23.2742
14551952,-23.2787
14553627,-23.2832
14555303,-23.2877
14556979,-23.2921
14558655,-23.2966
14560331,-23.3011
14562008,-23.3056
14563684,-23.3101
14565361,-23.3146
14567038,-23.3191
14568715,-23.3236
14570393,-23.3280
14572070,-23.3325
14573748,-23.3370
14575426,-23.3415
14577104,-23.3460
14578782,-23.3505
14580461,-23.3549
14582140,-23.3594
14583819,-23.3639
14585498,-23.3684
14587177,-23.3729
14588857,-23.3774
14590536,-23.3818
14592216,-23.3863
14593896,-23.3908
14595577,-23.3953
14597257,-23.3998
14598938,-23.4042
14600619,-23.4087
14602300,-23.4132
14603981,-23.4177
14605662,-23.4221
14607344,-23.4266
14609026,-23.4311
14610708,-23.4356
14612390,-23.4400
14614072,-23.4445
14615755,-23.4490
14617438,-23.4535
14619121,-23.4579
14620804,-23.4624
14622487,-23.4669
14624171,-23.4713
14625855,-23.4758
14627539,-23.4803
14629223,-23.4848
14630907,-23.4892
14632592,-23.4937
14634276,-23.4982
14635961,-23.5026
14637647,-23.5071
14639332,-23.5116
14641017,-23.5160
14642703,-23.5205
14644389,-23.5250
14646075,-23.5294
14647761,-23.5339
14649448,-23.5383
14651134,-23.5428
14652821,-23.5473
14654508,-23.5517
14656196,-23.5562
14657883,-23.5607
14659571,-23.5651
14661259,-23.5696
14662947,-23.5740
14664635,-23.5785
14666323,-23.5830
14668012,-23.5874
14669701,-23.5919
14671390,-23.5963
14673079,-23.6008
14674768,-23.6053
14676458,-23.6097
14678148,-23.6142
14679838,-23.6186
14681528,-23.6231
14683218,-23.6275
14684909,-23.6320
14686600,-23.6364
14688291,-23.6409
14689982,-23.6453
14691673,-23.6498
14693365,-23.6543
14695056,-23.6587
14696748,-23.6632
14698440,-23.6676
14700133,-23.6721
14701825,-23.6765
14703518,-23.6810
14705211,-23.6854
14706904,-23.6899
14708597,-23.6943
14710291,-23.6987
14711984,-23.7032
14713678,-23.7076
14715372,-23.7121
14717067,-23.7165
14718761,-23.7210
14720456,-23.7254
14722151,-23.7299
14723846,-23.7343
14725541,-23.7388
14727236,-23.7432
14728932,-23.7476
14730628,-23.7521
14732324,-23.7565
14734020,-23.7610
14735716,-23.7654
14737413,-23.7698
14739110,-23.7743
14740807,-23.7787
14742504,-23.7832
14744201,-23.7876
14745899,-23.7920
14747597,-23.7965
14749295,-23.8009
14750993,-23.8054
14752691,-23.8098
14754390,-23.8142
14756089,-23.8187
14757788,-23.8231
14759487,-23.8275
14761186,-23.8320
14762886,-23.8364
14764585,-23.8408
14766285,-23.8453
14767985,-23.8497
14769686,-23.8541
14771386,-23.8586
14773087,-23.8630
14774788,-23.8674
14776489,-23.8719
14778190,-23.8763
14779892,-23.8807
14781593,-23.8851
14783295,-23.8896
14784997,-23.8940
14786700,-23.8984
14788402,-23.9028
14790105,-23.9073
14791808,-23.9117
14793511,-23.9161
14795214,-23.9206
14796918,-23.9250
14798621,-23.9294
14800325,-23.9338
14802029,-23.9382
14803733,-23.9427
14805438,-23.9471
14807142,-23.9515
14808847,-23.9559
14810552,-23.9604
14812258,-23.9648
14813963,-23.9692
14815669,-23.9736
14817374,-23.9780
14819080,-23.9825
14820787,-23.9869
14822493,-23.9913
14824200,-23.9957
14825906,-24.0001
14827613,-24.0045
14829321,-24.0090
14831028,-24.0134
14832736,-24.0178
14834443,-24.0222
14836151,-24.0266
14837860,-24.0310
14839568,-24.0355
14841276,-24.0399
14842985,-24.0443
14844694,-24.0487
14846403,-24.0531
14848113,-24.0575
14849822,-24.0619
14851532,-24.0663
14853242,-24.0707
14854952,-24.0752
14856662,-24.0796
14858373,-24.0840
14860084,-24.0884
14861795,-24.0928
14863506,-24.0972
14865217,-24.1016
14866929,-24.1060
14868640,-24.1104
14870352,-24.1148
14872064,-24.1192
14873777,-24.1236
14875489,-24.1280
14877202,-24.1324
14878915,-24.1368
14880628,-24.1413
14882341,-24.1457
14884055,-24.1501
14885768,-24.1545
14887482,-24.1589
14889196,-24.1633
14890911,-24.1677
14892625,-24.1721
14894340,-24.1765
14896055,-24.1809
14897770,-24.1853
14899485,-24.1897
14901200,-24.1941
14902916,-24.1985
14904632,-24.2029
14906348,-24.2072
14908064,-24.2116
14909781,-24.2160
14911497,-24.2204
14913214,-24.2248
14914931,-24.2292
14916648,-24.2336
14918366,-24.2380
14920084,-24.2424
14921801,-24.2468
14923519,-24.2512
14925238,-24.2556
14926956,-24.2600
14928675,-24.2644
14930394,-24.2688
14932113,-24.2731
14933832,-24.2775
14935551,-24.2819
14937271,-24.2863
14938991,-24.2907
14940711,-24.2951
14942431,-24.2995
14944151,-24.3039
14945872,-24.3083
14947593,-24.3126
14949314,-24.3170
14951035,-24.3214
14952756,-24.3258
14954478,-24.3302
14956200,-24.3346
14957922,-24.3390
14959644,-24.3433
14961366,-24.3477
14963089,-24.3521
14964812,-24.3565
14966535,-24.3609
14968258,-24.3652
14969981,-24.3696
14971705,-24.3740
14973429,-24.3784
14975153,-24.3828
14976877,-24.3871
14978601,-24.3915
14980326,-24.3959
14982050,-24.4003
14983775,-24.4047
14985501,-24.4090
14987226,-24.4134
14988952,-24.4178
14990677,-24.4222
14992403,-24.4265
14994129,-24.4309
14995856,-24.4353
14997582,-24.4397
14999309,-24.4440
15001036,-24.4484
15002763,-24.4528
15004491,-24.4572
15006218,-24.4615
15007946,-24.4659
15009674,-24.4703
15011402,-24.4746
15013130,-24.4790
15014859,-24.4834
15016588,-24.4877
15018317,-24.4921
15020046,-24.4965
15021775,-24.5009
15023505,-24.5052
15025234,-24.5096
15026964,-24.5140
15028694,-24.5183
15030425,-24.5227
15032155,-24.5271
15033886,-24.5314
15035617,-24.5358
15037348,-24.5402
15039079,-24.5445
15040811,-24.5489
15042543,-24.5532
15044275,-24.5576
15046007,-24.5620
15047739,-24.5663
15049472,-24.5707
15051204,-24.5751
15052937,-24.5794
15054671,-24.5838
15056404,-24.5881
15058137,-24.5925
15059871,-24.5968
15061605,-24.6012
15063339,-24.6056
15065073,-24.6099
15066808,-24.6143
15068543,-24.6186
15070278,-24.6230
15072013,-24.6274
15073748,-24.6317
15075484,-24.6361
15077219,-24.6404
15078955,-24.6448
15080691,-24.6491
15082428,-24.6535
15084164,-24.6578
15085901,-24.6622
15087638,-24.6665
15089375,-24.6709
15091112,-24.6752
15092850,-24.6796
15094588,-24.6839
15096326,-24.6883
15098064,-24.6926
15099802,-24.6970
15101541,-24.7013
15103279,-24.7057
15105018,-24.7100
15106757,-24.7144
15108497,-24.7187
15110236,-24.7231
15111976,-24.7274
15113716,-24.7318
15115456,-24.7361
15117196,-24.7405
15118937,-24.7448
15120678,-24.7492
15122419,-24.7535
15124160,-24.7578
15125901,-24.7622
15127643,-24.7665
15129384,-24.7709
15131126,-24.7752
15132868,-24.7796
15134611,-24.7839
15136353,-24.7882
15138096,-24.7926
15139839,-24.7969
15141582,-24.8013
15143325,-24.8056
15145069,-24.8099
15146813,-24.8143
15148557,-24.8186
15150301,-24.8229
15152045,-24.8273
15153790,-24.8316
15155534,-24.8360
15157279,-24.8403
15159024,-24.8446
15160770,-24.8490
15162515,-24.8533
15164261,-24.8576
15166007,-24.8620
15167753,-24.8663
15169500,-24.8706
15171246,-24.8750
15172993,-24.8793
15174740,-24.8836
15176487,-24.8880
15178234,-24.8923
15179982,-24.8966
15181730,-24.9010
15183478,-24.9053
15185226,-24.9096
15186974,-24.9139
15188723,-24.9183
15190472,-24.9226
15192220,-24.9269
15193970,-24.9313
15195719,-24.9356
15197469,-24.9399
15199218,-24.9442
15200968,-24.9486
15202719,-24.9529
15204469,-24.9572
15206219,-24.9615
15207970,-24.9659
15209721,-24.9702
15211472,-24.9745
15213224,-24.9788
15214975,-24.9831
15216727,-24.9875
15218479,-24.9918
15220231,-24.9961
15221984,-25.0004
15223736,-25.0048
15225489,-25.0091
15227242,-25.0134
15228995,-25.0177
15230749,-25.0220
15232502,-25.0264
15234256,-25.0307
15236010,-25.0350
15237764,-25.0393
15239519,-25.0436
15241273,-25.0479
15243028,-25.0523
15244783,-25.0566
15246538,-25.0609
15248294,-25.0652
15250050,-25.0695
15251805,-25.0738
15253561,-25.0781
15255318,-25.0825
15257074,-25.0868
15258831,-25.0911
15260588,-25.0954
15262345,-25.0997
15264102,-25.1040
15265859,-25.1083
15267617,-25.1126
15269375,-25.1169
15271133,-25.1213
15272891,-25.1256
15274650,-25.1299
15276408,-25.1342
15278167,-25.1385
15279926,-25.1428
15281685,-25.1471
15283445,-25.1514
15285205,-25.1557
15286964,-25.1600
15288724,-25.1643
15290485,-25.1686
15292245,-25.1729
15294006,-25.1772
15295767,-25.1815
15297528,-25.1859
15299289,-25.1902
15301051,-25.1945
15302812,-25.1988
15304574,-25.2031
15306336,-25.2074
15308099,-25.2117
15309861,-25.2160
15311624,-25.2203
15313387,-25.2246
15315150,-25.2289
15316913,-25.2332
15318677,-25.2375
15320441,-25.2418
15322205,-25.2461
15323969,-25.2504
15325733,-25.2547
15327498,-25.2590
15329262,-25.2633
15331027,-25.2675
15332792,-25.2718
15334558,-25.2761
15336323,-25.2804
15338089,-25.2847
15339855,-25.2890
15341621,-25.2933
15343388,-25.2976
15345154,-25.3019
15346921,-25.3062
15348688,-25.3105
15350455,-25.3148
15352222,-25.3191
15353990,-25.3234
15355758,-25.3277
15357526,-25.3319
15359294,-25.3362
15361062,-25.3405
15362831,-25.3448
15364600,-25.3491
15366369,-25.3534
15368138,-25.3577
15369908,-25.3620
15371677,-25.3663
15373447,-25.3705
15375217,-25.3748
15376987,-25.3791
15378758,-25.3834
15380528,-25.3877
15382299,-25.3920
15384070,-25.3963
15385842,-25.4005
15387613,-25.4048
15389385,-25.4091
15391157,-25.4134
15392929,-25.4177
15394701,-25.4220
15396473,-25.4262
15398246,-25.4305
15400019,-25.4348
15401792,-25.4391
15403565,-25.4434
15405339,-25.4476
15407113,-25.4519
15408886,-25.4562
15410661,-25.4605
15412435,-25.4648
15414209,-25.4690
15415984,-25.4733
15417759,-25.4776
15419534,-25.4819
15421310,-25.4861
15423085,-25.4904
15424861,-25.4947
15426637,-25.4990
15428413,-25.5032
15430189,-25.5075
15431966,-25.5118
15433743,-25.5161
15435520,-25.5203
15437297,-25.5246
15439074,-25.5289
15440852,-25.5332
15442630,-25.5374
15444408,-25.5417
15446186,-25.5460
15447964,-25.5502
15449743,-25.5545
15451522,-25.5588
15453301,-25.5630
15455080,-25.5673
15456859,-25.5716
15458639,-25.5759
15460419,-25.5801
15462199,-25.5844
15463979,-25.5887
15465760,-25.5929
15467540,-25.5972
15469321,-25.6015
15471102,-25.6057
15472883,-25.6100
15474665,-25.6143
15476447,-25.6185
15478229,-25.6228
15480011,-25.6270
15481793,-25.6313
15483575,-25.6356
15485358,-25.6398
15487141,-25.6441
15488924,-25.6484
15490708,-25.6526
15492491,-25.6569
15494275,-25.6611
15496059,-25.6654
15497843,-25.6697
15499627,-25.6739
15501412,-25.6782
15503197,-25.6824
15504982,-25.6867
15506767,-25.6910
15508552,-25.6952
15510338,-25.6995
15512124,-25.7037
15513910,-25.7080
15515696,-25.7122
15517482,-25.7165
15519269,-25.7208
15521056,-25.7250
15522843,-25.7293
15524630,-25.7335
15526417,-25.7378
15528205,-25.7420
15529993,-25.7463
15531781,-25.7505
15533569,-25.7548
15535358,-25.7590
15537146,-25.7633
15538935,-25.7675
15540724,-25.7718
15542514,-25.7760
15544303,-25.7803
15546093,-25.7845
15547883,-25.7888
15549673,-25.7930
15551463,-25.7973
15553254,-25.8015
15555044,-25.8058
15556835,-25.8100
15558626,-25.8143
15560418,-25.8185
15562209,-25.8228
15564001,-25.8270
15565793,-25.8313
15567585,-25.8355
15569378,-25.8398
15571170,-25.8440
15572963,-25.8482
15574756,-25.8525
15576549,-25.8567
15578343,-25.8610
15580136,-25.8652
15581930,-25.8695
15583724,-25.8737
15585518,-25.8779
15587313,-25.8822
15589108,-25.8864
15590902,-25.8907
15592698,-25.8949
15594493,-25.8991
15596288,-25.9034
15598084,-25.9076
15599880,-25.9119
15601676,-25.9161
15603472,-25.9203
15605269,-25.9246
15607066,-25.9288
15608862,-25.9330
15610660,-25.9373
15612457,-25.9415
15614255,-25.9458
15616052,-25.9500
15617850,-25.9542
15619648,-25.9585
15621447,-25.9627
15623245,-25.9669
15625044,-25.9712
15626843,-25.9754
15628642,-25.9796
15630442,-25.9839
15632241,-25.9881
15634041,-25.9923
15635841,-25.9966
15637642,-26.0008
15639442,-26.0050
15641243,-26.0092
15643044,-26.0135
15644845,-26.0177
15646646,-26.0219
15648447,-26.0262
15650249,-26.0304
15652051,-26.0346
15653853,-26.0388
15655655,-26.0431
15657458,-26.0473
15659261,-26.0515
15661064,-26.0557
15662867,-26.0600
15664670,-26.0642
15666474,-26.0684
15668278,-26.0726
15670081,-26.0769
15671886,-26.0811
15673690,-26.0853
15675495,-26.0895
15677299,-26.0938
15679105,-26.0980
15680910,-26.1022
15682715,-26.1064
15684521,-26.1107
15686327,-26.1149
15688133,-26.1191
15689939,-26.1233
15691745,-26.1275
15693552,-26.1318
15695359,-26.1360
15697166,-26.1402
15698973,-26.1444
15700781,-26.1486
15702589,-26.1528
15704397,-26.1571
15706205,-26.1613
15708013,-26.1655
15709822,-26.1697
15711630,-26.1739
15713439,-26.1781
15715249,-26.1824
15717058,-26.1866
15718868,-26.1908
15720677,-26.1950
15722487,-26.1992
15724298,-26.2034
15726108,-26.2076
15727919,-26.2119
15729730,-26.2161
15731541,-26.2203
15733352,-26.2245
15735163,-26.2287
15736975,-26.2329
15738787,-26.2371
15740599,-26.2413
15742411,-26.2455
15744224,-26.2498
15746037,-26.2540
15747849,-26.2582
15749663,-26.2624
15751476,-26.2666
15753290,-26.2708
15755103,-26.2750
15756917,-26.2792
15758731,-26.2834
15760546,-26.2876
15762360,-26.2918
15764175,-26.2960
15765990,-26.3002
15767806,-26.3044
15769621,-26.3086
15771437,-26.3128
15773252,-26.3171
15775069,-26.3213
15776885,-26.3255
15778701,-26.3297
15780518,-26.3339
15782335,-26.3381
15784152,-26.3423
15785969,-26.3465
15787787,-26.3507
15789605,-26.3549
15791423,-26.3591
15793241,-26.3633
15795059,-26.3675
15796878,-26.3717
15798696,-26.3759
15800515,-26.3801
15802335,-26.3843
15804154,-26.3885
15805974,-26.3927
15807794,-26.3969
15809614,-26.4010
15811434,-26.4052
15813254,-26.4094
15815075,-26.4136
15816896,-26.4178
15818717,-26.4220
15820538,-26.4262
15822360,-26.4304
15824181,-26.4346
15826003,-26.4388
15827826,-26.4430
15829648,-26.4472
15831470,-26.4514
15833293,-26.4556
15835116,-26.4598
15836939,-26.4640
15838763,-26.4681
15840586,-26.4723
15842410,-26.4765
15844234,-26.4807
15846058,-26.4849
15847883,-26.4891
15849708,-26.4933
15851532,-26.4975
15853358,-26.5017
15855183,-26.5058
15857008,-26.5100
15858834,-26.5142
15860660,-26.5184
15862486,-26.5226
15864312,-26.5268
15866139,-26.5310
15867966,-26.5351
15869793,-26.5393
15871620,-26.5435
15873447,-26.5477
15875275,-26.5519
15877103,-26.5561
15878931,-26.5603
15880759,-26.5644
15882587,-26.5686
15884416,-26.5728
15886245,-26.5770
15888074,-26.5812
15889903,-26.5853
15891733,-26.5895
15893563,-26.5937
15895392,-26.5979
15897223,-26.6021
15899053,-26.6062
15900883,-26.6104
15902714,-26.6146
15904545,-26.6188
15906376,-26.6230
15908208,-26.6271
15910039,-26.6313
15911871,-26.6355
15913703,-26.6397
15915535,-26.6438
15917368,-26.6480
15919201,-26.6522
15921033,-26.6564
15922867,-26.6605
15924700,-26.6647
15926533,-26.6689
15928367,-26.6731
15930201,-26.6772
15932035,-26.6814
15933869,-26.6856
15935704,-26.6898
15937539,-26.6939
15939374,-26.6981
15941209,-26.7023
15943044,-26.7064
15944880,-26.7106
15946716,-26.7148
15948552,-26.7189
15950388,-26.7231
15952225,-26.7273
15954061,-26.7315
15955898,-26.7356
15957735,-26.7398
15959573,-26.7440
15961410,-26.7481
15963248,-26.7523
15965086,-26.7565
15966924,-26.7606
15968762,-26.7648
15970601,-26.7690
15972440,-26.7731
15974279,-26.7773
15976118,-26.7815
15977957,-26.7856
15979797,-26.7898
15981637,-26.7939
15983477,-26.7981
15985317,-26.8023
15987158,-26.8064
15988998,-26.8106
15990839,-26.8148
15992680,-26.8189
15994522,-26.8231
15996363,-26.8272
15998205,-26.8314
16000047,-26.8356
16001889,-26.8397
16003731,-26.8439
16005574,-26.8480
16007417,-26.8522
16009260,-26.8564
16011103,-26.8605
16012947,-26.8647
16014790,-26.8688
16016634,-26.8730
16018478,-26.8771
16020323,-26.8813
16022167,-26.8855
16024012,-26.8896
16025857,-26.8938
16027702,-26.8979
16029547,-26.9021
16031393,-26.9062
16033239,-26.9104
16035085,-26.9145
16036931,-26.9187
16038777,-26.9228
16040624,-26.9270
16042471,-26.9312
16044318,-26.9353
16046165,-26.9395
16048013,-26.9436
16049860,-26.9478
16051708,-26.9519
16053556,-26.9561
16055405,-26.9602
16057253,-26.9644
16059102,-26.9685
16060951,-26.9727
16062800,-26.9768
16064650,-26.9810
16066499,-26.9851
16068349,-26.9892
16070199,-26.9934
16072049,-26.9975
16073900,-27.0017
16075750,-27.0058
16077601,-27.0100
16079452,-27.0141
16081304,-27.0183
16083155,-27.0224
16085007,-27.0266
16086859,-27.0307
16088711,-27.0349
16090564,-27.0390
16092416,-27.0431
16094269,-27.0473
16096122,-27.0514
16097975,-27.0556
16099829,-27.0597
16101682,-27.0638
16103536,-27.0680
16105390,-27.0721
16107245,-27.0763
16109099,-27.0804
16110954,-27.0846
16112809,-27.0887
16114664,-27.0928
16116519,-27.0970
16118375,-27.1011
16120231,-27.1052
16122087,-27.1094
16123943,-27.1135
16125799,-27.1177
16127656,-27.1218
16129513,-27.1259
16131370,-27.1301
16133227,-27.1342
16135085,-27.1383
16136943,-27.1425
16138801,-27.1466
16140659,-27.1507
16142517,-27.1549
16144376,-27.1590
16146234,-27.1631
16148093,-27.1673
16149953,-27.1714
16151812,-27.1755
16153672,-27.1797
16155532,-27.1838
16157392,-27.1879
16159252,-27.1921
16161113,-27.1962
16162973,-27.2003
16164834,-27.2045
16166695,-27.2086
16168557,-27.2127
16170418,-27.2169
16172280,-27.2210
16174142,-27.2251
16176004,-27.2292
16177867,-27.2334
16179729,-27.2375
16181592,-27.2416
16183455,-27.2457
16185319,-27.2499
16187182,-27.2540
16189046,-27.2581
16190910,-27.2623
16192774,-27.2664
16194638,-27.2705
16196503,-27.2746
16198368,-27.2787
16200233,-27.2829
16202098,-27.2870
16203963,-27.2911
16205829,-27.2952
16207695,-27.2994
16209561,-27.3035
16211427,-27.3076
16213294,-27.3117
16215161,-27.3159
16217028,-27.3200
16218895,-27.3241
16220762,-27.3282
16222630,-27.3323
16224497,-27.3365
16226366,-27.3406
16228234,-27.3447
16230102,-27.3488
16231971,-27.3529
16233840,-27.3570
16235709,-27.3612
16237578,-27.3653
16239448,-27.3694
16241317,-27.3735
16243187,-27.3776
16245058,-27.3817
16246928,-27.3859
16248799,-27.3900
16250669,-27.3941
16252540,-27.3982
16254412,-27.4023
16256283,-27.4064
16258155,-27.4106
16260027,-27.4147
16261899,-27.4188
16263771,-27.4229
16265644,-27.4270
16267516,-27.4311
16269389,-27.4352
16271263,-27.4393
16273136,-27.4435
16275010,-27.4476
16276883,-27.4517
16278758,-27.4558
16280632,-27.4599
16282506,-27.4640
16284381,-27.4681
16286256,-27.4722
16288131,-27.4763
16290006,-27.4804
16291882,-27.4845
16293758,-27.4887
16295634,-27.4928
16297510,-27.4969
16299386,-27.5010
16301263,-27.5051
16303140,-27.5092
16305017,-27.5133
16306894,-27.5174
16308772,-27.5215
16310649,-27.5256
16312527,-27.5297
16314406,-27.5338
16316284,-27.5379
16318163,-27.5420
16320041,-27.5461
16321920,-27.5502
16323800,-27.5543
16325679,-27.5584
16327559,-27.5625
16329439,-27.5666
16331319,-27.5707
16333199,-27.5748
16335080,-27.5789
16336960,-27.5830
16338841,-27.5871
16340722,-27.5912
16342604,-27.5953
16344486,-27.5994
16346367,-27.6035
16348249,-27.6076
16350132,-27.6117
16352014,-27.6158
16353897,-27.6199
16355780,-27.6240
16357663,-27.6281
16359546,-27.6322
16361430,-27.6363
16363314,-27.6404
16365198,-27.6445
16367082,-27.6486
16368966,-27.6527
16370851,-27.6568
16372736,-27.6609
16374621,-27.6650
16376506,-27.6691
16378392,-27.6732
16380277,-27.6773
16382163,-27.6814
16384050,-27.6854
16385936,-27.6895
16387823,-27.6936
16389709,-27.6977
16391596,-27.7018
16393484,-27.7059
16395371,-27.7100
16397259,-27.7141
16399147,-27.7182
16401035,-27.7223
16402923,-27.7263
16404812,-27.7304
16406701,-27.7345
16408590,-27.7386
16410479,-27.7427
16412368,-27.7468
16414258,-27.7509
16416148,-27.7550
16418038,-27.7590
16419928,-27.7631
16421819,-27.7672
16423710,-27.7713
16425600,-27.7754
16427492,-27.7795
16429383,-27.7836
16431275,-27.7876
16433166,-27.7917
16435059,-27.7958
16436951,-27.7999
16438843,-27.8040
16440736,-27.8081
16442629,-27.8121
16444522,-27.8162
16446415,-27.8203
16448309,-27.8244
16450203,-27.8285
16452097,-27.8326
16453991,-27.8366
16455885,-27.8407
16457780,-27.8448
16459675,-27.8489
16461570,-27.8530
16463465,-27.8570
16465361,-27.8611
16467257,-27.8652
16469153,-27.8693
16471049,-27.8733
16472945,-27.8774
16474842,-27.8815
16476739,-27.8856
16478636,-27.8897
16480533,-27.8937
16482431,-27.8978
16484328,-27.9019
16486226,-27.9060
16488124,-27.9100
16490023,-27.9141
16491921,-27.9182
16493820,-27.9223
16495719,-27.9263
16497618,-27.9304
16499518,-27.9345
16501418,-27.9385
16503317,-27.9426
16505218,-27.9467
16507118,-27.9508
16509019,-27.9548
16510919,-27.9589
16512820,-27.9630
16514722,-27.9670
16516623,-27.9711
16518525,-27.9752
16520426,-27.9793
16522329,-27.9833
16524231,-27.9874
16526133,-27.9915
16528036,-27.9955
16529939,-27.9996
16531842,-28.0037
16533746,-28.0077
16535649,-28.0118
16537553,-28.0159
16539457,-28.0199
16541362,-28.0240
16543266,-28.0281
16545171,-28.0321
16547076,-28.0362
16548981,-28.0403
16550886,-28.0443
16552792,-28.0484
16554698,-28.0525
16556604,-28.0565
16558510,-28.0606
16560416,-28.0647
16562323,-28.0687
16564230,-28.0728
16566137,-28.0768
16568045,-28.0809
16569952,-28.0850
16571860,-28.0890
16573768,-28.0931
16575676,-28.0971
16577585,-28.1012
16579493,-28.1053
16581402,-28.1093
16583311,-28.1134
16585221,-28.1174
16587130,-28.1215
16589040,-28.1256
16590950,-28.1296
16592860,-28.1337
16594771,-28.1377
16596681,-28.1418
16598592,-28.1459
16600503,-28.1499
16602415,-28.1540
16604326,-28.1580
16606238,-28.1621
16608150,-28.1661
16610062,-28.1702
16611974,-28.1742
16613887,-28.1783
16615800,-28.1824
16617713,-28.1864
16619626,-28.1905
16621540,-28.1945
16623454,-28.1986
16625368,-28.2026
16627282,-28.2067
16629196,-28.2107
16631111,-28.2148
16633026,-28.2188
16634941,-28.2229
16636856,-28.2269
16638771,-28.2310
16640687,-28.2350
16642603,-28.2391
16644519,-28.2431
16646436,-28.2472
16648352,-28.2512
16650269,-28.2553
16652186,-28.2593
16654103,-28.2634
16656021,-28.2674
16657939,-28.2715
16659856,-28.2755
16661775,-28.2796
16663693,-28.2836
16665612,-28.2877
16667530,-28.2917
16669449,-28.2957
16671369,-28.2998
16673288,-28.3038
16675208,-28.3079
16677128,-28.3119
16679048,-28.3160
16680968,-28.3200
16682889,-28.3241
16684810,-28.3281
16686731,-28.3321
16688652,-28.3362
16690573,-28.3402
16692495,-28.3443
16694417,-28.3483
16696339,-28.3524
16698261,-28.3564
16700184,-28.3604
16702107,-28.3645
16704030,-28.3685
16705953,-28.3726
16707876,-28.3766
16709800,-28.3806
16711724,-28.3847
16713648,-28.3887
16715572,-28.3928
16717497,-28.3968
16719422,-28.4008
16721347,-28.4049
16723272,-28.4089
16725197,-28.4129
16727123,-28.4170
16729049,-28.4210
16730975,-28.4251
16732902,-28.4291
16734828,-28.4331
16736755,-28.4372
16738682,-28.4412
16740609,-28.4452
16742537,-28.4493
16744464,-28.4533
16746392,-28.4573
16748320,-28.4614
16750249,-28.4654
16752177,-28.4694
16754106,-28.4735
16756035,-28.4775
16757964,-28.4815
16759894,-28.4856
16761823,-28.4896
16763753,-28.4936
16765683,-28.4977
16767613,-28.5017
16769544,-28.5057
16771475,-28.5098
16773406,-28.5138
16775337,-28.5178
16777268,-28.5218
16779200,-28.5259
16781132,-28.5299
16783064,-28.5339
16784996,-28.5380
16786929,-28.5420
16788862,-28.5460
16790795,-28.5500
16792728,-28.5541
16794661,-28.5581
16796595,-28.5621
16798529,-28.5661
16800463,-28.5702
16802397,-28.5742
16804332,-28.5782
16806267,-28.5822
16808202,-28.5863
16810137,-28.5903
16812073,-28.5943
16814008,-28.5983
16815944,-28.6024
16817880,-28.6064
16819817,-28.6104
16821753,-28.6144
16823690,-28.6185
16825627,-28.6225
16827564,-28.6265
16829502,-28.6305
16831439,-28.6345
16833377,-28.6386
16835315,-28.6426
16837254,-28.6466
16839192,-28.6506
16841131,-28.6546
16843070,-28.6587
16845009,-28.6627
16846949,-28.6667
16848888,-28.6707
16850828,-28.6747
16852768,-28.6787
16854709,-28.6828
16856649,-28.6868
16858590,-28.6908
16860531,-28.6948
16862473,-28.6988
16864414,-28.7028
16866356,-28.7069
16868298,-28.7109
16870240,-28.7149
16872182,-28.7189
16874125,-28.7229
16876068,-28.7269
16878011,-28.7310
16879954,-28.7350
16881897,-28.7390
16883841,-28.7430
16885785,-28.7470
16887729,-28.7510
16889674,-28.7550
16891618,-28.7590
16893563,-28.7631
16895508,-28.7671
16897453,-28.7711
16899399,-28.7751
16901345,-28.7791
16903290,-28.7831
16905237,-28.7871
16907183,-28.7911
16909130,-28.7951
16911077,-28.7991
16913024,-28.8032
16914971,-28.8072
16916918,-28.8112
16918866,-28.8152
16920814,-28.8192
16922762,-28.8232
16924711,-28.8272
16926659,-28.8312
16928608,-28.8352
16930557,-28.8392
16932507,-28.8432
16934456,-28.8472
16936406,-28.8512
16938356,-28.8552
16940306,-28.8592
16942257,-28.8633
16944207,-28.8673
16946158,-28.8713
16948109,-28.8753
16950061,-28.8793
16952012,-28.8833
16953964,-28.8873
16955916,-28.8913
16957868,-28.8953
16959821,-28.8993
16961773,-28.9033
16963726,-28.9073
16965679,-28.9113
16967633,-28.9153
16969586,-28.9193
16971540,-28.9233
16973494,-28.9273
16975448,-28.9313
16977403,-28.9353
16979358,-28.9393
16981313,-28.9433
16983268,-28.9473
16985223,-28.9513
16987179,-28.9553
16989135,-28.9593
16991091,-28.9633
16993047,-28.9673
16995003,-28.9713
16996960,-28.9753
16998917,-28.9793
17000874,-28.9833
17002832,-28.9872
17004789,-28.9912
17006747,-28.9952
17008705,-28.9992
17010664,-29.0032
17012622,-29.0072
17014581,-29.0112
17016540,-29.0152
17018499,-29.0192
17020458,-29.0232
17022418,-29.0272
17024378,-29.0312
17026338,-29.0352
17028299,-29.0392
17030259,-29.0432
17032220,-29.0471
17034181,-29.0511
17036142,-29.0551
17038104,-29.0591
17040065,-29.0631
17042027,-29.0671
17043989,-29.0711
17045952,-29.0751
17047914,-29.0791
17049877,-29.0831
17051840,-29.0870
17053804,-29.0910
17055767,-29.0950
17057731,-29.0990
17059695,-29.1030
17061659,-29.1070
17063623,-29.1110
17065588,-29.1150
17067553,-29.1189
17069518,-29.1229
17071483,-29.1269
17073449,-29.1309
17075414,-29.1349
17077380,-29.1389
17079347,-29.1429
17081313,-29.1468
17083280,-29.1508
17085247,-29.1548
17087214,-29.1588
17089181,-29.1628
17091149,-29.1668
17093117,-29.1707
17095085,-29.1747
17097053,-29.1787
17099021,-29.1827
17100990,-29.1867
17102959,-29.1907
17104928,-29.1946
17106898,-29.1986
17108867,-29.2026
17110837,-29.2066
17112807,-29.2106
17114777,-29.2145
17116748,-29.2185
17118719,-29.2225
17120690,-29.2265
17122661,-29.2304
17124632,-29.2344
17126604,-29.2384
17128576,-29.2424
17130548,-29.2464
17132520,-29.2503
17134493,-29.2543
17136466,-29.2583
17138439,-29.2623
17140412,-29.2662
17142385,-29.2702
17144359,-29.2742
17146333,-29.2782
17148307,-29.2821
17150282,-29.2861
17152256,-29.2901
17154231,-29.2941
17156206,-29.2980
17158181,-29.3020
17160157,-29.3060
17162133,-29.3100
17164109,-29.3139
17166085,-29.3179
17168061,-29.3219
17170038,-29.3258
17172015,-29.3298
17173992,-29.3338
17175969,-29.3378
17177947,-29.3417
17179925,-29.3457
17181903,-29.3497
17183881,-29.3536
17185859,-29.3576
17187838,-29.3616
17189817,-29.3656
17191796,-29.3695
17193776,-29.3735
17195755,-29.3775
17197735,-29.3814
17199715,-29.3854
17201695,-29.3894
17203676,-29.3933
17205657,-29.3973
17207638,-29.4013
17209619,-29.4052
17211600,-29.4092
17213582,-29.4132
17215564,-29.4171
17217546,-29.4211
17219528,-29.4251
17221511,-29.4290
17223494,-29.4330
17225477,-29.4369
17227460,-29.4409
17229444,-29.4449
17231427,-29.4488
17233411,-29.4528
17235396,-29.4568
17237380,-29.4607
17239365,-29.4647
17241349,-29.4687
17243335,-29.4726
17245320,-29.4766
17247305,-29.4805
17249291,-29.4845
17251277,-29.4885
17253263,-29.4924
17255250,-29.4964
17257237,-29.5003
17259224,-29.5043
17261211,-29.5083
17263198,-29.5122
17265186,-29.5162
17267174,-29.5201
17269162,-29.5241
17271150,-29.5281
17273138,-29.5320
17275127,-29.5360
17277116,-29.5399
17279105,-29.5439
17281095,-29.5478
17283085,-29.5518
17285074,-29.5557
17287065,-29.5597
17289055,-29.5637
17291046,-29.5676
17293036,-29.5716
17295027,-29.5755
17297019,-29.5795
17299010,-29.5834
17301002,-29.5874
17302994,-29.5913
17304986,-29.5953
17306979,-29.5992
17308971,-29.6032
17310964,-29.6072
17312957,-29.6111
17314951,-29.6151
17316944,-29.6190
17318938,-29.6230
17320932,-29.6269
17322926,-29.6309
17324921,-29.6348
17326915,-29.6388
17328910,-29.6427
17330906,-29.6467
17332901,-29.6506
17334897,-29.6546
17336892,-29.6585
17338889,-29.6625
17340885,-29.6664
17342881,-29.6704
17344878,-29.6743
17346875,-29.6783
17348872,-29.6822
17350870,-29.6861
17352868,-29.6901
17354866,-29.6940
17356864,-29.6980
17358862,-29.7019
17360861,-29.7059
17362860,-29.7098
17364859,-29.7138
17366858,-29.7177
17368858,-29.7217
17370857,-29.7256
17372857,-29.7295
17374858,-29.7335
17376858,-29.7374
17378859,-29.7414
17380860,-29.7453
17382861,-29.7493
17384862,-29.7532
17386864,-29.7572
17388866,-29.7611
17390868,-29.7650
17392870,-29.7690
17394873,-29.7729
17396875,-29.7769
17398878,-29.7808
17400882,-29.7847
17402885,-29.7887
17404889,-29.7926
17406893,-29.7966
17408897,-29.8005
17410901,-29.8044
17412906,-29.8084
17414911,-29.8123
17416916,-29.8163
17418921,-29.8202
17420927,-29.8241
17422933,-29.8281
17424939,-29.8320
17426945,-29.8359
17428951,-29.8399
17430958,-29.8438
17432965,-29.8478
17434972,-29.8517
17436979,-29.8556
17438987,-29.8596
17440995,-29.8635
17443003,-29.8674
17445011,-29.8714
17447020,-29.8753
17449029,-29.8792
17451038,-29.8832
17453047,-29.8871
17455056,-29.8910
17457066,-29.8950
17459076,-29.8989
17461086,-29.9028
17463097,-29.9068
17465107,-29.9107
17467118,-29.9146
17469129,-29.9186
17471140,-29.9225
17473152,-29.9264
17475164,-29.9304
17477176,-29.9343
17479188,-29.9382
17481201,-29.9421
17483213,-29.9461
17485226,-29.9500
17487239,-29.9539
17489253,-29.9579
17491266,-29.9618
17493280,-29.9657
17495294,-29.9696
17497309,-29.9736
17499323,-29.9775
17501338,-29.9814
17503353,-29.9854
17505368,-29.9893
17507384,-29.9932
17509400,-29.9971
17511416,-30.0011
17513432,-30.0050
17515448,-30.0089
17517465,-30.0128
17519482,-30.0168
17521499,-30.0207
17523516,-30.0246
17525534,-30.0285
17527552,-30.0325
17529570,-30.0364
17531588,-30.0403
17533606,-30.0442
17535625,-30.0482
17537644,-30.0521
17539663,-30.0560
17541683,-30.0599
17543703,-30.0638
17545722,-30.0678
17547743,-30.0717
17549763,-30.0756
17551784,-30.0795
17553804,-30.0835
17555825,-30.0874
17557847,-30.0913
17559868,-30.0952
17561890,-30.0991
17563912,-30.1031
17565934,-30.1070
17567957,-30.1109
17569979,-30.1148
17572002,-30.1187
17574026,-30.1226
17576049,-30.1266
17578073,-30.1305
17580097,-30.1344
17582121,-30.1383
17584145,-30.1422
17586170,-30.1461
17588194,-30.1501
17590219,-30.1540
17592245,-30.1579
17594270,-30.1618
17596296,-30.1657
17598322,-30.1696
17600348,-30.1736
17602374,-30.1775
17604401,-30.1814
17606428,-30.1853
17608455,-30.1892
17610482,-30.1931
17612510,-30.1970
17614538,-30.2010
17616566,-30.2049
17618594,-30.2088
17620623,-30.2127
17622652,-30.2166
17624681,-30.2205
17626710,-30.2244
17628739,-30.2283
17630769,-30.2322
17632799,-30.2362
17634829,-30.2401
17636859,-30.2440
17638890,-30.2479
17640921,-30.2518
17642952,-30.2557
17644983,-30.2596
17647015,-30.2635
17649047,-30.2674
17651079,-30.2713
17653111,-30.2753
17655144,-30.2792
17657176,-30.2831
17659209,-30.2870
17661243,-30.2909
17663276,-30.2948
17665310,-30.2987
17667344,-30.3026
17669378,-30.3065
17671412,-30.3104
17673447,-30.3143
17675482,-30.3182
17677517,-30.3221
17679552,-30.3260
17681588,-30.3299
17683623,-30.3338
17685659,-30.3377
17687696,-30.3416
17689732,-30.3456
17691769,-30.3495
17693806,-30.3534
17695843,-30.3573
17697880,-30.3612
17699918,-30.3651
17701956,-30.3690
17703994,-30.3729
17706032,-30.3768
17708071,-30.3807
17710110,-30.3846
17712149,-30.3885
17714188,-30.3924
17716228,-30.3963
17718268,-30.4002
17720308,-30.4041
17722348,-30.4080
17724388,-30.4119
17726429,-30.4158
17728470,-30.4197
17730511,-30.4236
17732553,-30.4275
17734594,-30.4314
17736636,-30.4353
17738678,-30.4392
17740721,-30.4431
17742763,-30.4470
17744806,-30.4509
17746849,-30.4548
17748892,-30.4586
17750936,-30.4625
17752980,-30.4664
17755024,-30.4703
17757068,-30.4742
17759112,-30.4781
17761157,-30.4820
17763202,-30.4859
17765247,-30.4898
17767293,-30.4937
17769338,-30.4976
17771384,-30.5015
17773430,-30.5054
17775477,-30.5093
17777523,-30.5132
17779570,-30.5171
17781617,-30.5210
17783664,-30.5248
17785712,-30.5287
17787760,-30.5326
17789808,-30.5365
17791856,-30.5404
17793904,-30.5443
17795953,-30.5482
17798002,-30.5521
17800051,-30.5560
17802101,-30.5599
17804150,-30.5638
17806200,-30.5676
17808250,-30.5715
17810301,-30.5754
17812351,-30.5793
17814402,-30.5832
17816453,-30.5871
17818505,-30.5910
17820556,-30.5949
17822608,-30.5987
17824660,-30.6026
17826712,-30.6065
17828765,-30.6104
17830817,-30.6143
17832870,-30.6182
17834924,-30.6221
17836977,-30.6260
17839031,-30.6298
17841085,-30.6337
17843139,-30.6376
17845193,-30.6415
17847248,-30.6454
17849303,-30.6493
17851358,-30.6531
17853413,-30.6570
17855469,-30.6609
17857525,-30.6648
17859581,-30.6687
17861637,-30.6726
17863693,-30.6764
17865750,-30.6803
17867807,-30.6842
17869864,-30.6881
17871922,-30.6920
17873979,-30.6959
17876037,-30.6997
17878096,-30.7036
17880154,-30.7075
17882213,-30.7114
17884272,-30.7153
17886331,-30.7191
17888390,-30.7230
17890450,-30.7269
17892509,-30.7308
17894569,-30.7347
17896630,-30.7385
17898690,-30.7424
17900751,-30.7463
17902812,-30.7502
17904873,-30.7540
17906935,-30.7579
17908997,-30.7618
17911059,-30.7657
17913121,-30.7695
17915183,-30.7734
17917246,-30.7773
17919309,-30.7812
17921372,-30.7851
17923435,-30.7889
17925499,-30.7928
17927563,-30.7967
17929627,-30.8006
17931691,-30.8044
17933756,-30.8083
17935821,-30.8122
17937886,-30.8160
17939951,-30.8199
17942017,-30.8238
17944082,-30.8277
17946148,-30.8315
17948215,-30.8354
17950281,-30.8393
17952348,-30.8432
17954415,-30.8470
17956482,-30.8509
17958549,-30.8548
17960617,-30.8586
17962685,-30.8625
17964753,-30.8664
17966822,-30.8703
17968890,-30.8741
17970959,-30.8780
17973028,-30.8819
17975097,-30.8857
17977167,-30.8896
17979237,-30.8935
17981307,-30.8973
17983377,-30.9012
17985448,-30.9051
17987519,-30.9089
17989590,-30.9128
17991661,-30.9167
17993732,-30.9205
17995804,-30.9244
17997876,-30.9283
17999948,-30.9321
18002021,-30.9360
18004093,-30.9399
18006166,-30.9437
18008239,-30.9476
18010313,-30.9515
18012386,-30.9553
18014460,-30.9592
18016534,-30.9631
18018609,-30.9669
18020683,-30.9708
18022758,-30.9747
18024833,-30.9785
18026909,-30.9824
18028984,-30.9863
18031060,-30.9901
18033136,-30.9940
18035212,-30.9978
18037289,-31.0017
18039365,-31.0056
18041442,-31.0094
18043520,-31.0133
18045597,-31.0171
18047675,-31.0210
18049753,-31.0249
18051831,-31.0287
18053909,-31.0326
18055988,-31.0364
18058067,-31.0403
18060146,-31.0442
18062225,-31.0480
18064305,-31.0519
18066385,-31.0557
18068465,-31.0596
18070545,-31.0635
18072626,-31.0673
18074707,-31.0712
18076788,-31.0750
18078869,-31.0789
18080950,-31.0828
18083032,-31.0866
18085114,-31.0905
18087196,-31.0943
18089279,-31.0982
18091362,-31.1020
18093445,-31.1059
18095528,-31.1097
18097611,-31.1136
18099695,-31.1175
18101779,-31.1213
18103863,-31.1252
18105947,-31.1290
18108032,-31.1329
18110117,-31.1367
18112202,-31.1406
18114287,-31.1444
18116373,-31.1483
18118459,-31.1521
18120545,-31.1560
18122631,-31.1598
18124718,-31.1637
18126805,-31.1675
18128892,-31.1714
18130979,-31.1753
18133067,-31.1791
18135154,-31.1830
18137242,-31.1868
18139331,-31.1907
18141419,-31.1945
18143508,-31.1984
18145597,-31.2022
18147686,-31.2061
18149775,-31.2099
18151865,-31.2138
18153955,-31.2176
18156045,-31.2215
18158136,-31.2253
18160226,-31.2291
18162317,-31.2330
18164408,-31.2368
18166500,-31.2407
18168591,-31.2445
18170683,-31.2484
18172775,-31.2522
18174868,-31.2561
18176960,-31.2599
18179053,-31.2638
18181146,-31.2676
18183239,-31.2715
18185333,-31.2753
18187427,-31.2792
18189521,-31.2830
18191615,-31.2868
18193709,-31.2907
18195804,-31.2945
18197899,-31.2984
18199994,-31.3022
18202090,-31.3061
18204186,-31.3099
18206282,-31.3137
18208378,-31.3176
18210474,-31.3214
18212571,-31.3253
18214668,-31.3291
18216765,-31.3330
18218862,-31.3368
18220960,-31.3406
18223058,-31.3445
18225156,-31.3483
18227254,-31.3522
18229353,-31.3560
18231452,-31.3598
18233551,-31.3637
18235650,-31.3675
18237750,-31.3714
18239850,-31.3752
18241950,-31.3790
18244050,-31.3829
18246151,-31.3867
18248251,-31.3906
18250352,-31.3944
18252454,-31.3982
18254555,-31.4021
18256657,-31.4059
18258759,-31.4098
18260861,-31.4136
18262964,-31.4174
18265066,-31.4213
18267169,-31.4251
18269273,-31.4289
18271376,-31.4328
18273480,-31.4366
18275584,-31.4404
18277688,-31.4443
18279792,-31.4481
18281897,-31.4519
18284002,-31.4558
18286107,-31.4596
18288212,-31.4634
18290318,-31.4673
18292424,-31.4711
18294530,-31.4749
18296636,-31.4788
18298743,-31.4826
18300850,-31.4864
18302957,-31.4903
18305064,-31.4941
18307172,-31.4979
18309280,-31.5018
18311388,-31.5056
18313496,-31.5094
18315604,-31.5133
18317713,-31.5171
18319822,-31.5209
18321931,-31.5248
18324041,-31.5286
18326151,-31.5324
18328261,-31.5363
18330371,-31.5401
18332481,-31.5439
18334592,-31.5477
18336703,-31.5516
18338814,-31.5554
18340926,-31.5592
18343038,-31.5631
18345149,-31.5669
18347262,-31.5707
18349374,-31.5745
18351487,-31.5784
18353600,-31.5822
18355713,-31.5860
18357826,-31.5898
18359940,-31.5937
18362054,-31.5975
18364168,-31.6013
18366282,-31.6051
18368397,-31.6090
18370512,-31.6128
18372627,-31.6166
18374742,-31.6204
18376858,-31.6243
18378974,-31.6281
18381090,-31.6319
18383206,-31.6357
18385323,-31.6396
18387439,-31.6434
18389556,-31.6472
18391674,-31.6510
18393791,-31.6549
18395909,-31.6587
18398027,-31.6625
18400145,-31.6663
18402264,-31.6702
18404383,-31.6740
18406502,-31.6778
18408621,-31.6816
18410740,-31.6854
18412860,-31.6893
18414980,-31.6931
18417100,-31.6969
18419221,-31.7007
18421342,-31.7045
18423463,-31.7084
18425584,-31.7122
18427705,-31.7160
18429827,-31.7198
18431949,-31.7236
18434071,-31.7275
18436193,-31.7313
18438316,-31.7351
18440439,-31.7389
18442562,-31.7427
18444686,-31.7465
18446809,-31.7504
18448933,-31.7542
18451057,-31.7580
18453182,-31.7618
18455306,-31.7656
18457431,-31.7694
18459556,-31.7733
18461682,-31.7771
18463807,-31.7809
18465933,-31.7847
18468059,-31.7885
18470185,-31.7923
18472312,-31.7961
18474439,-31.8000
18476566,-31.8038
18478693,-31.8076
18480821,-31.8114
18482949,-31.8152
18485077,-31.8190
18487205,-31.8228
18489333,-31.8267
18491462,-31.8305
18493591,-31.8343
18495721,-31.8381
18497850,-31.8419
18499980,-31.8457
18502110,-31.8495
18504240,-31.8533
18506371,-31.8571
18508501,-31.8610
18510632,-31.8648
18512764,-31.8686
18514895,-31.8724
18517027,-31.8762
18519159,-31.8800
18521291,-31.8838
18523423,-31.8876
18525556,-31.8914
18527689,-31.8952
18529822,-31.8990
18531956,-31.9029
18534089,-31.9067
18536223,-31.9105
18538358,-31.9143
18540492,-31.9181
18542627,-31.9219
18544762,-31.9257
18546897,-31.9295
18549032,-31.9333
18551168,-31.9371
18553304,-31.9409
18555440,-31.9447
18557576,-31.9485
18559713,-31.9523
18561850,-31.9561
18563987,-31.9600
18566124,-31.9638
18568262,-31.9676
18570400,-31.9714
18572538,-31.9752
18574676,-31.9790
18576815,-31.9828
18578954,-31.9866
18581093,-31.9904
18583232,-31.9942
18585372,-31.9980
18587512,-32.0018
18589652,-32.0056
18591792,-32.0094
18593933,-32.0132
18596074,-32.0170
18598215,-32.0208
18600356,-32.0246
18602497,-32.0284
18604639,-32.0322
18606781,-32.0360
18608924,-32.0398
18611066,-32.0436
18613209,-32.0474
18615352,-32.0512
18617495,-32.0550
18619639,-32.0588
18621783,-32.0626
18623927,-32.0664
18626071,-32.0702
18628216,-32.0740
18630360,-32.0778
18632505,-32.0816
18634651,-32.0854
18636796,-32.0892
18638942,-32.0930
18641088,-32.0968
18643234,-32.1006
18645381,-32.1044
18647527,-32.1082
18649674,-32.1120
18651822,-32.1158
18653969,-32.1196
18656117,-32.1234
18658265,-32.1272
18660413,-32.1309
18662562,-32.1347
18664710,-32.1385
18666859,-32.1423
18669009,-32.1461
18671158,-32.1499
18673308,-32.1537
18675458,-32.1575
18677608,-32.1613
18679758,-32.1651
18681909,-32.1689
18684060,-32.1727
18686211,-32.1765
18688363,-32.1803
18690514,-32.1841
18692666,-32.1878
18694819,-32.1916
18696971,-32.1954
18699124,-32.1992
18701277,-32.2030
18703430,-32.2068
18705583,-32.2106
18707737,-32.2144
18709891,-32.2182
18712045,-32.2220
18714199,-32.2258
18716354,-32.2295
18718509,-32.2333
18720664,-32.2371
18722820,-32.2409
18724975,-32.2447
18727131,-32.2485
18729287,-32.2523
18731444,-32.2561
18733601,-32.2599
18735757,-32.2636
18737915,-32.2674
18740072,-32.2712
18742230,-32.2750
18744388,-32.2788
18746546,-32.2826
18748704,-32.2864
18750863,-32.2901
18753022,-32.2939
18755181,-32.2977
18757340,-32.3015
18759500,-32.3053
18761660,-32.3091
18763820,-32.3129
18765980,-32.3166
18768141,-32.3204
18770302,-32.3242
18772463,-32.3280
18774624,-32.3318
18776786,-32.3356
18778948,-32.3393
18781110,-32.3431
18783272,-32.3469
18785435,-32.3507
18787598,-32.3545
18789761,-32.3583
18791924,-32.3620
18794088,-32.3658
18796252,-32.3696
18798416,-32.3734
18800580,-32.3772
18802745,-32.3809
18804910,-32.3847
18807075,-32.3885
18809240,-32.3923
18811406,-32.3961
18813572,-32.3998
18815738,-32.4036
18817904,-32.4074
18820071,-32.4112
18822238,-32.4150
18824405,-32.4187
18826572,-32.4225
18828740,-32.4263
18830908,-32.4301
18833076,-32.4339
18835244,-32.4376
18837413,-32.4414
18839582,-32.4452
18841751,-32.4490
18843920,-32.4527
18846090,-32.4565
18848260,-32.4603
18850430,-32.4641
18852600,-32.4679
18854771,-32.4716
18856942,-32.4754
18859113,-32.4792
18861284,-32.4830
18863456,-32.4867
18865627,-32.4905
18867800,-32.4943
18869972,-32.4981
18872145,-32.5018
18874317,-32.5056
18876491,-32.5094
18878664,-32.5131
18880838,-32.5169
18883011,-32.5207
18885185,-32.5245
18887360,-32.5282
18889534,-32.5320
18891709,-32.5358
18893884,-32.5396
18896060,-32.5433
18898235,-32.5471
18900411,-32.5509
18902587,-32.5546
18904764,-32.5584
18906940,-32.5622
18909117,-32.5660
18911294,-32.5697
18913472,-32.5735
18915649,-32.5773
18917827,-32.5810
18920005,-32.5848
18922184,-32.5886
18924362,-32.5923
18926541,-32.5961
18928720,-32.5999
18930900,-32.6037
18933079,-32.6074
18935259,-32.6112
18937439,-32.6150
18939620,-32.6187
18941800,-32.6225
18943981,-32.6263
18946162,-32.6300
18948344,-32.6338
18950525,-32.6376
18952707,-32.6413
18954889,-32.6451
18957072,-32.6489
18959254,-32.6526
18961437,-32.6564
18963620,-32.6602
18965804,-32.6639
18967987,-32.6677
18970171,-32.6714
18972356,-32.6752
18974540,-32.6790
18976725,-32.6827
18978909,-32.6865
18981095,-32.6903
18983280,-32.6940
18985466,-32.6978
18987652,-32.7016
18989838,-32.7053
18992024,-32.7091
18994211,-32.7128
18996398,-32.7166
18998585,-32.7204
19000772,-32.7241
19002960,-32.7279
19005148,-32.7317
19007336,-32.7354
19009525,-32.7392
19011713,-32.7429
19013902,-32.7467
19016091,-32.7505
19018281,-32.7542
19020470,-32.7580
19022660,-32.7617
19024851,-32.7655
19027041,-32.7693
19029232,-32.7730
19031423,-32.7768
19033614,-32.7805
19035805,-32.7843
19037997,-32.7881
19040189,-32.7918
19042381,-32.7956
19044574,-32.7993
19046766,-32.8031
19048959,-32.8068
19051153,-32.8106
19053346,-32.8144
19055540,-32.8181
19057734,-32.8219
19059928,-32.8256
19062122,-32.8294
19064317,-32.8331
19066512,-32.8369
19068707,-32.8407
19070903,-32.8444
19073099,-32.8482
19075295,-32.8519
19077491,-32.8557
19079687,-32.8594
19081884,-32.8632
19084081,-32.8669
19086278,-32.8707
19088476,-32.8744
19090674,-32.8782
19092872,-32.8820
19095070,-32.8857
19097269,-32.8895
19099467,-32.8932
19101666,-32.8970
19103866,-32.9007
19106065,-32.9045
19108265,-32.9082
19110465,-32.9120
19112665,-32.9157
19114866,-32.9195
19117067,-32.9232
19119268,-32.9270
19121469,-32.9307
19123671,-32.9345
19125872,-32.9382
19128075,-32.9420
19130277,-32.9457
19132479,-32.9495
19134682,-32.9532
19136885,-32.9570
19139089,-32.9607
19141292,-32.9645
19143496,-32.9682
19145700,-32.9720
19147905,-32.9757
19150109,-32.9795
19152314,-32.9832
19154519,-32.9870
19156725,-32.9907
19158930,-32.9945
19161136,-32.9982
19163342,-33.0020
19165549,-33.0057
19167755,-33.0094
19169962,-33.0132
19172169,-33.0169
19174377,-33.0207
19176584,-33.0244
19178792,-33.0282
19181000,-33.0319
19183209,-33.0357
19185418,-33.0394
19187626,-33.0432
19189836,-33.0469
19192045,-33.0506
19194255,-33.0544
19196465,-33.0581
19198675,-33.0619
19200885,-33.0656
19203096,-33.0694
19205307,-33.0731
19207518,-33.0768
19209730,-33.0806
19211941,-33.0843
19214153,-33.0881
19216366,-33.0918
19218578,-33.0956
19220791,-33.0993
19223004,-33.1030
19225217,-33.1068
19227431,-33.1105
19229644,-33.1143
19231858,-33.1180
19234073,-33.1217
19236287,-33.1255
19238502,-33.1292
19240717,-33.1330
19242932,-33.1367
19245148,-33.1404
19247364,-33.1442
19249580,-33.1479
19251796,-33.1517
19254013,-33.1554
19256230,-33.1591
19258447,-33.1629
19260664,-33.1666
19262882,-33.1704
19265099,-33.1741
19267318,-33.1778
19269536,-33.1816
19271755,-33.1853
19273973,-33.1890
19276193,-33.1928
19278412,-33.1965
19280632,-33.2002
19282851,-33.2040
19285072,-33.2077
19287292,-33.2115
19289513,-33.2152
19291734,-33.2189
19293955,-33.2227
19296176,-33.2264
19298398,-33.2301
19300620,-33.2339
19302842,-33.2376
19305064,-33.2413
19307287,-33.2451
19309510,-33.2488
19311733,-33.2525
19313957,-33.2563
19316180,-33.2600
19318404,-33.2637
19320629,-33.2675
19322853,-33.2712
19325078,-33.2749
19327303,-33.2787
19329528,-33.2824
19331754,-33.2861
19333980,-33.2899
19336206,-33.2936
19338432,-33.2973
19340658,-33.3011
19342885,-33.3048
19345112,-33.3085
19347340,-33.3122
19349567,-33.3160
19351795,-33.3197
19354023,-33.3234
19356251,-33.3272
19358480,-33.3309
19360709,-33.3346
19362938,-33.3384
19365167,-33.3421
19367397,-33.3458
19369627,-33.3495
19371857,-33.3533
19374087,-33.3570
19376318,-33.3607
19378549,-33.3645
19380780,-33.3682
19383012,-33.3719
19385243,-33.3756
19387475,-33.3794
19389707,-33.3831
19391940,-33.3868
19394173,-33.3905
19396405,-33.3943
19398639,-33.3980
19400872,-33.4017
19403106,-33.4054
19405340,-33.4092
19407574,-33.4129
19409809,-33.4166
19412043,-33.4203
19414278,-33.4241
19416514,-33.4278
19418749,-33.4315
19420985,-33.4352
19423221,-33.4390
19425457,-33.4427
19427694,-33.4464
19429931,-33.4501
19432168,-33.4539
19434405,-33.4576
19436643,-33.4613
19438881,-33.4650
19441119,-33.4687
19443357,-33.4725
19445596,-33.4762
19447835,-33.4799
19450074,-33.4836
19452313,-33.4874
19454553,-33.4911
19456793,-33.4948
19459033,-33.4985
19461273,-33.5022
19463514,-33.5060
19465755,-33.5097
19467996,-33.5134
19470238,-33.5171
19472479,-33.5208
19474721,-33.5246
19476964,-33.5283
19479206,-33.5320
19481449,-33.5357
19483692,-33.5394
19485935,-33.5432
19488179,-33.5469
19490423,-33.5506
19492667,-33.5543
19494911,-33.5580
19497155,-33.5617
19499400,-33.5655
19501645,-33.5692
19503891,-33.5729
19506136,-33.5766
19508382,-33.5803
19510628,-33.5840
19512875,-33.5878
19515121,-33.5915
19517368,-33.5952
19519615,-33.5989
19521863,-33.6026
19524110,-33.6063
19526358,-33.6101
19528607,-33.6138
19530855,-33.6175
19533104,-33.6212
19535353,-33.6249
19537602,-33.6286
19539851,-33.6323
19542101,-33.6361
19544351,-33.6398
19546601,-33.6435
19548852,-33.6472
19551103,-33.6509
19553354,-33.6546
19555605,-33.6583
19557856,-33.6620
19560108,-33.6658
19562360,-33.6695
19564613,-33.6732
19566865,-33.6769
19569118,-33.6806
19571371,-33.6843
19573625,-33.6880
19575878,-33.6917
19578132,-33.6954
19580386,-33.6992
19582641,-33.7029
19584895,-33.7066
19587150,-33.7103
19589405,-33.7140
19591661,-33.7177
19593917,-33.7214
19596173,-33.7251
19598429,-33.7288
19600685,-33.7325
19602942,-33.7362
19605199,-33.7400
19607456,-33.7437
19609714,-33.7474
19611972,-33.7511
19614230,-33.7548
19616488,-33.7585
19618746,-33.7622
19621005,-33.7659
19623264,-33.7696
19625524,-33.7733
19627783,-33.7770
19630043,-33.7807
19632303,-33.7844
19634564,-33.7881
19636824,-33.7918
19639085,-33.7956
19641346,-33.7993
19643608,-33.8030
19645869,-33.8067
19648131,-33.8104
19650394,-33.8141
19652656,-33.8178
19654919,-33.8215
19657182,-33.8252
19659445,-33.8289
19661709,-33.8326
19663972,-33.8363
19666236,-33.8400
19668501,-33.8437
19670765,-33.8474
19673030,-33.8511
19675295,-33.8548
19677560,-33.8585
19679826,-33.8622
19682092,-33.8659
19684358,-33.8696
19686624,-33.8733
19688891,-33.8770
19691158,-33.8807
19693425,-33.8844
19695692,-33.8881
19697960,-33.8918
19700228,-33.8955
19702496,-33.8992
19704765,-33.9029
19707033,-33.9066
19709302,-33.9103
19711572,-33.9140
19713841,-33.9177
19716111,-33.9214
19718381,-33.9251
19720651,-33.9288
19722922,-33.9325
19725193,-33.9362
19727464,-33.9399
19729735,-33.9436
19732007,-33.9473
19734279,-33.9510
19736551,-33.9547
19738823,-33.9584
19741096,-33.9621
19743369,-33.9658
19745642,-33.9695
19747915,-33.9732
19750189,-33.9769
19752463,-33.9806
19754737,-33.9843
19757012,-33.9880
19759286,-33.9917
19761561,-33.9954
19763837,-33.9991
19766112,-34.0028
19768388,-34.0065
19770664,-34.0102
19772940,-34.0138
19775217,-34.0175
19777494,-34.0212
19779771,-34.0249
19782048,-34.0286
19784326,-34.0323
19786604,-34.0360
19788882,-34.0397
19791160,-34.0434
19793439,-34.0471
19795718,-34.0508
19797997,-34.0545
19800276,-34.0582
19802556,-34.0619
19804836,-34.0655
19807116,-34.0692
19809397,-34.0729
19811678,-34.0766
19813959,-34.0803
19816240,-34.0840
19818522,-34.0877
19820803,-34.0914
19823086,-34.0951
19825368,-34.0988
19827650,-34.1025
19829933,-34.1061
19832216,-34.1098
19834500,-34.1135
19836784,-34.1172
19839067,-34.1209
19841352,-34.1246
19843636,-34.1283
19845921,-34.1320
19848206,-34.1357
19850491,-34.1393
19852777,-34.1430
19855062,-34.1467
19857348,-34.1504
19859635,-34.1541
19861921,-34.1578
19864208,-34.1615
19866495,-34.1652
19868782,-34.1688
19871070,-34.1725
19873358,-34.1762
19875646,-34.1799
19877934,-34.1836
19880223,-34.1873
19882512,-34.1910
19884801,-34.1947
19887091,-34.1983
19889380,-34.2020
19891670,-34.2057
19893961,-34.2094
19896251,-34.2131
19898542,-34.2168
19900833,-34.2204
19903124,-34.2241
19905416,-34.2278
19907708,-34.2315
19910000,-34.2352
19912292,-34.2389
19914585,-34.2425
19916878,-34.2462
19919171,-34.2499
19921464,-34.2536
19923758,-34.2573
19926052,-34.2610
19928346,-34.2646
19930640,-34.2683
19932935,-34.2720
19935230,-34.2757
19937525,-34.2794
19939821,-34.2830
19942117,-34.2867
19944413,-34.2904
19946709,-34.2941
19949006,-34.2978
19951303,-34.3015
19953600,-34.3051
19955897,-34.3088
19958195,-34.3125
19960493,-34.3162
19962791,-34.3198
19965089,-34.3235
19967388,-34.3272
19969687,-34.3309
19971986,-34.3346
19974286,-34.3382
19976585,-34.3419
19978885,-34.3456
19981186,-34.3493
19983486,-34.3530
19985787,-34.3566
19988088,-34.3603
19990389,-34.3640
19992691,-34.3677
19994993,-34.3713
19997295,-34.3750
19999597,-34.3787
20001900,-34.3824
20004203,-34.3860
20006506,-34.3897
20008810,-34.3934
20011113,-34.3971
20013417,-34.4007
20015722,-34.4044
20018026,-34.4081
