frequency_hz,ant_to_out_db
3000000,-10.5826
3000345,-10.5823
3000691,-10.5820
3001036,-10.5817
3001382,-10.5814
3001727,-10.5811
3002073,-10.5808
3002419,-10.5805
3002764,-10.5802
3003110,-10.5799
3003456,-10.5796
3003802,-10.5793
3004148,-10.5790
3004493,-10.5787
3004839,-10.5784
3005185,-10.5780
3005531,-10.5777
3005877,-10.5774
3006223,-10.5771
3006570,-10.5768
3006916,-10.5765
3007262,-10.5762
3007608,-10.5758
3007954,-10.5755
3008301,-10.5752
3008647,-10.5749
3008994,-10.5746
3009340,-10.5742
3009686,-10.5739
3010033,-10.5736
3010380,-10.5733
3010726,-10.5730
3011073,-10.5726
3011419,-10.5723
3011766,-10.5720
3012113,-10.5716
3012460,-10.5713
3012807,-10.5710
3013153,-10.5707
3013500,-10.5703
3013847,-10.5700
3014194,-10.5697
3014541,-10.5693
3014888,-10.5690
3015236,-10.5687
3015583,-10.5683
3015930,-10.5680
3016277,-10.5676
3016625,-10.5673
3016972,-10.5670
3017319,-10.5666
3017667,-10.5663
3018014,-10.5659
3018362,-10.5656
3018709,-10.5653
3019057,-10.5649
3019404,-10.5646
3019752,-10.5642
3020100,-10.5639
3020447,-10.5635
3020795,-10.5632
3021143,-10.5628
3021491,-10.5625
3021839,-10.5621
3022186,-10.5618
3022534,-10.5614
3022882,-10.5611
3023230,-10.5607
3023579,-10.5603
3023927,-10.5600
3024275,-10.5596
3024623,-10.5593
3024971,-10.5589
3025320,-10.5586
3025668,-10.5582
3026016,-10.5578
3026365,-10.5575
3026713,-10.5571
3027062,-10.5567
3027410,-10.5564
3027759,-10.5560
3028107,-10.5556
3028456,-10.5553
3028805,-10.5549
3029153,-10.5545
3029502,-10.5542
3029851,-10.5538
3030200,-10.5534
3030549,-10.5531
3030898,-10.5527
3031247,-10.5523
3031596,-10.5519
3031945,-10.5516
3032294,-10.5512
3032643,-10.5508
3032992,-10.5504
3033341,-10.5500
3033690,-10.5497
3034040,-10.5493
3034389,-10.5489
3034738,-10.5485
3035088,-10.5481
3035437,-10.5478
3035787,-10.5474
3036136,-10.5470
3036486,-10.5466
3036835,-10.5462
3037185,-10.5458
3037535,-10.5454
3037884,-10.5450
3038234,-10.5446
3038584,-10.5443
3038934,-10.5439
3039284,-10.5435
3039634,-10.5431
3039984,-10.5427
3040334,-10.5423
3040684,-10.5419
3041034,-10.5415
3041384,-10.5411
3041734,-10.5407
3042084,-10.5403
3042435,-10.5399
3042785,-10.5395
3043135,-10.5391
3043486,-10.5387
3043836,-10.5383
3044186,-10.5379
3044537,-10.5375
3044888,-10.5371
3045238,-10.5367
3045589,-10.5363
3045939,-10.5358
3046290,-10.5354
3046641,-10.5350
3046992,-10.5346
3047342,-10.5342
3047693,-10.5338
3048044,-10.5334
3048395,-10.5330
3048746,-10.5325
3049097,-10.5321
3049448,-10.5317
3049799,-10.5313
3050150,-10.5309
3050502,-10.5304
3050853,-10.5300
3051204,-10.5296
3051555,-10.5292
3051907,-10.5288
3052258,-10.5283
3052610,-10.5279
3052961,-10.5275
3053312,-10.5271
3053664,-10.5266
3054016,-10.5262
3054367,-10.5258
3054719,-10.5253
3055071,-10.5249
3055422,-10.5245
3055774,-10.5241
3056126,-10.5236
3056478,-10.5232
3056830,-10.5228
3057182,-10.5223
3057534,-10.5219
3057886,-10.5214
3058238,-10.5210
3058590,-10.5206
3058942,-10.5201
3059294,-10.5197
3059647,-10.5192
3059999,-10.5188
3060351,-10.5184
3060703,-10.5179
3061056,-10.5175
3061408,-10.5170
3061761,-10.5166
3062113,-10.5161
3062466,-10.5157
3062818,-10.5152
3063171,-10.5148
3063524,-10.5143
3063876,-10.5139
3064229,-10.5134
3064582,-10.5130
3064935,-10.5125
3065288,-10.5121
3065641,-10.5116
3065994,-10.5112
3066347,-10.5107
3066700,-10.5103
3067053,-10.5098
3067406,-10.5093
3067759,-10.5089
3068112,-10.5084
3068466,-10.5080
3068819,-10.5075
3069172,-10.5070
3069526,-10.5066
3069879,-10.5061
3070232,-10.5056
3070586,-10.5052
3070939,-10.5047
3071293,-10.5042
3071647,-10.5038
3072000,-10.5033
3072354,-10.5028
3072708,-10.5024
3073062,-10.5019
3073415,-10.5014
3073769,-10.5009
3074123,-10.5005
3074477,-10.5000
3074831,-10.4995
3075185,-10.4990
3075539,-10.4986
3075893,-10.4981
3076247,-10.4976
3076602,-10.4971
3076956,-10.4966
3077310,-10.4962
3077664,-10.4957
3078019,-10.4952
3078373,-10.4947
3078728,-10.4942
3079082,-10.4937
3079437,-10.4933
3079791,-10.4928
3080146,-10.4923
3080500,-10.4918
3080855,-10.4913
3081210,-10.4908
3081564,-10.4903
3081919,-10.4898
3082274,-10.4893
3082629,-10.4888
3082984,-10.4883
3083339,-10.4878
3083694,-10.4874
3084049,-10.4869
3084404,-10.4864
3084759,-10.4859
3085114,-10.4854
3085469,-10.4849
3085825,-10.4844
3086180,-10.4839
3086535,-10.4834
3086891,-10.4829
3087246,-10.4823
3087602,-10.4818
3087957,-10.4813
3088313,-10.4808
3088668,-10.4803
3089024,-10.4798
3089379,-10.4793
3089735,-10.4788
3090091,-10.4783
3090447,-10.4778
3090802,-10.4773
3091158,-10.4767
3091514,-10.4762
3091870,-10.4757
3092226,-10.4752
3092582,-10.4747
3092938,-10.4742
3093294,-10.4737
3093651,-10.4731
3094007,-10.4726
3094363,-10.4721
3094719,-10.4716
3095076,-10.4711
3095432,-10.4705
3095788,-10.4700
3096145,-10.4695
3096501,-10.4690
3096858,-10.4684
3097214,-10.4679
3097571,-10.4674
3097928,-10.4669
3098284,-10.4663
3098641,-10.4658
3098998,-10.4653
3099355,-10.4647
3099711,-10.4642
3100068,-10.4637
3100425,-10.4631
3100782,-10.4626
3101139,-10.4621
3101496,-10.4615
3101853,-10.4610
3102210,-10.4605
3102568,-10.4599
3102925,-10.4594
3103282,-10.4588
3103639,-10.4583
3103997,-10.4578
3104354,-10.4572
3104712,-10.4567
3105069,-10.4561
3105427,-10.4556
3105784,-10.4550
3106142,-10.4545
3106499,-10.4539
3106857,-10.4534
3107215,-10.4528
3107572,-10.4523
3107930,-10.4517
3108288,-10.4512
3108646,-10.4506
3109004,-10.4501
3109362,-10.4495
3109720,-10.4490
3110078,-10.4484
3110436,-10.4479
3110794,-10.4473
3111152,-10.4468
3111510,-10.4462
3111869,-10.4456
3112227,-10.4451
3112585,-10.4445
3112944,-10.4440
3113302,-10.4434
3113660,-10.4428
3114019,-10.4423
3114378,-10.4417
3114736,-10.4411
3115095,-10.4406
3115453,-10.4400
3115812,-10.4394
3116171,-10.4389
3116530,-10.4383
3116888,-10.4377
3117247,-10.4372
3117606,-10.4366
3117965,-10.4360
3118324,-10.4354
3118683,-10.4349
3119042,-10.4343
3119401,-10.4337
3119760,-10.4331
3120120,-10.4326
3120479,-10.4320
3120838,-10.4314
3121198,-10.4308
3121557,-10.4303
3121916,-10.4297
3122276,-10.4291
3122635,-10.4285
3122995,-10.4279
3123354,-10.4273
3123714,-10.4268
3124074,-10.4262
3124433,-10.4256
3124793,-10.4250
3125153,-10.4244
3125513,-10.4238
3125872,-10.4232
3126232,-10.4226
3126592,-10.4220
3126952,-10.4215
3127312,-10.4209
3127672,-10.4203
3128032,-10.4197
3128393,-10.4191
3128753,-10.4185
3129113,-10.4179
3129473,-10.4173
3129834,-10.4167
3130194,-10.4161
3130554,-10.4155
3130915,-10.4149
3131275,-10.4143
3131636,-10.4137
3131996,-10.4131
3132357,-10.4125
3132718,-10.4119
3133078,-10.4113
3133439,-10.4107
3133800,-10.4101
3134161,-10.4095
3134522,-10.4088
3134882,-10.4082
3135243,-10.4076
3135604,-10.4070
3135965,-10.4064
3136326,-10.4058
3136688,-10.4052
3137049,-10.4046
3137410,-10.4040
3137771,-10.4033
3138132,-10.4027
3138494,-10.4021
3138855,-10.4015
3139216,-10.4009
3139578,-10.4003
3139939,-10.3996
3140301,-10.3990
3140662,-10.3984
3141024,-10.3978
3141386,-10.3971
3141747,-10.3965
3142109,-10.3959
3142471,-10.3953
3142833,-10.3946
3143194,-10.3940
3143556,-10.3934
3143918,-10.3928
3144280,-10.3921
3144642,-10.3915
3145004,-10.3909
3145366,-10.3902
3145729,-10.3896
3146091,-10.3890
3146453,-10.3883
3146815,-10.3877
3147178,-10.3871
3147540,-10.3864
3147902,-10.3858
3148265,-10.3852
3148627,-10.3845
3148990,-10.3839
3149352,-10.3832
3149715,-10.3826
3150078,-10.3820
3150440,-10.3813
3150803,-10.3807
3151166,-10.3800
3151529,-10.3794
3151891,-10.3787
3152254,-10.3781
3152617,-10.3774
3152980,-10.3768
3153343,-10.3762
3153706,-10.3755
3154069,-10.3749
3154433,-10.3742
3154796,-10.3735
3155159,-10.3729
3155522,-10.3722
3155886,-10.3716
3156249,-10.3709
3156612,-10.3703
3156976,-10.3696
3157339,-10.3690
3157703,-10.3683
3158066,-10.3677
3158430,-10.3670
3158794,-10.3663
3159157,-10.3657
3159521,-10.3650
3159885,-10.3643
3160249,-10.3637
3160613,-10.3630
3160976,-10.3624
3161340,-10.3617
3161704,-10.3610
3162068,-10.3604
3162432,-10.3597
3162797,-10.3590
3163161,-10.3584
3163525,-10.3577
3163889,-10.3570
3164253,-10.3563
3164618,-10.3557
3164982,-10.3550
3165346,-10.3543
3165711,-10.3536
3166075,-10.3530
3166440,-10.3523
3166805,-10.3516
3167169,-10.3509
3167534,-10.3503
3167898,-10.3496
3168263,-10.3489
3168628,-10.3482
3168993,-10.3475
3169358,-10.3469
3169723,-10.3462
3170088,-10.3455
3170453,-10.3448
3170818,-10.3441
3171183,-10.3434
3171548,-10.3427
3171913,-10.3421
3172278,-10.3414
3172643,-10.3407
3173009,-10.3400
3173374,-10.3393
3173739,-10.3386
3174105,-10.3379
3174470,-10.3372
3174836,-10.3365
3175201,-10.3358
3175567,-10.3351
3175932,-10.3344
3176298,-10.3338
3176664,-10.3331
3177030,-10.3324
3177395,-10.3317
3177761,-10.3310
3178127,-10.3303
3178493,-10.3296
3178859,-10.3289
3179225,-10.3282
3179591,-10.3274
3179957,-10.3267
3180323,-10.3260
3180689,-10.3253
3181056,-10.3246
3181422,-10.3239
3181788,-10.3232
3182154,-10.3225
3182521,-10.3218
3182887,-10.3211
3183254,-10.3204
3183620,-10.3197
3183987,-10.3189
3184353,-10.3182
3184720,-10.3175
3185087,-10.3168
3185453,-10.3161
3185820,-10.3154
3186187,-10.3147
3186554,-10.3139
3186921,-10.3132
3187288,-10.3125
3187655,-10.3118
3188022,-10.3111
3188389,-10.3103
3188756,-10.3096
3189123,-10.3089
3189490,-10.3082
3189857,-10.3074
3190225,-10.3067
3190592,-10.3060
3190959,-10.3053
3191327,-10.3045
3191694,-10.3038
3192062,-10.3031
3192429,-10.3023
3192797,-10.3016
3193164,-10.3009
3193532,-10.3002
3193900,-10.2994
3194267,-10.2987
3194635,-10.2980
3195003,-10.2972
3195371,-10.2965
3195739,-10.2957
3196107,-10.2950
3196475,-10.2943
3196843,-10.2935
3197211,-10.2928
3197579,-10.2920
3197947,-10.2913
3198315,-10.2906
3198683,-10.2898
3199052,-10.2891
3199420,-10.2883
3199788,-10.2876
3200157,-10.2868
3200525,-10.2861
3200894,-10.2854
3201262,-10.2846
3201631,-10.2839
3201999,-10.2831
3202368,-10.2824
3202737,-10.2816
3203106,-10.2809
3203474,-10.2801
3203843,-10.2793
3204212,-10.2786
3204581,-10.2778
3204950,-10.2771
3205319,-10.2763
3205688,-10.2756
3206057,-10.2748
3206426,-10.2741
3206795,-10.2733
3207165,-10.2725
3207534,-10.2718
3207903,-10.2710
3208273,-10.2702
3208642,-10.2695
3209011,-10.2687
3209381,-10.2680
3209750,-10.2672
3210120,-10.2664
3210490,-10.2657
3210859,-10.2649
3211229,-10.2641
3211599,-10.2634
3211968,-10.2626
3212338,-10.2618
3212708,-10.2610
3213078,-10.2603
3213448,-10.2595
3213818,-10.2587
3214188,-10.2579
3214558,-10.2572
3214928,-10.2564
3215298,-10.2556
3215668,-10.2548
3216039,-10.2541
3216409,-10.2533
3216779,-10.2525
3217150,-10.2517
3217520,-10.2509
3217890,-10.2502
3218261,-10.2494
3218631,-10.2486
3219002,-10.2478
3219373,-10.2470
3219743,-10.2462
3220114,-10.2455
3220485,-10.2447
3220856,-10.2439
3221226,-10.2431
3221597,-10.2423
3221968,-10.2415
3222339,-10.2407
3222710,-10.2399
3223081,-10.2391
3223452,-10.2383
3223823,-10.2376
3224195,-10.2368
3224566,-10.2360
3224937,-10.2352
3225308,-10.2344
3225680,-10.2336
3226051,-10.2328
3226423,-10.2320
3226794,-10.2312
3227166,-10.2304
3227537,-10.2296
3227909,-10.2288
3228280,-10.2280
3228652,-10.2272
3229024,-10.2264
3229396,-10.2256
3229767,-10.2248
3230139,-10.2240
3230511,-10.2231
3230883,-10.2223
3231255,-10.2215
3231627,-10.2207
3231999,-10.2199
3232371,-10.2191
3232744,-10.2183
3233116,-10.2175
3233488,-10.2167
3233860,-10.2158
3234233,-10.2150
3234605,-10.2142
3234977,-10.2134
3235350,-10.2126
3235722,-10.2118
3236095,-10.2109
3236468,-10.2101
3236840,-10.2093
3237213,-10.2085
3237586,-10.2077
3237958,-10.2068
3238331,-10.2060
3238704,-10.2052
3239077,-10.2044
3239450,-10.2036
3239823,-10.2027
3240196,-10.2019
3240569,-10.2011
3240942,-10.2002
3241315,-10.1994
3241688,-10.1986
3242062,-10.1978
3242435,-10.1969
3242808,-10.1961
3243182,-10.1953
3243555,-10.1944
3243928,-10.1936
3244302,-10.1928
3244675,-10.1919
3245049,-10.1911
3245423,-10.1903
3245796,-10.1894
3246170,-10.1886
3246544,-10.1877
3246918,-10.1869
3247291,-10.1861
3247665,-10.1852
3248039,-10.1844
3248413,-10.1835
3248787,-10.1827
3249161,-10.1818
3249535,-10.1810
3249909,-10.1802
3250284,-10.1793
3250658,-10.1785
3251032,-10.1776
3251406,-10.1768
3251781,-10.1759
3252155,-10.1751
3252530,-10.1742
3252904,-10.1734
3253279,-10.1725
3253653,-10.1717
3254028,-10.1708
3254402,-10.1700
3254777,-10.1691
3255152,-10.1682
3255527,-10.1674
3255901,-10.1665
3256276,-10.1657
3256651,-10.1648
3257026,-10.1640
3257401,-10.1631
3257776,-10.1622
3258151,-10.1614
3258526,-10.1605
3258902,-10.1596
3259277,-10.1588
3259652,-10.1579
3260027,-10.1571
3260403,-10.1562
3260778,-10.1553
3261154,-10.1545
3261529,-10.1536
3261905,-10.1527
3262280,-10.1518
3262656,-10.1510
3263031,-10.1501
3263407,-10.1492
3263783,-10.1484
3264159,-10.1475
3264534,-10.1466
3264910,-10.1457
3265286,-10.1449
3265662,-10.1440
3266038,-10.1431
3266414,-10.1422
3266790,-10.1414
3267166,-10.1405
3267543,-10.1396
3267919,-10.1387
3268295,-10.1378
3268671,-10.1369
3269048,-10.1361
3269424,-10.1352
3269800,-10.1343
3270177,-10.1334
3270553,-10.1325
3270930,-10.1316
3271307,-10.1308
3271683,-10.1299
3272060,-10.1290
3272437,-10.1281
3272813,-10.1272
3273190,-10.1263
3273567,-10.1254
3273944,-10.1245
3274321,-10.1236
3274698,-10.1227
3275075,-10.1218
3275452,-10.1209
3275829,-10.1200
3276206,-10.1192
3276584,-10.1183
3276961,-10.1174
3277338,-10.1165
3277715,-10.1156
3278093,-10.1147
3278470,-10.1138
3278848,-10.1129
3279225,-10.1120
3279603,-10.1110
3279980,-10.1101
3280358,-10.1092
3280736,-10.1083
3281114,-10.1074
3281491,-10.1065
3281869,-10.1056
3282247,-10.1047
3282625,-10.1038
3283003,-10.1029
3283381,-10.1020
3283759,-10.1011
3284137,-10.1002
3284515,-10.0992
3284893,-10.0983
3285271,-10.0974
3285650,-10.0965
3286028,-10.0956
3286406,-10.0947
3286785,-10.0937
3287163,-10.0928
3287542,-10.0919
3287920,-10.0910
3288299,-10.0901
3288677,-10.0891
3289056,-10.0882
3289435,-10.0873
3289813,-10.0864
3290192,-10.0855
3290571,-10.0845
3290950,-10.0836
3291329,-10.0827
3291708,-10.0818
3292087,-10.0808
3292466,-10.0799
3292845,-10.0790
3293224,-10.0780
3293603,-10.0771
3293982,-10.0762
3294362,-10.0753
3294741,-10.0743
3295120,-10.0734
3295500,-10.0725
3295879,-10.0715
3296258,-10.0706
3296638,-10.0696
3297018,-10.0687
3297397,-10.0678
3297777,-10.0668
3298156,-10.0659
3298536,-10.0650
3298916,-10.0640
3299296,-10.0631
3299676,-10.0621
3300056,-10.0612
3300436,-10.0602
3300816,-10.0593
3301196,-10.0584
3301576,-10.0574
3301956,-10.0565
3302336,-10.0555
3302716,-10.0546
3303096,-10.0536
3303477,-10.0527
3303857,-10.0517
3304237,-10.0508
3304618,-10.0498
3304998,-10.0489
3305379,-10.0479
3305760,-10.0470
3306140,-10.0460
3306521,-10.0451
3306901,-10.0441
3307282,-10.0431
3307663,-10.0422
3308044,-10.0412
3308425,-10.0403
3308806,-10.0393
3309187,-10.0384
3309568,-10.0374
3309949,-10.0364
3310330,-10.0355
3310711,-10.0345
3311092,-10.0335
3311473,-10.0326
3311855,-10.0316
3312236,-10.0306
3312617,-10.0297
3312999,-10.0287
3313380,-10.0277
3313762,-10.0268
3314143,-10.0258
3314525,-10.0248
3314906,-10.0239
3315288,-10.0229
3315670,-10.0219
3316051,-10.0209
3316433,-10.0200
3316815,-10.0190
3317197,-10.0180
3317579,-10.0170
3317961,-10.0161
3318343,-10.0151
3318725,-10.0141
3319107,-10.0131
3319489,-10.0122
3319871,-10.0112
3320254,-10.0102
3320636,-10.0092
3321018,-10.0082
3321401,-10.0073
3321783,-10.0063
3322165,-10.0053
3322548,-10.0043
3322930,-10.0033
3323313,-10.0023
3323696,-10.0013
3324078,-10.0004
3324461,-9.9994
3324844,-9.9984
3325227,-9.9974
3325610,-9.9964
3325992,-9.9954
3326375,-9.9944
3326758,-9.9934
3327141,-9.9924
3327524,-9.9914
3327908,-9.9904
3328291,-9.9894
3328674,-9.9884
3329057,-9.9874
3329440,-9.9864
3329824,-9.9854
3330207,-9.9844
3330591,-9.9834
3330974,-9.9824
3331358,-9.9814
3331741,-9.9804
3332125,-9.9794
3332508,-9.9784
3332892,-9.9774
3333276,-9.9764
3333660,-9.9754
3334043,-9.9744
3334427,-9.9734
3334811,-9.9724
3335195,-9.9714
3335579,-9.9704
3335963,-9.9694
3336347,-9.9684
3336731,-9.9673
3337116,-9.9663
3337500,-9.9653
3337884,-9.9643
3338268,-9.9633
3338653,-9.9623
3339037,-9.9613
3339422,-9.9602
3339806,-9.9592
3340191,-9.9582
3340575,-9.9572
3340960,-9.9562
3341345,-9.9551
3341729,-9.9541
3342114,-9.9531
3342499,-9.9521
3342884,-9.9511
3343268,-9.9500
3343653,-9.9490
3344038,-9.9480
3344423,-9.9470
3344808,-9.9459
3345194,-9.9449
3345579,-9.9439
3345964,-9.9428
3346349,-9.9418
3346734,-9.9408
3347120,-9.9398
3347505,-9.9387
3347891,-9.9377
3348276,-9.9367
3348662,-9.9356
3349047,-9.9346
3349433,-9.9336
3349818,-9.9325
3350204,-9.9315
3350590,-9.9304
3350976,-9.9294
3351361,-9.9284
3351747,-9.9273
3352133,-9.9263
3352519,-9.9252
3352905,-9.9242
3353291,-9.9232
3353677,-9.9221
3354063,-9.9211
3354449,-9.9200
3354836,-9.9190
3355222,-9.9179
3355608,-9.9169
3355995,-9.9158
3356381,-9.9148
3356767,-9.9137
3357154,-9.9127
3357540,-9.9116
3357927,-9.9106
3358314,-9.9095
3358700,-9.9085
3359087,-9.9074
3359474,-9.9064
3359861,-9.9053
3360247,-9.9043
3360634,-9.9032
3361021,-9.9022
3361408,-9.9011
3361795,-9.9000
3362182,-9.8990
3362569,-9.8979
3362957,-9.8969
3363344,-9.8958
3363731,-9.8947
3364118,-9.8937
3364506,-9.8926
3364893,-9.8916
3365280,-9.8905
3365668,-9.8894
3366055,-9.8884
3366443,-9.8873
3366831,-9.8862
3367218,-9.8852
3367606,-9.8841
3367994,-9.8830
3368381,-9.8819
3368769,-9.8809
3369157,-9.8798
3369545,-9.8787
3369933,-9.8777
3370321,-9.8766
3370709,-9.8755
3371097,-9.8744
3371485,-9.8734
3371873,-9.8723
3372262,-9.8712
3372650,-9.8701
3373038,-9.8690
3373427,-9.8680
3373815,-9.8669
3374203,-9.8658
3374592,-9.8647
3374980,-9.8636
3375369,-9.8626
3375758,-9.8615
3376146,-9.8604
3376535,-9.8593
3376924,-9.8582
3377313,-9.8571
3377701,-9.8560
3378090,-9.8550
3378479,-9.8539
3378868,-9.8528
3379257,-9.8517
3379646,-9.8506
3380035,-9.8495
3380425,-9.8484
3380814,-9.8473
3381203,-9.8462
3381592,-9.8451
3381982,-9.8440
3382371,-9.8429
3382761,-9.8418
3383150,-9.8407
3383540,-9.8396
3383929,-9.8385
3384319,-9.8374
3384708,-9.8363
3385098,-9.8352
3385488,-9.8341
3385878,-9.8330
3386267,-9.8319
3386657,-9.8308
3387047,-9.8297
3387437,-9.8286
3387827,-9.8275
3388217,-9.8264
3388607,-9.8253
3388998,-9.8242
3389388,-9.8231
3389778,-9.8220
3390168,-9.8209
3390559,-9.8198
3390949,-9.8186
3391339,-9.8175
3391730,-9.8164
3392120,-9.8153
3392511,-9.8142
3392902,-9.8131
3393292,-9.8120
3393683,-9.8108
3394074,-9.8097
3394464,-9.8086
3394855,-9.8075
3395246,-9.8064
3395637,-9.8052
3396028,-9.8041
3396419,-9.8030
3396810,-9.8019
3397201,-9.8008
3397592,-9.7996
3397983,-9.7985
3398375,-9.7974
3398766,-9.7963
3399157,-9.7951
3399549,-9.7940
3399940,-9.7929
3400331,-9.7918
3400723,-9.7906
3401115,-9.7895
3401506,-9.7884
3401898,-9.7872
3402289,-9.7861
3402681,-9.7850
3403073,-9.7838
3403465,-9.7827
3403857,-9.7816
3404248,-9.7804
3404640,-9.7793
3405032,-9.7782
3405424,-9.7770
3405817,-9.7759
3406209,-9.7747
3406601,-9.7736
3406993,-9.7725
3407385,-9.7713
3407778,-9.7702
3408170,-9.7690
3408562,-9.7679
3408955,-9.7667
3409347,-9.7656
3409740,-9.7644
3410133,-9.7633
3410525,-9.7622
3410918,-9.7610
3411311,-9.7599
3411703,-9.7587
3412096,-9.7576
3412489,-9.7564
3412882,-9.7553
3413275,-9.7541
3413668,-9.7530
3414061,-9.7518
3414454,-9.7506
3414847,-9.7495
3415240,-9.7483
3415633,-9.7472
3416027,-9.7460
3416420,-9.7449
3416813,-9.7437
3417207,-9.7425
3417600,-9.7414
3417994,-9.7402
3418387,-9.7391
3418781,-9.7379
3419174,-9.7367
3419568,-9.7356
3419962,-9.7344
3420356,-9.7332
3420749,-9.7321
3421143,-9.7309
3421537,-9.7298
3421931,-9.7286
3422325,-9.7274
3422719,-9.7262
3423113,-9.7251
3423507,-9.7239
3423901,-9.7227
3424296,-9.7216
3424690,-9.7204
3425084,-9.7192
3425479,-9.7180
3425873,-9.7169
3426267,-9.7157
3426662,-9.7145
3427056,-9.7133
3427451,-9.7122
3427846,-9.7110
3428240,-9.7098
3428635,-9.7086
3429030,-9.7074
3429425,-9.7063
3429819,-9.7051
3430214,-9.7039
3430609,-9.7027
3431004,-9.7015
3431399,-9.7003
3431794,-9.6992
3432189,-9.6980
3432585,-9.6968
3432980,-9.6956
3433375,-9.6944
3433770,-9.6932
3434166,-9.6920
3434561,-9.6908
3434957,-9.6897
3435352,-9.6885
3435748,-9.6873
3436143,-9.6861
3436539,-9.6849
3436934,-9.6837
3437330,-9.6825
3437726,-9.6813
3438122,-9.6801
3438518,-9.6789
3438914,-9.6777
3439309,-9.6765
3439705,-9.6753
3440101,-9.6741
3440498,-9.6729
3440894,-9.6717
3441290,-9.6705
3441686,-9.6693
3442082,-9.6681
3442479,-9.6669
3442875,-9.6657
3443271,-9.6645
3443668,-9.6633
3444064,-9.6621
3444461,-9.6609
3444857,-9.6597
3445254,-9.6584
3445651,-9.6572
3446047,-9.6560
3446444,-9.6548
3446841,-9.6536
3447238,-9.6524
3447635,-9.6512
3448032,-9.6500
3448429,-9.6487
3448826,-9.6475
3449223,-9.6463
3449620,-9.6451
3450017,-9.6439
3450414,-9.6427
3450812,-9.6414
3451209,-9.6402
3451606,-9.6390
3452004,-9.6378
3452401,-9.6366
3452799,-9.6353
3453196,-9.6341
3453594,-9.6329
3453991,-9.6317
3454389,-9.6304
3454787,-9.6292
3455185,-9.6280
3455582,-9.6268
3455980,-9.6255
3456378,-9.6243
3456776,-9.6231
3457174,-9.6218
3457572,-9.6206
3457970,-9.6194
3458368,-9.6181
3458767,-9.6169
3459165,-9.6157
3459563,-9.6144
3459961,-9.6132
3460360,-9.6120
3460758,-9.6107
3461157,-9.6095
3461555,-9.6083
3461954,-9.6070
3462352,-9.6058
3462751,-9.6045
3463150,-9.6033
3463548,-9.6021
3463947,-9.6008
3464346,-9.5996
3464745,-9.5983
3465144,-9.5971
3465543,-9.5958
3465942,-9.5946
3466341,-9.5933
3466740,-9.5921
3467139,-9.5908
3467538,-9.5896
3467937,-9.5883
3468337,-9.5871
3468736,-9.5858
3469135,-9.5846
3469535,-9.5833
3469934,-9.5821
3470334,-9.5808
3470733,-9.5796
3471133,-9.5783
3471533,-9.5771
3471932,-9.5758
3472332,-9.5746
3472732,-9.5733
3473132,-9.5720
3473532,-9.5708
3473932,-9.5695
3474332,-9.5683
3474732,-9.5670
3475132,-9.5657
3475532,-9.5645
3475932,-9.5632
3476332,-9.5619
3476732,-9.5607
3477133,-9.5594
3477533,-9.5581
3477933,-9.5569
3478334,-9.5556
3478734,-9.5543
3479135,-9.5531
3479535,-9.5518
3479936,-9.5505
3480337,-9.5493
3480737,-9.5480
3481138,-9.5467
3481539,-9.5454
3481940,-9.5442
3482341,-9.5429
3482742,-9.5416
3483143,-9.5403
3483544,-9.5391
3483945,-9.5378
3484346,-9.5365
3484747,-9.5352
3485148,-9.5339
3485549,-9.5327
3485951,-9.5314
3486352,-9.5301
3486754,-9.5288
3487155,-9.5275
3487557,-9.5263
3487958,-9.5250
3488360,-9.5237
3488761,-9.5224
3489163,-9.5211
3489565,-9.5198
3489966,-9.5185
3490368,-9.5172
3490770,-9.5160
3491172,-9.5147
3491574,-9.5134
3491976,-9.5121
3492378,-9.5108
3492780,-9.5095
3493182,-9.5082
3493585,-9.5069
3493987,-9.5056
3494389,-9.5043
3494791,-9.5030
3495194,-9.5017
3495596,-9.5004
3495999,-9.4991
3496401,-9.4978
3496804,-9.4965
3497206,-9.4952
3497609,-9.4939
3498012,-9.4926
3498414,-9.4913
3498817,-9.4900
3499220,-9.4887
3499623,-9.4874
3500026,-9.4861
3500429,-9.4848
3500832,-9.4835
3501235,-9.4822
3501638,-9.4809
3502041,-9.4796
3502444,-9.4782
3502848,-9.4769
3503251,-9.4756
3503654,-9.4743
3504058,-9.4730
3504461,-9.4717
3504865,-9.4704
3505268,-9.4691
3505672,-9.4677
3506075,-9.4664
3506479,-9.4651
3506883,-9.4638
3507287,-9.4625
3507690,-9.4612
3508094,-9.4598
3508498,-9.4585
3508902,-9.4572
3509306,-9.4559
3509710,-9.4545
3510114,-9.4532
3510518,-9.4519
3510923,-9.4506
3511327,-9.4492
3511731,-9.4479
3512135,-9.4466
3512540,-9.4453
3512944,-9.4439
3513349,-9.4426
3513753,-9.4413
3514158,-9.4399
3514562,-9.4386
3514967,-9.4373
3515372,-9.4360
3515776,-9.4346
3516181,-9.4333
3516586,-9.4320
3516991,-9.4306
3517396,-9.4293
3517801,-9.4279
3518206,-9.4266
3518611,-9.4253
3519016,-9.4239
3519421,-9.4226
3519826,-9.4212
3520232,-9.4199
3520637,-9.4186
3521042,-9.4172
3521448,-9.4159
3521853,-9.4145
3522259,-9.4132
3522664,-9.4118
3523070,-9.4105
3523475,-9.4092
3523881,-9.4078
3524287,-9.4065
3524693,-9.4051
3525098,-9.4038
3525504,-9.4024
3525910,-9.4011
3526316,-9.3997
3526722,-9.3984
3527128,-9.3970
3527534,-9.3956
3527941,-9.3943
3528347,-9.3929
3528753,-9.3916
3529159,-9.3902
3529566,-9.3889
3529972,-9.3875
3530378,-9.3861
3530785,-9.3848
3531191,-9.3834
3531598,-9.3821
3532005,-9.3807
3532411,-9.3793
3532818,-9.3780
3533225,-9.3766
3533631,-9.3753
3534038,-9.3739
3534445,-9.3725
3534852,-9.3712
3535259,-9.3698
3535666,-9.3684
3536073,-9.3671
3536480,-9.3657
3536888,-9.3643
3537295,-9.3629
3537702,-9.3616
3538109,-9.3602
3538517,-9.3588
3538924,-9.3575
3539332,-9.3561
3539739,-9.3547
3540147,-9.3533
3540554,-9.3519
3540962,-9.3506
3541370,-9.3492
3541777,-9.3478
3542185,-9.3464
3542593,-9.3451
3543001,-9.3437
3543409,-9.3423
3543817,-9.3409
3544225,-9.3395
3544633,-9.3381
3545041,-9.3368
3545449,-9.3354
3545857,-9.3340
3546266,-9.3326
3546674,-9.3312
3547082,-9.3298
3547491,-9.3284
3547899,-9.3271
3548308,-9.3257
3548716,-9.3243
3549125,-9.3229
3549533,-9.3215
3549942,-9.3201
3550351,-9.3187
3550759,-9.3173
3551168,-9.3159
3551577,-9.3145
3551986,-9.3131
3552395,-9.3117
3552804,-9.3103
3553213,-9.3089
3553622,-9.3075
3554031,-9.3061
3554441,-9.3047
3554850,-9.3033
3555259,-9.3019
3555668,-9.3005
3556078,-9.2991
3556487,-9.2977
3556897,-9.2963
3557306,-9.2949
3557716,-9.2935
3558125,-9.2921
3558535,-9.2907
3558945,-9.2893
3559355,-9.2879
3559764,-9.2865
3560174,-9.2851
3560584,-9.2836
3560994,-9.2822
3561404,-9.2808
3561814,-9.2794
3562224,-9.2780
3562634,-9.2766
3563045,-9.2752
3563455,-9.2737
3563865,-9.2723
3564275,-9.2709
3564686,-9.2695
3565096,-9.2681
3565507,-9.2667
3565917,-9.2652
3566328,-9.2638
3566738,-9.2624
3567149,-9.2610
3567560,-9.2595
3567970,-9.2581
3568381,-9.2567
3568792,-9.2553
3569203,-9.2538
3569614,-9.2524
3570025,-9.2510
3570436,-9.2496
3570847,-9.2481
3571258,-9.2467
3571669,-9.2453
3572081,-9.2438
3572492,-9.2424
3572903,-9.2410
3573315,-9.2395
3573726,-9.2381
3574137,-9.2367
3574549,-9.2352
3574961,-9.2338
3575372,-9.2324
3575784,-9.2309
3576196,-9.2295
3576607,-9.2281
3577019,-9.2266
3577431,-9.2252
3577843,-9.2237
3578255,-9.2223
3578667,-9.2209
3579079,-9.2194
3579491,-9.2180
3579903,-9.2165
3580315,-9.2151
3580727,-9.2136
3581140,-9.2122
3581552,-9.2107
3581964,-9.2093
3582377,-9.2078
3582789,-9.2064
3583202,-9.2049
3583614,-9.2035
3584027,-9.2020
3584440,-9.2006
3584852,-9.1991
3585265,-9.1977
3585678,-9.1962
3586091,-9.1948
3586503,-9.1933
3586916,-9.1919
3587329,-9.1904
3587742,-9.1890
3588155,-9.1875
3588569,-9.1860
3588982,-9.1846
3589395,-9.1831
3589808,-9.1817
3590222,-9.1802
3590635,-9.1787
3591048,-9.1773
3591462,-9.1758
3591875,-9.1743
3592289,-9.1729
3592702,-9.1714
3593116,-9.1699
3593530,-9.1685
3593944,-9.1670
3594357,-9.1655
3594771,-9.1641
3595185,-9.1626
3595599,-9.1611
3596013,-9.1596
3596427,-9.1582
3596841,-9.1567
3597255,-9.1552
3597669,-9.1538
3598084,-9.1523
3598498,-9.1508
3598912,-9.1493
3599327,-9.1478
3599741,-9.1464
3600155,-9.1449
3600570,-9.1434
3600985,-9.1419
3601399,-9.1404
3601814,-9.1390
3602228,-9.1375
3602643,-9.1360
3603058,-9.1345
3603473,-9.1330
3603888,-9.1315
3604303,-9.1301
3604718,-9.1286
3605133,-9.1271
3605548,-9.1256
3605963,-9.1241
3606378,-9.1226
3606793,-9.1211
3607209,-9.1196
3607624,-9.1181
3608039,-9.1167
3608455,-9.1152
3608870,-9.1137
3609286,-9.1122
3609701,-9.1107
3610117,-9.1092
3610532,-9.1077
3610948,-9.1062
3611364,-9.1047
3611780,-9.1032
3612196,-9.1017
3612611,-9.1002
3613027,-9.0987
3613443,-9.0972
3613859,-9.0957
3614276,-9.0942
3614692,-9.0927
3615108,-9.0912
3615524,-9.0897
3615940,-9.0882
3616357,-9.0867
3616773,-9.0851
3617189,-9.0836
3617606,-9.0821
3618022,-9.0806
3618439,-9.0791
3618856,-9.0776
3619272,-9.0761
3619689,-9.0746
3620106,-9.0731
3620523,-9.0716
3620939,-9.0700
3621356,-9.0685
3621773,-9.0670
3622190,-9.0655
3622607,-9.0640
3623024,-9.0625
3623442,-9.0609
3623859,-9.0594
3624276,-9.0579
3624693,-9.0564
3625111,-9.0549
3625528,-9.0533
3625945,-9.0518
3626363,-9.0503
3626780,-9.0488
3627198,-9.0472
3627616,-9.0457
3628033,-9.0442
3628451,-9.0427
3628869,-9.0411
3629287,-9.0396
3629704,-9.0381
3630122,-9.0365
3630540,-9.0350
3630958,-9.0335
3631376,-9.0319
3631794,-9.0304
3632213,-9.0289
3632631,-9.0273
3633049,-9.0258
3633467,-9.0243
3633886,-9.0227
3634304,-9.0212
3634722,-9.0197
3635141,-9.0181
3635559,-9.0166
3635978,-9.0150
3636397,-9.0135
3636815,-9.0120
3637234,-9.0104
3637653,-9.0089
3638072,-9.0073
3638491,-9.0058
3638909,-9.0042
3639328,-9.0027
3639747,-9.0011
3640167,-8.9996
3640586,-8.9981
3641005,-8.9965
3641424,-8.9950
3641843,-8.9934
3642263,-8.9919
3642682,-8.9903
3643101,-8.9887
3643521,-8.9872
3643940,-8.9856
3644360,-8.9841
3644779,-8.9825
3645199,-8.9810
3645619,-8.9794
3646039,-8.9779
3646458,-8.9763
3646878,-8.9747
3647298,-8.9732
3647718,-8.9716
3648138,-8.9701
3648558,-8.9685
3648978,-8.9669
3649398,-8.9654
3649818,-8.9638
3650239,-8.9623
3650659,-8.9607
3651079,-8.9591
3651500,-8.9576
3651920,-8.9560
3652340,-8.9544
3652761,-8.9528
3653182,-8.9513
3653602,-8.9497
3654023,-8.9481
3654444,-8.9466
3654864,-8.9450
3655285,-8.9434
3655706,-8.9418
3656127,-8.9403
3656548,-8.9387
3656969,-8.9371
3657390,-8.9355
3657811,-8.9340
3658232,-8.9324
3658653,-8.9308
3659075,-8.9292
3659496,-8.9277
3659917,-8.9261
3660339,-8.9245
3660760,-8.9229
3661181,-8.9213
3661603,-8.9197
3662025,-8.9182
3662446,-8.9166
3662868,-8.9150
3663290,-8.9134
3663711,-8.9118
3664133,-8.9102
3664555,-8.9086
3664977,-8.9070
3665399,-8.9055
3665821,-8.9039
3666243,-8.9023
3666665,-8.9007
3667087,-8.8991
3667510,-8.8975
3667932,-8.8959
3668354,-8.8943
3668776,-8.8927
3669199,-8.8911
3669621,-8.8895
3670044,-8.8879
3670466,-8.8863
3670889,-8.8847
3671312,-8.8831
3671734,-8.8815
3672157,-8.8799
3672580,-8.8783
3673003,-8.8767
3673426,-8.8751
3673849,-8.8735
3674272,-8.8719
3674695,-8.8703
3675118,-8.8687
3675541,-8.8671
3675964,-8.8655
3676387,-8.8639
3676811,-8.8622
3677234,-8.8606
3677657,-8.8590
3678081,-8.8574
3678504,-8.8558
3678928,-8.8542
3679351,-8.8526
3679775,-8.8510
3680199,-8.8493
3680622,-8.8477
3681046,-8.8461
3681470,-8.8445
3681894,-8.8429
3682318,-8.8413
3682742,-8.8396
3683166,-8.8380
3683590,-8.8364
3684014,-8.8348
3684438,-8.8332
3684862,-8.8315
3685286,-8.8299
3685711,-8.8283
3686135,-8.8267
3686560,-8.8250
3686984,-8.8234
3687409,-8.8218
3687833,-8.8201
3688258,-8.8185
3688682,-8.8169
3689107,-8.8153
3689532,-8.8136
3689957,-8.8120
3690381,-8.8104
3690806,-8.8087
3691231,-8.8071
3691656,-8.8055
3692081,-8.8038
3692506,-8.8022
3692932,-8.8005
3693357,-8.7989
3693782,-8.7973
3694207,-8.7956
3694633,-8.7940
3695058,-8.7924
3695483,-8.7907
3695909,-8.7891
3696334,-8.7874
3696760,-8.7858
3697186,-8.7841
3697611,-8.7825
3698037,-8.7808
3698463,-8.7792
3698889,-8.7776
3699314,-8.7759
3699740,-8.7743
3700166,-8.7726
3700592,-8.7710
3701018,-8.7693
3701445,-8.7677
3701871,-8.7660
3702297,-8.7644
3702723,-8.7627
3703150,-8.7610
3703576,-8.7594
3704002,-8.7577
3704429,-8.7561
3704855,-8.7544
3705282,-8.7528
3705709,-8.7511
3706135,-8.7494
3706562,-8.7478
3706989,-8.7461
3707415,-8.7445
3707842,-8.7428
3708269,-8.7411
3708696,-8.7395
3709123,-8.7378
3709550,-8.7361
3709977,-8.7345
3710404,-8.7328
3710832,-8.7311
3711259,-8.7295
3711686,-8.7278
3712114,-8.7261
3712541,-8.7245
3712968,-8.7228
3713396,-8.7211
3713823,-8.7195
3714251,-8.7178
3714679,-8.7161
3715106,-8.7144
3715534,-8.7128
3715962,-8.7111
3716390,-8.7094
3716818,-8.7077
3717246,-8.7060
3717674,-8.7044
3718102,-8.7027
3718530,-8.7010
3718958,-8.6993
3719386,-8.6976
3719814,-8.6960
3720243,-8.6943
3720671,-8.6926
3721099,-8.6909
3721528,-8.6892
3721956,-8.6875
3722385,-8.6859
3722813,-8.6842
3723242,-8.6825
3723671,-8.6808
3724099,-8.6791
3724528,-8.6774
3724957,-8.6757
3725386,-8.6740
3725815,-8.6723
3726244,-8.6706
3726673,-8.6689
3727102,-8.6672
3727531,-8.6656
3727960,-8.6639
3728389,-8.6622
3728819,-8.6605
3729248,-8.6588
3729677,-8.6571
3730107,-8.6554
3730536,-8.6537
3730966,-8.6520
3731395,-8.6503
3731825,-8.6486
3732255,-8.6469
3732684,-8.6451
3733114,-8.6434
3733544,-8.6417
3733974,-8.6400
3734404,-8.6383
3734834,-8.6366
3735264,-8.6349
3735694,-8.6332
3736124,-8.6315
3736554,-8.6298
3736984,-8.6281
3737414,-8.6263
3737845,-8.6246
3738275,-8.6229
3738705,-8.6212
3739136,-8.6195
3739566,-8.6178
3739997,-8.6161
3740428,-8.6143
3740858,-8.6126
3741289,-8.6109
3741720,-8.6092
3742151,-8.6075
3742581,-8.6057
3743012,-8.6040
3743443,-8.6023
3743874,-8.6006
3744305,-8.5989
3744736,-8.5971
3745168,-8.5954
3745599,-8.5937
3746030,-8.5919
3746461,-8.5902
3746893,-8.5885
3747324,-8.5868
3747756,-8.5850
3748187,-8.5833
3748619,-8.5816
3749050,-8.5798
3749482,-8.5781
3749914,-8.5764
3750345,-8.5746
3750777,-8.5729
3751209,-8.5712
3751641,-8.5694
3752073,-8.5677
3752505,-8.5660
3752937,-8.5642
3753369,-8.5625
3753801,-8.5607
3754233,-8.5590
3754666,-8.5573
3755098,-8.5555
3755530,-8.5538
3755963,-8.5520
3756395,-8.5503
3756828,-8.5485
3757260,-8.5468
3757693,-8.5450
3758125,-8.5433
3758558,-8.5415
3758991,-8.5398
3759424,-8.5380
3759856,-8.5363
3760289,-8.5345
3760722,-8.5328
3761155,-8.5310
3761588,-8.5293
3762021,-8.5275
3762454,-8.5258
3762888,-8.5240
3763321,-8.5223
3763754,-8.5205
3764188,-8.5187
3764621,-8.5170
3765054,-8.5152
3765488,-8.5135
3765921,-8.5117
3766355,-8.5099
3766789,-8.5082
3767222,-8.5064
3767656,-8.5047
3768090,-8.5029
3768524,-8.5011
3768958,-8.4994
3769392,-8.4976
3769826,-8.4958
3770260,-8.4941
3770694,-8.4923
3771128,-8.4905
3771562,-8.4888
3771996,-8.4870
3772431,-8.4852
3772865,-8.4834
3773299,-8.4817
3773734,-8.4799
3774168,-8.4781
3774603,-8.4763
3775037,-8.4746
3775472,-8.4728
3775907,-8.4710
3776341,-8.4692
3776776,-8.4674
3777211,-8.4657
3777646,-8.4639
3778081,-8.4621
3778516,-8.4603
3778951,-8.4585
3779386,-8.4568
3779821,-8.4550
3780256,-8.4532
3780692,-8.4514
3781127,-8.4496
3781562,-8.4478
3781998,-8.4460
3782433,-8.4442
3782869,-8.4425
3783304,-8.4407
3783740,-8.4389
3784175,-8.4371
3784611,-8.4353
3785047,-8.4335
3785483,-8.4317
3785918,-8.4299
3786354,-8.4281
3786790,-8.4263
3787226,-8.4245
3787662,-8.4227
3788098,-8.4209
3788535,-8.4191
3788971,-8.4173
3789407,-8.4155
3789843,-8.4137
3790280,-8.4119
3790716,-8.4101
3791153,-8.4083
3791589,-8.4065
3792026,-8.4047
3792462,-8.4029
3792899,-8.4011
3793335,-8.3993
3793772,-8.3975
3794209,-8.3957
3794646,-8.3939
3795083,-8.3920
3795520,-8.3902
3795957,-8.3884
3796394,-8.3866
3796831,-8.3848
3797268,-8.3830
3797705,-8.3812
3798143,-8.3794
3798580,-8.3775
3799017,-8.3757
3799455,-8.3739
3799892,-8.3721
3800330,-8.3703
3800767,-8.3684
3801205,-8.3666
3801642,-8.3648
3802080,-8.3630
3802518,-8.3612
3802956,-8.3593
3803393,-8.3575
3803831,-8.3557
3804269,-8.3539
3804707,-8.3520
3805145,-8.3502
3805583,-8.3484
3806022,-8.3465
3806460,-8.3447
3806898,-8.3429
3807336,-8.3411
3807775,-8.3392
3808213,-8.3374
3808652,-8.3356
3809090,-8.3337
3809529,-8.3319
3809967,-8.3301
3810406,-8.3282
3810845,-8.3264
3811284,-8.3245
3811722,-8.3227
3812161,-8.3209
3812600,-8.3190
3813039,-8.3172
3813478,-8.3153
3813917,-8.3135
3814356,-8.3117
3814795,-8.3098
3815235,-8.3080
3815674,-8.3061
3816113,-8.3043
3816553,-8.3024
3816992,-8.3006
3817432,-8.2987
3817871,-8.2969
3818311,-8.2950
3818750,-8.2932
3819190,-8.2913
3819630,-8.2895
3820069,-8.2876
3820509,-8.2858
3820949,-8.2839
3821389,-8.2821
3821829,-8.2802
3822269,-8.2783
3822709,-8.2765
3823149,-8.2746
3823589,-8.2728
3824030,-8.2709
3824470,-8.2691
3824910,-8.2672
3825351,-8.2653
3825791,-8.2635
3826232,-8.2616
3826672,-8.2597
3827113,-8.2579
3827553,-8.2560
3827994,-8.2541
3828435,-8.2523
3828876,-8.2504
3829316,-8.2485
3829757,-8.2467
3830198,-8.2448
3830639,-8.2429
3831080,-8.2411
3831521,-8.2392
3831963,-8.2373
3832404,-8.2354
3832845,-8.2336
3833286,-8.2317
3833728,-8.2298
3834169,-8.2279
3834610,-8.2261
3835052,-8.2242
3835494,-8.2223
3835935,-8.2204
3836377,-8.2185
3836818,-8.2167
3837260,-8.2148
3837702,-8.2129
3838144,-8.2110
3838586,-8.2091
3839028,-8.2072
3839470,-8.2054
3839912,-8.2035
3840354,-8.2016
3840796,-8.1997
3841238,-8.1978
3841681,-8.1959
3842123,-8.1940
3842565,-8.1921
3843008,-8.1902
3843450,-8.1883
3843893,-8.1865
3844335,-8.1846
3844778,-8.1827
3845221,-8.1808
3845663,-8.1789
3846106,-8.1770
3846549,-8.1751
3846992,-8.1732
3847435,-8.1713
3847878,-8.1694
3848321,-8.1675
3848764,-8.1656
3849207,-8.1637
3849650,-8.1618
3850093,-8.1599
3850537,-8.1580
3850980,-8.1560
3851423,-8.1541
3851867,-8.1522
3852310,-8.1503
3852754,-8.1484
3853197,-8.1465
3853641,-8.1446
3854085,-8.1427
3854528,-8.1408
3854972,-8.1389
3855416,-8.1370
3855860,-8.1350
3856304,-8.1331
3856748,-8.1312
3857192,-8.1293
3857636,-8.1274
3858080,-8.1255
3858524,-8.1235
3858969,-8.1216
3859413,-8.1197
3859857,-8.1178
3860302,-8.1159
3860746,-8.1139
3861191,-8.1120
3861635,-8.1101
3862080,-8.1082
3862525,-8.1062
3862969,-8.1043
3863414,-8.1024
3863859,-8.1005
3864304,-8.0985
3864749,-8.0966
3865194,-8.0947
3865639,-8.0927
3866084,-8.0908
3866529,-8.0889
3866974,-8.0869
3867419,-8.0850
3867865,-8.0831
3868310,-8.0811
3868755,-8.0792
3869201,-8.0773
3869646,-8.0753
3870092,-8.0734
3870537,-8.0714
3870983,-8.0695
3871429,-8.0676
3871874,-8.0656
3872320,-8.0637
3872766,-8.0617
3873212,-8.0598
3873658,-8.0578
3874104,-8.0559
3874550,-8.0540
3874996,-8.0520
3875442,-8.0501
3875888,-8.0481
3876335,-8.0462
3876781,-8.0442
3877227,-8.0423
3877674,-8.0403
3878120,-8.0384
3878567,-8.0364
3879013,-8.0345
3879460,-8.0325
3879906,-8.0305
3880353,-8.0286
3880800,-8.0266
3881247,-8.0247
3881694,-8.0227
3882141,-8.0208
3882588,-8.0188
3883035,-8.0168
3883482,-8.0149
3883929,-8.0129
3884376,-8.0109
3884823,-8.0090
3885270,-8.0070
3885718,-8.0051
3886165,-8.0031
3886613,-8.0011
3887060,-7.9992
3887508,-7.9972
3887955,-7.9952
3888403,-7.9932
3888851,-7.9913
3889298,-7.9893
3889746,-7.9873
3890194,-7.9854
3890642,-7.9834
3891090,-7.9814
3891538,-7.9794
3891986,-7.9775
3892434,-7.9755
3892882,-7.9735
3893330,-7.9715
3893779,-7.9695
3894227,-7.9676
3894675,-7.9656
3895124,-7.9636
3895572,-7.9616
3896021,-7.9596
3896469,-7.9577
3896918,-7.9557
3897367,-7.9537
3897815,-7.9517
3898264,-7.9497
3898713,-7.9477
3899162,-7.9457
3899611,-7.9438
3900060,-7.9418
3900509,-7.9398
3900958,-7.9378
3901407,-7.9358
3901856,-7.9338
3902305,-7.9318
3902755,-7.9298
3903204,-7.9278
3903653,-7.9258
3904103,-7.9238
3904552,-7.9218
3905002,-7.9198
3905452,-7.9178
3905901,-7.9158
3906351,-7.9138
3906801,-7.9118
3907250,-7.9098
3907700,-7.9078
3908150,-7.9058
3908600,-7.9038
3909050,-7.9018
3909500,-7.8998
3909950,-7.8978
3910401,-7.8958
3910851,-7.8938
3911301,-7.8918
3911751,-7.8897
3912202,-7.8877
3912652,-7.8857
3913103,-7.8837
3913553,-7.8817
3914004,-7.8797
3914455,-7.8777
3914905,-7.8757
3915356,-7.8736
3915807,-7.8716
3916258,-7.8696
3916709,-7.8676
3917159,-7.8656
3917610,-7.8635
3918062,-7.8615
3918513,-7.8595
3918964,-7.8575
3919415,-7.8555
3919866,-7.8534
3920318,-7.8514
3920769,-7.8494
3921220,-7.8474
3921672,-7.8453
3922123,-7.8433
3922575,-7.8413
3923027,-7.8392
3923478,-7.8372
3923930,-7.8352
3924382,-7.8331
3924834,-7.8311
3925286,-7.8291
3925737,-7.8270
3926189,-7.8250
3926642,-7.8230
3927094,-7.8209
3927546,-7.8189
3927998,-7.8169
3928450,-7.8148
3928903,-7.8128
3929355,-7.8107
3929807,-7.8087
3930260,-7.8067
3930712,-7.8046
3931165,-7.8026
3931617,-7.8005
3932070,-7.7985
3932523,-7.7964
3932976,-7.7944
3933428,-7.7923
3933881,-7.7903
3934334,-7.7882
3934787,-7.7862
3935240,-7.7841
3935693,-7.7821
3936147,-7.7800
3936600,-7.7780
3937053,-7.7759
3937506,-7.7739
3937960,-7.7718
3938413,-7.7698
3938866,-7.7677
3939320,-7.7657
3939774,-7.7636
3940227,-7.7615
3940681,-7.7595
3941134,-7.7574
3941588,-7.7554
3942042,-7.7533
3942496,-7.7512
3942950,-7.7492
3943404,-7.7471
3943858,-7.7450
3944312,-7.7430
3944766,-7.7409
3945220,-7.7388
3945674,-7.7368
3946129,-7.7347
3946583,-7.7326
3947038,-7.7305
3947492,-7.7285
3947946,-7.7264
3948401,-7.7243
3948856,-7.7223
3949310,-7.7202
3949765,-7.7181
3950220,-7.7160
3950675,-7.7139
3951129,-7.7119
3951584,-7.7098
3952039,-7.7077
3952494,-7.7056
3952949,-7.7035
3953405,-7.7015
3953860,-7.6994
3954315,-7.6973
3954770,-7.6952
3955226,-7.6931
3955681,-7.6910
3956136,-7.6890
3956592,-7.6869
3957047,-7.6848
3957503,-7.6827
3957959,-7.6806
3958414,-7.6785
3958870,-7.6764
3959326,-7.6743
3959782,-7.6722
3960238,-7.6701
3960694,-7.6680
3961150,-7.6659
3961606,-7.6638
3962062,-7.6618
3962518,-7.6597
3962974,-7.6576
3963431,-7.6555
3963887,-7.6534
3964343,-7.6513
3964800,-7.6491
3965256,-7.6470
3965713,-7.6449
3966169,-7.6428
3966626,-7.6407
3967083,-7.6386
3967539,-7.6365
3967996,-7.6344
3968453,-7.6323
3968910,-7.6302
3969367,-7.6281
3969824,-7.6260
3970281,-7.6239
3970738,-7.6217
3971195,-7.6196
3971653,-7.6175
3972110,-7.6154
3972567,-7.6133
3973025,-7.6112
3973482,-7.6091
3973940,-7.6069
3974397,-7.6048
3974855,-7.6027
3975312,-7.6006
3975770,-7.5985
3976228,-7.5963
3976686,-7.5942
3977143,-7.5921
3977601,-7.5900
3978059,-7.5878
3978517,-7.5857
3978975,-7.5836
3979434,-7.5815
3979892,-7.5793
3980350,-7.5772
3980808,-7.5751
3981267,-7.5729
3981725,-7.5708
3982183,-7.5687
3982642,-7.5665
3983100,-7.5644
3983559,-7.5623
3984018,-7.5601
3984476,-7.5580
3984935,-7.5559
3985394,-7.5537
3985853,-7.5516
3986312,-7.5494
3986771,-7.5473
3987230,-7.5452
3987689,-7.5430
3988148,-7.5409
3988607,-7.5387
3989066,-7.5366
3989526,-7.5344
3989985,-7.5323
3990444,-7.5301
3990904,-7.5280
3991363,-7.5258
3991823,-7.5237
3992282,-7.5215
3992742,-7.5194
3993202,-7.5172
3993662,-7.5151
3994121,-7.5129
3994581,-7.5108
3995041,-7.5086
3995501,-7.5065
3995961,-7.5043
3996421,-7.5022
3996881,-7.5000
3997342,-7.4978
3997802,-7.4957
3998262,-7.4935
3998722,-7.4914
3999183,-7.4892
3999643,-7.4870
4000104,-7.4849
4000564,-7.4827
4001025,-7.4805
4001486,-7.4784
4001946,-7.4762
4002407,-7.4740
4002868,-7.4719
4003329,-7.4697
4003790,-7.4675
4004251,-7.4654
4004712,-7.4632
4005173,-7.4610
4005634,-7.4588
4006095,-7.4567
4006556,-7.4545
4007018,-7.4523
4007479,-7.4501
4007940,-7.4480
4008402,-7.4458
4008863,-7.4436
4009325,-7.4414
4009787,-7.4392
4010248,-7.4370
4010710,-7.4349
4011172,-7.4327
4011634,-7.4305
4012095,-7.4283
4012557,-7.4261
4013019,-7.4239
4013481,-7.4218
4013943,-7.4196
4014406,-7.4174
4014868,-7.4152
4015330,-7.4130
4015792,-7.4108
4016255,-7.4086
4016717,-7.4064
4017180,-7.4042
4017642,-7.4020
4018105,-7.3998
4018567,-7.3976
4019030,-7.3954
4019493,-7.3932
4019956,-7.3910
4020418,-7.3888
4020881,-7.3866
4021344,-7.3844
4021807,-7.3822
4022270,-7.3800
4022733,-7.3778
4023197,-7.3756
4023660,-7.3734
4024123,-7.3712
4024586,-7.3690
4025050,-7.3668
4025513,-7.3646
4025977,-7.3624
4026440,-7.3602
4026904,-7.3579
4027367,-7.3557
4027831,-7.3535
4028295,-7.3513
4028759,-7.3491
4029223,-7.3469
4029686,-7.3447
4030150,-7.3424
4030614,-7.3402
4031078,-7.3380
4031543,-7.3358
4032007,-7.3336
4032471,-7.3313
4032935,-7.3291
4033400,-7.3269
4033864,-7.3247
4034328,-7.3225
4034793,-7.3202
4035258,-7.3180
4035722,-7.3158
4036187,-7.3135
4036651,-7.3113
4037116,-7.3091
4037581,-7.3069
4038046,-7.3046
4038511,-7.3024
4038976,-7.3002
4039441,-7.2979
4039906,-7.2957
4040371,-7.2935
4040836,-7.2912
4041302,-7.2890
4041767,-7.2867
4042232,-7.2845
4042698,-7.2823
4043163,-7.2800
4043629,-7.2778
4044094,-7.2755
4044560,-7.2733
4045025,-7.2711
4045491,-7.2688
4045957,-7.2666
4046423,-7.2643
4046889,-7.2621
4047355,-7.2598
4047821,-7.2576
4048287,-7.2553
4048753,-7.2531
4049219,-7.2508
4049685,-7.2486
4050151,-7.2463
4050618,-7.2441
4051084,-7.2418
4051550,-7.2396
4052017,-7.2373
4052483,-7.2350
4052950,-7.2328
4053417,-7.2305
4053883,-7.2283
4054350,-7.2260
4054817,-7.2237
4055284,-7.2215
4055751,-7.2192
4056218,-7.2170
4056685,-7.2147
4057152,-7.2124
4057619,-7.2102
4058086,-7.2079
4058553,-7.2056
4059021,-7.2034
4059488,-7.2011
4059955,-7.1988
4060423,-7.1965
4060890,-7.1943
4061358,-7.1920
4061825,-7.1897
4062293,-7.1874
4062761,-7.1852
4063229,-7.1829
4063696,-7.1806
4064164,-7.1783
4064632,-7.1761
4065100,-7.1738
4065568,-7.1715
4066036,-7.1692
4066504,-7.1669
4066973,-7.1647
4067441,-7.1624
4067909,-7.1601
4068378,-7.1578
4068846,-7.1555
4069314,-7.1532
4069783,-7.1509
4070252,-7.1486
4070720,-7.1464
4071189,-7.1441
4071658,-7.1418
4072126,-7.1395
4072595,-7.1372
4073064,-7.1349
4073533,-7.1326
4074002,-7.1303
4074471,-7.1280
4074940,-7.1257
4075410,-7.1234
4075879,-7.1211
4076348,-7.1188
4076817,-7.1165
4077287,-7.1142
4077756,-7.1119
4078226,-7.1096
4078695,-7.1073
4079165,-7.1050
4079634,-7.1027
4080104,-7.1004
4080574,-7.0981
4081044,-7.0958
4081514,-7.0935
4081984,-7.0911
4082454,-7.0888
4082924,-7.0865
4083394,-7.0842
4083864,-7.0819
4084334,-7.0796
4084804,-7.0773
4085275,-7.0750
4085745,-7.0726
4086215,-7.0703
4086686,-7.0680
4087156,-7.0657
4087627,-7.0634
4088098,-7.0610
4088568,-7.0587
4089039,-7.0564
4089510,-7.0541
4089981,-7.0517
4090452,-7.0494
4090923,-7.0471
4091394,-7.0448
4091865,-7.0424
4092336,-7.0401
4092807,-7.0378
4093278,-7.0354
4093749,-7.0331
4094221,-7.0308
4094692,-7.0285
4095164,-7.0261
4095635,-7.0238
4096107,-7.0214
4096578,-7.0191
4097050,-7.0168
4097522,-7.0144
4097993,-7.0121
4098465,-7.0098
4098937,-7.0074
4099409,-7.0051
4099881,-7.0027
4100353,-7.0004
4100825,-6.9980
4101297,-6.9957
4101770,-6.9934
4102242,-6.9910
4102714,-6.9887
4103186,-6.9863
4103659,-6.9840
4104131,-6.9816
4104604,-6.9793
4105076,-6.9769
4105549,-6.9746
4106022,-6.9722
4106495,-6.9698
4106967,-6.9675
4107440,-6.9651
4107913,-6.9628
4108386,-6.9604
4108859,-6.9581
4109332,-6.9557
4109805,-6.9533
4110279,-6.9510
4110752,-6.9486
4111225,-6.9463
4111698,-6.9439
4112172,-6.9415
4112645,-6.9392
4113119,-6.9368
4113592,-6.9344
4114066,-6.9321
4114540,-6.9297
4115013,-6.9273
4115487,-6.9249
4115961,-6.9226
4116435,-6.9202
4116909,-6.9178
4117383,-6.9155
4117857,-6.9131
4118331,-6.9107
4118805,-6.9083
4119279,-6.9059
4119754,-6.9036
4120228,-6.9012
4120702,-6.8988
4121177,-6.8964
4121651,-6.8940
4122126,-6.8917
4122601,-6.8893
4123075,-6.8869
4123550,-6.8845
4124025,-6.8821
4124499,-6.8797
4124974,-6.8773
4125449,-6.8750
4125924,-6.8726
4126399,-6.8702
4126874,-6.8678
4127350,-6.8654
4127825,-6.8630
4128300,-6.8606
4128775,-6.8582
4129251,-6.8558
4129726,-6.8534
4130202,-6.8510
4130677,-6.8486
4131153,-6.8462
4131628,-6.8438
4132104,-6.8414
4132580,-6.8390
4133056,-6.8366
4133532,-6.8342
4134007,-6.8318
4134483,-6.8294
4134959,-6.8270
4135436,-6.8246
4135912,-6.8222
4136388,-6.8198
4136864,-6.8174
4137340,-6.8149
4137817,-6.8125
4138293,-6.8101
4138770,-6.8077
4139246,-6.8053
4139723,-6.8029
4140199,-6.8005
4140676,-6.7980
4141153,-6.7956
4141630,-6.7932
4142106,-6.7908
4142583,-6.7884
4143060,-6.7859
4143537,-6.7835
4144014,-6.7811
4144492,-6.7787
4144969,-6.7762
4145446,-6.7738
4145923,-6.7714
4146401,-6.7690
4146878,-6.7665
4147355,-6.7641
4147833,-6.7617
4148310,-6.7592
4148788,-6.7568
4149266,-6.7544
4149744,-6.7519
4150221,-6.7495
4150699,-6.7471
4151177,-6.7446
4151655,-6.7422
4152133,-6.7398
4152611,-6.7373
4153089,-6.7349
4153567,-6.7324
4154046,-6.7300
4154524,-6.7276
4155002,-6.7251
4155481,-6.7227
4155959,-6.7202
4156438,-6.7178
4156916,-6.7153
4157395,-6.7129
4157873,-6.7104
4158352,-6.7080
4158831,-6.7055
4159310,-6.7031
4159789,-6.7006
4160267,-6.6982
4160746,-6.6957
4161226,-6.6933
4161705,-6.6908
4162184,-6.6884
4162663,-6.6859
4163142,-6.6834
4163622,-6.6810
4164101,-6.6785
4164580,-6.6761
4165060,-6.6736
4165539,-6.6711
4166019,-6.6687
4166499,-6.6662
4166978,-6.6637
4167458,-6.6613
4167938,-6.6588
4168418,-6.6563
4168898,-6.6539
4169378,-6.6514
4169858,-6.6489
4170338,-6.6465
4170818,-6.6440
4171298,-6.6415
4171779,-6.6390
4172259,-6.6366
4172739,-6.6341
4173220,-6.6316
4173700,-6.6291
4174181,-6.6266
4174661,-6.6242
4175142,-6.6217
4175623,-6.6192
4176104,-6.6167
4176584,-6.6142
4177065,-6.6117
4177546,-6.6093
4178027,-6.6068
4178508,-6.6043
4178989,-6.6018
4179470,-6.5993
4179952,-6.5968
4180433,-6.5943
4180914,-6.5918
4181396,-6.5893
4181877,-6.5869
4182358,-6.5844
4182840,-6.5819
4183322,-6.5794
4183803,-6.5769
4184285,-6.5744
4184767,-6.5719
4185249,-6.5694
4185730,-6.5669
4186212,-6.5644
4186694,-6.5619
4187176,-6.5594
4187658,-6.5569
4188141,-6.5544
4188623,-6.5518
4189105,-6.5493
4189587,-6.5468
4190070,-6.5443
4190552,-6.5418
4191035,-6.5393
4191517,-6.5368
4192000,-6.5343
4192482,-6.5318
4192965,-6.5292
4193448,-6.5267
4193931,-6.5242
4194414,-6.5217
4194897,-6.5192
4195380,-6.5167
4195863,-6.5141
4196346,-6.5116
4196829,-6.5091
4197312,-6.5066
4197795,-6.5041
4198279,-6.5015
4198762,-6.4990
4199245,-6.4965
4199729,-6.4940
4200212,-6.4914
4200696,-6.4889
4201180,-6.4864
4201663,-6.4838
4202147,-6.4813
4202631,-6.4788
4203115,-6.4762
4203599,-6.4737
4204083,-6.4712
4204567,-6.4686
4205051,-6.4661
4205535,-6.4636
4206019,-6.4610
4206504,-6.4585
4206988,-6.4559
4207472,-6.4534
4207957,-6.4509
4208441,-6.4483
4208926,-6.4458
4209410,-6.4432
4209895,-6.4407
4210380,-6.4381
4210864,-6.4356
4211349,-6.4330
4211834,-6.4305
4212319,-6.4279
4212804,-6.4254
4213289,-6.4228
4213774,-6.4203
4214259,-6.4177
4214745,-6.4152
4215230,-6.4126
4215715,-6.4100
4216200,-6.4075
4216686,-6.4049
4217171,-6.4024
4217657,-6.3998
4218143,-6.3972
4218628,-6.3947
4219114,-6.3921
4219600,-6.3895
4220086,-6.3870
4220571,-6.3844
4221057,-6.3818
4221543,-6.3793
4222029,-6.3767
4222516,-6.3741
4223002,-6.3716
4223488,-6.3690
4223974,-6.3664
4224461,-6.3639
4224947,-6.3613
4225433,-6.3587
4225920,-6.3561
4226406,-6.3535
4226893,-6.3510
4227380,-6.3484
4227866,-6.3458
4228353,-6.3432
4228840,-6.3406
4229327,-6.3381
4229814,-6.3355
4230301,-6.3329
4230788,-6.3303
4231275,-6.3277
4231762,-6.3251
4232249,-6.3225
4232737,-6.3199
4233224,-6.3174
4233711,-6.3148
4234199,-6.3122
4234686,-6.3096
4235174,-6.3070
4235662,-6.3044
4236149,-6.3018
4236637,-6.2992
4237125,-6.2966
4237613,-6.2940
4238101,-6.2914
4238588,-6.2888
4239077,-6.2862
4239565,-6.2836
4240053,-6.2810
4240541,-6.2784
4241029,-6.2758
4241517,-6.2732
4242006,-6.2706
4242494,-6.2680
4242983,-6.2653
4243471,-6.2627
4243960,-6.2601
4244448,-6.2575
4244937,-6.2549
4245426,-6.2523
4245915,-6.2497
4246403,-6.2471
4246892,-6.2444
4247381,-6.2418
4247870,-6.2392
4248359,-6.2366
4248849,-6.2340
4249338,-6.2313
4249827,-6.2287
4250316,-6.2261
4250806,-6.2235
4251295,-6.2208
4251785,-6.2182
4252274,-6.2156
4252764,-6.2130
4253253,-6.2103
4253743,-6.2077
4254233,-6.2051
4254723,-6.2024
4255213,-6.1998
4255702,-6.1972
4256192,-6.1945
4256682,-6.1919
4257173,-6.1893
4257663,-6.1866
4258153,-6.1840
4258643,-6.1813
4259134,-6.1787
4259624,-6.1761
4260114,-6.1734
4260605,-6.1708
4261095,-6.1681
4261586,-6.1655
4262077,-6.1628
4262567,-6.1602
4263058,-6.1575
4263549,-6.1549
4264040,-6.1522
4264531,-6.1496
4265022,-6.1469
4265513,-6.1443
4266004,-6.1416
4266495,-6.1390
4266986,-6.1363
4267478,-6.1337
4267969,-6.1310
4268460,-6.1284
4268952,-6.1257
4269443,-6.1230
4269935,-6.1204
4270427,-6.1177
4270918,-6.1150
4271410,-6.1124
4271902,-6.1097
4272394,-6.1071
4272885,-6.1044
4273377,-6.1017
4273869,-6.0990
4274362,-6.0964
4274854,-6.0937
4275346,-6.0910
4275838,-6.0884
4276330,-6.0857
4276823,-6.0830
4277315,-6.0803
4277808,-6.0777
4278300,-6.0750
4278793,-6.0723
4279285,-6.0696
4279778,-6.0669
4280271,-6.0643
4280764,-6.0616
4281257,-6.0589
4281749,-6.0562
4282242,-6.0535
4282736,-6.0508
4283229,-6.0481
4283722,-6.0455
4284215,-6.0428
4284708,-6.0401
4285202,-6.0374
4285695,-6.0347
4286188,-6.0320
4286682,-6.0293
4287175,-6.0266
4287669,-6.0239
4288163,-6.0212
4288656,-6.0185
4289150,-6.0158
4289644,-6.0131
4290138,-6.0104
4290632,-6.0077
4291126,-6.0050
4291620,-6.0023
4292114,-5.9996
4292608,-5.9969
4293102,-5.9942
4293597,-5.9915
4294091,-5.9888
4294586,-5.9861
4295080,-5.9834
4295574,-5.9806
4296069,-5.9779
4296564,-5.9752
4297058,-5.9725
4297553,-5.9698
4298048,-5.9671
4298543,-5.9644
4299038,-5.9616
4299533,-5.9589
4300028,-5.9562
4300523,-5.9535
4301018,-5.9508
4301513,-5.9480
4302008,-5.9453
4302504,-5.9426
4302999,-5.9399
4303495,-5.9371
4303990,-5.9344
4304486,-5.9317
4304981,-5.9289
4305477,-5.9262
4305973,-5.9235
4306468,-5.9207
4306964,-5.9180
4307460,-5.9153
4307956,-5.9125
4308452,-5.9098
4308948,-5.9071
4309444,-5.9043
4309940,-5.9016
4310437,-5.8988
4310933,-5.8961
4311429,-5.8934
4311926,-5.8906
4312422,-5.8879
4312919,-5.8851
4313415,-5.8824
4313912,-5.8796
4314408,-5.8769
4314905,-5.8741
4315402,-5.8714
4315899,-5.8686
4316396,-5.8659
4316893,-5.8631
4317390,-5.8604
4317887,-5.8576
4318384,-5.8549
4318881,-5.8521
4319378,-5.8493
4319876,-5.8466
4320373,-5.8438
4320871,-5.8411
4321368,-5.8383
4321866,-5.8355
4322363,-5.8328
4322861,-5.8300
4323359,-5.8272
4323856,-5.8245
4324354,-5.8217
4324852,-5.8189
4325350,-5.8162
4325848,-5.8134
4326346,-5.8106
4326844,-5.8078
4327342,-5.8051
4327841,-5.8023
4328339,-5.7995
4328837,-5.7967
4329336,-5.7940
4329834,-5.7912
4330333,-5.7884
4330831,-5.7856
4331330,-5.7828
4331829,-5.7800
4332327,-5.7773
4332826,-5.7745
4333325,-5.7717
4333824,-5.7689
4334323,-5.7661
4334822,-5.7633
4335321,-5.7605
4335820,-5.7577
4336319,-5.7549
4336819,-5.7522
4337318,-5.7494
4337817,-5.7466
4338317,-5.7438
4338816,-5.7410
4339316,-5.7382
4339815,-5.7354
4340315,-5.7326
4340815,-5.7298
4341315,-5.7270
4341814,-5.7242
4342314,-5.7214
4342814,-5.7186
4343314,-5.7157
4343814,-5.7129
4344314,-5.7101
4344815,-5.7073
4345315,-5.7045
4345815,-5.7017
4346316,-5.6989
4346816,-5.6961
4347316,-5.6933
4347817,-5.6904
4348318,-5.6876
4348818,-5.6848
4349319,-5.6820
4349820,-5.6792
4350321,-5.6763
4350821,-5.6735
4351322,-5.6707
4351823,-5.6679
4352324,-5.6651
4352825,-5.6622
4353327,-5.6594
4353828,-5.6566
4354329,-5.6537
4354830,-5.6509
4355332,-5.6481
4355833,-5.6452
4356335,-5.6424
4356836,-5.6396
4357338,-5.6367
4357840,-5.6339
4358341,-5.6311
4358843,-5.6282
4359345,-5.6254
4359847,-5.6226
4360349,-5.6197
4360851,-5.6169
4361353,-5.6140
4361855,-5.6112
4362358,-5.6083
4362860,-5.6055
4363362,-5.6026
4363864,-5.5998
4364367,-5.5969
4364869,-5.5941
4365372,-5.5912
4365875,-5.5884
4366377,-5.5855
4366880,-5.5827
4367383,-5.5798
4367886,-5.5770
4368388,-5.5741
4368891,-5.5713
4369394,-5.5684
4369898,-5.5655
4370401,-5.5627
4370904,-5.5598
4371407,-5.5569
4371910,-5.5541
4372414,-5.5512
4372917,-5.5484
4373421,-5.5455
4373924,-5.5426
4374428,-5.5397
4374931,-5.5369
4375435,-5.5340
4375939,-5.5311
4376443,-5.5283
4376947,-5.5254
4377451,-5.5225
4377955,-5.5196
4378459,-5.5167
4378963,-5.5139
4379467,-5.5110
4379971,-5.5081
4380475,-5.5052
4380980,-5.5023
4381484,-5.4995
4381989,-5.4966
4382493,-5.4937
4382998,-5.4908
4383502,-5.4879
4384007,-5.4850
4384512,-5.4821
4385017,-5.4792
4385522,-5.4763
4386027,-5.4735
4386532,-5.4706
4387037,-5.4677
4387542,-5.4648
4388047,-5.4619
4388552,-5.4590
4389057,-5.4561
4389563,-5.4532
4390068,-5.4503
4390574,-5.4474
4391079,-5.4445
4391585,-5.4416
4392090,-5.4386
4392596,-5.4357
4393102,-5.4328
4393607,-5.4299
4394113,-5.4270
4394619,-5.4241
4395125,-5.4212
4395631,-5.4183
4396137,-5.4154
4396644,-5.4124
4397150,-5.4095
4397656,-5.4066
4398162,-5.4037
4398669,-5.4008
4399175,-5.3979
4399682,-5.3949
4400188,-5.3920
4400695,-5.3891
4401202,-5.3862
4401708,-5.3832
4402215,-5.3803
4402722,-5.3774
4403229,-5.3744
4403736,-5.3715
4404243,-5.3686
4404750,-5.3657
4405257,-5.3627
4405764,-5.3598
4406272,-5.3568
4406779,-5.3539
4407286,-5.3510
4407794,-5.3480
4408301,-5.3451
4408809,-5.3422
4409316,-5.3392
4409824,-5.3363
4410332,-5.3333
4410839,-5.3304
4411347,-5.3274
4411855,-5.3245
4412363,-5.3215
4412871,-5.3186
4413379,-5.3156
4413887,-5.3127
4414396,-5.3097
4414904,-5.3068
4415412,-5.3038
4415921,-5.3009
4416429,-5.2979
4416938,-5.2950
4417446,-5.2920
4417955,-5.2890
4418463,-5.2861
4418972,-5.2831
4419481,-5.2802
4419990,-5.2772
4420499,-5.2742
4421008,-5.2713
4421517,-5.2683
4422026,-5.2653
4422535,-5.2624
4423044,-5.2594
4423553,-5.2564
4424063,-5.2534
4424572,-5.2505
4425081,-5.2475
4425591,-5.2445
4426100,-5.2415
4426610,-5.2386
4427120,-5.2356
4427629,-5.2326
4428139,-5.2296
4428649,-5.2266
4429159,-5.2236
4429669,-5.2207
4430179,-5.2177
4430689,-5.2147
4431199,-5.2117
4431709,-5.2087
4432219,-5.2057
4432730,-5.2027
4433240,-5.1997
4433751,-5.1967
4434261,-5.1938
4434772,-5.1908
4435282,-5.1878
4435793,-5.1848
4436304,-5.1818
4436814,-5.1788
4437325,-5.1758
4437836,-5.1728
4438347,-5.1698
4438858,-5.1668
4439369,-5.1638
4439880,-5.1607
4440391,-5.1577
4440903,-5.1547
4441414,-5.1517
4441925,-5.1487
4442437,-5.1457
4442948,-5.1427
4443460,-5.1397
4443971,-5.1367
4444483,-5.1336
4444995,-5.1306
4445507,-5.1276
4446018,-5.1246
4446530,-5.1216
4447042,-5.1185
4447554,-5.1155
4448066,-5.1125
4448578,-5.1095
4449091,-5.1064
4449603,-5.1034
4450115,-5.1004
4450628,-5.0974
4451140,-5.0943
4451652,-5.0913
4452165,-5.0883
4452678,-5.0852
4453190,-5.0822
4453703,-5.0792
4454216,-5.0761
4454729,-5.0731
4455242,-5.0701
4455755,-5.0670
4456268,-5.0640
4456781,-5.0609
4457294,-5.0579
4457807,-5.0548
4458320,-5.0518
4458833,-5.0488
4459347,-5.0457
4459860,-5.0427
4460374,-5.0396
4460887,-5.0366
4461401,-5.0335
4461915,-5.0304
4462428,-5.0274
4462942,-5.0243
4463456,-5.0213
4463970,-5.0182
4464484,-5.0152
4464998,-5.0121
4465512,-5.0090
4466026,-5.0060
4466540,-5.0029
4467055,-4.9999
4467569,-4.9968
4468083,-4.9937
4468598,-4.9907
4469112,-4.9876
4469627,-4.9845
4470141,-4.9814
4470656,-4.9784
4471171,-4.9753
4471686,-4.9722
4472200,-4.9692
4472715,-4.9661
4473230,-4.9630
4473745,-4.9599
4474260,-4.9568
4474776,-4.9538
4475291,-4.9507
4475806,-4.9476
4476321,-4.9445
4476837,-4.9414
4477352,-4.9383
4477868,-4.9352
4478383,-4.9322
4478899,-4.9291
4479415,-4.9260
4479930,-4.9229
4480446,-4.9198
4480962,-4.9167
4481478,-4.9136
4481994,-4.9105
4482510,-4.9074
4483026,-4.9043
4483542,-4.9012
4484058,-4.8981
4484575,-4.8950
4485091,-4.8919
4485607,-4.8888
4486124,-4.8857
4486640,-4.8826
4487157,-4.8795
4487674,-4.8764
4488190,-4.8733
4488707,-4.8702
4489224,-4.8670
4489741,-4.8639
4490258,-4.8608
4490775,-4.8577
4491292,-4.8546
4491809,-4.8515
4492326,-4.8483
4492843,-4.8452
4493360,-4.8421
4493878,-4.8390
4494395,-4.8359
4494913,-4.8327
4495430,-4.8296
4495948,-4.8265
4496465,-4.8233
4496983,-4.8202
4497501,-4.8171
4498019,-4.8140
4498537,-4.8108
4499055,-4.8077
4499573,-4.8046
4500091,-4.8014
4500609,-4.7983
4501127,-4.7951
4501645,-4.7920
4502163,-4.7889
4502682,-4.7857
4503200,-4.7826
4503719,-4.7794
4504237,-4.7763
4504756,-4.7731
4505274,-4.7700
4505793,-4.7668
4506312,-4.7637
4506831,-4.7605
4507350,-4.7574
4507869,-4.7542
4508388,-4.7511
4508907,-4.7479
4509426,-4.7448
4509945,-4.7416
4510464,-4.7385
4510984,-4.7353
4511503,-4.7321
4512022,-4.7290
4512542,-4.7258
4513062,-4.7226
4513581,-4.7195
4514101,-4.7163
4514621,-4.7131
4515140,-4.7100
4515660,-4.7068
4516180,-4.7036
4516700,-4.7005
4517220,-4.6973
4517740,-4.6941
4518260,-4.6909
4518781,-4.6878
4519301,-4.6846
4519821,-4.6814
4520342,-4.6782
4520862,-4.6750
4521383,-4.6719
4521903,-4.6687
4522424,-4.6655
4522944,-4.6623
4523465,-4.6591
4523986,-4.6559
4524507,-4.6527
4525028,-4.6495
4525549,-4.6463
4526070,-4.6432
4526591,-4.6400
4527112,-4.6368
4527633,-4.6336
4528155,-4.6304
4528676,-4.6272
4529197,-4.6240
4529719,-4.6208
4530240,-4.6176
4530762,-4.6144
4531284,-4.6112
4531805,-4.6079
4532327,-4.6047
4532849,-4.6015
4533371,-4.5983
4533893,-4.5951
4534415,-4.5919
4534937,-4.5887
4535459,-4.5855
4535981,-4.5823
4536504,-4.5790
4537026,-4.5758
4537548,-4.5726
4538071,-4.5694
4538593,-4.5662
4539116,-4.5629
4539638,-4.5597
4540161,-4.5565
4540684,-4.5533
4541207,-4.5500
4541729,-4.5468
4542252,-4.5436
4542775,-4.5403
4543298,-4.5371
4543821,-4.5339
4544345,-4.5306
4544868,-4.5274
4545391,-4.5242
4545914,-4.5209
4546438,-4.5177
4546961,-4.5144
4547485,-4.5112
4548008,-4.5080
4548532,-4.5047
4549056,-4.5015
4549579,-4.4982
4550103,-4.4950
4550627,-4.4917
4551151,-4.4885
4551675,-4.4852
4552199,-4.4820
4552723,-4.4787
4553247,-4.4755
4553772,-4.4722
4554296,-4.4690
4554820,-4.4657
4555345,-4.4624
4555869,-4.4592
4556394,-4.4559
4556918,-4.4527
4557443,-4.4494
4557968,-4.4461
4558493,-4.4429
4559017,-4.4396
4559542,-4.4363
4560067,-4.4331
4560592,-4.4298
4561117,-4.4265
4561643,-4.4232
4562168,-4.4200
4562693,-4.4167
4563218,-4.4134
4563744,-4.4101
4564269,-4.4068
4564795,-4.4036
4565320,-4.4003
4565846,-4.3970
4566372,-4.3937
4566897,-4.3904
4567423,-4.3871
4567949,-4.3839
4568475,-4.3806
4569001,-4.3773
4569527,-4.3740
4570053,-4.3707
4570579,-4.3674
4571106,-4.3641
4571632,-4.3608
4572158,-4.3575
4572685,-4.3542
4573211,-4.3509
4573738,-4.3476
4574264,-4.3443
4574791,-4.3410
4575318,-4.3377
4575844,-4.3344
4576371,-4.3311
4576898,-4.3278
4577425,-4.3245
4577952,-4.3211
4578479,-4.3178
4579006,-4.3145
4579534,-4.3112
4580061,-4.3079
4580588,-4.3046
4581116,-4.3013
4581643,-4.2979
4582171,-4.2946
4582698,-4.2913
4583226,-4.2880
4583754,-4.2846
4584281,-4.2813
4584809,-4.2780
4585337,-4.2747
4585865,-4.2713
4586393,-4.2680
4586921,-4.2647
4587449,-4.2613
4587977,-4.2580
4588505,-4.2547
4589034,-4.2513
4589562,-4.2480
4590091,-4.2447
4590619,-4.2413
4591148,-4.2380
4591676,-4.2346
4592205,-4.2313
4592734,-4.2279
4593262,-4.2246
4593791,-4.2212
4594320,-4.2179
4594849,-4.2145
4595378,-4.2112
4595907,-4.2078
4596436,-4.2045
4596966,-4.2011
4597495,-4.1978
4598024,-4.1944
4598554,-4.1911
4599083,-4.1877
4599613,-4.1843
4600142,-4.1810
4600672,-4.1776
4601202,-4.1742
4601731,-4.1709
4602261,-4.1675
4602791,-4.1641
4603321,-4.1608
4603851,-4.1574
4604381,-4.1540
4604911,-4.1507
4605441,-4.1473
4605972,-4.1439
4606502,-4.1405
4607032,-4.1371
4607563,-4.1338
4608093,-4.1304
4608624,-4.1270
4609154,-4.1236
4609685,-4.1202
4610216,-4.1168
4610747,-4.1135
4611277,-4.1101
4611808,-4.1067
4612339,-4.1033
4612870,-4.0999
4613402,-4.0965
4613933,-4.0931
4614464,-4.0897
4614995,-4.0863
4615527,-4.0829
4616058,-4.0795
4616589,-4.0761
4617121,-4.0727
4617653,-4.0693
4618184,-4.0659
4618716,-4.0625
4619248,-4.0591
4619780,-4.0557
4620311,-4.0523
4620843,-4.0489
4621375,-4.0454
4621908,-4.0420
4622440,-4.0386
4622972,-4.0352
4623504,-4.0318
4624037,-4.0284
4624569,-4.0249
4625101,-4.0215
4625634,-4.0181
4626166,-4.0147
4626699,-4.0112
4627232,-4.0078
4627765,-4.0044
4628297,-4.0010
4628830,-3.9975
4629363,-3.9941
4629896,-3.9907
4630429,-3.9872
4630962,-3.9838
4631496,-3.9804
4632029,-3.9769
4632562,-3.9735
4633096,-3.9700
4633629,-3.9666
4634162,-3.9632
4634696,-3.9597
4635230,-3.9563
4635763,-3.9528
4636297,-3.9494
4636831,-3.9459
4637365,-3.9425
4637899,-3.9390
4638433,-3.9356
4638967,-3.9321
4639501,-3.9287
4640035,-3.9252
4640569,-3.9217
4641104,-3.9183
4641638,-3.9148
4642172,-3.9114
4642707,-3.9079
4643241,-3.9044
4643776,-3.9010
4644311,-3.8975
4644845,-3.8940
4645380,-3.8906
4645915,-3.8871
4646450,-3.8836
4646985,-3.8801
4647520,-3.8767
4648055,-3.8732
4648590,-3.8697
4649125,-3.8662
4649661,-3.8628
4650196,-3.8593
4650731,-3.8558
4651267,-3.8523
4651802,-3.8488
4652338,-3.8453
4652874,-3.8418
4653409,-3.8384
4653945,-3.8349
4654481,-3.8314
4655017,-3.8279
4655553,-3.8244
4656089,-3.8209
4656625,-3.8174
4657161,-3.8139
4657697,-3.8104
4658234,-3.8069
4658770,-3.8034
4659306,-3.7999
4659843,-3.7964
4660379,-3.7929
4660916,-3.7894
4661452,-3.7859
4661989,-3.7823
4662526,-3.7788
4663063,-3.7753
4663600,-3.7718
4664137,-3.7683
4664674,-3.7648
4665211,-3.7613
4665748,-3.7577
4666285,-3.7542
4666822,-3.7507
4667360,-3.7472
4667897,-3.7436
4668434,-3.7401
4668972,-3.7366
4669509,-3.7331
4670047,-3.7295
4670585,-3.7260
4671122,-3.7225
4671660,-3.7189
4672198,-3.7154
4672736,-3.7119
4673274,-3.7083
4673812,-3.7048
4674350,-3.7012
4674888,-3.6977
4675427,-3.6942
4675965,-3.6906
4676503,-3.6871
4677042,-3.6835
4677580,-3.6800
4678119,-3.6764
4678658,-3.6729
4679196,-3.6693
4679735,-3.6658
4680274,-3.6622
4680813,-3.6587
4681352,-3.6551
4681891,-3.6515
4682430,-3.6480
4682969,-3.6444
4683508,-3.6409
4684047,-3.6373
4684586,-3.6337
4685126,-3.6302
4685665,-3.6266
4686205,-3.6230
4686744,-3.6194
4687284,-3.6159
4687824,-3.6123
4688363,-3.6087
4688903,-3.6051
4689443,-3.6016
4689983,-3.5980
4690523,-3.5944
4691063,-3.5908
4691603,-3.5872
4692143,-3.5837
4692683,-3.5801
4693224,-3.5765
4693764,-3.5729
4694304,-3.5693
4694845,-3.5657
4695386,-3.5621
4695926,-3.5585
4696467,-3.5549
4697008,-3.5513
4697548,-3.5477
4698089,-3.5441
4698630,-3.5405
4699171,-3.5369
4699712,-3.5333
4700253,-3.5297
4700794,-3.5261
4701336,-3.5225
4701877,-3.5189
4702418,-3.5153
4702960,-3.5117
4703501,-3.5081
4704043,-3.5045
4704584,-3.5008
4705126,-3.4972
4705668,-3.4936
4706209,-3.4900
4706751,-3.4864
4707293,-3.4827
4707835,-3.4791
4708377,-3.4755
4708919,-3.4719
4709462,-3.4682
4710004,-3.4646
4710546,-3.4610
4711088,-3.4574
4711631,-3.4537
4712173,-3.4501
4712716,-3.4464
4713258,-3.4428
4713801,-3.4392
4714344,-3.4355
4714887,-3.4319
4715429,-3.4282
4715972,-3.4246
4716515,-3.4210
4717058,-3.4173
4717602,-3.4137
4718145,-3.4100
4718688,-3.4064
4719231,-3.4027
4719775,-3.3991
4720318,-3.3954
4720861,-3.3917
4721405,-3.3881
4721949,-3.3844
4722492,-3.3808
4723036,-3.3771
4723580,-3.3734
4724124,-3.3698
4724668,-3.3661
4725212,-3.3624
4725756,-3.3588
4726300,-3.3551
4726844,-3.3514
4727388,-3.3478
4727932,-3.3441
4728477,-3.3404
4729021,-3.3367
4729566,-3.3330
4730110,-3.3294
4730655,-3.3257
4731199,-3.3220
4731744,-3.3183
4732289,-3.3146
4732834,-3.3109
4733379,-3.3073
4733924,-3.3036
4734469,-3.2999
4735014,-3.2962
4735559,-3.2925
4736104,-3.2888
4736650,-3.2851
4737195,-3.2814
4737740,-3.2777
4738286,-3.2740
4738831,-3.2703
4739377,-3.2666
4739923,-3.2629
4740468,-3.2592
4741014,-3.2555
4741560,-3.2518
4742106,-3.2480
4742652,-3.2443
4743198,-3.2406
4743744,-3.2369
4744290,-3.2332
4744837,-3.2295
4745383,-3.2257
4745929,-3.2220
4746476,-3.2183
4747022,-3.2146
4747569,-3.2109
4748115,-3.2071
4748662,-3.2034
4749209,-3.1997
4749756,-3.1959
4750302,-3.1922
4750849,-3.1885
4751396,-3.1847
4751943,-3.1810
4752490,-3.1773
4753038,-3.1735
4753585,-3.1698
4754132,-3.1660
4754680,-3.1623
4755227,-3.1586
4755775,-3.1548
4756322,-3.1511
4756870,-3.1473
4757417,-3.1436
4757965,-3.1398
4758513,-3.1361
4759061,-3.1323
4759609,-3.1285
4760157,-3.1248
4760705,-3.1210
4761253,-3.1173
4761801,-3.1135
4762349,-3.1097
4762898,-3.1060
4763446,-3.1022
4763995,-3.0984
4764543,-3.0947
4765092,-3.0909
4765640,-3.0871
4766189,-3.0834
4766738,-3.0796
4767287,-3.0758
4767835,-3.0720
4768384,-3.0682
4768933,-3.0645
4769482,-3.0607
4770032,-3.0569
4770581,-3.0531
4771130,-3.0493
4771679,-3.0455
4772229,-3.0417
4772778,-3.0380
4773328,-3.0342
4773877,-3.0304
4774427,-3.0266
4774977,-3.0228
4775526,-3.0190
4776076,-3.0152
4776626,-3.0114
4777176,-3.0076
4777726,-3.0038
4778276,-3.0000
4778826,-2.9962
4779377,-2.9924
4779927,-2.9885
4780477,-2.9847
4781028,-2.9809
4781578,-2.9771
4782129,-2.9733
4782679,-2.9695
4783230,-2.9657
4783781,-2.9618
4784331,-2.9580
4784882,-2.9542
4785433,-2.9504
4785984,-2.9465
4786535,-2.9427
4787086,-2.9389
4787637,-2.9350
4788189,-2.9312
4788740,-2.9274
4789291,-2.9235
4789843,-2.9197
4790394,-2.9159
4790946,-2.9120
4791497,-2.9082
4792049,-2.9044
4792601,-2.9005
4793153,-2.8967
4793704,-2.8928
4794256,-2.8890
4794808,-2.8851
4795360,-2.8813
4795913,-2.8774
4796465,-2.8736
4797017,-2.8697
4797569,-2.8658
4798122,-2.8620
4798674,-2.8581
4799227,-2.8543
4799779,-2.8504
4800332,-2.8465
4800884,-2.8427
4801437,-2.8388
4801990,-2.8349
4802543,-2.8311
4803096,-2.8272
4803649,-2.8233
4804202,-2.8194
4804755,-2.8156
4805308,-2.8117
4805862,-2.8078
4806415,-2.8039
4806968,-2.8000
4807522,-2.7962
4808075,-2.7923
4808629,-2.7884
4809182,-2.7845
4809736,-2.7806
4810290,-2.7767
4810844,-2.7728
4811398,-2.7689
4811952,-2.7650
4812506,-2.7611
4813060,-2.7572
4813614,-2.7533
4814168,-2.7494
4814722,-2.7455
4815277,-2.7416
4815831,-2.7377
4816386,-2.7338
4816940,-2.7299
4817495,-2.7260
4818049,-2.7221
4818604,-2.7182
4819159,-2.7143
4819714,-2.7103
4820269,-2.7064
4820824,-2.7025
4821379,-2.6986
4821934,-2.6947
4822489,-2.6907
4823044,-2.6868
4823600,-2.6829
4824155,-2.6789
4824710,-2.6750
4825266,-2.6711
4825822,-2.6672
4826377,-2.6632
4826933,-2.6593
4827489,-2.6553
4828044,-2.6514
4828600,-2.6475
4829156,-2.6435
4829712,-2.6396
4830268,-2.6356
4830824,-2.6317
4831381,-2.6277
4831937,-2.6238
4832493,-2.6198
4833050,-2.6159
4833606,-2.6119
4834163,-2.6080
4834719,-2.6040
4835276,-2.6000
4835833,-2.5961
4836389,-2.5921
4836946,-2.5882
4837503,-2.5842
4838060,-2.5802
4838617,-2.5763
4839174,-2.5723
4839731,-2.5683
4840289,-2.5643
4840846,-2.5604
4841403,-2.5564
4841961,-2.5524
4842518,-2.5484
4843076,-2.5444
4843633,-2.5405
4844191,-2.5365
4844749,-2.5325
4845307,-2.5285
4845864,-2.5245
4846422,-2.5205
4846980,-2.5165
4847538,-2.5125
4848096,-2.5085
4848655,-2.5045
4849213,-2.5005
4849771,-2.4965
4850330,-2.4925
4850888,-2.4885
4851447,-2.4845
4852005,-2.4805
4852564,-2.4765
4853123,-2.4725
4853681,-2.4685
4854240,-2.4645
4854799,-2.4605
4855358,-2.4565
4855917,-2.4524
4856476,-2.4484
4857035,-2.4444
4857594,-2.4404
4858154,-2.4364
4858713,-2.4323
4859273,-2.4283
4859832,-2.4243
4860392,-2.4202
4860951,-2.4162
4861511,-2.4122
4862071,-2.4081
4862630,-2.4041
4863190,-2.4001
4863750,-2.3960
4864310,-2.3920
4864870,-2.3879
4865430,-2.3839
4865990,-2.3799
4866551,-2.3758
4867111,-2.3718
4867671,-2.3677
4868232,-2.3637
4868792,-2.3596
4869353,-2.3555
4869914,-2.3515
4870474,-2.3474
4871035,-2.3434
4871596,-2.3393
4872157,-2.3352
4872718,-2.3312
4873279,-2.3271
4873840,-2.3230
4874401,-2.3190
4874962,-2.3149
4875524,-2.3108
4876085,-2.3068
4876646,-2.3027
4877208,-2.2986
4877769,-2.2945
4878331,-2.2904
4878893,-2.2864
4879454,-2.2823
4880016,-2.2782
4880578,-2.2741
4881140,-2.2700
4881702,-2.2659
4882264,-2.2618
4882826,-2.2577
4883388,-2.2536
4883951,-2.2495
4884513,-2.2454
4885075,-2.2413
4885638,-2.2372
4886200,-2.2331
4886763,-2.2290
4887325,-2.2249
4887888,-2.2208
4888451,-2.2167
4889014,-2.2126
4889577,-2.2085
4890140,-2.2044
4890703,-2.2003
4891266,-2.1961
4891829,-2.1920
4892392,-2.1879
4892955,-2.1838
4893519,-2.1796
4894082,-2.1755
4894646,-2.1714
4895209,-2.1673
4895773,-2.1631
4896336,-2.1590
4896900,-2.1549
4897464,-2.1507
4898028,-2.1466
4898592,-2.1425
4899156,-2.1383
4899720,-2.1342
4900284,-2.1300
4900848,-2.1259
4901413,-2.1217
4901977,-2.1176
4902541,-2.1134
4903106,-2.1093
4903670,-2.1051
4904235,-2.1010
4904799,-2.0968
4905364,-2.0927
4905929,-2.0885
4906494,-2.0843
4907059,-2.0802
4907624,-2.0760
4908189,-2.0718
4908754,-2.0677
4909319,-2.0635
4909884,-2.0593
4910450,-2.0551
4911015,-2.0510
4911580,-2.0468
4912146,-2.0426
4912711,-2.0384
4913277,-2.0342
4913843,-2.0301
4914409,-2.0259
4914974,-2.0217
4915540,-2.0175
4916106,-2.0133
4916672,-2.0091
4917238,-2.0049
4917804,-2.0007
4918371,-1.9965
4918937,-1.9923
4919503,-1.9881
4920070,-1.9839
4920636,-1.9797
4921203,-1.9755
4921769,-1.9713
4922336,-1.9671
4922903,-1.9629
4923470,-1.9587
4924036,-1.9545
4924603,-1.9503
4925170,-1.9460
4925737,-1.9418
4926305,-1.9376
4926872,-1.9334
4927439,-1.9291
4928006,-1.9249
4928574,-1.9207
4929141,-1.9165
4929709,-1.9122
4930276,-1.9080
4930844,-1.9038
4931412,-1.8995
4931979,-1.8953
4932547,-1.8911
4933115,-1.8868
4933683,-1.8826
4934251,-1.8783
4934819,-1.8741
4935387,-1.8698
4935956,-1.8656
4936524,-1.8613
4937092,-1.8571
4937661,-1.8528
4938229,-1.8486
4938798,-1.8443
4939367,-1.8400
4939935,-1.8358
4940504,-1.8315
4941073,-1.8273
4941642,-1.8230
4942211,-1.8187
4942780,-1.8144
4943349,-1.8102
4943918,-1.8059
4944487,-1.8016
4945056,-1.7973
4945626,-1.7931
4946195,-1.7888
4946765,-1.7845
4947334,-1.7802
4947904,-1.7759
4948474,-1.7716
4949043,-1.7674
4949613,-1.7631
4950183,-1.7588
4950753,-1.7545
4951323,-1.7502
4951893,-1.7459
4952463,-1.7416
4953033,-1.7373
4953604,-1.7330
4954174,-1.7287
4954744,-1.7244
4955315,-1.7201
4955885,-1.7158
4956456,-1.7114
4957027,-1.7071
4957597,-1.7028
4958168,-1.6985
4958739,-1.6942
4959310,-1.6899
4959881,-1.6855
4960452,-1.6812
4961023,-1.6769
4961594,-1.6726
4962166,-1.6682
4962737,-1.6639
4963308,-1.6596
4963880,-1.6552
4964451,-1.6509
4965023,-1.6466
4965595,-1.6422
4966166,-1.6379
4966738,-1.6335
4967310,-1.6292
4967882,-1.6248
4968454,-1.6205
4969026,-1.6161
4969598,-1.6118
4970170,-1.6074
4970742,-1.6031
4971315,-1.5987
4971887,-1.5944
4972460,-1.5900
4973032,-1.5856
4973605,-1.5813
4974177,-1.5769
4974750,-1.5725
4975323,-1.5682
4975896,-1.5638
4976468,-1.5594
4977041,-1.5550
4977614,-1.5507
4978188,-1.5463
4978761,-1.5419
4979334,-1.5375
4979907,-1.5331
4980481,-1.5288
4981054,-1.5244
4981628,-1.5200
4982201,-1.5156
4982775,-1.5112
4983348,-1.5068
4983922,-1.5024
4984496,-1.4980
4985070,-1.4936
4985644,-1.4892
4986218,-1.4848
4986792,-1.4804
4987366,-1.4760
4987940,-1.4716
4988515,-1.4672
4989089,-1.4628
4989663,-1.4583
4990238,-1.4539
4990813,-1.4495
4991387,-1.4451
4991962,-1.4407
4992537,-1.4362
4993111,-1.4318
4993686,-1.4274
4994261,-1.4230
4994836,-1.4185
4995411,-1.4141
4995986,-1.4097
4996562,-1.4052
4997137,-1.4008
4997712,-1.3963
4998288,-1.3919
4998863,-1.3875
4999439,-1.3830
5000014,-1.3786
5000590,-1.3741
5001166,-1.3697
5001742,-1.3652
5002318,-1.3608
5002893,-1.3563
5003469,-1.3518
5004046,-1.3474
5004622,-1.3429
5005198,-1.3385
5005774,-1.3340
5006351,-1.3295
5006927,-1.3251
5007503,-1.3206
5008080,-1.3161
5008657,-1.3116
5009233,-1.3072
5009810,-1.3027
5010387,-1.2982
5010964,-1.2937
5011541,-1.2892
5012118,-1.2848
5012695,-1.2803
5013272,-1.2758
5013849,-1.2713
5014426,-1.2668
5015004,-1.2623
5015581,-1.2578
5016159,-1.2533
5016736,-1.2488
5017314,-1.2443
5017891,-1.2398
5018469,-1.2353
5019047,-1.2308
5019625,-1.2263
5020203,-1.2218
5020781,-1.2172
5021359,-1.2127
5021937,-1.2082
5022515,-1.2037
5023093,-1.1992
5023672,-1.1947
5024250,-1.1901
5024829,-1.1856
5025407,-1.1811
5025986,-1.1765
5026564,-1.1720
5027143,-1.1675
5027722,-1.1629
5028301,-1.1584
5028880,-1.1539
5029459,-1.1493
5030038,-1.1448
5030617,-1.1402
5031196,-1.1357
5031775,-1.1311
5032355,-1.1266
5032934,-1.1220
5033514,-1.1175
5034093,-1.1129
5034673,-1.1084
5035253,-1.1038
5035832,-1.0992
5036412,-1.0947
5036992,-1.0901
5037572,-1.0855
5038152,-1.0810
5038732,-1.0764
5039312,-1.0718
5039892,-1.0672
5040473,-1.0627
5041053,-1.0581
5041633,-1.0535
5042214,-1.0489
5042794,-1.0443
5043375,-1.0398
5043956,-1.0352
5044536,-1.0306
5045117,-1.0260
5045698,-1.0214
5046279,-1.0168
5046860,-1.0122
5047441,-1.0076
5048022,-1.0030
5048603,-0.9984
5049185,-0.9938
5049766,-0.9892
5050347,-0.9846
5050929,-0.9799
5051510,-0.9753
5052092,-0.9707
5052674,-0.9661
5053255,-0.9615
5053837,-0.9569
5054419,-0.9522
5055001,-0.9476
5055583,-0.9430
5056165,-0.9383
5056747,-0.9337
5057330,-0.9291
5057912,-0.9244
5058494,-0.9198
5059077,-0.9152
5059659,-0.9105
5060242,-0.9059
5060824,-0.9012
5061407,-0.8966
5061990,-0.8919
5062572,-0.8873
5063155,-0.8826
5063738,-0.8780
5064321,-0.8733
5064904,-0.8687
5065488,-0.8640
5066071,-0.8594
5066654,-0.8547
5067237,-0.8500
5067821,-0.8454
5068404,-0.8407
5068988,-0.8360
5069572,-0.8313
5070155,-0.8267
5070739,-0.8220
5071323,-0.8173
5071907,-0.8126
5072491,-0.8079
5073075,-0.8032
5073659,-0.7986
5074243,-0.7939
5074827,-0.7892
5075411,-0.7845
5075996,-0.7798
5076580,-0.7751
5077165,-0.7704
5077749,-0.7657
5078334,-0.7610
5078919,-0.7563
5079503,-0.7516
5080088,-0.7469
5080673,-0.7421
5081258,-0.7374
5081843,-0.7327
5082428,-0.7280
5083013,-0.7233
5083599,-0.7186
5084184,-0.7138
5084769,-0.7091
5085355,-0.7044
5085940,-0.6996
5086526,-0.6949
5087111,-0.6902
5087697,-0.6854
5088283,-0.6807
5088869,-0.6760
5089455,-0.6712
5090041,-0.6665
5090627,-0.6617
5091213,-0.6570
5091799,-0.6522
5092385,-0.6475
5092972,-0.6427
5093558,-0.6380
5094144,-0.6332
5094731,-0.6285
5095318,-0.6237
5095904,-0.6189
5096491,-0.6142
5097078,-0.6094
5097665,-0.6046
5098251,-0.5999
5098838,-0.5951
5099426,-0.5903
5100013,-0.5855
5100600,-0.5807
5101187,-0.5760
5101774,-0.5712
5102362,-0.5664
5102949,-0.5616
5103537,-0.5568
5104124,-0.5520
5104712,-0.5472
5105300,-0.5424
5105888,-0.5376
5106476,-0.5328
5107063,-0.5280
5107651,-0.5232
5108240,-0.5184
5108828,-0.5136
5109416,-0.5088
5110004,-0.5040
5110593,-0.4992
5111181,-0.4943
5111769,-0.4895
5112358,-0.4847
5112947,-0.4799
5113535,-0.4751
5114124,-0.4702
5114713,-0.4654
5115302,-0.4606
5115891,-0.4557
5116480,-0.4509
5117069,-0.4461
5117658,-0.4412
5118247,-0.4364
5118836,-0.4315
5119426,-0.4267
5120015,-0.4218
5120605,-0.4170
5121194,-0.4121
5121784,-0.4073
5122374,-0.4024
5122963,-0.3976
5123553,-0.3927
5124143,-0.3878
5124733,-0.3830
5125323,-0.3781
5125913,-0.3732
5126503,-0.3684
5127094,-0.3635
5127684,-0.3586
5128274,-0.3537
5128865,-0.3489
5129455,-0.3440
5130046,-0.3391
5130637,-0.3342
5131227,-0.3293
5131818,-0.3244
5132409,-0.3195
5133000,-0.3146
5133591,-0.3098
5134182,-0.3049
5134773,-0.3000
5135364,-0.2951
5135956,-0.2901
5136547,-0.2852
5137138,-0.2803
5137730,-0.2754
5138321,-0.2705
5138913,-0.2656
5139505,-0.2607
5140096,-0.2558
5140688,-0.2508
5141280,-0.2459
5141872,-0.2410
5142464,-0.2361
5143056,-0.2311
5143648,-0.2262
5144240,-0.2213
5144833,-0.2163
5145425,-0.2114
5146017,-0.2064
5146610,-0.2015
5147203,-0.1965
5147795,-0.1916
5148388,-0.1866
5148981,-0.1817
5149573,-0.1767
5150166,-0.1718
5150759,-0.1668
5151352,-0.1619
5151945,-0.1569
5152539,-0.1519
5153132,-0.1470
5153725,-0.1420
5154319,-0.1370
5154912,-0.1321
5155506,-0.1271
5156099,-0.1221
5156693,-0.1171
5157286,-0.1121
5157880,-0.1072
5158474,-0.1022
5159068,-0.0972
5159662,-0.0922
5160256,-0.0872
5160850,-0.0822
5161444,-0.0772
5162039,-0.0722
5162633,-0.0672
5163227,-0.0622
5163822,-0.0572
5164416,-0.0522
5165011,-0.0472
5165606,-0.0422
5166200,-0.0372
5166795,-0.0321
5167390,-0.0271
5167985,-0.0221
5168580,-0.0171
5169175,-0.0120
5169770,-0.0070
5170366,-0.0020
5170961,0.0030
5171556,0.0081
5172152,0.0131
5172747,0.0182
5173343,0.0232
5173938,0.0282
5174534,0.0333
5175130,0.0383
5175726,0.0434
5176322,0.0484
5176918,0.0535
5177514,0.0586
5178110,0.0636
5178706,0.0687
5179302,0.0737
5179899,0.0788
5180495,0.0839
5181091,0.0889
5181688,0.0940
5182285,0.0991
5182881,0.1042
5183478,0.1092
5184075,0.1143
5184672,0.1194
5185269,0.1245
5185866,0.1296
5186463,0.1347
5187060,0.1398
5187657,0.1449
5188254,0.1500
5188852,0.1551
5189449,0.1602
5190047,0.1653
5190644,0.1704
5191242,0.1755
5191839,0.1806
5192437,0.1857
5193035,0.1908
5193633,0.1959
5194231,0.2011
5194829,0.2062
5195427,0.2113
5196025,0.2164
5196624,0.2216
5197222,0.2267
5197820,0.2318
5198419,0.2370
5199017,0.2421
5199616,0.2472
5200214,0.2524
5200813,0.2575
5201412,0.2627
5202011,0.2678
5202610,0.2730
5203209,0.2781
5203808,0.2833
5204407,0.2884
5205006,0.2936
5205606,0.2988
5206205,0.3039
5206804,0.3091
5207404,0.3143
5208003,0.3194
5208603,0.3246
5209203,0.3298
5209802,0.3350
5210402,0.3401
5211002,0.3453
5211602,0.3505
5212202,0.3557
5212802,0.3609
5213402,0.3661
5214003,0.3713
5214603,0.3765
5215203,0.3817
5215804,0.3869
5216404,0.3921
5217005,0.3973
5217606,0.4025
5218206,0.4077
5218807,0.4129
5219408,0.4181
5220009,0.4234
5220610,0.4286
5221211,0.4338
5221812,0.4390
5222413,0.4443
5223015,0.4495
5223616,0.4547
5224218,0.4600
5224819,0.4652
5225421,0.4704
5226022,0.4757
5226624,0.4809
5227226,0.4862
5227828,0.4914
5228429,0.4967
5229031,0.5019
5229634,0.5072
5230236,0.5124
5230838,0.5177
5231440,0.5230
5232042,0.5282
5232645,0.5335
5233247,0.5388
5233850,0.5440
5234452,0.5493
5235055,0.5546
5235658,0.5599
5236261,0.5651
5236864,0.5704
5237466,0.5757
5238069,0.5810
5238673,0.5863
5239276,0.5916
5239879,0.5969
5240482,0.6022
5241086,0.6075
5241689,0.6128
5242293,0.6181
5242896,0.6234
5243500,0.6287
5244104,0.6340
5244707,0.6394
5245311,0.6447
5245915,0.6500
5246519,0.6553
5247123,0.6606
5247727,0.6660
5248331,0.6713
5248936,0.6766
5249540,0.6820
5250144,0.6873
5250749,0.6926
5251354,0.6980
5251958,0.7033
5252563,0.7087
5253168,0.7140
5253772,0.7194
5254377,0.7247
5254982,0.7301
5255587,0.7354
5256192,0.7408
5256798,0.7462
5257403,0.7515
5258008,0.7569
5258614,0.7623
5259219,0.7677
5259825,0.7730
5260430,0.7784
5261036,0.7838
5261642,0.7892
5262247,0.7946
5262853,0.8000
5263459,0.8053
5264065,0.8107
5264671,0.8161
5265277,0.8215
5265884,0.8269
5266490,0.8323
5267096,0.8377
5267703,0.8431
5268309,0.8486
5268916,0.8540
5269522,0.8594
5270129,0.8648
5270736,0.8702
5271343,0.8757
5271950,0.8811
5272557,0.8865
5273164,0.8919
5273771,0.8974
5274378,0.9028
5274985,0.9082
5275593,0.9137
5276200,0.9191
5276808,0.9246
5277415,0.9300
5278023,0.9355
5278630,0.9409
5279238,0.9464
5279846,0.9518
5280454,0.9573
5281062,0.9628
5281670,0.9682
5282278,0.9737
5282886,0.9792
5283494,0.9846
5284103,0.9901
5284711,0.9956
5285320,1.0011
5285928,1.0066
5286537,1.0120
5287145,1.0175
5287754,1.0230
5288363,1.0285
5288972,1.0340
5289581,1.0395
5290190,1.0450
5290799,1.0505
5291408,1.0560
5292017,1.0615
5292627,1.0670
5293236,1.0726
5293845,1.0781
5294455,1.0836
5295065,1.0891
5295674,1.0946
5296284,1.1002
5296894,1.1057
5297504,1.1112
5298113,1.1168
5298723,1.1223
5299334,1.1278
5299944,1.1334
5300554,1.1389
5301164,1.1445
5301775,1.1500
5302385,1.1556
5302995,1.1611
5303606,1.1667
5304217,1.1722
5304827,1.1778
5305438,1.1834
5306049,1.1889
5306660,1.1945
5307271,1.2001
5307882,1.2057
5308493,1.2112
5309104,1.2168
5309716,1.2224
5310327,1.2280
5310938,1.2336
5311550,1.2392
5312161,1.2448
5312773,1.2504
5313385,1.2560
5313996,1.2616
5314608,1.2672
5315220,1.2728
5315832,1.2784
5316444,1.2840
5317056,1.2896
5317668,1.2952
5318281,1.3008
5318893,1.3065
5319505,1.3121
5320118,1.3177
5320730,1.3234
5321343,1.3290
5321956,1.3346
5322568,1.3403
5323181,1.3459
5323794,1.3516
5324407,1.3572
5325020,1.3628
5325633,1.3685
5326246,1.3742
5326860,1.3798
5327473,1.3855
5328086,1.3911
5328700,1.3968
5329313,1.4025
5329927,1.4081
5330541,1.4138
5331154,1.4195
5331768,1.4252
5332382,1.4308
5332996,1.4365
5333610,1.4422
5334224,1.4479
5334838,1.4536
5335452,1.4593
5336067,1.4650
5336681,1.4707
5337296,1.4764
5337910,1.4821
5338525,1.4878
5339139,1.4935
5339754,1.4992
5340369,1.5049
5340984,1.5107
5341599,1.5164
5342214,1.5221
5342829,1.5278
5343444,1.5336
5344059,1.5393
5344674,1.5450
5345290,1.5508
5345905,1.5565
5346521,1.5623
5347136,1.5680
5347752,1.5738
5348368,1.5795
5348983,1.5853
5349599,1.5910
5350215,1.5968
5350831,1.6025
5351447,1.6083
5352063,1.6141
5352680,1.6198
5353296,1.6256
5353912,1.6314
5354529,1.6372
5355145,1.6430
5355762,1.6487
5356378,1.6545
5356995,1.6603
5357612,1.6661
5358229,1.6719
5358846,1.6777
5359463,1.6835
5360080,1.6893
5360697,1.6951
5361314,1.7009
5361931,1.7067
5362549,1.7125
5363166,1.7184
5363784,1.7242
5364401,1.7300
5365019,1.7358
5365637,1.7417
5366254,1.7475
5366872,1.7533
5367490,1.7592
5368108,1.7650
5368726,1.7709
5369344,1.7767
5369963,1.7825
5370581,1.7884
5371199,1.7943
5371818,1.8001
5372436,1.8060
5373055,1.8118
5373673,1.8177
5374292,1.8236
5374911,1.8294
5375530,1.8353
5376148,1.8412
5376767,1.8471
5377387,1.8529
5378006,1.8588
5378625,1.8647
5379244,1.8706
5379863,1.8765
5380483,1.8824
5381102,1.8883
5381722,1.8942
5382342,1.9001
5382961,1.9060
5383581,1.9119
5384201,1.9178
5384821,1.9238
5385441,1.9297
5386061,1.9356
5386681,1.9415
5387301,1.9475
5387921,1.9534
5388542,1.9593
5389162,1.9653
5389783,1.9712
5390403,1.9771
5391024,1.9831
5391645,1.9890
5392265,1.9950
5392886,2.0009
5393507,2.0069
5394128,2.0129
5394749,2.0188
5395370,2.0248
5395991,2.0308
5396613,2.0367
5397234,2.0427
5397856,2.0487
5398477,2.0547
5399099,2.0606
5399720,2.0666
5400342,2.0726
5400964,2.0786
5401585,2.0846
5402207,2.0906
5402829,2.0966
5403451,2.1026
5404074,2.1086
5404696,2.1146
5405318,2.1206
5405940,2.1266
5406563,2.1327
5407185,2.1387
5407808,2.1447
5408431,2.1507
5409053,2.1568
5409676,2.1628
5410299,2.1688
5410922,2.1749
5411545,2.1809
5412168,2.1870
5412791,2.1930
5413414,2.1991
5414037,2.2051
5414661,2.2112
5415284,2.2172
5415908,2.2233
5416531,2.2294
5417155,2.2354
5417779,2.2415
5418402,2.2476
5419026,2.2537
5419650,2.2597
5420274,2.2658
5420898,2.2719
5421522,2.2780
5422147,2.2841
5422771,2.2902
5423395,2.2963
5424020,2.3024
5424644,2.3085
5425269,2.3146
5425893,2.3207
5426518,2.3268
5427143,2.3329
5427768,2.3391
5428393,2.3452
5429018,2.3513
5429643,2.3574
5430268,2.3636
5430893,2.3697
5431518,2.3758
5432144,2.3820
5432769,2.3881
5433395,2.3943
5434020,2.4004
5434646,2.4066
5435272,2.4127
5435897,2.4189
5436523,2.4251
5437149,2.4312
5437775,2.4374
5438401,2.4436
5439028,2.4497
5439654,2.4559
5440280,2.4621
5440906,2.4683
5441533,2.4745
5442159,2.4807
5442786,2.4868
5443413,2.4930
5444039,2.4992
5444666,2.5054
5445293,2.5117
5445920,2.5179
5446547,2.5241
5447174,2.5303
5447801,2.5365
5448428,2.5427
5449056,2.5489
5449683,2.5552
5450311,2.5614
5450938,2.5676
5451566,2.5739
5452193,2.5801
5452821,2.5864
5453449,2.5926
5454077,2.5989
5454705,2.6051
5455333,2.6114
5455961,2.6176
5456589,2.6239
5457217,2.6301
5457846,2.6364
5458474,2.6427
5459103,2.6490
5459731,2.6552
5460360,2.6615
5460988,2.6678
5461617,2.6741
5462246,2.6804
5462875,2.6867
5463504,2.6930
5464133,2.6993
5464762,2.7056
5465391,2.7119
5466020,2.7182
5466650,2.7245
5467279,2.7308
5467909,2.7371
5468538,2.7435
5469168,2.7498
5469798,2.7561
5470427,2.7624
5471057,2.7688
5471687,2.7751
5472317,2.7815
5472947,2.7878
5473577,2.7942
5474207,2.8005
5474838,2.8069
5475468,2.8132
5476099,2.8196
5476729,2.8259
5477360,2.8323
5477990,2.8387
5478621,2.8451
5479252,2.8514
5479883,2.8578
5480514,2.8642
5481145,2.8706
5481776,2.8770
5482407,2.8834
5483038,2.8898
5483669,2.8962
5484301,2.9026
5484932,2.9090
5485564,2.9154
5486195,2.9218
5486827,2.9282
5487459,2.9346
5488090,2.9410
5488722,2.9475
5489354,2.9539
5489986,2.9603
5490618,2.9668
5491250,2.9732
5491883,2.9796
5492515,2.9861
5493147,2.9925
5493780,2.9990
5494412,3.0055
5495045,3.0119
5495678,3.0184
5496310,3.0248
5496943,3.0313
5497576,3.0378
5498209,3.0443
5498842,3.0507
5499475,3.0572
5500108,3.0637
5500742,3.0702
5501375,3.0767
5502008,3.0832
5502642,3.0897
5503276,3.0962
5503909,3.1027
5504543,3.1092
5505177,3.1157
5505810,3.1222
5506444,3.1287
5507078,3.1353
5507712,3.1418
5508347,3.1483
5508981,3.1548
5509615,3.1614
5510249,3.1679
5510884,3.1745
5511518,3.1810
5512153,3.1876
5512788,3.1941
5513422,3.2007
5514057,3.2072
5514692,3.2138
5515327,3.2204
5515962,3.2269
5516597,3.2335
5517232,3.2401
5517867,3.2467
5518503,3.2532
5519138,3.2598
5519773,3.2664
5520409,3.2730
5521045,3.2796
5521680,3.2862
5522316,3.2928
5522952,3.2994
5523588,3.3060
5524224,3.3126
5524860,3.3193
5525496,3.3259
5526132,3.3325
5526768,3.3391
5527405,3.3458
5528041,3.3524
5528677,3.3590
5529314,3.3657
5529951,3.3723
5530587,3.3790
5531224,3.3856
5531861,3.3923
5532498,3.3990
5533135,3.4056
5533772,3.4123
5534409,3.4189
5535046,3.4256
5535684,3.4323
5536321,3.4390
5536958,3.4457
5537596,3.4524
5538233,3.4590
5538871,3.4657
5539509,3.4724
5540147,3.4791
5540784,3.4858
5541422,3.4926
5542060,3.4993
5542698,3.5060
5543337,3.5127
5543975,3.5194
5544613,3.5261
5545252,3.5329
5545890,3.5396
5546529,3.5463
5547167,3.5531
5547806,3.5598
5548445,3.5666
5549083,3.5733
5549722,3.5801
5550361,3.5868
5551000,3.5936
5551639,3.6004
5552279,3.6071
5552918,3.6139
5553557,3.6207
5554197,3.6275
5554836,3.6343
5555476,3.6410
5556115,3.6478
5556755,3.6546
5557395,3.6614
5558035,3.6682
5558675,3.6750
5559315,3.6818
5559955,3.6887
5560595,3.6955
5561235,3.7023
5561875,3.7091
5562516,3.7159
5563156,3.7228
5563797,3.7296
5564437,3.7364
5565078,3.7433
5565719,3.7501
5566360,3.7570
5567000,3.7638
5567641,3.7707
5568282,3.7775
5568924,3.7844
5569565,3.7913
5570206,3.7982
5570847,3.8050
5571489,3.8119
5572130,3.8188
5572772,3.8257
5573413,3.8326
5574055,3.8395
5574697,3.8464
5575339,3.8533
5575981,3.8602
5576623,3.8671
5577265,3.8740
5577907,3.8809
5578549,3.8878
5579191,3.8947
5579834,3.9017
5580476,3.9086
5581119,3.9155
5581761,3.9225
5582404,3.9294
5583047,3.9363
5583689,3.9433
5584332,3.9503
5584975,3.9572
5585618,3.9642
5586261,3.9711
5586905,3.9781
5587548,3.9851
5588191,3.9920
5588835,3.9990
5589478,4.0060
5590122,4.0130
5590765,4.0200
5591409,4.0270
5592053,4.0340
5592697,4.0410
5593340,4.0480
5593984,4.0550
5594629,4.0620
5595273,4.0690
5595917,4.0760
5596561,4.0831
5597206,4.0901
5597850,4.0971
5598494,4.1042
5599139,4.1112
5599784,4.1183
5600428,4.1253
5601073,4.1324
5601718,4.1394
5602363,4.1465
5603008,4.1535
5603653,4.1606
5604298,4.1677
5604944,4.1747
5605589,4.1818
5606234,4.1889
5606880,4.1960
5607525,4.2031
5608171,4.2102
5608817,4.2173
5609463,4.2244
5610108,4.2315
5610754,4.2386
5611400,4.2457
5612046,4.2528
5612693,4.2599
5613339,4.2671
5613985,4.2742
5614631,4.2813
5615278,4.2885
5615924,4.2956
5616571,4.3028
5617218,4.3099
5617864,4.3171
5618511,4.3242
5619158,4.3314
5619805,4.3385
5620452,4.3457
5621099,4.3529
5621746,4.3601
5622394,4.3672
5623041,4.3744
5623688,4.3816
5624336,4.3888
5624984,4.3960
5625631,4.4032
5626279,4.4104
5626927,4.4176
5627575,4.4248
5628222,4.4320
5628870,4.4393
5629519,4.4465
5630167,4.4537
5630815,4.4610
5631463,4.4682
5632112,4.4754
5632760,4.4827
5633409,4.4899
5634057,4.4972
5634706,4.5044
5635355,4.5117
5636004,4.5190
5636652,4.5262
5637301,4.5335
5637950,4.5408
5638600,4.5481
5639249,4.5553
5639898,4.5626
5640547,4.5699
5641197,4.5772
5641846,4.5845
5642496,4.5918
5643146,4.5991
5643795,4.6065
5644445,4.6138
5645095,4.6211
5645745,4.6284
5646395,4.6357
5647045,4.6431
5647695,4.6504
5648346,4.6578
5648996,4.6651
5649646,4.6725
5650297,4.6798
5650947,4.6872
5651598,4.6945
5652249,4.7019
5652899,4.7093
5653550,4.7167
5654201,4.7240
5654852,4.7314
5655503,4.7388
5656154,4.7462
5656806,4.7536
5657457,4.7610
5658108,4.7684
5658760,4.7758
5659411,4.7832
5660063,4.7906
5660715,4.7981
5661366,4.8055
5662018,4.8129
5662670,4.8203
5663322,4.8278
5663974,4.8352
5664626,4.8427
5665278,4.8501
5665931,4.8576
5666583,4.8650
5667235,4.8725
5667888,4.8800
5668541,4.8874
5669193,4.8949
5669846,4.9024
5670499,4.9099
5671152,4.9174
5671805,4.9249
5672458,4.9324
5673111,4.9399
5673764,4.9474
5674417,4.9549
5675070,4.9624
5675724,4.9699
5676377,4.9774
5677031,4.9850
5677684,4.9925
5678338,5.0000
5678992,5.0076
5679646,5.0151
5680300,5.0227
5680954,5.0302
5681608,5.0378
5682262,5.0454
5682916,5.0529
5683571,5.0605
5684225,5.0681
5684879,5.0757
5685534,5.0832
5686189,5.0908
5686843,5.0984
5687498,5.1060
5688153,5.1136
5688808,5.1212
5689463,5.1288
5690118,5.1364
5690773,5.1441
5691428,5.1517
5692083,5.1593
5692739,5.1670
5693394,5.1746
5694050,5.1822
5694705,5.1899
5695361,5.1975
5696017,5.2052
5696673,5.2128
5697328,5.2205
5697984,5.2282
5698640,5.2358
5699297,5.2435
5699953,5.2512
5700609,5.2589
5701265,5.2666
5701922,5.2743
5702578,5.2820
5703235,5.2897
5703891,5.2974
5704548,5.3051
5705205,5.3128
5705862,5.3205
5706519,5.3283
5707176,5.3360
5707833,5.3437
5708490,5.3515
5709147,5.3592
5709805,5.3670
5710462,5.3747
5711120,5.3825
5711777,5.3902
5712435,5.3980
5713092,5.4058
5713750,5.4136
5714408,5.4213
5715066,5.4291
5715724,5.4369
5716382,5.4447
5717040,5.4525
5717699,5.4603
5718357,5.4681
5719015,5.4759
5719674,5.4837
5720332,5.4916
5720991,5.4994
5721650,5.5072
5722308,5.5151
5722967,5.5229
5723626,5.5307
5724285,5.5386
5724944,5.5464
5725603,5.5543
5726263,5.5622
5726922,5.5700
5727581,5.5779
5728241,5.5858
5728900,5.5937
5729560,5.6016
5730219,5.6094
5730879,5.6173
5731539,5.6252
5732199,5.6331
5732859,5.6411
5733519,5.6490
5734179,5.6569
5734839,5.6648
5735500,5.6727
5736160,5.6807
5736820,5.6886
5737481,5.6966
5738142,5.7045
5738802,5.7125
5739463,5.7204
5740124,5.7284
5740785,5.7364
5741446,5.7443
5742107,5.7523
5742768,5.7603
5743429,5.7683
5744090,5.7763
5744752,5.7843
5745413,5.7923
5746075,5.8003
5746736,5.8083
5747398,5.8163
5748059,5.8243
5748721,5.8323
5749383,5.8404
5750045,5.8484
5750707,5.8564
5751369,5.8645
5752031,5.8725
5752694,5.8806
5753356,5.8886
5754019,5.8967
5754681,5.9048
5755344,5.9128
5756006,5.9209
5756669,5.9290
5757332,5.9371
5757995,5.9452
5758658,5.9533
5759321,5.9614
5759984,5.9695
5760647,5.9776
5761310,5.9857
5761973,5.9938
5762637,6.0020
5763300,6.0101
5763964,6.0182
5764628,6.0264
5765291,6.0345
5765955,6.0427
5766619,6.0508
5767283,6.0590
5767947,6.0671
5768611,6.0753
5769275,6.0835
5769939,6.0917
5770604,6.0999
5771268,6.1081
5771933,6.1163
5772597,6.1245
5773262,6.1327
5773927,6.1409
5774591,6.1491
5775256,6.1573
5775921,6.1655
5776586,6.1738
5777251,6.1820
5777916,6.1902
5778582,6.1985
5779247,6.2067
5779912,6.2150
5780578,6.2233
5781243,6.2315
5781909,6.2398
5782575,6.2481
5783241,6.2564
5783906,6.2646
5784572,6.2729
5785238,6.2812
5785904,6.2895
5786571,6.2978
5787237,6.3061
5787903,6.3145
5788570,6.3228
5789236,6.3311
5789903,6.3395
5790569,6.3478
5791236,6.3561
5791903,6.3645
5792570,6.3728
5793236,6.3812
5793903,6.3896
5794571,6.3979
5795238,6.4063
5795905,6.4147
5796572,6.4231
5797240,6.4315
5797907,6.4398
5798575,6.4482
5799242,6.4567
5799910,6.4651
5800578,6.4735
5801246,6.4819
5801914,6.4903
5802582,6.4988
5803250,6.5072
5803918,6.5156
5804586,6.5241
5805254,6.5325
5805923,6.5410
5806591,6.5495
5807260,6.5579
5807928,6.5664
5808597,6.5749
5809266,6.5834
5809935,6.5919
5810604,6.6004
5811273,6.6089
5811942,6.6174
5812611,6.6259
5813280,6.6344
5813949,6.6429
5814619,6.6514
5815288,6.6600
5815958,6.6685
5816628,6.6770
5817297,6.6856
5817967,6.6942
5818637,6.7027
5819307,6.7113
5819977,6.7198
5820647,6.7284
5821317,6.7370
5821987,6.7456
5822658,6.7542
5823328,6.7628
5823999,6.7714
5824669,6.7800
5825340,6.7886
5826010,6.7972
5826681,6.8058
5827352,6.8145
5828023,6.8231
5828694,6.8318
5829365,6.8404
5830036,6.8491
5830707,6.8577
5831379,6.8664
5832050,6.8750
5832722,6.8837
5833393,6.8924
5834065,6.9011
5834737,6.9098
5835408,6.9185
5836080,6.9272
5836752,6.9359
5837424,6.9446
5838096,6.9533
5838768,6.9620
5839441,6.9708
5840113,6.9795
5840785,6.9882
5841458,6.9970
5842131,7.0057
5842803,7.0145
5843476,7.0233
5844149,7.0320
5844822,7.0408
5845494,7.0496
5846168,7.0584
5846841,7.0672
5847514,7.0760
5848187,7.0848
5848860,7.0936
5849534,7.1024
5850207,7.1112
5850881,7.1200
5851555,7.1289
5852228,7.1377
5852902,7.1465
5853576,7.1554
5854250,7.1642
5854924,7.1731
5855598,7.1820
5856272,7.1908
5856946,7.1997
5857621,7.2086
5858295,7.2175
5858970,7.2264
5859644,7.2353
5860319,7.2442
5860994,7.2531
5861669,7.2620
5862343,7.2709
5863018,7.2799
5863693,7.2888
5864369,7.2977
5865044,7.3067
5865719,7.3156
5866394,7.3246
5867070,7.3336
5867745,7.3425
5868421,7.3515
5869097,7.3605
5869772,7.3695
5870448,7.3785
5871124,7.3875
5871800,7.3965
5872476,7.4055
5873152,7.4145
5873828,7.4235
5874505,7.4325
5875181,7.4416
5875857,7.4506
5876534,7.4597
5877211,7.4687
5877887,7.4778
5878564,7.4868
5879241,7.4959
5879918,7.5050
5880595,7.5141
5881272,7.5232
5881949,7.5323
5882626,7.5414
5883304,7.5505
5883981,7.5596
5884658,7.5687
5885336,7.5778
5886014,7.5869
5886691,7.5961
5887369,7.6052
5888047,7.6144
5888725,7.6235
5889403,7.6327
5890081,7.6419
5890759,7.6510
5891437,7.6602
5892116,7.6694
5892794,7.6786
5893472,7.6878
5894151,7.6970
5894830,7.7062
5895508,7.7154
5896187,7.7246
5896866,7.7339
5897545,7.7431
5898224,7.7523
5898903,7.7616
5899582,7.7708
5900261,7.7801
5900941,7.7894
5901620,7.7986
5902300,7.8079
5902979,7.8172
5903659,7.8265
5904339,7.8358
5905018,7.8451
5905698,7.8544
5906378,7.8637
5907058,7.8730
5907738,7.8824
5908419,7.8917
5909099,7.9010
5909779,7.9104
5910460,7.9197
5911140,7.9291
5911821,7.9385
5912501,7.9478
5913182,7.9572
5913863,7.9666
5914544,7.9760
5915225,7.9854
5915906,7.9948
5916587,8.0042
5917268,8.0136
5917949,8.0230
5918631,8.0325
5919312,8.0419
5919994,8.0513
5920675,8.0608
5921357,8.0702
5922039,8.0797
5922721,8.0892
5923403,8.0987
5924085,8.1081
5924767,8.1176
5925449,8.1271
5926131,8.1366
5926813,8.1461
5927496,8.1556
5928178,8.1652
5928861,8.1747
5929543,8.1842
5930226,8.1938
5930909,8.2033
5931592,8.2129
5932275,8.2224
5932958,8.2320
5933641,8.2415
5934324,8.2511
5935007,8.2607
5935691,8.2703
5936374,8.2799
5937057,8.2895
5937741,8.2991
5938425,8.3087
5939108,8.3184
5939792,8.3280
5940476,8.3376
5941160,8.3473
5941844,8.3569
5942528,8.3666
5943212,8.3763
5943897,8.3859
5944581,8.3956
5945266,8.4053
5945950,8.4150
5946635,8.4247
5947319,8.4344
5948004,8.4441
5948689,8.4538
5949374,8.4635
5950059,8.4733
5950744,8.4830
5951429,8.4928
5952114,8.5025
5952799,8.5123
5953485,8.5220
5954170,8.5318
5954856,8.5416
5955541,8.5514
5956227,8.5612
5956913,8.5710
5957599,8.5808
5958285,8.5906
5958971,8.6004
5959657,8.6102
5960343,8.6201
5961029,8.6299
5961716,8.6398
5962402,8.6496
5963088,8.6595
5963775,8.6694
5964462,8.6792
5965148,8.6891
5965835,8.6990
5966522,8.7089
5967209,8.7188
5967896,8.7287
5968583,8.7386
5969270,8.7486
5969958,8.7585
5970645,8.7684
5971333,8.7784
5972020,8.7883
5972708,8.7983
5973395,8.8083
5974083,8.8183
5974771,8.8282
5975459,8.8382
5976147,8.8482
5976835,8.8582
5977523,8.8682
5978211,8.8783
5978900,8.8883
5979588,8.8983
5980276,8.9083
5980965,8.9184
5981654,8.9284
5982342,8.9385
5983031,8.9486
5983720,8.9587
5984409,8.9687
5985098,8.9788
5985787,8.9889
5986476,8.9990
5987165,9.0091
5987855,9.0193
5988544,9.0294
5989234,9.0395
5989923,9.0497
5990613,9.0598
5991303,9.0700
5991992,9.0801
5992682,9.0903
5993372,9.1005
5994062,9.1107
5994752,9.1208
5995443,9.1310
5996133,9.1413
5996823,9.1515
5997514,9.1617
5998204,9.1719
5998895,9.1822
5999586,9.1924
6000276,9.2026
6000967,9.2129
6001658,9.2232
6002349,9.2334
6003040,9.2437
6003731,9.2540
6004423,9.2643
6005114,9.2746
6005805,9.2849
6006497,9.2952
6007188,9.3056
6007880,9.3159
6008572,9.3262
6009264,9.3366
6009955,9.3470
6010647,9.3573
6011339,9.3677
6012032,9.3781
6012724,9.3885
6013416,9.3988
6014108,9.4092
6014801,9.4197
6015493,9.4301
6016186,9.4405
6016879,9.4509
6017571,9.4614
6018264,9.4718
6018957,9.4823
6019650,9.4927
6020343,9.5032
6021036,9.5137
6021730,9.5242
6022423,9.5347
6023116,9.5452
6023810,9.5557
6024503,9.5662
6025197,9.5767
6025891,9.5873
6026585,9.5978
6027278,9.6084
6027972,9.6189
6028666,9.6295
6029361,9.6400
6030055,9.6506
6030749,9.6612
6031443,9.6718
6032138,9.6824
6032832,9.6930
6033527,9.7037
6034222,9.7143
6034916,9.7249
6035611,9.7356
6036306,9.7462
6037001,9.7569
6037696,9.7675
6038391,9.7782
6039087,9.7889
6039782,9.7996
6040477,9.8103
6041173,9.8210
6041868,9.8317
6042564,9.8424
6043260,9.8532
6043955,9.8639
6044651,9.8747
6045347,9.8854
6046043,9.8962
6046739,9.9070
6047436,9.9177
6048132,9.9285
6048828,9.9393
6049525,9.9501
6050221,9.9609
6050918,9.9718
6051614,9.9826
6052311,9.9934
6053008,10.0043
6053705,10.0151
6054402,10.0260
6055099,10.0369
6055796,10.0478
6056493,10.0586
6057191,10.0695
6057888,10.0804
6058586,10.0914
6059283,10.1023
6059981,10.1132
6060679,10.1241
6061376,10.1351
6062074,10.1460
6062772,10.1570
6063470,10.1680
6064168,10.1790
6064867,10.1899
6065565,10.2009
6066263,10.2119
6066962,10.2230
6067660,10.2340
6068359,10.2450
6069058,10.2561
6069756,10.2671
6070455,10.2782
6071154,10.2892
6071853,10.3003
6072552,10.3114
6073251,10.3225
6073951,10.3336
6074650,10.3447
6075349,10.3558
6076049,10.3669
6076748,10.3781
6077448,10.3892
6078148,10.4003
6078848,10.4115
6079547,10.4227
6080247,10.4339
6080948,10.4450
6081648,10.4562
6082348,10.4674
6083048,10.4787
6083749,10.4899
6084449,10.5011
6085150,10.5123
6085850,10.5236
6086551,10.5348
6087252,10.5461
6087952,10.5574
6088653,10.5687
6089354,10.5800
6090056,10.5913
6090757,10.6026
6091458,10.6139
6092159,10.6252
6092861,10.6365
6093562,10.6479
6094264,10.6592
6094966,10.6706
6095667,10.6820
6096369,10.6934
6097071,10.7048
6097773,10.7162
6098475,10.7276
6099177,10.7390
6099879,10.7504
6100582,10.7618
6101284,10.7733
6101987,10.7847
6102689,10.7962
6103392,10.8077
6104095,10.8192
6104797,10.8306
6105500,10.8421
6106203,10.8536
6106906,10.8652
6107609,10.8767
6108313,10.8882
6109016,10.8998
6109719,10.9113
6110423,10.9229
6111126,10.9345
6111830,10.9460
6112534,10.9576
6113237,10.9692
6113941,10.9808
6114645,10.9925
6115349,11.0041
6116053,11.0157
6116757,11.0274
6117462,11.0390
6118166,11.0507
6118870,11.0624
6119575,11.0741
6120279,11.0858
6120984,11.0975
6121689,11.1092
6122394,11.1209
6123099,11.1326
6123804,11.1444
6124509,11.1561
6125214,11.1679
6125919,11.1797
6126624,11.1914
6127330,11.2032
6128035,11.2150
6128741,11.2268
6129446,11.2387
6130152,11.2505
6130858,11.2623
6131564,11.2742
6132270,11.2860
6132976,11.2979
6133682,11.3098
6134388,11.3217
6135094,11.3336
6135801,11.3455
6136507,11.3574
6137214,11.3693
6137920,11.3812
6138627,11.3932
6139334,11.4051
6140041,11.4171
6140748,11.4291
6141455,11.4411
6142162,11.4531
6142869,11.4651
6143576,11.4771
6144284,11.4891
6144991,11.5011
6145699,11.5132
6146406,11.5252
6147114,11.5373
6147822,11.5494
6148529,11.5615
6149237,11.5736
6149945,11.5857
6150653,11.5978
6151362,11.6099
6152070,11.6220
6152778,11.6342
6153487,11.6463
6154195,11.6585
6154904,11.6707
6155612,11.6829
6156321,11.6951
6157030,11.7073
6157739,11.7195
6158448,11.7317
6159157,11.7439
6159866,11.7562
6160575,11.7685
6161284,11.7807
6161994,11.7930
6162703,11.8053
6163413,11.8176
6164122,11.8299
6164832,11.8422
6165542,11.8545
6166252,11.8669
6166962,11.8792
6167672,11.8916
6168382,11.9040
6169092,11.9164
6169802,11.9287
6170513,11.9411
6171223,11.9536
6171934,11.9660
6172644,11.9784
6173355,11.9909
6174066,12.0033
6174777,12.0158
6175488,12.0283
6176199,12.0408
6176910,12.0533
6177621,12.0658
6178332,12.0783
6179044,12.0908
6179755,12.1034
6180466,12.1159
6181178,12.1285
6181890,12.1411
6182601,12.1536
6183313,12.1662
6184025,12.1788
6184737,12.1915
6185449,12.2041
6186162,12.2167
6186874,12.2294
6187586,12.2420
6188299,12.2547
6189011,12.2674
6189724,12.2801
6190436,12.2928
6191149,12.3055
6191862,12.3182
6192575,12.3310
6193288,12.3437
6194001,12.3565
6194714,12.3693
6195427,12.3820
6196140,12.3948
6196854,12.4076
6197567,12.4205
6198281,12.4333
6198995,12.4461
6199708,12.4590
6200422,12.4718
6201136,12.4847
6201850,12.4976
6202564,12.5105
6203278,12.5234
6203992,12.5363
6204707,12.5492
6205421,12.5622
6206136,12.5751
6206850,12.5881
6207565,12.6011
6208279,12.6140
6208994,12.6270
6209709,12.6401
6210424,12.6531
6211139,12.6661
6211854,12.6792
6212569,12.6922
6213285,12.7053
6214000,12.7184
6214716,12.7314
6215431,12.7445
6216147,12.7577
6216862,12.7708
6217578,12.7839
6218294,12.7971
6219010,12.8102
6219726,12.8234
6220442,12.8366
6221158,12.8498
6221875,12.8630
6222591,12.8762
6223307,12.8894
6224024,12.9027
6224741,12.9159
6225457,12.9292
6226174,12.9425
6226891,12.9558
6227608,12.9691
6228325,12.9824
6229042,12.9957
6229759,13.0091
6230476,13.0224
6231194,13.0358
6231911,13.0491
6232629,13.0625
6233346,13.0759
6234064,13.0893
6234782,13.1028
6235500,13.1162
6236218,13.1297
6236936,13.1431
6237654,13.1566
6238372,13.1701
6239090,13.1836
6239808,13.1971
6240527,13.2106
6241245,13.2241
6241964,13.2377
6242683,13.2512
6243401,13.2648
6244120,13.2784
6244839,13.2920
6245558,13.3056
6246277,13.3192
6246996,13.3329
6247716,13.3465
6248435,13.3602
6249154,13.3738
6249874,13.3875
6250593,13.4012
6251313,13.4149
6252033,13.4286
6252753,13.4424
6253473,13.4561
6254193,13.4699
6254913,13.4837
6255633,13.4974
6256353,13.5112
6257073,13.5251
6257794,13.5389
6258514,13.5527
6259235,13.5666
6259956,13.5804
6260676,13.5943
6261397,13.6082
6262118,13.6221
6262839,13.6360
6263560,13.6499
6264281,13.6639
6265003,13.6778
6265724,13.6918
6266445,13.7058
6267167,13.7198
6267888,13.7338
6268610,13.7478
6269332,13.7618
6270054,13.7759
6270776,13.7899
6271498,13.8040
6272220,13.8181
6272942,13.8322
6273664,13.8463
6274386,13.8604
6275109,13.8746
6275831,13.8887
6276554,13.9029
6277276,13.9171
6277999,13.9313
6278722,13.9455
6279445,13.9597
6280168,13.9739
6280891,13.9882
6281614,14.0025
6282337,14.0167
6283061,14.0310
6283784,14.0453
6284508,14.0596
6285231,14.0740
6285955,14.0883
6286679,14.1027
6287402,14.1170
6288126,14.1314
6288850,14.1458
6289574,14.1602
6290298,14.1747
6291023,14.1891
6291747,14.2036
6292471,14.2180
6293196,14.2325
6293921,14.2470
6294645,14.2615
6295370,14.2761
6296095,14.2906
6296820,14.3051
6297545,14.3197
6298270,14.3343
6298995,14.3489
6299720,14.3635
6300445,14.3781
6301171,14.3928
6301896,14.4074
6302622,14.4221
6303348,14.4368
6304073,14.4515
6304799,14.4662
6305525,14.4809
6306251,14.4956
6306977,14.5104
6307703,14.5252
6308430,14.5400
6309156,14.5547
6309882,14.5696
6310609,14.5844
6311335,14.5992
6312062,14.6141
6312789,14.6290
6313516,14.6438
6314242,14.6587
6314969,14.6737
6315697,14.6886
6316424,14.7035
6317151,14.7185
6317878,14.7335
6318606,14.7485
6319333,14.7635
6320061,14.7785
6320788,14.7935
6321516,14.8086
6322244,14.8236
6322972,14.8387
6323700,14.8538
6324428,14.8689
6325156,14.8841
6325884,14.8992
6326613,14.9144
6327341,14.9295
6328070,14.9447
6328798,14.9599
6329527,14.9751
6330256,14.9904
6330985,15.0056
6331713,15.0209
6332442,15.0362
6333172,15.0515
6333901,15.0668
6334630,15.0821
6335359,15.0974
6336089,15.1128
6336818,15.1282
6337548,15.1436
6338278,15.1590
6339007,15.1744
6339737,15.1898
6340467,15.2053
6341197,15.2207
6341927,15.2362
6342657,15.2517
6343388,15.2672
6344118,15.2828
6344848,15.2983
6345579,15.3139
6346310,15.3295
6347040,15.3451
6347771,15.3607
6348502,15.3763
6349233,15.3919
6349964,15.4076
6350695,15.4233
6351426,15.4390
6352157,15.4547
6352889,15.4704
6353620,15.4862
6354352,15.5019
6355083,15.5177
6355815,15.5335
6356547,15.5493
6357279,15.5651
6358011,15.5810
6358743,15.5968
6359475,15.6127
6360207,15.6286
6360939,15.6445
6361672,15.6604
6362404,15.6764
6363137,15.6923
6363869,15.7083
6364602,15.7243
6365335,15.7403
6366068,15.7563
6366801,15.7724
6367534,15.7884
6368267,15.8045
6369000,15.8206
6369733,15.8367
6370467,15.8528
6371200,15.8690
6371934,15.8851
6372667,15.9013
6373401,15.9175
6374135,15.9337
6374869,15.9500
6375603,15.9662
6376337,15.9825
6377071,15.9988
6377805,16.0151
6378540,16.0314
6379274,16.0477
6380008,16.0641
6380743,16.0804
6381478,16.0968
6382212,16.1132
6382947,16.1297
6383682,16.1461
6384417,16.1626
6385152,16.1790
6385887,16.1955
6386623,16.2121
6387358,16.2286
6388093,16.2451
6388829,16.2617
6389564,16.2783
6390300,16.2949
6391036,16.3115
6391772,16.3282
6392508,16.3448
6393244,16.3615
6393980,16.3782
6394716,16.3949
6395452,16.4116
6396189,16.4284
6396925,16.4452
6397661,16.4619
6398398,16.4787
6399135,16.4956
6399872,16.5124
6400608,16.5293
6401345,16.5462
6402082,16.5631
6402819,16.5800
6403557,16.5969
6404294,16.6139
6405031,16.6308
6405769,16.6478
6406506,16.6648
6407244,16.6819
6407982,16.6989
6408719,16.7160
6409457,16.7331
6410195,16.7502
6410933,16.7673
6411671,16.7845
6412410,16.8016
6413148,16.8188
6413886,16.8360
6414625,16.8532
6415363,16.8705
6416102,16.8877
6416841,16.9050
6417579,16.9223
6418318,16.9396
6419057,16.9570
6419796,16.9743
6420536,16.9917
6421275,17.0091
6422014,17.0265
6422754,17.0440
6423493,17.0614
6424233,17.0789
6424972,17.0964
6425712,17.1139
6426452,17.1315
6427192,17.1490
6427932,17.1666
6428672,17.1842
6429412,17.2018
6430152,17.2195
6430893,17.2371
6431633,17.2548
6432374,17.2725
6433114,17.2902
6433855,17.3080
6434596,17.3257
6435336,17.3435
6436077,17.3613
6436818,17.3791
6437559,17.3970
6438301,17.4148
6439042,17.4327
6439783,17.4506
6440525,17.4686
6441266,17.4865
6442008,17.5045
6442750,17.5225
6443491,17.5405
6444233,17.5585
6444975,17.5766
6445717,17.5947
6446459,17.6127
6447202,17.6309
6447944,17.6490
6448686,17.6672
6449429,17.6853
6450171,17.7036
6450914,17.7218
6451657,17.7400
6452400,17.7583
6453142,17.7766
6453885,17.7949
6454629,17.8132
6455372,17.8316
6456115,17.8500
6456858,17.8684
6457602,17.8868
6458345,17.9052
6459089,17.9237
6459832,17.9422
6460576,17.9607
6461320,17.9792
6462064,17.9978
6462808,18.0164
6463552,18.0350
6464296,18.0536
6465041,18.0722
6465785,18.0909
6466529,18.1096
6467274,18.1283
6468019,18.1470
6468763,18.1658
6469508,18.1846
6470253,18.2034
6470998,18.2222
6471743,18.2410
6472488,18.2599
6473233,18.2788
6473979,18.2977
6474724,18.3167
6475469,18.3356
6476215,18.3546
6476961,18.3736
6477706,18.3927
6478452,18.4117
6479198,18.4308
6479944,18.4499
6480690,18.4690
6481436,18.4882
6482183,18.5074
6482929,18.5266
6483675,18.5458
6484422,18.5650
6485168,18.5843
6485915,18.6036
6486662,18.6229
6487409,18.6423
6488156,18.6616
6488903,18.6810
6489650,18.7004
6490397,18.7199
6491144,18.7393
6491892,18.7588
6492639,18.7783
6493387,18.7979
6494134,18.8174
6494882,18.8370
6495630,18.8566
6496378,18.8763
6497125,18.8959
6497874,18.9156
6498622,18.9353
6499370,18.9551
6500118,18.9748
6500867,18.9946
6501615,19.0144
6502364,19.0343
6503112,19.0541
6503861,19.0740
6504610,19.0939
6505359,19.1139
6506108,19.1338
6506857,19.1538
6507606,19.1739
6508355,19.1939
6509105,19.2140
6509854,19.2341
6510604,19.2542
6511353,19.2743
6512103,19.2945
6512853,19.3147
6513603,19.3349
6514352,19.3552
6515103,19.3754
6515853,19.3957
6516603,19.4161
6517353,19.4364
6518104,19.4568
6518854,19.4772
6519605,19.4977
6520355,19.5181
6521106,19.5386
6521857,19.5591
6522608,19.5797
6523359,19.6002
6524110,19.6208
6524861,19.6415
6525612,19.6621
6526363,19.6828
6527115,19.7035
6527866,19.7242
6528618,19.7450
6529370,19.7658
6530121,19.7866
6530873,19.8075
6531625,19.8283
6532377,19.8492
6533129,19.8702
6533882,19.8911
6534634,19.9121
6535386,19.9331
6536139,19.9542
6536891,19.9752
6537644,19.9963
6538397,20.0174
6539149,20.0386
6539902,20.0598
6540655,20.0810
6541408,20.1022
6542161,20.1235
6542915,20.1448
6543668,20.1661
6544421,20.1875
6545175,20.2089
6545928,20.2303
6546682,20.2517
6547436,20.2732
6548190,20.2947
6548944,20.3162
6549698,20.3378
6550452,20.3594
6551206,20.3810
6551960,20.4027
6552715,20.4244
6553469,20.4461
6554224,20.4678
6554978,20.4896
6555733,20.5114
6556488,20.5332
6557243,20.5551
6557998,20.5770
6558753,20.5989
6559508,20.6208
6560263,20.6428
6561018,20.6648
6561774,20.6869
6562529,20.7090
6563285,20.7311
6564041,20.7532
6564796,20.7754
6565552,20.7976
6566308,20.8198
6567064,20.8421
6567820,20.8644
6568576,20.8867
6569333,20.9090
6570089,20.9314
6570845,20.9539
6571602,20.9763
6572359,20.9988
6573115,21.0213
6573872,21.0439
6574629,21.0664
6575386,21.0891
6576143,21.1117
6576900,21.1344
6577657,21.1571
6578415,21.1798
6579172,21.2026
6579930,21.2254
6580687,21.2483
6581445,21.2711
6582203,21.2941
6582961,21.3170
6583719,21.3400
6584477,21.3630
6585235,21.3860
6585993,21.4091
6586751,21.4322
6587510,21.4554
6588268,21.4785
6589027,21.5017
6589785,21.5250
6590544,21.5483
6591303,21.5716
6592062,21.5949
6592821,21.6183
6593580,21.6417
6594339,21.6652
6595098,21.6887
6595857,21.7122
6596617,21.7357
6597376,21.7593
6598136,21.7830
6598896,21.8066
6599655,21.8303
6600415,21.8540
6601175,21.8778
6601935,21.9016
6602695,21.9254
6603455,21.9493
6604216,21.9732
6604976,21.9972
6605737,22.0212
6606497,22.0452
6607258,22.0692
6608019,22.0933
6608779,22.1175
6609540,22.1416
6610301,22.1658
6611062,22.1901
6611824,22.2143
6612585,22.2386
6613346,22.2630
6614108,22.2874
6614869,22.3118
6615631,22.3363
6616392,22.3608
6617154,22.3853
6617916,22.4099
6618678,22.4345
6619440,22.4591
6620202,22.4838
6620964,22.5085
6621727,22.5333
6622489,22.5581
6623252,22.5829
6624014,22.6078
6624777,22.6327
6625540,22.6577
6626302,22.6827
6627065,22.7077
6627828,22.7328
6628591,22.7579
6629355,22.7831
6630118,22.8083
6630881,22.8335
6631645,22.8588
6632408,22.8841
6633172,22.9094
6633936,22.9348
6634699,22.9602
6635463,22.9857
6636227,23.0112
6636991,23.0368
6637756,23.0624
6638520,23.0880
6639284,23.1137
6640049,23.1394
6640813,23.1652
6641578,23.1910
6642342,23.2168
6643107,23.2427
6643872,23.2686
6644637,23.2946
6645402,23.3206
6646167,23.3466
6646932,23.3727
6647698,23.3988
6648463,23.4250
6649228,23.4512
6649994,23.4775
6650760,23.5038
6651525,23.5302
6652291,23.5565
6653057,23.5830
6653823,23.6095
6654589,23.6360
6655355,23.6625
6656122,23.6891
6656888,23.7158
6657655,23.7425
6658421,23.7692
6659188,23.7960
6659954,23.8228
6660721,23.8497
6661488,23.8766
6662255,23.9036
6663022,23.9306
6663789,23.9576
6664557,23.9847
6665324,24.0119
6666091,24.0391
6666859,24.0663
6667626,24.0936
6668394,24.1209
6669162,24.1483
6669930,24.1757
6670698,24.2032
6671466,24.2307
6672234,24.2582
6673002,24.2858
6673770,24.3135
6674539,24.3412
6675307,24.3689
6676076,24.3967
6676844,24.4246
6677613,24.4524
6678382,24.4804
6679151,24.5084
6679920,24.5364
6680689,24.5645
6681458,24.5926
6682227,24.6208
6682997,24.6490
6683766,24.6773
6684536,24.7056
6685305,24.7340
6686075,24.7624
6686845,24.7909
6687615,24.8194
6688385,24.8479
6689155,24.8766
6689925,24.9052
6690695,24.9340
6691466,24.9627
6692236,24.9915
6693007,25.0204
6693777,25.0493
6694548,25.0783
6695319,25.1073
6696090,25.1364
6696861,25.1655
6697632,25.1947
6698403,25.2239
6699174,25.2532
6699945,25.2826
6700717,25.3120
6701488,25.3414
6702260,25.3709
6703031,25.4004
6703803,25.4300
6704575,25.4597
6705347,25.4894
6706119,25.5191
6706891,25.5489
6707663,25.5788
6708436,25.6087
6709208,25.6387
6709980,25.6687
6710753,25.6988
6711526,25.7290
6712298,25.7591
6713071,25.7894
6713844,25.8197
6714617,25.8501
6715390,25.8805
6716163,25.9109
6716937,25.9415
6717710,25.9720
6718483,26.0027
6719257,26.0334
6720031,26.0641
6720804,26.0949
6721578,26.1258
6722352,26.1567
6723126,26.1877
6723900,26.2187
6724674,26.2498
6725449,26.2810
6726223,26.3122
6726997,26.3435
6727772,26.3748
6728546,26.4062
6729321,26.4376
6730096,26.4691
6730871,26.5007
6731646,26.5323
6732421,26.5640
6733196,26.5957
6733971,26.6275
6734747,26.6594
6735522,26.6913
6736297,26.7233
6737073,26.7553
6737849,26.7874
6738624,26.8196
6739400,26.8518
6740176,26.8841
6740952,26.9165
6741728,26.9489
6742505,26.9814
6743281,27.0139
6744057,27.0465
6744834,27.0792
6745610,27.1119
6746387,27.1447
6747164,27.1775
6747941,27.2104
6748718,27.2434
6749495,27.2765
6750272,27.3096
6751049,27.3427
6751826,27.3760
6752604,27.4093
6753381,27.4426
6754159,27.4761
6754936,27.5096
6755714,27.5431
6756492,27.5768
6757270,27.6104
6758048,27.6442
6758826,27.6780
6759604,27.7119
6760382,27.7459
6761161,27.7799
6761939,27.8140
6762718,27.8482
6763496,27.8824
6764275,27.9167
6765054,27.9511
6765833,27.9855
6766612,28.0200
6767391,28.0546
6768170,28.0892
6768949,28.1239
6769729,28.1587
6770508,28.1936
6771288,28.2285
6772067,28.2635
6772847,28.2985
6773627,28.3336
6774407,28.3688
6775187,28.4041
6775967,28.4395
6776747,28.4749
6777527,28.5104
6778307,28.5459
6779088,28.5815
6779868,28.6172
6780649,28.6530
6781430,28.6889
6782210,28.7248
6782991,28.7608
6783772,28.7968
6784553,28.8330
6785334,28.8692
6786116,28.9055
6786897,28.9418
6787678,28.9783
6788460,29.0148
6789241,29.0514
6790023,29.0880
6790805,29.1247
6791587,29.1616
6792369,29.1984
6793151,29.2354
6793933,29.2724
6794715,29.3095
6795497,29.3467
6796280,29.3840
6797062,29.4213
6797845,29.4588
6798628,29.4963
6799410,29.5338
6800193,29.5715
6800976,29.6092
6801759,29.6470
6802542,29.6849
6803326,29.7229
6804109,29.7609
6804892,29.7990
6805676,29.8372
6806459,29.8755
6807243,29.9139
6808027,29.9523
6808811,29.9908
6809595,30.0294
6810379,30.0681
6811163,30.1069
6811947,30.1457
6812731,30.1846
6813516,30.2236
6814300,30.2627
6815085,30.3019
6815869,30.3411
6816654,30.3804
6817439,30.4198
6818224,30.4593
6819009,30.4989
6819794,30.5386
6820579,30.5783
6821364,30.6181
6822150,30.6580
6822935,30.6980
6823721,30.7381
6824507,30.7782
6825292,30.8185
6826078,30.8588
6826864,30.8992
6827650,30.9397
6828436,30.9802
6829222,31.0209
6830009,31.0616
6830795,31.1025
6831582,31.1434
6832368,31.1844
6833155,31.2254
6833941,31.2666
6834728,31.3078
6835515,31.3492
6836302,31.3906
6837089,31.4321
6837877,31.4737
6838664,31.5153
6839451,31.5571
6840239,31.5989
6841026,31.6409
6841814,31.6829
6842602,31.7250
6843389,31.7672
6844177,31.8094
6844965,31.8518
6845753,31.8942
6846542,31.9367
6847330,31.9794
6848118,32.0221
6848907,32.0648
6849695,32.1077
6850484,32.1507
6851273,32.1937
6852062,32.2368
6852850,32.2800
6853639,32.3233
6854429,32.3667
6855218,32.4102
6856007,32.4537
6856796,32.4974
6857586,32.5411
6858375,32.5849
6859165,32.6288
6859955,32.6728
6860745,32.7168
6861535,32.7610
6862325,32.8052
6863115,32.8495
6863905,32.8939
6864695,32.9384
6865486,32.9830
6866276,33.0276
6867067,33.0724
6867857,33.1172
6868648,33.1621
6869439,33.2070
6870230,33.2521
6871021,33.2973
6871812,33.3425
6872603,33.3878
6873394,33.4332
6874186,33.4786
6874977,33.5242
6875769,33.5698
6876560,33.6155
6877352,33.6613
6878144,33.7072
6878936,33.7531
6879728,33.7991
6880520,33.8452
6881312,33.8914
6882104,33.9376
6882897,33.9839
6883689,34.0303
6884482,34.0768
6885274,34.1233
6886067,34.1700
6886860,34.2166
6887653,34.2634
6888446,34.3102
6889239,34.3571
6890032,34.4041
6890826,34.4511
6891619,34.4982
6892412,34.5454
6893206,34.5926
6894000,34.6399
6894793,34.6873
6895587,34.7347
6896381,34.7822
6897175,34.8297
6897969,34.8773
6898763,34.9250
6899558,34.9727
6900352,35.0204
6901147,35.0683
6901941,35.1162
6902736,35.1641
6903531,35.2121
6904325,35.2601
6905120,35.3082
6905915,35.3563
6906711,35.4045
6907506,35.4527
6908301,35.5010
6909096,35.5493
6909892,35.5976
6910688,35.6460
6911483,35.6944
6912279,35.7428
6913075,35.7913
6913871,35.8398
6914667,35.8883
6915463,35.9369
6916259,35.9855
6917055,36.0341
6917852,36.0827
6918648,36.1314
6919445,36.1800
6920242,36.2287
6921038,36.2774
6921835,36.3261
6922632,36.3748
6923429,36.4235
6924226,36.4722
6925024,36.5209
6925821,36.5696
6926618,36.6182
6927416,36.6669
6928213,36.7156
6929011,36.7642
6929809,36.8129
6930607,36.8615
6931405,36.9101
6932203,36.9586
6933001,37.0072
6933799,37.0557
6934597,37.1041
6935396,37.1525
6936194,37.2009
6936993,37.2493
6937792,37.2975
6938590,37.3457
6939389,37.3939
6940188,37.4420
6940987,37.4900
6941787,37.5380
6942586,37.5859
6943385,37.6337
6944185,37.6814
6944984,37.7291
6945784,37.7766
6946583,37.8241
6947383,37.8714
6948183,37.9187
6948983,37.9658
6949783,38.0128
6950583,38.0597
6951384,38.1065
6952184,38.1532
6952984,38.1997
6953785,38.2461
6954586,38.2923
6955386,38.3384
6956187,38.3844
6956988,38.4302
6957789,38.4758
6958590,38.5212
6959391,38.5665
6960193,38.6116
6960994,38.6565
6961795,38.7012
6962597,38.7457
6963399,38.7901
6964200,38.8342
6965002,38.8781
6965804,38.9217
6966606,38.9652
6967408,39.0084
6968210,39.0514
6969013,39.0941
6969815,39.1366
6970618,39.1788
6971420,39.2208
6972223,39.2625
6973026,39.3039
6973828,39.3451
6974631,39.3859
6975434,39.4265
6976237,39.4668
6977041,39.5067
6977844,39.5464
6978647,39.5857
6979451,39.6247
6980254,39.6634
6981058,39.7017
6981862,39.7397
6982666,39.7774
6983470,39.8147
6984274,39.8516
6985078,39.8882
6985882,39.9244
6986686,39.9602
6987491,39.9956
6988295,40.0307
6989100,40.0653
6989905,40.0996
6990709,40.1334
6991514,40.1668
6992319,40.1998
6993124,40.2324
6993930,40.2646
6994735,40.2963
6995540,40.3276
6996346,40.3584
6997151,40.3888
6997957,40.4188
6998762,40.4483
6999568,40.4773
7000374,40.5058
7001180,40.5339
7001986,40.5615
7002792,40.5887
7003599,40.6153
7004405,40.6415
7005212,40.6672
7006018,40.6924
7006825,40.7171
7007631,40.7413
7008438,40.7650
7009245,40.7881
7010052,40.8108
7010859,40.8330
7011667,40.8547
7012474,40.8758
7013281,40.8965
7014089,40.9166
7014896,40.9362
7015704,40.9553
7016512,40.9739
7017320,40.9920
7018128,41.0095
7018936,41.0266
7019744,41.0431
7020552,41.0591
7021360,41.0746
7022169,41.0895
7022977,41.1040
7023786,41.1179
7024594,41.1313
7025403,41.1442
7026212,41.1566
7027021,41.1685
7027830,41.1799
7028639,41.1907
7029449,41.2011
7030258,41.2110
7031067,41.2204
7031877,41.2292
7032686,41.2376
7033496,41.2455
7034306,41.2529
7035116,41.2599
7035926,41.2663
7036736,41.2723
7037546,41.2778
7038356,41.2828
7039167,41.2874
7039977,41.2916
7040788,41.2952
7041598,41.2985
7042409,41.3012
7043220,41.3036
7044031,41.3055
7044842,41.3070
7045653,41.3080
7046464,41.3087
7047276,41.3089
7048087,41.3087
7048898,41.3081
7049710,41.3071
7050522,41.3058
7051333,41.3040
7052145,41.3019
7052957,41.2994
7053769,41.2965
7054581,41.2933
7055394,41.2897
7056206,41.2857
7057018,41.2814
7057831,41.2768
7058644,41.2718
7059456,41.2666
7060269,41.2610
7061082,41.2550
7061895,41.2488
7062708,41.2423
7063521,41.2355
7064334,41.2284
7065148,41.2210
7065961,41.2133
7066775,41.2053
7067588,41.1971
7068402,41.1887
7069216,41.1799
7070030,41.1710
7070844,41.1617
7071658,41.1523
7072472,41.1426
7073287,41.1327
7074101,41.1226
7074915,41.1122
7075730,41.1017
7076545,41.0909
7077359,41.0800
7078174,41.0688
7078989,41.0575
7079804,41.0460
7080619,41.0343
7081435,41.0224
7082250,41.0104
7083065,40.9982
7083881,40.9858
7084697,40.9733
7085512,40.9607
7086328,40.9479
7087144,40.9349
7087960,40.9219
7088776,40.9087
7089592,40.8954
7090408,40.8819
7091225,40.8684
7092041,40.8547
7092858,40.8409
7093674,40.8270
7094491,40.8131
7095308,40.7990
7096125,40.7848
7096942,40.7706
7097759,40.7562
7098576,40.7418
7099394,40.7273
7100211,40.7127
7101028,40.6981
7101846,40.6834
7102664,40.6686
7103482,40.6538
7104299,40.6389
7105117,40.6239
7105935,40.6089
7106754,40.5939
7107572,40.5788
7108390,40.5636
7109209,40.5484
7110027,40.5332
7110846,40.5179
7111664,40.5026
7112483,40.4873
7113302,40.4720
7114121,40.4566
7114940,40.4412
7115759,40.4258
7116579,40.4103
7117398,40.3948
7118218,40.3794
7119037,40.3639
7119857,40.3483
7120676,40.3328
7121496,40.3173
7122316,40.3017
7123136,40.2862
7123956,40.2706
7124777,40.2551
7125597,40.2395
7126417,40.2240
7127238,40.2084
7128058,40.1929
7128879,40.1773
7129700,40.1618
7130521,40.1462
7131342,40.1307
7132163,40.1152
7132984,40.0996
7133805,40.0841
7134627,40.0686
7135448,40.0532
7136270,40.0377
7137091,40.0222
7137913,40.0068
7138735,39.9913
7139557,39.9759
7140379,39.9605
7141201,39.9451
7142023,39.9297
7142845,39.9144
7143668,39.8990
7144490,39.8837
7145313,39.8684
7146136,39.8531
7146958,39.8378
7147781,39.8226
7148604,39.8074
7149427,39.7921
7150250,39.7769
7151074,39.7618
7151897,39.7466
7152720,39.7315
7153544,39.7163
7154368,39.7012
7155191,39.6862
7156015,39.6711
7156839,39.6560
7157663,39.6410
7158487,39.6260
7159311,39.6110
7160136,39.5960
7160960,39.5811
7161785,39.5661
7162609,39.5512
7163434,39.5363
7164259,39.5214
7165083,39.5065
7165908,39.4916
7166733,39.4768
7167559,39.4619
7168384,39.4471
7169209,39.4323
7170035,39.4175
7170860,39.4027
7171686,39.3879
7172512,39.3731
7173337,39.3584
7174163,39.3436
7174989,39.3289
7175815,39.3141
7176642,39.2994
7177468,39.2846
7178294,39.2699
7179121,39.2552
7179947,39.2405
7180774,39.2258
7181601,39.2111
7182428,39.1963
7183255,39.1816
7184082,39.1669
7184909,39.1522
7185736,39.1375
7186563,39.1227
7187391,39.1080
7188218,39.0933
7189046,39.0785
7189874,39.0638
7190701,39.0490
7191529,39.0342
7192357,39.0194
7193185,39.0046
7194014,38.9898
7194842,38.9750
7195670,38.9601
7196499,38.9453
7197327,38.9304
7198156,38.9155
7198985,38.9006
7199814,38.8856
7200643,38.8706
7201472,38.8557
7202301,38.8406
7203130,38.8256
7203959,38.8105
7204789,38.7954
7205618,38.7803
7206448,38.7651
7207278,38.7499
7208107,38.7347
7208937,38.7194
7209767,38.7041
7210598,38.6888
7211428,38.6734
7212258,38.6579
7213088,38.6425
7213919,38.6270
7214749,38.6114
7215580,38.5958
7216411,38.5802
7217242,38.5645
7218073,38.5487
7218904,38.5329
7219735,38.5171
7220566,38.5012
7221398,38.4852
7222229,38.4692
7223061,38.4531
7223892,38.4370
7224724,38.4208
7225556,38.4045
7226388,38.3882
7227220,38.3718
7228052,38.3553
7228884,38.3388
7229716,38.3222
7230549,38.3056
7231381,38.2888
7232214,38.2720
7233046,38.2552
7233879,38.2382
7234712,38.2212
7235545,38.2041
7236378,38.1869
7237211,38.1696
7238045,38.1523
7238878,38.1348
7239711,38.1173
7240545,38.0997
7241379,38.0820
7242212,38.0643
7243046,38.0464
7243880,38.0284
7244714,38.0104
7245548,37.9923
7246383,37.9740
7247217,37.9557
7248051,37.9373
7248886,37.9188
7249720,37.9002
7250555,37.8814
7251390,37.8626
7252225,37.8437
7253060,37.8247
7253895,37.8055
7254730,37.7863
7255565,37.7670
7256401,37.7475
7257236,37.7280
7258072,37.7083
7258907,37.6886
7259743,37.6687
7260579,37.6487
7261415,37.6286
7262251,37.6084
7263087,37.5880
7263923,37.5676
7264760,37.5470
7265596,37.5264
7266433,37.5056
7267269,37.4846
7268106,37.4636
7268943,37.4425
7269780,37.4212
7270617,37.3998
7271454,37.3783
7272291,37.3566
7273128,37.3349
7273966,37.3130
7274803,37.2910
7275641,37.2688
7276479,37.2466
7277316,37.2242
7278154,37.2017
7278992,37.1790
7279830,37.1563
7280668,37.1334
7281507,37.1104
7282345,37.0872
7283184,37.0639
7284022,37.0405
7284861,37.0170
7285699,36.9933
7286538,36.9695
7287377,36.9456
7288216,36.9215
7289055,36.8973
7289895,36.8730
7290734,36.8486
7291573,36.8240
7292413,36.7993
7293253,36.7744
7294092,36.7494
7294932,36.7243
7295772,36.6991
7296612,36.6737
7297452,36.6482
7298292,36.6226
7299133,36.5968
7299973,36.5709
7300814,36.5449
7301654,36.5187
7302495,36.4924
7303336,36.4660
7304176,36.4394
7305017,36.4127
7305858,36.3859
7306700,36.3590
7307541,36.3319
7308382,36.3047
7309224,36.2774
7310065,36.2499
7310907,36.2223
7311749,36.1946
7312591,36.1668
7313432,36.1388
7314274,36.1107
7315117,36.0825
7315959,36.0541
7316801,36.0256
7317644,35.9970
7318486,35.9683
7319329,35.9395
7320171,35.9105
7321014,35.8814
7321857,35.8522
7322700,35.8229
7323543,35.7934
7324387,35.7639
7325230,35.7342
7326073,35.7044
7326917,35.6744
7327760,35.6444
7328604,35.6143
7329448,35.5840
7330292,35.5536
7331136,35.5231
7331980,35.4925
7332824,35.4618
7333668,35.4309
7334513,35.4000
7335357,35.3689
7336202,35.3378
7337046,35.3065
7337891,35.2751
7338736,35.2437
7339581,35.2121
7340426,35.1804
7341271,35.1486
7342116,35.1167
7342962,35.0847
7343807,35.0526
7344653,35.0205
7345498,34.9882
7346344,34.9558
7347190,34.9233
7348036,34.8907
7348882,34.8581
7349728,34.8253
7350574,34.7924
7351420,34.7595
7352267,34.7265
7353113,34.6933
7353960,34.6601
7354807,34.6268
7355653,34.5935
7356500,34.5600
7357347,34.5265
7358194,34.4928
7359042,34.4591
7359889,34.4253
7360736,34.3914
7361584,34.3575
7362431,34.3235
7363279,34.2894
7364127,34.2552
7364975,34.2210
7365823,34.1866
7366671,34.1522
7367519,34.1178
7368367,34.0832
7369215,34.0486
7370064,34.0140
7370912,33.9792
7371761,33.9445
7372610,33.9096
7373459,33.8747
7374308,33.8397
7375157,33.8046
7376006,33.7695
7376855,33.7344
7377704,33.6992
7378554,33.6639
7379403,33.6285
7380253,33.5932
7381103,33.5577
7381953,33.5222
7382803,33.4867
7383653,33.4511
7384503,33.4155
7385353,33.3798
7386203,33.3440
7387054,33.3083
7387904,33.2724
7388755,33.2366
7389606,33.2007
7390456,33.1647
7391307,33.1287
7392158,33.0927
7393009,33.0566
7393861,33.0205
7394712,32.9844
7395563,32.9482
7396415,32.9120
7397266,32.8757
7398118,32.8395
7398970,32.8031
7399822,32.7668
7400674,32.7304
7401526,32.6940
7402378,32.6576
7403230,32.6211
7404083,32.5847
7404935,32.5482
7405788,32.5116
7406640,32.4751
7407493,32.4385
7408346,32.4019
7409199,32.3653
7410052,32.3286
7410905,32.2920
7411758,32.2553
7412612,32.2186
7413465,32.1819
7414319,32.1452
7415172,32.1084
7416026,32.0717
7416880,32.0349
7417734,31.9981
7418588,31.9613
7419442,31.9245
7420296,31.8877
7421151,31.8509
7422005,31.8141
7422860,31.7772
7423714,31.7404
7424569,31.7035
7425424,31.6667
7426279,31.6298
7427134,31.5930
7427989,31.5561
7428844,31.5192
7429700,31.4824
7430555,31.4455
7431411,31.4086
7432266,31.3717
7433122,31.3349
7433978,31.2980
7434834,31.2611
7435690,31.2243
7436546,31.1874
7437402,31.1505
7438258,31.1137
7439115,31.0768
7439971,31.0400
7440828,31.0031
7441685,30.9663
7442541,30.9295
7443398,30.8927
7444255,30.8559
7445112,30.8191
7445970,30.7823
7446827,30.7455
7447684,30.7088
7448542,30.6720
7449399,30.6353
7450257,30.5985
7451115,30.5618
7451973,30.5251
7452831,30.4884
7453689,30.4517
7454547,30.4151
7455405,30.3784
7456264,30.3418
7457122,30.3052
7457981,30.2686
7458839,30.2320
7459698,30.1955
7460557,30.1589
7461416,30.1224
7462275,30.0859
7463134,30.0494
7463994,30.0130
7464853,29.9765
7465712,29.9401
7466572,29.9037
7467432,29.8673
7468291,29.8310
7469151,29.7947
7470011,29.7583
7470871,29.7221
7471731,29.6858
7472592,29.6496
7473452,29.6133
7474313,29.5771
7475173,29.5410
7476034,29.5048
7476895,29.4687
7477755,29.4326
7478616,29.3966
7479477,29.3605
7480339,29.3245
7481200,29.2885
7482061,29.2526
7482923,29.2167
7483784,29.1808
7484646,29.1449
7485508,29.1090
7486369,29.0732
7487231,29.0375
7488093,29.0017
7488956,28.9660
7489818,28.9303
7490680,28.8946
7491543,28.8590
7492405,28.8234
7493268,28.7878
7494131,28.7523
7494993,28.7168
7495856,28.6813
7496719,28.6458
7497583,28.6104
7498446,28.5750
7499309,28.5397
7500173,28.5044
7501036,28.4691
7501900,28.4338
7502763,28.3986
7503627,28.3634
7504491,28.3283
7505355,28.2932
7506219,28.2581
7507084,28.2230
7507948,28.1880
7508812,28.1530
7509677,28.1181
7510542,28.0832
7511406,28.0483
7512271,28.0135
7513136,27.9787
7514001,27.9439
7514866,27.9092
7515731,27.8745
7516597,27.8398
7517462,27.8052
7518328,27.7706
7519193,27.7361
7520059,27.7015
7520925,27.6671
7521791,27.6326
7522657,27.5982
7523523,27.5638
7524389,27.5295
7525256,27.4952
7526122,27.4610
7526989,27.4267
7527855,27.3926
7528722,27.3584
7529589,27.3243
7530456,27.2902
7531323,27.2562
7532190,27.2222
7533057,27.1883
7533924,27.1543
7534792,27.1205
7535659,27.0866
7536527,27.0528
7537395,27.0190
7538262,26.9853
7539130,26.9516
7539998,26.9180
7540867,26.8844
7541735,26.8508
7542603,26.8173
7543472,26.7838
7544340,26.7503
7545209,26.7169
7546077,26.6835
7546946,26.6502
7547815,26.6169
7548684,26.5836
7549553,26.5504
7550423,26.5172
7551292,26.4841
7552161,26.4510
7553031,26.4179
7553900,26.3849
7554770,26.3519
7555640,26.3190
7556510,26.2861
7557380,26.2532
7558250,26.2204
7559120,26.1876
7559991,26.1548
7560861,26.1221
7561732,26.0895
7562602,26.0568
7563473,26.0242
7564344,25.9917
7565215,25.9592
7566086,25.9267
7566957,25.8943
7567828,25.8619
7568699,25.8295
7569571,25.7972
7570442,25.7649
7571314,25.7327
7572186,25.7005
7573058,25.6684
7573929,25.6363
7574801,25.6042
7575674,25.5721
7576546,25.5402
7577418,25.5082
7578291,25.4763
7579163,25.4444
7580036,25.4126
7580908,25.3808
7581781,25.3490
7582654,25.3173
7583527,25.2856
7584400,25.2540
7585274,25.2224
7586147,25.1908
7587020,25.1593
7587894,25.1278
7588768,25.0964
7589641,25.0650
7590515,25.0336
7591389,25.0023
7592263,24.9710
7593137,24.9398
7594012,24.9086
7594886,24.8774
7595760,24.8463
7596635,24.8152
7597510,24.7842
7598384,24.7532
7599259,24.7222
7600134,24.6913
7601009,24.6604
7601884,24.6295
7602760,24.5987
7603635,24.5679
7604510,24.5372
7605386,24.5065
7606262,24.4759
7607137,24.4452
7608013,24.4147
7608889,24.3841
7609765,24.3536
7610641,24.3232
7611518,24.2927
7612394,24.2624
7613270,24.2320
7614147,24.2017
7615024,24.1714
7615900,24.1412
7616777,24.1110
7617654,24.0809
7618531,24.0508
7619408,24.0207
7620286,23.9906
7621163,23.9606
7622041,23.9307
7622918,23.9008
7623796,23.8709
7624674,23.8410
7625551,23.8112
7626429,23.7815
7627307,23.7517
7628186,23.7220
7629064,23.6924
7629942,23.6627
7630821,23.6332
7631699,23.6036
7632578,23.5741
7633457,23.5447
7634336,23.5152
7635215,23.4858
7636094,23.4565
7636973,23.4272
7637852,23.3979
7638732,23.3686
7639611,23.3394
7640491,23.3103
7641370,23.2811
7642250,23.2520
7643130,23.2230
7644010,23.1939
7644890,23.1650
7645770,23.1360
7646651,23.1071
7647531,23.0782
7648412,23.0494
7649292,23.0206
7650173,22.9918
7651054,22.9631
7651935,22.9344
7652816,22.9058
7653697,22.8771
7654578,22.8485
7655459,22.8200
7656341,22.7915
7657222,22.7630
7658104,22.7346
7658986,22.7062
7659867,22.6778
7660749,22.6495
7661631,22.6212
7662514,22.5929
7663396,22.5647
7664278,22.5365
7665161,22.5084
7666043,22.4803
7666926,22.4522
7667808,22.4241
7668691,22.3961
7669574,22.3681
7670457,22.3402
7671340,22.3123
7672224,22.2844
7673107,22.2566
7673990,22.2288
7674874,22.2010
7675758,22.1733
7676641,22.1456
7677525,22.1179
7678409,22.0903
7679293,22.0627
7680177,22.0352
7681062,22.0076
7681946,21.9802
7682831,21.9527
7683715,21.9253
7684600,21.8979
7685485,21.8706
7686369,21.8432
7687254,21.8160
7688139,21.7887
7689025,21.7615
7689910,21.7343
7690795,21.7072
7691681,21.6800
7692566,21.6530
7693452,21.6259
7694338,21.5989
7695224,21.5719
7696110,21.5450
7696996,21.5181
7697882,21.4912
7698768,21.4643
7699655,21.4375
7700541,21.4108
7701428,21.3840
7702315,21.3573
7703201,21.3306
7704088,21.3040
7704975,21.2774
7705862,21.2508
7706750,21.2242
7707637,21.1977
7708524,21.1712
7709412,21.1448
7710300,21.1183
7711187,21.0920
7712075,21.0656
7712963,21.0393
7713851,21.0130
7714739,20.9867
7715628,20.9605
7716516,20.9343
7717404,20.9082
7718293,20.8820
7719182,20.8559
7720070,20.8299
7720959,20.8038
7721848,20.7778
7722737,20.7518
7723626,20.7259
7724516,20.7000
7725405,20.6741
7726294,20.6483
7727184,20.6224
7728074,20.5967
7728963,20.5709
7729853,20.5452
7730743,20.5195
7731633,20.4938
7732524,20.4682
7733414,20.4426
7734304,20.4170
7735195,20.3915
7736085,20.3660
7736976,20.3405
7737867,20.3151
7738758,20.2897
7739649,20.2643
7740540,20.2389
7741431,20.2136
7742322,20.1883
7743214,20.1630
7744105,20.1378
7744997,20.1126
7745889,20.0874
7746781,20.0623
7747673,20.0372
7748565,20.0121
7749457,19.9870
7750349,19.9620
7751241,19.9370
7752134,19.9120
7753026,19.8871
7753919,19.8622
7754812,19.8373
7755705,19.8125
7756597,19.7877
7757491,19.7629
7758384,19.7381
7759277,19.7134
7760170,19.6887
7761064,19.6640
7761957,19.6393
7762851,19.6147
7763745,19.5901
7764639,19.5656
7765533,19.5411
7766427,19.5166
7767321,19.4921
7768215,19.4676
7769110,19.4432
7770004,19.4188
7770899,19.3945
7771794,19.3701
7772688,19.3458
7773583,19.3216
7774478,19.2973
7775373,19.2731
7776269,19.2489
7777164,19.2247
7778059,19.2006
7778955,19.1765
7779851,19.1524
7780746,19.1284
7781642,19.1043
7782538,19.0803
7783434,19.0564
7784330,19.0324
7785227,19.0085
7786123,18.9846
7787019,18.9608
7787916,18.9369
7788813,18.9131
7789709,18.8894
7790606,18.8656
7791503,18.8419
7792400,18.8182
7793297,18.7945
7794195,18.7709
7795092,18.7472
7795990,18.7237
7796887,18.7001
7797785,18.6766
7798683,18.6530
7799581,18.6296
7800479,18.6061
7801377,18.5827
7802275,18.5593
7803173,18.5359
7804072,18.5125
7804970,18.4892
7805869,18.4659
7806768,18.4426
7807667,18.4194
7808565,18.3962
7809464,18.3730
7810364,18.3498
7811263,18.3267
7812162,18.3035
7813062,18.2804
7813961,18.2574
7814861,18.2343
7815761,18.2113
7816661,18.1883
7817561,18.1654
7818461,18.1424
7819361,18.1195
7820261,18.0966
7821162,18.0738
7822062,18.0509
7822963,18.0281
7823863,18.0053
7824764,17.9826
7825665,17.9598
7826566,17.9371
7827467,17.9144
7828368,17.8918
7829270,17.8691
7830171,17.8465
7831073,17.8239
7831974,17.8013
7832876,17.7788
7833778,17.7563
7834680,17.7338
7835582,17.7113
7836484,17.6889
7837386,17.6665
7838289,17.6441
7839191,17.6217
7840094,17.5994
7840996,17.5770
7841899,17.5547
7842802,17.5325
7843705,17.5102
7844608,17.4880
7845511,17.4658
7846415,17.4436
7847318,17.4215
7848222,17.3993
7849125,17.3772
7850029,17.3551
7850933,17.3331
7851837,17.3110
7852741,17.2890
7853645,17.2670
7854549,17.2451
7855453,17.2231
7856358,17.2012
7857262,17.1793
7858167,17.1574
7859072,17.1356
7859977,17.1138
7860882,17.0920
7861787,17.0702
7862692,17.0484
7863597,17.0267
7864502,17.0050
7865408,16.9833
7866314,16.9616
7867219,16.9400
7868125,16.9184
7869031,16.8968
7869937,16.8752
7870843,16.8536
7871749,16.8321
7872656,16.8106
7873562,16.7891
7874469,16.7677
7875375,16.7462
7876282,16.7248
7877189,16.7034
7878096,16.6820
7879003,16.6607
7879910,16.6393
7880817,16.6180
7881725,16.5968
7882632,16.5755
7883540,16.5543
7884447,16.5330
7885355,16.5118
7886263,16.4907
7887171,16.4695
7888079,16.4484
7888987,16.4273
7889896,16.4062
7890804,16.3851
7891712,16.3641
7892621,16.3430
7893530,16.3220
7894439,16.3011
7895348,16.2801
7896257,16.2592
7897166,16.2382
7898075,16.2173
7898984,16.1965
7899894,16.1756
7900803,16.1548
7901713,16.1340
7902623,16.1132
7903533,16.0924
7904443,16.0717
7905353,16.0509
7906263,16.0302
7907173,16.0095
7908084,15.9889
7908994,15.9682
7909905,15.9476
7910815,15.9270
7911726,15.9064
7912637,15.8859
7913548,15.8653
7914459,15.8448
7915371,15.8243
7916282,15.8038
7917193,15.7834
7918105,15.7629
7919017,15.7425
7919928,15.7221
7920840,15.7017
7921752,15.6814
7922664,15.6610
7923576,15.6407
7924489,15.6204
7925401,15.6001
7926314,15.5799
7927226,15.5596
7928139,15.5394
7929052,15.5192
7929965,15.4991
7930878,15.4789
7931791,15.4588
7932704,15.4386
7933617,15.4185
7934531,15.3985
7935444,15.3784
7936358,15.3584
7937272,15.3383
7938186,15.3183
7939100,15.2984
7940014,15.2784
7940928,15.2585
7941842,15.2385
7942757,15.2186
7943671,15.1987
7944586,15.1789
7945500,15.1590
7946415,15.1392
7947330,15.1194
7948245,15.0996
7949160,15.0798
7950076,15.0601
7950991,15.0404
7951906,15.0206
7952822,15.0009
7953738,14.9813
7954653,14.9616
7955569,14.9420
7956485,14.9224
7957401,14.9028
7958317,14.8832
7959234,14.8636
7960150,14.8441
7961067,14.8245
7961983,14.8050
7962900,14.7855
7963817,14.7661
7964734,14.7466
7965651,14.7272
7966568,14.7078
7967485,14.6884
7968402,14.6690
7969320,14.6496
7970237,14.6303
7971155,14.6110
7972073,14.5917
7972991,14.5724
7973909,14.5531
7974827,14.5339
7975745,14.5146
7976663,14.4954
7977582,14.4762
7978500,14.4570
7979419,14.4379
7980337,14.4187
7981256,14.3996
7982175,14.3805
7983094,14.3614
7984013,14.3423
7984933,14.3233
7985852,14.3043
7986771,14.2852
7987691,14.2662
7988611,14.2472
7989530,14.2283
7990450,14.2093
7991370,14.1904
7992290,14.1715
7993211,14.1526
7994131,14.1337
7995051,14.1148
7995972,14.0960
7996892,14.0772
7997813,14.0584
7998734,14.0396
7999655,14.0208
8000576,14.0020
8001497,13.9833
8002418,13.9646
8003340,13.9459
8004261,13.9272
8005183,13.9085
8006105,13.8898
8007026,13.8712
8007948,13.8526
8008870,13.8340
8009792,13.8154
8010715,13.7968
8011637,13.7783
8012559,13.7597
8013482,13.7412
8014404,13.7227
8015327,13.7042
8016250,13.6857
8017173,13.6673
8018096,13.6488
8019019,13.6304
8019943,13.6120
8020866,13.5936
8021789,13.5752
8022713,13.5569
8023637,13.5385
8024560,13.5202
8025484,13.5019
8026408,13.4836
8027333,13.4653
8028257,13.4471
8029181,13.4288
8030106,13.4106
8031030,13.3924
8031955,13.3742
8032880,13.3560
8033804,13.3379
8034729,13.3197
8035654,13.3016
8036580,13.2835
8037505,13.2654
8038430,13.2473
8039356,13.2292
8040282,13.2112
8041207,13.1931
8042133,13.1751
8043059,13.1571
8043985,13.1391
8044911,13.1212
8045837,13.1032
8046764,13.0853
8047690,13.0673
8048617,13.0494
8049544,13.0315
8050470,13.0137
8051397,12.9958
8052324,12.9779
8053251,12.9601
8054179,12.9423
8055106,12.9245
8056033,12.9067
8056961,12.8889
8057889,12.8712
8058816,12.8534
8059744,12.8357
8060672,12.8180
8061600,12.8003
8062528,12.7826
8063457,12.7650
8064385,12.7473
8065314,12.7297
8066242,12.7121
8067171,12.6945
8068100,12.6769
8069029,12.6593
8069958,12.6418
8070887,12.6242
8071816,12.6067
8072745,12.5892
8073675,12.5717
8074604,12.5542
8075534,12.5367
8076464,12.5193
8077394,12.5018
8078324,12.4844
8079254,12.4670
8080184,12.4496
8081114,12.4322
8082045,12.4148
8082975,12.3975
8083906,12.3802
8084837,12.3628
8085768,12.3455
8086699,12.3282
8087630,12.3109
8088561,12.2937
8089492,12.2764
8090423,12.2592
8091355,12.2420
8092287,12.2248
8093218,12.2076
8094150,12.1904
8095082,12.1732
8096014,12.1561
8096946,12.1389
8097878,12.1218
8098811,12.1047
8099743,12.0876
8100676,12.0705
8101609,12.0535
8102541,12.0364
8103474,12.0194
8104407,12.0024
8105340,11.9854
8106274,11.9684
8107207,11.9514
8108140,11.9344
8109074,11.9175
8110007,11.9005
8110941,11.8836
8111875,11.8667
8112809,11.8498
8113743,11.8329
8114677,11.8160
8115612,11.7992
8116546,11.7823
8117481,11.7655
8118415,11.7487
8119350,11.7319
8120285,11.7151
8121220,11.6983
8122155,11.6816
8123090,11.6648
8124025,11.6481
8124960,11.6314
8125896,11.6147
8126831,11.5980
8127767,11.5813
8128703,11.5646
8129639,11.5480
8130575,11.5313
8131511,11.5147
8132447,11.4981
8133384,11.4815
8134320,11.4649
8135257,11.4483
8136193,11.4318
8137130,11.4152
8138067,11.3987
8139004,11.3822
8139941,11.3657
8140878,11.3492
8141815,11.3327
8142753,11.3162
8143690,11.2998
8144628,11.2833
8145566,11.2669
8146504,11.2505
8147442,11.2341
8148380,11.2177
8149318,11.2013
8150256,11.1849
8151194,11.1686
8152133,11.1523
8153072,11.1359
8154010,11.1196
8154949,11.1033
8155888,11.0870
8156827,11.0708
8157766,11.0545
8158705,11.0383
8159645,11.0220
8160584,11.0058
8161524,10.9896
8162464,10.9734
8163403,10.9572
8164343,10.9410
8165283,10.9249
8166223,10.9087
8167164,10.8926
8168104,10.8765
8169044,10.8604
8169985,10.8443
8170926,10.8282
8171866,10.8121
8172807,10.7960
8173748,10.7800
8174689,10.7640
8175630,10.7479
8176572,10.7319
8177513,10.7159
8178455,10.6999
8179396,10.6840
8180338,10.6680
8181280,10.6520
8182222,10.6361
8183164,10.6202
8184106,10.6043
8185048,10.5884
8185991,10.5725
8186933,10.5566
8187876,10.5407
8188819,10.5249
8189762,10.5091
8190704,10.4932
8191647,10.4774
8192591,10.4616
8193534,10.4458
8194477,10.4300
8195421,10.4143
8196364,10.3985
8197308,10.3828
8198252,10.3670
8199196,10.3513
8200140,10.3356
8201084,10.3199
8202028,10.3042
8202972,10.2885
8203917,10.2729
8204862,10.2572
8205806,10.2416
8206751,10.2260
8207696,10.2104
8208641,10.1948
8209586,10.1792
8210531,10.1636
8211477,10.1480
8212422,10.1325
8213367,10.1169
8214313,10.1014
8215259,10.0859
8216205,10.0703
8217151,10.0548
8218097,10.0394
8219043,10.0239
8219989,10.0084
8220936,9.9930
8221882,9.9775
8222829,9.9621
8223776,9.9467
8224723,9.9313
8225669,9.9159
8226617,9.9005
8227564,9.8851
8228511,9.8698
8229458,9.8544
8230406,9.8391
8231354,9.8237
8232301,9.8084
8233249,9.7931
8234197,9.7778
8235145,9.7625
8236093,9.7473
8237042,9.7320
8237990,9.7168
8238938,9.7015
8239887,9.6863
8240836,9.6711
8241784,9.6559
8242733,9.6407
8243682,9.6255
8244632,9.6103
8245581,9.5951
8246530,9.5800
8247480,9.5649
8248429,9.5497
8249379,9.5346
8250329,9.5195
8251279,9.5044
8252229,9.4893
8253179,9.4742
8254129,9.4592
8255079,9.4441
8256030,9.4291
8256980,9.4141
8257931,9.3990
8258882,9.3840
8259833,9.3690
8260784,9.3540
8261735,9.3391
8262686,9.3241
8263637,9.3091
8264589,9.2942
8265540,9.2793
8266492,9.2643
8267444,9.2494
8268396,9.2345
8269348,9.2196
8270300,9.2047
8271252,9.1899
8272204,9.1750
8273157,9.1602
8274109,9.1453
8275062,9.1305
8276015,9.1157
8276968,9.1009
8277921,9.0861
8278874,9.0713
8279827,9.0565
8280780,9.0417
8281734,9.0270
8282687,9.0122
8283641,8.9975
8284594,8.9828
8285548,8.9681
8286502,8.9534
8287456,8.9387
8288411,8.9240
8289365,8.9093
8290319,8.8946
8291274,8.8800
8292228,8.8653
8293183,8.8507
8294138,8.8361
8295093,8.8215
8296048,8.8069
8297003,8.7923
8297958,8.7777
8298914,8.7631
8299869,8.7486
8300825,8.7340
8301781,8.7195
8302736,8.7049
8303692,8.6904
8304648,8.6759
8305605,8.6614
8306561,8.6469
8307517,8.6324
8308474,8.6179
8309430,8.6035
8310387,8.5890
8311344,8.5746
8312301,8.5601
8313258,8.5457
8314215,8.5313
8315172,8.5169
8316130,8.5025
8317087,8.4881
8318045,8.4738
8319002,8.4594
8319960,8.4450
8320918,8.4307
8321876,8.4164
8322834,8.4020
8323793,8.3877
8324751,8.3734
8325710,8.3591
8326668,8.3448
8327627,8.3305
8328586,8.3163
8329545,8.3020
8330504,8.2878
8331463,8.2735
8332422,8.2593
8333381,8.2451
8334341,8.2309
8335300,8.2167
8336260,8.2025
8337220,8.1883
8338180,8.1741
8339140,8.1600
8340100,8.1458
8341060,8.1317
8342021,8.1175
8342981,8.1034
8343942,8.0893
8344902,8.0752
8345863,8.0611
8346824,8.0470
8347785,8.0329
8348746,8.0189
8349707,8.0048
8350669,7.9908
8351630,7.9767
8352592,7.9627
8353553,7.9487
8354515,7.9347
8355477,7.9206
8356439,7.9067
8357401,7.8927
8358364,7.8787
8359326,7.8647
8360288,7.8508
8361251,7.8368
8362214,7.8229
8363176,7.8090
8364139,7.7950
8365102,7.7811
8366065,7.7672
8367029,7.7533
8367992,7.7394
8368955,7.7256
8369919,7.7117
8370883,7.6978
8371846,7.6840
8372810,7.6702
8373774,7.6563
8374738,7.6425
8375703,7.6287
8376667,7.6149
8377632,7.6011
8378596,7.5873
8379561,7.5735
8380526,7.5598
8381490,7.5460
8382455,7.5323
8383421,7.5185
8384386,7.5048
8385351,7.4911
8386317,7.4774
8387282,7.4636
8388248,7.4499
8389214,7.4363
8390180,7.4226
8391146,7.4089
8392112,7.3953
8393078,7.3816
8394044,7.3680
8395011,7.3543
8395977,7.3407
8396944,7.3271
8397911,7.3135
8398878,7.2999
8399845,7.2863
8400812,7.2727
8401779,7.2591
8402746,7.2456
8403714,7.2320
8404681,7.2184
8405649,7.2049
8406617,7.1914
8407585,7.1779
8408553,7.1643
8409521,7.1508
8410489,7.1373
8411457,7.1238
8412426,7.1104
8413395,7.0969
8414363,7.0834
8415332,7.0700
8416301,7.0565
8417270,7.0431
8418239,7.0297
8419208,7.0162
8420178,7.0028
8421147,6.9894
8422117,6.9760
8423086,6.9626
8424056,6.9493
8425026,6.9359
8425996,6.9225
8426966,6.9092
8427936,6.8958
8428907,6.8825
8429877,6.8692
8430848,6.8558
8431819,6.8425
8432789,6.8292
8433760,6.8159
8434731,6.8027
8435702,6.7894
8436674,6.7761
8437645,6.7628
8438617,6.7496
8439588,6.7363
8440560,6.7231
8441532,6.7099
8442504,6.6966
8443476,6.6834
8444448,6.6702
8445420,6.6570
8446392,6.6438
8447365,6.6307
8448337,6.6175
8449310,6.6043
8450283,6.5912
8451256,6.5780
8452229,6.5649
8453202,6.5517
8454175,6.5386
8455149,6.5255
8456122,6.5124
8457096,6.4993
8458070,6.4862
8459043,6.4731
8460017,6.4600
8460991,6.4470
8461966,6.4339
8462940,6.4209
8463914,6.4078
8464889,6.3948
8465863,6.3817
8466838,6.3687
8467813,6.3557
8468788,6.3427
8469763,6.3297
8470738,6.3167
8471713,6.3037
8472689,6.2908
8473664,6.2778
8474640,6.2648
8475616,6.2519
8476592,6.2389
8477567,6.2260
8478544,6.2131
8479520,6.2002
8480496,6.1872
8481472,6.1743
8482449,6.1614
8483426,6.1486
8484402,6.1357
8485379,6.1228
8486356,6.1099
8487333,6.0971
8488310,6.0842
8489288,6.0714
8490265,6.0585
8491243,6.0457
8492220,6.0329
8493198,6.0201
8494176,6.0073
8495154,5.9945
8496132,5.9817
8497110,5.9689
8498089,5.9561
8499067,5.9434
8500046,5.9306
8501024,5.9179
8502003,5.9051
8502982,5.8924
8503961,5.8797
8504940,5.8669
8505919,5.8542
8506899,5.8415
8507878,5.8288
8508858,5.8161
8509837,5.8034
8510817,5.7908
8511797,5.7781
8512777,5.7654
8513757,5.7528
8514737,5.7401
8515718,5.7275
8516698,5.7148
8517679,5.7022
8518659,5.6896
8519640,5.6770
8520621,5.6644
8521602,5.6518
8522583,5.6392
8523565,5.6266
8524546,5.6141
8525527,5.6015
8526509,5.5889
8527491,5.5764
8528473,5.5638
8529454,5.5513
8530437,5.5388
8531419,5.5262
8532401,5.5137
8533383,5.5012
8534366,5.4887
8535348,5.4762
8536331,5.4637
8537314,5.4513
8538297,5.4388
8539280,5.4263
8540263,5.4139
8541246,5.4014
8542230,5.3890
8543213,5.3765
8544197,5.3641
8545181,5.3517
8546165,5.3393
8547149,5.3268
8548133,5.3144
8549117,5.3021
8550101,5.2897
8551086,5.2773
8552070,5.2649
8553055,5.2525
8554040,5.2402
8555024,5.2278
8556009,5.2155
8556995,5.2031
8557980,5.1908
8558965,5.1785
8559951,5.1662
8560936,5.1539
8561922,5.1416
8562908,5.1293
8563893,5.1170
8564879,5.1047
8565866,5.0924
8566852,5.0802
8567838,5.0679
8568825,5.0556
8569811,5.0434
8570798,5.0311
8571785,5.0189
8572772,5.0067
8573759,4.9945
8574746,4.9822
8575733,4.9700
8576720,4.9578
8577708,4.9456
8578696,4.9335
8579683,4.9213
8580671,4.9091
8581659,4.8969
8582647,4.8848
8583635,4.8726
8584624,4.8605
8585612,4.8483
8586600,4.8362
8587589,4.8241
8588578,4.8120
8589567,4.7999
8590556,4.7878
8591545,4.7757
8592534,4.7636
8593523,4.7515
8594513,4.7394
8595502,4.7273
8596492,4.7153
8597482,4.7032
8598471,4.6912
8599461,4.6791
8600452,4.6671
8601442,4.6550
8602432,4.6430
8603423,4.6310
8604413,4.6190
8605404,4.6070
8606395,4.5950
8607386,4.5830
8608377,4.5710
8609368,4.5590
8610359,4.5470
8611350,4.5351
8612342,4.5231
8613333,4.5112
8614325,4.4992
8615317,4.4873
8616309,4.4753
8617301,4.4634
8618293,4.4515
8619285,4.4396
8620278,4.4277
8621270,4.4158
8622263,4.4039
8623256,4.3920
8624248,4.3801
8625241,4.3682
8626234,4.3564
8627228,4.3445
8628221,4.3326
8629214,4.3208
8630208,4.3089
8631201,4.2971
8632195,4.2853
8633189,4.2735
8634183,4.2616
8635177,4.2498
8636171,4.2380
8637166,4.2262
8638160,4.2144
8639155,4.2026
8640149,4.1909
8641144,4.1791
8642139,4.1673
8643134,4.1556
8644129,4.1438
8645125,4.1321
8646120,4.1203
8647115,4.1086
8648111,4.0968
8649107,4.0851
8650103,4.0734
8651098,4.0617
8652095,4.0500
8653091,4.0383
8654087,4.0266
8655083,4.0149
8656080,4.0032
8657076,3.9916
8658073,3.9799
8659070,3.9682
8660067,3.9566
8661064,3.9449
8662061,3.9333
8663059,3.9216
8664056,3.9100
8665054,3.8984
8666051,3.8868
8667049,3.8752
8668047,3.8635
8669045,3.8519
8670043,3.8404
8671041,3.8288
8672040,3.8172
8673038,3.8056
8674037,3.7940
8675035,3.7825
8676034,3.7709
8677033,3.7594
8678032,3.7478
8679031,3.7363
8680031,3.7247
8681030,3.7132
8682029,3.7017
8683029,3.6902
8684029,3.6787
8685029,3.6672
8686029,3.6557
8687029,3.6442
8688029,3.6327
8689029,3.6212
8690030,3.6097
8691030,3.5983
8692031,3.5868
8693032,3.5753
8694032,3.5639
8695033,3.5525
8696035,3.5410
8697036,3.5296
8698037,3.5182
8699039,3.5067
8700040,3.4953
8701042,3.4839
8702044,3.4725
8703046,3.4611
8704048,3.4497
8705050,3.4383
8706052,3.4270
8707054,3.4156
8708057,3.4042
8709059,3.3928
8710062,3.3815
8711065,3.3701
8712068,3.3588
8713071,3.3475
8714074,3.3361
8715078,3.3248
8716081,3.3135
8717084,3.3022
8718088,3.2908
8719092,3.2795
8720096,3.2682
8721100,3.2570
8722104,3.2457
8723108,3.2344
8724112,3.2231
8725117,3.2118
8726121,3.2006
8727126,3.1893
8728131,3.1781
8729136,3.1668
8730141,3.1556
8731146,3.1443
8732151,3.1331
8733157,3.1219
8734162,3.1107
8735168,3.0994
8736174,3.0882
8737179,3.0770
8738185,3.0658
8739191,3.0547
8740198,3.0435
8741204,3.0323
8742210,3.0211
8743217,3.0099
8744224,2.9988
8745230,2.9876
8746237,2.9765
8747244,2.9653
8748251,2.9542
8749259,2.9430
8750266,2.9319
8751273,2.9208
8752281,2.9097
8753289,2.8986
8754297,2.8875
8755304,2.8764
8756313,2.8653
8757321,2.8542
8758329,2.8431
8759337,2.8320
8760346,2.8209
8761355,2.8099
8762363,2.7988
8763372,2.7877
8764381,2.7767
8765390,2.7656
8766399,2.7546
8767409,2.7436
8768418,2.7325
8769428,2.7215
8770437,2.7105
8771447,2.6995
8772457,2.6885
8773467,2.6775
8774477,2.6665
8775488,2.6555
8776498,2.6445
8777508,2.6335
8778519,2.6225
8779530,2.6115
8780541,2.6006
8781552,2.5896
8782563,2.5787
8783574,2.5677
8784585,2.5568
8785597,2.5458
8786608,2.5349
8787620,2.5240
8788631,2.5130
8789643,2.5021
8790655,2.4912
8791667,2.4803
8792680,2.4694
8793692,2.4585
8794705,2.4476
8795717,2.4367
8796730,2.4259
8797743,2.4150
8798756,2.4041
8799769,2.3932
8800782,2.3824
8801795,2.3715
8802809,2.3607
8803822,2.3498
8804836,2.3390
8805849,2.3282
8806863,2.3173
8807877,2.3065
8808891,2.2957
8809906,2.2849
8810920,2.2741
8811934,2.2633
8812949,2.2525
8813964,2.2417
8814978,2.2309
8815993,2.2201
8817008,2.2093
8818024,2.1986
8819039,2.1878
8820054,2.1770
8821070,2.1663
8822085,2.1555
8823101,2.1448
8824117,2.1340
8825133,2.1233
8826149,2.1126
8827165,2.1018
8828182,2.0911
8829198,2.0804
8830215,2.0697
8831231,2.0590
8832248,2.0483
8833265,2.0376
8834282,2.0269
8835299,2.0162
8836316,2.0055
8837334,1.9949
8838351,1.9842
8839369,1.9735
8840387,1.9629
8841404,1.9522
8842422,1.9416
8843440,1.9309
8844459,1.9203
8845477,1.9097
8846495,1.8990
8847514,1.8884
8848533,1.8778
8849551,1.8672
8850570,1.8566
8851589,1.8459
8852608,1.8353
8853628,1.8248
8854647,1.8142
8855667,1.8036
8856686,1.7930
8857706,1.7824
8858726,1.7719
8859746,1.7613
8860766,1.7507
8861786,1.7402
8862806,1.7296
8863827,1.7191
8864847,1.7085
8865868,1.6980
8866889,1.6875
8867910,1.6769
8868931,1.6664
8869952,1.6559
8870973,1.6454
8871994,1.6349
8873016,1.6244
8874037,1.6139
8875059,1.6034
8876081,1.5929
8877103,1.5824
8878125,1.5720
8879147,1.5615
8880169,1.5510
8881192,1.5405
8882214,1.5301
8883237,1.5196
8884260,1.5092
8885283,1.4987
8886306,1.4883
8887329,1.4779
8888352,1.4674
8889376,1.4570
8890399,1.4466
8891423,1.4362
8892446,1.4258
8893470,1.4154
8894494,1.4050
8895518,1.3946
8896542,1.3842
8897567,1.3738
8898591,1.3634
8899616,1.3530
8900640,1.3427
8901665,1.3323
8902690,1.3219
8903715,1.3116
8904740,1.3012
8905765,1.2909
8906791,1.2805
8907816,1.2702
8908842,1.2599
8909868,1.2495
8910894,1.2392
8911919,1.2289
8912946,1.2186
8913972,1.2082
8914998,1.1979
8916025,1.1876
8917051,1.1773
8918078,1.1670
8919105,1.1568
8920131,1.1465
8921158,1.1362
8922186,1.1259
8923213,1.1157
8924240,1.1054
8925268,1.0951
8926295,1.0849
8927323,1.0746
8928351,1.0644
8929379,1.0541
8930407,1.0439
8931435,1.0337
8932464,1.0234
8933492,1.0132
8934521,1.0030
8935549,0.9928
8936578,0.9826
8937607,0.9724
8938636,0.9622
8939665,0.9520
8940694,0.9418
8941724,0.9316
8942753,0.9214
8943783,0.9112
8944813,0.9010
8945843,0.8909
8946873,0.8807
8947903,0.8705
8948933,0.8604
8949963,0.8502
8950994,0.8401
8952024,0.8300
8953055,0.8198
8954086,0.8097
8955117,0.7996
8956148,0.7894
8957179,0.7793
8958210,0.7692
8959242,0.7591
8960273,0.7490
8961305,0.7389
8962337,0.7288
8963369,0.7187
8964401,0.7086
8965433,0.6985
8966465,0.6884
8967497,0.6783
8968530,0.6683
8969562,0.6582
8970595,0.6481
8971628,0.6381
8972661,0.6280
8973694,0.6180
8974727,0.6079
8975760,0.5979
8976794,0.5879
8977827,0.5778
8978861,0.5678
8979895,0.5578
8980929,0.5478
8981963,0.5377
8982997,0.5277
8984031,0.5177
8985066,0.5077
8986100,0.4977
8987135,0.4877
8988170,0.4778
8989204,0.4678
8990239,0.4578
8991274,0.4478
8992310,0.4378
8993345,0.4279
8994380,0.4179
8995416,0.4080
8996452,0.3980
8997488,0.3880
8998523,0.3781
8999560,0.3682
9000596,0.3582
9001632,0.3483
9002668,0.3384
9003705,0.3284
9004742,0.3185
9005778,0.3086
9006815,0.2987
9007852,0.2888
9008889,0.2789
9009927,0.2690
9010964,0.2591
9012001,0.2492
9013039,0.2393
9014077,0.2294
9015115,0.2196
9016153,0.2097
9017191,0.1998
9018229,0.1899
9019267,0.1801
9020306,0.1702
9021344,0.1604
9022383,0.1505
9023422,0.1407
9024461,0.1308
9025500,0.1210
9026539,0.1112
9027578,0.1014
9028618,0.0915
9029657,0.0817
9030697,0.0719
9031736,0.0621
9032776,0.0523
9033816,0.0425
9034856,0.0327
9035897,0.0229
9036937,0.0131
9037977,0.0033
9039018,-0.0065
9040059,-0.0163
9041100,-0.0260
9042141,-0.0358
9043182,-0.0456
9044223,-0.0553
9045264,-0.0651
9046306,-0.0748
9047347,-0.0846
9048389,-0.0943
9049431,-0.1041
9050473,-0.1138
9051515,-0.1235
9052557,-0.1333
9053599,-0.1430
9054641,-0.1527
9055684,-0.1624
9056727,-0.1721
9057769,-0.1818
9058812,-0.1916
9059855,-0.2013
9060898,-0.2109
9061942,-0.2206
9062985,-0.2303
9064028,-0.2400
9065072,-0.2497
9066116,-0.2594
9067159,-0.2690
9068203,-0.2787
9069248,-0.2884
9070292,-0.2980
9071336,-0.3077
9072380,-0.3173
9073425,-0.3270
9074470,-0.3366
9075514,-0.3463
9076559,-0.3559
9077604,-0.3655
9078650,-0.3752
9079695,-0.3848
9080740,-0.3944
9081786,-0.4040
9082831,-0.4136
9083877,-0.4233
9084923,-0.4329
9085969,-0.4425
9087015,-0.4521
9088061,-0.4616
9089108,-0.4712
9090154,-0.4808
9091201,-0.4904
9092248,-0.5000
9093294,-0.5096
9094341,-0.5191
9095389,-0.5287
9096436,-0.5382
9097483,-0.5478
9098530,-0.5574
9099578,-0.5669
9100626,-0.5765
9101674,-0.5860
9102721,-0.5955
9103770,-0.6051
9104818,-0.6146
9105866,-0.6241
9106914,-0.6336
9107963,-0.6432
9109012,-0.6527
9110060,-0.6622
9111109,-0.6717
9112158,-0.6812
9113207,-0.6907
9114257,-0.7002
9115306,-0.7097
9116356,-0.7192
9117405,-0.7287
9118455,-0.7381
9119505,-0.7476
9120555,-0.7571
9121605,-0.7666
9122655,-0.7760
9123705,-0.7855
9124756,-0.7949
9125806,-0.8044
9126857,-0.8138
9127908,-0.8233
9128959,-0.8327
9130010,-0.8422
9131061,-0.8516
9132113,-0.8610
9133164,-0.8705
9134216,-0.8799
9135267,-0.8893
9136319,-0.8987
9137371,-0.9081
9138423,-0.9175
9139475,-0.9269
9140527,-0.9363
9141580,-0.9457
9142632,-0.9551
9143685,-0.9645
9144738,-0.9739
9145791,-0.9833
9146844,-0.9927
9147897,-1.0020
9148950,-1.0114
9150003,-1.0208
9151057,-1.0302
9152110,-1.0395
9153164,-1.0489
9154218,-1.0582
9155272,-1.0676
9156326,-1.0769
9157380,-1.0863
9158435,-1.0956
9159489,-1.1049
9160544,-1.1143
9161598,-1.1236
9162653,-1.1329
9163708,-1.1422
9164763,-1.1515
9165819,-1.1609
9166874,-1.1702
9167929,-1.1795
9168985,-1.1888
9170041,-1.1981
9171096,-1.2074
9172152,-1.2166
9173208,-1.2259
9174264,-1.2352
9175321,-1.2445
9176377,-1.2538
9177434,-1.2630
9178490,-1.2723
9179547,-1.2816
9180604,-1.2908
9181661,-1.3001
9182718,-1.3093
9183775,-1.3186
9184833,-1.3278
9185890,-1.3371
9186948,-1.3463
9188006,-1.3556
9189064,-1.3648
9190122,-1.3740
9191180,-1.3832
9192238,-1.3925
9193296,-1.4017
9194355,-1.4109
9195413,-1.4201
9196472,-1.4293
9197531,-1.4385
9198590,-1.4477
9199649,-1.4569
9200708,-1.4661
9201767,-1.4753
9202827,-1.4845
9203887,-1.4937
9204946,-1.5028
9206006,-1.5120
9207066,-1.5212
9208126,-1.5304
9209186,-1.5395
9210247,-1.5487
9211307,-1.5578
9212368,-1.5670
9213428,-1.5761
9214489,-1.5853
9215550,-1.5944
9216611,-1.6036
9217672,-1.6127
9218733,-1.6218
9219795,-1.6310
9220856,-1.6401
9221918,-1.6492
9222980,-1.6583
9224042,-1.6674
9225104,-1.6766
9226166,-1.6857
9227228,-1.6948
9228290,-1.7039
9229353,-1.7130
9230416,-1.7221
9231478,-1.7312
9232541,-1.7402
9233604,-1.7493
9234667,-1.7584
9235731,-1.7675
9236794,-1.7766
9237857,-1.7856
9238921,-1.7947
9239985,-1.8038
9241049,-1.8128
9242113,-1.8219
9243177,-1.8309
9244241,-1.8400
9245305,-1.8490
9246370,-1.8581
9247434,-1.8671
9248499,-1.8761
9249564,-1.8852
9250629,-1.8942
9251694,-1.9032
9252759,-1.9123
9253824,-1.9213
9254890,-1.9303
9255955,-1.9393
9257021,-1.9483
9258087,-1.9573
9259153,-1.9663
9260219,-1.9753
9261285,-1.9843
9262351,-1.9933
9263418,-2.0023
9264484,-2.0113
9265551,-2.0203
9266618,-2.0292
9267685,-2.0382
9268752,-2.0472
9269819,-2.0562
9270886,-2.0651
9271954,-2.0741
9273021,-2.0830
9274089,-2.0920
9275157,-2.1009
9276225,-2.1099
9277293,-2.1188
9278361,-2.1278
9279429,-2.1367
9280497,-2.1457
9281566,-2.1546
9282635,-2.1635
9283703,-2.1724
9284772,-2.1814
9285841,-2.1903
9286910,-2.1992
9287980,-2.2081
9289049,-2.2170
9290119,-2.2259
9291188,-2.2348
9292258,-2.2437
9293328,-2.2526
9294398,-2.2615
9295468,-2.2704
9296538,-2.2793
9297608,-2.2882
9298679,-2.2970
9299750,-2.3059
9300820,-2.3148
9301891,-2.3237
9302962,-2.3325
9304033,-2.3414
9305104,-2.3502
9306176,-2.3591
9307247,-2.3680
9308319,-2.3768
9309391,-2.3857
9310462,-2.3945
9311534,-2.4033
9312607,-2.4122
9313679,-2.4210
9314751,-2.4298
9315824,-2.4387
9316896,-2.4475
9317969,-2.4563
9319042,-2.4651
9320115,-2.4739
9321188,-2.4827
9322261,-2.4916
9323334,-2.5004
9324408,-2.5092
9325481,-2.5180
9326555,-2.5268
9327629,-2.5355
9328703,-2.5443
9329777,-2.5531
9330851,-2.5619
9331925,-2.5707
9333000,-2.5795
9334074,-2.5882
9335149,-2.5970
9336224,-2.6058
9337299,-2.6145
9338374,-2.6233
9339449,-2.6320
9340524,-2.6408
9341600,-2.6495
9342675,-2.6583
9343751,-2.6670
9344827,-2.6758
9345903,-2.6845
9346979,-2.6933
9348055,-2.7020
9349131,-2.7107
9350208,-2.7194
9351284,-2.7282
9352361,-2.7369
9353438,-2.7456
9354515,-2.7543
9355592,-2.7630
9356669,-2.7717
9357746,-2.7804
9358823,-2.7891
9359901,-2.7978
9360979,-2.8065
9362056,-2.8152
9363134,-2.8239
9364212,-2.8326
9365291,-2.8413
9366369,-2.8499
9367447,-2.8586
9368526,-2.8673
9369604,-2.8760
9370683,-2.8846
9371762,-2.8933
9372841,-2.9019
9373920,-2.9106
9375000,-2.9193
9376079,-2.9279
9377158,-2.9366
9378238,-2.9452
9379318,-2.9538
9380398,-2.9625
9381478,-2.9711
9382558,-2.9797
9383638,-2.9884
9384719,-2.9970
9385799,-3.0056
9386880,-3.0142
9387961,-3.0229
9389041,-3.0315
9390122,-3.0401
9391204,-3.0487
9392285,-3.0573
9393366,-3.0659
9394448,-3.0745
9395529,-3.0831
9396611,-3.0917
9397693,-3.1003
9398775,-3.1089
9399857,-3.1175
9400939,-3.1260
9402022,-3.1346
9403104,-3.1432
9404187,-3.1518
9405270,-3.1603
9406353,-3.1689
9407436,-3.1775
9408519,-3.1860
9409602,-3.1946
9410685,-3.2031
9411769,-3.2117
9412853,-3.2202
9413936,-3.2288
9415020,-3.2373
9416104,-3.2458
9417188,-3.2544
9418273,-3.2629
9419357,-3.2714
9420441,-3.2800
9421526,-3.2885
9422611,-3.2970
9423696,-3.3055
9424781,-3.3141
9425866,-3.3226
9426951,-3.3311
9428036,-3.3396
9429122,-3.3481
9430208,-3.3566
9431293,-3.3651
9432379,-3.3736
9433465,-3.3821
9434551,-3.3906
9435638,-3.3990
9436724,-3.4075
9437811,-3.4160
9438897,-3.4245
9439984,-3.4330
9441071,-3.4414
9442158,-3.4499
9443245,-3.4584
9444332,-3.4668
9445420,-3.4753
9446507,-3.4837
9447595,-3.4922
9448682,-3.5006
9449770,-3.5091
9450858,-3.5175
9451946,-3.5260
9453035,-3.5344
9454123,-3.5429
9455212,-3.5513
9456300,-3.5597
9457389,-3.5681
9458478,-3.5766
9459567,-3.5850
9460656,-3.5934
9461745,-3.6018
9462835,-3.6102
9463924,-3.6186
9465014,-3.6271
9466104,-3.6355
9467194,-3.6439
9468284,-3.6523
9469374,-3.6607
9470464,-3.6690
9471554,-3.6774
9472645,-3.6858
9473735,-3.6942
9474826,-3.7026
9475917,-3.7110
9477008,-3.7193
9478099,-3.7277
9479191,-3.7361
9480282,-3.7445
9481373,-3.7528
9482465,-3.7612
9483557,-3.7695
9484649,-3.7779
9485741,-3.7863
9486833,-3.7946
9487925,-3.8030
9489018,-3.8113
9490110,-3.8196
9491203,-3.8280
9492296,-3.8363
9493389,-3.8446
9494482,-3.8530
9495575,-3.8613
9496668,-3.8696
9497761,-3.8780
9498855,-3.8863
9499949,-3.8946
9501042,-3.9029
9502136,-3.9112
9503230,-3.9195
9504324,-3.9278
9505419,-3.9361
9506513,-3.9444
9507608,-3.9527
9508702,-3.9610
9509797,-3.9693
9510892,-3.9776
9511987,-3.9859
9513082,-3.9942
9514178,-4.0025
9515273,-4.0107
9516369,-4.0190
9517464,-4.0273
9518560,-4.0356
9519656,-4.0438
9520752,-4.0521
9521848,-4.0603
9522945,-4.0686
9524041,-4.0769
9525138,-4.0851
9526234,-4.0934
9527331,-4.1016
9528428,-4.1099
9529525,-4.1181
9530622,-4.1263
9531720,-4.1346
9532817,-4.1428
9533915,-4.1510
9535012,-4.1593
9536110,-4.1675
9537208,-4.1757
9538306,-4.1839
9539404,-4.1922
9540503,-4.2004
9541601,-4.2086
9542700,-4.2168
9543798,-4.2250
9544897,-4.2332
9545996,-4.2414
9547095,-4.2496
9548194,-4.2578
9549294,-4.2660
9550393,-4.2742
9551493,-4.2824
9552593,-4.2906
9553692,-4.2987
9554792,-4.3069
9555892,-4.3151
9556993,-4.3233
9558093,-4.3315
9559194,-4.3396
9560294,-4.3478
9561395,-4.3560
9562496,-4.3641
9563597,-4.3723
9564698,-4.3804
9565799,-4.3886
9566900,-4.3967
9568002,-4.4049
9569104,-4.4130
9570205,-4.4212
9571307,-4.4293
9572409,-4.4374
9573511,-4.4456
9574614,-4.4537
9575716,-4.4618
9576818,-4.4700
9577921,-4.4781
9579024,-4.4862
9580127,-4.4943
9581230,-4.5025
9582333,-4.5106
9583436,-4.5187
9584540,-4.5268
9585643,-4.5349
9586747,-4.5430
9587851,-4.5511
9588954,-4.5592
9590058,-4.5673
9591163,-4.5754
9592267,-4.5835
9593371,-4.5916
9594476,-4.5996
9595581,-4.6077
9596685,-4.6158
9597790,-4.6239
9598895,-4.6320
9600000,-4.6400
9601106,-4.6481
9602211,-4.6562
9603317,-4.6642
9604422,-4.6723
9605528,-4.6804
9606634,-4.6884
9607740,-4.6965
9608846,-4.7045
9609953,-4.7126
9611059,-4.7206
9612166,-4.7287
9613273,-4.7367
9614379,-4.7447
9615486,-4.7528
9616593,-4.7608
9617701,-4.7688
9618808,-4.7769
9619915,-4.7849
9621023,-4.7929
9622131,-4.8009
9623239,-4.8090
9624347,-4.8170
9625455,-4.8250
9626563,-4.8330
9627671,-4.8410
9628780,-4.8490
9629888,-4.8570
9630997,-4.8650
9632106,-4.8730
9633215,-4.8810
9634324,-4.8890
9635433,-4.8970
9636543,-4.9050
9637652,-4.9130
9638762,-4.9209
9639872,-4.9289
9640982,-4.9369
9642092,-4.9449
9643202,-4.9528
9644312,-4.9608
9645422,-4.9688
9646533,-4.9768
9647644,-4.9847
9648754,-4.9927
9649865,-5.0006
9650976,-5.0086
9652088,-5.0165
9653199,-5.0245
9654310,-5.0324
9655422,-5.0404
9656534,-5.0483
9657645,-5.0563
9658757,-5.0642
9659869,-5.0721
9660982,-5.0801
9662094,-5.0880
9663206,-5.0959
9664319,-5.1039
9665432,-5.1118
9666545,-5.1197
9667657,-5.1276
9668771,-5.1355
9669884,-5.1434
9670997,-5.1514
9672111,-5.1593
9673224,-5.1672
9674338,-5.1751
9675452,-5.1830
9676566,-5.1909
9677680,-5.1988
9678794,-5.2067
9679909,-5.2145
9681023,-5.2224
9682138,-5.2303
9683252,-5.2382
9684367,-5.2461
9685482,-5.2540
9686598,-5.2618
9687713,-5.2697
9688828,-5.2776
9689944,-5.2855
9691059,-5.2933
9692175,-5.3012
9693291,-5.3090
9694407,-5.3169
9695523,-5.3248
9696640,-5.3326
9697756,-5.3405
9698873,-5.3483
9699989,-5.3562
9701106,-5.3640
9702223,-5.3718
9703340,-5.3797
9704457,-5.3875
9705575,-5.3954
9706692,-5.4032
9707810,-5.4110
9708927,-5.4188
9710045,-5.4267
9711163,-5.4345
9712281,-5.4423
9713400,-5.4501
9714518,-5.4580
9715636,-5.4658
9716755,-5.4736
9717874,-5.4814
9718993,-5.4892
9720112,-5.4970
9721231,-5.5048
9722350,-5.5126
9723469,-5.5204
9724589,-5.5282
9725709,-5.5360
9726828,-5.5438
9727948,-5.5516
9729068,-5.5593
9730189,-5.5671
9731309,-5.5749
9732429,-5.5827
9733550,-5.5905
9734670,-5.5982
9735791,-5.6060
9736912,-5.6138
9738033,-5.6215
9739154,-5.6293
9740276,-5.6371
9741397,-5.6448
9742519,-5.6526
9743641,-5.6603
9744762,-5.6681
9745884,-5.6758
9747006,-5.6836
9748129,-5.6913
9749251,-5.6991
9750374,-5.7068
9751496,-5.7145
9752619,-5.7223
9753742,-5.7300
9754865,-5.7377
9755988,-5.7455
9757111,-5.7532
9758235,-5.7609
9759358,-5.7686
9760482,-5.7764
9761606,-5.7841
9762729,-5.7918
9763854,-5.7995
9764978,-5.8072
9766102,-5.8149
9767226,-5.8226
9768351,-5.8303
9769476,-5.8380
9770600,-5.8457
9771725,-5.8534
9772850,-5.8611
9773976,-5.8688
9775101,-5.8765
9776226,-5.8842
9777352,-5.8919
9778478,-5.8995
9779604,-5.9072
9780730,-5.9149
9781856,-5.9226
9782982,-5.9303
9784108,-5.9379
9785235,-5.9456
9786362,-5.9533
9787488,-5.9609
9788615,-5.9686
9789742,-5.9762
9790869,-5.9839
9791997,-5.9916
9793124,-5.9992
9794252,-6.0069
9795379,-6.0145
9796507,-6.0222
9797635,-6.0298
9798763,-6.0374
9799891,-6.0451
9801020,-6.0527
9802148,-6.0603
9803277,-6.0680
9804405,-6.0756
9805534,-6.0832
9806663,-6.0909
9807792,-6.0985
9808921,-6.1061
9810051,-6.1137
9811180,-6.1213
9812310,-6.1290
9813440,-6.1366
9814569,-6.1442
9815700,-6.1518
9816830,-6.1594
9817960,-6.1670
9819090,-6.1746
9820221,-6.1822
9821352,-6.1898
9822482,-6.1974
9823613,-6.2050
9824744,-6.2126
9825875,-6.2202
9827007,-6.2277
9828138,-6.2353
9829270,-6.2429
9830401,-6.2505
9831533,-6.2581
9832665,-6.2656
9833797,-6.2732
9834930,-6.2808
9836062,-6.2883
9837194,-6.2959
9838327,-6.3035
9839460,-6.3110
9840593,-6.3186
9841726,-6.3261
9842859,-6.3337
9843992,-6.3413
9845125,-6.3488
9846259,-6.3564
9847393,-6.3639
9848526,-6.3714
9849660,-6.3790
9850794,-6.3865
9851929,-6.3941
9853063,-6.4016
9854197,-6.4091
9855332,-6.4167
9856467,-6.4242
9857601,-6.4317
9858736,-6.4392
9859871,-6.4468
9861007,-6.4543
9862142,-6.4618
9863278,-6.4693
9864413,-6.4768
9865549,-6.4843
9866685,-6.4918
9867821,-6.4993
9868957,-6.5068
9870093,-6.5144
9871230,-6.5219
9872366,-6.5293
9873503,-6.5368
9874640,-6.5443
9875777,-6.5518
9876914,-6.5593
9878051,-6.5668
9879188,-6.5743
9880326,-6.5818
9881463,-6.5893
9882601,-6.5967
9883739,-6.6042
9884877,-6.6117
9886015,-6.6192
9887153,-6.6266
9888291,-6.6341
9889430,-6.6416
9890568,-6.6490
9891707,-6.6565
9892846,-6.6639
9893985,-6.6714
9895124,-6.6789
9896264,-6.6863
9897403,-6.6938
9898543,-6.7012
9899682,-6.7087
9900822,-6.7161
9901962,-6.7235
9903102,-6.7310
9904242,-6.7384
9905383,-6.7459
9906523,-6.7533
9907664,-6.7607
9908804,-6.7682
9909945,-6.7756
9911086,-6.7830
9912227,-6.7904
9913369,-6.7979
9914510,-6.8053
9915652,-6.8127
9916793,-6.8201
9917935,-6.8275
9919077,-6.8349
9920219,-6.8423
9921361,-6.8497
9922503,-6.8571
9923646,-6.8645
9924788,-6.8719
9925931,-6.8793
9927074,-6.8867
9928217,-6.8941
9929360,-6.9015
9930503,-6.9089
9931647,-6.9163
9932790,-6.9237
9933934,-6.9311
9935077,-6.9385
9936221,-6.9458
9937365,-6.9532
9938509,-6.9606
9939654,-6.9680
9940798,-6.9753
9941943,-6.9827
9943087,-6.9901
9944232,-6.9974
9945377,-7.0048
9946522,-7.0122
9947667,-7.0195
9948813,-7.0269
9949958,-7.0342
9951104,-7.0416
9952249,-7.0489
9953395,-7.0563
9954541,-7.0636
9955687,-7.0710
9956834,-7.0783
9957980,-7.0857
9959127,-7.0930
9960273,-7.1003
9961420,-7.1077
9962567,-7.1150
9963714,-7.1223
9964861,-7.1297
9966009,-7.1370
9967156,-7.1443
9968304,-7.1516
9969451,-7.1590
9970599,-7.1663
9971747,-7.1736
9972895,-7.1809
9974043,-7.1882
9975192,-7.1955
9976340,-7.2028
9977489,-7.2101
9978638,-7.2174
9979787,-7.2247
9980936,-7.2320
9982085,-7.2393
9983234,-7.2466
9984384,-7.2539
9985533,-7.2612
9986683,-7.2685
9987833,-7.2758
9988983,-7.2831
9990133,-7.2904
9991283,-7.2977
9992433,-7.3049
9993584,-7.3122
9994734,-7.3195
9995885,-7.3268
9997036,-7.3340
9998187,-7.3413
9999338,-7.3486
10000489,-7.3558
10001641,-7.3631
10002792,-7.3704
10003944,-7.3776
10005096,-7.3849
10006248,-7.3921
10007400,-7.3994
10008552,-7.4067
10009704,-7.4139
10010857,-7.4211
10012010,-7.4284
10013162,-7.4356
10014315,-7.4429
10015468,-7.4501
10016621,-7.4574
10017775,-7.4646
10018928,-7.4718
10020082,-7.4791
10021235,-7.4863
10022389,-7.4935
10023543,-7.5008
10024697,-7.5080
10025851,-7.5152
10027006,-7.5224
10028160,-7.5296
10029315,-7.5369
10030469,-7.5441
10031624,-7.5513
10032779,-7.5585
10033934,-7.5657
10035090,-7.5729
10036245,-7.5801
10037401,-7.5873
10038556,-7.5945
10039712,-7.6017
10040868,-7.6089
10042024,-7.6161
10043180,-7.6233
10044337,-7.6305
10045493,-7.6377
10046650,-7.6449
10047806,-7.6521
10048963,-7.6592
10050120,-7.6664
10051277,-7.6736
10052435,-7.6808
10053592,-7.6880
10054749,-7.6951
10055907,-7.7023
10057065,-7.7095
10058223,-7.7166
10059381,-7.7238
10060539,-7.7310
10061697,-7.7381
10062856,-7.7453
10064015,-7.7525
10065173,-7.7596
10066332,-7.7668
10067491,-7.7739
10068650,-7.7811
10069810,-7.7882
10070969,-7.7954
10072128,-7.8025
10073288,-7.8097
10074448,-7.8168
10075608,-7.8239
10076768,-7.8311
10077928,-7.8382
10079088,-7.8454
10080249,-7.8525
10081409,-7.8596
10082570,-7.8667
10083731,-7.8739
10084892,-7.8810
10086053,-7.8881
10087214,-7.8952
10088376,-7.9024
10089537,-7.9095
10090699,-7.9166
10091861,-7.9237
10093023,-7.9308
10094185,-7.9379
10095347,-7.9450
10096509,-7.9521
10097672,-7.9592
10098834,-7.9663
10099997,-7.9734
10101160,-7.9805
10102323,-7.9876
10103486,-7.9947
10104650,-8.0018
10105813,-8.0089
10106976,-8.0160
10108140,-8.0231
10109304,-8.0302
10110468,-8.0373
10111632,-8.0443
10112796,-8.0514
10113961,-8.0585
10115125,-8.0656
10116290,-8.0727
10117454,-8.0797
10118619,-8.0868
10119784,-8.0939
10120949,-8.1009
10122115,-8.1080
10123280,-8.1151
10124446,-8.1221
10125611,-8.1292
10126777,-8.1362
10127943,-8.1433
10129109,-8.1503
10130275,-8.1574
10131442,-8.1644
10132608,-8.1715
10133775,-8.1785
10134942,-8.1856
10136109,-8.1926
10137276,-8.1997
10138443,-8.2067
10139610,-8.2137
10140778,-8.2208
10141945,-8.2278
10143113,-8.2348
10144281,-8.2419
10145449,-8.2489
10146617,-8.2559
10147785,-8.2630
10148953,-8.2700
10150122,-8.2770
10151290,-8.2840
10152459,-8.2910
10153628,-8.2981
10154797,-8.3051
10155966,-8.3121
10157136,-8.3191
10158305,-8.3261
10159475,-8.3331
10160644,-8.3401
10161814,-8.3471
10162984,-8.3541
10164154,-8.3611
10165325,-8.3681
10166495,-8.3751
10167666,-8.3821
10168836,-8.3891
10170007,-8.3961
10171178,-8.4031
10172349,-8.4101
10173520,-8.4170
10174692,-8.4240
10175863,-8.4310
10177035,-8.4380
10178206,-8.4450
10179378,-8.4519
10180550,-8.4589
10181722,-8.4659
10182895,-8.4729
10184067,-8.4798
10185240,-8.4868
10186412,-8.4938
10187585,-8.5007
10188758,-8.5077
10189931,-8.5146
10191104,-8.5216
10192278,-8.5286
10193451,-8.5355
10194625,-8.5425
10195799,-8.5494
10196973,-8.5564
10198147,-8.5633
10199321,-8.5703
10200495,-8.5772
10201670,-8.5841
10202844,-8.5911
10204019,-8.5980
10205194,-8.6050
10206369,-8.6119
10207544,-8.6188
10208719,-8.6258
10209895,-8.6327
10211070,-8.6396
10212246,-8.6465
10213421,-8.6535
10214597,-8.6604
10215773,-8.6673
10216950,-8.6742
10218126,-8.6811
10219302,-8.6881
10220479,-8.6950
10221656,-8.7019
10222833,-8.7088
10224010,-8.7157
10225187,-8.7226
10226364,-8.7295
10227542,-8.7364
10228719,-8.7433
10229897,-8.7502
10231075,-8.7571
10232253,-8.7640
10233431,-8.7709
10234609,-8.7778
10235787,-8.7847
10236966,-8.7916
10238144,-8.7985
10239323,-8.8054
10240502,-8.8122
10241681,-8.8191
10242860,-8.8260
10244040,-8.8329
10245219,-8.8398
10246399,-8.8466
10247579,-8.8535
10248758,-8.8604
10249938,-8.8673
10251119,-8.8741
10252299,-8.8810
10253479,-8.8879
10254660,-8.8947
10255840,-8.9016
10257021,-8.9084
10258202,-8.9153
10259383,-8.9222
10260564,-8.9290
10261746,-8.9359
10262927,-8.9427
10264109,-8.9496
10265291,-8.9564
10266473,-8.9633
10267655,-8.9701
10268837,-8.9770
10270019,-8.9838
10271202,-8.9906
10272384,-8.9975
10273567,-9.0043
10274750,-9.0112
10275933,-9.0180
10277116,-9.0248
10278299,-9.0316
10279483,-9.0385
10280666,-9.0453
10281850,-9.0521
10283034,-9.0589
10284218,-9.0658
10285402,-9.0726
10286586,-9.0794
10287770,-9.0862
10288955,-9.0930
10290139,-9.0999
10291324,-9.1067
10292509,-9.1135
10293694,-9.1203
10294879,-9.1271
10296065,-9.1339
10297250,-9.1407
10298436,-9.1475
10299621,-9.1543
10300807,-9.1611
10301993,-9.1679
10303179,-9.1747
10304365,-9.1815
10305552,-9.1883
10306738,-9.1951
10307925,-9.2018
10309112,-9.2086
10310299,-9.2154
10311486,-9.2222
10312673,-9.2290
10313861,-9.2358
10315048,-9.2425
10316236,-9.2493
10317423,-9.2561
10318611,-9.2629
10319799,-9.2696
10320988,-9.2764
10322176,-9.2832
10323364,-9.2899
10324553,-9.2967
10325742,-9.3035
10326931,-9.3102
10328120,-9.3170
10329309,-9.3237
10330498,-9.3305
10331687,-9.3373
10332877,-9.3440
10334067,-9.3508
10335256,-9.3575
10336446,-9.3643
10337636,-9.3710
10338827,-9.3778
10340017,-9.3845
10341208,-9.3912
10342398,-9.3980
10343589,-9.4047
10344780,-9.4115
10345971,-9.4182
10347162,-9.4249
10348353,-9.4317
10349545,-9.4384
10350737,-9.4451
10351928,-9.4518
10353120,-9.4586
10354312,-9.4653
10355504,-9.4720
10356697,-9.4787
10357889,-9.4855
10359082,-9.4922
10360274,-9.4989
10361467,-9.5056
10362660,-9.5123
10363853,-9.5190
10365046,-9.5257
10366240,-9.5324
10367433,-9.5391
10368627,-9.5459
10369821,-9.5526
10371015,-9.5593
10372209,-9.5660
10373403,-9.5727
10374597,-9.5793
10375792,-9.5860
10376987,-9.5927
10378181,-9.5994
10379376,-9.6061
10380571,-9.6128
10381766,-9.6195
10382962,-9.6262
10384157,-9.6329
10385353,-9.6395
10386549,-9.6462
10387744,-9.6529
10388940,-9.6596
10390137,-9.6663
10391333,-9.6729
10392529,-9.6796
10393726,-9.6863
10394922,-9.6929
10396119,-9.6996
10397316,-9.7063
10398513,-9.7129
10399711,-9.7196
10400908,-9.7263
10402106,-9.7329
10403303,-9.7396
10404501,-9.7462
10405699,-9.7529
10406897,-9.7596
10408095,-9.7662
10409294,-9.7729
10410492,-9.7795
10411691,-9.7861
10412889,-9.7928
10414088,-9.7994
10415287,-9.8061
10416486,-9.8127
10417686,-9.8194
10418885,-9.8260
10420085,-9.8326
10421285,-9.8393
10422484,-9.8459
10423684,-9.8525
10424885,-9.8592
10426085,-9.8658
10427285,-9.8724
10428486,-9.8790
10429687,-9.8857
10430887,-9.8923
10432088,-9.8989
10433289,-9.9055
10434491,-9.9121
10435692,-9.9188
10436894,-9.9254
10438095,-9.9320
10439297,-9.9386
10440499,-9.9452
10441701,-9.9518
10442903,-9.9584
10444106,-9.9650
10445308,-9.9716
10446511,-9.9782
10447713,-9.9848
10448916,-9.9914
10450119,-9.9980
10451323,-10.0046
10452526,-10.0112
10453729,-10.0178
10454933,-10.0244
10456137,-10.0310
10457341,-10.0376
10458545,-10.0442
10459749,-10.0508
10460953,-10.0573
10462158,-10.0639
10463362,-10.0705
10464567,-10.0771
10465772,-10.0837
10466977,-10.0902
10468182,-10.0968
10469387,-10.1034
10470592,-10.1100
10471798,-10.1165
10473004,-10.1231
10474209,-10.1297
10475415,-10.1362
10476622,-10.1428
10477828,-10.1494
10479034,-10.1559
10480241,-10.1625
10481447,-10.1690
10482654,-10.1756
10483861,-10.1821
10485068,-10.1887
10486275,-10.1952
10487483,-10.2018
10488690,-10.2083
10489898,-10.2149
10491106,-10.2214
10492313,-10.2280
10493521,-10.2345
10494730,-10.2411
10495938,-10.2476
10497146,-10.2541
10498355,-10.2607
10499564,-10.2672
10500773,-10.2738
10501982,-10.2803
10503191,-10.2868
10504400,-10.2933
10505610,-10.2999
10506819,-10.3064
10508029,-10.3129
10509239,-10.3194
10510449,-10.3260
10511659,-10.3325
10512869,-10.3390
10514079,-10.3455
10515290,-10.3520
10516501,-10.3586
10517712,-10.3651
10518922,-10.3716
10520134,-10.3781
10521345,-10.3846
10522556,-10.3911
10523768,-10.3976
10524979,-10.4041
10526191,-10.4106
10527403,-10.4171
10528615,-10.4236
10529827,-10.4301
10531040,-10.4366
10532252,-10.4431
10533465,-10.4496
10534678,-10.4561
10535891,-10.4626
10537104,-10.4691
10538317,-10.4756
10539530,-10.4820
10540744,-10.4885
10541957,-10.4950
10543171,-10.5015
10544385,-10.5080
10545599,-10.5144
10546813,-10.5209
10548028,-10.5274
10549242,-10.5339
10550457,-10.5403
10551671,-10.5468
10552886,-10.5533
10554101,-10.5598
10555316,-10.5662
10556532,-10.5727
10557747,-10.5792
10558963,-10.5856
10560178,-10.5921
10561394,-10.5985
10562610,-10.6050
10563826,-10.6114
10565043,-10.6179
10566259,-10.6244
10567476,-10.6308
10568692,-10.6373
10569909,-10.6437
10571126,-10.6502
10572343,-10.6566
10573561,-10.6631
10574778,-10.6695
10575995,-10.6759
10577213,-10.6824
10578431,-10.6888
10579649,-10.6953
10580867,-10.7017
10582085,-10.7081
10583304,-10.7146
10584522,-10.7210
10585741,-10.7274
10586960,-10.7339
10588179,-10.7403
10589398,-10.7467
10590617,-10.7531
10591836,-10.7596
10593056,-10.7660
10594275,-10.7724
10595495,-10.7788
10596715,-10.7852
10597935,-10.7917
10599155,-10.7981
10600376,-10.8045
10601596,-10.8109
10602817,-10.8173
10604037,-10.8237
10605258,-10.8301
10606479,-10.8365
10607701,-10.8429
10608922,-10.8493
10610143,-10.8557
10611365,-10.8621
10612587,-10.8685
10613809,-10.8749
10615031,-10.8813
10616253,-10.8877
10617475,-10.8941
10618698,-10.9005
10619920,-10.9069
10621143,-10.9133
10622366,-10.9197
10623589,-10.9261
10624812,-10.9325
10626035,-10.9388
10627259,-10.9452
10628482,-10.9516
10629706,-10.9580
10630930,-10.9644
10632154,-10.9707
10633378,-10.9771
10634602,-10.9835
10635827,-10.9899
10637051,-10.9962
10638276,-11.0026
10639501,-11.0090
10640726,-11.0153
10641951,-11.0217
10643176,-11.0281
10644402,-11.0344
10645627,-11.0408
10646853,-11.0471
10648079,-11.0535
10649305,-11.0599
10650531,-11.0662
10651757,-11.0726
10652984,-11.0789
10654210,-11.0853
10655437,-11.0916
10656664,-11.0980
10657891,-11.1043
10659118,-11.1107
10660345,-11.1170
10661572,-11.1234
10662800,-11.1297
10664027,-11.1360
10665255,-11.1424
10666483,-11.1487
10667711,-11.1551
10668940,-11.1614
10670168,-11.1677
10671396,-11.1741
10672625,-11.1804
10673854,-11.1867
10675083,-11.1930
10676312,-11.1994
10677541,-11.2057
10678771,-11.2120
10680000,-11.2183
10681230,-11.2247
10682459,-11.2310
10683689,-11.2373
10684920,-11.2436
10686150,-11.2499
10687380,-11.2562
10688611,-11.2626
10689841,-11.2689
10691072,-11.2752
10692303,-11.2815
10693534,-11.2878
10694765,-11.2941
10695997,-11.3004
10697228,-11.3067
10698460,-11.3130
10699691,-11.3193
10700923,-11.3256
10702155,-11.3319
10703388,-11.3382
10704620,-11.3445
10705852,-11.3508
10707085,-11.3571
10708318,-11.3634
10709551,-11.3697
10710784,-11.3760
10712017,-11.3823
10713250,-11.3885
10714484,-11.3948
10715717,-11.4011
10716951,-11.4074
10718185,-11.4137
10719419,-11.4199
10720653,-11.4262
10721888,-11.4325
10723122,-11.4388
10724357,-11.4450
10725592,-11.4513
10726826,-11.4576
10728062,-11.4639
10729297,-11.4701
10730532,-11.4764
10731767,-11.4827
10733003,-11.4889
10734239,-11.4952
10735475,-11.5015
10736711,-11.5077
10737947,-11.5140
10739183,-11.5202
10740420,-11.5265
10741656,-11.5327
10742893,-11.5390
10744130,-11.5452
10745367,-11.5515
10746604,-11.5577
10747842,-11.5640
10749079,-11.5702
10750317,-11.5765
10751554,-11.5827
10752792,-11.5890
10754030,-11.5952
10755268,-11.6015
10756507,-11.6077
10757745,-11.6139
10758984,-11.6202
10760223,-11.6264
10761461,-11.6326
10762700,-11.6389
10763940,-11.6451
10765179,-11.6513
10766418,-11.6576
10767658,-11.6638
10768898,-11.6700
10770138,-11.6762
10771378,-11.6825
10772618,-11.6887
10773858,-11.6949
10775099,-11.7011
10776339,-11.7073
10777580,-11.7136
10778821,-11.7198
10780062,-11.7260
10781303,-11.7322
10782544,-11.7384
10783786,-11.7446
10785027,-11.7508
10786269,-11.7570
10787511,-11.7632
10788753,-11.7695
10789995,-11.7757
10791238,-11.7819
10792480,-11.7881
10793723,-11.7943
10794965,-11.8005
10796208,-11.8067
10797451,-11.8129
10798694,-11.8190
10799938,-11.8252
10801181,-11.8314
10802425,-11.8376
10803669,-11.8438
10804913,-11.8500
10806157,-11.8562
10807401,-11.8624
10808645,-11.8686
10809890,-11.8747
10811134,-11.8809
10812379,-11.8871
10813624,-11.8933
10814869,-11.8995
10816114,-11.9056
10817359,-11.9118
10818605,-11.9180
10819850,-11.9242
10821096,-11.9303
10822342,-11.9365
10823588,-11.9427
10824834,-11.9488
10826081,-11.9550
10827327,-11.9612
10828574,-11.9673
10829820,-11.9735
10831067,-11.9797
10832314,-11.9858
10833562,-11.9920
10834809,-11.9981
10836056,-12.0043
10837304,-12.0104
10838552,-12.0166
10839800,-12.0227
10841048,-12.0289
10842296,-12.0350
10843544,-12.0412
10844793,-12.0473
10846041,-12.0535
10847290,-12.0596
10848539,-12.0658
10849788,-12.0719
10851037,-12.0781
10852287,-12.0842
10853536,-12.0903
10854786,-12.0965
10856035,-12.1026
10857285,-12.1087
10858535,-12.1149
10859786,-12.1210
10861036,-12.1271
10862287,-12.1333
10863537,-12.1394
10864788,-12.1455
10866039,-12.1516
10867290,-12.1578
10868541,-12.1639
10869793,-12.1700
10871044,-12.1761
10872296,-12.1823
10873547,-12.1884
10874799,-12.1945
10876051,-12.2006
10877304,-12.2067
10878556,-12.2128
10879809,-12.2189
10881061,-12.2251
10882314,-12.2312
10883567,-12.2373
10884820,-12.2434
10886073,-12.2495
10887327,-12.2556
10888580,-12.2617
10889834,-12.2678
10891088,-12.2739
10892342,-12.2800
10893596,-12.2861
10894850,-12.2922
10896104,-12.2983
10897359,-12.3044
10898614,-12.3105
10899868,-12.3166
10901123,-12.3227
10902378,-12.3288
10903634,-12.3348
10904889,-12.3409
10906145,-12.3470
10907400,-12.3531
10908656,-12.3592
10909912,-12.3653
10911168,-12.3713
10912425,-12.3774
10913681,-12.3835
10914938,-12.3896
10916194,-12.3957
10917451,-12.4017
10918708,-12.4078
10919965,-12.4139
10921222,-12.4199
10922480,-12.4260
10923737,-12.4321
10924995,-12.4382
10926253,-12.4442
10927511,-12.4503
10928769,-12.4563
10930028,-12.4624
10931286,-12.4685
10932545,-12.4745
10933803,-12.4806
10935062,-12.4866
10936321,-12.4927
10937580,-12.4988
10938840,-12.5048
10940099,-12.5109
10941359,-12.5169
10942618,-12.5230
10943878,-12.5290
10945138,-12.5351
10946399,-12.5411
10947659,-12.5472
10948919,-12.5532
10950180,-12.5592
10951441,-12.5653
10952702,-12.5713
10953963,-12.5774
10955224,-12.5834
10956485,-12.5894
10957747,-12.5955
10959008,-12.6015
10960270,-12.6075
10961532,-12.6136
10962794,-12.6196
10964056,-12.6256
10965319,-12.6317
10966581,-12.6377
10967844,-12.6437
10969107,-12.6497
10970369,-12.6558
10971633,-12.6618
10972896,-12.6678
10974159,-12.6738
10975423,-12.6799
10976686,-12.6859
10977950,-12.6919
10979214,-12.6979
10980478,-12.7039
10981742,-12.7099
10983007,-12.7159
10984271,-12.7220
10985536,-12.7280
10986801,-12.7340
10988066,-12.7400
10989331,-12.7460
10990596,-12.7520
10991862,-12.7580
10993127,-12.7640
10994393,-12.7700
10995659,-12.7760
10996925,-12.7820
10998191,-12.7880
10999457,-12.7940
11000724,-12.8000
11001990,-12.8060
11003257,-12.8120
11004524,-12.8180
11005791,-12.8240
11007058,-12.8299
11008325,-12.8359
11009593,-12.8419
11010860,-12.8479
11012128,-12.8539
11013396,-12.8599
11014664,-12.8659
11015932,-12.8718
11017201,-12.8778
11018469,-12.8838
11019738,-12.8898
11021006,-12.8958
11022275,-12.9017
11023544,-12.9077
11024814,-12.9137
11026083,-12.9196
11027352,-12.9256
11028622,-12.9316
11029892,-12.9376
11031162,-12.9435
11032432,-12.9495
11033702,-12.9555
11034972,-12.9614
11036243,-12.9674
11037514,-12.9733
11038784,-12.9793
11040055,-12.9853
11041327,-12.9912
11042598,-12.9972
11043869,-13.0031
11045141,-13.0091
11046412,-13.0150
11047684,-13.0210
11048956,-13.0269
11050228,-13.0329
11051501,-13.0388
11052773,-13.0448
11054046,-13.0507
11055318,-13.0567
11056591,-13.0626
11057864,-13.0686
11059137,-13.0745
11060411,-13.0804
11061684,-13.0864
11062958,-13.0923
11064232,-13.0983
11065505,-13.1042
11066779,-13.1101
11068054,-13.1161
11069328,-13.1220
11070602,-13.1279
11071877,-13.1339
11073152,-13.1398
11074427,-13.1457
11075702,-13.1516
11076977,-13.1576
11078252,-13.1635
11079528,-13.1694
11080804,-13.1753
11082079,-13.1813
11083355,-13.1872
11084631,-13.1931
11085908,-13.1990
11087184,-13.2049
11088461,-13.2108
11089737,-13.2168
11091014,-13.2227
11092291,-13.2286
11093568,-13.2345
11094845,-13.2404
11096123,-13.2463
11097400,-13.2522
11098678,-13.2581
11099956,-13.2640
11101234,-13.2699
11102512,-13.2758
11103790,-13.2817
11105069,-13.2876
11106347,-13.2935
11107626,-13.2994
11108905,-13.3053
11110184,-13.3112
11111463,-13.3171
11112743,-13.3230
11114022,-13.3289
11115302,-13.3348
11116581,-13.3407
11117861,-13.3466
11119141,-13.3525
11120422,-13.3584
11121702,-13.3642
11122983,-13.3701
11124263,-13.3760
11125544,-13.3819
11126825,-13.3878
11128106,-13.3937
11129387,-13.3995
11130669,-13.4054
11131950,-13.4113
11133232,-13.4172
11134514,-13.4230
11135796,-13.4289
11137078,-13.4348
11138360,-13.4407
11139643,-13.4465
11140925,-13.4524
11142208,-13.4583
11143491,-13.4641
11144774,-13.4700
11146057,-13.4759
11147340,-13.4817
11148624,-13.4876
11149907,-13.4935
11151191,-13.4993
11152475,-13.5052
11153759,-13.5110
11155043,-13.5169
11156327,-13.5227
11157612,-13.5286
11158897,-13.5345
11160181,-13.5403
11161466,-13.5462
11162751,-13.5520
11164037,-13.5579
11165322,-13.5637
11166608,-13.5696
11167893,-13.5754
11169179,-13.5812
11170465,-13.5871
11171751,-13.5929
11173037,-13.5988
11174324,-13.6046
11175610,-13.6105
11176897,-13.6163
11178184,-13.6221
11179471,-13.6280
11180758,-13.6338
11182045,-13.6396
11183333,-13.6455
11184621,-13.6513
11185908,-13.6571
11187196,-13.6630
11188484,-13.6688
11189772,-13.6746
11191061,-13.6804
11192349,-13.6863
11193638,-13.6921
11194927,-13.6979
11196216,-13.7037
11197505,-13.7096
11198794,-13.7154
11200083,-13.7212
11201373,-13.7270
11202663,-13.7328
11203952,-13.7386
11205242,-13.7445
11206532,-13.7503
11207823,-13.7561
11209113,-13.7619
11210404,-13.7677
11211694,-13.7735
11212985,-13.7793
11214276,-13.7851
11215568,-13.7909
11216859,-13.7967
11218150,-13.8025
11219442,-13.8083
11220734,-13.8141
11222026,-13.8199
11223318,-13.8257
11224610,-13.8315
11225902,-13.8373
11227195,-13.8431
11228487,-13.8489
11229780,-13.8547
11231073,-13.8605
11232366,-13.8663
11233659,-13.8721
11234953,-13.8779
11236246,-13.8837
11237540,-13.8895
11238834,-13.8953
11240128,-13.9010
11241422,-13.9068
11242716,-13.9126
11244011,-13.9184
11245305,-13.9242
11246600,-13.9300
11247895,-13.9357
11249190,-13.9415
11250485,-13.9473
11251781,-13.9531
11253076,-13.9588
11254372,-13.9646
11255667,-13.9704
11256963,-13.9762
11258259,-13.9819
11259556,-13.9877
11260852,-13.9935
11262149,-13.9992
11263445,-14.0050
11264742,-14.0108
11266039,-14.0165
11267336,-14.0223
11268634,-14.0280
11269931,-14.0338
11271229,-14.0396
11272526,-14.0453
11273824,-14.0511
11275122,-14.0568
11276420,-14.0626
11277719,-14.0684
11279017,-14.0741
11280316,-14.0799
11281614,-14.0856
11282913,-14.0914
11284212,-14.0971
11285512,-14.1029
11286811,-14.1086
11288111,-14.1144
11289410,-14.1201
11290710,-14.1258
11292010,-14.1316
11293310,-14.1373
11294610,-14.1431
11295911,-14.1488
11297211,-14.1545
11298512,-14.1603
11299813,-14.1660
11301114,-14.1718
11302415,-14.1775
11303716,-14.1832
11305018,-14.1890
11306320,-14.1947
11307621,-14.2004
11308923,-14.2062
11310225,-14.2119
11311527,-14.2176
11312830,-14.2233
11314132,-14.2291
11315435,-14.2348
11316738,-14.2405
11318041,-14.2462
11319344,-14.2520
11320647,-14.2577
11321951,-14.2634
11323254,-14.2691
11324558,-14.2748
11325862,-14.2805
11327166,-14.2863
11328470,-14.2920
11329774,-14.2977
11331079,-14.3034
11332383,-14.3091
11333688,-14.3148
11334993,-14.3205
11336298,-14.3262
11337603,-14.3319
11338909,-14.3377
11340214,-14.3434
11341520,-14.3491
11342826,-14.3548
11344132,-14.3605
11345438,-14.3662
11346744,-14.3719
11348050,-14.3776
11349357,-14.3833
11350664,-14.3890
11351971,-14.3947
11353278,-14.4003
11354585,-14.4060
11355892,-14.4117
11357200,-14.4174
11358507,-14.4231
11359815,-14.4288
11361123,-14.4345
11362431,-14.4402
11363739,-14.4459
11365047,-14.4516
11366356,-14.4572
11367665,-14.4629
11368974,-14.4686
11370282,-14.4743
11371592,-14.4800
11372901,-14.4856
11374210,-14.4913
11375520,-14.4970
11376830,-14.5027
11378140,-14.5084
11379450,-14.5140
11380760,-14.5197
11382070,-14.5254
11383381,-14.5310
11384691,-14.5367
11386002,-14.5424
11387313,-14.5481
11388624,-14.5537
11389935,-14.5594
11391247,-14.5651
11392558,-14.5707
11393870,-14.5764
11395182,-14.5820
11396494,-14.5877
11397806,-14.5934
11399118,-14.5990
11400431,-14.6047
11401743,-14.6103
11403056,-14.6160
11404369,-14.6217
11405682,-14.6273
11406995,-14.6330
11408308,-14.6386
11409622,-14.6443
11410936,-14.6499
11412249,-14.6556
11413563,-14.6612
11414877,-14.6669
11416192,-14.6725
11417506,-14.6782
11418821,-14.6838
11420135,-14.6894
11421450,-14.6951
11422765,-14.7007
11424081,-14.7064
11425396,-14.7120
11426711,-14.7176
11428027,-14.7233
11429343,-14.7289
11430659,-14.7346
11431975,-14.7402
11433291,-14.7458
11434607,-14.7515
11435924,-14.7571
11437241,-14.7627
11438557,-14.7683
11439874,-14.7740
11441191,-14.7796
11442509,-14.7852
11443826,-14.7909
11445144,-14.7965
11446462,-14.8021
11447779,-14.8077
11449098,-14.8133
11450416,-14.8190
11451734,-14.8246
11453053,-14.8302
11454371,-14.8358
11455690,-14.8414
11457009,-14.8471
11458328,-14.8527
11459647,-14.8583
11460967,-14.8639
11462286,-14.8695
11463606,-14.8751
11464926,-14.8807
11466246,-14.8863
11467566,-14.8920
11468886,-14.8976
11470207,-14.9032
11471528,-14.9088
11472848,-14.9144
11474169,-14.9200
11475490,-14.9256
11476812,-14.9312
11478133,-14.9368
11479455,-14.9424
11480776,-14.9480
11482098,-14.9536
11483420,-14.9592
11484742,-14.9648
11486065,-14.9704
11487387,-14.9760
11488710,-14.9816
11490032,-14.9871
11491355,-14.9927
11492678,-14.9983
11494002,-15.0039
11495325,-15.0095
11496649,-15.0151
11497972,-15.0207
11499296,-15.0263
11500620,-15.0318
11501944,-15.0374
11503268,-15.0430
11504593,-15.0486
11505917,-15.0542
11507242,-15.0597
11508567,-15.0653
11509892,-15.0709
11511217,-15.0765
11512543,-15.0821
11513868,-15.0876
11515194,-15.0932
11516520,-15.0988
11517846,-15.1043
11519172,-15.1099
11520498,-15.1155
11521824,-15.1211
11523151,-15.1266
11524478,-15.1322
11525805,-15.1378
11527132,-15.1433
11528459,-15.1489
11529786,-15.1544
11531114,-15.1600
11532441,-15.1656
11533769,-15.1711
11535097,-15.1767
11536425,-15.1822
11537753,-15.1878
11539082,-15.1934
11540410,-15.1989
11541739,-15.2045
11543068,-15.2100
11544397,-15.2156
11545726,-15.2211
11547056,-15.2267
11548385,-15.2322
11549715,-15.2378
11551044,-15.2433
11552374,-15.2489
11553704,-15.2544
11555035,-15.2600
11556365,-15.2655
11557696,-15.2711
11559026,-15.2766
11560357,-15.2821
11561688,-15.2877
11563019,-15.2932
11564351,-15.2988
11565682,-15.3043
11567014,-15.3098
11568346,-15.3154
11569678,-15.3209
11571010,-15.3264
11572342,-15.3320
11573674,-15.3375
11575007,-15.3430
11576339,-15.3486
11577672,-15.3541
11579005,-15.3596
11580339,-15.3651
11581672,-15.3707
11583005,-15.3762
11584339,-15.3817
11585673,-15.3872
11587007,-15.3928
11588341,-15.3983
11589675,-15.4038
11591009,-15.4093
11592344,-15.4148
11593679,-15.4204
11595013,-15.4259
11596348,-15.4314
11597684,-15.4369
11599019,-15.4424
11600354,-15.4479
11601690,-15.4535
11603026,-15.4590
11604362,-15.4645
11605698,-15.4700
11607034,-15.4755
11608370,-15.4810
11609707,-15.4865
11611044,-15.4920
11612380,-15.4975
11613717,-15.5030
11615055,-15.5085
11616392,-15.5140
11617729,-15.5195
11619067,-15.5250
11620405,-15.5305
11621743,-15.5360
11623081,-15.5415
11624419,-15.5470
11625757,-15.5525
11627096,-15.5580
11628435,-15.5635
11629773,-15.5690
11631112,-15.5745
11632452,-15.5800
11633791,-15.5855
11635130,-15.5910
11636470,-15.5965
11637810,-15.6019
11639150,-15.6074
11640490,-15.6129
11641830,-15.6184
11643170,-15.6239
11644511,-15.6294
11645852,-15.6348
11647193,-15.6403
11648534,-15.6458
11649875,-15.6513
11651216,-15.6568
11652558,-15.6622
11653899,-15.6677
11655241,-15.6732
11656583,-15.6787
11657925,-15.6841
11659267,-15.6896
11660610,-15.6951
11661952,-15.7006
11663295,-15.7060
11664638,-15.7115
11665981,-15.7170
11667324,-15.7224
11668667,-15.7279
11670011,-15.7334
11671354,-15.7388
11672698,-15.7443
11674042,-15.7498
11675386,-15.7552
11676730,-15.7607
11678075,-15.7662
11679419,-15.7716
11680764,-15.7771
11682109,-15.7825
11683454,-15.7880
11684799,-15.7934
11686145,-15.7989
11687490,-15.8043
11688836,-15.8098
11690182,-15.8153
11691527,-15.8207
11692874,-15.8262
11694220,-15.8316
11695566,-15.8371
11696913,-15.8425
11698260,-15.8480
11699606,-15.8534
11700954,-15.8588
11702301,-15.8643
11703648,-15.8697
11704996,-15.8752
11706343,-15.8806
11707691,-15.8861
11709039,-15.8915
11710387,-15.8969
11711735,-15.9024
11713084,-15.9078
11714433,-15.9132
11715781,-15.9187
11717130,-15.9241
11718479,-15.9296
11719828,-15.9350
11721178,-15.9404
11722527,-15.9458
11723877,-15.9513
11725227,-15.9567
11726577,-15.9621
11727927,-15.9676
11729277,-15.9730
11730628,-15.9784
11731978,-15.9838
11733329,-15.9893
11734680,-15.9947
11736031,-16.0001
11737382,-16.0055
11738734,-16.0110
11740085,-16.0164
11741437,-16.0218
11742789,-16.0272
11744141,-16.0326
11745493,-16.0380
11746845,-16.0435
11748198,-16.0489
11749551,-16.0543
11750903,-16.0597
11752256,-16.0651
11753609,-16.0705
11754963,-16.0759
11756316,-16.0813
11757670,-16.0868
11759023,-16.0922
11760377,-16.0976
11761731,-16.1030
11763086,-16.1084
11764440,-16.1138
11765794,-16.1192
11767149,-16.1246
11768504,-16.1300
11769859,-16.1354
11771214,-16.1408
11772569,-16.1462
11773925,-16.1516
11775280,-16.1570
11776636,-16.1624
11777992,-16.1678
11779348,-16.1732
11780704,-16.1786
11782061,-16.1840
11783417,-16.1893
11784774,-16.1947
11786131,-16.2001
11787488,-16.2055
11788845,-16.2109
11790202,-16.2163
11791560,-16.2217
11792917,-16.2271
11794275,-16.2325
11795633,-16.2378
11796991,-16.2432
11798349,-16.2486
11799708,-16.2540
11801066,-16.2594
11802425,-16.2647
11803784,-16.2701
11805143,-16.2755
11806502,-16.2809
11807862,-16.2863
11809221,-16.2916
11810581,-16.2970
11811941,-16.3024
11813301,-16.3078
11814661,-16.3131
11816021,-16.3185
11817381,-16.3239
11818742,-16.3292
11820103,-16.3346
11821464,-16.3400
11822825,-16.3453
11824186,-16.3507
11825547,-16.3561
11826909,-16.3614
11828271,-16.3668
11829633,-16.3722
11830995,-16.3775
11832357,-16.3829
11833719,-16.3882
11835082,-16.3936
11836444,-16.3990
11837807,-16.4043
11839170,-16.4097
11840533,-16.4150
11841896,-16.4204
11843260,-16.4257
11844623,-16.4311
11845987,-16.4364
11847351,-16.4418
11848715,-16.4472
11850079,-16.4525
11851444,-16.4579
11852808,-16.4632
11854173,-16.4685
11855538,-16.4739
11856903,-16.4792
11858268,-16.4846
11859633,-16.4899
11860999,-16.4953
11862364,-16.5006
11863730,-16.5060
11865096,-16.5113
11866462,-16.5166
11867828,-16.5220
11869195,-16.5273
11870561,-16.5327
11871928,-16.5380
11873295,-16.5433
11874662,-16.5487
11876029,-16.5540
11877397,-16.5593
11878764,-16.5647
11880132,-16.5700
11881500,-16.5753
11882868,-16.5807
11884236,-16.5860
11885604,-16.5913
11886972,-16.5966
11888341,-16.6020
11889710,-16.6073
11891079,-16.6126
11892448,-16.6179
11893817,-16.6233
11895186,-16.6286
11896556,-16.6339
11897926,-16.6392
11899296,-16.6445
11900666,-16.6499
11902036,-16.6552
11903406,-16.6605
11904777,-16.6658
11906147,-16.6711
11907518,-16.6765
11908889,-16.6818
11910260,-16.6871
11911632,-16.6924
11913003,-16.6977
11914375,-16.7030
11915746,-16.7083
11917118,-16.7136
11918491,-16.7189
11919863,-16.7243
11921235,-16.7296
11922608,-16.7349
11923980,-16.7402
11925353,-16.7455
11926726,-16.7508
11928100,-16.7561
11929473,-16.7614
11930846,-16.7667
11932220,-16.7720
11933594,-16.7773
11934968,-16.7826
11936342,-16.7879
11937716,-16.7932
11939091,-16.7985
11940465,-16.8038
11941840,-16.8091
11943215,-16.8144
11944590,-16.8196
11945965,-16.8249
11947341,-16.8302
11948716,-16.8355
11950092,-16.8408
11951468,-16.8461
11952844,-16.8514
11954220,-16.8567
11955597,-16.8620
11956973,-16.8672
11958350,-16.8725
11959727,-16.8778
11961104,-16.8831
11962481,-16.8884
11963858,-16.8937
11965236,-16.8989
11966613,-16.9042
11967991,-16.9095
11969369,-16.9148
11970747,-16.9201
11972125,-16.9253
11973504,-16.9306
11974882,-16.9359
11976261,-16.9412
11977640,-16.9464
11979019,-16.9517
11980398,-16.9570
11981778,-16.9623
11983157,-16.9675
11984537,-16.9728
11985917,-16.9781
11987297,-16.9833
11988677,-16.9886
11990057,-16.9939
11991438,-16.9991
11992818,-17.0044
11994199,-17.0097
11995580,-17.0149
11996961,-17.0202
11998342,-17.0254
11999724,-17.0307
12001106,-17.0360
12002487,-17.0412
12003869,-17.0465
12005251,-17.0517
12006634,-17.0570
12008016,-17.0623
12009398,-17.0675
12010781,-17.0728
12012164,-17.0780
12013547,-17.0833
12014930,-17.0885
12016314,-17.0938
12017697,-17.0990
12019081,-17.1043
12020465,-17.1095
12021849,-17.1148
12023233,-17.1200
12024617,-17.1253
12026002,-17.1305
12027386,-17.1358
12028771,-17.1410
12030156,-17.1462
12031541,-17.1515
12032926,-17.1567
12034312,-17.1620
12035697,-17.1672
12037083,-17.1724
12038469,-17.1777
12039855,-17.1829
12041241,-17.1882
12042628,-17.1934
12044014,-17.1986
12045401,-17.2039
12046788,-17.2091
12048175,-17.2143
12049562,-17.2196
12050949,-17.2248
12052337,-17.2300
12053724,-17.2353
12055112,-17.2405
12056500,-17.2457
12057888,-17.2509
12059277,-17.2562
12060665,-17.2614
12062054,-17.2666
12063442,-17.2718
12064831,-17.2771
12066220,-17.2823
12067610,-17.2875
12068999,-17.2927
12070389,-17.2980
12071778,-17.3032
12073168,-17.3084
12074558,-17.3136
12075949,-17.3188
12077339,-17.3240
12078729,-17.3293
12080120,-17.3345
12081511,-17.3397
12082902,-17.3449
12084293,-17.3501
12085685,-17.3553
12087076,-17.3605
12088468,-17.3657
12089860,-17.3710
12091252,-17.3762
12092644,-17.3814
12094036,-17.3866
12095428,-17.3918
12096821,-17.3970
12098214,-17.4022
12099607,-17.4074
12101000,-17.4126
12102393,-17.4178
12103787,-17.4230
12105180,-17.4282
12106574,-17.4334
12107968,-17.4386
12109362,-17.4438
12110756,-17.4490
12112150,-17.4542
12113545,-17.4594
12114940,-17.4646
12116335,-17.4698
12117730,-17.4750
12119125,-17.4802
12120520,-17.4854
12121916,-17.4906
12123311,-17.4958
12124707,-17.5009
12126103,-17.5061
12127499,-17.5113
12128896,-17.5165
12130292,-17.5217
12131689,-17.5269
12133085,-17.5321
12134482,-17.5373
12135879,-17.5424
12137277,-17.5476
12138674,-17.5528
12140072,-17.5580
12141470,-17.5632
12142867,-17.5683
12144266,-17.5735
12145664,-17.5787
12147062,-17.5839
12148461,-17.5891
12149859,-17.5942
12151258,-17.5994
12152657,-17.6046
12154057,-17.6098
12155456,-17.6149
12156856,-17.6201
12158255,-17.6253
12159655,-17.6305
12161055,-17.6356
12162455,-17.6408
12163856,-17.6460
12165256,-17.6511
12166657,-17.6563
12168058,-17.6615
12169459,-17.6666
12170860,-17.6718
12172261,-17.6770
12173662,-17.6821
12175064,-17.6873
12176466,-17.6925
12177868,-17.6976
12179270,-17.7028
12180672,-17.7079
12182075,-17.7131
12183477,-17.7182
12184880,-17.7234
12186283,-17.7286
12187686,-17.7337
12189089,-17.7389
12190493,-17.7440
12191896,-17.7492
12193300,-17.7543
12194704,-17.7595
12196108,-17.7646
12197512,-17.7698
12198916,-17.7749
12200321,-17.7801
12201726,-17.7852
12203130,-17.7904
12204535,-17.7955
12205941,-17.8007
12207346,-17.8058
12208752,-17.8110
12210157,-17.8161
12211563,-17.8213
12212969,-17.8264
12214375,-17.8315
12215781,-17.8367
12217188,-17.8418
12218595,-17.8470
12220001,-17.8521
12221408,-17.8572
12222815,-17.8624
12224223,-17.8675
12225630,-17.8727
12227038,-17.8778
12228446,-17.8829
12229854,-17.8881
12231262,-17.8932
12232670,-17.8983
12234078,-17.9035
12235487,-17.9086
12236896,-17.9137
12238305,-17.9188
12239714,-17.9240
12241123,-17.9291
12242532,-17.9342
12243942,-17.9394
12245351,-17.9445
12246761,-17.9496
12248171,-17.9547
12249582,-17.9599
12250992,-17.9650
12252402,-17.9701
12253813,-17.9752
12255224,-17.9803
12256635,-17.9855
12258046,-17.9906
12259458,-17.9957
12260869,-18.0008
12262281,-18.0059
12263693,-18.0111
12265105,-18.0162
12266517,-18.0213
12267929,-18.0264
12269342,-18.0315
12270754,-18.0366
12272167,-18.0417
12273580,-18.0468
12274993,-18.0520
12276406,-18.0571
12277820,-18.0622
12279233,-18.0673
12280647,-18.0724
12282061,-18.0775
12283475,-18.0826
12284890,-18.0877
12286304,-18.0928
12287719,-18.0979
12289133,-18.1030
12290548,-18.1081
12291963,-18.1132
12293379,-18.1183
12294794,-18.1234
12296210,-18.1285
12297625,-18.1336
12299041,-18.1387
12300457,-18.1438
12301873,-18.1489
12303290,-18.1540
12304706,-18.1591
12306123,-18.1642
12307540,-18.1693
12308957,-18.1744
12310374,-18.1795
12311792,-18.1846
12313209,-18.1897
12314627,-18.1948
12316045,-18.1998
12317463,-18.2049
12318881,-18.2100
12320299,-18.2151
12321718,-18.2202
12323136,-18.2253
12324555,-18.2304
12325974,-18.2354
12327393,-18.2405
12328813,-18.2456
12330232,-18.2507
12331652,-18.2558
12333072,-18.2609
12334492,-18.2659
12335912,-18.2710
12337332,-18.2761
12338753,-18.2812
12340173,-18.2863
12341594,-18.2913
12343015,-18.2964
12344436,-18.3015
12345857,-18.3066
12347279,-18.3116
12348700,-18.3167
12350122,-18.3218
12351544,-18.3268
12352966,-18.3319
12354389,-18.3370
12355811,-18.3421
12357234,-18.3471
12358656,-18.3522
12360079,-18.3573
12361502,-18.3623
12362926,-18.3674
12364349,-18.3725
12365773,-18.3775
12367196,-18.3826
12368620,-18.3877
12370044,-18.3927
12371469,-18.3978
12372893,-18.4028
12374317,-18.4079
12375742,-18.4130
12377167,-18.4180
12378592,-18.4231
12380017,-18.4281
12381443,-18.4332
12382868,-18.4382
12384294,-18.4433
12385720,-18.4484
12387146,-18.4534
12388572,-18.4585
12389999,-18.4635
12391425,-18.4686
12392852,-18.4736
12394279,-18.4787
12395706,-18.4837
12397133,-18.4888
12398560,-18.4938
12399988,-18.4989
12401415,-18.5039
12402843,-18.5090
12404271,-18.5140
12405699,-18.5190
12407128,-18.5241
12408556,-18.5291
12409985,-18.5342
12411414,-18.5392
12412843,-18.5443
12414272,-18.5493
12415701,-18.5543
12417131,-18.5594
12418560,-18.5644
12419990,-18.5695
12421420,-18.5745
12422850,-18.5795
12424281,-18.5846
12425711,-18.5896
12427142,-18.5946
12428573,-18.5997
12430004,-18.6047
12431435,-18.6097
12432866,-18.6148
12434298,-18.6198
12435729,-18.6248
12437161,-18.6299
12438593,-18.6349
12440025,-18.6399
12441457,-18.6449
12442890,-18.6500
12444322,-18.6550
12445755,-18.6600
12447188,-18.6650
12448621,-18.6701
12450055,-18.6751
12451488,-18.6801
12452922,-18.6851
12454355,-18.6902
12455789,-18.6952
12457223,-18.7002
12458658,-18.7052
12460092,-18.7102
12461527,-18.7153
12462962,-18.7203
12464396,-18.7253
12465832,-18.7303
12467267,-18.7353
12468702,-18.7403
12470138,-18.7453
12471574,-18.7504
12473010,-18.7554
12474446,-18.7604
12475882,-18.7654
12477318,-18.7704
12478755,-18.7754
12480192,-18.7804
12481629,-18.7854
12483066,-18.7904
12484503,-18.7954
12485940,-18.8004
12487378,-18.8055
12488816,-18.8105
12490254,-18.8155
12491692,-18.8205
12493130,-18.8255
12494568,-18.8305
12496007,-18.8355
12497446,-18.8405
12498884,-18.8455
12500324,-18.8505
12501763,-18.8555
12503202,-18.8605
12504642,-18.8655
12506082,-18.8705
12507521,-18.8755
12508961,-18.8805
12510402,-18.8855
12511842,-18.8904
12513283,-18.8954
12514723,-18.9004
12516164,-18.9054
12517605,-18.9104
12519047,-18.9154
12520488,-18.9204
12521930,-18.9254
12523371,-18.9304
12524813,-18.9354
12526255,-18.9403
12527697,-18.9453
12529140,-18.9503
12530582,-18.9553
12532025,-18.9603
12533468,-18.9653
12534911,-18.9703
12536354,-18.9752
12537798,-18.9802
12539241,-18.9852
12540685,-18.9902
12542129,-18.9952
12543573,-19.0001
12545017,-19.0051
12546461,-19.0101
12547906,-19.0151
12549351,-19.0201
12550796,-19.0250
12552241,-19.0300
12553686,-19.0350
12555131,-19.0400
12556577,-19.0449
12558022,-19.0499
12559468,-19.0549
12560914,-19.0598
12562361,-19.0648
12563807,-19.0698
12565253,-19.0748
12566700,-19.0797
12568147,-19.0847
12569594,-19.0897
12571041,-19.0946
12572489,-19.0996
12573936,-19.1046
12575384,-19.1095
12576832,-19.1145
12578280,-19.1194
12579728,-19.1244
12581176,-19.1294
12582625,-19.1343
12584074,-19.1393
12585523,-19.1443
12586972,-19.1492
12588421,-19.1542
12589870,-19.1591
12591320,-19.1641
12592770,-19.1690
12594219,-19.1740
12595669,-19.1790
12597120,-19.1839
12598570,-19.1889
12600021,-19.1938
12601471,-19.1988
12602922,-19.2037
12604373,-19.2087
12605824,-19.2136
12607276,-19.2186
12608727,-19.2235
12610179,-19.2285
12611631,-19.2334
12613083,-19.2384
12614535,-19.2433
12615988,-19.2483
12617440,-19.2532
12618893,-19.2582
12620346,-19.2631
12621799,-19.2680
12623252,-19.2730
12624705,-19.2779
12626159,-19.2829
12627613,-19.2878
12629067,-19.2927
12630521,-19.2977
12631975,-19.3026
12633429,-19.3076
12634884,-19.3125
12636339,-19.3174
12637793,-19.3224
12639249,-19.3273
12640704,-19.3322
12642159,-19.3372
12643615,-19.3421
12645070,-19.3470
12646526,-19.3520
12647982,-19.3569
12649439,-19.3618
12650895,-19.3668
12652352,-19.3717
12653808,-19.3766
12655265,-19.3816
12656722,-19.3865
12658180,-19.3914
12659637,-19.3963
12661095,-19.4013
12662552,-19.4062
12664010,-19.4111
12665468,-19.4160
12666927,-19.4210
12668385,-19.4259
12669844,-19.4308
12671302,-19.4357
12672761,-19.4407
12674220,-19.4456
12675680,-19.4505
12677139,-19.4554
12678599,-19.4603
12680058,-19.4652
12681518,-19.4702
12682978,-19.4751
12684439,-19.4800
12685899,-19.4849
12687360,-19.4898
12688821,-19.4947
12690281,-19.4997
12691743,-19.5046
12693204,-19.5095
12694665,-19.5144
12696127,-19.5193
12697589,-19.5242
12699051,-19.5291
12700513,-19.5340
12701975,-19.5389
12703437,-19.5438
12704900,-19.5488
12706363,-19.5537
12707826,-19.5586
12709289,-19.5635
12710752,-19.5684
12712216,-19.5733
12713679,-19.5782
12715143,-19.5831
12716607,-19.5880
12718071,-19.5929
12719536,-19.5978
12721000,-19.6027
12722465,-19.6076
12723930,-19.6125
12725394,-19.6174
12726860,-19.6223
12728325,-19.6272
12729790,-19.6321
12731256,-19.6370
12732722,-19.6419
12734188,-19.6468
12735654,-19.6517
12737120,-19.6565
12738587,-19.6614
12740054,-19.6663
12741520,-19.6712
12742987,-19.6761
12744455,-19.6810
12745922,-19.6859
12747389,-19.6908
12748857,-19.6957
12750325,-19.7006
12751793,-19.7054
12753261,-19.7103
12754730,-19.7152
12756198,-19.7201
12757667,-19.7250
12759136,-19.7299
12760605,-19.7347
12762074,-19.7396
12763543,-19.7445
12765013,-19.7494
12766483,-19.7543
12767952,-19.7591
12769422,-19.7640
12770893,-19.7689
12772363,-19.7738
12773834,-19.7787
12775304,-19.7835
12776775,-19.7884
12778246,-19.7933
12779718,-19.7982
12781189,-19.8030
12782661,-19.8079
12784132,-19.8128
12785604,-19.8177
12787076,-19.8225
12788548,-19.8274
12790021,-19.8323
12791494,-19.8371
12792966,-19.8420
12794439,-19.8469
12795912,-19.8517
12797386,-19.8566
12798859,-19.8615
12800333,-19.8663
12801806,-19.8712
12803280,-19.8761
12804754,-19.8809
12806229,-19.8858
12807703,-19.8907
12809178,-19.8955
12810653,-19.9004
12812128,-19.9053
12813603,-19.9101
12815078,-19.9150
12816553,-19.9198
12818029,-19.9247
12819505,-19.9295
12820981,-19.9344
12822457,-19.9393
12823933,-19.9441
12825410,-19.9490
12826887,-19.9538
12828363,-19.9587
12829840,-19.9635
12831318,-19.9684
12832795,-19.9732
12834272,-19.9781
12835750,-19.9829
12837228,-19.9878
12838706,-19.9926
12840184,-19.9975
12841663,-20.0023
12843141,-20.0072
12844620,-20.0120
12846099,-20.0169
12847578,-20.0217
12849057,-20.0266
12850536,-20.0314
12852016,-20.0363
12853496,-20.0411
12854976,-20.0460
12856456,-20.0508
12857936,-20.0556
12859416,-20.0605
12860897,-20.0653
12862378,-20.0702
12863859,-20.0750
12865340,-20.0798
12866821,-20.0847
12868302,-20.0895
12869784,-20.0944
12871266,-20.0992
12872748,-20.1040
12874230,-20.1089
12875712,-20.1137
12877194,-20.1185
12878677,-20.1234
12880160,-20.1282
12881643,-20.1330
12883126,-20.1379
12884609,-20.1427
12886093,-20.1475
12887576,-20.1524
12889060,-20.1572
12890544,-20.1620
12892028,-20.1668
12893513,-20.1717
12894997,-20.1765
12896482,-20.1813
12897967,-20.1862
12899452,-20.1910
12900937,-20.1958
12902422,-20.2006
12903908,-20.2055
12905394,-20.2103
12906879,-20.2151
12908366,-20.2199
12909852,-20.2247
12911338,-20.2296
12912825,-20.2344
12914311,-20.2392
12915798,-20.2440
12917285,-20.2488
12918773,-20.2537
12920260,-20.2585
12921748,-20.2633
12923235,-20.2681
12924723,-20.2729
12926211,-20.2777
12927700,-20.2825
12929188,-20.2874
12930677,-20.2922
12932166,-20.2970
12933654,-20.3018
12935144,-20.3066
12936633,-20.3114
12938122,-20.3162
12939612,-20.3210
12941102,-20.3258
12942592,-20.3307
12944082,-20.3355
12945572,-20.3403
12947063,-20.3451
12948553,-20.3499
12950044,-20.3547
12951535,-20.3595
12953027,-20.3643
12954518,-20.3691
12956009,-20.3739
12957501,-20.3787
12958993,-20.3835
12960485,-20.3883
12961977,-20.3931
12963470,-20.3979
12964962,-20.4027
12966455,-20.4075
12967948,-20.4123
12969441,-20.4171
12970934,-20.4219
12972428,-20.4267
12973921,-20.4315
12975415,-20.4363
12976909,-20.4411
12978403,-20.4459
12979897,-20.4507
12981392,-20.4555
12982886,-20.4602
12984381,-20.4650
12985876,-20.4698
12987371,-20.4746
12988867,-20.4794
12990362,-20.4842
12991858,-20.4890
12993354,-20.4938
12994850,-20.4986
12996346,-20.5033
12997842,-20.5081
12999339,-20.5129
13000835,-20.5177
13002332,-20.5225
13003829,-20.5273
13005326,-20.5321
13006824,-20.5368
13008321,-20.5416
13009819,-20.5464
13011317,-20.5512
13012815,-20.5560
13014313,-20.5607
13015812,-20.5655
13017310,-20.5703
13018809,-20.5751
13020308,-20.5799
13021807,-20.5846
13023306,-20.5894
13024806,-20.5942
13026305,-20.5990
13027805,-20.6037
13029305,-20.6085
13030805,-20.6133
13032306,-20.6181
13033806,-20.6228
13035307,-20.6276
13036808,-20.6324
13038309,-20.6371
13039810,-20.6419
13041311,-20.6467
13042813,-20.6514
13044314,-20.6562
13045816,-20.6610
13047318,-20.6657
13048820,-20.6705
13050323,-20.6753
13051825,-20.6800
13053328,-20.6848
13054831,-20.6896
13056334,-20.6943
13057837,-20.6991
13059341,-20.7039
13060844,-20.7086
13062348,-20.7134
13063852,-20.7181
13065356,-20.7229
13066861,-20.7277
13068365,-20.7324
13069870,-20.7372
13071374,-20.7419
13072879,-20.7467
13074385,-20.7515
13075890,-20.7562
13077395,-20.7610
13078901,-20.7657
13080407,-20.7705
13081913,-20.7752
13083419,-20.7800
13084926,-20.7847
13086432,-20.7895
13087939,-20.7942
13089446,-20.7990
13090953,-20.8037
13092460,-20.8085
13093967,-20.8132
13095475,-20.8180
13096983,-20.8227
13098491,-20.8275
13099999,-20.8322
13101507,-20.8370
13103015,-20.8417
13104524,-20.8465
13106033,-20.8512
13107542,-20.8560
13109051,-20.8607
13110560,-20.8654
13112070,-20.8702
13113580,-20.8749
13115089,-20.8797
13116599,-20.8844
13118110,-20.8892
13119620,-20.8939
13121130,-20.8986
13122641,-20.9034
13124152,-20.9081
13125663,-20.9128
13127174,-20.9176
13128686,-20.9223
13130197,-20.9271
13131709,-20.9318
13133221,-20.9365
13134733,-20.9413
13136245,-20.9460
13137758,-20.9507
13139271,-20.9555
13140783,-20.9602
13142296,-20.9649
13143809,-20.9697
13145323,-20.9744
13146836,-20.9791
13148350,-20.9838
13149864,-20.9886
13151378,-20.9933
13152892,-20.9980
13154406,-21.0027
13155921,-21.0075
13157436,-21.0122
13158951,-21.0169
13160466,-21.0217
13161981,-21.0264
13163496,-21.0311
13165012,-21.0358
13166528,-21.0405
13168044,-21.0453
13169560,-21.0500
13171076,-21.0547
13172592,-21.0594
13174109,-21.0641
13175626,-21.0689
13177143,-21.0736
13178660,-21.0783
13180177,-21.0830
13181695,-21.0877
13183213,-21.0925
13184730,-21.0972
13186248,-21.1019
13187767,-21.1066
13189285,-21.1113
13190804,-21.1160
13192322,-21.1207
13193841,-21.1254
13195360,-21.1302
13196880,-21.1349
13198399,-21.1396
13199919,-21.1443
13201438,-21.1490
13202958,-21.1537
13204479,-21.1584
13205999,-21.1631
13207519,-21.1678
13209040,-21.1725
13210561,-21.1772
13212082,-21.1820
13213603,-21.1867
13215124,-21.1914
13216646,-21.1961
13218168,-21.2008
13219690,-21.2055
13221212,-21.2102
13222734,-21.2149
13224256,-21.2196
13225779,-21.2243
13227302,-21.2290
13228824,-21.2337
13230348,-21.2384
13231871,-21.2431
13233394,-21.2478
13234918,-21.2525
13236442,-21.2572
13237966,-21.2619
13239490,-21.2666
13241014,-21.2713
13242539,-21.2760
13244064,-21.2806
13245588,-21.2853
13247113,-21.2900
13248639,-21.2947
13250164,-21.2994
13251690,-21.3041
13253215,-21.3088
13254741,-21.3135
13256267,-21.3182
13257794,-21.3229
13259320,-21.3276
13260847,-21.3322
13262374,-21.3369
13263900,-21.3416
13265428,-21.3463
13266955,-21.3510
13268482,-21.3557
13270010,-21.3604
13271538,-21.3650
13273066,-21.3697
13274594,-21.3744
13276123,-21.3791
13277651,-21.3838
13279180,-21.3885
13280709,-21.3931
13282238,-21.3978
13283767,-21.4025
13285297,-21.4072
13286826,-21.4119
13288356,-21.4165
13289886,-21.4212
13291416,-21.4259
13292946,-21.4306
13294477,-21.4353
13296008,-21.4399
13297538,-21.4446
13299069,-21.4493
13300601,-21.4540
13302132,-21.4586
13303664,-21.4633
13305195,-21.4680
13306727,-21.4726
13308259,-21.4773
13309792,-21.4820
13311324,-21.4867
13312857,-21.4913
13314389,-21.4960
13315922,-21.5007
13317456,-21.5053
13318989,-21.5100
13320522,-21.5147
13322056,-21.5193
13323590,-21.5240
13325124,-21.5287
13326658,-21.5333
13328192,-21.5380
13329727,-21.5427
13331262,-21.5473
13332797,-21.5520
13334332,-21.5566
13335867,-21.5613
13337402,-21.5660
13338938,-21.5706
13340474,-21.5753
13342010,-21.5800
13343546,-21.5846
13345082,-21.5893
13346619,-21.5939
13348155,-21.5986
13349692,-21.6032
13351229,-21.6079
13352767,-21.6126
13354304,-21.6172
13355841,-21.6219
13357379,-21.6265
13358917,-21.6312
13360455,-21.6358
13361993,-21.6405
13363532,-21.6451
13365071,-21.6498
13366609,-21.6544
13368148,-21.6591
13369687,-21.6637
13371227,-21.6684
13372766,-21.6730
13374306,-21.6777
13375846,-21.6823
13377386,-21.6870
13378926,-21.6916
13380466,-21.6963
13382007,-21.7009
13383548,-21.7056
13385089,-21.7102
13386630,-21.7149
13388171,-21.7195
13389713,-21.7241
13391254,-21.7288
13392796,-21.7334
13394338,-21.7381
13395880,-21.7427
13397423,-21.7474
13398965,-21.7520
13400508,-21.7566
13402051,-21.7613
13403594,-21.7659
13405137,-21.7705
13406680,-21.7752
13408224,-21.7798
13409768,-21.7845
13411312,-21.7891
13412856,-21.7937
13414400,-21.7984
13415945,-21.8030
13417489,-21.8076
13419034,-21.8123
13420579,-21.8169
13422124,-21.8215
13423670,-21.8262
13425215,-21.8308
13426761,-21.8354
13428307,-21.8401
13429853,-21.8447
13431399,-21.8493
13432946,-21.8539
13434492,-21.8586
13436039,-21.8632
13437586,-21.8678
13439133,-21.8725
13440680,-21.8771
13442228,-21.8817
13443776,-21.8863
13445323,-21.8910
13446871,-21.8956
13448420,-21.9002
13449968,-21.9048
13451517,-21.9095
13453065,-21.9141
13454614,-21.9187
13456163,-21.9233
13457713,-21.9279
13459262,-21.9326
13460812,-21.9372
13462362,-21.9418
13463912,-21.9464
13465462,-21.9510
13467012,-21.9556
13468563,-21.9603
13470113,-21.9649
13471664,-21.9695
13473215,-21.9741
13474767,-21.9787
13476318,-21.9833
13477870,-21.9880
13479422,-21.9926
13480973,-21.9972
13482526,-22.0018
13484078,-22.0064
13485630,-22.0110
13487183,-22.0156
13488736,-22.0202
13490289,-22.0248
13491842,-22.0295
13493396,-22.0341
13494949,-22.0387
13496503,-22.0433
13498057,-22.0479
13499611,-22.0525
13501165,-22.0571
13502720,-22.0617
13504274,-22.0663
13505829,-22.0709
13507384,-22.0755
13508939,-22.0801
13510495,-22.0847
13512050,-22.0893
13513606,-22.0939
13515162,-22.0985
13516718,-22.1031
13518274,-22.1077
13519831,-22.1123
13521387,-22.1169
13522944,-22.1215
13524501,-22.1261
13526058,-22.1307
13527616,-22.1353
13529173,-22.1399
13530731,-22.1445
13532289,-22.1491
13533847,-22.1537
13535405,-22.1583
13536963,-22.1629
13538522,-22.1675
13540081,-22.1721
13541640,-22.1767
13543199,-22.1813
13544758,-22.1859
13546318,-22.1905
13547877,-22.1951
13549437,-22.1996
13550997,-22.2042
13552557,-22.2088
13554118,-22.2134
13555678,-22.2180
13557239,-22.2226
13558800,-22.2272
13560361,-22.2318
13561922,-22.2364
13563484,-22.2409
13565045,-22.2455
13566607,-22.2501
13568169,-22.2547
13569732,-22.2593
13571294,-22.2639
13572856,-22.2684
13574419,-22.2730
13575982,-22.2776
13577545,-22.2822
13579108,-22.2868
13580672,-22.2914
13582235,-22.2959
13583799,-22.3005
13585363,-22.3051
13586927,-22.3097
13588492,-22.3142
13590056,-22.3188
13591621,-22.3234
13593186,-22.3280
13594751,-22.3326
13596316,-22.3371
13597882,-22.3417
13599447,-22.3463
13601013,-22.3509
13602579,-22.3554
13604145,-22.3600
13605711,-22.3646
13607278,-22.3691
13608845,-22.3737
13610411,-22.3783
13611979,-22.3829
13613546,-22.3874
13615113,-22.3920
13616681,-22.3966
13618248,-22.4011
13619816,-22.4057
13621385,-22.4103
13622953,-22.4148
13624521,-22.4194
13626090,-22.4240
13627659,-22.4285
13629228,-22.4331
13630797,-22.4377
13632367,-22.4422
13633936,-22.4468
13635506,-22.4514
13637076,-22.4559
13638646,-22.4605
13640216,-22.4650
13641787,-22.4696
13643357,-22.4742
13644928,-22.4787
13646499,-22.4833
13648070,-22.4878
13649642,-22.4924
13651213,-22.4970
13652785,-22.5015
13654357,-22.5061
13655929,-22.5106
13657501,-22.5152
13659074,-22.5197
13660647,-22.5243
13662219,-22.5289
13663792,-22.5334
13665366,-22.5380
13666939,-22.5425
13668513,-22.5471
13670086,-22.5516
13671660,-22.5562
13673234,-22.5607
13674809,-22.5653
13676383,-22.5698
13677958,-22.5744
13679532,-22.5789
13681107,-22.5835
13682683,-22.5880
13684258,-22.5926
13685834,-22.5971
13687409,-22.6017
13688985,-22.6062
13690561,-22.6108
13692138,-22.6153
13693714,-22.6199
13695291,-22.6244
13696868,-22.6289
13698445,-22.6335
13700022,-22.6380
13701599,-22.6426
13703177,-22.6471
13704754,-22.6517
13706332,-22.6562
13707910,-22.6607
13709489,-22.6653
13711067,-22.6698
13712646,-22.6744
13714225,-22.6789
13715804,-22.6834
13717383,-22.6880
13718962,-22.6925
13720542,-22.6970
13722121,-22.7016
13723701,-22.7061
13725281,-22.7107
13726862,-22.7152
13728442,-22.7197
13730023,-22.7243
13731604,-22.7288
13733185,-22.7333
13734766,-22.7379
13736347,-22.7424
13737929,-22.7469
13739510,-22.7515
13741092,-22.7560
13742674,-22.7605
13744257,-22.7650
13745839,-22.7696
13747422,-22.7741
13749005,-22.7786
13750588,-22.7832
13752171,-22.7877
13753754,-22.7922
13755338,-22.7967
13756921,-22.8013
13758505,-22.8058
13760089,-22.8103
13761674,-22.8148
13763258,-22.8194
13764843,-22.8239
13766428,-22.8284
13768013,-22.8329
13769598,-22.8375
13771183,-22.8420
13772769,-22.8465
13774354,-22.8510
13775940,-22.8555
13777526,-22.8601
13779113,-22.8646
13780699,-22.8691
13782286,-22.8736
13783873,-22.8781
13785460,-22.8827
13787047,-22.8872
13788634,-22.8917
13790222,-22.8962
13791810,-22.9007
13793398,-22.9052
13794986,-22.9097
13796574,-22.9143
13798162,-22.9188
13799751,-22.9233
13801340,-22.9278
13802929,-22.9323
13804518,-22.9368
13806108,-22.9413
13807697,-22.9458
13809287,-22.9504
13810877,-22.9549
13812467,-22.9594
13814057,-22.9639
13815648,-22.9684
13817239,-22.9729
13818829,-22.9774
13820420,-22.9819
13822012,-22.9864
13823603,-22.9909
13825195,-22.9954
13826786,-22.9999
13828378,-23.0044
13829971,-23.0089
13831563,-23.0135
13833155,-23.0180
13834748,-23.0225
13836341,-23.0270
13837934,-23.0315
13839527,-23.0360
13841121,-23.0405
13842714,-23.0450
13844308,-23.0495
13845902,-23.0540
13847496,-23.0585
13849091,-23.0630
13850685,-23.0675
13852280,-23.0720
13853875,-23.0765
13855470,-23.0810
13857065,-23.0854
13858660,-23.0899
13860256,-23.0944
13861852,-23.0989
13863448,-23.1034
13865044,-23.1079
13866640,-23.1124
13868237,-23.1169
13869834,-23.1214
13871431,-23.1259
13873028,-23.1304
13874625,-23.1349
13876222,-23.1394
13877820,-23.1439
13879418,-23.1483
13881016,-23.1528
13882614,-23.1573
13884213,-23.1618
13885811,-23.1663
13887410,-23.1708
13889009,-23.1753
13890608,-23.1798
13892207,-23.1842
13893807,-23.1887
13895406,-23.1932
13897006,-23.1977
13898606,-23.2022
13900207,-23.2067
13901807,-23.2112
13903408,-23.2156
13905008,-23.2201
13906609,-23.2246
13908210,-23.2291
13909812,-23.2336
13911413,-23.2380
13913015,-23.2425
13914617,-23.2470
13916219,-23.2515
13917821,-23.2560
13919424,-23.2604
13921026,-23.2649
13922629,-23.2694
13924232,-23.2739
13925835,-23.2784
13927439,-23.2828
13929042,-23.2873
13930646,-23.2918
13932250,-23.2963
13933854,-23.3007
13935458,-23.3052
13937063,-23.3097
13938667,-23.3141
13940272,-23.3186
13941877,-23.3231
13943482,-23.3276
13945088,-23.3320
13946693,-23.3365
13948299,-23.3410
13949905,-23.3454
13951511,-23.3499
13953118,-23.3544
13954724,-23.3588
13956331,-23.3633
13957938,-23.3678
13959545,-23.3723
13961152,-23.3767
13962759,-23.3812
13964367,-23.3856
13965975,-23.3901
13967583,-23.3946
13969191,-23.3990
13970799,-23.4035
13972408,-23.4080
13974017,-23.4124
13975626,-23.4169
13977235,-23.4214
13978844,-23.4258
13980453,-23.4303
13982063,-23.4347
13983673,-23.4392
13985283,-23.4437
13986893,-23.4481
13988503,-23.4526
13990114,-23.4570
13991725,-23.4615
13993336,-23.4660
13994947,-23.4704
13996558,-23.4749
13998170,-23.4793
13999781,-23.4838
14001393,-23.4882
14003005,-23.4927
14004618,-23.4971
14006230,-23.5016
14007843,-23.5060
14009455,-23.5105
14011068,-23.5150
14012682,-23.5194
14014295,-23.5239
14015909,-23.5283
14017522,-23.5328
14019136,-23.5372
14020750,-23.5417
14022365,-23.5461
14023979,-23.5506
14025594,-23.5550
14027209,-23.5595
14028824,-23.5639
14030439,-23.5683
14032054,-23.5728
14033670,-23.5772
14035286,-23.5817
14036902,-23.5861
14038518,-23.5906
14040134,-23.5950
14041751,-23.5995
14043367,-23.6039
14044984,-23.6084
14046601,-23.6128
14048219,-23.6172
14049836,-23.6217
14051454,-23.6261
14053071,-23.6306
14054689,-23.6350
14056308,-23.6394
14057926,-23.6439
14059545,-23.6483
14061163,-23.6528
14062782,-23.6572
14064401,-23.6616
14066021,-23.6661
14067640,-23.6705
14069260,-23.6749
14070880,-23.6794
14072500,-23.6838
14074120,-23.6883
14075741,-23.6927
14077361,-23.6971
14078982,-23.7016
14080603,-23.7060
14082224,-23.7104
14083846,-23.7149
14085467,-23.7193
14087089,-23.7237
14088711,-23.7282
14090333,-23.7326
14091955,-23.7370
14093578,-23.7414
14095200,-23.7459
14096823,-23.7503
14098446,-23.7547
14100070,-23.7592
14101693,-23.7636
14103317,-23.7680
14104940,-23.7724
14106564,-23.7769
14108189,-23.7813
14109813,-23.7857
14111437,-23.7901
14113062,-23.7946
14114687,-23.7990
14116312,-23.8034
14117937,-23.8078
14119563,-23.8123
14121189,-23.8167
14122814,-23.8211
14124441,-23.8255
14126067,-23.8299
14127693,-23.8344
14129320,-23.8388
14130947,-23.8432
14132574,-23.8476
14134201,-23.8520
14135828,-23.8565
14137456,-23.8609
14139083,-23.8653
14140711,-23.8697
14142339,-23.8741
14143968,-23.8786
14145596,-23.8830
14147225,-23.8874
14148854,-23.8918
14150483,-23.8962
14152112,-23.9006
14153741,-23.9050
14155371,-23.9095
14157001,-23.9139
14158631,-23.9183
14160261,-23.9227
14161891,-23.9271
14163522,-23.9315
14165153,-23.9359
14166783,-23.9403
14168415,-23.9447
14170046,-23.9492
14171677,-23.9536
14173309,-23.9580
14174941,-23.9624
14176573,-23.9668
14178205,-23.9712
14179838,-23.9756
14181470,-23.9800
14183103,-23.9844
14184736,-23.9888
14186369,-23.9932
14188002,-23.9976
14189636,-24.0020
14191270,-24.0064
14192904,-24.0108
14194538,-24.0152
14196172,-24.0196
14197807,-24.0241
14199441,-24.0285
14201076,-24.0329
14202711,-24.0373
14204346,-24.0417
14205982,-24.0461
14207617,-24.0505
14209253,-24.0549
14210889,-24.0593
14212525,-24.0637
14214162,-24.0680
14215798,-24.0724
14217435,-24.0768
14219072,-24.0812
14220709,-24.0856
14222346,-24.0900
14223984,-24.0944
14225622,-24.0988
14227260,-24.1032
14228898,-24.1076
14230536,-24.1120
14232174,-24.1164
14233813,-24.1208
14235452,-24.1252
14237091,-24.1296
14238730,-24.1340
14240369,-24.1384
14242009,-24.1427
14243649,-24.1471
14245289,-24.1515
14246929,-24.1559
14248569,-24.1603
14250210,-24.1647
14251850,-24.1691
14253491,-24.1735
14255132,-24.1779
14256774,-24.1822
14258415,-24.1866
14260057,-24.1910
14261699,-24.1954
14263341,-24.1998
14264983,-24.2042
14266625,-24.2086
14268268,-24.2129
14269911,-24.2173
14271554,-24.2217
14273197,-24.2261
14274840,-24.2305
14276484,-24.2349
14278127,-24.2392
14279771,-24.2436
14281416,-24.2480
14283060,-24.2524
14284704,-24.2568
14286349,-24.2611
14287994,-24.2655
14289639,-24.2699
14291284,-24.2743
14292930,-24.2786
14294575,-24.2830
14296221,-24.2874
14297867,-24.2918
14299513,-24.2962
14301160,-24.3005
14302806,-24.3049
14304453,-24.3093
14306100,-24.3137
14307747,-24.3180
14309394,-24.3224
14311042,-24.3268
14312690,-24.3311
14314338,-24.3355
14315986,-24.3399
14317634,-24.3443
14319282,-24.3486
14320931,-24.3530
14322580,-24.3574
14324229,-24.3617
14325878,-24.3661
14327528,-24.3705
14329177,-24.3749
14330827,-24.3792
14332477,-24.3836
14334127,-24.3880
14335778,-24.3923
14337428,-24.3967
14339079,-24.4011
14340730,-24.4054
14342381,-24.4098
14344032,-24.4141
14345684,-24.4185
14347336,-24.4229
14348987,-24.4272
14350639,-24.4316
14352292,-24.4360
14353944,-24.4403
14355597,-24.4447
14357250,-24.4491
14358903,-24.4534
14360556,-24.4578
14362209,-24.4621
14363863,-24.4665
14365517,-24.4709
14367171,-24.4752
14368825,-24.4796
14370479,-24.4839
14372134,-24.4883
14373789,-24.4926
14375444,-24.4970
14377099,-24.5014
14378754,-24.5057
14380410,-24.5101
14382065,-24.5144
14383721,-24.5188
14385377,-24.5231
14387033,-24.5275
14388690,-24.5318
14390347,-24.5362
14392003,-24.5405
14393660,-24.5449
14395318,-24.5492
14396975,-24.5536
14398633,-24.5580
14400291,-24.5623
14401949,-24.5667
14403607,-24.5710
14405265,-24.5754
14406924,-24.5797
14408582,-24.5841
14410241,-24.5884
14411900,-24.5927
14413560,-24.5971
14415219,-24.6014
14416879,-24.6058
14418539,-24.6101
14420199,-24.6145
14421859,-24.6188
14423520,-24.6232
14425180,-24.6275
14426841,-24.6319
14428502,-24.6362
14430164,-24.6405
14431825,-24.6449
14433487,-24.6492
14435148,-24.6536
14436810,-24.6579
14438473,-24.6623
14440135,-24.6666
14441798,-24.6709
14443460,-24.6753
14445123,-24.6796
14446787,-24.6840
14448450,-24.6883
14450113,-24.6926
14451777,-24.6970
14453441,-24.7013
14455105,-24.7056
14456769,-24.7100
14458434,-24.7143
14460099,-24.7187
14461763,-24.7230
14463429,-24.7273
14465094,-24.7317
14466759,-24.7360
14468425,-24.7403
14470091,-24.7447
14471757,-24.7490
14473423,-24.7533
14475089,-24.7577
14476756,-24.7620
14478423,-24.7663
14480090,-24.7707
14481757,-24.7750
14483424,-24.7793
14485092,-24.7837
14486760,-24.7880
14488428,-24.7923
14490096,-24.7966
14491764,-24.8010
14493433,-24.8053
14495101,-24.8096
14496770,-24.8140
14498439,-24.8183
14500109,-24.8226
14501778,-24.8269
14503448,-24.8313
14505118,-24.8356
14506788,-24.8399
14508458,-24.8442
14510128,-24.8486
14511799,-24.8529
14513470,-24.8572
14515141,-24.8615
14516812,-24.8658
14518483,-24.8702
14520155,-24.8745
14521827,-24.8788
14523499,-24.8831
14525171,-24.8875
14526843,-24.8918
14528516,-24.8961
14530189,-24.9004
14531862,-24.9047
14533535,-24.9090
14535208,-24.9134
14536882,-24.9177
14538555,-24.9220
14540229,-24.9263
14541903,-24.9306
14543578,-24.9350
14545252,-24.9393
14546927,-24.9436
14548602,-24.9479
14550277,-24.9522
14551952,-24.9565
14553627,-24.9608
14555303,-24.9652
14556979,-24.9695
14558655,-24.9738
14560331,-24.9781
14562008,-24.9824
14563684,-24.9867
14565361,-24.9910
14567038,-24.9953
14568715,-24.9996
14570393,-25.0040
14572070,-25.0083
14573748,-25.0126
14575426,-25.0169
14577104,-25.0212
14578782,-25.0255
14580461,-25.0298
14582140,-25.0341
14583819,-25.0384
14585498,-25.0427
14587177,-25.0470
14588857,-25.0513
14590536,-25.0556
14592216,-25.0599
14593896,-25.0643
14595577,-25.0686
14597257,-25.0729
14598938,-25.0772
14600619,-25.0815
14602300,-25.0858
14603981,-25.0901
14605662,-25.0944
14607344,-25.0987
14609026,-25.1030
14610708,-25.1073
14612390,-25.1116
14614072,-25.1159
14615755,-25.1202
14617438,-25.1245
14619121,-25.1288
14620804,-25.1331
14622487,-25.1374
14624171,-25.1417
14625855,-25.1460
14627539,-25.1503
14629223,-25.1546
14630907,-25.1589
14632592,-25.1631
14634276,-25.1674
14635961,-25.1717
14637647,-25.1760
14639332,-25.1803
14641017,-25.1846
14642703,-25.1889
14644389,-25.1932
14646075,-25.1975
14647761,-25.2018
14649448,-25.2061
14651134,-25.2104
14652821,-25.2147
14654508,-25.2190
14656196,-25.2232
14657883,-25.2275
14659571,-25.2318
14661259,-25.2361
14662947,-25.2404
14664635,-25.2447
14666323,-25.2490
14668012,-25.2533
14669701,-25.2575
14671390,-25.2618
14673079,-25.2661
14674768,-25.2704
14676458,-25.2747
14678148,-25.2790
14679838,-25.2833
14681528,-25.2875
14683218,-25.2918
14684909,-25.2961
14686600,-25.3004
14688291,-25.3047
14689982,-25.3090
14691673,-25.3132
14693365,-25.3175
14695056,-25.3218
14696748,-25.3261
14698440,-25.3304
14700133,-25.3346
14701825,-25.3389
14703518,-25.3432
14705211,-25.3475
14706904,-25.3518
14708597,-25.3560
14710291,-25.3603
14711984,-25.3646
14713678,-25.3689
14715372,-25.3731
14717067,-25.3774
14718761,-25.3817
14720456,-25.3860
14722151,-25.3903
14723846,-25.3945
14725541,-25.3988
14727236,-25.4031
14728932,-25.4073
14730628,-25.4116
14732324,-25.4159
14734020,-25.4202
14735716,-25.4244
14737413,-25.4287
14739110,-25.4330
14740807,-25.4373
14742504,-25.4415
14744201,-25.4458
14745899,-25.4501
14747597,-25.4543
14749295,-25.4586
14750993,-25.4629
14752691,-25.4671
14754390,-25.4714
14756089,-25.4757
14757788,-25.4799
14759487,-25.4842
14761186,-25.4885
14762886,-25.4927
14764585,-25.4970
14766285,-25.5013
14767985,-25.5055
14769686,-25.5098
14771386,-25.5141
14773087,-25.5183
14774788,-25.5226
14776489,-25.5269
14778190,-25.5311
14779892,-25.5354
14781593,-25.5396
14783295,-25.5439
14784997,-25.5482
14786700,-25.5524
14788402,-25.5567
14790105,-25.5609
14791808,-25.5652
14793511,-25.5695
14795214,-25.5737
14796918,-25.5780
14798621,-25.5822
14800325,-25.5865
14802029,-25.5908
14803733,-25.5950
14805438,-25.5993
14807142,-25.6035
14808847,-25.6078
14810552,-25.6120
14812258,-25.6163
14813963,-25.6205
14815669,-25.6248
14817374,-25.6291
14819080,-25.6333
14820787,-25.6376
14822493,-25.6418
14824200,-25.6461
14825906,-25.6503
14827613,-25.6546
14829321,-25.6588
14831028,-25.6631
14832736,-25.6673
14834443,-25.6716
14836151,-25.6758
14837860,-25.6801
14839568,-25.6843
14841276,-25.6886
14842985,-25.6928
14844694,-25.6971
14846403,-25.7013
14848113,-25.7056
14849822,-25.7098
14851532,-25.7141
14853242,-25.7183
14854952,-25.7225
14856662,-25.7268
14858373,-25.7310
14860084,-25.7353
14861795,-25.7395
14863506,-25.7438
14865217,-25.7480
14866929,-25.7523
14868640,-25.7565
14870352,-25.7607
14872064,-25.7650
14873777,-25.7692
14875489,-25.7735
14877202,-25.7777
14878915,-25.7819
14880628,-25.7862
14882341,-25.7904
14884055,-25.7947
14885768,-25.7989
14887482,-25.8031
14889196,-25.8074
14890911,-25.8116
14892625,-25.8159
14894340,-25.8201
14896055,-25.8243
14897770,-25.8286
14899485,-25.8328
14901200,-25.8370
14902916,-25.8413
14904632,-25.8455
14906348,-25.8497
14908064,-25.8540
14909781,-25.8582
14911497,-25.8625
14913214,-25.8667
14914931,-25.8709
14916648,-25.8751
14918366,-25.8794
14920084,-25.8836
14921801,-25.8878
14923519,-25.8921
14925238,-25.8963
14926956,-25.9005
14928675,-25.9048
14930394,-25.9090
14932113,-25.9132
14933832,-25.9175
14935551,-25.9217
14937271,-25.9259
14938991,-25.9301
14940711,-25.9344
14942431,-25.9386
14944151,-25.9428
14945872,-25.9470
14947593,-25.9513
14949314,-25.9555
14951035,-25.9597
14952756,-25.9640
14954478,-25.9682
14956200,-25.9724
14957922,-25.9766
14959644,-25.9808
14961366,-25.9851
14963089,-25.9893
14964812,-25.9935
14966535,-25.9977
14968258,-26.0020
14969981,-26.0062
14971705,-26.0104
14973429,-26.0146
14975153,-26.0188
14976877,-26.0231
14978601,-26.0273
14980326,-26.0315
14982050,-26.0357
14983775,-26.0399
14985501,-26.0442
14987226,-26.0484
14988952,-26.0526
14990677,-26.0568
14992403,-26.0610
14994129,-26.0652
14995856,-26.0695
14997582,-26.0737
14999309,-26.0779
15001036,-26.0821
15002763,-26.0863
15004491,-26.0905
15006218,-26.0947
15007946,-26.0990
15009674,-26.1032
15011402,-26.1074
15013130,-26.1116
15014859,-26.1158
15016588,-26.1200
15018317,-26.1242
15020046,-26.1284
15021775,-26.1327
15023505,-26.1369
15025234,-26.1411
15026964,-26.1453
15028694,-26.1495
15030425,-26.1537
15032155,-26.1579
15033886,-26.1621
15035617,-26.1663
15037348,-26.1705
15039079,-26.1747
15040811,-26.1789
15042543,-26.1832
15044275,-26.1874
15046007,-26.1916
15047739,-26.1958
15049472,-26.2000
15051204,-26.2042
15052937,-26.2084
15054671,-26.2126
15056404,-26.2168
15058137,-26.2210
15059871,-26.2252
15061605,-26.2294
15063339,-26.2336
15065073,-26.2378
15066808,-26.2420
15068543,-26.2462
15070278,-26.2504
15072013,-26.2546
15073748,-26.2588
15075484,-26.2630
15077219,-26.2672
15078955,-26.2714
15080691,-26.2756
15082428,-26.2798
15084164,-26.2840
15085901,-26.2882
15087638,-26.2924
15089375,-26.2966
15091112,-26.3008
15092850,-26.3050
15094588,-26.3092
15096326,-26.3134
15098064,-26.3176
15099802,-26.3218
15101541,-26.3260
15103279,-26.3302
15105018,-26.3343
15106757,-26.3385
15108497,-26.3427
15110236,-26.3469
15111976,-26.3511
15113716,-26.3553
15115456,-26.3595
15117196,-26.3637
15118937,-26.3679
15120678,-26.3721
15122419,-26.3763
15124160,-26.3805
15125901,-26.3846
15127643,-26.3888
15129384,-26.3930
15131126,-26.3972
15132868,-26.4014
15134611,-26.4056
15136353,-26.4098
15138096,-26.4140
15139839,-26.4181
15141582,-26.4223
15143325,-26.4265
15145069,-26.4307
15146813,-26.4349
15148557,-26.4391
15150301,-26.4433
15152045,-26.4474
15153790,-26.4516
15155534,-26.4558
15157279,-26.4600
15159024,-26.4642
15160770,-26.4684
15162515,-26.4725
15164261,-26.4767
15166007,-26.4809
15167753,-26.4851
15169500,-26.4893
15171246,-26.4934
15172993,-26.4976
15174740,-26.5018
15176487,-26.5060
15178234,-26.5102
15179982,-26.5143
15181730,-26.5185
15183478,-26.5227
15185226,-26.5269
15186974,-26.5311
15188723,-26.5352
15190472,-26.5394
15192220,-26.5436
15193970,-26.5478
15195719,-26.5519
15197469,-26.5561
15199218,-26.5603
15200968,-26.5645
15202719,-26.5686
15204469,-26.5728
15206219,-26.5770
15207970,-26.5812
15209721,-26.5853
15211472,-26.5895
15213224,-26.5937
15214975,-26.5978
15216727,-26.6020
15218479,-26.6062
15220231,-26.6104
15221984,-26.6145
15223736,-26.6187
15225489,-26.6229
15227242,-26.6270
15228995,-26.6312
15230749,-26.6354
15232502,-26.6395
15234256,-26.6437
15236010,-26.6479
15237764,-26.6520
15239519,-26.6562
15241273,-26.6604
15243028,-26.6645
15244783,-26.6687
15246538,-26.6729
15248294,-26.6770
15250050,-26.6812
15251805,-26.6854
15253561,-26.6895
15255318,-26.6937
15257074,-26.6979
15258831,-26.7020
15260588,-26.7062
15262345,-26.7104
15264102,-26.7145
15265859,-26.7187
15267617,-26.7228
15269375,-26.7270
15271133,-26.7312
15272891,-26.7353
15274650,-26.7395
15276408,-26.7436
15278167,-26.7478
15279926,-26.7520
15281685,-26.7561
15283445,-26.7603
15285205,-26.7644
15286964,-26.7686
15288724,-26.7728
15290485,-26.7769
15292245,-26.7811
15294006,-26.7852
15295767,-26.7894
15297528,-26.7935
15299289,-26.7977
15301051,-26.8018
15302812,-26.8060
15304574,-26.8102
15306336,-26.8143
15308099,-26.8185
15309861,-26.8226
15311624,-26.8268
15313387,-26.8309
15315150,-26.8351
15316913,-26.8392
15318677,-26.8434
15320441,-26.8475
15322205,-26.8517
15323969,-26.8558
15325733,-26.8600
15327498,-26.8641
15329262,-26.8683
15331027,-26.8724
15332792,-26.8766
15334558,-26.8807
15336323,-26.8849
15338089,-26.8890
15339855,-26.8932
15341621,-26.8973
15343388,-26.9015
15345154,-26.9056
15346921,-26.9098
15348688,-26.9139
15350455,-26.9181
15352222,-26.9222
15353990,-26.9263
15355758,-26.9305
15357526,-26.9346
15359294,-26.9388
15361062,-26.9429
15362831,-26.9471
15364600,-26.9512
15366369,-26.9554
15368138,-26.9595
15369908,-26.9636
15371677,-26.9678
15373447,-26.9719
15375217,-26.9761
15376987,-26.9802
15378758,-26.9843
15380528,-26.9885
15382299,-26.9926
15384070,-26.9968
15385842,-27.0009
15387613,-27.0050
15389385,-27.0092
15391157,-27.0133
15392929,-27.0175
15394701,-27.0216
15396473,-27.0257
15398246,-27.0299
15400019,-27.0340
15401792,-27.0381
15403565,-27.0423
15405339,-27.0464
15407113,-27.0505
15408886,-27.0547
15410661,-27.0588
15412435,-27.0630
15414209,-27.0671
15415984,-27.0712
15417759,-27.0754
15419534,-27.0795
15421310,-27.0836
15423085,-27.0878
15424861,-27.0919
15426637,-27.0960
15428413,-27.1001
15430189,-27.1043
15431966,-27.1084
15433743,-27.1125
15435520,-27.1167
15437297,-27.1208
15439074,-27.1249
15440852,-27.1291
15442630,-27.1332
15444408,-27.1373
15446186,-27.1414
15447964,-27.1456
15449743,-27.1497
15451522,-27.1538
15453301,-27.1579
15455080,-27.1621
15456859,-27.1662
15458639,-27.1703
15460419,-27.1745
15462199,-27.1786
15463979,-27.1827
15465760,-27.1868
15467540,-27.1910
15469321,-27.1951
15471102,-27.1992
15472883,-27.2033
15474665,-27.2074
15476447,-27.2116
15478229,-27.2157
15480011,-27.2198
15481793,-27.2239
15483575,-27.2281
15485358,-27.2322
15487141,-27.2363
15488924,-27.2404
15490708,-27.2445
15492491,-27.2487
15494275,-27.2528
15496059,-27.2569
15497843,-27.2610
15499627,-27.2651
15501412,-27.2692
15503197,-27.2734
15504982,-27.2775
15506767,-27.2816
15508552,-27.2857
15510338,-27.2898
15512124,-27.2939
15513910,-27.2981
15515696,-27.3022
15517482,-27.3063
15519269,-27.3104
15521056,-27.3145
15522843,-27.3186
15524630,-27.3227
15526417,-27.3269
15528205,-27.3310
15529993,-27.3351
15531781,-27.3392
15533569,-27.3433
15535358,-27.3474
15537146,-27.3515
15538935,-27.3556
15540724,-27.3598
15542514,-27.3639
15544303,-27.3680
15546093,-27.3721
15547883,-27.3762
15549673,-27.3803
15551463,-27.3844
15553254,-27.3885
15555044,-27.3926
15556835,-27.3967
15558626,-27.4008
15560418,-27.4050
15562209,-27.4091
15564001,-27.4132
15565793,-27.4173
15567585,-27.4214
15569378,-27.4255
15571170,-27.4296
15572963,-27.4337
15574756,-27.4378
15576549,-27.4419
15578343,-27.4460
15580136,-27.4501
15581930,-27.4542
15583724,-27.4583
15585518,-27.4624
15587313,-27.4665
15589108,-27.4706
15590902,-27.4747
15592698,-27.4788
15594493,-27.4829
15596288,-27.4870
15598084,-27.4911
15599880,-27.4952
15601676,-27.4993
15603472,-27.5034
15605269,-27.5075
15607066,-27.5116
15608862,-27.5157
15610660,-27.5198
15612457,-27.5239
15614255,-27.5280
15616052,-27.5321
15617850,-27.5362
15619648,-27.5403
15621447,-27.5444
15623245,-27.5485
15625044,-27.5526
15626843,-27.5567
15628642,-27.5608
15630442,-27.5649
15632241,-27.5690
15634041,-27.5731
15635841,-27.5772
15637642,-27.5813
15639442,-27.5854
15641243,-27.5895
15643044,-27.5935
15644845,-27.5976
15646646,-27.6017
15648447,-27.6058
15650249,-27.6099
15652051,-27.6140
15653853,-27.6181
15655655,-27.6222
15657458,-27.6263
15659261,-27.6304
15661064,-27.6345
15662867,-27.6385
15664670,-27.6426
15666474,-27.6467
15668278,-27.6508
15670081,-27.6549
15671886,-27.6590
15673690,-27.6631
15675495,-27.6672
15677299,-27.6713
15679105,-27.6753
15680910,-27.6794
15682715,-27.6835
15684521,-27.6876
15686327,-27.6917
15688133,-27.6958
15689939,-27.6998
15691745,-27.7039
15693552,-27.7080
15695359,-27.7121
15697166,-27.7162
15698973,-27.7203
15700781,-27.7244
15702589,-27.7284
15704397,-27.7325
15706205,-27.7366
15708013,-27.7407
15709822,-27.7448
15711630,-27.7488
15713439,-27.7529
15715249,-27.7570
15717058,-27.7611
15718868,-27.7652
15720677,-27.7692
15722487,-27.7733
15724298,-27.7774
15726108,-27.7815
15727919,-27.7856
15729730,-27.7896
15731541,-27.7937
15733352,-27.7978
15735163,-27.8019
15736975,-27.8059
15738787,-27.8100
15740599,-27.8141
15742411,-27.8182
15744224,-27.8222
15746037,-27.8263
15747849,-27.8304
15749663,-27.8345
15751476,-27.8385
15753290,-27.8426
15755103,-27.8467
15756917,-27.8508
15758731,-27.8548
15760546,-27.8589
15762360,-27.8630
15764175,-27.8671
15765990,-27.8711
15767806,-27.8752
15769621,-27.8793
15771437,-27.8833
15773252,-27.8874
15775069,-27.8915
15776885,-27.8955
15778701,-27.8996
15780518,-27.9037
15782335,-27.9078
15784152,-27.9118
15785969,-27.9159
15787787,-27.9200
15789605,-27.9240
15791423,-27.9281
15793241,-27.9322
15795059,-27.9362
15796878,-27.9403
15798696,-27.9444
15800515,-27.9484
15802335,-27.9525
15804154,-27.9566
15805974,-27.9606
15807794,-27.9647
15809614,-27.9687
15811434,-27.9728
15813254,-27.9769
15815075,-27.9809
15816896,-27.9850
15818717,-27.9891
15820538,-27.9931
15822360,-27.9972
15824181,-28.0013
15826003,-28.0053
15827826,-28.0094
15829648,-28.0134
15831470,-28.0175
15833293,-28.0216
15835116,-28.0256
15836939,-28.0297
15838763,-28.0337
15840586,-28.0378
15842410,-28.0419
15844234,-28.0459
15846058,-28.0500
15847883,-28.0540
15849708,-28.0581
15851532,-28.0621
15853358,-28.0662
15855183,-28.0703
15857008,-28.0743
15858834,-28.0784
15860660,-28.0824
15862486,-28.0865
15864312,-28.0905
15866139,-28.0946
15867966,-28.0986
15869793,-28.1027
15871620,-28.1068
15873447,-28.1108
15875275,-28.1149
15877103,-28.1189
15878931,-28.1230
15880759,-28.1270
15882587,-28.1311
15884416,-28.1351
15886245,-28.1392
15888074,-28.1432
15889903,-28.1473
15891733,-28.1513
15893563,-28.1554
15895392,-28.1594
15897223,-28.1635
15899053,-28.1675
15900883,-28.1716
15902714,-28.1756
15904545,-28.1797
15906376,-28.1837
15908208,-28.1878
15910039,-28.1918
15911871,-28.1959
15913703,-28.1999
15915535,-28.2040
15917368,-28.2080
15919201,-28.2121
15921033,-28.2161
15922867,-28.2201
15924700,-28.2242
15926533,-28.2282
15928367,-28.2323
15930201,-28.2363
15932035,-28.2404
15933869,-28.2444
15935704,-28.2485
15937539,-28.2525
15939374,-28.2565
15941209,-28.2606
15943044,-28.2646
15944880,-28.2687
15946716,-28.2727
15948552,-28.2767
15950388,-28.2808
15952225,-28.2848
15954061,-28.2889
15955898,-28.2929
15957735,-28.2970
15959573,-28.3010
15961410,-28.3050
15963248,-28.3091
15965086,-28.3131
15966924,-28.3171
15968762,-28.3212
15970601,-28.3252
15972440,-28.3293
15974279,-28.3333
15976118,-28.3373
15977957,-28.3414
15979797,-28.3454
15981637,-28.3494
15983477,-28.3535
15985317,-28.3575
15987158,-28.3616
15988998,-28.3656
15990839,-28.3696
15992680,-28.3737
15994522,-28.3777
15996363,-28.3817
15998205,-28.3858
16000047,-28.3898
16001889,-28.3938
16003731,-28.3979
16005574,-28.4019
16007417,-28.4059
16009260,-28.4099
16011103,-28.4140
16012947,-28.4180
16014790,-28.4220
16016634,-28.4261
16018478,-28.4301
16020323,-28.4341
16022167,-28.4382
16024012,-28.4422
16025857,-28.4462
16027702,-28.4503
16029547,-28.4543
16031393,-28.4583
16033239,-28.4623
16035085,-28.4664
16036931,-28.4704
16038777,-28.4744
16040624,-28.4784
16042471,-28.4825
16044318,-28.4865
16046165,-28.4905
16048013,-28.4945
16049860,-28.4986
16051708,-28.5026
16053556,-28.5066
16055405,-28.5106
16057253,-28.5147
16059102,-28.5187
16060951,-28.5227
16062800,-28.5267
16064650,-28.5308
16066499,-28.5348
16068349,-28.5388
16070199,-28.5428
16072049,-28.5469
16073900,-28.5509
16075750,-28.5549
16077601,-28.5589
16079452,-28.5629
16081304,-28.5670
16083155,-28.5710
16085007,-28.5750
16086859,-28.5790
16088711,-28.5830
16090564,-28.5871
16092416,-28.5911
16094269,-28.5951
16096122,-28.5991
16097975,-28.6031
16099829,-28.6071
16101682,-28.6112
16103536,-28.6152
16105390,-28.6192
16107245,-28.6232
16109099,-28.6272
16110954,-28.6312
16112809,-28.6353
16114664,-28.6393
16116519,-28.6433
16118375,-28.6473
16120231,-28.6513
16122087,-28.6553
16123943,-28.6593
16125799,-28.6634
16127656,-28.6674
16129513,-28.6714
16131370,-28.6754
16133227,-28.6794
16135085,-28.6834
16136943,-28.6874
16138801,-28.6914
16140659,-28.6955
16142517,-28.6995
16144376,-28.7035
16146234,-28.7075
16148093,-28.7115
16149953,-28.7155
16151812,-28.7195
16153672,-28.7235
16155532,-28.7275
16157392,-28.7315
16159252,-28.7356
16161113,-28.7396
16162973,-28.7436
16164834,-28.7476
16166695,-28.7516
16168557,-28.7556
16170418,-28.7596
16172280,-28.7636
16174142,-28.7676
16176004,-28.7716
16177867,-28.7756
16179729,-28.7796
16181592,-28.7836
16183455,-28.7876
16185319,-28.7916
16187182,-28.7956
16189046,-28.7996
16190910,-28.8036
16192774,-28.8077
16194638,-28.8117
16196503,-28.8157
16198368,-28.8197
16200233,-28.8237
16202098,-28.8277
16203963,-28.8317
16205829,-28.8357
16207695,-28.8397
16209561,-28.8437
16211427,-28.8477
16213294,-28.8517
16215161,-28.8557
16217028,-28.8597
16218895,-28.8637
16220762,-28.8677
16222630,-28.8717
16224497,-28.8757
16226366,-28.8797
16228234,-28.8837
16230102,-28.8877
16231971,-28.8917
16233840,-28.8956
16235709,-28.8996
16237578,-28.9036
16239448,-28.9076
16241317,-28.9116
16243187,-28.9156
16245058,-28.9196
16246928,-28.9236
16248799,-28.9276
16250669,-28.9316
16252540,-28.9356
16254412,-28.9396
16256283,-28.9436
16258155,-28.9476
16260027,-28.9516
16261899,-28.9556
16263771,-28.9596
16265644,-28.9636
16267516,-28.9675
16269389,-28.9715
16271263,-28.9755
16273136,-28.9795
16275010,-28.9835
16276883,-28.9875
16278758,-28.9915
16280632,-28.9955
16282506,-28.9995
16284381,-29.0035
16286256,-29.0074
16288131,-29.0114
16290006,-29.0154
16291882,-29.0194
16293758,-29.0234
16295634,-29.0274
16297510,-29.0314
16299386,-29.0354
16301263,-29.0394
16303140,-29.0433
16305017,-29.0473
16306894,-29.0513
16308772,-29.0553
16310649,-29.0593
16312527,-29.0633
16314406,-29.0673
16316284,-29.0712
16318163,-29.0752
16320041,-29.0792
16321920,-29.0832
16323800,-29.0872
16325679,-29.0912
16327559,-29.0951
16329439,-29.0991
16331319,-29.1031
16333199,-29.1071
16335080,-29.1111
16336960,-29.1150
16338841,-29.1190
16340722,-29.1230
16342604,-29.1270
16344486,-29.1310
16346367,-29.1350
16348249,-29.1389
16350132,-29.1429
16352014,-29.1469
16353897,-29.1509
16355780,-29.1549
16357663,-29.1588
16359546,-29.1628
16361430,-29.1668
16363314,-29.1708
16365198,-29.1747
16367082,-29.1787
16368966,-29.1827
16370851,-29.1867
16372736,-29.1906
16374621,-29.1946
16376506,-29.1986
16378392,-29.2026
16380277,-29.2065
16382163,-29.2105
16384050,-29.2145
16385936,-29.2185
16387823,-29.2224
16389709,-29.2264
16391596,-29.2304
16393484,-29.2344
16395371,-29.2383
16397259,-29.2423
16399147,-29.2463
16401035,-29.2503
16402923,-29.2542
16404812,-29.2582
16406701,-29.2622
16408590,-29.2661
16410479,-29.2701
16412368,-29.2741
16414258,-29.2781
16416148,-29.2820
16418038,-29.2860
16419928,-29.2900
16421819,-29.2939
16423710,-29.2979
16425600,-29.3019
16427492,-29.3058
16429383,-29.3098
16431275,-29.3138
16433166,-29.3177
16435059,-29.3217
16436951,-29.3257
16438843,-29.3296
16440736,-29.3336
16442629,-29.3376
16444522,-29.3415
16446415,-29.3455
16448309,-29.3495
16450203,-29.3534
16452097,-29.3574
16453991,-29.3614
16455885,-29.3653
16457780,-29.3693
16459675,-29.3733
16461570,-29.3772
16463465,-29.3812
16465361,-29.3852
16467257,-29.3891
16469153,-29.3931
16471049,-29.3970
16472945,-29.4010
16474842,-29.4050
16476739,-29.4089
16478636,-29.4129
16480533,-29.4168
16482431,-29.4208
16484328,-29.4248
16486226,-29.4287
16488124,-29.4327
16490023,-29.4366
16491921,-29.4406
16493820,-29.4446
16495719,-29.4485
16497618,-29.4525
16499518,-29.4564
16501418,-29.4604
16503317,-29.4644
16505218,-29.4683
16507118,-29.4723
16509019,-29.4762
16510919,-29.4802
16512820,-29.4841
16514722,-29.4881
16516623,-29.4921
16518525,-29.4960
16520426,-29.5000
16522329,-29.5039
16524231,-29.5079
16526133,-29.5118
16528036,-29.5158
16529939,-29.5197
16531842,-29.5237
16533746,-29.5276
16535649,-29.5316
16537553,-29.5356
16539457,-29.5395
16541362,-29.5435
16543266,-29.5474
16545171,-29.5514
16547076,-29.5553
16548981,-29.5593
16550886,-29.5632
16552792,-29.5672
16554698,-29.5711
16556604,-29.5751
16558510,-29.5790
16560416,-29.5830
16562323,-29.5869
16564230,-29.5909
16566137,-29.5948
16568045,-29.5988
16569952,-29.6027
16571860,-29.6067
16573768,-29.6106
16575676,-29.6146
16577585,-29.6185
16579493,-29.6224
16581402,-29.6264
16583311,-29.6303
16585221,-29.6343
16587130,-29.6382
16589040,-29.6422
16590950,-29.6461
16592860,-29.6501
16594771,-29.6540
16596681,-29.6580
16598592,-29.6619
16600503,-29.6658
16602415,-29.6698
16604326,-29.6737
16606238,-29.6777
16608150,-29.6816
16610062,-29.6856
16611974,-29.6895
16613887,-29.6934
16615800,-29.6974
16617713,-29.7013
16619626,-29.7053
16621540,-29.7092
16623454,-29.7132
16625368,-29.7171
16627282,-29.7210
16629196,-29.7250
16631111,-29.7289
16633026,-29.7329
16634941,-29.7368
16636856,-29.7407
16638771,-29.7447
16640687,-29.7486
16642603,-29.7525
16644519,-29.7565
16646436,-29.7604
16648352,-29.7644
16650269,-29.7683
16652186,-29.7722
16654103,-29.7762
16656021,-29.7801
16657939,-29.7840
16659856,-29.7880
16661775,-29.7919
16663693,-29.7959
16665612,-29.7998
16667530,-29.8037
16669449,-29.8077
16671369,-29.8116
16673288,-29.8155
16675208,-29.8195
16677128,-29.8234
16679048,-29.8273
16680968,-29.8313
16682889,-29.8352
16684810,-29.8391
16686731,-29.8431
16688652,-29.8470
16690573,-29.8509
16692495,-29.8549
16694417,-29.8588
16696339,-29.8627
16698261,-29.8666
16700184,-29.8706
16702107,-29.8745
16704030,-29.8784
16705953,-29.8824
16707876,-29.8863
16709800,-29.8902
16711724,-29.8942
16713648,-29.8981
16715572,-29.9020
16717497,-29.9059
16719422,-29.9099
16721347,-29.9138
16723272,-29.9177
16725197,-29.9217
16727123,-29.9256
16729049,-29.9295
16730975,-29.9334
16732902,-29.9374
16734828,-29.9413
16736755,-29.9452
16738682,-29.9491
16740609,-29.9531
16742537,-29.9570
16744464,-29.9609
16746392,-29.9648
16748320,-29.9688
16750249,-29.9727
16752177,-29.9766
16754106,-29.9805
16756035,-29.9845
16757964,-29.9884
16759894,-29.9923
16761823,-29.9962
16763753,-30.0001
16765683,-30.0041
16767613,-30.0080
16769544,-30.0119
16771475,-30.0158
16773406,-30.0197
16775337,-30.0237
16777268,-30.0276
16779200,-30.0315
16781132,-30.0354
16783064,-30.0393
16784996,-30.0433
16786929,-30.0472
16788862,-30.0511
16790795,-30.0550
16792728,-30.0589
16794661,-30.0629
16796595,-30.0668
16798529,-30.0707
16800463,-30.0746
16802397,-30.0785
16804332,-30.0824
16806267,-30.0864
16808202,-30.0903
16810137,-30.0942
16812073,-30.0981
16814008,-30.1020
16815944,-30.1059
16817880,-30.1099
16819817,-30.1138
16821753,-30.1177
16823690,-30.1216
16825627,-30.1255
16827564,-30.1294
16829502,-30.1333
16831439,-30.1372
16833377,-30.1412
16835315,-30.1451
16837254,-30.1490
16839192,-30.1529
16841131,-30.1568
16843070,-30.1607
16845009,-30.1646
16846949,-30.1685
16848888,-30.1725
16850828,-30.1764
16852768,-30.1803
16854709,-30.1842
16856649,-30.1881
16858590,-30.1920
16860531,-30.1959
16862473,-30.1998
16864414,-30.2037
16866356,-30.2076
16868298,-30.2116
16870240,-30.2155
16872182,-30.2194
16874125,-30.2233
16876068,-30.2272
16878011,-30.2311
16879954,-30.2350
16881897,-30.2389
16883841,-30.2428
16885785,-30.2467
16887729,-30.2506
16889674,-30.2545
16891618,-30.2584
16893563,-30.2623
16895508,-30.2662
16897453,-30.2701
16899399,-30.2740
16901345,-30.2780
16903290,-30.2819
16905237,-30.2858
16907183,-30.2897
16909130,-30.2936
16911077,-30.2975
16913024,-30.3014
16914971,-30.3053
16916918,-30.3092
16918866,-30.3131
16920814,-30.3170
16922762,-30.3209
16924711,-30.3248
16926659,-30.3287
16928608,-30.3326
16930557,-30.3365
16932507,-30.3404
16934456,-30.3443
16936406,-30.3482
16938356,-30.3521
16940306,-30.3560
16942257,-30.3599
16944207,-30.3638
16946158,-30.3677
16948109,-30.3716
16950061,-30.3755
16952012,-30.3794
16953964,-30.3833
16955916,-30.3872
16957868,-30.3911
16959821,-30.3950
16961773,-30.3989
16963726,-30.4028
16965679,-30.4066
16967633,-30.4105
16969586,-30.4144
16971540,-30.4183
16973494,-30.4222
16975448,-30.4261
16977403,-30.4300
16979358,-30.4339
16981313,-30.4378
16983268,-30.4417
16985223,-30.4456
16987179,-30.4495
16989135,-30.4534
16991091,-30.4573
16993047,-30.4612
16995003,-30.4651
16996960,-30.4689
16998917,-30.4728
17000874,-30.4767
17002832,-30.4806
17004789,-30.4845
17006747,-30.4884
17008705,-30.4923
17010664,-30.4962
17012622,-30.5001
17014581,-30.5040
17016540,-30.5079
17018499,-30.5117
17020458,-30.5156
17022418,-30.5195
17024378,-30.5234
17026338,-30.5273
17028299,-30.5312
17030259,-30.5351
17032220,-30.5390
17034181,-30.5428
17036142,-30.5467
17038104,-30.5506
17040065,-30.5545
17042027,-30.5584
17043989,-30.5623
17045952,-30.5662
17047914,-30.5700
17049877,-30.5739
17051840,-30.5778
17053804,-30.5817
17055767,-30.5856
17057731,-30.5895
17059695,-30.5934
17061659,-30.5972
17063623,-30.6011
17065588,-30.6050
17067553,-30.6089
17069518,-30.6128
17071483,-30.6167
17073449,-30.6205
17075414,-30.6244
17077380,-30.6283
17079347,-30.6322
17081313,-30.6361
17083280,-30.6399
17085247,-30.6438
17087214,-30.6477
17089181,-30.6516
17091149,-30.6555
17093117,-30.6593
17095085,-30.6632
17097053,-30.6671
17099021,-30.6710
17100990,-30.6749
17102959,-30.6787
17104928,-30.6826
17106898,-30.6865
17108867,-30.6904
17110837,-30.6943
17112807,-30.6981
17114777,-30.7020
17116748,-30.7059
17118719,-30.7098
17120690,-30.7136
17122661,-30.7175
17124632,-30.7214
17126604,-30.7253
17128576,-30.7291
17130548,-30.7330
17132520,-30.7369
17134493,-30.7408
17136466,-30.7446
17138439,-30.7485
17140412,-30.7524
17142385,-30.7563
17144359,-30.7601
17146333,-30.7640
17148307,-30.7679
17150282,-30.7718
17152256,-30.7756
17154231,-30.7795
17156206,-30.7834
17158181,-30.7872
17160157,-30.7911
17162133,-30.7950
17164109,-30.7989
17166085,-30.8027
17168061,-30.8066
17170038,-30.8105
17172015,-30.8143
17173992,-30.8182
17175969,-30.8221
17177947,-30.8260
17179925,-30.8298
17181903,-30.8337
17183881,-30.8376
17185859,-30.8414
17187838,-30.8453
17189817,-30.8492
17191796,-30.8530
17193776,-30.8569
17195755,-30.8608
17197735,-30.8646
17199715,-30.8685
17201695,-30.8724
17203676,-30.8762
17205657,-30.8801
17207638,-30.8840
17209619,-30.8878
17211600,-30.8917
17213582,-30.8956
17215564,-30.8994
17217546,-30.9033
17219528,-30.9072
17221511,-30.9110
17223494,-30.9149
17225477,-30.9188
17227460,-30.9226
17229444,-30.9265
17231427,-30.9303
17233411,-30.9342
17235396,-30.9381
17237380,-30.9419
17239365,-30.9458
17241349,-30.9497
17243335,-30.9535
17245320,-30.9574
17247305,-30.9612
17249291,-30.9651
17251277,-30.9690
17253263,-30.9728
17255250,-30.9767
17257237,-30.9805
17259224,-30.9844
17261211,-30.9883
17263198,-30.9921
17265186,-30.9960
17267174,-30.9998
17269162,-31.0037
17271150,-31.0076
17273138,-31.0114
17275127,-31.0153
17277116,-31.0191
17279105,-31.0230
17281095,-31.0268
17283085,-31.0307
17285074,-31.0346
17287065,-31.0384
17289055,-31.0423
17291046,-31.0461
17293036,-31.0500
17295027,-31.0538
17297019,-31.0577
17299010,-31.0615
17301002,-31.0654
17302994,-31.0693
17304986,-31.0731
17306979,-31.0770
17308971,-31.0808
17310964,-31.0847
17312957,-31.0885
17314951,-31.0924
17316944,-31.0962
17318938,-31.1001
17320932,-31.1039
17322926,-31.1078
17324921,-31.1116
17326915,-31.1155
17328910,-31.1193
17330906,-31.1232
17332901,-31.1271
17334897,-31.1309
17336892,-31.1348
17338889,-31.1386
17340885,-31.1425
17342881,-31.1463
17344878,-31.1502
17346875,-31.1540
17348872,-31.1579
17350870,-31.1617
17352868,-31.1655
17354866,-31.1694
17356864,-31.1732
17358862,-31.1771
17360861,-31.1809
17362860,-31.1848
17364859,-31.1886
17366858,-31.1925
17368858,-31.1963
17370857,-31.2002
17372857,-31.2040
17374858,-31.2079
17376858,-31.2117
17378859,-31.2156
17380860,-31.2194
17382861,-31.2233
17384862,-31.2271
17386864,-31.2309
17388866,-31.2348
17390868,-31.2386
17392870,-31.2425
17394873,-31.2463
17396875,-31.2502
17398878,-31.2540
17400882,-31.2579
17402885,-31.2617
17404889,-31.2655
17406893,-31.2694
17408897,-31.2732
17410901,-31.2771
17412906,-31.2809
17414911,-31.2847
17416916,-31.2886
17418921,-31.2924
17420927,-31.2963
17422933,-31.3001
17424939,-31.3040
17426945,-31.3078
17428951,-31.3116
17430958,-31.3155
17432965,-31.3193
17434972,-31.3232
17436979,-31.3270
17438987,-31.3308
17440995,-31.3347
17443003,-31.3385
17445011,-31.3423
17447020,-31.3462
17449029,-31.3500
17451038,-31.3539
17453047,-31.3577
17455056,-31.3615
17457066,-31.3654
17459076,-31.3692
17461086,-31.3730
17463097,-31.3769
17465107,-31.3807
17467118,-31.3846
17469129,-31.3884
17471140,-31.3922
17473152,-31.3961
17475164,-31.3999
17477176,-31.4037
17479188,-31.4076
17481201,-31.4114
17483213,-31.4152
17485226,-31.4191
17487239,-31.4229
17489253,-31.4267
17491266,-31.4306
17493280,-31.4344
17495294,-31.4382
17497309,-31.4421
17499323,-31.4459
17501338,-31.4497
17503353,-31.4536
17505368,-31.4574
17507384,-31.4612
17509400,-31.4650
17511416,-31.4689
17513432,-31.4727
17515448,-31.4765
17517465,-31.4804
17519482,-31.4842
17521499,-31.4880
17523516,-31.4919
17525534,-31.4957
17527552,-31.4995
17529570,-31.5033
17531588,-31.5072
17533606,-31.5110
17535625,-31.5148
17537644,-31.5187
17539663,-31.5225
17541683,-31.5263
17543703,-31.5301
17545722,-31.5340
17547743,-31.5378
17549763,-31.5416
17551784,-31.5454
17553804,-31.5493
17555825,-31.5531
17557847,-31.5569
17559868,-31.5608
17561890,-31.5646
17563912,-31.5684
17565934,-31.5722
17567957,-31.5760
17569979,-31.5799
17572002,-31.5837
17574026,-31.5875
17576049,-31.5913
17578073,-31.5952
17580097,-31.5990
17582121,-31.6028
17584145,-31.6066
17586170,-31.6105
17588194,-31.6143
17590219,-31.6181
17592245,-31.6219
17594270,-31.6257
17596296,-31.6296
17598322,-31.6334
17600348,-31.6372
17602374,-31.6410
17604401,-31.6449
17606428,-31.6487
17608455,-31.6525
17610482,-31.6563
17612510,-31.6601
17614538,-31.6639
17616566,-31.6678
17618594,-31.6716
17620623,-31.6754
17622652,-31.6792
17624681,-31.6830
17626710,-31.6869
17628739,-31.6907
17630769,-31.6945
17632799,-31.6983
17634829,-31.7021
17636859,-31.7059
17638890,-31.7098
17640921,-31.7136
17642952,-31.7174
17644983,-31.7212
17647015,-31.7250
17649047,-31.7288
17651079,-31.7327
17653111,-31.7365
17655144,-31.7403
17657176,-31.7441
17659209,-31.7479
17661243,-31.7517
17663276,-31.7555
17665310,-31.7594
17667344,-31.7632
17669378,-31.7670
17671412,-31.7708
17673447,-31.7746
17675482,-31.7784
17677517,-31.7822
17679552,-31.7860
17681588,-31.7899
17683623,-31.7937
17685659,-31.7975
17687696,-31.8013
17689732,-31.8051
17691769,-31.8089
17693806,-31.8127
17695843,-31.8165
17697880,-31.8203
17699918,-31.8242
17701956,-31.8280
17703994,-31.8318
17706032,-31.8356
17708071,-31.8394
17710110,-31.8432
17712149,-31.8470
17714188,-31.8508
17716228,-31.8546
17718268,-31.8584
17720308,-31.8622
17722348,-31.8661
17724388,-31.8699
17726429,-31.8737
17728470,-31.8775
17730511,-31.8813
17732553,-31.8851
17734594,-31.8889
17736636,-31.8927
17738678,-31.8965
17740721,-31.9003
17742763,-31.9041
17744806,-31.9079
17746849,-31.9117
17748892,-31.9155
17750936,-31.9193
17752980,-31.9231
17755024,-31.9269
17757068,-31.9308
17759112,-31.9346
17761157,-31.9384
17763202,-31.9422
17765247,-31.9460
17767293,-31.9498
17769338,-31.9536
17771384,-31.9574
17773430,-31.9612
17775477,-31.9650
17777523,-31.9688
17779570,-31.9726
17781617,-31.9764
17783664,-31.9802
17785712,-31.9840
17787760,-31.9878
17789808,-31.9916
17791856,-31.9954
17793904,-31.9992
17795953,-32.0030
17798002,-32.0068
17800051,-32.0106
17802101,-32.0144
17804150,-32.0182
17806200,-32.0220
17808250,-32.0258
17810301,-32.0296
17812351,-32.0334
17814402,-32.0372
17816453,-32.0410
17818505,-32.0448
17820556,-32.0486
17822608,-32.0524
17824660,-32.0562
17826712,-32.0600
17828765,-32.0637
17830817,-32.0675
17832870,-32.0713
17834924,-32.0751
17836977,-32.0789
17839031,-32.0827
17841085,-32.0865
17843139,-32.0903
17845193,-32.0941
17847248,-32.0979
17849303,-32.1017
17851358,-32.1055
17853413,-32.1093
17855469,-32.1131
17857525,-32.1169
17859581,-32.1207
17861637,-32.1245
17863693,-32.1283
17865750,-32.1320
17867807,-32.1358
17869864,-32.1396
17871922,-32.1434
17873979,-32.1472
17876037,-32.1510
17878096,-32.1548
17880154,-32.1586
17882213,-32.1624
17884272,-32.1662
17886331,-32.1700
17888390,-32.1737
17890450,-32.1775
17892509,-32.1813
17894569,-32.1851
17896630,-32.1889
17898690,-32.1927
17900751,-32.1965
17902812,-32.2003
17904873,-32.2041
17906935,-32.2078
17908997,-32.2116
17911059,-32.2154
17913121,-32.2192
17915183,-32.2230
17917246,-32.2268
17919309,-32.2306
17921372,-32.2344
17923435,-32.2381
17925499,-32.2419
17927563,-32.2457
17929627,-32.2495
17931691,-32.2533
17933756,-32.2571
17935821,-32.2609
17937886,-32.2646
17939951,-32.2684
17942017,-32.2722
17944082,-32.2760
17946148,-32.2798
17948215,-32.2836
17950281,-32.2874
17952348,-32.2911
17954415,-32.2949
17956482,-32.2987
17958549,-32.3025
17960617,-32.3063
17962685,-32.3100
17964753,-32.3138
17966822,-32.3176
17968890,-32.3214
17970959,-32.3252
17973028,-32.3290
17975097,-32.3327
17977167,-32.3365
17979237,-32.3403
17981307,-32.3441
17983377,-32.3479
17985448,-32.3516
17987519,-32.3554
17989590,-32.3592
17991661,-32.3630
17993732,-32.3668
17995804,-32.3705
17997876,-32.3743
17999948,-32.3781
18002021,-32.3819
18004093,-32.3857
18006166,-32.3894
18008239,-32.3932
18010313,-32.3970
18012386,-32.4008
18014460,-32.4045
18016534,-32.4083
18018609,-32.4121
18020683,-32.4159
18022758,-32.4196
18024833,-32.4234
18026909,-32.4272
18028984,-32.4310
18031060,-32.4348
18033136,-32.4385
18035212,-32.4423
18037289,-32.4461
18039365,-32.4499
18041442,-32.4536
18043520,-32.4574
18045597,-32.4612
18047675,-32.4649
18049753,-32.4687
18051831,-32.4725
18053909,-32.4763
18055988,-32.4800
18058067,-32.4838
18060146,-32.4876
18062225,-32.4914
18064305,-32.4951
18066385,-32.4989
18068465,-32.5027
18070545,-32.5064
18072626,-32.5102
18074707,-32.5140
18076788,-32.5178
18078869,-32.5215
18080950,-32.5253
18083032,-32.5291
18085114,-32.5328
18087196,-32.5366
18089279,-32.5404
18091362,-32.5442
18093445,-32.5479
18095528,-32.5517
18097611,-32.5555
18099695,-32.5592
18101779,-32.5630
18103863,-32.5668
18105947,-32.5705
18108032,-32.5743
18110117,-32.5781
18112202,-32.5818
18114287,-32.5856
18116373,-32.5894
18118459,-32.5931
18120545,-32.5969
18122631,-32.6007
18124718,-32.6044
18126805,-32.6082
18128892,-32.6120
18130979,-32.6157
18133067,-32.6195
18135154,-32.6233
18137242,-32.6270
18139331,-32.6308
18141419,-32.6346
18143508,-32.6383
18145597,-32.6421
18147686,-32.6459
18149775,-32.6496
18151865,-32.6534
18153955,-32.6571
18156045,-32.6609
18158136,-32.6647
18160226,-32.6684
18162317,-32.6722
18164408,-32.6760
18166500,-32.6797
18168591,-32.6835
18170683,-32.6872
18172775,-32.6910
18174868,-32.6948
18176960,-32.6985
18179053,-32.7023
18181146,-32.7060
18183239,-32.7098
18185333,-32.7136
18187427,-32.7173
18189521,-32.7211
18191615,-32.7248
18193709,-32.7286
18195804,-32.7324
18197899,-32.7361
18199994,-32.7399
18202090,-32.7436
18204186,-32.7474
18206282,-32.7512
18208378,-32.7549
18210474,-32.7587
18212571,-32.7624
18214668,-32.7662
18216765,-32.7699
18218862,-32.7737
18220960,-32.7775
18223058,-32.7812
18225156,-32.7850
18227254,-32.7887
18229353,-32.7925
18231452,-32.7962
18233551,-32.8000
18235650,-32.8038
18237750,-32.8075
18239850,-32.8113
18241950,-32.8150
18244050,-32.8188
18246151,-32.8225
18248251,-32.8263
18250352,-32.8300
18252454,-32.8338
18254555,-32.8375
18256657,-32.8413
18258759,-32.8450
18260861,-32.8488
18262964,-32.8526
18265066,-32.8563
18267169,-32.8601
18269273,-32.8638
18271376,-32.8676
18273480,-32.8713
18275584,-32.8751
18277688,-32.8788
18279792,-32.8826
18281897,-32.8863
18284002,-32.8901
18286107,-32.8938
18288212,-32.8976
18290318,-32.9013
18292424,-32.9051
18294530,-32.9088
18296636,-32.9126
18298743,-32.9163
18300850,-32.9201
18302957,-32.9238
18305064,-32.9276
18307172,-32.9313
18309280,-32.9351
18311388,-32.9388
18313496,-32.9426
18315604,-32.9463
18317713,-32.9501
18319822,-32.9538
18321931,-32.9576
18324041,-32.9613
18326151,-32.9650
18328261,-32.9688
18330371,-32.9725
18332481,-32.9763
18334592,-32.9800
18336703,-32.9838
18338814,-32.9875
18340926,-32.9913
18343038,-32.9950
18345149,-32.9988
18347262,-33.0025
18349374,-33.0062
18351487,-33.0100
18353600,-33.0137
18355713,-33.0175
18357826,-33.0212
18359940,-33.0250
18362054,-33.0287
18364168,-33.0325
18366282,-33.0362
18368397,-33.0399
18370512,-33.0437
18372627,-33.0474
18374742,-33.0512
18376858,-33.0549
18378974,-33.0586
18381090,-33.0624
18383206,-33.0661
18385323,-33.0699
18387439,-33.0736
18389556,-33.0774
18391674,-33.0811
18393791,-33.0848
18395909,-33.0886
18398027,-33.0923
18400145,-33.0961
18402264,-33.0998
18404383,-33.1035
18406502,-33.1073
18408621,-33.1110
18410740,-33.1148
18412860,-33.1185
18414980,-33.1222
18417100,-33.1260
18419221,-33.1297
18421342,-33.1334
18423463,-33.1372
18425584,-33.1409
18427705,-33.1447
18429827,-33.1484
18431949,-33.1521
18434071,-33.1559
18436193,-33.1596
18438316,-33.1633
18440439,-33.1671
18442562,-33.1708
18444686,-33.1745
18446809,-33.1783
18448933,-33.1820
18451057,-33.1858
18453182,-33.1895
18455306,-33.1932
18457431,-33.1970
18459556,-33.2007
18461682,-33.2044
18463807,-33.2082
18465933,-33.2119
18468059,-33.2156
18470185,-33.2194
18472312,-33.2231
18474439,-33.2268
18476566,-33.2306
18478693,-33.2343
18480821,-33.2380
18482949,-33.2418
18485077,-33.2455
18487205,-33.2492
18489333,-33.2530
18491462,-33.2567
18493591,-33.2604
18495721,-33.2641
18497850,-33.2679
18499980,-33.2716
18502110,-33.2753
18504240,-33.2791
18506371,-33.2828
18508501,-33.2865
18510632,-33.2903
18512764,-33.2940
18514895,-33.2977
18517027,-33.3014
18519159,-33.3052
18521291,-33.3089
18523423,-33.3126
18525556,-33.3164
18527689,-33.3201
18529822,-33.3238
18531956,-33.3275
18534089,-33.3313
18536223,-33.3350
18538358,-33.3387
18540492,-33.3424
18542627,-33.3462
18544762,-33.3499
18546897,-33.3536
18549032,-33.3574
18551168,-33.3611
18553304,-33.3648
18555440,-33.3685
18557576,-33.3723
18559713,-33.3760
18561850,-33.3797
18563987,-33.3834
18566124,-33.3872
18568262,-33.3909
18570400,-33.3946
18572538,-33.3983
18574676,-33.4021
18576815,-33.4058
18578954,-33.4095
18581093,-33.4132
18583232,-33.4169
18585372,-33.4207
18587512,-33.4244
18589652,-33.4281
18591792,-33.4318
18593933,-33.4356
18596074,-33.4393
18598215,-33.4430
18600356,-33.4467
18602497,-33.4504
18604639,-33.4542
18606781,-33.4579
18608924,-33.4616
18611066,-33.4653
18613209,-33.4690
18615352,-33.4728
18617495,-33.4765
18619639,-33.4802
18621783,-33.4839
18623927,-33.4876
18626071,-33.4914
18628216,-33.4951
18630360,-33.4988
18632505,-33.5025
18634651,-33.5062
18636796,-33.5100
18638942,-33.5137
18641088,-33.5174
18643234,-33.5211
18645381,-33.5248
18647527,-33.5285
18649674,-33.5323
18651822,-33.5360
18653969,-33.5397
18656117,-33.5434
18658265,-33.5471
18660413,-33.5508
18662562,-33.5546
18664710,-33.5583
18666859,-33.5620
18669009,-33.5657
18671158,-33.5694
18673308,-33.5731
18675458,-33.5769
18677608,-33.5806
18679758,-33.5843
18681909,-33.5880
18684060,-33.5917
18686211,-33.5954
18688363,-33.5991
18690514,-33.6029
18692666,-33.6066
18694819,-33.6103
18696971,-33.6140
18699124,-33.6177
18701277,-33.6214
18703430,-33.6251
18705583,-33.6288
18707737,-33.6326
18709891,-33.6363
18712045,-33.6400
18714199,-33.6437
18716354,-33.6474
18718509,-33.6511
18720664,-33.6548
18722820,-33.6585
18724975,-33.6622
18727131,-33.6660
18729287,-33.6697
18731444,-33.6734
18733601,-33.6771
18735757,-33.6808
18737915,-33.6845
18740072,-33.6882
18742230,-33.6919
18744388,-33.6956
18746546,-33.6993
18748704,-33.7031
18750863,-33.7068
18753022,-33.7105
18755181,-33.7142
18757340,-33.7179
18759500,-33.7216
18761660,-33.7253
18763820,-33.7290
18765980,-33.7327
18768141,-33.7364
18770302,-33.7401
18772463,-33.7438
18774624,-33.7475
18776786,-33.7512
18778948,-33.7549
18781110,-33.7587
18783272,-33.7624
18785435,-33.7661
18787598,-33.7698
18789761,-33.7735
18791924,-33.7772
18794088,-33.7809
18796252,-33.7846
18798416,-33.7883
18800580,-33.7920
18802745,-33.7957
18804910,-33.7994
18807075,-33.8031
18809240,-33.8068
18811406,-33.8105
18813572,-33.8142
18815738,-33.8179
18817904,-33.8216
18820071,-33.8253
18822238,-33.8290
18824405,-33.8327
18826572,-33.8364
18828740,-33.8401
18830908,-33.8438
18833076,-33.8475
18835244,-33.8512
18837413,-33.8549
18839582,-33.8586
18841751,-33.8623
18843920,-33.8660
18846090,-33.8697
18848260,-33.8734
18850430,-33.8771
18852600,-33.8808
18854771,-33.8845
18856942,-33.8882
18859113,-33.8919
18861284,-33.8956
18863456,-33.8993
18865627,-33.9030
18867800,-33.9067
18869972,-33.9104
18872145,-33.9141
18874317,-33.9178
18876491,-33.9215
18878664,-33.9252
18880838,-33.9289
18883011,-33.9326
18885185,-33.9363
18887360,-33.9400
18889534,-33.9437
18891709,-33.9474
18893884,-33.9511
18896060,-33.9548
18898235,-33.9585
18900411,-33.9622
18902587,-33.9659
18904764,-33.9696
18906940,-33.9733
18909117,-33.9770
18911294,-33.9807
18913472,-33.9843
18915649,-33.9880
18917827,-33.9917
18920005,-33.9954
18922184,-33.9991
18924362,-34.0028
18926541,-34.0065
18928720,-34.0102
18930900,-34.0139
18933079,-34.0176
18935259,-34.0213
18937439,-34.0250
18939620,-34.0287
18941800,-34.0324
18943981,-34.0360
18946162,-34.0397
18948344,-34.0434
18950525,-34.0471
18952707,-34.0508
18954889,-34.0545
18957072,-34.0582
18959254,-34.0619
18961437,-34.0656
18963620,-34.0693
18965804,-34.0730
18967987,-34.0766
18970171,-34.0803
18972356,-34.0840
18974540,-34.0877
18976725,-34.0914
18978909,-34.0951
18981095,-34.0988
18983280,-34.1025
18985466,-34.1062
18987652,-34.1098
18989838,-34.1135
18992024,-34.1172
18994211,-34.1209
18996398,-34.1246
18998585,-34.1283
19000772,-34.1320
19002960,-34.1357
19005148,-34.1393
19007336,-34.1430
19009525,-34.1467
19011713,-34.1504
19013902,-34.1541
19016091,-34.1578
19018281,-34.1615
19020470,-34.1651
19022660,-34.1688
19024851,-34.1725
19027041,-34.1762
19029232,-34.1799
19031423,-34.1836
19033614,-34.1873
19035805,-34.1909
19037997,-34.1946
19040189,-34.1983
19042381,-34.2020
19044574,-34.2057
19046766,-34.2094
19048959,-34.2130
19051153,-34.2167
19053346,-34.2204
19055540,-34.2241
19057734,-34.2278
19059928,-34.2315
19062122,-34.2351
19064317,-34.2388
19066512,-34.2425
19068707,-34.2462
19070903,-34.2499
19073099,-34.2535
19075295,-34.2572
19077491,-34.2609
19079687,-34.2646
19081884,-34.2683
19084081,-34.2719
19086278,-34.2756
19088476,-34.2793
19090674,-34.2830
19092872,-34.2867
19095070,-34.2903
19097269,-34.2940
19099467,-34.2977
19101666,-34.3014
19103866,-34.3051
19106065,-34.3087
19108265,-34.3124
19110465,-34.3161
19112665,-34.3198
19114866,-34.3234
19117067,-34.3271
19119268,-34.3308
19121469,-34.3345
19123671,-34.3382
19125872,-34.3418
19128075,-34.3455
19130277,-34.3492
19132479,-34.3529
19134682,-34.3565
19136885,-34.3602
19139089,-34.3639
19141292,-34.3676
19143496,-34.3712
19145700,-34.3749
19147905,-34.3786
19150109,-34.3823
19152314,-34.3859
19154519,-34.3896
19156725,-34.3933
19158930,-34.3970
19161136,-34.4006
19163342,-34.4043
19165549,-34.4080
19167755,-34.4117
19169962,-34.4153
19172169,-34.4190
19174377,-34.4227
19176584,-34.4264
19178792,-34.4300
19181000,-34.4337
19183209,-34.4374
19185418,-34.4410
19187626,-34.4447
19189836,-34.4484
19192045,-34.4521
19194255,-34.4557
19196465,-34.4594
19198675,-34.4631
19200885,-34.4667
19203096,-34.4704
19205307,-34.4741
19207518,-34.4778
19209730,-34.4814
19211941,-34.4851
19214153,-34.4888
19216366,-34.4924
19218578,-34.4961
19220791,-34.4998
19223004,-34.5034
19225217,-34.5071
19227431,-34.5108
19229644,-34.5144
19231858,-34.5181
19234073,-34.5218
19236287,-34.5255
19238502,-34.5291
19240717,-34.5328
19242932,-34.5365
19245148,-34.5401
19247364,-34.5438
19249580,-34.5475
19251796,-34.5511
19254013,-34.5548
19256230,-34.5585
19258447,-34.5621
19260664,-34.5658
19262882,-34.5695
19265099,-34.5731
19267318,-34.5768
19269536,-34.5805
19271755,-34.5841
19273973,-34.5878
19276193,-34.5914
19278412,-34.5951
19280632,-34.5988
19282851,-34.6024
19285072,-34.6061
19287292,-34.6098
19289513,-34.6134
19291734,-34.6171
19293955,-34.6208
19296176,-34.6244
19298398,-34.6281
19300620,-34.6317
19302842,-34.6354
19305064,-34.6391
19307287,-34.6427
19309510,-34.6464
19311733,-34.6501
19313957,-34.6537
19316180,-34.6574
19318404,-34.6610
19320629,-34.6647
19322853,-34.6684
19325078,-34.6720
19327303,-34.6757
19329528,-34.6794
19331754,-34.6830
19333980,-34.6867
19336206,-34.6903
19338432,-34.6940
19340658,-34.6977
19342885,-34.7013
19345112,-34.7050
19347340,-34.7086
19349567,-34.7123
19351795,-34.7159
19354023,-34.7196
19356251,-34.7233
19358480,-34.7269
19360709,-34.7306
19362938,-34.7342
19365167,-34.7379
19367397,-34.7416
19369627,-34.7452
19371857,-34.7489
19374087,-34.7525
19376318,-34.7562
19378549,-34.7598
19380780,-34.7635
19383012,-34.7672
19385243,-34.7708
19387475,-34.7745
19389707,-34.7781
19391940,-34.7818
19394173,-34.7854
19396405,-34.7891
19398639,-34.7927
19400872,-34.7964
19403106,-34.8001
19405340,-34.8037
19407574,-34.8074
19409809,-34.8110
19412043,-34.8147
19414278,-34.8183
19416514,-34.8220
19418749,-34.8256
19420985,-34.8293
19423221,-34.8329
19425457,-34.8366
19427694,-34.8403
19429931,-34.8439
19432168,-34.8476
19434405,-34.8512
19436643,-34.8549
19438881,-34.8585
19441119,-34.8622
19443357,-34.8658
19445596,-34.8695
19447835,-34.8731
19450074,-34.8768
19452313,-34.8804
19454553,-34.8841
19456793,-34.8877
19459033,-34.8914
19461273,-34.8950
19463514,-34.8987
19465755,-34.9023
19467996,-34.9060
19470238,-34.9096
19472479,-34.9133
19474721,-34.9169
19476964,-34.9206
19479206,-34.9242
19481449,-34.9279
19483692,-34.9315
19485935,-34.9352
19488179,-34.9388
19490423,-34.9425
19492667,-34.9461
19494911,-34.9498
19497155,-34.9534
19499400,-34.9571
19501645,-34.9607
19503891,-34.9644
19506136,-34.9680
19508382,-34.9716
19510628,-34.9753
19512875,-34.9789
19515121,-34.9826
19517368,-34.9862
19519615,-34.9899
19521863,-34.9935
19524110,-34.9972
19526358,-35.0008
19528607,-35.0045
19530855,-35.0081
19533104,-35.0118
19535353,-35.0154
19537602,-35.0190
19539851,-35.0227
19542101,-35.0263
19544351,-35.0300
19546601,-35.0336
19548852,-35.0373
19551103,-35.0409
19553354,-35.0446
19555605,-35.0482
19557856,-35.0518
19560108,-35.0555
19562360,-35.0591
19564613,-35.0628
19566865,-35.0664
19569118,-35.0701
19571371,-35.0737
19573625,-35.0773
19575878,-35.0810
19578132,-35.0846
19580386,-35.0883
19582641,-35.0919
19584895,-35.0955
19587150,-35.0992
19589405,-35.1028
19591661,-35.1065
19593917,-35.1101
19596173,-35.1138
19598429,-35.1174
19600685,-35.1210
19602942,-35.1247
19605199,-35.1283
19607456,-35.1320
19609714,-35.1356
19611972,-35.1392
19614230,-35.1429
19616488,-35.1465
19618746,-35.1501
19621005,-35.1538
19623264,-35.1574
19625524,-35.1611
19627783,-35.1647
19630043,-35.1683
19632303,-35.1720
19634564,-35.1756
19636824,-35.1793
19639085,-35.1829
19641346,-35.1865
19643608,-35.1902
19645869,-35.1938
19648131,-35.1974
19650394,-35.2011
19652656,-35.2047
19654919,-35.2083
19657182,-35.2120
19659445,-35.2156
19661709,-35.2193
19663972,-35.2229
19666236,-35.2265
19668501,-35.2302
19670765,-35.2338
19673030,-35.2374
19675295,-35.2411
19677560,-35.2447
19679826,-35.2483
19682092,-35.2520
19684358,-35.2556
19686624,-35.2592
19688891,-35.2629
19691158,-35.2665
19693425,-35.2701
19695692,-35.2738
19697960,-35.2774
19700228,-35.2810
19702496,-35.2847
19704765,-35.2883
19707033,-35.2919
19709302,-35.2956
19711572,-35.2992
19713841,-35.3028
19716111,-35.3065
19718381,-35.3101
19720651,-35.3137
19722922,-35.3174
19725193,-35.3210
19727464,-35.3246
19729735,-35.3282
19732007,-35.3319
19734279,-35.3355
19736551,-35.3391
19738823,-35.3428
19741096,-35.3464
19743369,-35.3500
19745642,-35.3537
19747915,-35.3573
19750189,-35.3609
19752463,-35.3645
19754737,-35.3682
19757012,-35.3718
19759286,-35.3754
19761561,-35.3791
19763837,-35.3827
19766112,-35.3863
19768388,-35.3899
19770664,-35.3936
19772940,-35.3972
19775217,-35.4008
19777494,-35.4045
19779771,-35.4081
19782048,-35.4117
19784326,-35.4153
19786604,-35.4190
19788882,-35.4226
19791160,-35.4262
19793439,-35.4298
19795718,-35.4335
19797997,-35.4371
19800276,-35.4407
19802556,-35.4443
19804836,-35.4480
19807116,-35.4516
19809397,-35.4552
19811678,-35.4588
19813959,-35.4625
19816240,-35.4661
19818522,-35.4697
19820803,-35.4733
19823086,-35.4770
19825368,-35.4806
19827650,-35.4842
19829933,-35.4878
19832216,-35.4915
19834500,-35.4951
19836784,-35.4987
19839067,-35.5023
19841352,-35.5060
19843636,-35.5096
19845921,-35.5132
19848206,-35.5168
19850491,-35.5204
19852777,-35.5241
19855062,-35.5277
19857348,-35.5313
19859635,-35.5349
19861921,-35.5386
19864208,-35.5422
19866495,-35.5458
19868782,-35.5494
19871070,-35.5530
19873358,-35.5567
19875646,-35.5603
19877934,-35.5639
19880223,-35.5675
19882512,-35.5711
19884801,-35.5748
19887091,-35.5784
19889380,-35.5820
19891670,-35.5856
19893961,-35.5892
19896251,-35.5929
19898542,-35.5965
19900833,-35.6001
19903124,-35.6037
19905416,-35.6073
19907708,-35.6109
19910000,-35.6146
19912292,-35.6182
19914585,-35.6218
19916878,-35.6254
19919171,-35.6290
19921464,-35.6326
19923758,-35.6363
19926052,-35.6399
19928346,-35.6435
19930640,-35.6471
19932935,-35.6507
19935230,-35.6543
19937525,-35.6580
19939821,-35.6616
19942117,-35.6652
19944413,-35.6688
19946709,-35.6724
19949006,-35.6760
19951303,-35.6797
19953600,-35.6833
19955897,-35.6869
19958195,-35.6905
19960493,-35.6941
19962791,-35.6977
19965089,-35.7013
19967388,-35.7050
19969687,-35.7086
19971986,-35.7122
19974286,-35.7158
19976585,-35.7194
19978885,-35.7230
19981186,-35.7266
19983486,-35.7303
19985787,-35.7339
19988088,-35.7375
19990389,-35.7411
19992691,-35.7447
19994993,-35.7483
19997295,-35.7519
19999597,-35.7555
20001900,-35.7591
20004203,-35.7628
20006506,-35.7664
20008810,-35.7700
20011113,-35.7736
20013417,-35.7772
20015722,-35.7808
20018026,-35.7844
