frequency_hz,ant_to_out_db
3000000,-10.7005
3000345,-10.7003
3000691,-10.7000
3001036,-10.6997
3001382,-10.6994
3001727,-10.6991
3002073,-10.6988
3002419,-10.6985
3002764,-10.6982
3003110,-10.6979
3003456,-10.6976
3003802,-10.6973
3004148,-10.6970
3004493,-10.6967
3004839,-10.6964
3005185,-10.6960
3005531,-10.6957
3005877,-10.6954
3006223,-10.6951
3006570,-10.6948
3006916,-10.6945
3007262,-10.6942
3007608,-10.6939
3007954,-10.6936
3008301,-10.6933
3008647,-10.6929
3008994,-10.6926
3009340,-10.6923
3009686,-10.6920
3010033,-10.6917
3010380,-10.6914
3010726,-10.6910
3011073,-10.6907
3011419,-10.6904
3011766,-10.6901
3012113,-10.6898
3012460,-10.6894
3012807,-10.6891
3013153,-10.6888
3013500,-10.6885
3013847,-10.6881
3014194,-10.6878
3014541,-10.6875
3014888,-10.6871
3015236,-10.6868
3015583,-10.6865
3015930,-10.6862
3016277,-10.6858
3016625,-10.6855
3016972,-10.6852
3017319,-10.6848
3017667,-10.6845
3018014,-10.6841
3018362,-10.6838
3018709,-10.6835
3019057,-10.6831
3019404,-10.6828
3019752,-10.6824
3020100,-10.6821
3020447,-10.6818
3020795,-10.6814
3021143,-10.6811
3021491,-10.6807
3021839,-10.6804
3022186,-10.6800
3022534,-10.6797
3022882,-10.6793
3023230,-10.6790
3023579,-10.6786
3023927,-10.6783
3024275,-10.6779
3024623,-10.6776
3024971,-10.6772
3025320,-10.6769
3025668,-10.6765
3026016,-10.6762
3026365,-10.6758
3026713,-10.6754
3027062,-10.6751
3027410,-10.6747
3027759,-10.6744
3028107,-10.6740
3028456,-10.6736
3028805,-10.6733
3029153,-10.6729
3029502,-10.6726
3029851,-10.6722
3030200,-10.6718
3030549,-10.6715
3030898,-10.6711
3031247,-10.6707
3031596,-10.6704
3031945,-10.6700
3032294,-10.6696
3032643,-10.6692
3032992,-10.6689
3033341,-10.6685
3033690,-10.6681
3034040,-10.6677
3034389,-10.6674
3034738,-10.6670
3035088,-10.6666
3035437,-10.6662
3035787,-10.6659
3036136,-10.6655
3036486,-10.6651
3036835,-10.6647
3037185,-10.6643
3037535,-10.6639
3037884,-10.6636
3038234,-10.6632
3038584,-10.6628
3038934,-10.6624
3039284,-10.6620
3039634,-10.6616
3039984,-10.6612
3040334,-10.6609
3040684,-10.6605
3041034,-10.6601
3041384,-10.6597
3041734,-10.6593
3042084,-10.6589
3042435,-10.6585
3042785,-10.6581
3043135,-10.6577
3043486,-10.6573
3043836,-10.6569
3044186,-10.6565
3044537,-10.6561
3044888,-10.6557
3045238,-10.6553
3045589,-10.6549
3045939,-10.6545
3046290,-10.6541
3046641,-10.6537
3046992,-10.6533
3047342,-10.6529
3047693,-10.6525
3048044,-10.6521
3048395,-10.6517
3048746,-10.6512
3049097,-10.6508
3049448,-10.6504
3049799,-10.6500
3050150,-10.6496
3050502,-10.6492
3050853,-10.6488
3051204,-10.6484
3051555,-10.6479
3051907,-10.6475
3052258,-10.6471
3052610,-10.6467
3052961,-10.6463
3053312,-10.6458
3053664,-10.6454
3054016,-10.6450
3054367,-10.6446
3054719,-10.6442
3055071,-10.6437
3055422,-10.6433
3055774,-10.6429
3056126,-10.6425
3056478,-10.6420
3056830,-10.6416
3057182,-10.6412
3057534,-10.6407
3057886,-10.6403
3058238,-10.6399
3058590,-10.6394
3058942,-10.6390
3059294,-10.6386
3059647,-10.6381
3059999,-10.6377
3060351,-10.6373
3060703,-10.6368
3061056,-10.6364
3061408,-10.6360
3061761,-10.6355
3062113,-10.6351
3062466,-10.6346
3062818,-10.6342
3063171,-10.6337
3063524,-10.6333
3063876,-10.6329
3064229,-10.6324
3064582,-10.6320
3064935,-10.6315
3065288,-10.6311
3065641,-10.6306
3065994,-10.6302
3066347,-10.6297
3066700,-10.6293
3067053,-10.6288
3067406,-10.6284
3067759,-10.6279
3068112,-10.6275
3068466,-10.6270
3068819,-10.6265
3069172,-10.6261
3069526,-10.6256
3069879,-10.6252
3070232,-10.6247
3070586,-10.6243
3070939,-10.6238
3071293,-10.6233
3071647,-10.6229
3072000,-10.6224
3072354,-10.6219
3072708,-10.6215
3073062,-10.6210
3073415,-10.6205
3073769,-10.6201
3074123,-10.6196
3074477,-10.6191
3074831,-10.6187
3075185,-10.6182
3075539,-10.6177
3075893,-10.6173
3076247,-10.6168
3076602,-10.6163
3076956,-10.6158
3077310,-10.6154
3077664,-10.6149
3078019,-10.6144
3078373,-10.6139
3078728,-10.6135
3079082,-10.6130
3079437,-10.6125
3079791,-10.6120
3080146,-10.6115
3080500,-10.6110
3080855,-10.6106
3081210,-10.6101
3081564,-10.6096
3081919,-10.6091
3082274,-10.6086
3082629,-10.6081
3082984,-10.6077
3083339,-10.6072
3083694,-10.6067
3084049,-10.6062
3084404,-10.6057
3084759,-10.6052
3085114,-10.6047
3085469,-10.6042
3085825,-10.6037
3086180,-10.6032
3086535,-10.6027
3086891,-10.6022
3087246,-10.6017
3087602,-10.6012
3087957,-10.6007
3088313,-10.6002
3088668,-10.5997
3089024,-10.5992
3089379,-10.5987
3089735,-10.5982
3090091,-10.5977
3090447,-10.5972
3090802,-10.5967
3091158,-10.5962
3091514,-10.5957
3091870,-10.5952
3092226,-10.5947
3092582,-10.5942
3092938,-10.5937
3093294,-10.5932
3093651,-10.5926
3094007,-10.5921
3094363,-10.5916
3094719,-10.5911
3095076,-10.5906
3095432,-10.5901
3095788,-10.5896
3096145,-10.5890
3096501,-10.5885
3096858,-10.5880
3097214,-10.5875
3097571,-10.5870
3097928,-10.5864
3098284,-10.5859
3098641,-10.5854
3098998,-10.5849
3099355,-10.5843
3099711,-10.5838
3100068,-10.5833
3100425,-10.5828
3100782,-10.5822
3101139,-10.5817
3101496,-10.5812
3101853,-10.5806
3102210,-10.5801
3102568,-10.5796
3102925,-10.5791
3103282,-10.5785
3103639,-10.5780
3103997,-10.5775
3104354,-10.5769
3104712,-10.5764
3105069,-10.5758
3105427,-10.5753
3105784,-10.5748
3106142,-10.5742
3106499,-10.5737
3106857,-10.5731
3107215,-10.5726
3107572,-10.5721
3107930,-10.5715
3108288,-10.5710
3108646,-10.5704
3109004,-10.5699
3109362,-10.5693
3109720,-10.5688
3110078,-10.5682
3110436,-10.5677
3110794,-10.5671
3111152,-10.5666
3111510,-10.5660
3111869,-10.5655
3112227,-10.5649
3112585,-10.5644
3112944,-10.5638
3113302,-10.5633
3113660,-10.5627
3114019,-10.5622
3114378,-10.5616
3114736,-10.5610
3115095,-10.5605
3115453,-10.5599
3115812,-10.5594
3116171,-10.5588
3116530,-10.5582
3116888,-10.5577
3117247,-10.5571
3117606,-10.5565
3117965,-10.5560
3118324,-10.5554
3118683,-10.5548
3119042,-10.5543
3119401,-10.5537
3119760,-10.5531
3120120,-10.5526
3120479,-10.5520
3120838,-10.5514
3121198,-10.5509
3121557,-10.5503
3121916,-10.5497
3122276,-10.5491
3122635,-10.5486
3122995,-10.5480
3123354,-10.5474
3123714,-10.5468
3124074,-10.5463
3124433,-10.5457
3124793,-10.5451
3125153,-10.5445
3125513,-10.5439
3125872,-10.5433
3126232,-10.5428
3126592,-10.5422
3126952,-10.5416
3127312,-10.5410
3127672,-10.5404
3128032,-10.5398
3128393,-10.5392
3128753,-10.5387
3129113,-10.5381
3129473,-10.5375
3129834,-10.5369
3130194,-10.5363
3130554,-10.5357
3130915,-10.5351
3131275,-10.5345
3131636,-10.5339
3131996,-10.5333
3132357,-10.5327
3132718,-10.5321
3133078,-10.5315
3133439,-10.5309
3133800,-10.5303
3134161,-10.5297
3134522,-10.5291
3134882,-10.5285
3135243,-10.5279
3135604,-10.5273
3135965,-10.5267
3136326,-10.5261
3136688,-10.5255
3137049,-10.5249
3137410,-10.5243
3137771,-10.5237
3138132,-10.5231
3138494,-10.5225
3138855,-10.5219
3139216,-10.5213
3139578,-10.5206
3139939,-10.5200
3140301,-10.5194
3140662,-10.5188
3141024,-10.5182
3141386,-10.5176
3141747,-10.5170
3142109,-10.5163
3142471,-10.5157
3142833,-10.5151
3143194,-10.5145
3143556,-10.5139
3143918,-10.5132
3144280,-10.5126
3144642,-10.5120
3145004,-10.5114
3145366,-10.5107
3145729,-10.5101
3146091,-10.5095
3146453,-10.5089
3146815,-10.5082
3147178,-10.5076
3147540,-10.5070
3147902,-10.5064
3148265,-10.5057
3148627,-10.5051
3148990,-10.5045
3149352,-10.5038
3149715,-10.5032
3150078,-10.5026
3150440,-10.5019
3150803,-10.5013
3151166,-10.5007
3151529,-10.5000
3151891,-10.4994
3152254,-10.4987
3152617,-10.4981
3152980,-10.4975
3153343,-10.4968
3153706,-10.4962
3154069,-10.4955
3154433,-10.4949
3154796,-10.4942
3155159,-10.4936
3155522,-10.4930
3155886,-10.4923
3156249,-10.4917
3156612,-10.4910
3156976,-10.4904
3157339,-10.4897
3157703,-10.4891
3158066,-10.4884
3158430,-10.4878
3158794,-10.4871
3159157,-10.4865
3159521,-10.4858
3159885,-10.4851
3160249,-10.4845
3160613,-10.4838
3160976,-10.4832
3161340,-10.4825
3161704,-10.4819
3162068,-10.4812
3162432,-10.4805
3162797,-10.4799
3163161,-10.4792
3163525,-10.4786
3163889,-10.4779
3164253,-10.4772
3164618,-10.4766
3164982,-10.4759
3165346,-10.4752
3165711,-10.4746
3166075,-10.4739
3166440,-10.4732
3166805,-10.4726
3167169,-10.4719
3167534,-10.4712
3167898,-10.4706
3168263,-10.4699
3168628,-10.4692
3168993,-10.4685
3169358,-10.4679
3169723,-10.4672
3170088,-10.4665
3170453,-10.4658
3170818,-10.4652
3171183,-10.4645
3171548,-10.4638
3171913,-10.4631
3172278,-10.4624
3172643,-10.4618
3173009,-10.4611
3173374,-10.4604
3173739,-10.4597
3174105,-10.4590
3174470,-10.4583
3174836,-10.4576
3175201,-10.4570
3175567,-10.4563
3175932,-10.4556
3176298,-10.4549
3176664,-10.4542
3177030,-10.4535
3177395,-10.4528
3177761,-10.4521
3178127,-10.4514
3178493,-10.4507
3178859,-10.4501
3179225,-10.4494
3179591,-10.4487
3179957,-10.4480
3180323,-10.4473
3180689,-10.4466
3181056,-10.4459
3181422,-10.4452
3181788,-10.4445
3182154,-10.4438
3182521,-10.4431
3182887,-10.4424
3183254,-10.4417
3183620,-10.4410
3183987,-10.4403
3184353,-10.4395
3184720,-10.4388
3185087,-10.4381
3185453,-10.4374
3185820,-10.4367
3186187,-10.4360
3186554,-10.4353
3186921,-10.4346
3187288,-10.4339
3187655,-10.4332
3188022,-10.4325
3188389,-10.4317
3188756,-10.4310
3189123,-10.4303
3189490,-10.4296
3189857,-10.4289
3190225,-10.4282
3190592,-10.4274
3190959,-10.4267
3191327,-10.4260
3191694,-10.4253
3192062,-10.4246
3192429,-10.4238
3192797,-10.4231
3193164,-10.4224
3193532,-10.4217
3193900,-10.4209
3194267,-10.4202
3194635,-10.4195
3195003,-10.4188
3195371,-10.4180
3195739,-10.4173
3196107,-10.4166
3196475,-10.4158
3196843,-10.4151
3197211,-10.4144
3197579,-10.4136
3197947,-10.4129
3198315,-10.4122
3198683,-10.4114
3199052,-10.4107
3199420,-10.4100
3199788,-10.4092
3200157,-10.4085
3200525,-10.4078
3200894,-10.4070
3201262,-10.4063
3201631,-10.4055
3201999,-10.4048
3202368,-10.4041
3202737,-10.4033
3203106,-10.4026
3203474,-10.4018
3203843,-10.4011
3204212,-10.4003
3204581,-10.3996
3204950,-10.3988
3205319,-10.3981
3205688,-10.3973
3206057,-10.3966
3206426,-10.3958
3206795,-10.3951
3207165,-10.3943
3207534,-10.3936
3207903,-10.3928
3208273,-10.3921
3208642,-10.3913
3209011,-10.3906
3209381,-10.3898
3209750,-10.3891
3210120,-10.3883
3210490,-10.3875
3210859,-10.3868
3211229,-10.3860
3211599,-10.3853
3211968,-10.3845
3212338,-10.3837
3212708,-10.3830
3213078,-10.3822
3213448,-10.3814
3213818,-10.3807
3214188,-10.3799
3214558,-10.3791
3214928,-10.3784
3215298,-10.3776
3215668,-10.3768
3216039,-10.3761
3216409,-10.3753
3216779,-10.3745
3217150,-10.3738
3217520,-10.3730
3217890,-10.3722
3218261,-10.3714
3218631,-10.3707
3219002,-10.3699
3219373,-10.3691
3219743,-10.3683
3220114,-10.3676
3220485,-10.3668
3220856,-10.3660
3221226,-10.3652
3221597,-10.3644
3221968,-10.3637
3222339,-10.3629
3222710,-10.3621
3223081,-10.3613
3223452,-10.3605
3223823,-10.3597
3224195,-10.3589
3224566,-10.3582
3224937,-10.3574
3225308,-10.3566
3225680,-10.3558
3226051,-10.3550
3226423,-10.3542
3226794,-10.3534
3227166,-10.3526
3227537,-10.3518
3227909,-10.3510
3228280,-10.3502
3228652,-10.3495
3229024,-10.3487
3229396,-10.3479
3229767,-10.3471
3230139,-10.3463
3230511,-10.3455
3230883,-10.3447
3231255,-10.3439
3231627,-10.3431
3231999,-10.3423
3232371,-10.3415
3232744,-10.3407
3233116,-10.3399
3233488,-10.3391
3233860,-10.3382
3234233,-10.3374
3234605,-10.3366
3234977,-10.3358
3235350,-10.3350
3235722,-10.3342
3236095,-10.3334
3236468,-10.3326
3236840,-10.3318
3237213,-10.3310
3237586,-10.3302
3237958,-10.3293
3238331,-10.3285
3238704,-10.3277
3239077,-10.3269
3239450,-10.3261
3239823,-10.3253
3240196,-10.3244
3240569,-10.3236
3240942,-10.3228
3241315,-10.3220
3241688,-10.3212
3242062,-10.3203
3242435,-10.3195
3242808,-10.3187
3243182,-10.3179
3243555,-10.3170
3243928,-10.3162
3244302,-10.3154
3244675,-10.3146
3245049,-10.3137
3245423,-10.3129
3245796,-10.3121
3246170,-10.3113
3246544,-10.3104
3246918,-10.3096
3247291,-10.3088
3247665,-10.3079
3248039,-10.3071
3248413,-10.3063
3248787,-10.3054
3249161,-10.3046
3249535,-10.3038
3249909,-10.3029
3250284,-10.3021
3250658,-10.3012
3251032,-10.3004
3251406,-10.2996
3251781,-10.2987
3252155,-10.2979
3252530,-10.2970
3252904,-10.2962
3253279,-10.2954
3253653,-10.2945
3254028,-10.2937
3254402,-10.2928
3254777,-10.2920
3255152,-10.2911
3255527,-10.2903
3255901,-10.2894
3256276,-10.2886
3256651,-10.2877
3257026,-10.2869
3257401,-10.2860
3257776,-10.2852
3258151,-10.2843
3258526,-10.2835
3258902,-10.2826
3259277,-10.2818
3259652,-10.2809
3260027,-10.2800
3260403,-10.2792
3260778,-10.2783
3261154,-10.2775
3261529,-10.2766
3261905,-10.2758
3262280,-10.2749
3262656,-10.2740
3263031,-10.2732
3263407,-10.2723
3263783,-10.2714
3264159,-10.2706
3264534,-10.2697
3264910,-10.2688
3265286,-10.2680
3265662,-10.2671
3266038,-10.2662
3266414,-10.2654
3266790,-10.2645
3267166,-10.2636
3267543,-10.2628
3267919,-10.2619
3268295,-10.2610
3268671,-10.2601
3269048,-10.2593
3269424,-10.2584
3269800,-10.2575
3270177,-10.2566
3270553,-10.2558
3270930,-10.2549
3271307,-10.2540
3271683,-10.2531
3272060,-10.2523
3272437,-10.2514
3272813,-10.2505
3273190,-10.2496
3273567,-10.2487
3273944,-10.2478
3274321,-10.2470
3274698,-10.2461
3275075,-10.2452
3275452,-10.2443
3275829,-10.2434
3276206,-10.2425
3276584,-10.2416
3276961,-10.2407
3277338,-10.2399
3277715,-10.2390
3278093,-10.2381
3278470,-10.2372
3278848,-10.2363
3279225,-10.2354
3279603,-10.2345
3279980,-10.2336
3280358,-10.2327
3280736,-10.2318
3281114,-10.2309
3281491,-10.2300
3281869,-10.2291
3282247,-10.2282
3282625,-10.2273
3283003,-10.2264
3283381,-10.2255
3283759,-10.2246
3284137,-10.2237
3284515,-10.2228
3284893,-10.2219
3285271,-10.2210
3285650,-10.2201
3286028,-10.2192
3286406,-10.2183
3286785,-10.2174
3287163,-10.2165
3287542,-10.2155
3287920,-10.2146
3288299,-10.2137
3288677,-10.2128
3289056,-10.2119
3289435,-10.2110
3289813,-10.2101
3290192,-10.2092
3290571,-10.2082
3290950,-10.2073
3291329,-10.2064
3291708,-10.2055
3292087,-10.2046
3292466,-10.2037
3292845,-10.2027
3293224,-10.2018
3293603,-10.2009
3293982,-10.2000
3294362,-10.1991
3294741,-10.1981
3295120,-10.1972
3295500,-10.1963
3295879,-10.1954
3296258,-10.1944
3296638,-10.1935
3297018,-10.1926
3297397,-10.1916
3297777,-10.1907
3298156,-10.1898
3298536,-10.1889
3298916,-10.1879
3299296,-10.1870
3299676,-10.1861
3300056,-10.1851
3300436,-10.1842
3300816,-10.1833
3301196,-10.1823
3301576,-10.1814
3301956,-10.1804
3302336,-10.1795
3302716,-10.1786
3303096,-10.1776
3303477,-10.1767
3303857,-10.1757
3304237,-10.1748
3304618,-10.1739
3304998,-10.1729
3305379,-10.1720
3305760,-10.1710
3306140,-10.1701
3306521,-10.1691
3306901,-10.1682
3307282,-10.1673
3307663,-10.1663
3308044,-10.1654
3308425,-10.1644
3308806,-10.1635
3309187,-10.1625
3309568,-10.1616
3309949,-10.1606
3310330,-10.1596
3310711,-10.1587
3311092,-10.1577
3311473,-10.1568
3311855,-10.1558
3312236,-10.1549
3312617,-10.1539
3312999,-10.1530
3313380,-10.1520
3313762,-10.1510
3314143,-10.1501
3314525,-10.1491
3314906,-10.1482
3315288,-10.1472
3315670,-10.1462
3316051,-10.1453
3316433,-10.1443
3316815,-10.1433
3317197,-10.1424
3317579,-10.1414
3317961,-10.1404
3318343,-10.1395
3318725,-10.1385
3319107,-10.1375
3319489,-10.1366
3319871,-10.1356
3320254,-10.1346
3320636,-10.1336
3321018,-10.1327
3321401,-10.1317
3321783,-10.1307
3322165,-10.1298
3322548,-10.1288
3322930,-10.1278
3323313,-10.1268
3323696,-10.1258
3324078,-10.1249
3324461,-10.1239
3324844,-10.1229
3325227,-10.1219
3325610,-10.1209
3325992,-10.1200
3326375,-10.1190
3326758,-10.1180
3327141,-10.1170
3327524,-10.1160
3327908,-10.1150
3328291,-10.1141
3328674,-10.1131
3329057,-10.1121
3329440,-10.1111
3329824,-10.1101
3330207,-10.1091
3330591,-10.1081
3330974,-10.1071
3331358,-10.1061
3331741,-10.1051
3332125,-10.1041
3332508,-10.1032
3332892,-10.1022
3333276,-10.1012
3333660,-10.1002
3334043,-10.0992
3334427,-10.0982
3334811,-10.0972
3335195,-10.0962
3335579,-10.0952
3335963,-10.0942
3336347,-10.0932
3336731,-10.0922
3337116,-10.0912
3337500,-10.0902
3337884,-10.0892
3338268,-10.0881
3338653,-10.0871
3339037,-10.0861
3339422,-10.0851
3339806,-10.0841
3340191,-10.0831
3340575,-10.0821
3340960,-10.0811
3341345,-10.0801
3341729,-10.0791
3342114,-10.0781
3342499,-10.0770
3342884,-10.0760
3343268,-10.0750
3343653,-10.0740
3344038,-10.0730
3344423,-10.0720
3344808,-10.0710
3345194,-10.0699
3345579,-10.0689
3345964,-10.0679
3346349,-10.0669
3346734,-10.0659
3347120,-10.0648
3347505,-10.0638
3347891,-10.0628
3348276,-10.0618
3348662,-10.0607
3349047,-10.0597
3349433,-10.0587
3349818,-10.0577
3350204,-10.0566
3350590,-10.0556
3350976,-10.0546
3351361,-10.0535
3351747,-10.0525
3352133,-10.0515
3352519,-10.0505
3352905,-10.0494
3353291,-10.0484
3353677,-10.0474
3354063,-10.0463
3354449,-10.0453
3354836,-10.0442
3355222,-10.0432
3355608,-10.0422
3355995,-10.0411
3356381,-10.0401
3356767,-10.0391
3357154,-10.0380
3357540,-10.0370
3357927,-10.0359
3358314,-10.0349
3358700,-10.0339
3359087,-10.0328
3359474,-10.0318
3359861,-10.0307
3360247,-10.0297
3360634,-10.0286
3361021,-10.0276
3361408,-10.0265
3361795,-10.0255
3362182,-10.0244
3362569,-10.0234
3362957,-10.0223
3363344,-10.0213
3363731,-10.0202
3364118,-10.0192
3364506,-10.0181
3364893,-10.0171
3365280,-10.0160
3365668,-10.0150
3366055,-10.0139
3366443,-10.0128
3366831,-10.0118
3367218,-10.0107
3367606,-10.0097
3367994,-10.0086
3368381,-10.0075
3368769,-10.0065
3369157,-10.0054
3369545,-10.0044
3369933,-10.0033
3370321,-10.0022
3370709,-10.0012
3371097,-10.0001
3371485,-9.9990
3371873,-9.9980
3372262,-9.9969
3372650,-9.9958
3373038,-9.9948
3373427,-9.9937
3373815,-9.9926
3374203,-9.9916
3374592,-9.9905
3374980,-9.9894
3375369,-9.9883
3375758,-9.9873
3376146,-9.9862
3376535,-9.9851
3376924,-9.9840
3377313,-9.9830
3377701,-9.9819
3378090,-9.9808
3378479,-9.9797
3378868,-9.9786
3379257,-9.9776
3379646,-9.9765
3380035,-9.9754
3380425,-9.9743
3380814,-9.9732
3381203,-9.9721
3381592,-9.9711
3381982,-9.9700
3382371,-9.9689
3382761,-9.9678
3383150,-9.9667
3383540,-9.9656
3383929,-9.9645
3384319,-9.9634
3384708,-9.9624
3385098,-9.9613
3385488,-9.9602
3385878,-9.9591
3386267,-9.9580
3386657,-9.9569
3387047,-9.9558
3387437,-9.9547
3387827,-9.9536
3388217,-9.9525
3388607,-9.9514
3388998,-9.9503
3389388,-9.9492
3389778,-9.9481
3390168,-9.9470
3390559,-9.9459
3390949,-9.9448
3391339,-9.9437
3391730,-9.9426
3392120,-9.9415
3392511,-9.9404
3392902,-9.9393
3393292,-9.9382
3393683,-9.9371
3394074,-9.9360
3394464,-9.9349
3394855,-9.9338
3395246,-9.9326
3395637,-9.9315
3396028,-9.9304
3396419,-9.9293
3396810,-9.9282
3397201,-9.9271
3397592,-9.9260
3397983,-9.9249
3398375,-9.9237
3398766,-9.9226
3399157,-9.9215
3399549,-9.9204
3399940,-9.9193
3400331,-9.9182
3400723,-9.9170
3401115,-9.9159
3401506,-9.9148
3401898,-9.9137
3402289,-9.9126
3402681,-9.9114
3403073,-9.9103
3403465,-9.9092
3403857,-9.9081
3404248,-9.9069
3404640,-9.9058
3405032,-9.9047
3405424,-9.9036
3405817,-9.9024
3406209,-9.9013
3406601,-9.9002
3406993,-9.8990
3407385,-9.8979
3407778,-9.8968
3408170,-9.8956
3408562,-9.8945
3408955,-9.8934
3409347,-9.8922
3409740,-9.8911
3410133,-9.8900
3410525,-9.8888
3410918,-9.8877
3411311,-9.8865
3411703,-9.8854
3412096,-9.8843
3412489,-9.8831
3412882,-9.8820
3413275,-9.8808
3413668,-9.8797
3414061,-9.8786
3414454,-9.8774
3414847,-9.8763
3415240,-9.8751
3415633,-9.8740
3416027,-9.8728
3416420,-9.8717
3416813,-9.8705
3417207,-9.8694
3417600,-9.8682
3417994,-9.8671
3418387,-9.8659
3418781,-9.8648
3419174,-9.8636
3419568,-9.8625
3419962,-9.8613
3420356,-9.8602
3420749,-9.8590
3421143,-9.8579
3421537,-9.8567
3421931,-9.8555
3422325,-9.8544
3422719,-9.8532
3423113,-9.8521
3423507,-9.8509
3423901,-9.8497
3424296,-9.8486
3424690,-9.8474
3425084,-9.8463
3425479,-9.8451
3425873,-9.8439
3426267,-9.8428
3426662,-9.8416
3427056,-9.8404
3427451,-9.8393
3427846,-9.8381
3428240,-9.8369
3428635,-9.8358
3429030,-9.8346
3429425,-9.8334
3429819,-9.8322
3430214,-9.8311
3430609,-9.8299
3431004,-9.8287
3431399,-9.8275
3431794,-9.8264
3432189,-9.8252
3432585,-9.8240
3432980,-9.8228
3433375,-9.8217
3433770,-9.8205
3434166,-9.8193
3434561,-9.8181
3434957,-9.8169
3435352,-9.8158
3435748,-9.8146
3436143,-9.8134
3436539,-9.8122
3436934,-9.8110
3437330,-9.8098
3437726,-9.8087
3438122,-9.8075
3438518,-9.8063
3438914,-9.8051
3439309,-9.8039
3439705,-9.8027
3440101,-9.8015
3440498,-9.8003
3440894,-9.7992
3441290,-9.7980
3441686,-9.7968
3442082,-9.7956
3442479,-9.7944
3442875,-9.7932
3443271,-9.7920
3443668,-9.7908
3444064,-9.7896
3444461,-9.7884
3444857,-9.7872
3445254,-9.7860
3445651,-9.7848
3446047,-9.7836
3446444,-9.7824
3446841,-9.7812
3447238,-9.7800
3447635,-9.7788
3448032,-9.7776
3448429,-9.7764
3448826,-9.7752
3449223,-9.7740
3449620,-9.7728
3450017,-9.7716
3450414,-9.7703
3450812,-9.7691
3451209,-9.7679
3451606,-9.7667
3452004,-9.7655
3452401,-9.7643
3452799,-9.7631
3453196,-9.7619
3453594,-9.7607
3453991,-9.7594
3454389,-9.7582
3454787,-9.7570
3455185,-9.7558
3455582,-9.7546
3455980,-9.7534
3456378,-9.7521
3456776,-9.7509
3457174,-9.7497
3457572,-9.7485
3457970,-9.7473
3458368,-9.7460
3458767,-9.7448
3459165,-9.7436
3459563,-9.7424
3459961,-9.7411
3460360,-9.7399
3460758,-9.7387
3461157,-9.7375
3461555,-9.7362
3461954,-9.7350
3462352,-9.7338
3462751,-9.7325
3463150,-9.7313
3463548,-9.7301
3463947,-9.7288
3464346,-9.7276
3464745,-9.7264
3465144,-9.7251
3465543,-9.7239
3465942,-9.7227
3466341,-9.7214
3466740,-9.7202
3467139,-9.7190
3467538,-9.7177
3467937,-9.7165
3468337,-9.7152
3468736,-9.7140
3469135,-9.7128
3469535,-9.7115
3469934,-9.7103
3470334,-9.7090
3470733,-9.7078
3471133,-9.7066
3471533,-9.7053
3471932,-9.7041
3472332,-9.7028
3472732,-9.7016
3473132,-9.7003
3473532,-9.6991
3473932,-9.6978
3474332,-9.6966
3474732,-9.6953
3475132,-9.6941
3475532,-9.6928
3475932,-9.6916
3476332,-9.6903
3476732,-9.6890
3477133,-9.6878
3477533,-9.6865
3477933,-9.6853
3478334,-9.6840
3478734,-9.6828
3479135,-9.6815
3479535,-9.6802
3479936,-9.6790
3480337,-9.6777
3480737,-9.6765
3481138,-9.6752
3481539,-9.6739
3481940,-9.6727
3482341,-9.6714
3482742,-9.6701
3483143,-9.6689
3483544,-9.6676
3483945,-9.6663
3484346,-9.6651
3484747,-9.6638
3485148,-9.6625
3485549,-9.6613
3485951,-9.6600
3486352,-9.6587
3486754,-9.6575
3487155,-9.6562
3487557,-9.6549
3487958,-9.6536
3488360,-9.6524
3488761,-9.6511
3489163,-9.6498
3489565,-9.6485
3489966,-9.6473
3490368,-9.6460
3490770,-9.6447
3491172,-9.6434
3491574,-9.6421
3491976,-9.6409
3492378,-9.6396
3492780,-9.6383
3493182,-9.6370
3493585,-9.6357
3493987,-9.6344
3494389,-9.6332
3494791,-9.6319
3495194,-9.6306
3495596,-9.6293
3495999,-9.6280
3496401,-9.6267
3496804,-9.6254
3497206,-9.6241
3497609,-9.6228
3498012,-9.6215
3498414,-9.6203
3498817,-9.6190
3499220,-9.6177
3499623,-9.6164
3500026,-9.6151
3500429,-9.6138
3500832,-9.6125
3501235,-9.6112
3501638,-9.6099
3502041,-9.6086
3502444,-9.6073
3502848,-9.6060
3503251,-9.6047
3503654,-9.6034
3504058,-9.6021
3504461,-9.6008
3504865,-9.5995
3505268,-9.5982
3505672,-9.5969
3506075,-9.5956
3506479,-9.5943
3506883,-9.5930
3507287,-9.5916
3507690,-9.5903
3508094,-9.5890
3508498,-9.5877
3508902,-9.5864
3509306,-9.5851
3509710,-9.5838
3510114,-9.5825
3510518,-9.5812
3510923,-9.5798
3511327,-9.5785
3511731,-9.5772
3512135,-9.5759
3512540,-9.5746
3512944,-9.5733
3513349,-9.5719
3513753,-9.5706
3514158,-9.5693
3514562,-9.5680
3514967,-9.5667
3515372,-9.5653
3515776,-9.5640
3516181,-9.5627
3516586,-9.5614
3516991,-9.5600
3517396,-9.5587
3517801,-9.5574
3518206,-9.5561
3518611,-9.5547
3519016,-9.5534
3519421,-9.5521
3519826,-9.5507
3520232,-9.5494
3520637,-9.5481
3521042,-9.5468
3521448,-9.5454
3521853,-9.5441
3522259,-9.5428
3522664,-9.5414
3523070,-9.5401
3523475,-9.5387
3523881,-9.5374
3524287,-9.5361
3524693,-9.5347
3525098,-9.5334
3525504,-9.5321
3525910,-9.5307
3526316,-9.5294
3526722,-9.5280
3527128,-9.5267
3527534,-9.5253
3527941,-9.5240
3528347,-9.5227
3528753,-9.5213
3529159,-9.5200
3529566,-9.5186
3529972,-9.5173
3530378,-9.5159
3530785,-9.5146
3531191,-9.5132
3531598,-9.5119
3532005,-9.5105
3532411,-9.5092
3532818,-9.5078
3533225,-9.5065
3533631,-9.5051
3534038,-9.5038
3534445,-9.5024
3534852,-9.5010
3535259,-9.4997
3535666,-9.4983
3536073,-9.4970
3536480,-9.4956
3536888,-9.4943
3537295,-9.4929
3537702,-9.4915
3538109,-9.4902
3538517,-9.4888
3538924,-9.4875
3539332,-9.4861
3539739,-9.4847
3540147,-9.4834
3540554,-9.4820
3540962,-9.4806
3541370,-9.4793
3541777,-9.4779
3542185,-9.4765
3542593,-9.4752
3543001,-9.4738
3543409,-9.4724
3543817,-9.4710
3544225,-9.4697
3544633,-9.4683
3545041,-9.4669
3545449,-9.4656
3545857,-9.4642
3546266,-9.4628
3546674,-9.4614
3547082,-9.4600
3547491,-9.4587
3547899,-9.4573
3548308,-9.4559
3548716,-9.4545
3549125,-9.4532
3549533,-9.4518
3549942,-9.4504
3550351,-9.4490
3550759,-9.4476
3551168,-9.4462
3551577,-9.4449
3551986,-9.4435
3552395,-9.4421
3552804,-9.4407
3553213,-9.4393
3553622,-9.4379
3554031,-9.4365
3554441,-9.4351
3554850,-9.4338
3555259,-9.4324
3555668,-9.4310
3556078,-9.4296
3556487,-9.4282
3556897,-9.4268
3557306,-9.4254
3557716,-9.4240
3558125,-9.4226
3558535,-9.4212
3558945,-9.4198
3559355,-9.4184
3559764,-9.4170
3560174,-9.4156
3560584,-9.4142
3560994,-9.4128
3561404,-9.4114
3561814,-9.4100
3562224,-9.4086
3562634,-9.4072
3563045,-9.4058
3563455,-9.4044
3563865,-9.4030
3564275,-9.4016
3564686,-9.4002
3565096,-9.3988
3565507,-9.3974
3565917,-9.3959
3566328,-9.3945
3566738,-9.3931
3567149,-9.3917
3567560,-9.3903
3567970,-9.3889
3568381,-9.3875
3568792,-9.3861
3569203,-9.3846
3569614,-9.3832
3570025,-9.3818
3570436,-9.3804
3570847,-9.3790
3571258,-9.3776
3571669,-9.3761
3572081,-9.3747
3572492,-9.3733
3572903,-9.3719
3573315,-9.3705
3573726,-9.3690
3574137,-9.3676
3574549,-9.3662
3574961,-9.3648
3575372,-9.3633
3575784,-9.3619
3576196,-9.3605
3576607,-9.3591
3577019,-9.3576
3577431,-9.3562
3577843,-9.3548
3578255,-9.3533
3578667,-9.3519
3579079,-9.3505
3579491,-9.3490
3579903,-9.3476
3580315,-9.3462
3580727,-9.3447
3581140,-9.3433
3581552,-9.3419
3581964,-9.3404
3582377,-9.3390
3582789,-9.3376
3583202,-9.3361
3583614,-9.3347
3584027,-9.3332
3584440,-9.3318
3584852,-9.3304
3585265,-9.3289
3585678,-9.3275
3586091,-9.3260
3586503,-9.3246
3586916,-9.3231
3587329,-9.3217
3587742,-9.3202
3588155,-9.3188
3588569,-9.3173
3588982,-9.3159
3589395,-9.3144
3589808,-9.3130
3590222,-9.3115
3590635,-9.3101
3591048,-9.3086
3591462,-9.3072
3591875,-9.3057
3592289,-9.3043
3592702,-9.3028
3593116,-9.3014
3593530,-9.2999
3593944,-9.2985
3594357,-9.2970
3594771,-9.2955
3595185,-9.2941
3595599,-9.2926
3596013,-9.2912
3596427,-9.2897
3596841,-9.2882
3597255,-9.2868
3597669,-9.2853
3598084,-9.2838
3598498,-9.2824
3598912,-9.2809
3599327,-9.2794
3599741,-9.2780
3600155,-9.2765
3600570,-9.2750
3600985,-9.2736
3601399,-9.2721
3601814,-9.2706
3602228,-9.2692
3602643,-9.2677
3603058,-9.2662
3603473,-9.2647
3603888,-9.2633
3604303,-9.2618
3604718,-9.2603
3605133,-9.2588
3605548,-9.2574
3605963,-9.2559
3606378,-9.2544
3606793,-9.2529
3607209,-9.2514
3607624,-9.2500
3608039,-9.2485
3608455,-9.2470
3608870,-9.2455
3609286,-9.2440
3609701,-9.2425
3610117,-9.2411
3610532,-9.2396
3610948,-9.2381
3611364,-9.2366
3611780,-9.2351
3612196,-9.2336
3612611,-9.2321
3613027,-9.2306
3613443,-9.2292
3613859,-9.2277
3614276,-9.2262
3614692,-9.2247
3615108,-9.2232
3615524,-9.2217
3615940,-9.2202
3616357,-9.2187
3616773,-9.2172
3617189,-9.2157
3617606,-9.2142
3618022,-9.2127
3618439,-9.2112
3618856,-9.2097
3619272,-9.2082
3619689,-9.2067
3620106,-9.2052
3620523,-9.2037
3620939,-9.2022
3621356,-9.2007
3621773,-9.1992
3622190,-9.1977
3622607,-9.1962
3623024,-9.1947
3623442,-9.1932
3623859,-9.1917
3624276,-9.1901
3624693,-9.1886
3625111,-9.1871
3625528,-9.1856
3625945,-9.1841
3626363,-9.1826
3626780,-9.1811
3627198,-9.1796
3627616,-9.1780
3628033,-9.1765
3628451,-9.1750
3628869,-9.1735
3629287,-9.1720
3629704,-9.1705
3630122,-9.1689
3630540,-9.1674
3630958,-9.1659
3631376,-9.1644
3631794,-9.1629
3632213,-9.1613
3632631,-9.1598
3633049,-9.1583
3633467,-9.1568
3633886,-9.1552
3634304,-9.1537
3634722,-9.1522
3635141,-9.1507
3635559,-9.1491
3635978,-9.1476
3636397,-9.1461
3636815,-9.1445
3637234,-9.1430
3637653,-9.1415
3638072,-9.1399
3638491,-9.1384
3638909,-9.1369
3639328,-9.1353
3639747,-9.1338
3640167,-9.1323
3640586,-9.1307
3641005,-9.1292
3641424,-9.1277
3641843,-9.1261
3642263,-9.1246
3642682,-9.1230
3643101,-9.1215
3643521,-9.1200
3643940,-9.1184
3644360,-9.1169
3644779,-9.1153
3645199,-9.1138
3645619,-9.1122
3646039,-9.1107
3646458,-9.1091
3646878,-9.1076
3647298,-9.1060
3647718,-9.1045
3648138,-9.1029
3648558,-9.1014
3648978,-9.0998
3649398,-9.0983
3649818,-9.0967
3650239,-9.0952
3650659,-9.0936
3651079,-9.0921
3651500,-9.0905
3651920,-9.0890
3652340,-9.0874
3652761,-9.0858
3653182,-9.0843
3653602,-9.0827
3654023,-9.0812
3654444,-9.0796
3654864,-9.0780
3655285,-9.0765
3655706,-9.0749
3656127,-9.0734
3656548,-9.0718
3656969,-9.0702
3657390,-9.0687
3657811,-9.0671
3658232,-9.0655
3658653,-9.0640
3659075,-9.0624
3659496,-9.0608
3659917,-9.0593
3660339,-9.0577
3660760,-9.0561
3661181,-9.0545
3661603,-9.0530
3662025,-9.0514
3662446,-9.0498
3662868,-9.0482
3663290,-9.0467
3663711,-9.0451
3664133,-9.0435
3664555,-9.0419
3664977,-9.0404
3665399,-9.0388
3665821,-9.0372
3666243,-9.0356
3666665,-9.0340
3667087,-9.0325
3667510,-9.0309
3667932,-9.0293
3668354,-9.0277
3668776,-9.0261
3669199,-9.0245
3669621,-9.0230
3670044,-9.0214
3670466,-9.0198
3670889,-9.0182
3671312,-9.0166
3671734,-9.0150
3672157,-9.0134
3672580,-9.0118
3673003,-9.0102
3673426,-9.0086
3673849,-9.0070
3674272,-9.0055
3674695,-9.0039
3675118,-9.0023
3675541,-9.0007
3675964,-8.9991
3676387,-8.9975
3676811,-8.9959
3677234,-8.9943
3677657,-8.9927
3678081,-8.9911
3678504,-8.9895
3678928,-8.9879
3679351,-8.9863
3679775,-8.9847
3680199,-8.9831
3680622,-8.9815
3681046,-8.9798
3681470,-8.9782
3681894,-8.9766
3682318,-8.9750
3682742,-8.9734
3683166,-8.9718
3683590,-8.9702
3684014,-8.9686
3684438,-8.9670
3684862,-8.9654
3685286,-8.9637
3685711,-8.9621
3686135,-8.9605
3686560,-8.9589
3686984,-8.9573
3687409,-8.9557
3687833,-8.9541
3688258,-8.9524
3688682,-8.9508
3689107,-8.9492
3689532,-8.9476
3689957,-8.9460
3690381,-8.9443
3690806,-8.9427
3691231,-8.9411
3691656,-8.9395
3692081,-8.9378
3692506,-8.9362
3692932,-8.9346
3693357,-8.9330
3693782,-8.9313
3694207,-8.9297
3694633,-8.9281
3695058,-8.9265
3695483,-8.9248
3695909,-8.9232
3696334,-8.9216
3696760,-8.9199
3697186,-8.9183
3697611,-8.9167
3698037,-8.9150
3698463,-8.9134
3698889,-8.9118
3699314,-8.9101
3699740,-8.9085
3700166,-8.9068
3700592,-8.9052
3701018,-8.9036
3701445,-8.9019
3701871,-8.9003
3702297,-8.8986
3702723,-8.8970
3703150,-8.8954
3703576,-8.8937
3704002,-8.8921
3704429,-8.8904
3704855,-8.8888
3705282,-8.8871
3705709,-8.8855
3706135,-8.8838
3706562,-8.8822
3706989,-8.8805
3707415,-8.8789
3707842,-8.8772
3708269,-8.8756
3708696,-8.8739
3709123,-8.8723
3709550,-8.8706
3709977,-8.8690
3710404,-8.8673
3710832,-8.8656
3711259,-8.8640
3711686,-8.8623
3712114,-8.8607
3712541,-8.8590
3712968,-8.8574
3713396,-8.8557
3713823,-8.8540
3714251,-8.8524
3714679,-8.8507
3715106,-8.8490
3715534,-8.8474
3715962,-8.8457
3716390,-8.8441
3716818,-8.8424
3717246,-8.8407
3717674,-8.8390
3718102,-8.8374
3718530,-8.8357
3718958,-8.8340
3719386,-8.8324
3719814,-8.8307
3720243,-8.8290
3720671,-8.8274
3721099,-8.8257
3721528,-8.8240
3721956,-8.8223
3722385,-8.8207
3722813,-8.8190
3723242,-8.8173
3723671,-8.8156
3724099,-8.8139
3724528,-8.8123
3724957,-8.8106
3725386,-8.8089
3725815,-8.8072
3726244,-8.8055
3726673,-8.8039
3727102,-8.8022
3727531,-8.8005
3727960,-8.7988
3728389,-8.7971
3728819,-8.7954
3729248,-8.7937
3729677,-8.7921
3730107,-8.7904
3730536,-8.7887
3730966,-8.7870
3731395,-8.7853
3731825,-8.7836
3732255,-8.7819
3732684,-8.7802
3733114,-8.7785
3733544,-8.7768
3733974,-8.7751
3734404,-8.7734
3734834,-8.7717
3735264,-8.7700
3735694,-8.7683
3736124,-8.7666
3736554,-8.7649
3736984,-8.7632
3737414,-8.7615
3737845,-8.7598
3738275,-8.7581
3738705,-8.7564
3739136,-8.7547
3739566,-8.7530
3739997,-8.7513
3740428,-8.7496
3740858,-8.7479
3741289,-8.7462
3741720,-8.7445
3742151,-8.7428
3742581,-8.7411
3743012,-8.7394
3743443,-8.7376
3743874,-8.7359
3744305,-8.7342
3744736,-8.7325
3745168,-8.7308
3745599,-8.7291
3746030,-8.7274
3746461,-8.7256
3746893,-8.7239
3747324,-8.7222
3747756,-8.7205
3748187,-8.7188
3748619,-8.7170
3749050,-8.7153
3749482,-8.7136
3749914,-8.7119
3750345,-8.7102
3750777,-8.7084
3751209,-8.7067
3751641,-8.7050
3752073,-8.7033
3752505,-8.7015
3752937,-8.6998
3753369,-8.6981
3753801,-8.6963
3754233,-8.6946
3754666,-8.6929
3755098,-8.6911
3755530,-8.6894
3755963,-8.6877
3756395,-8.6859
3756828,-8.6842
3757260,-8.6825
3757693,-8.6807
3758125,-8.6790
3758558,-8.6773
3758991,-8.6755
3759424,-8.6738
3759856,-8.6721
3760289,-8.6703
3760722,-8.6686
3761155,-8.6668
3761588,-8.6651
3762021,-8.6633
3762454,-8.6616
3762888,-8.6599
3763321,-8.6581
3763754,-8.6564
3764188,-8.6546
3764621,-8.6529
3765054,-8.6511
3765488,-8.6494
3765921,-8.6476
3766355,-8.6459
3766789,-8.6441
3767222,-8.6424
3767656,-8.6406
3768090,-8.6389
3768524,-8.6371
3768958,-8.6353
3769392,-8.6336
3769826,-8.6318
3770260,-8.6301
3770694,-8.6283
3771128,-8.6266
3771562,-8.6248
3771996,-8.6230
3772431,-8.6213
3772865,-8.6195
3773299,-8.6178
3773734,-8.6160
3774168,-8.6142
3774603,-8.6125
3775037,-8.6107
3775472,-8.6089
3775907,-8.6072
3776341,-8.6054
3776776,-8.6036
3777211,-8.6019
3777646,-8.6001
3778081,-8.5983
3778516,-8.5966
3778951,-8.5948
3779386,-8.5930
3779821,-8.5912
3780256,-8.5895
3780692,-8.5877
3781127,-8.5859
3781562,-8.5841
3781998,-8.5824
3782433,-8.5806
3782869,-8.5788
3783304,-8.5770
3783740,-8.5752
3784175,-8.5735
3784611,-8.5717
3785047,-8.5699
3785483,-8.5681
3785918,-8.5663
3786354,-8.5645
3786790,-8.5628
3787226,-8.5610
3787662,-8.5592
3788098,-8.5574
3788535,-8.5556
3788971,-8.5538
3789407,-8.5520
3789843,-8.5502
3790280,-8.5484
3790716,-8.5467
3791153,-8.5449
3791589,-8.5431
3792026,-8.5413
3792462,-8.5395
3792899,-8.5377
3793335,-8.5359
3793772,-8.5341
3794209,-8.5323
3794646,-8.5305
3795083,-8.5287
3795520,-8.5269
3795957,-8.5251
3796394,-8.5233
3796831,-8.5215
3797268,-8.5197
3797705,-8.5179
3798143,-8.5161
3798580,-8.5143
3799017,-8.5125
3799455,-8.5107
3799892,-8.5088
3800330,-8.5070
3800767,-8.5052
3801205,-8.5034
3801642,-8.5016
3802080,-8.4998
3802518,-8.4980
3802956,-8.4962
3803393,-8.4944
3803831,-8.4925
3804269,-8.4907
3804707,-8.4889
3805145,-8.4871
3805583,-8.4853
3806022,-8.4835
3806460,-8.4816
3806898,-8.4798
3807336,-8.4780
3807775,-8.4762
3808213,-8.4744
3808652,-8.4725
3809090,-8.4707
3809529,-8.4689
3809967,-8.4671
3810406,-8.4652
3810845,-8.4634
3811284,-8.4616
3811722,-8.4598
3812161,-8.4579
3812600,-8.4561
3813039,-8.4543
3813478,-8.4524
3813917,-8.4506
3814356,-8.4488
3814795,-8.4469
3815235,-8.4451
3815674,-8.4433
3816113,-8.4414
3816553,-8.4396
3816992,-8.4378
3817432,-8.4359
3817871,-8.4341
3818311,-8.4322
3818750,-8.4304
3819190,-8.4286
3819630,-8.4267
3820069,-8.4249
3820509,-8.4230
3820949,-8.4212
3821389,-8.4194
3821829,-8.4175
3822269,-8.4157
3822709,-8.4138
3823149,-8.4120
3823589,-8.4101
3824030,-8.4083
3824470,-8.4064
3824910,-8.4046
3825351,-8.4027
3825791,-8.4009
3826232,-8.3990
3826672,-8.3972
3827113,-8.3953
3827553,-8.3934
3827994,-8.3916
3828435,-8.3897
3828876,-8.3879
3829316,-8.3860
3829757,-8.3842
3830198,-8.3823
3830639,-8.3804
3831080,-8.3786
3831521,-8.3767
3831963,-8.3749
3832404,-8.3730
3832845,-8.3711
3833286,-8.3693
3833728,-8.3674
3834169,-8.3655
3834610,-8.3637
3835052,-8.3618
3835494,-8.3599
3835935,-8.3581
3836377,-8.3562
3836818,-8.3543
3837260,-8.3524
3837702,-8.3506
3838144,-8.3487
3838586,-8.3468
3839028,-8.3450
3839470,-8.3431
3839912,-8.3412
3840354,-8.3393
3840796,-8.3374
3841238,-8.3356
3841681,-8.3337
3842123,-8.3318
3842565,-8.3299
3843008,-8.3280
3843450,-8.3262
3843893,-8.3243
3844335,-8.3224
3844778,-8.3205
3845221,-8.3186
3845663,-8.3167
3846106,-8.3149
3846549,-8.3130
3846992,-8.3111
3847435,-8.3092
3847878,-8.3073
3848321,-8.3054
3848764,-8.3035
3849207,-8.3016
3849650,-8.2997
3850093,-8.2978
3850537,-8.2959
3850980,-8.2941
3851423,-8.2922
3851867,-8.2903
3852310,-8.2884
3852754,-8.2865
3853197,-8.2846
3853641,-8.2827
3854085,-8.2808
3854528,-8.2789
3854972,-8.2770
3855416,-8.2751
3855860,-8.2732
3856304,-8.2713
3856748,-8.2693
3857192,-8.2674
3857636,-8.2655
3858080,-8.2636
3858524,-8.2617
3858969,-8.2598
3859413,-8.2579
3859857,-8.2560
3860302,-8.2541
3860746,-8.2522
3861191,-8.2503
3861635,-8.2483
3862080,-8.2464
3862525,-8.2445
3862969,-8.2426
3863414,-8.2407
3863859,-8.2388
3864304,-8.2368
3864749,-8.2349
3865194,-8.2330
3865639,-8.2311
3866084,-8.2292
3866529,-8.2272
3866974,-8.2253
3867419,-8.2234
3867865,-8.2215
3868310,-8.2195
3868755,-8.2176
3869201,-8.2157
3869646,-8.2138
3870092,-8.2118
3870537,-8.2099
3870983,-8.2080
3871429,-8.2061
3871874,-8.2041
3872320,-8.2022
3872766,-8.2003
3873212,-8.1983
3873658,-8.1964
3874104,-8.1945
3874550,-8.1925
3874996,-8.1906
3875442,-8.1886
3875888,-8.1867
3876335,-8.1848
3876781,-8.1828
3877227,-8.1809
3877674,-8.1789
3878120,-8.1770
3878567,-8.1751
3879013,-8.1731
3879460,-8.1712
3879906,-8.1692
3880353,-8.1673
3880800,-8.1653
3881247,-8.1634
3881694,-8.1614
3882141,-8.1595
3882588,-8.1575
3883035,-8.1556
3883482,-8.1536
3883929,-8.1517
3884376,-8.1497
3884823,-8.1478
3885270,-8.1458
3885718,-8.1439
3886165,-8.1419
3886613,-8.1400
3887060,-8.1380
3887508,-8.1360
3887955,-8.1341
3888403,-8.1321
3888851,-8.1302
3889298,-8.1282
3889746,-8.1262
3890194,-8.1243
3890642,-8.1223
3891090,-8.1204
3891538,-8.1184
3891986,-8.1164
3892434,-8.1145
3892882,-8.1125
3893330,-8.1105
3893779,-8.1086
3894227,-8.1066
3894675,-8.1046
3895124,-8.1026
3895572,-8.1007
3896021,-8.0987
3896469,-8.0967
3896918,-8.0948
3897367,-8.0928
3897815,-8.0908
3898264,-8.0888
3898713,-8.0868
3899162,-8.0849
3899611,-8.0829
3900060,-8.0809
3900509,-8.0789
3900958,-8.0769
3901407,-8.0750
3901856,-8.0730
3902305,-8.0710
3902755,-8.0690
3903204,-8.0670
3903653,-8.0650
3904103,-8.0631
3904552,-8.0611
3905002,-8.0591
3905452,-8.0571
3905901,-8.0551
3906351,-8.0531
3906801,-8.0511
3907250,-8.0491
3907700,-8.0471
3908150,-8.0451
3908600,-8.0431
3909050,-8.0412
3909500,-8.0392
3909950,-8.0372
3910401,-8.0352
3910851,-8.0332
3911301,-8.0312
3911751,-8.0292
3912202,-8.0272
3912652,-8.0252
3913103,-8.0232
3913553,-8.0212
3914004,-8.0192
3914455,-8.0171
3914905,-8.0151
3915356,-8.0131
3915807,-8.0111
3916258,-8.0091
3916709,-8.0071
3917159,-8.0051
3917610,-8.0031
3918062,-8.0011
3918513,-7.9991
3918964,-7.9971
3919415,-7.9950
3919866,-7.9930
3920318,-7.9910
3920769,-7.9890
3921220,-7.9870
3921672,-7.9850
3922123,-7.9829
3922575,-7.9809
3923027,-7.9789
3923478,-7.9769
3923930,-7.9749
3924382,-7.9728
3924834,-7.9708
3925286,-7.9688
3925737,-7.9668
3926189,-7.9648
3926642,-7.9627
3927094,-7.9607
3927546,-7.9587
3927998,-7.9566
3928450,-7.9546
3928903,-7.9526
3929355,-7.9506
3929807,-7.9485
3930260,-7.9465
3930712,-7.9445
3931165,-7.9424
3931617,-7.9404
3932070,-7.9384
3932523,-7.9363
3932976,-7.9343
3933428,-7.9322
3933881,-7.9302
3934334,-7.9282
3934787,-7.9261
3935240,-7.9241
3935693,-7.9220
3936147,-7.9200
3936600,-7.9180
3937053,-7.9159
3937506,-7.9139
3937960,-7.9118
3938413,-7.9098
3938866,-7.9077
3939320,-7.9057
3939774,-7.9036
3940227,-7.9016
3940681,-7.8995
3941134,-7.8975
3941588,-7.8954
3942042,-7.8934
3942496,-7.8913
3942950,-7.8893
3943404,-7.8872
3943858,-7.8852
3944312,-7.8831
3944766,-7.8810
3945220,-7.8790
3945674,-7.8769
3946129,-7.8749
3946583,-7.8728
3947038,-7.8707
3947492,-7.8687
3947946,-7.8666
3948401,-7.8646
3948856,-7.8625
3949310,-7.8604
3949765,-7.8584
3950220,-7.8563
3950675,-7.8542
3951129,-7.8522
3951584,-7.8501
3952039,-7.8480
3952494,-7.8459
3952949,-7.8439
3953405,-7.8418
3953860,-7.8397
3954315,-7.8377
3954770,-7.8356
3955226,-7.8335
3955681,-7.8314
3956136,-7.8293
3956592,-7.8273
3957047,-7.8252
3957503,-7.8231
3957959,-7.8210
3958414,-7.8189
3958870,-7.8169
3959326,-7.8148
3959782,-7.8127
3960238,-7.8106
3960694,-7.8085
3961150,-7.8064
3961606,-7.8044
3962062,-7.8023
3962518,-7.8002
3962974,-7.7981
3963431,-7.7960
3963887,-7.7939
3964343,-7.7918
3964800,-7.7897
3965256,-7.7876
3965713,-7.7855
3966169,-7.7834
3966626,-7.7813
3967083,-7.7793
3967539,-7.7772
3967996,-7.7751
3968453,-7.7730
3968910,-7.7709
3969367,-7.7688
3969824,-7.7667
3970281,-7.7646
3970738,-7.7624
3971195,-7.7603
3971653,-7.7582
3972110,-7.7561
3972567,-7.7540
3973025,-7.7519
3973482,-7.7498
3973940,-7.7477
3974397,-7.7456
3974855,-7.7435
3975312,-7.7414
3975770,-7.7393
3976228,-7.7372
3976686,-7.7350
3977143,-7.7329
3977601,-7.7308
3978059,-7.7287
3978517,-7.7266
3978975,-7.7245
3979434,-7.7223
3979892,-7.7202
3980350,-7.7181
3980808,-7.7160
3981267,-7.7139
3981725,-7.7117
3982183,-7.7096
3982642,-7.7075
3983100,-7.7054
3983559,-7.7032
3984018,-7.7011
3984476,-7.6990
3984935,-7.6969
3985394,-7.6947
3985853,-7.6926
3986312,-7.6905
3986771,-7.6883
3987230,-7.6862
3987689,-7.6841
3988148,-7.6819
3988607,-7.6798
3989066,-7.6777
3989526,-7.6755
3989985,-7.6734
3990444,-7.6713
3990904,-7.6691
3991363,-7.6670
3991823,-7.6648
3992282,-7.6627
3992742,-7.6606
3993202,-7.6584
3993662,-7.6563
3994121,-7.6541
3994581,-7.6520
3995041,-7.6498
3995501,-7.6477
3995961,-7.6455
3996421,-7.6434
3996881,-7.6412
3997342,-7.6391
3997802,-7.6369
3998262,-7.6348
3998722,-7.6326
3999183,-7.6305
3999643,-7.6283
4000104,-7.6262
4000564,-7.6240
4001025,-7.6219
4001486,-7.6197
4001946,-7.6175
4002407,-7.6154
4002868,-7.6132
4003329,-7.6111
4003790,-7.6089
4004251,-7.6067
4004712,-7.6046
4005173,-7.6024
4005634,-7.6003
4006095,-7.5981
4006556,-7.5959
4007018,-7.5938
4007479,-7.5916
4007940,-7.5894
4008402,-7.5872
4008863,-7.5851
4009325,-7.5829
4009787,-7.5807
4010248,-7.5786
4010710,-7.5764
4011172,-7.5742
4011634,-7.5720
4012095,-7.5699
4012557,-7.5677
4013019,-7.5655
4013481,-7.5633
4013943,-7.5611
4014406,-7.5590
4014868,-7.5568
4015330,-7.5546
4015792,-7.5524
4016255,-7.5502
4016717,-7.5481
4017180,-7.5459
4017642,-7.5437
4018105,-7.5415
4018567,-7.5393
4019030,-7.5371
4019493,-7.5349
4019956,-7.5327
4020418,-7.5305
4020881,-7.5284
4021344,-7.5262
4021807,-7.5240
4022270,-7.5218
4022733,-7.5196
4023197,-7.5174
4023660,-7.5152
4024123,-7.5130
4024586,-7.5108
4025050,-7.5086
4025513,-7.5064
4025977,-7.5042
4026440,-7.5020
4026904,-7.4998
4027367,-7.4976
4027831,-7.4954
4028295,-7.4932
4028759,-7.4910
4029223,-7.4888
4029686,-7.4866
4030150,-7.4843
4030614,-7.4821
4031078,-7.4799
4031543,-7.4777
4032007,-7.4755
4032471,-7.4733
4032935,-7.4711
4033400,-7.4689
4033864,-7.4666
4034328,-7.4644
4034793,-7.4622
4035258,-7.4600
4035722,-7.4578
4036187,-7.4556
4036651,-7.4533
4037116,-7.4511
4037581,-7.4489
4038046,-7.4467
4038511,-7.4444
4038976,-7.4422
4039441,-7.4400
4039906,-7.4378
4040371,-7.4355
4040836,-7.4333
4041302,-7.4311
4041767,-7.4289
4042232,-7.4266
4042698,-7.4244
4043163,-7.4222
4043629,-7.4199
4044094,-7.4177
4044560,-7.4155
4045025,-7.4132
4045491,-7.4110
4045957,-7.4088
4046423,-7.4065
4046889,-7.4043
4047355,-7.4020
4047821,-7.3998
4048287,-7.3976
4048753,-7.3953
4049219,-7.3931
4049685,-7.3908
4050151,-7.3886
4050618,-7.3863
4051084,-7.3841
4051550,-7.3819
4052017,-7.3796
4052483,-7.3774
4052950,-7.3751
4053417,-7.3729
4053883,-7.3706
4054350,-7.3684
4054817,-7.3661
4055284,-7.3638
4055751,-7.3616
4056218,-7.3593
4056685,-7.3571
4057152,-7.3548
4057619,-7.3526
4058086,-7.3503
4058553,-7.3480
4059021,-7.3458
4059488,-7.3435
4059955,-7.3413
4060423,-7.3390
4060890,-7.3367
4061358,-7.3345
4061825,-7.3322
4062293,-7.3299
4062761,-7.3277
4063229,-7.3254
4063696,-7.3231
4064164,-7.3209
4064632,-7.3186
4065100,-7.3163
4065568,-7.3141
4066036,-7.3118
4066504,-7.3095
4066973,-7.3072
4067441,-7.3050
4067909,-7.3027
4068378,-7.3004
4068846,-7.2981
4069314,-7.2958
4069783,-7.2936
4070252,-7.2913
4070720,-7.2890
4071189,-7.2867
4071658,-7.2844
4072126,-7.2822
4072595,-7.2799
4073064,-7.2776
4073533,-7.2753
4074002,-7.2730
4074471,-7.2707
4074940,-7.2684
4075410,-7.2661
4075879,-7.2639
4076348,-7.2616
4076817,-7.2593
4077287,-7.2570
4077756,-7.2547
4078226,-7.2524
4078695,-7.2501
4079165,-7.2478
4079634,-7.2455
4080104,-7.2432
4080574,-7.2409
4081044,-7.2386
4081514,-7.2363
4081984,-7.2340
4082454,-7.2317
4082924,-7.2294
4083394,-7.2271
4083864,-7.2248
4084334,-7.2225
4084804,-7.2202
4085275,-7.2179
4085745,-7.2155
4086215,-7.2132
4086686,-7.2109
4087156,-7.2086
4087627,-7.2063
4088098,-7.2040
4088568,-7.2017
4089039,-7.1994
4089510,-7.1970
4089981,-7.1947
4090452,-7.1924
4090923,-7.1901
4091394,-7.1878
4091865,-7.1855
4092336,-7.1831
4092807,-7.1808
4093278,-7.1785
4093749,-7.1762
4094221,-7.1738
4094692,-7.1715
4095164,-7.1692
4095635,-7.1669
4096107,-7.1645
4096578,-7.1622
4097050,-7.1599
4097522,-7.1575
4097993,-7.1552
4098465,-7.1529
4098937,-7.1505
4099409,-7.1482
4099881,-7.1459
4100353,-7.1435
4100825,-7.1412
4101297,-7.1389
4101770,-7.1365
4102242,-7.1342
4102714,-7.1319
4103186,-7.1295
4103659,-7.1272
4104131,-7.1248
4104604,-7.1225
4105076,-7.1201
4105549,-7.1178
4106022,-7.1154
4106495,-7.1131
4106967,-7.1108
4107440,-7.1084
4107913,-7.1061
4108386,-7.1037
4108859,-7.1014
4109332,-7.0990
4109805,-7.0966
4110279,-7.0943
4110752,-7.0919
4111225,-7.0896
4111698,-7.0872
4112172,-7.0849
4112645,-7.0825
4113119,-7.0802
4113592,-7.0778
4114066,-7.0754
4114540,-7.0731
4115013,-7.0707
4115487,-7.0683
4115961,-7.0660
4116435,-7.0636
4116909,-7.0613
4117383,-7.0589
4117857,-7.0565
4118331,-7.0541
4118805,-7.0518
4119279,-7.0494
4119754,-7.0470
4120228,-7.0447
4120702,-7.0423
4121177,-7.0399
4121651,-7.0375
4122126,-7.0352
4122601,-7.0328
4123075,-7.0304
4123550,-7.0280
4124025,-7.0257
4124499,-7.0233
4124974,-7.0209
4125449,-7.0185
4125924,-7.0161
4126399,-7.0137
4126874,-7.0114
4127350,-7.0090
4127825,-7.0066
4128300,-7.0042
4128775,-7.0018
4129251,-6.9994
4129726,-6.9970
4130202,-6.9946
4130677,-6.9923
4131153,-6.9899
4131628,-6.9875
4132104,-6.9851
4132580,-6.9827
4133056,-6.9803
4133532,-6.9779
4134007,-6.9755
4134483,-6.9731
4134959,-6.9707
4135436,-6.9683
4135912,-6.9659
4136388,-6.9635
4136864,-6.9611
4137340,-6.9587
4137817,-6.9563
4138293,-6.9539
4138770,-6.9515
4139246,-6.9491
4139723,-6.9466
4140199,-6.9442
4140676,-6.9418
4141153,-6.9394
4141630,-6.9370
4142106,-6.9346
4142583,-6.9322
4143060,-6.9298
4143537,-6.9273
4144014,-6.9249
4144492,-6.9225
4144969,-6.9201
4145446,-6.9177
4145923,-6.9153
4146401,-6.9128
4146878,-6.9104
4147355,-6.9080
4147833,-6.9056
4148310,-6.9031
4148788,-6.9007
4149266,-6.8983
4149744,-6.8959
4150221,-6.8934
4150699,-6.8910
4151177,-6.8886
4151655,-6.8862
4152133,-6.8837
4152611,-6.8813
4153089,-6.8789
4153567,-6.8764
4154046,-6.8740
4154524,-6.8715
4155002,-6.8691
4155481,-6.8667
4155959,-6.8642
4156438,-6.8618
4156916,-6.8594
4157395,-6.8569
4157873,-6.8545
4158352,-6.8520
4158831,-6.8496
4159310,-6.8471
4159789,-6.8447
4160267,-6.8422
4160746,-6.8398
4161226,-6.8374
4161705,-6.8349
4162184,-6.8325
4162663,-6.8300
4163142,-6.8275
4163622,-6.8251
4164101,-6.8226
4164580,-6.8202
4165060,-6.8177
4165539,-6.8153
4166019,-6.8128
4166499,-6.8104
4166978,-6.8079
4167458,-6.8054
4167938,-6.8030
4168418,-6.8005
4168898,-6.7981
4169378,-6.7956
4169858,-6.7931
4170338,-6.7907
4170818,-6.7882
4171298,-6.7857
4171779,-6.7833
4172259,-6.7808
4172739,-6.7783
4173220,-6.7758
4173700,-6.7734
4174181,-6.7709
4174661,-6.7684
4175142,-6.7660
4175623,-6.7635
4176104,-6.7610
4176584,-6.7585
4177065,-6.7560
4177546,-6.7536
4178027,-6.7511
4178508,-6.7486
4178989,-6.7461
4179470,-6.7436
4179952,-6.7412
4180433,-6.7387
4180914,-6.7362
4181396,-6.7337
4181877,-6.7312
4182358,-6.7287
4182840,-6.7262
4183322,-6.7237
4183803,-6.7213
4184285,-6.7188
4184767,-6.7163
4185249,-6.7138
4185730,-6.7113
4186212,-6.7088
4186694,-6.7063
4187176,-6.7038
4187658,-6.7013
4188141,-6.6988
4188623,-6.6963
4189105,-6.6938
4189587,-6.6913
4190070,-6.6888
4190552,-6.6863
4191035,-6.6838
4191517,-6.6813
4192000,-6.6788
4192482,-6.6763
4192965,-6.6737
4193448,-6.6712
4193931,-6.6687
4194414,-6.6662
4194897,-6.6637
4195380,-6.6612
4195863,-6.6587
4196346,-6.6562
4196829,-6.6536
4197312,-6.6511
4197795,-6.6486
4198279,-6.6461
4198762,-6.6436
4199245,-6.6411
4199729,-6.6385
4200212,-6.6360
4200696,-6.6335
4201180,-6.6310
4201663,-6.6284
4202147,-6.6259
4202631,-6.6234
4203115,-6.6209
4203599,-6.6183
4204083,-6.6158
4204567,-6.6133
4205051,-6.6107
4205535,-6.6082
4206019,-6.6057
4206504,-6.6031
4206988,-6.6006
4207472,-6.5981
4207957,-6.5955
4208441,-6.5930
4208926,-6.5904
4209410,-6.5879
4209895,-6.5854
4210380,-6.5828
4210864,-6.5803
4211349,-6.5777
4211834,-6.5752
4212319,-6.5726
4212804,-6.5701
4213289,-6.5676
4213774,-6.5650
4214259,-6.5625
4214745,-6.5599
4215230,-6.5574
4215715,-6.5548
4216200,-6.5523
4216686,-6.5497
4217171,-6.5471
4217657,-6.5446
4218143,-6.5420
4218628,-6.5395
4219114,-6.5369
4219600,-6.5344
4220086,-6.5318
4220571,-6.5292
4221057,-6.5267
4221543,-6.5241
4222029,-6.5215
4222516,-6.5190
4223002,-6.5164
4223488,-6.5138
4223974,-6.5113
4224461,-6.5087
4224947,-6.5061
4225433,-6.5036
4225920,-6.5010
4226406,-6.4984
4226893,-6.4958
4227380,-6.4933
4227866,-6.4907
4228353,-6.4881
4228840,-6.4855
4229327,-6.4830
4229814,-6.4804
4230301,-6.4778
4230788,-6.4752
4231275,-6.4726
4231762,-6.4701
4232249,-6.4675
4232737,-6.4649
4233224,-6.4623
4233711,-6.4597
4234199,-6.4571
4234686,-6.4545
4235174,-6.4520
4235662,-6.4494
4236149,-6.4468
4236637,-6.4442
4237125,-6.4416
4237613,-6.4390
4238101,-6.4364
4238588,-6.4338
4239077,-6.4312
4239565,-6.4286
4240053,-6.4260
4240541,-6.4234
4241029,-6.4208
4241517,-6.4182
4242006,-6.4156
4242494,-6.4130
4242983,-6.4104
4243471,-6.4078
4243960,-6.4052
4244448,-6.4026
4244937,-6.4000
4245426,-6.3974
4245915,-6.3947
4246403,-6.3921
4246892,-6.3895
4247381,-6.3869
4247870,-6.3843
4248359,-6.3817
4248849,-6.3791
4249338,-6.3764
4249827,-6.3738
4250316,-6.3712
4250806,-6.3686
4251295,-6.3660
4251785,-6.3633
4252274,-6.3607
4252764,-6.3581
4253253,-6.3555
4253743,-6.3528
4254233,-6.3502
4254723,-6.3476
4255213,-6.3450
4255702,-6.3423
4256192,-6.3397
4256682,-6.3371
4257173,-6.3344
4257663,-6.3318
4258153,-6.3292
4258643,-6.3265
4259134,-6.3239
4259624,-6.3213
4260114,-6.3186
4260605,-6.3160
4261095,-6.3133
4261586,-6.3107
4262077,-6.3081
4262567,-6.3054
4263058,-6.3028
4263549,-6.3001
4264040,-6.2975
4264531,-6.2948
4265022,-6.2922
4265513,-6.2895
4266004,-6.2869
4266495,-6.2842
4266986,-6.2816
4267478,-6.2789
4267969,-6.2763
4268460,-6.2736
4268952,-6.2710
4269443,-6.2683
4269935,-6.2656
4270427,-6.2630
4270918,-6.2603
4271410,-6.2577
4271902,-6.2550
4272394,-6.2523
4272885,-6.2497
4273377,-6.2470
4273869,-6.2444
4274362,-6.2417
4274854,-6.2390
4275346,-6.2364
4275838,-6.2337
4276330,-6.2310
4276823,-6.2283
4277315,-6.2257
4277808,-6.2230
4278300,-6.2203
4278793,-6.2176
4279285,-6.2150
4279778,-6.2123
4280271,-6.2096
4280764,-6.2069
4281257,-6.2043
4281749,-6.2016
4282242,-6.1989
4282736,-6.1962
4283229,-6.1935
4283722,-6.1908
4284215,-6.1882
4284708,-6.1855
4285202,-6.1828
4285695,-6.1801
4286188,-6.1774
4286682,-6.1747
4287175,-6.1720
4287669,-6.1693
4288163,-6.1666
4288656,-6.1639
4289150,-6.1612
4289644,-6.1585
4290138,-6.1558
4290632,-6.1531
4291126,-6.1504
4291620,-6.1477
4292114,-6.1450
4292608,-6.1423
4293102,-6.1396
4293597,-6.1369
4294091,-6.1342
4294586,-6.1315
4295080,-6.1288
4295574,-6.1261
4296069,-6.1234
4296564,-6.1207
4297058,-6.1180
4297553,-6.1153
4298048,-6.1125
4298543,-6.1098
4299038,-6.1071
4299533,-6.1044
4300028,-6.1017
4300523,-6.0990
4301018,-6.0962
4301513,-6.0935
4302008,-6.0908
4302504,-6.0881
4302999,-6.0854
4303495,-6.0826
4303990,-6.0799
4304486,-6.0772
4304981,-6.0745
4305477,-6.0717
4305973,-6.0690
4306468,-6.0663
4306964,-6.0635
4307460,-6.0608
4307956,-6.0581
4308452,-6.0553
4308948,-6.0526
4309444,-6.0499
4309940,-6.0471
4310437,-6.0444
4310933,-6.0416
4311429,-6.0389
4311926,-6.0362
4312422,-6.0334
4312919,-6.0307
4313415,-6.0279
4313912,-6.0252
4314408,-6.0224
4314905,-6.0197
4315402,-6.0169
4315899,-6.0142
4316396,-6.0115
4316893,-6.0087
4317390,-6.0059
4317887,-6.0032
4318384,-6.0004
4318881,-5.9977
4319378,-5.9949
4319876,-5.9922
4320373,-5.9894
4320871,-5.9867
4321368,-5.9839
4321866,-5.9811
4322363,-5.9784
4322861,-5.9756
4323359,-5.9728
4323856,-5.9701
4324354,-5.9673
4324852,-5.9645
4325350,-5.9618
4325848,-5.9590
4326346,-5.9562
4326844,-5.9535
4327342,-5.9507
4327841,-5.9479
4328339,-5.9451
4328837,-5.9424
4329336,-5.9396
4329834,-5.9368
4330333,-5.9340
4330831,-5.9313
4331330,-5.9285
4331829,-5.9257
4332327,-5.9229
4332826,-5.9201
4333325,-5.9173
4333824,-5.9146
4334323,-5.9118
4334822,-5.9090
4335321,-5.9062
4335820,-5.9034
4336319,-5.9006
4336819,-5.8978
4337318,-5.8950
4337817,-5.8922
4338317,-5.8894
4338816,-5.8866
4339316,-5.8838
4339815,-5.8810
4340315,-5.8782
4340815,-5.8754
4341315,-5.8726
4341814,-5.8698
4342314,-5.8670
4342814,-5.8642
4343314,-5.8614
4343814,-5.8586
4344314,-5.8558
4344815,-5.8530
4345315,-5.8502
4345815,-5.8474
4346316,-5.8446
4346816,-5.8418
4347316,-5.8389
4347817,-5.8361
4348318,-5.8333
4348818,-5.8305
4349319,-5.8277
4349820,-5.8249
4350321,-5.8220
4350821,-5.8192
4351322,-5.8164
4351823,-5.8136
4352324,-5.8108
4352825,-5.8079
4353327,-5.8051
4353828,-5.8023
4354329,-5.7995
4354830,-5.7966
4355332,-5.7938
4355833,-5.7910
4356335,-5.7881
4356836,-5.7853
4357338,-5.7825
4357840,-5.7796
4358341,-5.7768
4358843,-5.7740
4359345,-5.7711
4359847,-5.7683
4360349,-5.7654
4360851,-5.7626
4361353,-5.7598
4361855,-5.7569
4362358,-5.7541
4362860,-5.7512
4363362,-5.7484
4363864,-5.7455
4364367,-5.7427
4364869,-5.7398
4365372,-5.7370
4365875,-5.7341
4366377,-5.7313
4366880,-5.7284
4367383,-5.7256
4367886,-5.7227
4368388,-5.7199
4368891,-5.7170
4369394,-5.7141
4369898,-5.7113
4370401,-5.7084
4370904,-5.7056
4371407,-5.7027
4371910,-5.6998
4372414,-5.6970
4372917,-5.6941
4373421,-5.6912
4373924,-5.6884
4374428,-5.6855
4374931,-5.6826
4375435,-5.6797
4375939,-5.6769
4376443,-5.6740
4376947,-5.6711
4377451,-5.6683
4377955,-5.6654
4378459,-5.6625
4378963,-5.6596
4379467,-5.6567
4379971,-5.6539
4380475,-5.6510
4380980,-5.6481
4381484,-5.6452
4381989,-5.6423
4382493,-5.6394
4382998,-5.6365
4383502,-5.6337
4384007,-5.6308
4384512,-5.6279
4385017,-5.6250
4385522,-5.6221
4386027,-5.6192
4386532,-5.6163
4387037,-5.6134
4387542,-5.6105
4388047,-5.6076
4388552,-5.6047
4389057,-5.6018
4389563,-5.5989
4390068,-5.5960
4390574,-5.5931
4391079,-5.5902
4391585,-5.5873
4392090,-5.5844
4392596,-5.5815
4393102,-5.5786
4393607,-5.5757
4394113,-5.5728
4394619,-5.5698
4395125,-5.5669
4395631,-5.5640
4396137,-5.5611
4396644,-5.5582
4397150,-5.5553
4397656,-5.5524
4398162,-5.5494
4398669,-5.5465
4399175,-5.5436
4399682,-5.5407
4400188,-5.5377
4400695,-5.5348
4401202,-5.5319
4401708,-5.5290
4402215,-5.5260
4402722,-5.5231
4403229,-5.5202
4403736,-5.5172
4404243,-5.5143
4404750,-5.5114
4405257,-5.5084
4405764,-5.5055
4406272,-5.5026
4406779,-5.4996
4407286,-5.4967
4407794,-5.4938
4408301,-5.4908
4408809,-5.4879
4409316,-5.4849
4409824,-5.4820
4410332,-5.4790
4410839,-5.4761
4411347,-5.4732
4411855,-5.4702
4412363,-5.4673
4412871,-5.4643
4413379,-5.4614
4413887,-5.4584
4414396,-5.4554
4414904,-5.4525
4415412,-5.4495
4415921,-5.4466
4416429,-5.4436
4416938,-5.4407
4417446,-5.4377
4417955,-5.4347
4418463,-5.4318
4418972,-5.4288
4419481,-5.4258
4419990,-5.4229
4420499,-5.4199
4421008,-5.4169
4421517,-5.4140
4422026,-5.4110
4422535,-5.4080
4423044,-5.4051
4423553,-5.4021
4424063,-5.3991
4424572,-5.3961
4425081,-5.3932
4425591,-5.3902
4426100,-5.3872
4426610,-5.3842
4427120,-5.3812
4427629,-5.3783
4428139,-5.3753
4428649,-5.3723
4429159,-5.3693
4429669,-5.3663
4430179,-5.3633
4430689,-5.3604
4431199,-5.3574
4431709,-5.3544
4432219,-5.3514
4432730,-5.3484
4433240,-5.3454
4433751,-5.3424
4434261,-5.3394
4434772,-5.3364
4435282,-5.3334
4435793,-5.3304
4436304,-5.3274
4436814,-5.3244
4437325,-5.3214
4437836,-5.3184
4438347,-5.3154
4438858,-5.3124
4439369,-5.3094
4439880,-5.3064
4440391,-5.3034
4440903,-5.3003
4441414,-5.2973
4441925,-5.2943
4442437,-5.2913
4442948,-5.2883
4443460,-5.2853
4443971,-5.2823
4444483,-5.2792
4444995,-5.2762
4445507,-5.2732
4446018,-5.2702
4446530,-5.2672
4447042,-5.2641
4447554,-5.2611
4448066,-5.2581
4448578,-5.2551
4449091,-5.2520
4449603,-5.2490
4450115,-5.2460
4450628,-5.2429
4451140,-5.2399
4451652,-5.2369
4452165,-5.2338
4452678,-5.2308
4453190,-5.2278
4453703,-5.2247
4454216,-5.2217
4454729,-5.2186
4455242,-5.2156
4455755,-5.2126
4456268,-5.2095
4456781,-5.2065
4457294,-5.2034
4457807,-5.2004
4458320,-5.1973
4458833,-5.1943
4459347,-5.1912
4459860,-5.1882
4460374,-5.1851
4460887,-5.1821
4461401,-5.1790
4461915,-5.1759
4462428,-5.1729
4462942,-5.1698
4463456,-5.1668
4463970,-5.1637
4464484,-5.1606
4464998,-5.1576
4465512,-5.1545
4466026,-5.1515
4466540,-5.1484
4467055,-5.1453
4467569,-5.1422
4468083,-5.1392
4468598,-5.1361
4469112,-5.1330
4469627,-5.1300
4470141,-5.1269
4470656,-5.1238
4471171,-5.1207
4471686,-5.1177
4472200,-5.1146
4472715,-5.1115
4473230,-5.1084
4473745,-5.1053
4474260,-5.1022
4474776,-5.0992
4475291,-5.0961
4475806,-5.0930
4476321,-5.0899
4476837,-5.0868
4477352,-5.0837
4477868,-5.0806
4478383,-5.0775
4478899,-5.0744
4479415,-5.0713
4479930,-5.0683
4480446,-5.0652
4480962,-5.0621
4481478,-5.0590
4481994,-5.0559
4482510,-5.0528
4483026,-5.0496
4483542,-5.0465
4484058,-5.0434
4484575,-5.0403
4485091,-5.0372
4485607,-5.0341
4486124,-5.0310
4486640,-5.0279
4487157,-5.0248
4487674,-5.0217
4488190,-5.0186
4488707,-5.0154
4489224,-5.0123
4489741,-5.0092
4490258,-5.0061
4490775,-5.0030
4491292,-4.9998
4491809,-4.9967
4492326,-4.9936
4492843,-4.9905
4493360,-4.9873
4493878,-4.9842
4494395,-4.9811
4494913,-4.9780
4495430,-4.9748
4495948,-4.9717
4496465,-4.9686
4496983,-4.9654
4497501,-4.9623
4498019,-4.9592
4498537,-4.9560
4499055,-4.9529
4499573,-4.9497
4500091,-4.9466
4500609,-4.9435
4501127,-4.9403
4501645,-4.9372
4502163,-4.9340
4502682,-4.9309
4503200,-4.9277
4503719,-4.9246
4504237,-4.9214
4504756,-4.9183
4505274,-4.9151
4505793,-4.9120
4506312,-4.9088
4506831,-4.9057
4507350,-4.9025
4507869,-4.8993
4508388,-4.8962
4508907,-4.8930
4509426,-4.8899
4509945,-4.8867
4510464,-4.8835
4510984,-4.8804
4511503,-4.8772
4512022,-4.8740
4512542,-4.8709
4513062,-4.8677
4513581,-4.8645
4514101,-4.8613
4514621,-4.8582
4515140,-4.8550
4515660,-4.8518
4516180,-4.8486
4516700,-4.8455
4517220,-4.8423
4517740,-4.8391
4518260,-4.8359
4518781,-4.8327
4519301,-4.8295
4519821,-4.8264
4520342,-4.8232
4520862,-4.8200
4521383,-4.8168
4521903,-4.8136
4522424,-4.8104
4522944,-4.8072
4523465,-4.8040
4523986,-4.8008
4524507,-4.7976
4525028,-4.7944
4525549,-4.7912
4526070,-4.7880
4526591,-4.7848
4527112,-4.7816
4527633,-4.7784
4528155,-4.7752
4528676,-4.7720
4529197,-4.7688
4529719,-4.7656
4530240,-4.7624
4530762,-4.7592
4531284,-4.7560
4531805,-4.7527
4532327,-4.7495
4532849,-4.7463
4533371,-4.7431
4533893,-4.7399
4534415,-4.7367
4534937,-4.7334
4535459,-4.7302
4535981,-4.7270
4536504,-4.7238
4537026,-4.7205
4537548,-4.7173
4538071,-4.7141
4538593,-4.7109
4539116,-4.7076
4539638,-4.7044
4540161,-4.7012
4540684,-4.6979
4541207,-4.6947
4541729,-4.6915
4542252,-4.6882
4542775,-4.6850
4543298,-4.6817
4543821,-4.6785
4544345,-4.6753
4544868,-4.6720
4545391,-4.6688
4545914,-4.6655
4546438,-4.6623
4546961,-4.6590
4547485,-4.6558
4548008,-4.6525
4548532,-4.6493
4549056,-4.6460
4549579,-4.6428
4550103,-4.6395
4550627,-4.6363
4551151,-4.6330
4551675,-4.6297
4552199,-4.6265
4552723,-4.6232
4553247,-4.6200
4553772,-4.6167
4554296,-4.6134
4554820,-4.6102
4555345,-4.6069
4555869,-4.6036
4556394,-4.6004
4556918,-4.5971
4557443,-4.5938
4557968,-4.5905
4558493,-4.5873
4559017,-4.5840
4559542,-4.5807
4560067,-4.5774
4560592,-4.5742
4561117,-4.5709
4561643,-4.5676
4562168,-4.5643
4562693,-4.5610
4563218,-4.5577
4563744,-4.5544
4564269,-4.5512
4564795,-4.5479
4565320,-4.5446
4565846,-4.5413
4566372,-4.5380
4566897,-4.5347
4567423,-4.5314
4567949,-4.5281
4568475,-4.5248
4569001,-4.5215
4569527,-4.5182
4570053,-4.5149
4570579,-4.5116
4571106,-4.5083
4571632,-4.5050
4572158,-4.5017
4572685,-4.4984
4573211,-4.4951
4573738,-4.4917
4574264,-4.4884
4574791,-4.4851
4575318,-4.4818
4575844,-4.4785
4576371,-4.4752
4576898,-4.4719
4577425,-4.4685
4577952,-4.4652
4578479,-4.4619
4579006,-4.4586
4579534,-4.4552
4580061,-4.4519
4580588,-4.4486
4581116,-4.4453
4581643,-4.4419
4582171,-4.4386
4582698,-4.4353
4583226,-4.4319
4583754,-4.4286
4584281,-4.4253
4584809,-4.4219
4585337,-4.4186
4585865,-4.4152
4586393,-4.4119
4586921,-4.4086
4587449,-4.4052
4587977,-4.4019
4588505,-4.3985
4589034,-4.3952
4589562,-4.3918
4590091,-4.3885
4590619,-4.3851
4591148,-4.3818
4591676,-4.3784
4592205,-4.3751
4592734,-4.3717
4593262,-4.3684
4593791,-4.3650
4594320,-4.3616
4594849,-4.3583
4595378,-4.3549
4595907,-4.3516
4596436,-4.3482
4596966,-4.3448
4597495,-4.3415
4598024,-4.3381
4598554,-4.3347
4599083,-4.3313
4599613,-4.3280
4600142,-4.3246
4600672,-4.3212
4601202,-4.3178
4601731,-4.3145
4602261,-4.3111
4602791,-4.3077
4603321,-4.3043
4603851,-4.3009
4604381,-4.2976
4604911,-4.2942
4605441,-4.2908
4605972,-4.2874
4606502,-4.2840
4607032,-4.2806
4607563,-4.2772
4608093,-4.2738
4608624,-4.2704
4609154,-4.2670
4609685,-4.2637
4610216,-4.2603
4610747,-4.2569
4611277,-4.2535
4611808,-4.2500
4612339,-4.2466
4612870,-4.2432
4613402,-4.2398
4613933,-4.2364
4614464,-4.2330
4614995,-4.2296
4615527,-4.2262
4616058,-4.2228
4616589,-4.2194
4617121,-4.2160
4617653,-4.2125
4618184,-4.2091
4618716,-4.2057
4619248,-4.2023
4619780,-4.1989
4620311,-4.1954
4620843,-4.1920
4621375,-4.1886
4621908,-4.1852
4622440,-4.1817
4622972,-4.1783
4623504,-4.1749
4624037,-4.1714
4624569,-4.1680
4625101,-4.1646
4625634,-4.1611
4626166,-4.1577
4626699,-4.1543
4627232,-4.1508
4627765,-4.1474
4628297,-4.1439
4628830,-4.1405
4629363,-4.1371
4629896,-4.1336
4630429,-4.1302
4630962,-4.1267
4631496,-4.1233
4632029,-4.1198
4632562,-4.1164
4633096,-4.1129
4633629,-4.1095
4634162,-4.1060
4634696,-4.1025
4635230,-4.0991
4635763,-4.0956
4636297,-4.0922
4636831,-4.0887
4637365,-4.0852
4637899,-4.0818
4638433,-4.0783
4638967,-4.0748
4639501,-4.0714
4640035,-4.0679
4640569,-4.0644
4641104,-4.0609
4641638,-4.0575
4642172,-4.0540
4642707,-4.0505
4643241,-4.0470
4643776,-4.0435
4644311,-4.0401
4644845,-4.0366
4645380,-4.0331
4645915,-4.0296
4646450,-4.0261
4646985,-4.0226
4647520,-4.0191
4648055,-4.0157
4648590,-4.0122
4649125,-4.0087
4649661,-4.0052
4650196,-4.0017
4650731,-3.9982
4651267,-3.9947
4651802,-3.9912
4652338,-3.9877
4652874,-3.9842
4653409,-3.9807
4653945,-3.9772
4654481,-3.9737
4655017,-3.9702
4655553,-3.9666
4656089,-3.9631
4656625,-3.9596
4657161,-3.9561
4657697,-3.9526
4658234,-3.9491
4658770,-3.9456
4659306,-3.9420
4659843,-3.9385
4660379,-3.9350
4660916,-3.9315
4661452,-3.9279
4661989,-3.9244
4662526,-3.9209
4663063,-3.9174
4663600,-3.9138
4664137,-3.9103
4664674,-3.9068
4665211,-3.9032
4665748,-3.8997
4666285,-3.8962
4666822,-3.8926
4667360,-3.8891
4667897,-3.8855
4668434,-3.8820
4668972,-3.8785
4669509,-3.8749
4670047,-3.8714
4670585,-3.8678
4671122,-3.8643
4671660,-3.8607
4672198,-3.8572
4672736,-3.8536
4673274,-3.8501
4673812,-3.8465
4674350,-3.8430
4674888,-3.8394
4675427,-3.8358
4675965,-3.8323
4676503,-3.8287
4677042,-3.8251
4677580,-3.8216
4678119,-3.8180
4678658,-3.8144
4679196,-3.8109
4679735,-3.8073
4680274,-3.8037
4680813,-3.8002
4681352,-3.7966
4681891,-3.7930
4682430,-3.7894
4682969,-3.7859
4683508,-3.7823
4684047,-3.7787
4684586,-3.7751
4685126,-3.7715
4685665,-3.7679
4686205,-3.7644
4686744,-3.7608
4687284,-3.7572
4687824,-3.7536
4688363,-3.7500
4688903,-3.7464
4689443,-3.7428
4689983,-3.7392
4690523,-3.7356
4691063,-3.7320
4691603,-3.7284
4692143,-3.7248
4692683,-3.7212
4693224,-3.7176
4693764,-3.7140
4694304,-3.7104
4694845,-3.7068
4695386,-3.7032
4695926,-3.6995
4696467,-3.6959
4697008,-3.6923
4697548,-3.6887
4698089,-3.6851
4698630,-3.6815
4699171,-3.6778
4699712,-3.6742
4700253,-3.6706
4700794,-3.6670
4701336,-3.6633
4701877,-3.6597
4702418,-3.6561
4702960,-3.6525
4703501,-3.6488
4704043,-3.6452
4704584,-3.6416
4705126,-3.6379
4705668,-3.6343
4706209,-3.6306
4706751,-3.6270
4707293,-3.6234
4707835,-3.6197
4708377,-3.6161
4708919,-3.6124
4709462,-3.6088
4710004,-3.6051
4710546,-3.6015
4711088,-3.5978
4711631,-3.5942
4712173,-3.5905
4712716,-3.5869
4713258,-3.5832
4713801,-3.5796
4714344,-3.5759
4714887,-3.5722
4715429,-3.5686
4715972,-3.5649
4716515,-3.5612
4717058,-3.5576
4717602,-3.5539
4718145,-3.5502
4718688,-3.5466
4719231,-3.5429
4719775,-3.5392
4720318,-3.5355
4720861,-3.5319
4721405,-3.5282
4721949,-3.5245
4722492,-3.5208
4723036,-3.5171
4723580,-3.5135
4724124,-3.5098
4724668,-3.5061
4725212,-3.5024
4725756,-3.4987
4726300,-3.4950
4726844,-3.4913
4727388,-3.4876
4727932,-3.4839
4728477,-3.4802
4729021,-3.4765
4729566,-3.4728
4730110,-3.4691
4730655,-3.4654
4731199,-3.4617
4731744,-3.4580
4732289,-3.4543
4732834,-3.4506
4733379,-3.4469
4733924,-3.4432
4734469,-3.4395
4735014,-3.4358
4735559,-3.4320
4736104,-3.4283
4736650,-3.4246
4737195,-3.4209
4737740,-3.4172
4738286,-3.4134
4738831,-3.4097
4739377,-3.4060
4739923,-3.4023
4740468,-3.3985
4741014,-3.3948
4741560,-3.3911
4742106,-3.3873
4742652,-3.3836
4743198,-3.3799
4743744,-3.3761
4744290,-3.3724
4744837,-3.3686
4745383,-3.3649
4745929,-3.3612
4746476,-3.3574
4747022,-3.3537
4747569,-3.3499
4748115,-3.3462
4748662,-3.3424
4749209,-3.3387
4749756,-3.3349
4750302,-3.3312
4750849,-3.3274
4751396,-3.3236
4751943,-3.3199
4752490,-3.3161
4753038,-3.3124
4753585,-3.3086
4754132,-3.3048
4754680,-3.3011
4755227,-3.2973
4755775,-3.2935
4756322,-3.2898
4756870,-3.2860
4757417,-3.2822
4757965,-3.2784
4758513,-3.2747
4759061,-3.2709
4759609,-3.2671
4760157,-3.2633
4760705,-3.2595
4761253,-3.2557
4761801,-3.2520
4762349,-3.2482
4762898,-3.2444
4763446,-3.2406
4763995,-3.2368
4764543,-3.2330
4765092,-3.2292
4765640,-3.2254
4766189,-3.2216
4766738,-3.2178
4767287,-3.2140
4767835,-3.2102
4768384,-3.2064
4768933,-3.2026
4769482,-3.1988
4770032,-3.1950
4770581,-3.1912
4771130,-3.1874
4771679,-3.1836
4772229,-3.1797
4772778,-3.1759
4773328,-3.1721
4773877,-3.1683
4774427,-3.1645
4774977,-3.1606
4775526,-3.1568
4776076,-3.1530
4776626,-3.1492
4777176,-3.1453
4777726,-3.1415
4778276,-3.1377
4778826,-3.1338
4779377,-3.1300
4779927,-3.1262
4780477,-3.1223
4781028,-3.1185
4781578,-3.1147
4782129,-3.1108
4782679,-3.1070
4783230,-3.1031
4783781,-3.0993
4784331,-3.0954
4784882,-3.0916
4785433,-3.0877
4785984,-3.0839
4786535,-3.0800
4787086,-3.0762
4787637,-3.0723
4788189,-3.0685
4788740,-3.0646
4789291,-3.0607
4789843,-3.0569
4790394,-3.0530
4790946,-3.0491
4791497,-3.0453
4792049,-3.0414
4792601,-3.0375
4793153,-3.0337
4793704,-3.0298
4794256,-3.0259
4794808,-3.0220
4795360,-3.0182
4795913,-3.0143
4796465,-3.0104
4797017,-3.0065
4797569,-3.0026
4798122,-2.9987
4798674,-2.9948
4799227,-2.9910
4799779,-2.9871
4800332,-2.9832
4800884,-2.9793
4801437,-2.9754
4801990,-2.9715
4802543,-2.9676
4803096,-2.9637
4803649,-2.9598
4804202,-2.9559
4804755,-2.9520
4805308,-2.9481
4805862,-2.9442
4806415,-2.9403
4806968,-2.9363
4807522,-2.9324
4808075,-2.9285
4808629,-2.9246
4809182,-2.9207
4809736,-2.9168
4810290,-2.9128
4810844,-2.9089
4811398,-2.9050
4811952,-2.9011
4812506,-2.8972
4813060,-2.8932
4813614,-2.8893
4814168,-2.8854
4814722,-2.8814
4815277,-2.8775
4815831,-2.8736
4816386,-2.8696
4816940,-2.8657
4817495,-2.8617
4818049,-2.8578
4818604,-2.8539
4819159,-2.8499
4819714,-2.8460
4820269,-2.8420
4820824,-2.8381
4821379,-2.8341
4821934,-2.8302
4822489,-2.8262
4823044,-2.8222
4823600,-2.8183
4824155,-2.8143
4824710,-2.8104
4825266,-2.8064
4825822,-2.8024
4826377,-2.7985
4826933,-2.7945
4827489,-2.7905
4828044,-2.7866
4828600,-2.7826
4829156,-2.7786
4829712,-2.7746
4830268,-2.7707
4830824,-2.7667
4831381,-2.7627
4831937,-2.7587
4832493,-2.7547
4833050,-2.7508
4833606,-2.7468
4834163,-2.7428
4834719,-2.7388
4835276,-2.7348
4835833,-2.7308
4836389,-2.7268
4836946,-2.7228
4837503,-2.7188
4838060,-2.7148
4838617,-2.7108
4839174,-2.7068
4839731,-2.7028
4840289,-2.6988
4840846,-2.6948
4841403,-2.6908
4841961,-2.6868
4842518,-2.6828
4843076,-2.6788
4843633,-2.6747
4844191,-2.6707
4844749,-2.6667
4845307,-2.6627
4845864,-2.6587
4846422,-2.6546
4846980,-2.6506
4847538,-2.6466
4848096,-2.6426
4848655,-2.6385
4849213,-2.6345
4849771,-2.6305
4850330,-2.6264
4850888,-2.6224
4851447,-2.6183
4852005,-2.6143
4852564,-2.6103
4853123,-2.6062
4853681,-2.6022
4854240,-2.5981
4854799,-2.5941
4855358,-2.5900
4855917,-2.5860
4856476,-2.5819
4857035,-2.5779
4857594,-2.5738
4858154,-2.5698
4858713,-2.5657
4859273,-2.5616
4859832,-2.5576
4860392,-2.5535
4860951,-2.5494
4861511,-2.5454
4862071,-2.5413
4862630,-2.5372
4863190,-2.5332
4863750,-2.5291
4864310,-2.5250
4864870,-2.5209
4865430,-2.5169
4865990,-2.5128
4866551,-2.5087
4867111,-2.5046
4867671,-2.5005
4868232,-2.4964
4868792,-2.4923
4869353,-2.4883
4869914,-2.4842
4870474,-2.4801
4871035,-2.4760
4871596,-2.4719
4872157,-2.4678
4872718,-2.4637
4873279,-2.4596
4873840,-2.4555
4874401,-2.4514
4874962,-2.4473
4875524,-2.4431
4876085,-2.4390
4876646,-2.4349
4877208,-2.4308
4877769,-2.4267
4878331,-2.4226
4878893,-2.4185
4879454,-2.4143
4880016,-2.4102
4880578,-2.4061
4881140,-2.4020
4881702,-2.3978
4882264,-2.3937
4882826,-2.3896
4883388,-2.3854
4883951,-2.3813
4884513,-2.3772
4885075,-2.3730
4885638,-2.3689
4886200,-2.3647
4886763,-2.3606
4887325,-2.3565
4887888,-2.3523
4888451,-2.3482
4889014,-2.3440
4889577,-2.3399
4890140,-2.3357
4890703,-2.3316
4891266,-2.3274
4891829,-2.3232
4892392,-2.3191
4892955,-2.3149
4893519,-2.3108
4894082,-2.3066
4894646,-2.3024
4895209,-2.2983
4895773,-2.2941
4896336,-2.2899
4896900,-2.2857
4897464,-2.2816
4898028,-2.2774
4898592,-2.2732
4899156,-2.2690
4899720,-2.2648
4900284,-2.2607
4900848,-2.2565
4901413,-2.2523
4901977,-2.2481
4902541,-2.2439
4903106,-2.2397
4903670,-2.2355
4904235,-2.2313
4904799,-2.2271
4905364,-2.2229
4905929,-2.2187
4906494,-2.2145
4907059,-2.2103
4907624,-2.2061
4908189,-2.2019
4908754,-2.1977
4909319,-2.1935
4909884,-2.1893
4910450,-2.1851
4911015,-2.1808
4911580,-2.1766
4912146,-2.1724
4912711,-2.1682
4913277,-2.1640
4913843,-2.1597
4914409,-2.1555
4914974,-2.1513
4915540,-2.1471
4916106,-2.1428
4916672,-2.1386
4917238,-2.1343
4917804,-2.1301
4918371,-2.1259
4918937,-2.1216
4919503,-2.1174
4920070,-2.1131
4920636,-2.1089
4921203,-2.1046
4921769,-2.1004
4922336,-2.0961
4922903,-2.0919
4923470,-2.0876
4924036,-2.0834
4924603,-2.0791
4925170,-2.0749
4925737,-2.0706
4926305,-2.0663
4926872,-2.0621
4927439,-2.0578
4928006,-2.0535
4928574,-2.0493
4929141,-2.0450
4929709,-2.0407
4930276,-2.0364
4930844,-2.0322
4931412,-2.0279
4931979,-2.0236
4932547,-2.0193
4933115,-2.0150
4933683,-2.0107
4934251,-2.0065
4934819,-2.0022
4935387,-1.9979
4935956,-1.9936
4936524,-1.9893
4937092,-1.9850
4937661,-1.9807
4938229,-1.9764
4938798,-1.9721
4939367,-1.9678
4939935,-1.9635
4940504,-1.9592
4941073,-1.9549
4941642,-1.9505
4942211,-1.9462
4942780,-1.9419
4943349,-1.9376
4943918,-1.9333
4944487,-1.9290
4945056,-1.9246
4945626,-1.9203
4946195,-1.9160
4946765,-1.9117
4947334,-1.9073
4947904,-1.9030
4948474,-1.8987
4949043,-1.8943
4949613,-1.8900
4950183,-1.8856
4950753,-1.8813
4951323,-1.8770
4951893,-1.8726
4952463,-1.8683
4953033,-1.8639
4953604,-1.8596
4954174,-1.8552
4954744,-1.8509
4955315,-1.8465
4955885,-1.8422
4956456,-1.8378
4957027,-1.8334
4957597,-1.8291
4958168,-1.8247
4958739,-1.8203
4959310,-1.8160
4959881,-1.8116
4960452,-1.8072
4961023,-1.8029
4961594,-1.7985
4962166,-1.7941
4962737,-1.7897
4963308,-1.7853
4963880,-1.7810
4964451,-1.7766
4965023,-1.7722
4965595,-1.7678
4966166,-1.7634
4966738,-1.7590
4967310,-1.7546
4967882,-1.7502
4968454,-1.7458
4969026,-1.7414
4969598,-1.7370
4970170,-1.7326
4970742,-1.7282
4971315,-1.7238
4971887,-1.7194
4972460,-1.7150
4973032,-1.7106
4973605,-1.7062
4974177,-1.7018
4974750,-1.6973
4975323,-1.6929
4975896,-1.6885
4976468,-1.6841
4977041,-1.6796
4977614,-1.6752
4978188,-1.6708
4978761,-1.6664
4979334,-1.6619
4979907,-1.6575
4980481,-1.6531
4981054,-1.6486
4981628,-1.6442
4982201,-1.6397
4982775,-1.6353
4983348,-1.6308
4983922,-1.6264
4984496,-1.6219
4985070,-1.6175
4985644,-1.6130
4986218,-1.6086
4986792,-1.6041
4987366,-1.5997
4987940,-1.5952
4988515,-1.5907
4989089,-1.5863
4989663,-1.5818
4990238,-1.5773
4990813,-1.5729
4991387,-1.5684
4991962,-1.5639
4992537,-1.5595
4993111,-1.5550
4993686,-1.5505
4994261,-1.5460
4994836,-1.5415
4995411,-1.5370
4995986,-1.5326
4996562,-1.5281
4997137,-1.5236
4997712,-1.5191
4998288,-1.5146
4998863,-1.5101
4999439,-1.5056
5000014,-1.5011
5000590,-1.4966
5001166,-1.4921
5001742,-1.4876
5002318,-1.4831
5002893,-1.4786
5003469,-1.4740
5004046,-1.4695
5004622,-1.4650
5005198,-1.4605
5005774,-1.4560
5006351,-1.4515
5006927,-1.4469
5007503,-1.4424
5008080,-1.4379
5008657,-1.4333
5009233,-1.4288
5009810,-1.4243
5010387,-1.4197
5010964,-1.4152
5011541,-1.4107
5012118,-1.4061
5012695,-1.4016
5013272,-1.3970
5013849,-1.3925
5014426,-1.3879
5015004,-1.3834
5015581,-1.3788
5016159,-1.3743
5016736,-1.3697
5017314,-1.3652
5017891,-1.3606
5018469,-1.3560
5019047,-1.3515
5019625,-1.3469
5020203,-1.3423
5020781,-1.3378
5021359,-1.3332
5021937,-1.3286
5022515,-1.3240
5023093,-1.3195
5023672,-1.3149
5024250,-1.3103
5024829,-1.3057
5025407,-1.3011
5025986,-1.2965
5026564,-1.2919
5027143,-1.2874
5027722,-1.2828
5028301,-1.2782
5028880,-1.2736
5029459,-1.2690
5030038,-1.2644
5030617,-1.2598
5031196,-1.2552
5031775,-1.2505
5032355,-1.2459
5032934,-1.2413
5033514,-1.2367
5034093,-1.2321
5034673,-1.2275
5035253,-1.2229
5035832,-1.2182
5036412,-1.2136
5036992,-1.2090
5037572,-1.2044
5038152,-1.1997
5038732,-1.1951
5039312,-1.1905
5039892,-1.1858
5040473,-1.1812
5041053,-1.1765
5041633,-1.1719
5042214,-1.1673
5042794,-1.1626
5043375,-1.1580
5043956,-1.1533
5044536,-1.1487
5045117,-1.1440
5045698,-1.1393
5046279,-1.1347
5046860,-1.1300
5047441,-1.1254
5048022,-1.1207
5048603,-1.1160
5049185,-1.1114
5049766,-1.1067
5050347,-1.1020
5050929,-1.0973
5051510,-1.0927
5052092,-1.0880
5052674,-1.0833
5053255,-1.0786
5053837,-1.0739
5054419,-1.0693
5055001,-1.0646
5055583,-1.0599
5056165,-1.0552
5056747,-1.0505
5057330,-1.0458
5057912,-1.0411
5058494,-1.0364
5059077,-1.0317
5059659,-1.0270
5060242,-1.0223
5060824,-1.0176
5061407,-1.0129
5061990,-1.0081
5062572,-1.0034
5063155,-0.9987
5063738,-0.9940
5064321,-0.9893
5064904,-0.9845
5065488,-0.9798
5066071,-0.9751
5066654,-0.9704
5067237,-0.9656
5067821,-0.9609
5068404,-0.9562
5068988,-0.9514
5069572,-0.9467
5070155,-0.9419
5070739,-0.9372
5071323,-0.9324
5071907,-0.9277
5072491,-0.9229
5073075,-0.9182
5073659,-0.9134
5074243,-0.9087
5074827,-0.9039
5075411,-0.8992
5075996,-0.8944
5076580,-0.8896
5077165,-0.8849
5077749,-0.8801
5078334,-0.8753
5078919,-0.8706
5079503,-0.8658
5080088,-0.8610
5080673,-0.8562
5081258,-0.8514
5081843,-0.8467
5082428,-0.8419
5083013,-0.8371
5083599,-0.8323
5084184,-0.8275
5084769,-0.8227
5085355,-0.8179
5085940,-0.8131
5086526,-0.8083
5087111,-0.8035
5087697,-0.7987
5088283,-0.7939
5088869,-0.7891
5089455,-0.7843
5090041,-0.7795
5090627,-0.7746
5091213,-0.7698
5091799,-0.7650
5092385,-0.7602
5092972,-0.7554
5093558,-0.7505
5094144,-0.7457
5094731,-0.7409
5095318,-0.7360
5095904,-0.7312
5096491,-0.7264
5097078,-0.7215
5097665,-0.7167
5098251,-0.7118
5098838,-0.7070
5099426,-0.7021
5100013,-0.6973
5100600,-0.6924
5101187,-0.6876
5101774,-0.6827
5102362,-0.6779
5102949,-0.6730
5103537,-0.6681
5104124,-0.6633
5104712,-0.6584
5105300,-0.6535
5105888,-0.6487
5106476,-0.6438
5107063,-0.6389
5107651,-0.6340
5108240,-0.6292
5108828,-0.6243
5109416,-0.6194
5110004,-0.6145
5110593,-0.6096
5111181,-0.6047
5111769,-0.5998
5112358,-0.5949
5112947,-0.5900
5113535,-0.5851
5114124,-0.5802
5114713,-0.5753
5115302,-0.5704
5115891,-0.5655
5116480,-0.5606
5117069,-0.5557
5117658,-0.5508
5118247,-0.5459
5118836,-0.5409
5119426,-0.5360
5120015,-0.5311
5120605,-0.5262
5121194,-0.5212
5121784,-0.5163
5122374,-0.5114
5122963,-0.5064
5123553,-0.5015
5124143,-0.4966
5124733,-0.4916
5125323,-0.4867
5125913,-0.4817
5126503,-0.4768
5127094,-0.4718
5127684,-0.4669
5128274,-0.4619
5128865,-0.4570
5129455,-0.4520
5130046,-0.4470
5130637,-0.4421
5131227,-0.4371
5131818,-0.4321
5132409,-0.4272
5133000,-0.4222
5133591,-0.4172
5134182,-0.4122
5134773,-0.4073
5135364,-0.4023
5135956,-0.3973
5136547,-0.3923
5137138,-0.3873
5137730,-0.3823
5138321,-0.3773
5138913,-0.3723
5139505,-0.3674
5140096,-0.3624
5140688,-0.3573
5141280,-0.3523
5141872,-0.3473
5142464,-0.3423
5143056,-0.3373
5143648,-0.3323
5144240,-0.3273
5144833,-0.3223
5145425,-0.3172
5146017,-0.3122
5146610,-0.3072
5147203,-0.3022
5147795,-0.2971
5148388,-0.2921
5148981,-0.2871
5149573,-0.2820
5150166,-0.2770
5150759,-0.2720
5151352,-0.2669
5151945,-0.2619
5152539,-0.2568
5153132,-0.2518
5153725,-0.2467
5154319,-0.2417
5154912,-0.2366
5155506,-0.2316
5156099,-0.2265
5156693,-0.2214
5157286,-0.2164
5157880,-0.2113
5158474,-0.2062
5159068,-0.2012
5159662,-0.1961
5160256,-0.1910
5160850,-0.1859
5161444,-0.1808
5162039,-0.1758
5162633,-0.1707
5163227,-0.1656
5163822,-0.1605
5164416,-0.1554
5165011,-0.1503
5165606,-0.1452
5166200,-0.1401
5166795,-0.1350
5167390,-0.1299
5167985,-0.1248
5168580,-0.1197
5169175,-0.1146
5169770,-0.1094
5170366,-0.1043
5170961,-0.0992
5171556,-0.0941
5172152,-0.0890
5172747,-0.0838
5173343,-0.0787
5173938,-0.0736
5174534,-0.0684
5175130,-0.0633
5175726,-0.0582
5176322,-0.0530
5176918,-0.0479
5177514,-0.0427
5178110,-0.0376
5178706,-0.0324
5179302,-0.0273
5179899,-0.0221
5180495,-0.0170
5181091,-0.0118
5181688,-0.0066
5182285,-0.0015
5182881,0.0037
5183478,0.0089
5184075,0.0140
5184672,0.0192
5185269,0.0244
5185866,0.0296
5186463,0.0347
5187060,0.0399
5187657,0.0451
5188254,0.0503
5188852,0.0555
5189449,0.0607
5190047,0.0659
5190644,0.0711
5191242,0.0763
5191839,0.0815
5192437,0.0867
5193035,0.0919
5193633,0.0971
5194231,0.1023
5194829,0.1075
5195427,0.1127
5196025,0.1180
5196624,0.1232
5197222,0.1284
5197820,0.1336
5198419,0.1389
5199017,0.1441
5199616,0.1493
5200214,0.1546
5200813,0.1598
5201412,0.1650
5202011,0.1703
5202610,0.1755
5203209,0.1808
5203808,0.1860
5204407,0.1913
5205006,0.1965
5205606,0.2018
5206205,0.2071
5206804,0.2123
5207404,0.2176
5208003,0.2229
5208603,0.2281
5209203,0.2334
5209802,0.2387
5210402,0.2440
5211002,0.2492
5211602,0.2545
5212202,0.2598
5212802,0.2651
5213402,0.2704
5214003,0.2757
5214603,0.2810
5215203,0.2863
5215804,0.2916
5216404,0.2969
5217005,0.3022
5217606,0.3075
5218206,0.3128
5218807,0.3181
5219408,0.3234
5220009,0.3287
5220610,0.3341
5221211,0.3394
5221812,0.3447
5222413,0.3500
5223015,0.3554
5223616,0.3607
5224218,0.3660
5224819,0.3714
5225421,0.3767
5226022,0.3821
5226624,0.3874
5227226,0.3928
5227828,0.3981
5228429,0.4035
5229031,0.4088
5229634,0.4142
5230236,0.4195
5230838,0.4249
5231440,0.4303
5232042,0.4356
5232645,0.4410
5233247,0.4464
5233850,0.4517
5234452,0.4571
5235055,0.4625
5235658,0.4679
5236261,0.4733
5236864,0.4787
5237466,0.4841
5238069,0.4894
5238673,0.4948
5239276,0.5002
5239879,0.5056
5240482,0.5110
5241086,0.5165
5241689,0.5219
5242293,0.5273
5242896,0.5327
5243500,0.5381
5244104,0.5435
5244707,0.5489
5245311,0.5544
5245915,0.5598
5246519,0.5652
5247123,0.5707
5247727,0.5761
5248331,0.5815
5248936,0.5870
5249540,0.5924
5250144,0.5979
5250749,0.6033
5251354,0.6088
5251958,0.6142
5252563,0.6197
5253168,0.6251
5253772,0.6306
5254377,0.6360
5254982,0.6415
5255587,0.6470
5256192,0.6524
5256798,0.6579
5257403,0.6634
5258008,0.6689
5258614,0.6744
5259219,0.6798
5259825,0.6853
5260430,0.6908
5261036,0.6963
5261642,0.7018
5262247,0.7073
5262853,0.7128
5263459,0.7183
5264065,0.7238
5264671,0.7293
5265277,0.7348
5265884,0.7403
5266490,0.7458
5267096,0.7514
5267703,0.7569
5268309,0.7624
5268916,0.7679
5269522,0.7735
5270129,0.7790
5270736,0.7845
5271343,0.7901
5271950,0.7956
5272557,0.8011
5273164,0.8067
5273771,0.8122
5274378,0.8178
5274985,0.8233
5275593,0.8289
5276200,0.8345
5276808,0.8400
5277415,0.8456
5278023,0.8511
5278630,0.8567
5279238,0.8623
5279846,0.8679
5280454,0.8734
5281062,0.8790
5281670,0.8846
5282278,0.8902
5282886,0.8958
5283494,0.9014
5284103,0.9070
5284711,0.9126
5285320,0.9181
5285928,0.9238
5286537,0.9294
5287145,0.9350
5287754,0.9406
5288363,0.9462
5288972,0.9518
5289581,0.9574
5290190,0.9630
5290799,0.9687
5291408,0.9743
5292017,0.9799
5292627,0.9855
5293236,0.9912
5293845,0.9968
5294455,1.0025
5295065,1.0081
5295674,1.0137
5296284,1.0194
5296894,1.0250
5297504,1.0307
5298113,1.0363
5298723,1.0420
5299334,1.0477
5299944,1.0533
5300554,1.0590
5301164,1.0647
5301775,1.0703
5302385,1.0760
5302995,1.0817
5303606,1.0874
5304217,1.0931
5304827,1.0987
5305438,1.1044
5306049,1.1101
5306660,1.1158
5307271,1.1215
5307882,1.1272
5308493,1.1329
5309104,1.1386
5309716,1.1443
5310327,1.1500
5310938,1.1558
5311550,1.1615
5312161,1.1672
5312773,1.1729
5313385,1.1786
5313996,1.1844
5314608,1.1901
5315220,1.1958
5315832,1.2016
5316444,1.2073
5317056,1.2131
5317668,1.2188
5318281,1.2245
5318893,1.2303
5319505,1.2361
5320118,1.2418
5320730,1.2476
5321343,1.2533
5321956,1.2591
5322568,1.2649
5323181,1.2706
5323794,1.2764
5324407,1.2822
5325020,1.2880
5325633,1.2937
5326246,1.2995
5326860,1.3053
5327473,1.3111
5328086,1.3169
5328700,1.3227
5329313,1.3285
5329927,1.3343
5330541,1.3401
5331154,1.3459
5331768,1.3517
5332382,1.3575
5332996,1.3634
5333610,1.3692
5334224,1.3750
5334838,1.3808
5335452,1.3867
5336067,1.3925
5336681,1.3983
5337296,1.4042
5337910,1.4100
5338525,1.4158
5339139,1.4217
5339754,1.4275
5340369,1.4334
5340984,1.4392
5341599,1.4451
5342214,1.4510
5342829,1.4568
5343444,1.4627
5344059,1.4685
5344674,1.4744
5345290,1.4803
5345905,1.4862
5346521,1.4921
5347136,1.4979
5347752,1.5038
5348368,1.5097
5348983,1.5156
5349599,1.5215
5350215,1.5274
5350831,1.5333
5351447,1.5392
5352063,1.5451
5352680,1.5510
5353296,1.5569
5353912,1.5629
5354529,1.5688
5355145,1.5747
5355762,1.5806
5356378,1.5865
5356995,1.5925
5357612,1.5984
5358229,1.6043
5358846,1.6103
5359463,1.6162
5360080,1.6222
5360697,1.6281
5361314,1.6341
5361931,1.6400
5362549,1.6460
5363166,1.6520
5363784,1.6579
5364401,1.6639
5365019,1.6699
5365637,1.6758
5366254,1.6818
5366872,1.6878
5367490,1.6938
5368108,1.6997
5368726,1.7057
5369344,1.7117
5369963,1.7177
5370581,1.7237
5371199,1.7297
5371818,1.7357
5372436,1.7417
5373055,1.7477
5373673,1.7538
5374292,1.7598
5374911,1.7658
5375530,1.7718
5376148,1.7778
5376767,1.7839
5377387,1.7899
5378006,1.7959
5378625,1.8020
5379244,1.8080
5379863,1.8140
5380483,1.8201
5381102,1.8261
5381722,1.8322
5382342,1.8382
5382961,1.8443
5383581,1.8504
5384201,1.8564
5384821,1.8625
5385441,1.8686
5386061,1.8746
5386681,1.8807
5387301,1.8868
5387921,1.8929
5388542,1.8990
5389162,1.9051
5389783,1.9112
5390403,1.9173
5391024,1.9233
5391645,1.9295
5392265,1.9356
5392886,1.9417
5393507,1.9478
5394128,1.9539
5394749,1.9600
5395370,1.9661
5395991,1.9723
5396613,1.9784
5397234,1.9845
5397856,1.9906
5398477,1.9968
5399099,2.0029
5399720,2.0091
5400342,2.0152
5400964,2.0214
5401585,2.0275
5402207,2.0337
5402829,2.0398
5403451,2.0460
5404074,2.0522
5404696,2.0583
5405318,2.0645
5405940,2.0707
5406563,2.0768
5407185,2.0830
5407808,2.0892
5408431,2.0954
5409053,2.1016
5409676,2.1078
5410299,2.1140
5410922,2.1202
5411545,2.1264
5412168,2.1326
5412791,2.1388
5413414,2.1450
5414037,2.1512
5414661,2.1574
5415284,2.1637
5415908,2.1699
5416531,2.1761
5417155,2.1824
5417779,2.1886
5418402,2.1948
5419026,2.2011
5419650,2.2073
5420274,2.2136
5420898,2.2198
5421522,2.2261
5422147,2.2323
5422771,2.2386
5423395,2.2449
5424020,2.2511
5424644,2.2574
5425269,2.2637
5425893,2.2700
5426518,2.2762
5427143,2.2825
5427768,2.2888
5428393,2.2951
5429018,2.3014
5429643,2.3077
5430268,2.3140
5430893,2.3203
5431518,2.3266
5432144,2.3329
5432769,2.3392
5433395,2.3456
5434020,2.3519
5434646,2.3582
5435272,2.3645
5435897,2.3709
5436523,2.3772
5437149,2.3835
5437775,2.3899
5438401,2.3962
5439028,2.4026
5439654,2.4089
5440280,2.4153
5440906,2.4216
5441533,2.4280
5442159,2.4343
5442786,2.4407
5443413,2.4471
5444039,2.4535
5444666,2.4598
5445293,2.4662
5445920,2.4726
5446547,2.4790
5447174,2.4854
5447801,2.4918
5448428,2.4982
5449056,2.5046
5449683,2.5110
5450311,2.5174
5450938,2.5238
5451566,2.5302
5452193,2.5366
5452821,2.5431
5453449,2.5495
5454077,2.5559
5454705,2.5623
5455333,2.5688
5455961,2.5752
5456589,2.5817
5457217,2.5881
5457846,2.5946
5458474,2.6010
5459103,2.6075
5459731,2.6139
5460360,2.6204
5460988,2.6269
5461617,2.6333
5462246,2.6398
5462875,2.6463
5463504,2.6528
5464133,2.6592
5464762,2.6657
5465391,2.6722
5466020,2.6787
5466650,2.6852
5467279,2.6917
5467909,2.6982
5468538,2.7047
5469168,2.7112
5469798,2.7178
5470427,2.7243
5471057,2.7308
5471687,2.7373
5472317,2.7438
5472947,2.7504
5473577,2.7569
5474207,2.7635
5474838,2.7700
5475468,2.7765
5476099,2.7831
5476729,2.7896
5477360,2.7962
5477990,2.8028
5478621,2.8093
5479252,2.8159
5479883,2.8225
5480514,2.8290
5481145,2.8356
5481776,2.8422
5482407,2.8488
5483038,2.8554
5483669,2.8620
5484301,2.8686
5484932,2.8752
5485564,2.8818
5486195,2.8884
5486827,2.8950
5487459,2.9016
5488090,2.9082
5488722,2.9148
5489354,2.9215
5489986,2.9281
5490618,2.9347
5491250,2.9414
5491883,2.9480
5492515,2.9546
5493147,2.9613
5493780,2.9679
5494412,2.9746
5495045,2.9813
5495678,2.9879
5496310,2.9946
5496943,3.0012
5497576,3.0079
5498209,3.0146
5498842,3.0213
5499475,3.0280
5500108,3.0346
5500742,3.0413
5501375,3.0480
5502008,3.0547
5502642,3.0614
5503276,3.0681
5503909,3.0748
5504543,3.0816
5505177,3.0883
5505810,3.0950
5506444,3.1017
5507078,3.1084
5507712,3.1152
5508347,3.1219
5508981,3.1286
5509615,3.1354
5510249,3.1421
5510884,3.1489
5511518,3.1556
5512153,3.1624
5512788,3.1691
5513422,3.1759
5514057,3.1827
5514692,3.1894
5515327,3.1962
5515962,3.2030
5516597,3.2098
5517232,3.2166
5517867,3.2234
5518503,3.2302
5519138,3.2370
5519773,3.2438
5520409,3.2506
5521045,3.2574
5521680,3.2642
5522316,3.2710
5522952,3.2778
5523588,3.2846
5524224,3.2915
5524860,3.2983
5525496,3.3051
5526132,3.3120
5526768,3.3188
5527405,3.3257
5528041,3.3325
5528677,3.3394
5529314,3.3462
5529951,3.3531
5530587,3.3600
5531224,3.3668
5531861,3.3737
5532498,3.3806
5533135,3.3875
5533772,3.3943
5534409,3.4012
5535046,3.4081
5535684,3.4150
5536321,3.4219
5536958,3.4288
5537596,3.4357
5538233,3.4426
5538871,3.4496
5539509,3.4565
5540147,3.4634
5540784,3.4703
5541422,3.4773
5542060,3.4842
5542698,3.4911
5543337,3.4981
5543975,3.5050
5544613,3.5120
5545252,3.5189
5545890,3.5259
5546529,3.5328
5547167,3.5398
5547806,3.5468
5548445,3.5538
5549083,3.5607
5549722,3.5677
5550361,3.5747
5551000,3.5817
5551639,3.5887
5552279,3.5957
5552918,3.6027
5553557,3.6097
5554197,3.6167
5554836,3.6237
5555476,3.6307
5556115,3.6378
5556755,3.6448
5557395,3.6518
5558035,3.6588
5558675,3.6659
5559315,3.6729
5559955,3.6800
5560595,3.6870
5561235,3.6941
5561875,3.7011
5562516,3.7082
5563156,3.7153
5563797,3.7223
5564437,3.7294
5565078,3.7365
5565719,3.7436
5566360,3.7506
5567000,3.7577
5567641,3.7648
5568282,3.7719
5568924,3.7790
5569565,3.7861
5570206,3.7932
5570847,3.8004
5571489,3.8075
5572130,3.8146
5572772,3.8217
5573413,3.8288
5574055,3.8360
5574697,3.8431
5575339,3.8503
5575981,3.8574
5576623,3.8646
5577265,3.8717
5577907,3.8789
5578549,3.8860
5579191,3.8932
5579834,3.9004
5580476,3.9075
5581119,3.9147
5581761,3.9219
5582404,3.9291
5583047,3.9363
5583689,3.9435
5584332,3.9507
5584975,3.9579
5585618,3.9651
5586261,3.9723
5586905,3.9795
5587548,3.9867
5588191,3.9940
5588835,4.0012
5589478,4.0084
5590122,4.0157
5590765,4.0229
5591409,4.0302
5592053,4.0374
5592697,4.0447
5593340,4.0519
5593984,4.0592
5594629,4.0665
5595273,4.0737
5595917,4.0810
5596561,4.0883
5597206,4.0956
5597850,4.1028
5598494,4.1101
5599139,4.1174
5599784,4.1247
5600428,4.1320
5601073,4.1394
5601718,4.1467
5602363,4.1540
5603008,4.1613
5603653,4.1686
5604298,4.1760
5604944,4.1833
5605589,4.1906
5606234,4.1980
5606880,4.2053
5607525,4.2127
5608171,4.2200
5608817,4.2274
5609463,4.2348
5610108,4.2421
5610754,4.2495
5611400,4.2569
5612046,4.2643
5612693,4.2716
5613339,4.2790
5613985,4.2864
5614631,4.2938
5615278,4.3012
5615924,4.3086
5616571,4.3161
5617218,4.3235
5617864,4.3309
5618511,4.3383
5619158,4.3458
5619805,4.3532
5620452,4.3606
5621099,4.3681
5621746,4.3755
5622394,4.3830
5623041,4.3904
5623688,4.3979
5624336,4.4053
5624984,4.4128
5625631,4.4203
5626279,4.4278
5626927,4.4353
5627575,4.4427
5628222,4.4502
5628870,4.4577
5629519,4.4652
5630167,4.4727
5630815,4.4802
5631463,4.4878
5632112,4.4953
5632760,4.5028
5633409,4.5103
5634057,4.5179
5634706,4.5254
5635355,4.5329
5636004,4.5405
5636652,4.5480
5637301,4.5556
5637950,4.5631
5638600,4.5707
5639249,4.5783
5639898,4.5858
5640547,4.5934
5641197,4.6010
5641846,4.6086
5642496,4.6162
5643146,4.6238
5643795,4.6314
5644445,4.6390
5645095,4.6466
5645745,4.6542
5646395,4.6618
5647045,4.6694
5647695,4.6771
5648346,4.6847
5648996,4.6923
5649646,4.7000
5650297,4.7076
5650947,4.7153
5651598,4.7229
5652249,4.7306
5652899,4.7382
5653550,4.7459
5654201,4.7536
5654852,4.7613
5655503,4.7689
5656154,4.7766
5656806,4.7843
5657457,4.7920
5658108,4.7997
5658760,4.8074
5659411,4.8151
5660063,4.8229
5660715,4.8306
5661366,4.8383
5662018,4.8460
5662670,4.8538
5663322,4.8615
5663974,4.8692
5664626,4.8770
5665278,4.8847
5665931,4.8925
5666583,4.9003
5667235,4.9080
5667888,4.9158
5668541,4.9236
5669193,4.9314
5669846,4.9391
5670499,4.9469
5671152,4.9547
5671805,4.9625
5672458,4.9703
5673111,4.9781
5673764,4.9860
5674417,4.9938
5675070,5.0016
5675724,5.0094
5676377,5.0173
5677031,5.0251
5677684,5.0329
5678338,5.0408
5678992,5.0486
5679646,5.0565
5680300,5.0644
5680954,5.0722
5681608,5.0801
5682262,5.0880
5682916,5.0959
5683571,5.1037
5684225,5.1116
5684879,5.1195
5685534,5.1274
5686189,5.1353
5686843,5.1432
5687498,5.1512
5688153,5.1591
5688808,5.1670
5689463,5.1749
5690118,5.1829
5690773,5.1908
5691428,5.1988
5692083,5.2067
5692739,5.2147
5693394,5.2226
5694050,5.2306
5694705,5.2386
5695361,5.2465
5696017,5.2545
5696673,5.2625
5697328,5.2705
5697984,5.2785
5698640,5.2865
5699297,5.2945
5699953,5.3025
5700609,5.3105
5701265,5.3185
5701922,5.3265
5702578,5.3346
5703235,5.3426
5703891,5.3506
5704548,5.3587
5705205,5.3667
5705862,5.3748
5706519,5.3829
5707176,5.3909
5707833,5.3990
5708490,5.4071
5709147,5.4151
5709805,5.4232
5710462,5.4313
5711120,5.4394
5711777,5.4475
5712435,5.4556
5713092,5.4637
5713750,5.4718
5714408,5.4800
5715066,5.4881
5715724,5.4962
5716382,5.5044
5717040,5.5125
5717699,5.5206
5718357,5.5288
5719015,5.5370
5719674,5.5451
5720332,5.5533
5720991,5.5615
5721650,5.5696
5722308,5.5778
5722967,5.5860
5723626,5.5942
5724285,5.6024
5724944,5.6106
5725603,5.6188
5726263,5.6270
5726922,5.6352
5727581,5.6435
5728241,5.6517
5728900,5.6599
5729560,5.6682
5730219,5.6764
5730879,5.6847
5731539,5.6929
5732199,5.7012
5732859,5.7094
5733519,5.7177
5734179,5.7260
5734839,5.7343
5735500,5.7425
5736160,5.7508
5736820,5.7591
5737481,5.7674
5738142,5.7757
5738802,5.7841
5739463,5.7924
5740124,5.8007
5740785,5.8090
5741446,5.8174
5742107,5.8257
5742768,5.8341
5743429,5.8424
5744090,5.8508
5744752,5.8591
5745413,5.8675
5746075,5.8759
5746736,5.8842
5747398,5.8926
5748059,5.9010
5748721,5.9094
5749383,5.9178
5750045,5.9262
5750707,5.9346
5751369,5.9430
5752031,5.9515
5752694,5.9599
5753356,5.9683
5754019,5.9768
5754681,5.9852
5755344,5.9936
5756006,6.0021
5756669,6.0106
5757332,6.0190
5757995,6.0275
5758658,6.0360
5759321,6.0444
5759984,6.0529
5760647,6.0614
5761310,6.0699
5761973,6.0784
5762637,6.0869
5763300,6.0955
5763964,6.1040
5764628,6.1125
5765291,6.1210
5765955,6.1296
5766619,6.1381
5767283,6.1467
5767947,6.1552
5768611,6.1638
5769275,6.1723
5769939,6.1809
5770604,6.1895
5771268,6.1981
5771933,6.2067
5772597,6.2152
5773262,6.2238
5773927,6.2324
5774591,6.2411
5775256,6.2497
5775921,6.2583
5776586,6.2669
5777251,6.2756
5777916,6.2842
5778582,6.2928
5779247,6.3015
5779912,6.3101
5780578,6.3188
5781243,6.3275
5781909,6.3361
5782575,6.3448
5783241,6.3535
5783906,6.3622
5784572,6.3709
5785238,6.3796
5785904,6.3883
5786571,6.3970
5787237,6.4057
5787903,6.4145
5788570,6.4232
5789236,6.4319
5789903,6.4407
5790569,6.4494
5791236,6.4582
5791903,6.4669
5792570,6.4757
5793236,6.4845
5793903,6.4932
5794571,6.5020
5795238,6.5108
5795905,6.5196
5796572,6.5284
5797240,6.5372
5797907,6.5460
5798575,6.5548
5799242,6.5637
5799910,6.5725
5800578,6.5813
5801246,6.5902
5801914,6.5990
5802582,6.6079
5803250,6.6167
5803918,6.6256
5804586,6.6345
5805254,6.6434
5805923,6.6522
5806591,6.6611
5807260,6.6700
5807928,6.6789
5808597,6.6878
5809266,6.6967
5809935,6.7057
5810604,6.7146
5811273,6.7235
5811942,6.7325
5812611,6.7414
5813280,6.7504
5813949,6.7593
5814619,6.7683
5815288,6.7772
5815958,6.7862
5816628,6.7952
5817297,6.8042
5817967,6.8132
5818637,6.8222
5819307,6.8312
5819977,6.8402
5820647,6.8492
5821317,6.8582
5821987,6.8673
5822658,6.8763
5823328,6.8853
5823999,6.8944
5824669,6.9034
5825340,6.9125
5826010,6.9216
5826681,6.9306
5827352,6.9397
5828023,6.9488
5828694,6.9579
5829365,6.9670
5830036,6.9761
5830707,6.9852
5831379,6.9943
5832050,7.0034
5832722,7.0126
5833393,7.0217
5834065,7.0309
5834737,7.0400
5835408,7.0492
5836080,7.0583
5836752,7.0675
5837424,7.0767
5838096,7.0858
5838768,7.0950
5839441,7.1042
5840113,7.1134
5840785,7.1226
5841458,7.1318
5842131,7.1410
5842803,7.1503
5843476,7.1595
5844149,7.1687
5844822,7.1780
5845494,7.1872
5846168,7.1965
5846841,7.2058
5847514,7.2150
5848187,7.2243
5848860,7.2336
5849534,7.2429
5850207,7.2522
5850881,7.2615
5851555,7.2708
5852228,7.2801
5852902,7.2894
5853576,7.2987
5854250,7.3081
5854924,7.3174
5855598,7.3268
5856272,7.3361
5856946,7.3455
5857621,7.3548
5858295,7.3642
5858970,7.3736
5859644,7.3830
5860319,7.3924
5860994,7.4018
5861669,7.4112
5862343,7.4206
5863018,7.4300
5863693,7.4394
5864369,7.4489
5865044,7.4583
5865719,7.4678
5866394,7.4772
5867070,7.4867
5867745,7.4961
5868421,7.5056
5869097,7.5151
5869772,7.5246
5870448,7.5341
5871124,7.5436
5871800,7.5531
5872476,7.5626
5873152,7.5721
5873828,7.5816
5874505,7.5912
5875181,7.6007
5875857,7.6103
5876534,7.6198
5877211,7.6294
5877887,7.6389
5878564,7.6485
5879241,7.6581
5879918,7.6677
5880595,7.6773
5881272,7.6869
5881949,7.6965
5882626,7.7061
5883304,7.7157
5883981,7.7254
5884658,7.7350
5885336,7.7446
5886014,7.7543
5886691,7.7640
5887369,7.7736
5888047,7.7833
5888725,7.7930
5889403,7.8027
5890081,7.8123
5890759,7.8220
5891437,7.8318
5892116,7.8415
5892794,7.8512
5893472,7.8609
5894151,7.8706
5894830,7.8804
5895508,7.8901
5896187,7.8999
5896866,7.9097
5897545,7.9194
5898224,7.9292
5898903,7.9390
5899582,7.9488
5900261,7.9586
5900941,7.9684
5901620,7.9782
5902300,7.9880
5902979,7.9978
5903659,8.0077
5904339,8.0175
5905018,8.0274
5905698,8.0372
5906378,8.0471
5907058,8.0570
5907738,8.0668
5908419,8.0767
5909099,8.0866
5909779,8.0965
5910460,8.1064
5911140,8.1163
5911821,8.1262
5912501,8.1362
5913182,8.1461
5913863,8.1561
5914544,8.1660
5915225,8.1760
5915906,8.1859
5916587,8.1959
5917268,8.2059
5917949,8.2159
5918631,8.2259
5919312,8.2359
5919994,8.2459
5920675,8.2559
5921357,8.2659
5922039,8.2759
5922721,8.2860
5923403,8.2960
5924085,8.3061
5924767,8.3161
5925449,8.3262
5926131,8.3363
5926813,8.3464
5927496,8.3565
5928178,8.3666
5928861,8.3767
5929543,8.3868
5930226,8.3969
5930909,8.4070
5931592,8.4172
5932275,8.4273
5932958,8.4375
5933641,8.4476
5934324,8.4578
5935007,8.4680
5935691,8.4781
5936374,8.4883
5937057,8.4985
5937741,8.5087
5938425,8.5189
5939108,8.5292
5939792,8.5394
5940476,8.5496
5941160,8.5599
5941844,8.5701
5942528,8.5804
5943212,8.5906
5943897,8.6009
5944581,8.6112
5945266,8.6215
5945950,8.6318
5946635,8.6421
5947319,8.6524
5948004,8.6627
5948689,8.6731
5949374,8.6834
5950059,8.6937
5950744,8.7041
5951429,8.7144
5952114,8.7248
5952799,8.7352
5953485,8.7456
5954170,8.7560
5954856,8.7664
5955541,8.7768
5956227,8.7872
5956913,8.7976
5957599,8.8080
5958285,8.8185
5958971,8.8289
5959657,8.8394
5960343,8.8498
5961029,8.8603
5961716,8.8708
5962402,8.8813
5963088,8.8918
5963775,8.9023
5964462,8.9128
5965148,8.9233
5965835,8.9338
5966522,8.9444
5967209,8.9549
5967896,8.9655
5968583,8.9760
5969270,8.9866
5969958,8.9972
5970645,9.0078
5971333,9.0184
5972020,9.0290
5972708,9.0396
5973395,9.0502
5974083,9.0608
5974771,9.0714
5975459,9.0821
5976147,9.0927
5976835,9.1034
5977523,9.1141
5978211,9.1247
5978900,9.1354
5979588,9.1461
5980276,9.1568
5980965,9.1675
5981654,9.1782
5982342,9.1890
5983031,9.1997
5983720,9.2104
5984409,9.2212
5985098,9.2320
5985787,9.2427
5986476,9.2535
5987165,9.2643
5987855,9.2751
5988544,9.2859
5989234,9.2967
5989923,9.3075
5990613,9.3183
5991303,9.3292
5991992,9.3400
5992682,9.3509
5993372,9.3617
5994062,9.3726
5994752,9.3835
5995443,9.3944
5996133,9.4053
5996823,9.4162
5997514,9.4271
5998204,9.4380
5998895,9.4489
5999586,9.4599
6000276,9.4708
6000967,9.4818
6001658,9.4927
6002349,9.5037
6003040,9.5147
6003731,9.5257
6004423,9.5367
6005114,9.5477
6005805,9.5587
6006497,9.5697
6007188,9.5808
6007880,9.5918
6008572,9.6029
6009264,9.6139
6009955,9.6250
6010647,9.6361
6011339,9.6472
6012032,9.6583
6012724,9.6694
6013416,9.6805
6014108,9.6916
6014801,9.7027
6015493,9.7139
6016186,9.7250
6016879,9.7362
6017571,9.7474
6018264,9.7585
6018957,9.7697
6019650,9.7809
6020343,9.7921
6021036,9.8033
6021730,9.8146
6022423,9.8258
6023116,9.8370
6023810,9.8483
6024503,9.8595
6025197,9.8708
6025891,9.8821
6026585,9.8934
6027278,9.9047
6027972,9.9160
6028666,9.9273
6029361,9.9386
6030055,9.9500
6030749,9.9613
6031443,9.9726
6032138,9.9840
6032832,9.9954
6033527,10.0068
6034222,10.0181
6034916,10.0295
6035611,10.0410
6036306,10.0524
6037001,10.0638
6037696,10.0752
6038391,10.0867
6039087,10.0981
6039782,10.1096
6040477,10.1211
6041173,10.1326
6041868,10.1440
6042564,10.1555
6043260,10.1671
6043955,10.1786
6044651,10.1901
6045347,10.2016
6046043,10.2132
6046739,10.2248
6047436,10.2363
6048132,10.2479
6048828,10.2595
6049525,10.2711
6050221,10.2827
6050918,10.2943
6051614,10.3059
6052311,10.3176
6053008,10.3292
6053705,10.3409
6054402,10.3525
6055099,10.3642
6055796,10.3759
6056493,10.3876
6057191,10.3993
6057888,10.4110
6058586,10.4227
6059283,10.4345
6059981,10.4462
6060679,10.4580
6061376,10.4697
6062074,10.4815
6062772,10.4933
6063470,10.5051
6064168,10.5169
6064867,10.5287
6065565,10.5405
6066263,10.5524
6066962,10.5642
6067660,10.5761
6068359,10.5879
6069058,10.5998
6069756,10.6117
6070455,10.6236
6071154,10.6355
6071853,10.6474
6072552,10.6593
6073251,10.6712
6073951,10.6832
6074650,10.6951
6075349,10.7071
6076049,10.7191
6076748,10.7311
6077448,10.7431
6078148,10.7551
6078848,10.7671
6079547,10.7791
6080247,10.7912
6080948,10.8032
6081648,10.8153
6082348,10.8273
6083048,10.8394
6083749,10.8515
6084449,10.8636
6085150,10.8757
6085850,10.8878
6086551,10.8999
6087252,10.9121
6087952,10.9242
6088653,10.9364
6089354,10.9486
6090056,10.9608
6090757,10.9729
6091458,10.9851
6092159,10.9974
6092861,11.0096
6093562,11.0218
6094264,11.0341
6094966,11.0463
6095667,11.0586
6096369,11.0709
6097071,11.0832
6097773,11.0955
6098475,11.1078
6099177,11.1201
6099879,11.1324
6100582,11.1448
6101284,11.1571
6101987,11.1695
6102689,11.1819
6103392,11.1942
6104095,11.2066
6104797,11.2190
6105500,11.2315
6106203,11.2439
6106906,11.2563
6107609,11.2688
6108313,11.2812
6109016,11.2937
6109719,11.3062
6110423,11.3187
6111126,11.3312
6111830,11.3437
6112534,11.3562
6113237,11.3688
6113941,11.3813
6114645,11.3939
6115349,11.4065
6116053,11.4191
6116757,11.4317
6117462,11.4443
6118166,11.4569
6118870,11.4695
6119575,11.4821
6120279,11.4948
6120984,11.5075
6121689,11.5201
6122394,11.5328
6123099,11.5455
6123804,11.5582
6124509,11.5709
6125214,11.5837
6125919,11.5964
6126624,11.6092
6127330,11.6219
6128035,11.6347
6128741,11.6475
6129446,11.6603
6130152,11.6731
6130858,11.6859
6131564,11.6988
6132270,11.7116
6132976,11.7245
6133682,11.7373
6134388,11.7502
6135094,11.7631
6135801,11.7760
6136507,11.7889
6137214,11.8019
6137920,11.8148
6138627,11.8277
6139334,11.8407
6140041,11.8537
6140748,11.8667
6141455,11.8797
6142162,11.8927
6142869,11.9057
6143576,11.9187
6144284,11.9318
6144991,11.9448
6145699,11.9579
6146406,11.9710
6147114,11.9841
6147822,11.9972
6148529,12.0103
6149237,12.0234
6149945,12.0366
6150653,12.0497
6151362,12.0629
6152070,12.0761
6152778,12.0893
6153487,12.1025
6154195,12.1157
6154904,12.1289
6155612,12.1422
6156321,12.1554
6157030,12.1687
6157739,12.1819
6158448,12.1952
6159157,12.2085
6159866,12.2218
6160575,12.2352
6161284,12.2485
6161994,12.2619
6162703,12.2752
6163413,12.2886
6164122,12.3020
6164832,12.3154
6165542,12.3288
6166252,12.3422
6166962,12.3557
6167672,12.3691
6168382,12.3826
6169092,12.3961
6169802,12.4095
6170513,12.4230
6171223,12.4366
6171934,12.4501
6172644,12.4636
6173355,12.4772
6174066,12.4907
6174777,12.5043
6175488,12.5179
6176199,12.5315
6176910,12.5451
6177621,12.5588
6178332,12.5724
6179044,12.5861
6179755,12.5997
6180466,12.6134
6181178,12.6271
6181890,12.6408
6182601,12.6545
6183313,12.6683
6184025,12.6820
6184737,12.6958
6185449,12.7095
6186162,12.7233
6186874,12.7371
6187586,12.7509
6188299,12.7648
6189011,12.7786
6189724,12.7924
6190436,12.8063
6191149,12.8202
6191862,12.8341
6192575,12.8480
6193288,12.8619
6194001,12.8758
6194714,12.8898
6195427,12.9037
6196140,12.9177
6196854,12.9317
6197567,12.9457
6198281,12.9597
6198995,12.9737
6199708,12.9878
6200422,13.0018
6201136,13.0159
6201850,13.0300
6202564,13.0441
6203278,13.0582
6203992,13.0723
6204707,13.0865
6205421,13.1006
6206136,13.1148
6206850,13.1289
6207565,13.1431
6208279,13.1573
6208994,13.1716
6209709,13.1858
6210424,13.2000
6211139,13.2143
6211854,13.2286
6212569,13.2429
6213285,13.2572
6214000,13.2715
6214716,13.2858
6215431,13.3002
6216147,13.3145
6216862,13.3289
6217578,13.3433
6218294,13.3577
6219010,13.3721
6219726,13.3865
6220442,13.4010
6221158,13.4155
6221875,13.4299
6222591,13.4444
6223307,13.4589
6224024,13.4734
6224741,13.4880
6225457,13.5025
6226174,13.5171
6226891,13.5317
6227608,13.5462
6228325,13.5609
6229042,13.5755
6229759,13.5901
6230476,13.6048
6231194,13.6194
6231911,13.6341
6232629,13.6488
6233346,13.6635
6234064,13.6782
6234782,13.6930
6235500,13.7077
6236218,13.7225
6236936,13.7373
6237654,13.7521
6238372,13.7669
6239090,13.7817
6239808,13.7965
6240527,13.8114
6241245,13.8263
6241964,13.8412
6242683,13.8561
6243401,13.8710
6244120,13.8859
6244839,13.9009
6245558,13.9158
6246277,13.9308
6246996,13.9458
6247716,13.9608
6248435,13.9759
6249154,13.9909
6249874,14.0059
6250593,14.0210
6251313,14.0361
6252033,14.0512
6252753,14.0663
6253473,14.0815
6254193,14.0966
6254913,14.1118
6255633,14.1270
6256353,14.1422
6257073,14.1574
6257794,14.1726
6258514,14.1878
6259235,14.2031
6259956,14.2184
6260676,14.2337
6261397,14.2490
6262118,14.2643
6262839,14.2797
6263560,14.2950
6264281,14.3104
6265003,14.3258
6265724,14.3412
6266445,14.3566
6267167,14.3720
6267888,14.3875
6268610,14.4030
6269332,14.4184
6270054,14.4339
6270776,14.4495
6271498,14.4650
6272220,14.4805
6272942,14.4961
6273664,14.5117
6274386,14.5273
6275109,14.5429
6275831,14.5585
6276554,14.5742
6277276,14.5899
6277999,14.6055
6278722,14.6212
6279445,14.6370
6280168,14.6527
6280891,14.6684
6281614,14.6842
6282337,14.7000
6283061,14.7158
6283784,14.7316
6284508,14.7474
6285231,14.7633
6285955,14.7792
6286679,14.7950
6287402,14.8109
6288126,14.8269
6288850,14.8428
6289574,14.8588
6290298,14.8747
6291023,14.8907
6291747,14.9067
6292471,14.9227
6293196,14.9388
6293921,14.9548
6294645,14.9709
6295370,14.9870
6296095,15.0031
6296820,15.0192
6297545,15.0354
6298270,15.0516
6298995,15.0677
6299720,15.0839
6300445,15.1001
6301171,15.1164
6301896,15.1326
6302622,15.1489
6303348,15.1652
6304073,15.1815
6304799,15.1978
6305525,15.2142
6306251,15.2305
6306977,15.2469
6307703,15.2633
6308430,15.2797
6309156,15.2961
6309882,15.3126
6310609,15.3290
6311335,15.3455
6312062,15.3620
6312789,15.3785
6313516,15.3951
6314242,15.4116
6314969,15.4282
6315697,15.4448
6316424,15.4614
6317151,15.4781
6317878,15.4947
6318606,15.5114
6319333,15.5281
6320061,15.5448
6320788,15.5615
6321516,15.5782
6322244,15.5950
6322972,15.6118
6323700,15.6286
6324428,15.6454
6325156,15.6622
6325884,15.6791
6326613,15.6960
6327341,15.7129
6328070,15.7298
6328798,15.7467
6329527,15.7637
6330256,15.7806
6330985,15.7976
6331713,15.8146
6332442,15.8317
6333172,15.8487
6333901,15.8658
6334630,15.8829
6335359,15.9000
6336089,15.9171
6336818,15.9343
6337548,15.9514
6338278,15.9686
6339007,15.9858
6339737,16.0030
6340467,16.0203
6341197,16.0375
6341927,16.0548
6342657,16.0721
6343388,16.0895
6344118,16.1068
6344848,16.1242
6345579,16.1415
6346310,16.1590
6347040,16.1764
6347771,16.1938
6348502,16.2113
6349233,16.2288
6349964,16.2463
6350695,16.2638
6351426,16.2813
6352157,16.2989
6352889,16.3165
6353620,16.3341
6354352,16.3517
6355083,16.3694
6355815,16.3871
6356547,16.4047
6357279,16.4225
6358011,16.4402
6358743,16.4579
6359475,16.4757
6360207,16.4935
6360939,16.5113
6361672,16.5292
6362404,16.5470
6363137,16.5649
6363869,16.5828
6364602,16.6007
6365335,16.6187
6366068,16.6366
6366801,16.6546
6367534,16.6726
6368267,16.6906
6369000,16.7087
6369733,16.7268
6370467,16.7448
6371200,16.7630
6371934,16.7811
6372667,16.7993
6373401,16.8174
6374135,16.8356
6374869,16.8539
6375603,16.8721
6376337,16.8904
6377071,16.9087
6377805,16.9270
6378540,16.9453
6379274,16.9636
6380008,16.9820
6380743,17.0004
6381478,17.0188
6382212,17.0373
6382947,17.0558
6383682,17.0742
6384417,17.0928
6385152,17.1113
6385887,17.1298
6386623,17.1484
6387358,17.1670
6388093,17.1856
6388829,17.2043
6389564,17.2230
6390300,17.2417
6391036,17.2604
6391772,17.2791
6392508,17.2979
6393244,17.3166
6393980,17.3355
6394716,17.3543
6395452,17.3731
6396189,17.3920
6396925,17.4109
6397661,17.4298
6398398,17.4488
6399135,17.4678
6399872,17.4868
6400608,17.5058
6401345,17.5248
6402082,17.5439
6402819,17.5630
6403557,17.5821
6404294,17.6012
6405031,17.6204
6405769,17.6396
6406506,17.6588
6407244,17.6780
6407982,17.6973
6408719,17.7165
6409457,17.7358
6410195,17.7552
6410933,17.7745
6411671,17.7939
6412410,17.8133
6413148,17.8327
6413886,17.8522
6414625,17.8717
6415363,17.8912
6416102,17.9107
6416841,17.9302
6417579,17.9498
6418318,17.9694
6419057,17.9890
6419796,18.0087
6420536,18.0284
6421275,18.0481
6422014,18.0678
6422754,18.0875
6423493,18.1073
6424233,18.1271
6424972,18.1469
6425712,18.1668
6426452,18.1867
6427192,18.2066
6427932,18.2265
6428672,18.2465
6429412,18.2664
6430152,18.2864
6430893,18.3065
6431633,18.3265
6432374,18.3466
6433114,18.3667
6433855,18.3869
6434596,18.4070
6435336,18.4272
6436077,18.4474
6436818,18.4677
6437559,18.4879
6438301,18.5082
6439042,18.5286
6439783,18.5489
6440525,18.5693
6441266,18.5897
6442008,18.6101
6442750,18.6306
6443491,18.6511
6444233,18.6716
6444975,18.6921
6445717,18.7127
6446459,18.7333
6447202,18.7539
6447944,18.7745
6448686,18.7952
6449429,18.8159
6450171,18.8366
6450914,18.8574
6451657,18.8782
6452400,18.8990
6453142,18.9198
6453885,18.9407
6454629,18.9616
6455372,18.9825
6456115,19.0034
6456858,19.0244
6457602,19.0454
6458345,19.0665
6459089,19.0875
6459832,19.1086
6460576,19.1297
6461320,19.1509
6462064,19.1721
6462808,19.1933
6463552,19.2145
6464296,19.2358
6465041,19.2571
6465785,19.2784
6466529,19.2997
6467274,19.3211
6468019,19.3425
6468763,19.3640
6469508,19.3854
6470253,19.4069
6470998,19.4285
6471743,19.4500
6472488,19.4716
6473233,19.4932
6473979,19.5149
6474724,19.5366
6475469,19.5583
6476215,19.5800
6476961,19.6018
6477706,19.6236
6478452,19.6454
6479198,19.6672
6479944,19.6891
6480690,19.7110
6481436,19.7330
6482183,19.7550
6482929,19.7770
6483675,19.7990
6484422,19.8211
6485168,19.8432
6485915,19.8653
6486662,19.8875
6487409,19.9097
6488156,19.9319
6488903,19.9542
6489650,19.9764
6490397,19.9988
6491144,20.0211
6491892,20.0435
6492639,20.0659
6493387,20.0884
6494134,20.1108
6494882,20.1334
6495630,20.1559
6496378,20.1785
6497125,20.2011
6497874,20.2237
6498622,20.2464
6499370,20.2691
6500118,20.2918
6500867,20.3146
6501615,20.3374
6502364,20.3602
6503112,20.3831
6503861,20.4060
6504610,20.4289
6505359,20.4519
6506108,20.4749
6506857,20.4979
6507606,20.5210
6508355,20.5441
6509105,20.5672
6509854,20.5904
6510604,20.6136
6511353,20.6368
6512103,20.6601
6512853,20.6834
6513603,20.7067
6514352,20.7301
6515103,20.7535
6515853,20.7769
6516603,20.8004
6517353,20.8239
6518104,20.8475
6518854,20.8710
6519605,20.8947
6520355,20.9183
6521106,20.9420
6521857,20.9657
6522608,20.9895
6523359,21.0132
6524110,21.0371
6524861,21.0609
6525612,21.0848
6526363,21.1087
6527115,21.1327
6527866,21.1567
6528618,21.1807
6529370,21.2048
6530121,21.2289
6530873,21.2531
6531625,21.2772
6532377,21.3015
6533129,21.3257
6533882,21.3500
6534634,21.3743
6535386,21.3987
6536139,21.4231
6536891,21.4475
6537644,21.4720
6538397,21.4965
6539149,21.5211
6539902,21.5456
6540655,21.5703
6541408,21.5949
6542161,21.6196
6542915,21.6444
6543668,21.6691
6544421,21.6940
6545175,21.7188
6545928,21.7437
6546682,21.7686
6547436,21.7936
6548190,21.8186
6548944,21.8436
6549698,21.8687
6550452,21.8938
6551206,21.9190
6551960,21.9442
6552715,21.9694
6553469,21.9947
6554224,22.0200
6554978,22.0454
6555733,22.0708
6556488,22.0962
6557243,22.1217
6557998,22.1472
6558753,22.1727
6559508,22.1983
6560263,22.2240
6561018,22.2496
6561774,22.2753
6562529,22.3011
6563285,22.3269
6564041,22.3527
6564796,22.3786
6565552,22.4045
6566308,22.4305
6567064,22.4565
6567820,22.4825
6568576,22.5086
6569333,22.5347
6570089,22.5609
6570845,22.5871
6571602,22.6133
6572359,22.6396
6573115,22.6660
6573872,22.6923
6574629,22.7188
6575386,22.7452
6576143,22.7717
6576900,22.7983
6577657,22.8249
6578415,22.8515
6579172,22.8782
6579930,22.9049
6580687,22.9316
6581445,22.9584
6582203,22.9853
6582961,23.0122
6583719,23.0391
6584477,23.0661
6585235,23.0931
6585993,23.1202
6586751,23.1473
6587510,23.1745
6588268,23.2017
6589027,23.2289
6589785,23.2562
6590544,23.2835
6591303,23.3109
6592062,23.3383
6592821,23.3658
6593580,23.3933
6594339,23.4209
6595098,23.4485
6595857,23.4762
6596617,23.5039
6597376,23.5316
6598136,23.5594
6598896,23.5872
6599655,23.6151
6600415,23.6430
6601175,23.6710
6601935,23.6990
6602695,23.7271
6603455,23.7552
6604216,23.7834
6604976,23.8116
6605737,23.8399
6606497,23.8682
6607258,23.8966
6608019,23.9250
6608779,23.9534
6609540,23.9819
6610301,24.0105
6611062,24.0391
6611824,24.0677
6612585,24.0964
6613346,24.1251
6614108,24.1539
6614869,24.1828
6615631,24.2117
6616392,24.2406
6617154,24.2696
6617916,24.2987
6618678,24.3277
6619440,24.3569
6620202,24.3861
6620964,24.4153
6621727,24.4446
6622489,24.4740
6623252,24.5034
6624014,24.5328
6624777,24.5623
6625540,24.5919
6626302,24.6215
6627065,24.6511
6627828,24.6808
6628591,24.7106
6629355,24.7404
6630118,24.7702
6630881,24.8001
6631645,24.8301
6632408,24.8601
6633172,24.8902
6633936,24.9203
6634699,24.9505
6635463,24.9807
6636227,25.0110
6636991,25.0414
6637756,25.0717
6638520,25.1022
6639284,25.1327
6640049,25.1632
6640813,25.1938
6641578,25.2245
6642342,25.2552
6643107,25.2860
6643872,25.3168
6644637,25.3477
6645402,25.3786
6646167,25.4096
6646932,25.4407
6647698,25.4718
6648463,25.5030
6649228,25.5342
6649994,25.5655
6650760,25.5968
6651525,25.6282
6652291,25.6596
6653057,25.6911
6653823,25.7227
6654589,25.7543
6655355,25.7860
6656122,25.8177
6656888,25.8495
6657655,25.8813
6658421,25.9132
6659188,25.9452
6659954,25.9772
6660721,26.0093
6661488,26.0415
6662255,26.0737
6663022,26.1059
6663789,26.1382
6664557,26.1706
6665324,26.2031
6666091,26.2356
6666859,26.2681
6667626,26.3007
6668394,26.3334
6669162,26.3662
6669930,26.3990
6670698,26.4318
6671466,26.4648
6672234,26.4977
6673002,26.5308
6673770,26.5639
6674539,26.5971
6675307,26.6303
6676076,26.6636
6676844,26.6970
6677613,26.7304
6678382,26.7639
6679151,26.7974
6679920,26.8310
6680689,26.8647
6681458,26.8985
6682227,26.9323
6682997,26.9661
6683766,27.0001
6684536,27.0341
6685305,27.0681
6686075,27.1023
6686845,27.1365
6687615,27.1707
6688385,27.2050
6689155,27.2394
6689925,27.2739
6690695,27.3084
6691466,27.3430
6692236,27.3777
6693007,27.4124
6693777,27.4472
6694548,27.4820
6695319,27.5169
6696090,27.5519
6696861,27.5870
6697632,27.6221
6698403,27.6573
6699174,27.6926
6699945,27.7279
6700717,27.7633
6701488,27.7988
6702260,27.8343
6703031,27.8699
6703803,27.9056
6704575,27.9414
6705347,27.9772
6706119,28.0131
6706891,28.0490
6707663,28.0851
6708436,28.1212
6709208,28.1573
6709980,28.1936
6710753,28.2299
6711526,28.2663
6712298,28.3027
6713071,28.3393
6713844,28.3759
6714617,28.4125
6715390,28.4493
6716163,28.4861
6716937,28.5230
6717710,28.5600
6718483,28.5970
6719257,28.6341
6720031,28.6713
6720804,28.7086
6721578,28.7459
6722352,28.7833
6723126,28.8208
6723900,28.8584
6724674,28.8960
6725449,28.9338
6726223,28.9715
6726997,29.0094
6727772,29.0474
6728546,29.0854
6729321,29.1235
6730096,29.1616
6730871,29.1999
6731646,29.2382
6732421,29.2766
6733196,29.3151
6733971,29.3537
6734747,29.3923
6735522,29.4310
6736297,29.4698
6737073,29.5087
6737849,29.5477
6738624,29.5867
6739400,29.6258
6740176,29.6650
6740952,29.7043
6741728,29.7436
6742505,29.7831
6743281,29.8226
6744057,29.8622
6744834,29.9018
6745610,29.9416
6746387,29.9814
6747164,30.0214
6747941,30.0614
6748718,30.1014
6749495,30.1416
6750272,30.1819
6751049,30.2222
6751826,30.2626
6752604,30.3031
6753381,30.3437
6754159,30.3844
6754936,30.4251
6755714,30.4659
6756492,30.5069
6757270,30.5479
6758048,30.5890
6758826,30.6301
6759604,30.6714
6760382,30.7127
6761161,30.7542
6761939,30.7957
6762718,30.8373
6763496,30.8790
6764275,30.9208
6765054,30.9626
6765833,31.0046
6766612,31.0466
6767391,31.0887
6768170,31.1309
6768949,31.1732
6769729,31.2156
6770508,31.2581
6771288,31.3007
6772067,31.3433
6772847,31.3860
6773627,31.4289
6774407,31.4718
6775187,31.5148
6775967,31.5579
6776747,31.6011
6777527,31.6444
6778307,31.6877
6779088,31.7312
6779868,31.7747
6780649,31.8184
6781430,31.8621
6782210,31.9059
6782991,31.9498
6783772,31.9938
6784553,32.0379
6785334,32.0821
6786116,32.1264
6786897,32.1708
6787678,32.2152
6788460,32.2598
6789241,32.3044
6790023,32.3492
6790805,32.3940
6791587,32.4389
6792369,32.4839
6793151,32.5291
6793933,32.5743
6794715,32.6196
6795497,32.6650
6796280,32.7104
6797062,32.7560
6797845,32.8017
6798628,32.8475
6799410,32.8933
6800193,32.9393
6800976,32.9853
6801759,33.0315
6802542,33.0777
6803326,33.1241
6804109,33.1705
6804892,33.2170
6805676,33.2636
6806459,33.3104
6807243,33.3572
6808027,33.4041
6808811,33.4511
6809595,33.4982
6810379,33.5454
6811163,33.5927
6811947,33.6401
6812731,33.6876
6813516,33.7351
6814300,33.7828
6815085,33.8306
6815869,33.8784
6816654,33.9264
6817439,33.9745
6818224,34.0226
6819009,34.0709
6819794,34.1192
6820579,34.1677
6821364,34.2162
6822150,34.2649
6822935,34.3136
6823721,34.3624
6824507,34.4113
6825292,34.4604
6826078,34.5095
6826864,34.5587
6827650,34.6080
6828436,34.6574
6829222,34.7069
6830009,34.7565
6830795,34.8062
6831582,34.8560
6832368,34.9059
6833155,34.9558
6833941,35.0059
6834728,35.0561
6835515,35.1063
6836302,35.1567
6837089,35.2071
6837877,35.2577
6838664,35.3083
6839451,35.3590
6840239,35.4099
6841026,35.4608
6841814,35.5118
6842602,35.5629
6843389,35.6141
6844177,35.6654
6844965,35.7167
6845753,35.7682
6846542,35.8198
6847330,35.8714
6848118,35.9231
6848907,35.9750
6849695,36.0269
6850484,36.0789
6851273,36.1310
6852062,36.1832
6852850,36.2355
6853639,36.2878
6854429,36.3403
6855218,36.3928
6856007,36.4454
6856796,36.4981
6857586,36.5509
6858375,36.6038
6859165,36.6568
6859955,36.7098
6860745,36.7629
6861535,36.8161
6862325,36.8694
6863115,36.9228
6863905,36.9762
6864695,37.0297
6865486,37.0834
6866276,37.1370
6867067,37.1908
6867857,37.2446
6868648,37.2985
6869439,37.3525
6870230,37.4066
6871021,37.4607
6871812,37.5149
6872603,37.5692
6873394,37.6235
6874186,37.6779
6874977,37.7324
6875769,37.7869
6876560,37.8415
6877352,37.8962
6878144,37.9509
6878936,38.0057
6879728,38.0606
6880520,38.1155
6881312,38.1704
6882104,38.2255
6882897,38.2805
6883689,38.3357
6884482,38.3909
6885274,38.4461
6886067,38.5014
6886860,38.5567
6887653,38.6121
6888446,38.6675
6889239,38.7230
6890032,38.7785
6890826,38.8340
6891619,38.8896
6892412,38.9452
6893206,39.0009
6894000,39.0565
6894793,39.1123
6895587,39.1680
6896381,39.2238
6897175,39.2795
6897969,39.3354
6898763,39.3912
6899558,39.4470
6900352,39.5029
6901147,39.5588
6901941,39.6146
6902736,39.6705
6903531,39.7264
6904325,39.7823
6905120,39.8382
6905915,39.8941
6906711,39.9500
6907506,40.0059
6908301,40.0617
6909096,40.1176
6909892,40.1734
6910688,40.2292
6911483,40.2850
6912279,40.3408
6913075,40.3965
6913871,40.4522
6914667,40.5079
6915463,40.5635
6916259,40.6191
6917055,40.6746
6917852,40.7301
6918648,40.7855
6919445,40.8409
6920242,40.8962
6921038,40.9515
6921835,41.0066
6922632,41.0617
6923429,41.1168
6924226,41.1717
6925024,41.2265
6925821,41.2813
6926618,41.3360
6927416,41.3906
6928213,41.4450
6929011,41.4994
6929809,41.5536
6930607,41.6077
6931405,41.6617
6932203,41.7156
6933001,41.7694
6933799,41.8230
6934597,41.8764
6935396,41.9297
6936194,41.9829
6936993,42.0359
6937792,42.0887
6938590,42.1414
6939389,42.1938
6940188,42.2461
6940987,42.2982
6941787,42.3502
6942586,42.4019
6943385,42.4534
6944185,42.5047
6944984,42.5558
6945784,42.6066
6946583,42.6572
6947383,42.7076
6948183,42.7577
6948983,42.8076
6949783,42.8572
6950583,42.9066
6951384,42.9557
6952184,43.0045
6952984,43.0530
6953785,43.1012
6954586,43.1491
6955386,43.1967
6956187,43.2440
6956988,43.2910
6957789,43.3376
6958590,43.3839
6959391,43.4299
6960193,43.4755
6960994,43.5207
6961795,43.5656
6962597,43.6101
6963399,43.6542
6964200,43.6979
6965002,43.7412
6965804,43.7841
6966606,43.8265
6967408,43.8686
6968210,43.9102
6969013,43.9513
6969815,43.9921
6970618,44.0323
6971420,44.0721
6972223,44.1114
6973026,44.1502
6973828,44.1886
6974631,44.2264
6975434,44.2637
6976237,44.3005
6977041,44.3368
6977844,44.3725
6978647,44.4077
6979451,44.4423
6980254,44.4764
6981058,44.5099
6981862,44.5428
6982666,44.5752
6983470,44.6069
6984274,44.6381
6985078,44.6686
6985882,44.6985
6986686,44.7278
6987491,44.7565
6988295,44.7845
6989100,44.8119
6989905,44.8386
6990709,44.8647
6991514,44.8901
6992319,44.9148
6993124,44.9388
6993930,44.9621
6994735,44.9848
6995540,45.0067
6996346,45.0279
6997151,45.0484
6997957,45.0682
6998762,45.0872
6999568,45.1056
7000374,45.1231
7001180,45.1399
7001986,45.1560
7002792,45.1713
7003599,45.1859
7004405,45.1997
7005212,45.2127
7006018,45.2249
7006825,45.2364
7007631,45.2471
7008438,45.2570
7009245,45.2661
7010052,45.2744
7010859,45.2819
7011667,45.2886
7012474,45.2945
7013281,45.2997
7014089,45.3040
7014896,45.3075
7015704,45.3102
7016512,45.3120
7017320,45.3131
7018128,45.3134
7018936,45.3128
7019744,45.3115
7020552,45.3093
7021360,45.3063
7022169,45.3025
7022977,45.2979
7023786,45.2925
7024594,45.2863
7025403,45.2793
7026212,45.2715
7027021,45.2628
7027830,45.2534
7028639,45.2432
7029449,45.2322
7030258,45.2204
7031067,45.2078
7031877,45.1944
7032686,45.1802
7033496,45.1653
7034306,45.1495
7035116,45.1331
7035926,45.1158
7036736,45.0978
7037546,45.0791
7038356,45.0595
7039167,45.0393
7039977,45.0183
7040788,44.9966
7041598,44.9741
7042409,44.9509
7043220,44.9270
7044031,44.9024
7044842,44.8771
7045653,44.8511
7046464,44.8244
7047276,44.7970
7048087,44.7690
7048898,44.7403
7049710,44.7109
7050522,44.6808
7051333,44.6501
7052145,44.6188
7052957,44.5868
7053769,44.5543
7054581,44.5210
7055394,44.4872
7056206,44.4528
7057018,44.4178
7057831,44.3822
7058644,44.3460
7059456,44.3093
7060269,44.2719
7061082,44.2341
7061895,44.1956
7062708,44.1567
7063521,44.1172
7064334,44.0772
7065148,44.0366
7065961,43.9956
7066775,43.9541
7067588,43.9121
7068402,43.8695
7069216,43.8266
7070030,43.7831
7070844,43.7392
7071658,43.6948
7072472,43.6500
7073287,43.6048
7074101,43.5591
7074915,43.5131
7075730,43.4666
7076545,43.4197
7077359,43.3724
7078174,43.3247
7078989,43.2766
7079804,43.2282
7080619,43.1794
7081435,43.1302
7082250,43.0807
7083065,43.0309
7083881,42.9807
7084697,42.9302
7085512,42.8793
7086328,42.8282
7087144,42.7767
7087960,42.7250
7088776,42.6729
7089592,42.6206
7090408,42.5679
7091225,42.5151
7092041,42.4619
7092858,42.4085
7093674,42.3548
7094491,42.3009
7095308,42.2467
7096125,42.1923
7096942,42.1377
7097759,42.0829
7098576,42.0278
7099394,41.9726
7100211,41.9171
7101028,41.8614
7101846,41.8055
7102664,41.7495
7103482,41.6933
7104299,41.6368
7105117,41.5803
7105935,41.5235
7106754,41.4666
7107572,41.4096
7108390,41.3523
7109209,41.2950
7110027,41.2375
7110846,41.1799
7111664,41.1221
7112483,41.0642
7113302,41.0062
7114121,40.9481
7114940,40.8898
7115759,40.8315
7116579,40.7731
7117398,40.7145
7118218,40.6559
7119037,40.5971
7119857,40.5383
7120676,40.4794
7121496,40.4204
7122316,40.3614
7123136,40.3023
7123956,40.2431
7124777,40.1838
7125597,40.1245
7126417,40.0651
7127238,40.0057
7128058,39.9462
7128879,39.8867
7129700,39.8271
7130521,39.7675
7131342,39.7079
7132163,39.6482
7132984,39.5885
7133805,39.5288
7134627,39.4690
7135448,39.4093
7136270,39.3495
7137091,39.2897
7137913,39.2298
7138735,39.1700
7139557,39.1102
7140379,39.0503
7141201,38.9905
7142023,38.9306
7142845,38.8708
7143668,38.8109
7144490,38.7511
7145313,38.6913
7146136,38.6314
7146958,38.5716
7147781,38.5118
7148604,38.4521
7149427,38.3923
7150250,38.3326
7151074,38.2729
7151897,38.2132
7152720,38.1536
7153544,38.0939
7154368,38.0344
7155191,37.9748
7156015,37.9153
7156839,37.8558
7157663,37.7963
7158487,37.7369
7159311,37.6776
7160136,37.6182
7160960,37.5590
7161785,37.4997
7162609,37.4405
7163434,37.3814
7164259,37.3223
7165083,37.2633
7165908,37.2043
7166733,37.1453
7167559,37.0865
7168384,37.0277
7169209,36.9689
7170035,36.9102
7170860,36.8515
7171686,36.7930
7172512,36.7344
7173337,36.6760
7174163,36.6176
7174989,36.5593
7175815,36.5010
7176642,36.4428
7177468,36.3847
7178294,36.3266
7179121,36.2686
7179947,36.2107
7180774,36.1529
7181601,36.0951
7182428,36.0374
7183255,35.9798
7184082,35.9222
7184909,35.8647
7185736,35.8073
7186563,35.7500
7187391,35.6927
7188218,35.6356
7189046,35.5785
7189874,35.5215
7190701,35.4645
7191529,35.4077
7192357,35.3509
7193185,35.2942
7194014,35.2376
7194842,35.1811
7195670,35.1246
7196499,35.0683
7197327,35.0120
7198156,34.9558
7198985,34.8997
7199814,34.8437
7200643,34.7877
7201472,34.7319
7202301,34.6761
7203130,34.6205
7203959,34.5649
7204789,34.5094
7205618,34.4539
7206448,34.3986
7207278,34.3434
7208107,34.2882
7208937,34.2332
7209767,34.1782
7210598,34.1233
7211428,34.0685
7212258,34.0138
7213088,33.9592
7213919,33.9047
7214749,33.8502
7215580,33.7959
7216411,33.7416
7217242,33.6875
7218073,33.6334
7218904,33.5794
7219735,33.5255
7220566,33.4717
7221398,33.4180
7222229,33.3644
7223061,33.3109
7223892,33.2575
7224724,33.2041
7225556,33.1509
7226388,33.0977
7227220,33.0446
7228052,32.9917
7228884,32.9388
7229716,32.8860
7230549,32.8333
7231381,32.7807
7232214,32.7282
7233046,32.6758
7233879,32.6235
7234712,32.5712
7235545,32.5191
7236378,32.4670
7237211,32.4151
7238045,32.3632
7238878,32.3115
7239711,32.2598
7240545,32.2082
7241379,32.1567
7242212,32.1053
7243046,32.0540
7243880,32.0028
7244714,31.9516
7245548,31.9006
7246383,31.8497
7247217,31.7988
7248051,31.7481
7248886,31.6974
7249720,31.6468
7250555,31.5963
7251390,31.5459
7252225,31.4956
7253060,31.4454
7253895,31.3953
7254730,31.3453
7255565,31.2953
7256401,31.2455
7257236,31.1957
7258072,31.1461
7258907,31.0965
7259743,31.0470
7260579,30.9976
7261415,30.9483
7262251,30.8991
7263087,30.8500
7263923,30.8009
7264760,30.7520
7265596,30.7031
7266433,30.6544
7267269,30.6057
7268106,30.5571
7268943,30.5086
7269780,30.4602
7270617,30.4119
7271454,30.3636
7272291,30.3155
7273128,30.2674
7273966,30.2194
7274803,30.1716
7275641,30.1238
7276479,30.0760
7277316,30.0284
7278154,29.9809
7278992,29.9334
7279830,29.8861
7280668,29.8388
7281507,29.7916
7282345,29.7445
7283184,29.6975
7284022,29.6505
7284861,29.6037
7285699,29.5569
7286538,29.5102
7287377,29.4636
7288216,29.4171
7289055,29.3707
7289895,29.3244
7290734,29.2781
7291573,29.2319
7292413,29.1858
7293253,29.1398
7294092,29.0939
7294932,29.0481
7295772,29.0023
7296612,28.9566
7297452,28.9110
7298292,28.8655
7299133,28.8201
7299973,28.7748
7300814,28.7295
7301654,28.6843
7302495,28.6392
7303336,28.5942
7304176,28.5492
7305017,28.5044
7305858,28.4596
7306700,28.4149
7307541,28.3703
7308382,28.3257
7309224,28.2813
7310065,28.2369
7310907,28.1926
7311749,28.1484
7312591,28.1042
7313432,28.0602
7314274,28.0162
7315117,27.9723
7315959,27.9284
7316801,27.8847
7317644,27.8410
7318486,27.7974
7319329,27.7539
7320171,27.7104
7321014,27.6671
7321857,27.6238
7322700,27.5806
7323543,27.5374
7324387,27.4944
7325230,27.4514
7326073,27.4085
7326917,27.3656
7327760,27.3229
7328604,27.2802
7329448,27.2375
7330292,27.1950
7331136,27.1525
7331980,27.1101
7332824,27.0678
7333668,27.0256
7334513,26.9834
7335357,26.9413
7336202,26.8993
7337046,26.8573
7337891,26.8154
7338736,26.7736
7339581,26.7319
7340426,26.6902
7341271,26.6486
7342116,26.6071
7342962,26.5657
7343807,26.5243
7344653,26.4830
7345498,26.4417
7346344,26.4006
7347190,26.3595
7348036,26.3184
7348882,26.2775
7349728,26.2366
7350574,26.1958
7351420,26.1550
7352267,26.1143
7353113,26.0737
7353960,26.0332
7354807,25.9927
7355653,25.9523
7356500,25.9119
7357347,25.8717
7358194,25.8315
7359042,25.7913
7359889,25.7512
7360736,25.7112
7361584,25.6713
7362431,25.6314
7363279,25.5916
7364127,25.5519
7364975,25.5122
7365823,25.4726
7366671,25.4330
7367519,25.3936
7368367,25.3541
7369215,25.3148
7370064,25.2755
7370912,25.2363
7371761,25.1971
7372610,25.1580
7373459,25.1190
7374308,25.0801
7375157,25.0412
7376006,25.0023
7376855,24.9635
7377704,24.9248
7378554,24.8862
7379403,24.8476
7380253,24.8091
7381103,24.7706
7381953,24.7322
7382803,24.6939
7383653,24.6556
7384503,24.6174
7385353,24.5792
7386203,24.5411
7387054,24.5031
7387904,24.4651
7388755,24.4272
7389606,24.3894
7390456,24.3516
7391307,24.3138
7392158,24.2762
7393009,24.2386
7393861,24.2010
7394712,24.1635
7395563,24.1261
7396415,24.0887
7397266,24.0514
7398118,24.0141
7398970,23.9769
7399822,23.9398
7400674,23.9027
7401526,23.8657
7402378,23.8287
7403230,23.7918
7404083,23.7550
7404935,23.7182
7405788,23.6814
7406640,23.6447
7407493,23.6081
7408346,23.5715
7409199,23.5350
7410052,23.4986
7410905,23.4622
7411758,23.4258
7412612,23.3895
7413465,23.3533
7414319,23.3171
7415172,23.2810
7416026,23.2449
7416880,23.2089
7417734,23.1729
7418588,23.1370
7419442,23.1012
7420296,23.0654
7421151,23.0296
7422005,22.9939
7422860,22.9583
7423714,22.9227
7424569,22.8872
7425424,22.8517
7426279,22.8163
7427134,22.7809
7427989,22.7456
7428844,22.7103
7429700,22.6751
7430555,22.6399
7431411,22.6048
7432266,22.5697
7433122,22.5347
7433978,22.4998
7434834,22.4649
7435690,22.4300
7436546,22.3952
7437402,22.3605
7438258,22.3257
7439115,22.2911
7439971,22.2565
7440828,22.2219
7441685,22.1874
7442541,22.1530
7443398,22.1186
7444255,22.0842
7445112,22.0499
7445970,22.0157
7446827,21.9815
7447684,21.9473
7448542,21.9132
7449399,21.8791
7450257,21.8451
7451115,21.8112
7451973,21.7772
7452831,21.7434
7453689,21.7096
7454547,21.6758
7455405,21.6421
7456264,21.6084
7457122,21.5748
7457981,21.5412
7458839,21.5076
7459698,21.4742
7460557,21.4407
7461416,21.4073
7462275,21.3740
7463134,21.3407
7463994,21.3074
7464853,21.2742
7465712,21.2410
7466572,21.2079
7467432,21.1749
7468291,21.1418
7469151,21.1089
7470011,21.0759
7470871,21.0430
7471731,21.0102
7472592,20.9774
7473452,20.9446
7474313,20.9119
7475173,20.8792
7476034,20.8466
7476895,20.8140
7477755,20.7815
7478616,20.7490
7479477,20.7166
7480339,20.6842
7481200,20.6518
7482061,20.6195
7482923,20.5872
7483784,20.5550
7484646,20.5228
7485508,20.4907
7486369,20.4586
7487231,20.4265
7488093,20.3945
7488956,20.3625
7489818,20.3306
7490680,20.2987
7491543,20.2668
7492405,20.2350
7493268,20.2033
7494131,20.1715
7494993,20.1399
7495856,20.1082
7496719,20.0766
7497583,20.0451
7498446,20.0136
7499309,19.9821
7500173,19.9506
7501036,19.9192
7501900,19.8879
7502763,19.8566
7503627,19.8253
7504491,19.7941
7505355,19.7629
7506219,19.7317
7507084,19.7006
7507948,19.6695
7508812,19.6385
7509677,19.6075
7510542,19.5766
7511406,19.5456
7512271,19.5148
7513136,19.4839
7514001,19.4531
7514866,19.4224
7515731,19.3916
7516597,19.3610
7517462,19.3303
7518328,19.2997
7519193,19.2691
7520059,19.2386
7520925,19.2081
7521791,19.1777
7522657,19.1473
7523523,19.1169
7524389,19.0865
7525256,19.0562
7526122,19.0260
7526989,18.9957
7527855,18.9655
7528722,18.9354
7529589,18.9053
7530456,18.8752
7531323,18.8451
7532190,18.8151
7533057,18.7852
7533924,18.7552
7534792,18.7253
7535659,18.6955
7536527,18.6656
7537395,18.6358
7538262,18.6061
7539130,18.5764
7539998,18.5467
7540867,18.5170
7541735,18.4874
7542603,18.4578
7543472,18.4283
7544340,18.3988
7545209,18.3693
7546077,18.3399
7546946,18.3105
7547815,18.2811
7548684,18.2518
7549553,18.2225
7550423,18.1932
7551292,18.1640
7552161,18.1348
7553031,18.1056
7553900,18.0765
7554770,18.0474
7555640,18.0183
7556510,17.9893
7557380,17.9603
7558250,17.9313
7559120,17.9024
7559991,17.8735
7560861,17.8446
7561732,17.8158
7562602,17.7870
7563473,17.7583
7564344,17.7295
7565215,17.7008
7566086,17.6722
7566957,17.6435
7567828,17.6149
7568699,17.5864
7569571,17.5578
7570442,17.5293
7571314,17.5009
7572186,17.4724
7573058,17.4440
7573929,17.4157
7574801,17.3873
7575674,17.3590
7576546,17.3307
7577418,17.3025
7578291,17.2743
7579163,17.2461
7580036,17.2179
7580908,17.1898
7581781,17.1617
7582654,17.1336
7583527,17.1056
7584400,17.0776
7585274,17.0497
7586147,17.0217
7587020,16.9938
7587894,16.9659
7588768,16.9381
7589641,16.9103
7590515,16.8825
7591389,16.8547
7592263,16.8270
7593137,16.7993
7594012,16.7716
7594886,16.7440
7595760,16.7164
7596635,16.6888
7597510,16.6613
7598384,16.6337
7599259,16.6063
7600134,16.5788
7601009,16.5514
7601884,16.5240
7602760,16.4966
7603635,16.4692
7604510,16.4419
7605386,16.4146
7606262,16.3874
7607137,16.3602
7608013,16.3330
7608889,16.3058
7609765,16.2786
7610641,16.2515
7611518,16.2244
7612394,16.1974
7613270,16.1703
7614147,16.1433
7615024,16.1164
7615900,16.0894
7616777,16.0625
7617654,16.0356
7618531,16.0087
7619408,15.9819
7620286,15.9551
7621163,15.9283
7622041,15.9015
7622918,15.8748
7623796,15.8481
7624674,15.8214
7625551,15.7948
7626429,15.7682
7627307,15.7416
7628186,15.7150
7629064,15.6885
7629942,15.6619
7630821,15.6355
7631699,15.6090
7632578,15.5826
7633457,15.5562
7634336,15.5298
7635215,15.5034
7636094,15.4771
7636973,15.4508
7637852,15.4245
7638732,15.3982
7639611,15.3720
7640491,15.3458
7641370,15.3196
7642250,15.2935
7643130,15.2674
7644010,15.2413
7644890,15.2152
7645770,15.1891
7646651,15.1631
7647531,15.1371
7648412,15.1111
7649292,15.0852
7650173,15.0593
7651054,15.0334
7651935,15.0075
7652816,14.9817
7653697,14.9558
7654578,14.9300
7655459,14.9043
7656341,14.8785
7657222,14.8528
7658104,14.8271
7658986,14.8014
7659867,14.7757
7660749,14.7501
7661631,14.7245
7662514,14.6989
7663396,14.6734
7664278,14.6478
7665161,14.6223
7666043,14.5968
7666926,14.5714
7667808,14.5459
7668691,14.5205
7669574,14.4951
7670457,14.4697
7671340,14.4444
7672224,14.4191
7673107,14.3938
7673990,14.3685
7674874,14.3432
7675758,14.3180
7676641,14.2928
7677525,14.2676
7678409,14.2425
7679293,14.2173
7680177,14.1922
7681062,14.1671
7681946,14.1420
7682831,14.1170
7683715,14.0920
7684600,14.0669
7685485,14.0420
7686369,14.0170
7687254,13.9921
7688139,13.9672
7689025,13.9423
7689910,13.9174
7690795,13.8925
7691681,13.8677
7692566,13.8429
7693452,13.8181
7694338,13.7934
7695224,13.7686
7696110,13.7439
7696996,13.7192
7697882,13.6945
7698768,13.6699
7699655,13.6452
7700541,13.6206
7701428,13.5960
7702315,13.5715
7703201,13.5469
7704088,13.5224
7704975,13.4979
7705862,13.4734
7706750,13.4489
7707637,13.4245
7708524,13.4000
7709412,13.3756
7710300,13.3513
7711187,13.3269
7712075,13.3026
7712963,13.2782
7713851,13.2539
7714739,13.2296
7715628,13.2054
7716516,13.1811
7717404,13.1569
7718293,13.1327
7719182,13.1085
7720070,13.0844
7720959,13.0602
7721848,13.0361
7722737,13.0120
7723626,12.9879
7724516,12.9639
7725405,12.9398
7726294,12.9158
7727184,12.8918
7728074,12.8678
7728963,12.8439
7729853,12.8199
7730743,12.7960
7731633,12.7721
7732524,12.7482
7733414,12.7243
7734304,12.7005
7735195,12.6767
7736085,12.6529
7736976,12.6291
7737867,12.6053
7738758,12.5815
7739649,12.5578
7740540,12.5341
7741431,12.5104
7742322,12.4867
7743214,12.4631
7744105,12.4394
7744997,12.4158
7745889,12.3922
7746781,12.3686
7747673,12.3450
7748565,12.3215
7749457,12.2980
7750349,12.2744
7751241,12.2510
7752134,12.2275
7753026,12.2040
7753919,12.1806
7754812,12.1572
7755705,12.1337
7756597,12.1104
7757491,12.0870
7758384,12.0636
7759277,12.0403
7760170,12.0170
7761064,11.9937
7761957,11.9704
7762851,11.9471
7763745,11.9239
7764639,11.9007
7765533,11.8775
7766427,11.8543
7767321,11.8311
7768215,11.8079
7769110,11.7848
7770004,11.7617
7770899,11.7386
7771794,11.7155
7772688,11.6924
7773583,11.6693
7774478,11.6463
7775373,11.6233
7776269,11.6003
7777164,11.5773
7778059,11.5543
7778955,11.5313
7779851,11.5084
7780746,11.4855
7781642,11.4626
7782538,11.4397
7783434,11.4168
7784330,11.3939
7785227,11.3711
7786123,11.3483
7787019,11.3255
7787916,11.3027
7788813,11.2799
7789709,11.2571
7790606,11.2344
7791503,11.2116
7792400,11.1889
7793297,11.1662
7794195,11.1435
7795092,11.1209
7795990,11.0982
7796887,11.0756
7797785,11.0530
7798683,11.0304
7799581,11.0078
7800479,10.9852
7801377,10.9626
7802275,10.9401
7803173,10.9176
7804072,10.8951
7804970,10.8726
7805869,10.8501
7806768,10.8276
7807667,10.8052
7808565,10.7827
7809464,10.7603
7810364,10.7379
7811263,10.7155
7812162,10.6931
7813062,10.6708
7813961,10.6484
7814861,10.6261
7815761,10.6038
7816661,10.5815
7817561,10.5592
7818461,10.5369
7819361,10.5147
7820261,10.4924
7821162,10.4702
7822062,10.4480
7822963,10.4258
7823863,10.4036
7824764,10.3814
7825665,10.3592
7826566,10.3371
7827467,10.3150
7828368,10.2929
7829270,10.2708
7830171,10.2487
7831073,10.2266
7831974,10.2045
7832876,10.1825
7833778,10.1605
7834680,10.1384
7835582,10.1164
7836484,10.0944
7837386,10.0725
7838289,10.0505
7839191,10.0286
7840094,10.0066
7840996,9.9847
7841899,9.9628
7842802,9.9409
7843705,9.9190
7844608,9.8971
7845511,9.8753
7846415,9.8534
7847318,9.8316
7848222,9.8098
7849125,9.7880
7850029,9.7662
7850933,9.7444
7851837,9.7227
7852741,9.7009
7853645,9.6792
7854549,9.6575
7855453,9.6357
7856358,9.6140
7857262,9.5924
7858167,9.5707
7859072,9.5490
7859977,9.5274
7860882,9.5057
7861787,9.4841
7862692,9.4625
7863597,9.4409
7864502,9.4193
7865408,9.3977
7866314,9.3762
7867219,9.3546
7868125,9.3331
7869031,9.3116
7869937,9.2901
7870843,9.2686
7871749,9.2471
7872656,9.2256
7873562,9.2041
7874469,9.1827
7875375,9.1613
7876282,9.1398
7877189,9.1184
7878096,9.0970
7879003,9.0756
7879910,9.0542
7880817,9.0329
7881725,9.0115
7882632,8.9902
7883540,8.9688
7884447,8.9475
7885355,8.9262
7886263,8.9049
7887171,8.8836
7888079,8.8623
7888987,8.8411
7889896,8.8198
7890804,8.7986
7891712,8.7774
7892621,8.7561
7893530,8.7349
7894439,8.7137
7895348,8.6926
7896257,8.6714
7897166,8.6502
7898075,8.6291
7898984,8.6079
7899894,8.5868
7900803,8.5657
7901713,8.5446
7902623,8.5235
7903533,8.5024
7904443,8.4813
7905353,8.4603
7906263,8.4392
7907173,8.4182
7908084,8.3971
7908994,8.3761
7909905,8.3551
7910815,8.3341
7911726,8.3131
7912637,8.2921
7913548,8.2712
7914459,8.2502
7915371,8.2292
7916282,8.2083
7917193,8.1874
7918105,8.1665
7919017,8.1456
7919928,8.1247
7920840,8.1038
7921752,8.0829
7922664,8.0620
7923576,8.0412
7924489,8.0203
7925401,7.9995
7926314,7.9787
7927226,7.9578
7928139,7.9370
7929052,7.9162
7929965,7.8954
7930878,7.8747
7931791,7.8539
7932704,7.8331
7933617,7.8124
7934531,7.7916
7935444,7.7709
7936358,7.7502
7937272,7.7295
7938186,7.7088
7939100,7.6881
7940014,7.6674
7940928,7.6467
7941842,7.6261
7942757,7.6054
7943671,7.5848
7944586,7.5641
7945500,7.5435
7946415,7.5229
7947330,7.5023
7948245,7.4817
7949160,7.4611
7950076,7.4405
7950991,7.4199
7951906,7.3994
7952822,7.3788
7953738,7.3583
7954653,7.3377
7955569,7.3172
7956485,7.2967
7957401,7.2761
7958317,7.2556
7959234,7.2352
7960150,7.2147
7961067,7.1942
7961983,7.1737
7962900,7.1533
7963817,7.1328
7964734,7.1124
7965651,7.0919
7966568,7.0715
7967485,7.0511
7968402,7.0307
7969320,7.0103
7970237,6.9899
7971155,6.9695
7972073,6.9491
7972991,6.9287
7973909,6.9084
7974827,6.8880
7975745,6.8677
7976663,6.8473
7977582,6.8270
7978500,6.8067
7979419,6.7864
7980337,6.7661
7981256,6.7458
7982175,6.7255
7983094,6.7052
7984013,6.6849
7984933,6.6646
7985852,6.6444
7986771,6.6241
7987691,6.6039
7988611,6.5836
7989530,6.5634
7990450,6.5432
7991370,6.5230
7992290,6.5028
7993211,6.4826
7994131,6.4624
7995051,6.4422
7995972,6.4220
7996892,6.4018
7997813,6.3817
7998734,6.3615
7999655,6.3414
8000576,6.3212
8001497,6.3011
8002418,6.2810
8003340,6.2608
8004261,6.2407
8005183,6.2206
8006105,6.2005
8007026,6.1804
8007948,6.1603
8008870,6.1402
8009792,6.1202
8010715,6.1001
8011637,6.0800
8012559,6.0600
8013482,6.0399
8014404,6.0199
8015327,5.9999
8016250,5.9798
8017173,5.9598
8018096,5.9398
8019019,5.9198
8019943,5.8998
8020866,5.8798
8021789,5.8598
8022713,5.8398
8023637,5.8198
8024560,5.7999
8025484,5.7799
8026408,5.7599
8027333,5.7400
8028257,5.7200
8029181,5.7001
8030106,5.6802
8031030,5.6602
8031955,5.6403
8032880,5.6204
8033804,5.6005
8034729,5.5806
8035654,5.5607
8036580,5.5408
8037505,5.5209
8038430,5.5010
8039356,5.4811
8040282,5.4613
8041207,5.4414
8042133,5.4215
8043059,5.4017
8043985,5.3818
8044911,5.3620
8045837,5.3421
8046764,5.3223
8047690,5.3025
8048617,5.2827
8049544,5.2628
8050470,5.2430
8051397,5.2232
8052324,5.2034
8053251,5.1836
8054179,5.1638
8055106,5.1440
8056033,5.1243
8056961,5.1045
8057889,5.0847
8058816,5.0649
8059744,5.0452
8060672,5.0254
8061600,5.0057
8062528,4.9859
8063457,4.9662
8064385,4.9464
8065314,4.9267
8066242,4.9070
8067171,4.8873
8068100,4.8675
8069029,4.8478
8069958,4.8281
8070887,4.8084
8071816,4.7887
8072745,4.7690
8073675,4.7493
8074604,4.7296
8075534,4.7099
8076464,4.6903
8077394,4.6706
8078324,4.6509
8079254,4.6313
8080184,4.6116
8081114,4.5919
8082045,4.5723
8082975,4.5526
8083906,4.5330
8084837,4.5133
8085768,4.4937
8086699,4.4741
8087630,4.4544
8088561,4.4348
8089492,4.4152
8090423,4.3956
8091355,4.3759
8092287,4.3563
8093218,4.3367
8094150,4.3171
8095082,4.2975
8096014,4.2779
8096946,4.2583
8097878,4.2387
8098811,4.2192
8099743,4.1996
8100676,4.1800
8101609,4.1604
8102541,4.1408
8103474,4.1213
8104407,4.1017
8105340,4.0821
8106274,4.0626
8107207,4.0430
8108140,4.0235
8109074,4.0039
8110007,3.9844
8110941,3.9648
8111875,3.9453
8112809,3.9257
8113743,3.9062
8114677,3.8867
8115612,3.8671
8116546,3.8476
8117481,3.8281
8118415,3.8086
8119350,3.7890
8120285,3.7695
8121220,3.7500
8122155,3.7305
8123090,3.7110
8124025,3.6915
8124960,3.6720
8125896,3.6525
8126831,3.6330
8127767,3.6135
8128703,3.5940
8129639,3.5745
8130575,3.5550
8131511,3.5355
8132447,3.5160
8133384,3.4965
8134320,3.4771
8135257,3.4576
8136193,3.4381
8137130,3.4186
8138067,3.3992
8139004,3.3797
8139941,3.3602
8140878,3.3407
8141815,3.3213
8142753,3.3018
8143690,3.2824
8144628,3.2629
8145566,3.2434
8146504,3.2240
8147442,3.2045
8148380,3.1851
8149318,3.1656
8150256,3.1462
8151194,3.1267
8152133,3.1073
8153072,3.0878
8154010,3.0684
8154949,3.0489
8155888,3.0295
8156827,3.0101
8157766,2.9906
8158705,2.9712
8159645,2.9517
8160584,2.9323
8161524,2.9129
8162464,2.8934
8163403,2.8740
8164343,2.8546
8165283,2.8351
8166223,2.8157
8167164,2.7963
8168104,2.7769
8169044,2.7574
8169985,2.7380
8170926,2.7186
8171866,2.6991
8172807,2.6797
8173748,2.6603
8174689,2.6409
8175630,2.6214
8176572,2.6020
8177513,2.5826
8178455,2.5632
8179396,2.5438
8180338,2.5243
8181280,2.5049
8182222,2.4855
8183164,2.4661
8184106,2.4467
8185048,2.4272
8185991,2.4078
8186933,2.3884
8187876,2.3690
8188819,2.3496
8189762,2.3301
8190704,2.3107
8191647,2.2913
8192591,2.2719
8193534,2.2525
8194477,2.2330
8195421,2.2136
8196364,2.1942
8197308,2.1748
8198252,2.1554
8199196,2.1359
8200140,2.1165
8201084,2.0971
8202028,2.0777
8202972,2.0582
8203917,2.0388
8204862,2.0194
8205806,2.0000
8206751,1.9805
8207696,1.9611
8208641,1.9417
8209586,1.9222
8210531,1.9028
8211477,1.8834
8212422,1.8640
8213367,1.8445
8214313,1.8251
8215259,1.8057
8216205,1.7862
8217151,1.7668
8218097,1.7473
8219043,1.7279
8219989,1.7085
8220936,1.6890
8221882,1.6696
8222829,1.6501
8223776,1.6307
8224723,1.6112
8225669,1.5918
8226617,1.5723
8227564,1.5529
8228511,1.5334
8229458,1.5140
8230406,1.4945
8231354,1.4750
8232301,1.4556
8233249,1.4361
8234197,1.4167
8235145,1.3972
8236093,1.3777
8237042,1.3582
8237990,1.3388
8238938,1.3193
8239887,1.2998
8240836,1.2803
8241784,1.2608
8242733,1.2414
8243682,1.2219
8244632,1.2024
8245581,1.1829
8246530,1.1634
8247480,1.1439
8248429,1.1244
8249379,1.1049
8250329,1.0854
8251279,1.0659
8252229,1.0464
8253179,1.0269
8254129,1.0074
8255079,0.9878
8256030,0.9683
8256980,0.9488
8257931,0.9293
8258882,0.9097
8259833,0.8902
8260784,0.8707
8261735,0.8511
8262686,0.8316
8263637,0.8120
8264589,0.7925
8265540,0.7729
8266492,0.7534
8267444,0.7338
8268396,0.7142
8269348,0.6947
8270300,0.6751
8271252,0.6555
8272204,0.6360
8273157,0.6164
8274109,0.5968
8275062,0.5772
8276015,0.5576
8276968,0.5380
8277921,0.5184
8278874,0.4988
8279827,0.4792
8280780,0.4596
8281734,0.4400
8282687,0.4203
8283641,0.4007
8284594,0.3811
8285548,0.3615
8286502,0.3418
8287456,0.3222
8288411,0.3025
8289365,0.2829
8290319,0.2632
8291274,0.2436
8292228,0.2239
8293183,0.2042
8294138,0.1846
8295093,0.1649
8296048,0.1452
8297003,0.1255
8297958,0.1058
8298914,0.0861
8299869,0.0664
8300825,0.0467
8301781,0.0270
8302736,0.0073
8303692,-0.0125
8304648,-0.0322
8305605,-0.0519
8306561,-0.0717
8307517,-0.0914
8308474,-0.1112
8309430,-0.1309
8310387,-0.1507
8311344,-0.1705
8312301,-0.1902
8313258,-0.2100
8314215,-0.2298
8315172,-0.2496
8316130,-0.2694
8317087,-0.2892
8318045,-0.3090
8319002,-0.3288
8319960,-0.3486
8320918,-0.3685
8321876,-0.3883
8322834,-0.4081
8323793,-0.4280
8324751,-0.4478
8325710,-0.4677
8326668,-0.4876
8327627,-0.5074
8328586,-0.5273
8329545,-0.5472
8330504,-0.5671
8331463,-0.5870
8332422,-0.6069
8333381,-0.6268
8334341,-0.6467
8335300,-0.6667
8336260,-0.6866
8337220,-0.7065
8338180,-0.7265
8339140,-0.7464
8340100,-0.7664
8341060,-0.7864
8342021,-0.8063
8342981,-0.8263
8343942,-0.8463
8344902,-0.8663
8345863,-0.8863
8346824,-0.9063
8347785,-0.9264
8348746,-0.9464
8349707,-0.9664
8350669,-0.9865
8351630,-1.0065
8352592,-1.0266
8353553,-1.0467
8354515,-1.0667
8355477,-1.0868
8356439,-1.1069
8357401,-1.1270
8358364,-1.1471
8359326,-1.1672
8360288,-1.1874
8361251,-1.2075
8362214,-1.2277
8363176,-1.2478
8364139,-1.2680
8365102,-1.2881
8366065,-1.3083
8367029,-1.3285
8367992,-1.3487
8368955,-1.3689
8369919,-1.3891
8370883,-1.4094
8371846,-1.4296
8372810,-1.4498
8373774,-1.4701
8374738,-1.4903
8375703,-1.5106
8376667,-1.5309
8377632,-1.5512
8378596,-1.5715
8379561,-1.5918
8380526,-1.6121
8381490,-1.6324
8382455,-1.6528
8383421,-1.6731
8384386,-1.6935
8385351,-1.7139
8386317,-1.7342
8387282,-1.7546
8388248,-1.7750
8389214,-1.7954
8390180,-1.8159
8391146,-1.8363
8392112,-1.8567
8393078,-1.8772
8394044,-1.8976
8395011,-1.9181
8395977,-1.9386
8396944,-1.9591
8397911,-1.9796
8398878,-2.0001
8399845,-2.0206
8400812,-2.0412
8401779,-2.0617
8402746,-2.0823
8403714,-2.1029
8404681,-2.1234
8405649,-2.1440
8406617,-2.1647
8407585,-2.1853
8408553,-2.2059
8409521,-2.2265
8410489,-2.2472
8411457,-2.2679
8412426,-2.2885
8413395,-2.3092
8414363,-2.3299
8415332,-2.3506
8416301,-2.3714
8417270,-2.3921
8418239,-2.4129
8419208,-2.4336
8420178,-2.4544
8421147,-2.4752
8422117,-2.4960
8423086,-2.5168
8424056,-2.5376
8425026,-2.5585
8425996,-2.5793
8426966,-2.6002
8427936,-2.6211
8428907,-2.6420
8429877,-2.6629
8430848,-2.6838
8431819,-2.7047
8432789,-2.7257
8433760,-2.7467
8434731,-2.7676
8435702,-2.7886
8436674,-2.8096
8437645,-2.8306
8438617,-2.8517
8439588,-2.8727
8440560,-2.8938
8441532,-2.9148
8442504,-2.9359
8443476,-2.9570
8444448,-2.9781
8445420,-2.9993
8446392,-3.0204
8447365,-3.0416
8448337,-3.0628
8449310,-3.0840
8450283,-3.1052
8451256,-3.1264
8452229,-3.1476
8453202,-3.1689
8454175,-3.1901
8455149,-3.2114
8456122,-3.2327
8457096,-3.2540
8458070,-3.2754
8459043,-3.2967
8460017,-3.3181
8460991,-3.3394
8461966,-3.3608
8462940,-3.3822
8463914,-3.4037
8464889,-3.4251
8465863,-3.4466
8466838,-3.4680
8467813,-3.4895
8468788,-3.5110
8469763,-3.5326
8470738,-3.5541
8471713,-3.5757
8472689,-3.5972
8473664,-3.6188
8474640,-3.6405
8475616,-3.6621
8476592,-3.6837
8477567,-3.7054
8478544,-3.7271
8479520,-3.7488
8480496,-3.7705
8481472,-3.7922
8482449,-3.8140
8483426,-3.8357
8484402,-3.8575
8485379,-3.8793
8486356,-3.9012
8487333,-3.9230
8488310,-3.9449
8489288,-3.9668
8490265,-3.9887
8491243,-4.0106
8492220,-4.0325
8493198,-4.0545
8494176,-4.0764
8495154,-4.0984
8496132,-4.1205
8497110,-4.1425
8498089,-4.1645
8499067,-4.1866
8500046,-4.2087
8501024,-4.2308
8502003,-4.2530
8502982,-4.2751
8503961,-4.2973
8504940,-4.3195
8505919,-4.3417
8506899,-4.3639
8507878,-4.3862
8508858,-4.4085
8509837,-4.4308
8510817,-4.4531
8511797,-4.4754
8512777,-4.4978
8513757,-4.5202
8514737,-4.5426
8515718,-4.5650
8516698,-4.5875
8517679,-4.6099
8518659,-4.6324
8519640,-4.6549
8520621,-4.6775
8521602,-4.7000
8522583,-4.7226
8523565,-4.7452
8524546,-4.7678
8525527,-4.7905
8526509,-4.8132
8527491,-4.8359
8528473,-4.8586
8529454,-4.8813
8530437,-4.9041
8531419,-4.9269
8532401,-4.9497
8533383,-4.9725
8534366,-4.9954
8535348,-5.0183
8536331,-5.0412
8537314,-5.0641
8538297,-5.0871
8539280,-5.1100
8540263,-5.1331
8541246,-5.1561
8542230,-5.1791
8543213,-5.2022
8544197,-5.2253
8545181,-5.2485
8546165,-5.2716
8547149,-5.2948
8548133,-5.3180
8549117,-5.3412
8550101,-5.3645
8551086,-5.3878
8552070,-5.4111
8553055,-5.4344
8554040,-5.4578
8555024,-5.4812
8556009,-5.5046
8556995,-5.5280
8557980,-5.5515
8558965,-5.5750
8559951,-5.5985
8560936,-5.6221
8561922,-5.6457
8562908,-5.6693
8563893,-5.6929
8564879,-5.7166
8565866,-5.7403
8566852,-5.7640
8567838,-5.7877
8568825,-5.8115
8569811,-5.8353
8570798,-5.8592
8571785,-5.8830
8572772,-5.9069
8573759,-5.9308
8574746,-5.9548
8575733,-5.9788
8576720,-6.0028
8577708,-6.0268
8578696,-6.0509
8579683,-6.0750
8580671,-6.0991
8581659,-6.1233
8582647,-6.1475
8583635,-6.1717
8584624,-6.1960
8585612,-6.2203
8586600,-6.2446
8587589,-6.2689
8588578,-6.2933
8589567,-6.3177
8590556,-6.3422
8591545,-6.3667
8592534,-6.3912
8593523,-6.4157
8594513,-6.4403
8595502,-6.4649
8596492,-6.4895
8597482,-6.5142
8598471,-6.5389
8599461,-6.5637
8600452,-6.5884
8601442,-6.6132
8602432,-6.6381
8603423,-6.6630
8604413,-6.6879
8605404,-6.7128
8606395,-6.7378
8607386,-6.7628
8608377,-6.7879
8609368,-6.8129
8610359,-6.8381
8611350,-6.8632
8612342,-6.8884
8613333,-6.9136
8614325,-6.9389
8615317,-6.9642
8616309,-6.9895
8617301,-7.0149
8618293,-7.0403
8619285,-7.0658
8620278,-7.0913
8621270,-7.1168
8622263,-7.1423
8623256,-7.1679
8624248,-7.1936
8625241,-7.2192
8626234,-7.2450
8627228,-7.2707
8628221,-7.2965
8629214,-7.3223
8630208,-7.3482
8631201,-7.3741
8632195,-7.4001
8633189,-7.4260
8634183,-7.4521
8635177,-7.4781
8636171,-7.5042
8637166,-7.5304
8638160,-7.5566
8639155,-7.5828
8640149,-7.6091
8641144,-7.6354
8642139,-7.6618
8643134,-7.6882
8644129,-7.7146
8645125,-7.7411
8646120,-7.7676
8647115,-7.7942
8648111,-7.8208
8649107,-7.8474
8650103,-7.8741
8651098,-7.9009
8652095,-7.9276
8653091,-7.9545
8654087,-7.9813
8655083,-8.0083
8656080,-8.0352
8657076,-8.0622
8658073,-8.0893
8659070,-8.1164
8660067,-8.1435
8661064,-8.1707
8662061,-8.1979
8663059,-8.2252
8664056,-8.2525
8665054,-8.2799
8666051,-8.3073
8667049,-8.3348
8668047,-8.3623
8669045,-8.3899
8670043,-8.4175
8671041,-8.4451
8672040,-8.4729
8673038,-8.5006
8674037,-8.5284
8675035,-8.5563
8676034,-8.5842
8677033,-8.6121
8678032,-8.6401
8679031,-8.6682
8680031,-8.6963
8681030,-8.7244
8682029,-8.7527
8683029,-8.7809
8684029,-8.8092
8685029,-8.8376
8686029,-8.8660
8687029,-8.8944
8688029,-8.9230
8689029,-8.9515
8690030,-8.9802
8691030,-9.0088
8692031,-9.0376
8693032,-9.0663
8694032,-9.0952
8695033,-9.1241
8696035,-9.1530
8697036,-9.1820
8698037,-9.2111
8699039,-9.2402
8700040,-9.2693
8701042,-9.2986
8702044,-9.3278
8703046,-9.3572
8704048,-9.3866
8705050,-9.4160
8706052,-9.4455
8707054,-9.4751
8708057,-9.5047
8709059,-9.5344
8710062,-9.5641
8711065,-9.5939
8712068,-9.6238
8713071,-9.6537
8714074,-9.6837
8715078,-9.7137
8716081,-9.7438
8717084,-9.7739
8718088,-9.8041
8719092,-9.8344
8720096,-9.8647
8721100,-9.8951
8722104,-9.9256
8723108,-9.9561
8724112,-9.9867
8725117,-10.0173
8726121,-10.0481
8727126,-10.0788
8728131,-10.1097
8729136,-10.1406
8730141,-10.1715
8731146,-10.2025
8732151,-10.2336
8733157,-10.2648
8734162,-10.2960
8735168,-10.3273
8736174,-10.3586
8737179,-10.3901
8738185,-10.4215
8739191,-10.4531
8740198,-10.4847
8741204,-10.5164
8742210,-10.5482
8743217,-10.5800
8744224,-10.6119
8745230,-10.6438
8746237,-10.6758
8747244,-10.7079
8748251,-10.7401
8749259,-10.7723
8750266,-10.8046
8751273,-10.8370
8752281,-10.8694
8753289,-10.9019
8754297,-10.9345
8755304,-10.9672
8756313,-10.9999
8757321,-11.0327
8758329,-11.0656
8759337,-11.0985
8760346,-11.1315
8761355,-11.1646
8762363,-11.1978
8763372,-11.2310
8764381,-11.2643
8765390,-11.2977
8766399,-11.3311
8767409,-11.3647
8768418,-11.3983
8769428,-11.4319
8770437,-11.4657
8771447,-11.4995
8772457,-11.5334
8773467,-11.5674
8774477,-11.6014
8775488,-11.6356
8776498,-11.6698
8777508,-11.7041
8778519,-11.7384
8779530,-11.7729
8780541,-11.8074
8781552,-11.8420
8782563,-11.8766
8783574,-11.9114
8784585,-11.9462
8785597,-11.9811
8786608,-12.0161
8787620,-12.0512
8788631,-12.0863
8789643,-12.1215
8790655,-12.1568
8791667,-12.1922
8792680,-12.2277
8793692,-12.2632
8794705,-12.2988
8795717,-12.3345
8796730,-12.3703
8797743,-12.4062
8798756,-12.4421
8799769,-12.4781
8800782,-12.5142
8801795,-12.5504
8802809,-12.5867
8803822,-12.6230
8804836,-12.6594
8805849,-12.6959
8806863,-12.7325
8807877,-12.7692
8808891,-12.8059
8809906,-12.8428
8810920,-12.8797
8811934,-12.9167
8812949,-12.9537
8813964,-12.9909
8814978,-13.0281
8815993,-13.0654
8817008,-13.1028
8818024,-13.1403
8819039,-13.1779
8820054,-13.2155
8821070,-13.2532
8822085,-13.2910
8823101,-13.3289
8824117,-13.3669
8825133,-13.4049
8826149,-13.4430
8827165,-13.4812
8828182,-13.5195
8829198,-13.5578
8830215,-13.5963
8831231,-13.6348
8832248,-13.6734
8833265,-13.7120
8834282,-13.7508
8835299,-13.7896
8836316,-13.8285
8837334,-13.8675
8838351,-13.9065
8839369,-13.9456
8840387,-13.9848
8841404,-14.0241
8842422,-14.0635
8843440,-14.1029
8844459,-14.1424
8845477,-14.1819
8846495,-14.2215
8847514,-14.2612
8848533,-14.3010
8849551,-14.3408
8850570,-14.3807
8851589,-14.4207
8852608,-14.4608
8853628,-14.5008
8854647,-14.5410
8855667,-14.5812
8856686,-14.6215
8857706,-14.6619
8858726,-14.7023
8859746,-14.7427
8860766,-14.7833
8861786,-14.8238
8862806,-14.8645
8863827,-14.9051
8864847,-14.9459
8865868,-14.9866
8866889,-15.0275
8867910,-15.0684
8868931,-15.1093
8869952,-15.1502
8870973,-15.1912
8871994,-15.2323
8873016,-15.2734
8874037,-15.3145
8875059,-15.3556
8876081,-15.3968
8877103,-15.4380
8878125,-15.4793
8879147,-15.5205
8880169,-15.5618
8881192,-15.6031
8882214,-15.6444
8883237,-15.6857
8884260,-15.7271
8885283,-15.7684
8886306,-15.8098
8887329,-15.8512
8888352,-15.8925
8889376,-15.9339
8890399,-15.9752
8891423,-16.0166
8892446,-16.0579
8893470,-16.0992
8894494,-16.1405
8895518,-16.1818
8896542,-16.2230
8897567,-16.2643
8898591,-16.3054
8899616,-16.3466
8900640,-16.3877
8901665,-16.4287
8902690,-16.4697
8903715,-16.5106
8904740,-16.5515
8905765,-16.5923
8906791,-16.6331
8907816,-16.6737
8908842,-16.7143
8909868,-16.7548
8910894,-16.7952
8911919,-16.8355
8912946,-16.8757
8913972,-16.9158
8914998,-16.9558
8916025,-16.9956
8917051,-17.0354
8918078,-17.0750
8919105,-17.1144
8920131,-17.1537
8921158,-17.1929
8922186,-17.2319
8923213,-17.2708
8924240,-17.3094
8925268,-17.3479
8926295,-17.3862
8927323,-17.4243
8928351,-17.4622
8929379,-17.4999
8930407,-17.5374
8931435,-17.5746
8932464,-17.6116
8933492,-17.6484
8934521,-17.6849
8935549,-17.7212
8936578,-17.7572
8937607,-17.7929
8938636,-17.8283
8939665,-17.8635
8940694,-17.8983
8941724,-17.9329
8942753,-17.9671
8943783,-18.0010
8944813,-18.0345
8945843,-18.0677
8946873,-18.1005
8947903,-18.1330
8948933,-18.1651
8949963,-18.1968
8950994,-18.2281
8952024,-18.2590
8953055,-18.2895
8954086,-18.3196
8955117,-18.3492
8956148,-18.3784
8957179,-18.4071
8958210,-18.4354
8959242,-18.4632
8960273,-18.4905
8961305,-18.5173
8962337,-18.5436
8963369,-18.5694
8964401,-18.5946
8965433,-18.6193
8966465,-18.6435
8967497,-18.6672
8968530,-18.6902
8969562,-18.7127
8970595,-18.7347
8971628,-18.7560
8972661,-18.7767
8973694,-18.7968
8974727,-18.8163
8975760,-18.8352
8976794,-18.8535
8977827,-18.8711
8978861,-18.8880
8979895,-18.9043
8980929,-18.9200
8981963,-18.9349
8982997,-18.9492
8984031,-18.9628
8985066,-18.9757
8986100,-18.9880
8987135,-18.9995
8988170,-19.0103
8989204,-19.0204
8990239,-19.0297
8991274,-19.0384
8992310,-19.0463
8993345,-19.0535
8994380,-19.0600
8995416,-19.0657
8996452,-19.0706
8997488,-19.0749
8998523,-19.0784
8999560,-19.0811
9000596,-19.0831
9001632,-19.0844
9002668,-19.0848
9003705,-19.0846
9004742,-19.0836
9005778,-19.0818
9006815,-19.0793
9007852,-19.0761
9008889,-19.0721
9009927,-19.0673
9010964,-19.0618
9012001,-19.0556
9013039,-19.0486
9014077,-19.0409
9015115,-19.0325
9016153,-19.0234
9017191,-19.0135
9018229,-19.0029
9019267,-18.9916
9020306,-18.9796
9021344,-18.9669
9022383,-18.9535
9023422,-18.9394
9024461,-18.9247
9025500,-18.9092
9026539,-18.8931
9027578,-18.8764
9028618,-18.8589
9029657,-18.8409
9030697,-18.8222
9031736,-18.8029
9032776,-18.7829
9033816,-18.7624
9034856,-18.7412
9035897,-18.7194
9036937,-18.6971
9037977,-18.6742
9039018,-18.6507
9040059,-18.6266
9041100,-18.6021
9042141,-18.5769
9043182,-18.5513
9044223,-18.5251
9045264,-18.4984
9046306,-18.4712
9047347,-18.4436
9048389,-18.4154
9049431,-18.3868
9050473,-18.3577
9051515,-18.3282
9052557,-18.2982
9053599,-18.2678
9054641,-18.2369
9055684,-18.2057
9056727,-18.1741
9057769,-18.1420
9058812,-18.1096
9059855,-18.0768
9060898,-18.0437
9061942,-18.0102
9062985,-17.9763
9064028,-17.9422
9065072,-17.9077
9066116,-17.8728
9067159,-17.8377
9068203,-17.8023
9069248,-17.7666
9070292,-17.7306
9071336,-17.6943
9072380,-17.6578
9073425,-17.6210
9074470,-17.5840
9075514,-17.5467
9076559,-17.5092
9077604,-17.4715
9078650,-17.4335
9079695,-17.3954
9080740,-17.3570
9081786,-17.3185
9082831,-17.2798
9083877,-17.2409
9084923,-17.2018
9085969,-17.1626
9087015,-17.1232
9088061,-17.0836
9089108,-17.0439
9090154,-17.0041
9091201,-16.9641
9092248,-16.9241
9093294,-16.8839
9094341,-16.8436
9095389,-16.8031
9096436,-16.7626
9097483,-16.7220
9098530,-16.6813
9099578,-16.6405
9100626,-16.5996
9101674,-16.5586
9102721,-16.5176
9103770,-16.4765
9104818,-16.4354
9105866,-16.3942
9106914,-16.3529
9107963,-16.3116
9109012,-16.2702
9110060,-16.2289
9111109,-16.1874
9112158,-16.1460
9113207,-16.1045
9114257,-16.0630
9115306,-16.0214
9116356,-15.9799
9117405,-15.9383
9118455,-15.8967
9119505,-15.8551
9120555,-15.8135
9121605,-15.7719
9122655,-15.7304
9123705,-15.6888
9124756,-15.6472
9125806,-15.6056
9126857,-15.5641
9127908,-15.5225
9128959,-15.4810
9130010,-15.4395
9131061,-15.3980
9132113,-15.3566
9133164,-15.3151
9134216,-15.2737
9135267,-15.2323
9136319,-15.1910
9137371,-15.1497
9138423,-15.1084
9139475,-15.0672
9140527,-15.0260
9141580,-14.9849
9142632,-14.9438
9143685,-14.9027
9144738,-14.8617
9145791,-14.8207
9146844,-14.7798
9147897,-14.7389
9148950,-14.6981
9150003,-14.6573
9151057,-14.6166
9152110,-14.5760
9153164,-14.5354
9154218,-14.4948
9155272,-14.4544
9156326,-14.4139
9157380,-14.3736
9158435,-14.3333
9159489,-14.2930
9160544,-14.2529
9161598,-14.2128
9162653,-14.1727
9163708,-14.1327
9164763,-14.0928
9165819,-14.0530
9166874,-14.0132
9167929,-13.9735
9168985,-13.9338
9170041,-13.8942
9171096,-13.8547
9172152,-13.8153
9173208,-13.7759
9174264,-13.7366
9175321,-13.6974
9176377,-13.6583
9177434,-13.6192
9178490,-13.5802
9179547,-13.5412
9180604,-13.5024
9181661,-13.4636
9182718,-13.4249
9183775,-13.3862
9184833,-13.3477
9185890,-13.3092
9186948,-13.2707
9188006,-13.2324
9189064,-13.1941
9190122,-13.1559
9191180,-13.1178
9192238,-13.0798
9193296,-13.0418
9194355,-13.0039
9195413,-12.9661
9196472,-12.9283
9197531,-12.8906
9198590,-12.8530
9199649,-12.8155
9200708,-12.7781
9201767,-12.7407
9202827,-12.7034
9203887,-12.6662
9204946,-12.6290
9206006,-12.5920
9207066,-12.5550
9208126,-12.5180
9209186,-12.4812
9210247,-12.4444
9211307,-12.4077
9212368,-12.3711
9213428,-12.3345
9214489,-12.2981
9215550,-12.2617
9216611,-12.2253
9217672,-12.1891
9218733,-12.1529
9219795,-12.1168
9220856,-12.0807
9221918,-12.0448
9222980,-12.0089
9224042,-11.9730
9225104,-11.9373
9226166,-11.9016
9227228,-11.8660
9228290,-11.8305
9229353,-11.7950
9230416,-11.7596
9231478,-11.7243
9232541,-11.6890
9233604,-11.6539
9234667,-11.6187
9235731,-11.5837
9236794,-11.5487
9237857,-11.5138
9238921,-11.4790
9239985,-11.4442
9241049,-11.4095
9242113,-11.3749
9243177,-11.3403
9244241,-11.3058
9245305,-11.2714
9246370,-11.2370
9247434,-11.2027
9248499,-11.1685
9249564,-11.1343
9250629,-11.1002
9251694,-11.0662
9252759,-11.0322
9253824,-10.9983
9254890,-10.9645
9255955,-10.9307
9257021,-10.8970
9258087,-10.8633
9259153,-10.8297
9260219,-10.7962
9261285,-10.7627
9262351,-10.7293
9263418,-10.6960
9264484,-10.6627
9265551,-10.6295
9266618,-10.5963
9267685,-10.5632
9268752,-10.5302
9269819,-10.4972
9270886,-10.4643
9271954,-10.4314
9273021,-10.3986
9274089,-10.3659
9275157,-10.3332
9276225,-10.3006
9277293,-10.2680
9278361,-10.2355
9279429,-10.2031
9280497,-10.1707
9281566,-10.1383
9282635,-10.1060
9283703,-10.0738
9284772,-10.0416
9285841,-10.0095
9286910,-9.9775
9287980,-9.9454
9289049,-9.9135
9290119,-9.8816
9291188,-9.8497
9292258,-9.8179
9293328,-9.7862
9294398,-9.7545
9295468,-9.7229
9296538,-9.6913
9297608,-9.6597
9298679,-9.6282
9299750,-9.5968
9300820,-9.5654
9301891,-9.5341
9302962,-9.5028
9304033,-9.4716
9305104,-9.4404
9306176,-9.4092
9307247,-9.3781
9308319,-9.3471
9309391,-9.3161
9310462,-9.2851
9311534,-9.2542
9312607,-9.2234
9313679,-9.1926
9314751,-9.1618
9315824,-9.1311
9316896,-9.1004
9317969,-9.0698
9319042,-9.0392
9320115,-9.0087
9321188,-8.9782
9322261,-8.9477
9323334,-8.9173
9324408,-8.8870
9325481,-8.8566
9326555,-8.8264
9327629,-8.7961
9328703,-8.7659
9329777,-8.7358
9330851,-8.7057
9331925,-8.6756
9333000,-8.6456
9334074,-8.6156
9335149,-8.5857
9336224,-8.5557
9337299,-8.5259
9338374,-8.4960
9339449,-8.4663
9340524,-8.4365
9341600,-8.4068
9342675,-8.3771
9343751,-8.3475
9344827,-8.3179
9345903,-8.2883
9346979,-8.2588
9348055,-8.2293
9349131,-8.1999
9350208,-8.1704
9351284,-8.1411
9352361,-8.1117
9353438,-8.0824
9354515,-8.0531
9355592,-8.0239
9356669,-7.9947
9357746,-7.9655
9358823,-7.9364
9359901,-7.9073
9360979,-7.8782
9362056,-7.8492
9363134,-7.8202
9364212,-7.7912
9365291,-7.7623
9366369,-7.7333
9367447,-7.7045
9368526,-7.6756
9369604,-7.6468
9370683,-7.6180
9371762,-7.5893
9372841,-7.5605
9373920,-7.5318
9375000,-7.5032
9376079,-7.4745
9377158,-7.4459
9378238,-7.4174
9379318,-7.3888
9380398,-7.3603
9381478,-7.3318
9382558,-7.3033
9383638,-7.2749
9384719,-7.2465
9385799,-7.2181
9386880,-7.1898
9387961,-7.1614
9389041,-7.1331
9390122,-7.1048
9391204,-7.0766
9392285,-7.0484
9393366,-7.0202
9394448,-6.9920
9395529,-6.9638
9396611,-6.9357
9397693,-6.9076
9398775,-6.8795
9399857,-6.8515
9400939,-6.8235
9402022,-6.7954
9403104,-6.7675
9404187,-6.7395
9405270,-6.7116
9406353,-6.6836
9407436,-6.6557
9408519,-6.6279
9409602,-6.6000
9410685,-6.5722
9411769,-6.5444
9412853,-6.5166
9413936,-6.4888
9415020,-6.4611
9416104,-6.4333
9417188,-6.4056
9418273,-6.3780
9419357,-6.3503
9420441,-6.3226
9421526,-6.2950
9422611,-6.2674
9423696,-6.2398
9424781,-6.2122
9425866,-6.1847
9426951,-6.1571
9428036,-6.1296
9429122,-6.1021
9430208,-6.0746
9431293,-6.0471
9432379,-6.0197
9433465,-5.9922
9434551,-5.9648
9435638,-5.9374
9436724,-5.9100
9437811,-5.8827
9438897,-5.8553
9439984,-5.8279
9441071,-5.8006
9442158,-5.7733
9443245,-5.7460
9444332,-5.7187
9445420,-5.6914
9446507,-5.6642
9447595,-5.6369
9448682,-5.6097
9449770,-5.5825
9450858,-5.5553
9451946,-5.5281
9453035,-5.5009
9454123,-5.4737
9455212,-5.4466
9456300,-5.4194
9457389,-5.3923
9458478,-5.3652
9459567,-5.3381
9460656,-5.3110
9461745,-5.2839
9462835,-5.2568
9463924,-5.2297
9465014,-5.2027
9466104,-5.1756
9467194,-5.1486
9468284,-5.1216
9469374,-5.0946
9470464,-5.0676
9471554,-5.0406
9472645,-5.0136
9473735,-4.9866
9474826,-4.9596
9475917,-4.9326
9477008,-4.9057
9478099,-4.8787
9479191,-4.8518
9480282,-4.8249
9481373,-4.7979
9482465,-4.7710
9483557,-4.7441
9484649,-4.7172
9485741,-4.6903
9486833,-4.6634
9487925,-4.6365
9489018,-4.6096
9490110,-4.5827
9491203,-4.5559
9492296,-4.5290
9493389,-4.5021
9494482,-4.4753
9495575,-4.4484
9496668,-4.4216
9497761,-4.3947
9498855,-4.3679
9499949,-4.3411
9501042,-4.3142
9502136,-4.2874
9503230,-4.2606
9504324,-4.2338
9505419,-4.2069
9506513,-4.1801
9507608,-4.1533
9508702,-4.1265
9509797,-4.0997
9510892,-4.0729
9511987,-4.0461
9513082,-4.0193
9514178,-3.9925
9515273,-3.9657
9516369,-3.9389
9517464,-3.9121
9518560,-3.8853
9519656,-3.8585
9520752,-3.8317
9521848,-3.8049
9522945,-3.7781
9524041,-3.7513
9525138,-3.7245
9526234,-3.6977
9527331,-3.6710
9528428,-3.6442
9529525,-3.6174
9530622,-3.5906
9531720,-3.5638
9532817,-3.5370
9533915,-3.5102
9535012,-3.4834
9536110,-3.4566
9537208,-3.4298
9538306,-3.4029
9539404,-3.3761
9540503,-3.3493
9541601,-3.3225
9542700,-3.2957
9543798,-3.2689
9544897,-3.2420
9545996,-3.2152
9547095,-3.1884
9548194,-3.1615
9549294,-3.1347
9550393,-3.1079
9551493,-3.0810
9552593,-3.0542
9553692,-3.0273
9554792,-3.0005
9555892,-2.9736
9556993,-2.9467
9558093,-2.9199
9559194,-2.8930
9560294,-2.8661
9561395,-2.8392
9562496,-2.8123
9563597,-2.7854
9564698,-2.7585
9565799,-2.7316
9566900,-2.7047
9568002,-2.6777
9569104,-2.6508
9570205,-2.6239
9571307,-2.5969
9572409,-2.5700
9573511,-2.5430
9574614,-2.5160
9575716,-2.4891
9576818,-2.4621
9577921,-2.4351
9579024,-2.4081
9580127,-2.3811
9581230,-2.3541
9582333,-2.3271
9583436,-2.3000
9584540,-2.2730
9585643,-2.2460
9586747,-2.2189
9587851,-2.1918
9588954,-2.1648
9590058,-2.1377
9591163,-2.1106
9592267,-2.0835
9593371,-2.0564
9594476,-2.0293
9595581,-2.0021
9596685,-1.9750
9597790,-1.9479
9598895,-1.9207
9600000,-1.8935
9601106,-1.8664
9602211,-1.8392
9603317,-1.8120
9604422,-1.7848
9605528,-1.7575
9606634,-1.7303
9607740,-1.7031
9608846,-1.6758
9609953,-1.6486
9611059,-1.6213
9612166,-1.5940
9613273,-1.5667
9614379,-1.5394
9615486,-1.5121
9616593,-1.4847
9617701,-1.4574
9618808,-1.4300
9619915,-1.4027
9621023,-1.3753
9622131,-1.3479
9623239,-1.3205
9624347,-1.2931
9625455,-1.2657
9626563,-1.2382
9627671,-1.2108
9628780,-1.1833
9629888,-1.1558
9630997,-1.1283
9632106,-1.1008
9633215,-1.0733
9634324,-1.0458
9635433,-1.0182
9636543,-0.9907
9637652,-0.9631
9638762,-0.9355
9639872,-0.9079
9640982,-0.8803
9642092,-0.8527
9643202,-0.8250
9644312,-0.7974
9645422,-0.7697
9646533,-0.7420
9647644,-0.7143
9648754,-0.6866
9649865,-0.6589
9650976,-0.6312
9652088,-0.6034
9653199,-0.5756
9654310,-0.5479
9655422,-0.5201
9656534,-0.4923
9657645,-0.4644
9658757,-0.4366
9659869,-0.4088
9660982,-0.3809
9662094,-0.3530
9663206,-0.3251
9664319,-0.2972
9665432,-0.2693
9666545,-0.2414
9667657,-0.2134
9668771,-0.1855
9669884,-0.1575
9670997,-0.1295
9672111,-0.1015
9673224,-0.0735
9674338,-0.0454
9675452,-0.0174
9676566,0.0107
9677680,0.0388
9678794,0.0669
9679909,0.0950
9681023,0.1231
9682138,0.1512
9683252,0.1794
9684367,0.2075
9685482,0.2357
9686598,0.2639
9687713,0.2921
9688828,0.3203
9689944,0.3486
9691059,0.3768
9692175,0.4051
9693291,0.4334
9694407,0.4616
9695523,0.4900
9696640,0.5183
9697756,0.5466
9698873,0.5749
9699989,0.6033
9701106,0.6317
9702223,0.6600
9703340,0.6884
9704457,0.7168
9705575,0.7453
9706692,0.7737
9707810,0.8021
9708927,0.8306
9710045,0.8591
9711163,0.8875
9712281,0.9160
9713400,0.9445
9714518,0.9731
9715636,1.0016
9716755,1.0301
9717874,1.0587
9718993,1.0872
9720112,1.1158
9721231,1.1444
9722350,1.1730
9723469,1.2016
9724589,1.2302
9725709,1.2588
9726828,1.2874
9727948,1.3161
9729068,1.3447
9730189,1.3734
9731309,1.4020
9732429,1.4307
9733550,1.4594
9734670,1.4881
9735791,1.5168
9736912,1.5455
9738033,1.5742
9739154,1.6029
9740276,1.6316
9741397,1.6604
9742519,1.6891
9743641,1.7178
9744762,1.7466
9745884,1.7753
9747006,1.8041
9748129,1.8328
9749251,1.8616
9750374,1.8904
9751496,1.9191
9752619,1.9479
9753742,1.9767
9754865,2.0054
9755988,2.0342
9757111,2.0630
9758235,2.0918
9759358,2.1205
9760482,2.1493
9761606,2.1781
9762729,2.2068
9763854,2.2356
9764978,2.2644
9766102,2.2931
9767226,2.3219
9768351,2.3506
9769476,2.3794
9770600,2.4081
9771725,2.4369
9772850,2.4656
9773976,2.4943
9775101,2.5231
9776226,2.5518
9777352,2.5805
9778478,2.6092
9779604,2.6378
9780730,2.6665
9781856,2.6952
9782982,2.7238
9784108,2.7524
9785235,2.7811
9786362,2.8097
9787488,2.8383
9788615,2.8668
9789742,2.8954
9790869,2.9239
9791997,2.9525
9793124,2.9810
9794252,3.0094
9795379,3.0379
9796507,3.0664
9797635,3.0948
9798763,3.1232
9799891,3.1516
9801020,3.1799
9802148,3.2082
9803277,3.2365
9804405,3.2648
9805534,3.2930
9806663,3.3213
9807792,3.3494
9808921,3.3776
9810051,3.4057
9811180,3.4338
9812310,3.4618
9813440,3.4899
9814569,3.5178
9815700,3.5458
9816830,3.5737
9817960,3.6015
9819090,3.6294
9820221,3.6571
9821352,3.6849
9822482,3.7126
9823613,3.7402
9824744,3.7678
9825875,3.7954
9827007,3.8229
9828138,3.8503
9829270,3.8777
9830401,3.9051
9831533,3.9324
9832665,3.9596
9833797,3.9868
9834930,4.0139
9836062,4.0410
9837194,4.0680
9838327,4.0949
9839460,4.1218
9840593,4.1486
9841726,4.1753
9842859,4.2020
9843992,4.2286
9845125,4.2551
9846259,4.2815
9847393,4.3079
9848526,4.3342
9849660,4.3605
9850794,4.3866
9851929,4.4127
9853063,4.4386
9854197,4.4645
9855332,4.4903
9856467,4.5161
9857601,4.5417
9858736,4.5672
9859871,4.5927
9861007,4.6180
9862142,4.6433
9863278,4.6684
9864413,4.6935
9865549,4.7184
9866685,4.7433
9867821,4.7680
9868957,4.7927
9870093,4.8172
9871230,4.8416
9872366,4.8659
9873503,4.8901
9874640,4.9142
9875777,4.9381
9876914,4.9619
9878051,4.9856
9879188,5.0092
9880326,5.0327
9881463,5.0560
9882601,5.0792
9883739,5.1022
9884877,5.1252
9886015,5.1479
9887153,5.1706
9888291,5.1931
9889430,5.2154
9890568,5.2377
9891707,5.2597
9892846,5.2816
9893985,5.3034
9895124,5.3250
9896264,5.3464
9897403,5.3677
9898543,5.3889
9899682,5.4098
9900822,5.4306
9901962,5.4513
9903102,5.4717
9904242,5.4920
9905383,5.5122
9906523,5.5321
9907664,5.5519
9908804,5.5715
9909945,5.5909
9911086,5.6101
9912227,5.6291
9913369,5.6480
9914510,5.6666
9915652,5.6851
9916793,5.7033
9917935,5.7214
9919077,5.7393
9920219,5.7569
9921361,5.7744
9922503,5.7917
9923646,5.8087
9924788,5.8256
9925931,5.8422
9927074,5.8586
9928217,5.8748
9929360,5.8908
9930503,5.9066
9931647,5.9221
9932790,5.9374
9933934,5.9525
9935077,5.9674
9936221,5.9820
9937365,5.9964
9938509,6.0106
9939654,6.0245
9940798,6.0382
9941943,6.0517
9943087,6.0649
9944232,6.0779
9945377,6.0907
9946522,6.1032
9947667,6.1154
9948813,6.1274
9949958,6.1392
9951104,6.1507
9952249,6.1619
9953395,6.1729
9954541,6.1836
9955687,6.1941
9956834,6.2043
9957980,6.2143
9959127,6.2240
9960273,6.2335
9961420,6.2426
9962567,6.2516
9963714,6.2602
9964861,6.2686
9966009,6.2767
9967156,6.2846
9968304,6.2921
9969451,6.2995
9970599,6.3065
9971747,6.3133
9972895,6.3198
9974043,6.3260
9975192,6.3320
9976340,6.3376
9977489,6.3430
9978638,6.3482
9979787,6.3530
9980936,6.3576
9982085,6.3619
9983234,6.3659
9984384,6.3697
9985533,6.3731
9986683,6.3763
9987833,6.3793
9988983,6.3819
9990133,6.3843
9991283,6.3863
9992433,6.3882
9993584,6.3897
9994734,6.3909
9995885,6.3919
9997036,6.3926
9998187,6.3931
9999338,6.3932
10000489,6.3931
10001641,6.3927
10002792,6.3920
10003944,6.3911
10005096,6.3899
10006248,6.3884
10007400,6.3866
10008552,6.3846
10009704,6.3823
10010857,6.3797
10012010,6.3769
10013162,6.3738
10014315,6.3704
10015468,6.3668
10016621,6.3629
10017775,6.3587
10018928,6.3543
10020082,6.3496
10021235,6.3447
10022389,6.3395
10023543,6.3340
10024697,6.3283
10025851,6.3223
10027006,6.3161
10028160,6.3097
10029315,6.3029
10030469,6.2960
10031624,6.2888
10032779,6.2813
10033934,6.2736
10035090,6.2657
10036245,6.2575
10037401,6.2491
10038556,6.2404
10039712,6.2316
10040868,6.2224
10042024,6.2131
10043180,6.2035
10044337,6.1937
10045493,6.1837
10046650,6.1735
10047806,6.1630
10048963,6.1523
10050120,6.1414
10051277,6.1303
10052435,6.1189
10053592,6.1074
10054749,6.0956
10055907,6.0837
10057065,6.0715
10058223,6.0592
10059381,6.0466
10060539,6.0338
10061697,6.0209
10062856,6.0077
10064015,5.9944
10065173,5.9808
10066332,5.9671
10067491,5.9532
10068650,5.9391
10069810,5.9248
10070969,5.9104
10072128,5.8958
10073288,5.8810
10074448,5.8660
10075608,5.8508
10076768,5.8355
10077928,5.8201
10079088,5.8044
10080249,5.7886
10081409,5.7726
10082570,5.7565
10083731,5.7403
10084892,5.7238
10086053,5.7073
10087214,5.6905
10088376,5.6737
10089537,5.6567
10090699,5.6395
10091861,5.6222
10093023,5.6048
10094185,5.5872
10095347,5.5695
10096509,5.5517
10097672,5.5337
10098834,5.5156
10099997,5.4974
10101160,5.4791
10102323,5.4606
10103486,5.4421
10104650,5.4234
10105813,5.4046
10106976,5.3856
10108140,5.3666
10109304,5.3475
10110468,5.3282
10111632,5.3089
10112796,5.2894
10113961,5.2699
10115125,5.2502
10116290,5.2305
10117454,5.2106
10118619,5.1907
10119784,5.1707
10120949,5.1506
10122115,5.1304
10123280,5.1101
10124446,5.0897
10125611,5.0692
10126777,5.0487
10127943,5.0281
10129109,5.0074
10130275,4.9866
10131442,4.9658
10132608,4.9448
10133775,4.9238
10134942,4.9028
10136109,4.8817
10137276,4.8605
10138443,4.8392
10139610,4.8179
10140778,4.7965
10141945,4.7751
10143113,4.7536
10144281,4.7320
10145449,4.7104
10146617,4.6887
10147785,4.6670
10148953,4.6453
10150122,4.6234
10151290,4.6016
10152459,4.5797
10153628,4.5577
10154797,4.5357
10155966,4.5137
10157136,4.4916
10158305,4.4694
10159475,4.4473
10160644,4.4251
10161814,4.4028
10162984,4.3806
10164154,4.3582
10165325,4.3359
10166495,4.3135
10167666,4.2911
10168836,4.2687
10170007,4.2462
10171178,4.2237
10172349,4.2012
10173520,4.1787
10174692,4.1561
10175863,4.1335
10177035,4.1109
10178206,4.0883
10179378,4.0656
10180550,4.0429
10181722,4.0203
10182895,3.9976
10184067,3.9748
10185240,3.9521
10186412,3.9293
10187585,3.9066
10188758,3.8838
10189931,3.8610
10191104,3.8382
10192278,3.8154
10193451,3.7926
10194625,3.7697
10195799,3.7469
10196973,3.7240
10198147,3.7012
10199321,3.6783
10200495,3.6555
10201670,3.6326
10202844,3.6097
10204019,3.5869
10205194,3.5640
10206369,3.5411
10207544,3.5183
10208719,3.4954
10209895,3.4725
10211070,3.4496
10212246,3.4268
10213421,3.4039
10214597,3.3811
10215773,3.3582
10216950,3.3353
10218126,3.3125
10219302,3.2897
10220479,3.2668
10221656,3.2440
10222833,3.2212
10224010,3.1984
10225187,3.1756
10226364,3.1528
10227542,3.1300
10228719,3.1072
10229897,3.0844
10231075,3.0617
10232253,3.0389
10233431,3.0162
10234609,2.9935
10235787,2.9708
10236966,2.9481
10238144,2.9254
10239323,2.9027
10240502,2.8801
10241681,2.8575
10242860,2.8348
10244040,2.8122
10245219,2.7896
10246399,2.7671
10247579,2.7445
10248758,2.7220
10249938,2.6995
10251119,2.6770
10252299,2.6545
10253479,2.6320
10254660,2.6095
10255840,2.5871
10257021,2.5647
10258202,2.5423
10259383,2.5199
10260564,2.4976
10261746,2.4753
10262927,2.4530
10264109,2.4307
10265291,2.4084
10266473,2.3862
10267655,2.3639
10268837,2.3417
10270019,2.3195
10271202,2.2974
10272384,2.2753
10273567,2.2531
10274750,2.2311
10275933,2.2090
10277116,2.1870
10278299,2.1649
10279483,2.1429
10280666,2.1210
10281850,2.0990
10283034,2.0771
10284218,2.0552
10285402,2.0333
10286586,2.0115
10287770,1.9897
10288955,1.9679
10290139,1.9461
10291324,1.9244
10292509,1.9026
10293694,1.8809
10294879,1.8593
10296065,1.8376
10297250,1.8160
10298436,1.7944
10299621,1.7729
10300807,1.7513
10301993,1.7298
10303179,1.7084
10304365,1.6869
10305552,1.6655
10306738,1.6441
10307925,1.6227
10309112,1.6014
10310299,1.5800
10311486,1.5588
10312673,1.5375
10313861,1.5163
10315048,1.4951
10316236,1.4739
10317423,1.4527
10318611,1.4316
10319799,1.4105
10320988,1.3895
10322176,1.3684
10323364,1.3474
10324553,1.3264
10325742,1.3055
10326931,1.2846
10328120,1.2637
10329309,1.2428
10330498,1.2220
10331687,1.2012
10332877,1.1804
10334067,1.1596
10335256,1.1389
10336446,1.1182
10337636,1.0976
10338827,1.0769
10340017,1.0563
10341208,1.0358
10342398,1.0152
10343589,0.9947
10344780,0.9742
10345971,0.9537
10347162,0.9333
10348353,0.9129
10349545,0.8925
10350737,0.8722
10351928,0.8519
10353120,0.8316
10354312,0.8114
10355504,0.7911
10356697,0.7709
10357889,0.7508
10359082,0.7306
10360274,0.7105
10361467,0.6905
10362660,0.6704
10363853,0.6504
10365046,0.6304
10366240,0.6104
10367433,0.5905
10368627,0.5706
10369821,0.5507
10371015,0.5309
10372209,0.5111
10373403,0.4913
10374597,0.4715
10375792,0.4518
10376987,0.4321
10378181,0.4124
10379376,0.3928
10380571,0.3732
10381766,0.3536
10382962,0.3341
10384157,0.3145
10385353,0.2951
10386549,0.2756
10387744,0.2562
10388940,0.2367
10390137,0.2174
10391333,0.1980
10392529,0.1787
10393726,0.1594
10394922,0.1402
10396119,0.1209
10397316,0.1017
10398513,0.0825
10399711,0.0634
10400908,0.0443
10402106,0.0252
10403303,0.0061
10404501,-0.0129
10405699,-0.0319
10406897,-0.0509
10408095,-0.0698
10409294,-0.0887
10410492,-0.1076
10411691,-0.1265
10412889,-0.1453
10414088,-0.1641
10415287,-0.1829
10416486,-0.2017
10417686,-0.2204
10418885,-0.2391
10420085,-0.2577
10421285,-0.2764
10422484,-0.2950
10423684,-0.3136
10424885,-0.3321
10426085,-0.3506
10427285,-0.3691
10428486,-0.3876
10429687,-0.4060
10430887,-0.4244
10432088,-0.4428
10433289,-0.4612
10434491,-0.4795
10435692,-0.4978
10436894,-0.5161
10438095,-0.5344
10439297,-0.5526
10440499,-0.5708
10441701,-0.5889
10442903,-0.6071
10444106,-0.6252
10445308,-0.6433
10446511,-0.6613
10447713,-0.6794
10448916,-0.6974
10450119,-0.7153
10451323,-0.7333
10452526,-0.7512
10453729,-0.7691
10454933,-0.7870
10456137,-0.8048
10457341,-0.8226
10458545,-0.8404
10459749,-0.8582
10460953,-0.8759
10462158,-0.8937
10463362,-0.9113
10464567,-0.9290
10465772,-0.9466
10466977,-0.9642
10468182,-0.9818
10469387,-0.9994
10470592,-1.0169
10471798,-1.0344
10473004,-1.0519
10474209,-1.0693
10475415,-1.0868
10476622,-1.1042
10477828,-1.1215
10479034,-1.1389
10480241,-1.1562
10481447,-1.1735
10482654,-1.1908
10483861,-1.2080
10485068,-1.2253
10486275,-1.2425
10487483,-1.2596
10488690,-1.2768
10489898,-1.2939
10491106,-1.3110
10492313,-1.3281
10493521,-1.3451
10494730,-1.3622
10495938,-1.3792
10497146,-1.3961
10498355,-1.4131
10499564,-1.4300
10500773,-1.4469
10501982,-1.4638
10503191,-1.4806
10504400,-1.4975
10505610,-1.5143
10506819,-1.5310
10508029,-1.5478
10509239,-1.5645
10510449,-1.5812
10511659,-1.5979
10512869,-1.6146
10514079,-1.6312
10515290,-1.6478
10516501,-1.6644
10517712,-1.6810
10518922,-1.6975
10520134,-1.7140
10521345,-1.7305
10522556,-1.7470
10523768,-1.7634
10524979,-1.7799
10526191,-1.7963
10527403,-1.8126
10528615,-1.8290
10529827,-1.8453
10531040,-1.8616
10532252,-1.8779
10533465,-1.8942
10534678,-1.9104
10535891,-1.9266
10537104,-1.9428
10538317,-1.9590
10539530,-1.9752
10540744,-1.9913
10541957,-2.0074
10543171,-2.0235
10544385,-2.0395
10545599,-2.0556
10546813,-2.0716
10548028,-2.0876
10549242,-2.1035
10550457,-2.1195
10551671,-2.1354
10552886,-2.1513
10554101,-2.1672
10555316,-2.1831
10556532,-2.1989
10557747,-2.2147
10558963,-2.2305
10560178,-2.2463
10561394,-2.2620
10562610,-2.2778
10563826,-2.2935
10565043,-2.3091
10566259,-2.3248
10567476,-2.3405
10568692,-2.3561
10569909,-2.3717
10571126,-2.3873
10572343,-2.4028
10573561,-2.4184
10574778,-2.4339
10575995,-2.4494
10577213,-2.4648
10578431,-2.4803
10579649,-2.4957
10580867,-2.5111
10582085,-2.5265
10583304,-2.5419
10584522,-2.5573
10585741,-2.5726
10586960,-2.5879
10588179,-2.6032
10589398,-2.6184
10590617,-2.6337
10591836,-2.6489
10593056,-2.6641
10594275,-2.6793
10595495,-2.6945
10596715,-2.7096
10597935,-2.7248
10599155,-2.7399
10600376,-2.7550
10601596,-2.7700
10602817,-2.7851
10604037,-2.8001
10605258,-2.8151
10606479,-2.8301
10607701,-2.8451
10608922,-2.8600
10610143,-2.8750
10611365,-2.8899
10612587,-2.9048
10613809,-2.9196
10615031,-2.9345
10616253,-2.9493
10617475,-2.9641
10618698,-2.9789
10619920,-2.9937
10621143,-3.0085
10622366,-3.0232
10623589,-3.0379
10624812,-3.0526
10626035,-3.0673
10627259,-3.0820
10628482,-3.0966
10629706,-3.1112
10630930,-3.1258
10632154,-3.1404
10633378,-3.1550
10634602,-3.1696
10635827,-3.1841
10637051,-3.1986
10638276,-3.2131
10639501,-3.2276
10640726,-3.2420
10641951,-3.2565
10643176,-3.2709
10644402,-3.2853
10645627,-3.2997
10646853,-3.3141
10648079,-3.3284
10649305,-3.3428
10650531,-3.3571
10651757,-3.3714
10652984,-3.3856
10654210,-3.3999
10655437,-3.4142
10656664,-3.4284
10657891,-3.4426
10659118,-3.4568
10660345,-3.4710
10661572,-3.4851
10662800,-3.4993
10664027,-3.5134
10665255,-3.5275
10666483,-3.5416
10667711,-3.5556
10668940,-3.5697
10670168,-3.5837
10671396,-3.5977
10672625,-3.6117
10673854,-3.6257
10675083,-3.6397
10676312,-3.6537
10677541,-3.6676
10678771,-3.6815
10680000,-3.6954
10681230,-3.7093
10682459,-3.7232
10683689,-3.7370
10684920,-3.7508
10686150,-3.7647
10687380,-3.7785
10688611,-3.7922
10689841,-3.8060
10691072,-3.8198
10692303,-3.8335
10693534,-3.8472
10694765,-3.8609
10695997,-3.8746
10697228,-3.8883
10698460,-3.9019
10699691,-3.9156
10700923,-3.9292
10702155,-3.9428
10703388,-3.9564
10704620,-3.9700
10705852,-3.9835
10707085,-3.9971
10708318,-4.0106
10709551,-4.0241
10710784,-4.0376
10712017,-4.0511
10713250,-4.0645
10714484,-4.0780
10715717,-4.0914
10716951,-4.1048
10718185,-4.1182
10719419,-4.1316
10720653,-4.1450
10721888,-4.1584
10723122,-4.1717
10724357,-4.1850
10725592,-4.1983
10726826,-4.2116
10728062,-4.2249
10729297,-4.2382
10730532,-4.2514
10731767,-4.2646
10733003,-4.2779
10734239,-4.2911
10735475,-4.3043
10736711,-4.3174
10737947,-4.3306
10739183,-4.3437
10740420,-4.3569
10741656,-4.3700
10742893,-4.3831
10744130,-4.3962
10745367,-4.4092
10746604,-4.4223
10747842,-4.4353
10749079,-4.4484
10750317,-4.4614
10751554,-4.4744
10752792,-4.4874
10754030,-4.5003
10755268,-4.5133
10756507,-4.5262
10757745,-4.5391
10758984,-4.5521
10760223,-4.5650
10761461,-4.5778
10762700,-4.5907
10763940,-4.6036
10765179,-4.6164
10766418,-4.6292
10767658,-4.6421
10768898,-4.6549
10770138,-4.6676
10771378,-4.6804
10772618,-4.6932
10773858,-4.7059
10775099,-4.7186
10776339,-4.7314
10777580,-4.7441
10778821,-4.7568
10780062,-4.7694
10781303,-4.7821
10782544,-4.7947
10783786,-4.8074
10785027,-4.8200
10786269,-4.8326
10787511,-4.8452
10788753,-4.8578
10789995,-4.8703
10791238,-4.8829
10792480,-4.8954
10793723,-4.9080
10794965,-4.9205
10796208,-4.9330
10797451,-4.9455
10798694,-4.9579
10799938,-4.9704
10801181,-4.9829
10802425,-4.9953
10803669,-5.0077
10804913,-5.0201
10806157,-5.0325
10807401,-5.0449
10808645,-5.0573
10809890,-5.0696
10811134,-5.0820
10812379,-5.0943
10813624,-5.1066
10814869,-5.1189
10816114,-5.1312
10817359,-5.1435
10818605,-5.1558
10819850,-5.1680
10821096,-5.1803
10822342,-5.1925
10823588,-5.2047
10824834,-5.2169
10826081,-5.2291
10827327,-5.2413
10828574,-5.2535
10829820,-5.2656
10831067,-5.2778
10832314,-5.2899
10833562,-5.3020
10834809,-5.3141
10836056,-5.3262
10837304,-5.3383
10838552,-5.3504
10839800,-5.3625
10841048,-5.3745
10842296,-5.3865
10843544,-5.3986
10844793,-5.4106
10846041,-5.4226
10847290,-5.4346
10848539,-5.4465
10849788,-5.4585
10851037,-5.4704
10852287,-5.4824
10853536,-5.4943
10854786,-5.5062
10856035,-5.5181
10857285,-5.5300
10858535,-5.5419
10859786,-5.5538
10861036,-5.5656
10862287,-5.5775
10863537,-5.5893
10864788,-5.6011
10866039,-5.6129
10867290,-5.6247
10868541,-5.6365
10869793,-5.6483
10871044,-5.6601
10872296,-5.6718
10873547,-5.6836
10874799,-5.6953
10876051,-5.7070
10877304,-5.7187
10878556,-5.7304
10879809,-5.7421
10881061,-5.7538
10882314,-5.7654
10883567,-5.7771
10884820,-5.7887
10886073,-5.8004
10887327,-5.8120
10888580,-5.8236
10889834,-5.8352
10891088,-5.8468
10892342,-5.8583
10893596,-5.8699
10894850,-5.8815
10896104,-5.8930
10897359,-5.9045
10898614,-5.9161
10899868,-5.9276
10901123,-5.9391
10902378,-5.9505
10903634,-5.9620
10904889,-5.9735
10906145,-5.9849
10907400,-5.9964
10908656,-6.0078
10909912,-6.0192
10911168,-6.0307
10912425,-6.0421
10913681,-6.0535
10914938,-6.0648
10916194,-6.0762
10917451,-6.0876
10918708,-6.0989
10919965,-6.1103
10921222,-6.1216
10922480,-6.1329
10923737,-6.1442
10924995,-6.1555
10926253,-6.1668
10927511,-6.1781
10928769,-6.1893
10930028,-6.2006
10931286,-6.2118
10932545,-6.2231
10933803,-6.2343
10935062,-6.2455
10936321,-6.2567
10937580,-6.2679
10938840,-6.2791
10940099,-6.2903
10941359,-6.3015
10942618,-6.3126
10943878,-6.3238
10945138,-6.3349
10946399,-6.3460
10947659,-6.3571
10948919,-6.3682
10950180,-6.3793
10951441,-6.3904
10952702,-6.4015
10953963,-6.4126
10955224,-6.4236
10956485,-6.4347
10957747,-6.4457
10959008,-6.4567
10960270,-6.4677
10961532,-6.4788
10962794,-6.4898
10964056,-6.5007
10965319,-6.5117
10966581,-6.5227
10967844,-6.5337
10969107,-6.5446
10970369,-6.5555
10971633,-6.5665
10972896,-6.5774
10974159,-6.5883
10975423,-6.5992
10976686,-6.6101
10977950,-6.6210
10979214,-6.6319
10980478,-6.6427
10981742,-6.6536
10983007,-6.6644
10984271,-6.6753
10985536,-6.6861
10986801,-6.6969
10988066,-6.7077
10989331,-6.7185
10990596,-6.7293
10991862,-6.7401
10993127,-6.7509
10994393,-6.7616
10995659,-6.7724
10996925,-6.7831
10998191,-6.7939
10999457,-6.8046
11000724,-6.8153
11001990,-6.8260
11003257,-6.8367
11004524,-6.8474
11005791,-6.8581
11007058,-6.8688
11008325,-6.8794
11009593,-6.8901
11010860,-6.9007
11012128,-6.9114
11013396,-6.9220
11014664,-6.9326
11015932,-6.9432
11017201,-6.9538
11018469,-6.9644
11019738,-6.9750
11021006,-6.9856
11022275,-6.9962
11023544,-7.0067
11024814,-7.0173
11026083,-7.0278
11027352,-7.0383
11028622,-7.0489
11029892,-7.0594
11031162,-7.0699
11032432,-7.0804
11033702,-7.0909
11034972,-7.1014
11036243,-7.1118
11037514,-7.1223
11038784,-7.1328
11040055,-7.1432
11041327,-7.1536
11042598,-7.1641
11043869,-7.1745
11045141,-7.1849
11046412,-7.1953
11047684,-7.2057
11048956,-7.2161
11050228,-7.2265
11051501,-7.2368
11052773,-7.2472
11054046,-7.2576
11055318,-7.2679
11056591,-7.2783
11057864,-7.2886
11059137,-7.2989
11060411,-7.3092
11061684,-7.3195
11062958,-7.3298
11064232,-7.3401
11065505,-7.3504
11066779,-7.3607
11068054,-7.3709
11069328,-7.3812
11070602,-7.3914
11071877,-7.4017
11073152,-7.4119
11074427,-7.4221
11075702,-7.4324
11076977,-7.4426
11078252,-7.4528
11079528,-7.4630
11080804,-7.4731
11082079,-7.4833
11083355,-7.4935
11084631,-7.5037
11085908,-7.5138
11087184,-7.5240
11088461,-7.5341
11089737,-7.5442
11091014,-7.5543
11092291,-7.5645
11093568,-7.5746
11094845,-7.5847
11096123,-7.5948
11097400,-7.6048
11098678,-7.6149
11099956,-7.6250
11101234,-7.6350
11102512,-7.6451
11103790,-7.6551
11105069,-7.6652
11106347,-7.6752
11107626,-7.6852
11108905,-7.6953
11110184,-7.7053
11111463,-7.7153
11112743,-7.7253
11114022,-7.7352
11115302,-7.7452
11116581,-7.7552
11117861,-7.7652
11119141,-7.7751
11120422,-7.7851
11121702,-7.7950
11122983,-7.8049
11124263,-7.8149
11125544,-7.8248
11126825,-7.8347
11128106,-7.8446
11129387,-7.8545
11130669,-7.8644
11131950,-7.8743
11133232,-7.8841
11134514,-7.8940
11135796,-7.9039
11137078,-7.9137
11138360,-7.9236
11139643,-7.9334
11140925,-7.9432
11142208,-7.9530
11143491,-7.9629
11144774,-7.9727
11146057,-7.9825
11147340,-7.9923
11148624,-8.0021
11149907,-8.0118
11151191,-8.0216
11152475,-8.0314
11153759,-8.0411
11155043,-8.0509
11156327,-8.0606
11157612,-8.0704
11158897,-8.0801
11160181,-8.0898
11161466,-8.0996
11162751,-8.1093
11164037,-8.1190
11165322,-8.1287
11166608,-8.1384
11167893,-8.1480
11169179,-8.1577
11170465,-8.1674
11171751,-8.1770
11173037,-8.1867
11174324,-8.1963
11175610,-8.2060
11176897,-8.2156
11178184,-8.2253
11179471,-8.2349
11180758,-8.2445
11182045,-8.2541
11183333,-8.2637
11184621,-8.2733
11185908,-8.2829
11187196,-8.2925
11188484,-8.3020
11189772,-8.3116
11191061,-8.3212
11192349,-8.3307
11193638,-8.3403
11194927,-8.3498
11196216,-8.3593
11197505,-8.3689
11198794,-8.3784
11200083,-8.3879
11201373,-8.3974
11202663,-8.4069
11203952,-8.4164
11205242,-8.4259
11206532,-8.4354
11207823,-8.4449
11209113,-8.4543
11210404,-8.4638
11211694,-8.4732
11212985,-8.4827
11214276,-8.4921
11215568,-8.5016
11216859,-8.5110
11218150,-8.5204
11219442,-8.5298
11220734,-8.5393
11222026,-8.5487
11223318,-8.5581
11224610,-8.5674
11225902,-8.5768
11227195,-8.5862
11228487,-8.5956
11229780,-8.6049
11231073,-8.6143
11232366,-8.6237
11233659,-8.6330
11234953,-8.6424
11236246,-8.6517
11237540,-8.6610
11238834,-8.6703
11240128,-8.6797
11241422,-8.6890
11242716,-8.6983
11244011,-8.7076
11245305,-8.7169
11246600,-8.7261
11247895,-8.7354
11249190,-8.7447
11250485,-8.7540
11251781,-8.7632
11253076,-8.7725
11254372,-8.7817
11255667,-8.7910
11256963,-8.8002
11258259,-8.8094
11259556,-8.8187
11260852,-8.8279
11262149,-8.8371
11263445,-8.8463
11264742,-8.8555
11266039,-8.8647
11267336,-8.8739
11268634,-8.8831
11269931,-8.8922
11271229,-8.9014
11272526,-8.9106
11273824,-8.9197
11275122,-8.9289
11276420,-8.9380
11277719,-8.9472
11279017,-8.9563
11280316,-8.9654
11281614,-8.9746
11282913,-8.9837
11284212,-8.9928
11285512,-9.0019
11286811,-9.0110
11288111,-9.0201
11289410,-9.0292
11290710,-9.0383
11292010,-9.0473
11293310,-9.0564
11294610,-9.0655
11295911,-9.0745
11297211,-9.0836
11298512,-9.0926
11299813,-9.1017
11301114,-9.1107
11302415,-9.1198
11303716,-9.1288
11305018,-9.1378
11306320,-9.1468
11307621,-9.1558
11308923,-9.1648
11310225,-9.1738
11311527,-9.1828
11312830,-9.1918
11314132,-9.2008
11315435,-9.2098
11316738,-9.2187
11318041,-9.2277
11319344,-9.2366
11320647,-9.2456
11321951,-9.2545
11323254,-9.2635
11324558,-9.2724
11325862,-9.2814
11327166,-9.2903
11328470,-9.2992
11329774,-9.3081
11331079,-9.3170
11332383,-9.3259
11333688,-9.3348
11334993,-9.3437
11336298,-9.3526
11337603,-9.3615
11338909,-9.3704
11340214,-9.3792
11341520,-9.3881
11342826,-9.3969
11344132,-9.4058
11345438,-9.4147
11346744,-9.4235
11348050,-9.4323
11349357,-9.4412
11350664,-9.4500
11351971,-9.4588
11353278,-9.4676
11354585,-9.4764
11355892,-9.4853
11357200,-9.4941
11358507,-9.5028
11359815,-9.5116
11361123,-9.5204
11362431,-9.5292
11363739,-9.5380
11365047,-9.5467
11366356,-9.5555
11367665,-9.5643
11368974,-9.5730
11370282,-9.5818
11371592,-9.5905
11372901,-9.5993
11374210,-9.6080
11375520,-9.6167
11376830,-9.6254
11378140,-9.6342
11379450,-9.6429
11380760,-9.6516
11382070,-9.6603
11383381,-9.6690
11384691,-9.6777
11386002,-9.6864
11387313,-9.6950
11388624,-9.7037
11389935,-9.7124
11391247,-9.7210
11392558,-9.7297
11393870,-9.7384
11395182,-9.7470
11396494,-9.7557
11397806,-9.7643
11399118,-9.7729
11400431,-9.7816
11401743,-9.7902
11403056,-9.7988
11404369,-9.8074
11405682,-9.8160
11406995,-9.8247
11408308,-9.8333
11409622,-9.8419
11410936,-9.8504
11412249,-9.8590
11413563,-9.8676
11414877,-9.8762
11416192,-9.8848
11417506,-9.8933
11418821,-9.9019
11420135,-9.9104
11421450,-9.9190
11422765,-9.9275
11424081,-9.9361
11425396,-9.9446
11426711,-9.9532
11428027,-9.9617
11429343,-9.9702
11430659,-9.9787
11431975,-9.9872
11433291,-9.9958
11434607,-10.0043
11435924,-10.0128
11437241,-10.0212
11438557,-10.0297
11439874,-10.0382
11441191,-10.0467
11442509,-10.0552
11443826,-10.0637
11445144,-10.0721
11446462,-10.0806
11447779,-10.0890
11449098,-10.0975
11450416,-10.1059
11451734,-10.1144
11453053,-10.1228
11454371,-10.1312
11455690,-10.1397
11457009,-10.1481
11458328,-10.1565
11459647,-10.1649
11460967,-10.1733
11462286,-10.1817
11463606,-10.1902
11464926,-10.1985
11466246,-10.2069
11467566,-10.2153
11468886,-10.2237
11470207,-10.2321
11471528,-10.2405
11472848,-10.2488
11474169,-10.2572
11475490,-10.2655
11476812,-10.2739
11478133,-10.2823
11479455,-10.2906
11480776,-10.2989
11482098,-10.3073
11483420,-10.3156
11484742,-10.3239
11486065,-10.3323
11487387,-10.3406
11488710,-10.3489
11490032,-10.3572
11491355,-10.3655
11492678,-10.3738
11494002,-10.3821
11495325,-10.3904
11496649,-10.3987
11497972,-10.4070
11499296,-10.4152
11500620,-10.4235
11501944,-10.4318
11503268,-10.4401
11504593,-10.4483
11505917,-10.4566
11507242,-10.4648
11508567,-10.4731
11509892,-10.4813
11511217,-10.4896
11512543,-10.4978
11513868,-10.5060
11515194,-10.5143
11516520,-10.5225
11517846,-10.5307
11519172,-10.5389
11520498,-10.5471
11521824,-10.5553
11523151,-10.5635
11524478,-10.5717
11525805,-10.5799
11527132,-10.5881
11528459,-10.5963
11529786,-10.6045
11531114,-10.6126
11532441,-10.6208
11533769,-10.6290
11535097,-10.6371
11536425,-10.6453
11537753,-10.6534
11539082,-10.6616
11540410,-10.6697
11541739,-10.6779
11543068,-10.6860
11544397,-10.6941
11545726,-10.7023
11547056,-10.7104
11548385,-10.7185
11549715,-10.7266
11551044,-10.7347
11552374,-10.7428
11553704,-10.7510
11555035,-10.7590
11556365,-10.7671
11557696,-10.7752
11559026,-10.7833
11560357,-10.7914
11561688,-10.7995
11563019,-10.8076
11564351,-10.8156
11565682,-10.8237
11567014,-10.8318
11568346,-10.8398
11569678,-10.8479
11571010,-10.8559
11572342,-10.8640
11573674,-10.8720
11575007,-10.8800
11576339,-10.8881
11577672,-10.8961
11579005,-10.9041
11580339,-10.9121
11581672,-10.9202
11583005,-10.9282
11584339,-10.9362
11585673,-10.9442
11587007,-10.9522
11588341,-10.9602
11589675,-10.9682
11591009,-10.9762
11592344,-10.9842
11593679,-10.9921
11595013,-11.0001
11596348,-11.0081
11597684,-11.0161
11599019,-11.0240
11600354,-11.0320
11601690,-11.0399
11603026,-11.0479
11604362,-11.0559
11605698,-11.0638
11607034,-11.0717
11608370,-11.0797
11609707,-11.0876
11611044,-11.0955
11612380,-11.1035
11613717,-11.1114
11615055,-11.1193
11616392,-11.1272
11617729,-11.1351
11619067,-11.1430
11620405,-11.1509
11621743,-11.1588
11623081,-11.1667
11624419,-11.1746
11625757,-11.1825
11627096,-11.1904
11628435,-11.1983
11629773,-11.2062
11631112,-11.2140
11632452,-11.2219
11633791,-11.2298
11635130,-11.2376
11636470,-11.2455
11637810,-11.2533
11639150,-11.2612
11640490,-11.2690
11641830,-11.2769
11643170,-11.2847
11644511,-11.2926
11645852,-11.3004
11647193,-11.3082
11648534,-11.3160
11649875,-11.3239
11651216,-11.3317
11652558,-11.3395
11653899,-11.3473
11655241,-11.3551
11656583,-11.3629
11657925,-11.3707
11659267,-11.3785
11660610,-11.3863
11661952,-11.3941
11663295,-11.4019
11664638,-11.4096
11665981,-11.4174
11667324,-11.4252
11668667,-11.4329
11670011,-11.4407
11671354,-11.4485
11672698,-11.4562
11674042,-11.4640
11675386,-11.4717
11676730,-11.4795
11678075,-11.4872
11679419,-11.4950
11680764,-11.5027
11682109,-11.5104
11683454,-11.5182
11684799,-11.5259
11686145,-11.5336
11687490,-11.5413
11688836,-11.5490
11690182,-11.5568
11691527,-11.5645
11692874,-11.5722
11694220,-11.5799
11695566,-11.5876
11696913,-11.5953
11698260,-11.6029
11699606,-11.6106
11700954,-11.6183
11702301,-11.6260
11703648,-11.6337
11704996,-11.6413
11706343,-11.6490
11707691,-11.6567
11709039,-11.6643
11710387,-11.6720
11711735,-11.6796
11713084,-11.6873
11714433,-11.6949
11715781,-11.7026
11717130,-11.7102
11718479,-11.7179
11719828,-11.7255
11721178,-11.7331
11722527,-11.7407
11723877,-11.7484
11725227,-11.7560
11726577,-11.7636
11727927,-11.7712
11729277,-11.7788
11730628,-11.7864
11731978,-11.7940
11733329,-11.8016
11734680,-11.8092
11736031,-11.8168
11737382,-11.8244
11738734,-11.8320
11740085,-11.8396
11741437,-11.8472
11742789,-11.8547
11744141,-11.8623
11745493,-11.8699
11746845,-11.8774
11748198,-11.8850
11749551,-11.8926
11750903,-11.9001
11752256,-11.9077
11753609,-11.9152
11754963,-11.9228
11756316,-11.9303
11757670,-11.9378
11759023,-11.9454
11760377,-11.9529
11761731,-11.9604
11763086,-11.9680
11764440,-11.9755
11765794,-11.9830
11767149,-11.9905
11768504,-11.9980
11769859,-12.0055
11771214,-12.0130
11772569,-12.0205
11773925,-12.0280
11775280,-12.0355
11776636,-12.0430
11777992,-12.0505
11779348,-12.0580
11780704,-12.0655
11782061,-12.0730
11783417,-12.0804
11784774,-12.0879
11786131,-12.0954
11787488,-12.1028
11788845,-12.1103
11790202,-12.1178
11791560,-12.1252
11792917,-12.1327
11794275,-12.1401
11795633,-12.1476
11796991,-12.1550
11798349,-12.1625
11799708,-12.1699
11801066,-12.1773
11802425,-12.1848
11803784,-12.1922
11805143,-12.1996
11806502,-12.2070
11807862,-12.2145
11809221,-12.2219
11810581,-12.2293
11811941,-12.2367
11813301,-12.2441
11814661,-12.2515
11816021,-12.2589
11817381,-12.2663
11818742,-12.2737
11820103,-12.2811
11821464,-12.2885
11822825,-12.2958
11824186,-12.3032
11825547,-12.3106
11826909,-12.3180
11828271,-12.3253
11829633,-12.3327
11830995,-12.3401
11832357,-12.3474
11833719,-12.3548
11835082,-12.3622
11836444,-12.3695
11837807,-12.3769
11839170,-12.3842
11840533,-12.3916
11841896,-12.3989
11843260,-12.4062
11844623,-12.4136
11845987,-12.4209
11847351,-12.4282
11848715,-12.4355
11850079,-12.4429
11851444,-12.4502
11852808,-12.4575
11854173,-12.4648
11855538,-12.4721
11856903,-12.4794
11858268,-12.4867
11859633,-12.4940
11860999,-12.5013
11862364,-12.5086
11863730,-12.5159
11865096,-12.5232
11866462,-12.5305
11867828,-12.5378
11869195,-12.5451
11870561,-12.5523
11871928,-12.5596
11873295,-12.5669
11874662,-12.5742
11876029,-12.5814
11877397,-12.5887
11878764,-12.5959
11880132,-12.6032
11881500,-12.6104
11882868,-12.6177
11884236,-12.6249
11885604,-12.6322
11886972,-12.6394
11888341,-12.6467
11889710,-12.6539
11891079,-12.6611
11892448,-12.6684
11893817,-12.6756
11895186,-12.6828
11896556,-12.6900
11897926,-12.6973
11899296,-12.7045
11900666,-12.7117
11902036,-12.7189
11903406,-12.7261
11904777,-12.7333
11906147,-12.7405
11907518,-12.7477
11908889,-12.7549
11910260,-12.7621
11911632,-12.7693
11913003,-12.7765
11914375,-12.7836
11915746,-12.7908
11917118,-12.7980
11918491,-12.8052
11919863,-12.8124
11921235,-12.8195
11922608,-12.8267
11923980,-12.8339
11925353,-12.8410
11926726,-12.8482
11928100,-12.8553
11929473,-12.8625
11930846,-12.8696
11932220,-12.8768
11933594,-12.8839
11934968,-12.8911
11936342,-12.8982
11937716,-12.9053
11939091,-12.9125
11940465,-12.9196
11941840,-12.9267
11943215,-12.9338
11944590,-12.9410
11945965,-12.9481
11947341,-12.9552
11948716,-12.9623
11950092,-12.9694
11951468,-12.9765
11952844,-12.9836
11954220,-12.9907
11955597,-12.9978
11956973,-13.0049
11958350,-13.0120
11959727,-13.0191
11961104,-13.0262
11962481,-13.0333
11963858,-13.0404
11965236,-13.0475
11966613,-13.0545
11967991,-13.0616
11969369,-13.0687
11970747,-13.0758
11972125,-13.0828
11973504,-13.0899
11974882,-13.0969
11976261,-13.1040
11977640,-13.1111
11979019,-13.1181
11980398,-13.1252
11981778,-13.1322
11983157,-13.1393
11984537,-13.1463
11985917,-13.1533
11987297,-13.1604
11988677,-13.1674
11990057,-13.1744
11991438,-13.1815
11992818,-13.1885
11994199,-13.1955
11995580,-13.2025
11996961,-13.2096
11998342,-13.2166
11999724,-13.2236
12001106,-13.2306
12002487,-13.2376
12003869,-13.2446
12005251,-13.2516
12006634,-13.2586
12008016,-13.2656
12009398,-13.2726
12010781,-13.2796
12012164,-13.2866
12013547,-13.2936
12014930,-13.3005
12016314,-13.3075
12017697,-13.3145
12019081,-13.3215
12020465,-13.3285
12021849,-13.3354
12023233,-13.3424
12024617,-13.3494
12026002,-13.3563
12027386,-13.3633
12028771,-13.3702
12030156,-13.3772
12031541,-13.3842
12032926,-13.3911
12034312,-13.3981
12035697,-13.4050
12037083,-13.4119
12038469,-13.4189
12039855,-13.4258
12041241,-13.4328
12042628,-13.4397
12044014,-13.4466
12045401,-13.4535
12046788,-13.4605
12048175,-13.4674
12049562,-13.4743
12050949,-13.4812
12052337,-13.4881
12053724,-13.4951
12055112,-13.5020
12056500,-13.5089
12057888,-13.5158
12059277,-13.5227
12060665,-13.5296
12062054,-13.5365
12063442,-13.5434
12064831,-13.5503
12066220,-13.5571
12067610,-13.5640
12068999,-13.5709
12070389,-13.5778
12071778,-13.5847
12073168,-13.5916
12074558,-13.5984
12075949,-13.6053
12077339,-13.6122
12078729,-13.6190
12080120,-13.6259
12081511,-13.6328
12082902,-13.6396
12084293,-13.6465
12085685,-13.6533
12087076,-13.6602
12088468,-13.6670
12089860,-13.6739
12091252,-13.6807
12092644,-13.6876
12094036,-13.6944
12095428,-13.7012
12096821,-13.7081
12098214,-13.7149
12099607,-13.7217
12101000,-13.7286
12102393,-13.7354
12103787,-13.7422
12105180,-13.7490
12106574,-13.7559
12107968,-13.7627
12109362,-13.7695
12110756,-13.7763
12112150,-13.7831
12113545,-13.7899
12114940,-13.7967
12116335,-13.8035
12117730,-13.8103
12119125,-13.8171
12120520,-13.8239
12121916,-13.8307
12123311,-13.8375
12124707,-13.8443
12126103,-13.8511
12127499,-13.8578
12128896,-13.8646
12130292,-13.8714
12131689,-13.8782
12133085,-13.8849
12134482,-13.8917
12135879,-13.8985
12137277,-13.9053
12138674,-13.9120
12140072,-13.9188
12141470,-13.9255
12142867,-13.9323
12144266,-13.9390
12145664,-13.9458
12147062,-13.9525
12148461,-13.9593
12149859,-13.9660
12151258,-13.9728
12152657,-13.9795
12154057,-13.9863
12155456,-13.9930
12156856,-13.9997
12158255,-14.0065
12159655,-14.0132
12161055,-14.0199
12162455,-14.0266
12163856,-14.0334
12165256,-14.0401
12166657,-14.0468
12168058,-14.0535
12169459,-14.0602
12170860,-14.0669
12172261,-14.0736
12173662,-14.0803
12175064,-14.0870
12176466,-14.0937
12177868,-14.1004
12179270,-14.1071
12180672,-14.1138
12182075,-14.1205
12183477,-14.1272
12184880,-14.1339
12186283,-14.1406
12187686,-14.1473
12189089,-14.1539
12190493,-14.1606
12191896,-14.1673
12193300,-14.1740
12194704,-14.1806
12196108,-14.1873
12197512,-14.1940
12198916,-14.2006
12200321,-14.2073
12201726,-14.2140
12203130,-14.2206
12204535,-14.2273
12205941,-14.2339
12207346,-14.2406
12208752,-14.2472
12210157,-14.2539
12211563,-14.2605
12212969,-14.2672
12214375,-14.2738
12215781,-14.2804
12217188,-14.2871
12218595,-14.2937
12220001,-14.3003
12221408,-14.3070
12222815,-14.3136
12224223,-14.3202
12225630,-14.3268
12227038,-14.3335
12228446,-14.3401
12229854,-14.3467
12231262,-14.3533
12232670,-14.3599
12234078,-14.3665
12235487,-14.3731
12236896,-14.3797
12238305,-14.3863
12239714,-14.3929
12241123,-14.3995
12242532,-14.4061
12243942,-14.4127
12245351,-14.4193
12246761,-14.4259
12248171,-14.4325
12249582,-14.4391
12250992,-14.4457
12252402,-14.4523
12253813,-14.4588
12255224,-14.4654
12256635,-14.4720
12258046,-14.4786
12259458,-14.4851
12260869,-14.4917
12262281,-14.4983
12263693,-14.5048
12265105,-14.5114
12266517,-14.5179
12267929,-14.5245
12269342,-14.5311
12270754,-14.5376
12272167,-14.5442
12273580,-14.5507
12274993,-14.5573
12276406,-14.5638
12277820,-14.5703
12279233,-14.5769
12280647,-14.5834
12282061,-14.5900
12283475,-14.5965
12284890,-14.6030
12286304,-14.6096
12287719,-14.6161
12289133,-14.6226
12290548,-14.6291
12291963,-14.6357
12293379,-14.6422
12294794,-14.6487
12296210,-14.6552
12297625,-14.6617
12299041,-14.6682
12300457,-14.6747
12301873,-14.6812
12303290,-14.6877
12304706,-14.6943
12306123,-14.7008
12307540,-14.7073
12308957,-14.7137
12310374,-14.7202
12311792,-14.7267
12313209,-14.7332
12314627,-14.7397
12316045,-14.7462
12317463,-14.7527
12318881,-14.7592
12320299,-14.7656
12321718,-14.7721
12323136,-14.7786
12324555,-14.7851
12325974,-14.7915
12327393,-14.7980
12328813,-14.8045
12330232,-14.8110
12331652,-14.8174
12333072,-14.8239
12334492,-14.8303
12335912,-14.8368
12337332,-14.8433
12338753,-14.8497
12340173,-14.8562
12341594,-14.8626
12343015,-14.8691
12344436,-14.8755
12345857,-14.8819
12347279,-14.8884
12348700,-14.8948
12350122,-14.9013
12351544,-14.9077
12352966,-14.9141
12354389,-14.9206
12355811,-14.9270
12357234,-14.9334
12358656,-14.9399
12360079,-14.9463
12361502,-14.9527
12362926,-14.9591
12364349,-14.9655
12365773,-14.9720
12367196,-14.9784
12368620,-14.9848
12370044,-14.9912
12371469,-14.9976
12372893,-15.0040
12374317,-15.0104
12375742,-15.0168
12377167,-15.0232
12378592,-15.0296
12380017,-15.0360
12381443,-15.0424
12382868,-15.0488
12384294,-15.0552
12385720,-15.0616
12387146,-15.0680
12388572,-15.0743
12389999,-15.0807
12391425,-15.0871
12392852,-15.0935
12394279,-15.0999
12395706,-15.1062
12397133,-15.1126
12398560,-15.1190
12399988,-15.1253
12401415,-15.1317
12402843,-15.1381
12404271,-15.1444
12405699,-15.1508
12407128,-15.1572
12408556,-15.1635
12409985,-15.1699
12411414,-15.1762
12412843,-15.1826
12414272,-15.1889
12415701,-15.1953
12417131,-15.2016
12418560,-15.2080
12419990,-15.2143
12421420,-15.2207
12422850,-15.2270
12424281,-15.2333
12425711,-15.2397
12427142,-15.2460
12428573,-15.2523
12430004,-15.2587
12431435,-15.2650
12432866,-15.2713
12434298,-15.2776
12435729,-15.2840
12437161,-15.2903
12438593,-15.2966
12440025,-15.3029
12441457,-15.3092
12442890,-15.3155
12444322,-15.3218
12445755,-15.3282
12447188,-15.3345
12448621,-15.3408
12450055,-15.3471
12451488,-15.3534
12452922,-15.3597
12454355,-15.3660
12455789,-15.3723
12457223,-15.3786
12458658,-15.3848
12460092,-15.3911
12461527,-15.3974
12462962,-15.4037
12464396,-15.4100
12465832,-15.4163
12467267,-15.4226
12468702,-15.4288
12470138,-15.4351
12471574,-15.4414
12473010,-15.4477
12474446,-15.4539
12475882,-15.4602
12477318,-15.4665
12478755,-15.4727
12480192,-15.4790
12481629,-15.4853
12483066,-15.4915
12484503,-15.4978
12485940,-15.5040
12487378,-15.5103
12488816,-15.5165
12490254,-15.5228
12491692,-15.5290
12493130,-15.5353
12494568,-15.5415
12496007,-15.5478
12497446,-15.5540
12498884,-15.5603
12500324,-15.5665
12501763,-15.5727
12503202,-15.5790
12504642,-15.5852
12506082,-15.5914
12507521,-15.5977
12508961,-15.6039
12510402,-15.6101
12511842,-15.6164
12513283,-15.6226
12514723,-15.6288
12516164,-15.6350
12517605,-15.6412
12519047,-15.6475
12520488,-15.6537
12521930,-15.6599
12523371,-15.6661
12524813,-15.6723
12526255,-15.6785
12527697,-15.6847
12529140,-15.6909
12530582,-15.6971
12532025,-15.7033
12533468,-15.7095
12534911,-15.7157
12536354,-15.7219
12537798,-15.7281
12539241,-15.7343
12540685,-15.7405
12542129,-15.7467
12543573,-15.7528
12545017,-15.7590
12546461,-15.7652
12547906,-15.7714
12549351,-15.7776
12550796,-15.7838
12552241,-15.7899
12553686,-15.7961
12555131,-15.8023
12556577,-15.8084
12558022,-15.8146
12559468,-15.8208
12560914,-15.8269
12562361,-15.8331
12563807,-15.8393
12565253,-15.8454
12566700,-15.8516
12568147,-15.8577
12569594,-15.8639
12571041,-15.8700
12572489,-15.8762
12573936,-15.8823
12575384,-15.8885
12576832,-15.8946
12578280,-15.9008
12579728,-15.9069
12581176,-15.9131
12582625,-15.9192
12584074,-15.9253
12585523,-15.9315
12586972,-15.9376
12588421,-15.9437
12589870,-15.9499
12591320,-15.9560
12592770,-15.9621
12594219,-15.9683
12595669,-15.9744
12597120,-15.9805
12598570,-15.9866
12600021,-15.9927
12601471,-15.9989
12602922,-16.0050
12604373,-16.0111
12605824,-16.0172
12607276,-16.0233
12608727,-16.0294
12610179,-16.0355
12611631,-16.0416
12613083,-16.0477
12614535,-16.0538
12615988,-16.0599
12617440,-16.0660
12618893,-16.0721
12620346,-16.0782
12621799,-16.0843
12623252,-16.0904
12624705,-16.0965
12626159,-16.1026
12627613,-16.1087
12629067,-16.1148
12630521,-16.1209
12631975,-16.1269
12633429,-16.1330
12634884,-16.1391
12636339,-16.1452
12637793,-16.1513
12639249,-16.1573
12640704,-16.1634
12642159,-16.1695
12643615,-16.1755
12645070,-16.1816
12646526,-16.1877
12647982,-16.1937
12649439,-16.1998
12650895,-16.2059
12652352,-16.2119
12653808,-16.2180
12655265,-16.2240
12656722,-16.2301
12658180,-16.2361
12659637,-16.2422
12661095,-16.2482
12662552,-16.2543
12664010,-16.2603
12665468,-16.2664
12666927,-16.2724
12668385,-16.2785
12669844,-16.2845
12671302,-16.2905
12672761,-16.2966
12674220,-16.3026
12675680,-16.3087
12677139,-16.3147
12678599,-16.3207
12680058,-16.3267
12681518,-16.3328
12682978,-16.3388
12684439,-16.3448
12685899,-16.3508
12687360,-16.3569
12688821,-16.3629
12690281,-16.3689
12691743,-16.3749
12693204,-16.3809
12694665,-16.3869
12696127,-16.3930
12697589,-16.3990
12699051,-16.4050
12700513,-16.4110
12701975,-16.4170
12703437,-16.4230
12704900,-16.4290
12706363,-16.4350
12707826,-16.4410
12709289,-16.4470
12710752,-16.4530
12712216,-16.4590
12713679,-16.4650
12715143,-16.4710
12716607,-16.4769
12718071,-16.4829
12719536,-16.4889
12721000,-16.4949
12722465,-16.5009
12723930,-16.5069
12725394,-16.5128
12726860,-16.5188
12728325,-16.5248
12729790,-16.5308
12731256,-16.5368
12732722,-16.5427
12734188,-16.5487
12735654,-16.5547
12737120,-16.5606
12738587,-16.5666
12740054,-16.5726
12741520,-16.5785
12742987,-16.5845
12744455,-16.5904
12745922,-16.5964
12747389,-16.6024
12748857,-16.6083
12750325,-16.6143
12751793,-16.6202
12753261,-16.6262
12754730,-16.6321
12756198,-16.6381
12757667,-16.6440
12759136,-16.6500
12760605,-16.6559
12762074,-16.6618
12763543,-16.6678
12765013,-16.6737
12766483,-16.6797
12767952,-16.6856
12769422,-16.6915
12770893,-16.6975
12772363,-16.7034
12773834,-16.7093
12775304,-16.7153
12776775,-16.7212
12778246,-16.7271
12779718,-16.7330
12781189,-16.7389
12782661,-16.7449
12784132,-16.7508
12785604,-16.7567
12787076,-16.7626
12788548,-16.7685
12790021,-16.7744
12791494,-16.7804
12792966,-16.7863
12794439,-16.7922
12795912,-16.7981
12797386,-16.8040
12798859,-16.8099
12800333,-16.8158
12801806,-16.8217
12803280,-16.8276
12804754,-16.8335
12806229,-16.8394
12807703,-16.8453
12809178,-16.8512
12810653,-16.8571
12812128,-16.8630
12813603,-16.8689
12815078,-16.8747
12816553,-16.8806
12818029,-16.8865
12819505,-16.8924
12820981,-16.8983
12822457,-16.9042
12823933,-16.9100
12825410,-16.9159
12826887,-16.9218
12828363,-16.9277
12829840,-16.9335
12831318,-16.9394
12832795,-16.9453
12834272,-16.9511
12835750,-16.9570
12837228,-16.9629
12838706,-16.9687
12840184,-16.9746
12841663,-16.9805
12843141,-16.9863
12844620,-16.9922
12846099,-16.9980
12847578,-17.0039
12849057,-17.0098
12850536,-17.0156
12852016,-17.0215
12853496,-17.0273
12854976,-17.0332
12856456,-17.0390
12857936,-17.0449
12859416,-17.0507
12860897,-17.0565
12862378,-17.0624
12863859,-17.0682
12865340,-17.0741
12866821,-17.0799
12868302,-17.0857
12869784,-17.0916
12871266,-17.0974
12872748,-17.1032
12874230,-17.1091
12875712,-17.1149
12877194,-17.1207
12878677,-17.1265
12880160,-17.1324
12881643,-17.1382
12883126,-17.1440
12884609,-17.1498
12886093,-17.1556
12887576,-17.1615
12889060,-17.1673
12890544,-17.1731
12892028,-17.1789
12893513,-17.1847
12894997,-17.1905
12896482,-17.1963
12897967,-17.2021
12899452,-17.2080
12900937,-17.2138
12902422,-17.2196
12903908,-17.2254
12905394,-17.2312
12906879,-17.2370
12908366,-17.2428
12909852,-17.2486
12911338,-17.2544
12912825,-17.2601
12914311,-17.2659
12915798,-17.2717
12917285,-17.2775
12918773,-17.2833
12920260,-17.2891
12921748,-17.2949
12923235,-17.3007
12924723,-17.3064
12926211,-17.3122
12927700,-17.3180
12929188,-17.3238
12930677,-17.3296
12932166,-17.3353
12933654,-17.3411
12935144,-17.3469
12936633,-17.3527
12938122,-17.3584
12939612,-17.3642
12941102,-17.3700
12942592,-17.3757
12944082,-17.3815
12945572,-17.3873
12947063,-17.3930
12948553,-17.3988
12950044,-17.4045
12951535,-17.4103
12953027,-17.4160
12954518,-17.4218
12956009,-17.4276
12957501,-17.4333
12958993,-17.4391
12960485,-17.4448
12961977,-17.4506
12963470,-17.4563
12964962,-17.4620
12966455,-17.4678
12967948,-17.4735
12969441,-17.4793
12970934,-17.4850
12972428,-17.4908
12973921,-17.4965
12975415,-17.5022
12976909,-17.5080
12978403,-17.5137
12979897,-17.5194
12981392,-17.5252
12982886,-17.5309
12984381,-17.5366
12985876,-17.5423
12987371,-17.5481
12988867,-17.5538
12990362,-17.5595
12991858,-17.5652
12993354,-17.5710
12994850,-17.5767
12996346,-17.5824
12997842,-17.5881
12999339,-17.5938
13000835,-17.5995
13002332,-17.6052
13003829,-17.6110
13005326,-17.6167
13006824,-17.6224
13008321,-17.6281
13009819,-17.6338
13011317,-17.6395
13012815,-17.6452
13014313,-17.6509
13015812,-17.6566
13017310,-17.6623
13018809,-17.6680
13020308,-17.6737
13021807,-17.6794
13023306,-17.6851
13024806,-17.6908
13026305,-17.6965
13027805,-17.7022
13029305,-17.7078
13030805,-17.7135
13032306,-17.7192
13033806,-17.7249
13035307,-17.7306
13036808,-17.7363
13038309,-17.7419
13039810,-17.7476
13041311,-17.7533
13042813,-17.7590
13044314,-17.7647
13045816,-17.7703
13047318,-17.7760
13048820,-17.7817
13050323,-17.7873
13051825,-17.7930
13053328,-17.7987
13054831,-17.8044
13056334,-17.8100
13057837,-17.8157
13059341,-17.8213
13060844,-17.8270
13062348,-17.8327
13063852,-17.8383
13065356,-17.8440
13066861,-17.8496
13068365,-17.8553
13069870,-17.8609
13071374,-17.8666
13072879,-17.8722
13074385,-17.8779
13075890,-17.8835
13077395,-17.8892
13078901,-17.8948
13080407,-17.9005
13081913,-17.9061
13083419,-17.9118
13084926,-17.9174
13086432,-17.9231
13087939,-17.9287
13089446,-17.9343
13090953,-17.9400
13092460,-17.9456
13093967,-17.9512
13095475,-17.9569
13096983,-17.9625
13098491,-17.9681
13099999,-17.9738
13101507,-17.9794
13103015,-17.9850
13104524,-17.9906
13106033,-17.9963
13107542,-18.0019
13109051,-18.0075
13110560,-18.0131
13112070,-18.0187
13113580,-18.0244
13115089,-18.0300
13116599,-18.0356
13118110,-18.0412
13119620,-18.0468
13121130,-18.0524
13122641,-18.0580
13124152,-18.0636
13125663,-18.0692
13127174,-18.0749
13128686,-18.0805
13130197,-18.0861
13131709,-18.0917
13133221,-18.0973
13134733,-18.1029
13136245,-18.1085
13137758,-18.1141
13139271,-18.1197
13140783,-18.1253
13142296,-18.1308
13143809,-18.1364
13145323,-18.1420
13146836,-18.1476
13148350,-18.1532
13149864,-18.1588
13151378,-18.1644
13152892,-18.1700
13154406,-18.1756
13155921,-18.1811
13157436,-18.1867
13158951,-18.1923
13160466,-18.1979
13161981,-18.2035
13163496,-18.2090
13165012,-18.2146
13166528,-18.2202
13168044,-18.2258
13169560,-18.2313
13171076,-18.2369
13172592,-18.2425
13174109,-18.2480
13175626,-18.2536
13177143,-18.2592
13178660,-18.2647
13180177,-18.2703
13181695,-18.2759
13183213,-18.2814
13184730,-18.2870
13186248,-18.2925
13187767,-18.2981
13189285,-18.3037
13190804,-18.3092
13192322,-18.3148
13193841,-18.3203
13195360,-18.3259
13196880,-18.3314
13198399,-18.3370
13199919,-18.3425
13201438,-18.3481
13202958,-18.3536
13204479,-18.3591
13205999,-18.3647
13207519,-18.3702
13209040,-18.3758
13210561,-18.3813
13212082,-18.3869
13213603,-18.3924
13215124,-18.3979
13216646,-18.4035
13218168,-18.4090
13219690,-18.4145
13221212,-18.4201
13222734,-18.4256
13224256,-18.4311
13225779,-18.4366
13227302,-18.4422
13228824,-18.4477
13230348,-18.4532
13231871,-18.4587
13233394,-18.4643
13234918,-18.4698
13236442,-18.4753
13237966,-18.4808
13239490,-18.4863
13241014,-18.4919
13242539,-18.4974
13244064,-18.5029
13245588,-18.5084
13247113,-18.5139
13248639,-18.5194
13250164,-18.5249
13251690,-18.5304
13253215,-18.5359
13254741,-18.5415
13256267,-18.5470
13257794,-18.5525
13259320,-18.5580
13260847,-18.5635
13262374,-18.5690
13263900,-18.5745
13265428,-18.5800
13266955,-18.5855
13268482,-18.5910
13270010,-18.5964
13271538,-18.6019
13273066,-18.6074
13274594,-18.6129
13276123,-18.6184
13277651,-18.6239
13279180,-18.6294
13280709,-18.6349
13282238,-18.6404
13283767,-18.6458
13285297,-18.6513
13286826,-18.6568
13288356,-18.6623
13289886,-18.6678
13291416,-18.6732
13292946,-18.6787
13294477,-18.6842
13296008,-18.6897
13297538,-18.6951
13299069,-18.7006
13300601,-18.7061
13302132,-18.7116
13303664,-18.7170
13305195,-18.7225
13306727,-18.7280
13308259,-18.7334
13309792,-18.7389
13311324,-18.7444
13312857,-18.7498
13314389,-18.7553
13315922,-18.7607
13317456,-18.7662
13318989,-18.7717
13320522,-18.7771
13322056,-18.7826
13323590,-18.7880
13325124,-18.7935
13326658,-18.7989
13328192,-18.8044
13329727,-18.8098
13331262,-18.8153
13332797,-18.8207
13334332,-18.8262
13335867,-18.8316
13337402,-18.8371
13338938,-18.8425
13340474,-18.8480
13342010,-18.8534
13343546,-18.8588
13345082,-18.8643
13346619,-18.8697
13348155,-18.8751
13349692,-18.8806
13351229,-18.8860
13352767,-18.8914
13354304,-18.8969
13355841,-18.9023
13357379,-18.9077
13358917,-18.9132
13360455,-18.9186
13361993,-18.9240
13363532,-18.9295
13365071,-18.9349
13366609,-18.9403
13368148,-18.9457
13369687,-18.9511
13371227,-18.9566
13372766,-18.9620
13374306,-18.9674
13375846,-18.9728
13377386,-18.9782
13378926,-18.9836
13380466,-18.9891
13382007,-18.9945
13383548,-18.9999
13385089,-19.0053
13386630,-19.0107
13388171,-19.0161
13389713,-19.0215
13391254,-19.0269
13392796,-19.0323
13394338,-19.0377
13395880,-19.0431
13397423,-19.0485
13398965,-19.0539
13400508,-19.0593
13402051,-19.0647
13403594,-19.0701
13405137,-19.0755
13406680,-19.0809
13408224,-19.0863
13409768,-19.0917
13411312,-19.0971
13412856,-19.1025
13414400,-19.1079
13415945,-19.1133
13417489,-19.1187
13419034,-19.1241
13420579,-19.1294
13422124,-19.1348
13423670,-19.1402
13425215,-19.1456
13426761,-19.1510
13428307,-19.1564
13429853,-19.1617
13431399,-19.1671
13432946,-19.1725
13434492,-19.1779
13436039,-19.1832
13437586,-19.1886
13439133,-19.1940
13440680,-19.1994
13442228,-19.2047
13443776,-19.2101
13445323,-19.2155
13446871,-19.2208
13448420,-19.2262
13449968,-19.2316
13451517,-19.2369
13453065,-19.2423
13454614,-19.2477
13456163,-19.2530
13457713,-19.2584
13459262,-19.2637
13460812,-19.2691
13462362,-19.2745
13463912,-19.2798
13465462,-19.2852
13467012,-19.2905
13468563,-19.2959
13470113,-19.3012
13471664,-19.3066
13473215,-19.3119
13474767,-19.3173
13476318,-19.3226
13477870,-19.3280
13479422,-19.3333
13480973,-19.3387
13482526,-19.3440
13484078,-19.3493
13485630,-19.3547
13487183,-19.3600
13488736,-19.3654
13490289,-19.3707
13491842,-19.3760
13493396,-19.3814
13494949,-19.3867
13496503,-19.3920
13498057,-19.3974
13499611,-19.4027
13501165,-19.4080
13502720,-19.4134
13504274,-19.4187
13505829,-19.4240
13507384,-19.4294
13508939,-19.4347
13510495,-19.4400
13512050,-19.4453
13513606,-19.4507
13515162,-19.4560
13516718,-19.4613
13518274,-19.4666
13519831,-19.4719
13521387,-19.4773
13522944,-19.4826
13524501,-19.4879
13526058,-19.4932
13527616,-19.4985
13529173,-19.5038
13530731,-19.5091
13532289,-19.5145
13533847,-19.5198
13535405,-19.5251
13536963,-19.5304
13538522,-19.5357
13540081,-19.5410
13541640,-19.5463
13543199,-19.5516
13544758,-19.5569
13546318,-19.5622
13547877,-19.5675
13549437,-19.5728
13550997,-19.5781
13552557,-19.5834
13554118,-19.5887
13555678,-19.5940
13557239,-19.5993
13558800,-19.6046
13560361,-19.6099
13561922,-19.6152
13563484,-19.6205
13565045,-19.6257
13566607,-19.6310
13568169,-19.6363
13569732,-19.6416
13571294,-19.6469
13572856,-19.6522
13574419,-19.6575
13575982,-19.6627
13577545,-19.6680
13579108,-19.6733
13580672,-19.6786
13582235,-19.6839
13583799,-19.6891
13585363,-19.6944
13586927,-19.6997
13588492,-19.7050
13590056,-19.7102
13591621,-19.7155
13593186,-19.7208
13594751,-19.7261
13596316,-19.7313
13597882,-19.7366
13599447,-19.7419
13601013,-19.7471
13602579,-19.7524
13604145,-19.7577
13605711,-19.7629
13607278,-19.7682
13608845,-19.7735
13610411,-19.7787
13611979,-19.7840
13613546,-19.7892
13615113,-19.7945
13616681,-19.7998
13618248,-19.8050
13619816,-19.8103
13621385,-19.8155
13622953,-19.8208
13624521,-19.8260
13626090,-19.8313
13627659,-19.8365
13629228,-19.8418
13630797,-19.8470
13632367,-19.8523
13633936,-19.8575
13635506,-19.8628
13637076,-19.8680
13638646,-19.8733
13640216,-19.8785
13641787,-19.8837
13643357,-19.8890
13644928,-19.8942
13646499,-19.8995
13648070,-19.9047
13649642,-19.9099
13651213,-19.9152
13652785,-19.9204
13654357,-19.9256
13655929,-19.9309
13657501,-19.9361
13659074,-19.9413
13660647,-19.9466
13662219,-19.9518
13663792,-19.9570
13665366,-19.9622
13666939,-19.9675
13668513,-19.9727
13670086,-19.9779
13671660,-19.9831
13673234,-19.9884
13674809,-19.9936
13676383,-19.9988
13677958,-20.0040
13679532,-20.0092
13681107,-20.0145
13682683,-20.0197
13684258,-20.0249
13685834,-20.0301
13687409,-20.0353
13688985,-20.0405
13690561,-20.0458
13692138,-20.0510
13693714,-20.0562
13695291,-20.0614
13696868,-20.0666
13698445,-20.0718
13700022,-20.0770
13701599,-20.0822
13703177,-20.0874
13704754,-20.0926
13706332,-20.0978
13707910,-20.1030
13709489,-20.1082
13711067,-20.1134
13712646,-20.1186
13714225,-20.1238
13715804,-20.1290
13717383,-20.1342
13718962,-20.1394
13720542,-20.1446
13722121,-20.1498
13723701,-20.1550
13725281,-20.1602
13726862,-20.1654
13728442,-20.1706
13730023,-20.1757
13731604,-20.1809
13733185,-20.1861
13734766,-20.1913
13736347,-20.1965
13737929,-20.2017
13739510,-20.2069
13741092,-20.2120
13742674,-20.2172
13744257,-20.2224
13745839,-20.2276
13747422,-20.2328
13749005,-20.2379
13750588,-20.2431
13752171,-20.2483
13753754,-20.2535
13755338,-20.2586
13756921,-20.2638
13758505,-20.2690
13760089,-20.2742
13761674,-20.2793
13763258,-20.2845
13764843,-20.2897
13766428,-20.2948
13768013,-20.3000
13769598,-20.3052
13771183,-20.3103
13772769,-20.3155
13774354,-20.3207
13775940,-20.3258
13777526,-20.3310
13779113,-20.3361
13780699,-20.3413
13782286,-20.3465
13783873,-20.3516
13785460,-20.3568
13787047,-20.3619
13788634,-20.3671
13790222,-20.3722
13791810,-20.3774
13793398,-20.3825
13794986,-20.3877
13796574,-20.3928
13798162,-20.3980
13799751,-20.4031
13801340,-20.4083
13802929,-20.4134
13804518,-20.4186
13806108,-20.4237
13807697,-20.4289
13809287,-20.4340
13810877,-20.4392
13812467,-20.4443
13814057,-20.4494
13815648,-20.4546
13817239,-20.4597
13818829,-20.4648
13820420,-20.4700
13822012,-20.4751
13823603,-20.4803
13825195,-20.4854
13826786,-20.4905
13828378,-20.4957
13829971,-20.5008
13831563,-20.5059
13833155,-20.5110
13834748,-20.5162
13836341,-20.5213
13837934,-20.5264
13839527,-20.5316
13841121,-20.5367
13842714,-20.5418
13844308,-20.5469
13845902,-20.5520
13847496,-20.5572
13849091,-20.5623
13850685,-20.5674
13852280,-20.5725
13853875,-20.5776
13855470,-20.5828
13857065,-20.5879
13858660,-20.5930
13860256,-20.5981
13861852,-20.6032
13863448,-20.6083
13865044,-20.6135
13866640,-20.6186
13868237,-20.6237
13869834,-20.6288
13871431,-20.6339
13873028,-20.6390
13874625,-20.6441
13876222,-20.6492
13877820,-20.6543
13879418,-20.6594
13881016,-20.6645
13882614,-20.6696
13884213,-20.6747
13885811,-20.6798
13887410,-20.6849
13889009,-20.6900
13890608,-20.6951
13892207,-20.7002
13893807,-20.7053
13895406,-20.7104
13897006,-20.7155
13898606,-20.7206
13900207,-20.7257
13901807,-20.7308
13903408,-20.7359
13905008,-20.7410
13906609,-20.7461
13908210,-20.7511
13909812,-20.7562
13911413,-20.7613
13913015,-20.7664
13914617,-20.7715
13916219,-20.7766
13917821,-20.7817
13919424,-20.7867
13921026,-20.7918
13922629,-20.7969
13924232,-20.8020
13925835,-20.8071
13927439,-20.8121
13929042,-20.8172
13930646,-20.8223
13932250,-20.8274
13933854,-20.8324
13935458,-20.8375
13937063,-20.8426
13938667,-20.8477
13940272,-20.8527
13941877,-20.8578
13943482,-20.8629
13945088,-20.8679
13946693,-20.8730
13948299,-20.8781
13949905,-20.8831
13951511,-20.8882
13953118,-20.8933
13954724,-20.8983
13956331,-20.9034
13957938,-20.9085
13959545,-20.9135
13961152,-20.9186
13962759,-20.9236
13964367,-20.9287
13965975,-20.9338
13967583,-20.9388
13969191,-20.9439
13970799,-20.9489
13972408,-20.9540
13974017,-20.9590
13975626,-20.9641
13977235,-20.9691
13978844,-20.9742
13980453,-20.9792
13982063,-20.9843
13983673,-20.9893
13985283,-20.9944
13986893,-20.9994
13988503,-21.0045
13990114,-21.0095
13991725,-21.0146
13993336,-21.0196
13994947,-21.0247
13996558,-21.0297
13998170,-21.0347
13999781,-21.0398
14001393,-21.0448
14003005,-21.0499
14004618,-21.0549
14006230,-21.0599
14007843,-21.0650
14009455,-21.0700
14011068,-21.0750
14012682,-21.0801
14014295,-21.0851
14015909,-21.0901
14017522,-21.0952
14019136,-21.1002
14020750,-21.1052
14022365,-21.1103
14023979,-21.1153
14025594,-21.1203
14027209,-21.1253
14028824,-21.1304
14030439,-21.1354
14032054,-21.1404
14033670,-21.1454
14035286,-21.1505
14036902,-21.1555
14038518,-21.1605
14040134,-21.1655
14041751,-21.1705
14043367,-21.1755
14044984,-21.1806
14046601,-21.1856
14048219,-21.1906
14049836,-21.1956
14051454,-21.2006
14053071,-21.2056
14054689,-21.2107
14056308,-21.2157
14057926,-21.2207
14059545,-21.2257
14061163,-21.2307
14062782,-21.2357
14064401,-21.2407
14066021,-21.2457
14067640,-21.2507
14069260,-21.2557
14070880,-21.2607
14072500,-21.2657
14074120,-21.2707
14075741,-21.2757
14077361,-21.2807
14078982,-21.2857
14080603,-21.2907
14082224,-21.2957
14083846,-21.3007
14085467,-21.3057
14087089,-21.3107
14088711,-21.3157
14090333,-21.3207
14091955,-21.3257
14093578,-21.3307
14095200,-21.3357
14096823,-21.3407
14098446,-21.3457
14100070,-21.3507
14101693,-21.3557
14103317,-21.3606
14104940,-21.3656
14106564,-21.3706
14108189,-21.3756
14109813,-21.3806
14111437,-21.3856
14113062,-21.3906
14114687,-21.3955
14116312,-21.4005
14117937,-21.4055
14119563,-21.4105
14121189,-21.4155
14122814,-21.4204
14124441,-21.4254
14126067,-21.4304
14127693,-21.4354
14129320,-21.4403
14130947,-21.4453
14132574,-21.4503
14134201,-21.4553
14135828,-21.4602
14137456,-21.4652
14139083,-21.4702
14140711,-21.4751
14142339,-21.4801
14143968,-21.4851
14145596,-21.4901
14147225,-21.4950
14148854,-21.5000
14150483,-21.5050
14152112,-21.5099
14153741,-21.5149
14155371,-21.5198
14157001,-21.5248
14158631,-21.5298
14160261,-21.5347
14161891,-21.5397
14163522,-21.5446
14165153,-21.5496
14166783,-21.5546
14168415,-21.5595
14170046,-21.5645
14171677,-21.5694
14173309,-21.5744
14174941,-21.5793
14176573,-21.5843
14178205,-21.5892
14179838,-21.5942
14181470,-21.5991
14183103,-21.6041
14184736,-21.6090
14186369,-21.6140
14188002,-21.6189
14189636,-21.6239
14191270,-21.6288
14192904,-21.6338
14194538,-21.6387
14196172,-21.6437
14197807,-21.6486
14199441,-21.6535
14201076,-21.6585
14202711,-21.6634
14204346,-21.6684
14205982,-21.6733
14207617,-21.6782
14209253,-21.6832
14210889,-21.6881
14212525,-21.6931
14214162,-21.6980
14215798,-21.7029
14217435,-21.7079
14219072,-21.7128
14220709,-21.7177
14222346,-21.7226
14223984,-21.7276
14225622,-21.7325
14227260,-21.7374
14228898,-21.7424
14230536,-21.7473
14232174,-21.7522
14233813,-21.7571
14235452,-21.7621
14237091,-21.7670
14238730,-21.7719
14240369,-21.7768
14242009,-21.7818
14243649,-21.7867
14245289,-21.7916
14246929,-21.7965
14248569,-21.8014
14250210,-21.8064
14251850,-21.8113
14253491,-21.8162
14255132,-21.8211
14256774,-21.8260
14258415,-21.8309
14260057,-21.8359
14261699,-21.8408
14263341,-21.8457
14264983,-21.8506
14266625,-21.8555
14268268,-21.8604
14269911,-21.8653
14271554,-21.8702
14273197,-21.8751
14274840,-21.8800
14276484,-21.8849
14278127,-21.8899
14279771,-21.8948
14281416,-21.8997
14283060,-21.9046
14284704,-21.9095
14286349,-21.9144
14287994,-21.9193
14289639,-21.9242
14291284,-21.9291
14292930,-21.9340
14294575,-21.9389
14296221,-21.9438
14297867,-21.9487
14299513,-21.9536
14301160,-21.9585
14302806,-21.9633
14304453,-21.9682
14306100,-21.9731
14307747,-21.9780
14309394,-21.9829
14311042,-21.9878
14312690,-21.9927
14314338,-21.9976
14315986,-22.0025
14317634,-22.0074
14319282,-22.0122
14320931,-22.0171
14322580,-22.0220
14324229,-22.0269
14325878,-22.0318
14327528,-22.0367
14329177,-22.0416
14330827,-22.0464
14332477,-22.0513
14334127,-22.0562
14335778,-22.0611
14337428,-22.0660
14339079,-22.0708
14340730,-22.0757
14342381,-22.0806
14344032,-22.0855
14345684,-22.0903
14347336,-22.0952
14348987,-22.1001
14350639,-22.1050
14352292,-22.1098
14353944,-22.1147
14355597,-22.1196
14357250,-22.1244
14358903,-22.1293
14360556,-22.1342
14362209,-22.1390
14363863,-22.1439
14365517,-22.1488
14367171,-22.1536
14368825,-22.1585
14370479,-22.1634
14372134,-22.1682
14373789,-22.1731
14375444,-22.1780
14377099,-22.1828
14378754,-22.1877
14380410,-22.1925
14382065,-22.1974
14383721,-22.2023
14385377,-22.2071
14387033,-22.2120
14388690,-22.2168
14390347,-22.2217
14392003,-22.2265
14393660,-22.2314
14395318,-22.2363
14396975,-22.2411
14398633,-22.2460
14400291,-22.2508
14401949,-22.2557
14403607,-22.2605
14405265,-22.2654
14406924,-22.2702
14408582,-22.2751
14410241,-22.2799
14411900,-22.2847
14413560,-22.2896
14415219,-22.2944
14416879,-22.2993
14418539,-22.3041
14420199,-22.3090
14421859,-22.3138
14423520,-22.3187
14425180,-22.3235
14426841,-22.3283
14428502,-22.3332
14430164,-22.3380
14431825,-22.3428
14433487,-22.3477
14435148,-22.3525
14436810,-22.3574
14438473,-22.3622
14440135,-22.3670
14441798,-22.3719
14443460,-22.3767
14445123,-22.3815
14446787,-22.3864
14448450,-22.3912
14450113,-22.3960
14451777,-22.4008
14453441,-22.4057
14455105,-22.4105
14456769,-22.4153
14458434,-22.4202
14460099,-22.4250
14461763,-22.4298
14463429,-22.4346
14465094,-22.4395
14466759,-22.4443
14468425,-22.4491
14470091,-22.4539
14471757,-22.4587
14473423,-22.4636
14475089,-22.4684
14476756,-22.4732
14478423,-22.4780
14480090,-22.4828
14481757,-22.4877
14483424,-22.4925
14485092,-22.4973
14486760,-22.5021
14488428,-22.5069
14490096,-22.5117
14491764,-22.5165
14493433,-22.5214
14495101,-22.5262
14496770,-22.5310
14498439,-22.5358
14500109,-22.5406
14501778,-22.5454
14503448,-22.5502
14505118,-22.5550
14506788,-22.5598
14508458,-22.5646
14510128,-22.5694
14511799,-22.5742
14513470,-22.5790
14515141,-22.5838
14516812,-22.5886
14518483,-22.5934
14520155,-22.5982
14521827,-22.6030
14523499,-22.6078
14525171,-22.6126
14526843,-22.6174
14528516,-22.6222
14530189,-22.6270
14531862,-22.6318
14533535,-22.6366
14535208,-22.6414
14536882,-22.6462
14538555,-22.6510
14540229,-22.6558
14541903,-22.6606
14543578,-22.6654
14545252,-22.6702
14546927,-22.6750
14548602,-22.6798
14550277,-22.6845
14551952,-22.6893
14553627,-22.6941
14555303,-22.6989
14556979,-22.7037
14558655,-22.7085
14560331,-22.7133
14562008,-22.7180
14563684,-22.7228
14565361,-22.7276
14567038,-22.7324
14568715,-22.7372
14570393,-22.7420
14572070,-22.7467
14573748,-22.7515
14575426,-22.7563
14577104,-22.7611
14578782,-22.7658
14580461,-22.7706
14582140,-22.7754
14583819,-22.7802
14585498,-22.7849
14587177,-22.7897
14588857,-22.7945
14590536,-22.7993
14592216,-22.8040
14593896,-22.8088
14595577,-22.8136
14597257,-22.8184
14598938,-22.8231
14600619,-22.8279
14602300,-22.8327
14603981,-22.8374
14605662,-22.8422
14607344,-22.8470
14609026,-22.8517
14610708,-22.8565
14612390,-22.8612
14614072,-22.8660
14615755,-22.8708
14617438,-22.8755
14619121,-22.8803
14620804,-22.8851
14622487,-22.8898
14624171,-22.8946
14625855,-22.8993
14627539,-22.9041
14629223,-22.9088
14630907,-22.9136
14632592,-22.9184
14634276,-22.9231
14635961,-22.9279
14637647,-22.9326
14639332,-22.9374
14641017,-22.9421
14642703,-22.9469
14644389,-22.9516
14646075,-22.9564
14647761,-22.9611
14649448,-22.9659
14651134,-22.9706
14652821,-22.9754
14654508,-22.9801
14656196,-22.9849
14657883,-22.9896
14659571,-22.9944
14661259,-22.9991
14662947,-23.0038
14664635,-23.0086
14666323,-23.0133
14668012,-23.0181
14669701,-23.0228
14671390,-23.0276
14673079,-23.0323
14674768,-23.0370
14676458,-23.0418
14678148,-23.0465
14679838,-23.0513
14681528,-23.0560
14683218,-23.0607
14684909,-23.0655
14686600,-23.0702
14688291,-23.0749
14689982,-23.0797
14691673,-23.0844
14693365,-23.0891
14695056,-23.0939
14696748,-23.0986
14698440,-23.1033
14700133,-23.1080
14701825,-23.1128
14703518,-23.1175
14705211,-23.1222
14706904,-23.1270
14708597,-23.1317
14710291,-23.1364
14711984,-23.1411
14713678,-23.1459
14715372,-23.1506
14717067,-23.1553
14718761,-23.1600
14720456,-23.1648
14722151,-23.1695
14723846,-23.1742
14725541,-23.1789
14727236,-23.1836
14728932,-23.1884
14730628,-23.1931
14732324,-23.1978
14734020,-23.2025
14735716,-23.2072
14737413,-23.2119
14739110,-23.2167
14740807,-23.2214
14742504,-23.2261
14744201,-23.2308
14745899,-23.2355
14747597,-23.2402
14749295,-23.2449
14750993,-23.2496
14752691,-23.2543
14754390,-23.2591
14756089,-23.2638
14757788,-23.2685
14759487,-23.2732
14761186,-23.2779
14762886,-23.2826
14764585,-23.2873
14766285,-23.2920
14767985,-23.2967
14769686,-23.3014
14771386,-23.3061
14773087,-23.3108
14774788,-23.3155
14776489,-23.3202
14778190,-23.3249
14779892,-23.3296
14781593,-23.3343
14783295,-23.3390
14784997,-23.3437
14786700,-23.3484
14788402,-23.3531
14790105,-23.3578
14791808,-23.3625
14793511,-23.3672
14795214,-23.3719
14796918,-23.3766
14798621,-23.3813
14800325,-23.3860
14802029,-23.3907
14803733,-23.3953
14805438,-23.4000
14807142,-23.4047
14808847,-23.4094
14810552,-23.4141
14812258,-23.4188
14813963,-23.4235
14815669,-23.4282
14817374,-23.4328
14819080,-23.4375
14820787,-23.4422
14822493,-23.4469
14824200,-23.4516
14825906,-23.4563
14827613,-23.4610
14829321,-23.4656
14831028,-23.4703
14832736,-23.4750
14834443,-23.4797
14836151,-23.4844
14837860,-23.4890
14839568,-23.4937
14841276,-23.4984
14842985,-23.5031
14844694,-23.5077
14846403,-23.5124
14848113,-23.5171
14849822,-23.5218
14851532,-23.5264
14853242,-23.5311
14854952,-23.5358
14856662,-23.5405
14858373,-23.5451
14860084,-23.5498
14861795,-23.5545
14863506,-23.5591
14865217,-23.5638
14866929,-23.5685
14868640,-23.5731
14870352,-23.5778
14872064,-23.5825
14873777,-23.5871
14875489,-23.5918
14877202,-23.5965
14878915,-23.6011
14880628,-23.6058
14882341,-23.6105
14884055,-23.6151
14885768,-23.6198
14887482,-23.6244
14889196,-23.6291
14890911,-23.6338
14892625,-23.6384
14894340,-23.6431
14896055,-23.6477
14897770,-23.6524
14899485,-23.6570
14901200,-23.6617
14902916,-23.6664
14904632,-23.6710
14906348,-23.6757
14908064,-23.6803
14909781,-23.6850
14911497,-23.6896
14913214,-23.6943
14914931,-23.6989
14916648,-23.7036
14918366,-23.7082
14920084,-23.7129
14921801,-23.7175
14923519,-23.7222
14925238,-23.7268
14926956,-23.7315
14928675,-23.7361
14930394,-23.7408
14932113,-23.7454
14933832,-23.7500
14935551,-23.7547
14937271,-23.7593
14938991,-23.7640
14940711,-23.7686
14942431,-23.7733
14944151,-23.7779
14945872,-23.7825
14947593,-23.7872
14949314,-23.7918
14951035,-23.7965
14952756,-23.8011
14954478,-23.8057
14956200,-23.8104
14957922,-23.8150
14959644,-23.8196
14961366,-23.8243
14963089,-23.8289
14964812,-23.8335
14966535,-23.8382
14968258,-23.8428
14969981,-23.8474
14971705,-23.8521
14973429,-23.8567
14975153,-23.8613
14976877,-23.8660
14978601,-23.8706
14980326,-23.8752
14982050,-23.8798
14983775,-23.8845
14985501,-23.8891
14987226,-23.8937
14988952,-23.8983
14990677,-23.9030
14992403,-23.9076
14994129,-23.9122
14995856,-23.9168
14997582,-23.9215
14999309,-23.9261
15001036,-23.9307
15002763,-23.9353
15004491,-23.9399
15006218,-23.9446
15007946,-23.9492
15009674,-23.9538
15011402,-23.9584
15013130,-23.9630
15014859,-23.9677
15016588,-23.9723
15018317,-23.9769
15020046,-23.9815
15021775,-23.9861
15023505,-23.9907
15025234,-23.9953
15026964,-24.0000
15028694,-24.0046
15030425,-24.0092
15032155,-24.0138
15033886,-24.0184
15035617,-24.0230
15037348,-24.0276
15039079,-24.0322
15040811,-24.0368
15042543,-24.0414
15044275,-24.0460
15046007,-24.0507
15047739,-24.0553
15049472,-24.0599
15051204,-24.0645
15052937,-24.0691
15054671,-24.0737
15056404,-24.0783
15058137,-24.0829
15059871,-24.0875
15061605,-24.0921
15063339,-24.0967
15065073,-24.1013
15066808,-24.1059
15068543,-24.1105
15070278,-24.1151
15072013,-24.1197
15073748,-24.1243
15075484,-24.1289
15077219,-24.1335
15078955,-24.1381
15080691,-24.1427
15082428,-24.1472
15084164,-24.1518
15085901,-24.1564
15087638,-24.1610
15089375,-24.1656
15091112,-24.1702
15092850,-24.1748
15094588,-24.1794
15096326,-24.1840
15098064,-24.1886
15099802,-24.1932
15101541,-24.1977
15103279,-24.2023
15105018,-24.2069
15106757,-24.2115
15108497,-24.2161
15110236,-24.2207
15111976,-24.2253
15113716,-24.2298
15115456,-24.2344
15117196,-24.2390
15118937,-24.2436
15120678,-24.2482
15122419,-24.2527
15124160,-24.2573
15125901,-24.2619
15127643,-24.2665
15129384,-24.2711
15131126,-24.2756
15132868,-24.2802
15134611,-24.2848
15136353,-24.2894
15138096,-24.2939
15139839,-24.2985
15141582,-24.3031
15143325,-24.3077
15145069,-24.3122
15146813,-24.3168
15148557,-24.3214
15150301,-24.3260
15152045,-24.3305
15153790,-24.3351
15155534,-24.3397
15157279,-24.3442
15159024,-24.3488
15160770,-24.3534
15162515,-24.3579
15164261,-24.3625
15166007,-24.3671
15167753,-24.3716
15169500,-24.3762
15171246,-24.3808
15172993,-24.3853
15174740,-24.3899
15176487,-24.3945
15178234,-24.3990
15179982,-24.4036
15181730,-24.4082
15183478,-24.4127
15185226,-24.4173
15186974,-24.4218
15188723,-24.4264
15190472,-24.4310
15192220,-24.4355
15193970,-24.4401
15195719,-24.4446
15197469,-24.4492
15199218,-24.4537
15200968,-24.4583
15202719,-24.4629
15204469,-24.4674
15206219,-24.4720
15207970,-24.4765
15209721,-24.4811
15211472,-24.4856
15213224,-24.4902
15214975,-24.4947
15216727,-24.4993
15218479,-24.5038
15220231,-24.5084
15221984,-24.5129
15223736,-24.5175
15225489,-24.5220
15227242,-24.5266
15228995,-24.5311
15230749,-24.5357
15232502,-24.5402
15234256,-24.5448
15236010,-24.5493
15237764,-24.5538
15239519,-24.5584
15241273,-24.5629
15243028,-24.5675
15244783,-24.5720
15246538,-24.5766
15248294,-24.5811
15250050,-24.5856
15251805,-24.5902
15253561,-24.5947
15255318,-24.5993
15257074,-24.6038
15258831,-24.6083
15260588,-24.6129
15262345,-24.6174
15264102,-24.6219
15265859,-24.6265
15267617,-24.6310
15269375,-24.6355
15271133,-24.6401
15272891,-24.6446
15274650,-24.6491
15276408,-24.6537
15278167,-24.6582
15279926,-24.6627
15281685,-24.6673
15283445,-24.6718
15285205,-24.6763
15286964,-24.6809
15288724,-24.6854
15290485,-24.6899
15292245,-24.6944
15294006,-24.6990
15295767,-24.7035
15297528,-24.7080
15299289,-24.7125
15301051,-24.7171
15302812,-24.7216
15304574,-24.7261
15306336,-24.7306
15308099,-24.7352
15309861,-24.7397
15311624,-24.7442
15313387,-24.7487
15315150,-24.7532
15316913,-24.7578
15318677,-24.7623
15320441,-24.7668
15322205,-24.7713
15323969,-24.7758
15325733,-24.7804
15327498,-24.7849
15329262,-24.7894
15331027,-24.7939
15332792,-24.7984
15334558,-24.8029
15336323,-24.8074
15338089,-24.8120
15339855,-24.8165
15341621,-24.8210
15343388,-24.8255
15345154,-24.8300
15346921,-24.8345
15348688,-24.8390
15350455,-24.8435
15352222,-24.8480
15353990,-24.8526
15355758,-24.8571
15357526,-24.8616
15359294,-24.8661
15361062,-24.8706
15362831,-24.8751
15364600,-24.8796
15366369,-24.8841
15368138,-24.8886
15369908,-24.8931
15371677,-24.8976
15373447,-24.9021
15375217,-24.9066
15376987,-24.9111
15378758,-24.9156
15380528,-24.9201
15382299,-24.9246
15384070,-24.9291
15385842,-24.9336
15387613,-24.9381
15389385,-24.9426
15391157,-24.9471
15392929,-24.9516
15394701,-24.9561
15396473,-24.9606
15398246,-24.9651
15400019,-24.9696
15401792,-24.9741
15403565,-24.9786
15405339,-24.9831
15407113,-24.9876
15408886,-24.9921
15410661,-24.9965
15412435,-25.0010
15414209,-25.0055
15415984,-25.0100
15417759,-25.0145
15419534,-25.0190
15421310,-25.0235
15423085,-25.0280
15424861,-25.0325
15426637,-25.0369
15428413,-25.0414
15430189,-25.0459
15431966,-25.0504
15433743,-25.0549
15435520,-25.0594
15437297,-25.0639
15439074,-25.0683
15440852,-25.0728
15442630,-25.0773
15444408,-25.0818
15446186,-25.0863
15447964,-25.0908
15449743,-25.0952
15451522,-25.0997
15453301,-25.1042
15455080,-25.1087
15456859,-25.1131
15458639,-25.1176
15460419,-25.1221
15462199,-25.1266
15463979,-25.1311
15465760,-25.1355
15467540,-25.1400
15469321,-25.1445
15471102,-25.1490
15472883,-25.1534
15474665,-25.1579
15476447,-25.1624
15478229,-25.1668
15480011,-25.1713
15481793,-25.1758
15483575,-25.1803
15485358,-25.1847
15487141,-25.1892
15488924,-25.1937
15490708,-25.1981
15492491,-25.2026
15494275,-25.2071
15496059,-25.2115
15497843,-25.2160
15499627,-25.2205
15501412,-25.2249
15503197,-25.2294
15504982,-25.2339
15506767,-25.2383
15508552,-25.2428
15510338,-25.2473
15512124,-25.2517
15513910,-25.2562
15515696,-25.2606
15517482,-25.2651
15519269,-25.2696
15521056,-25.2740
15522843,-25.2785
15524630,-25.2829
15526417,-25.2874
15528205,-25.2919
15529993,-25.2963
15531781,-25.3008
15533569,-25.3052
15535358,-25.3097
15537146,-25.3141
15538935,-25.3186
15540724,-25.3231
15542514,-25.3275
15544303,-25.3320
15546093,-25.3364
15547883,-25.3409
15549673,-25.3453
15551463,-25.3498
15553254,-25.3542
15555044,-25.3587
15556835,-25.3631
15558626,-25.3676
15560418,-25.3720
15562209,-25.3765
15564001,-25.3809
15565793,-25.3854
15567585,-25.3898
15569378,-25.3943
15571170,-25.3987
15572963,-25.4031
15574756,-25.4076
15576549,-25.4120
15578343,-25.4165
15580136,-25.4209
15581930,-25.4254
15583724,-25.4298
15585518,-25.4343
15587313,-25.4387
15589108,-25.4431
15590902,-25.4476
15592698,-25.4520
15594493,-25.4565
15596288,-25.4609
15598084,-25.4653
15599880,-25.4698
15601676,-25.4742
15603472,-25.4786
15605269,-25.4831
15607066,-25.4875
15608862,-25.4919
15610660,-25.4964
15612457,-25.5008
15614255,-25.5053
15616052,-25.5097
15617850,-25.5141
15619648,-25.5186
15621447,-25.5230
15623245,-25.5274
15625044,-25.5318
15626843,-25.5363
15628642,-25.5407
15630442,-25.5451
15632241,-25.5496
15634041,-25.5540
15635841,-25.5584
15637642,-25.5629
15639442,-25.5673
15641243,-25.5717
15643044,-25.5761
15644845,-25.5806
15646646,-25.5850
15648447,-25.5894
15650249,-25.5938
15652051,-25.5983
15653853,-25.6027
15655655,-25.6071
15657458,-25.6115
15659261,-25.6159
15661064,-25.6204
15662867,-25.6248
15664670,-25.6292
15666474,-25.6336
15668278,-25.6380
15670081,-25.6425
15671886,-25.6469
15673690,-25.6513
15675495,-25.6557
15677299,-25.6601
15679105,-25.6646
15680910,-25.6690
15682715,-25.6734
15684521,-25.6778
15686327,-25.6822
15688133,-25.6866
15689939,-25.6910
15691745,-25.6955
15693552,-25.6999
15695359,-25.7043
15697166,-25.7087
15698973,-25.7131
15700781,-25.7175
15702589,-25.7219
15704397,-25.7263
15706205,-25.7307
15708013,-25.7351
15709822,-25.7396
15711630,-25.7440
15713439,-25.7484
15715249,-25.7528
15717058,-25.7572
15718868,-25.7616
15720677,-25.7660
15722487,-25.7704
15724298,-25.7748
15726108,-25.7792
15727919,-25.7836
15729730,-25.7880
15731541,-25.7924
15733352,-25.7968
15735163,-25.8012
15736975,-25.8056
15738787,-25.8100
15740599,-25.8144
15742411,-25.8188
15744224,-25.8232
15746037,-25.8276
15747849,-25.8320
15749663,-25.8364
15751476,-25.8408
15753290,-25.8452
15755103,-25.8496
15756917,-25.8540
15758731,-25.8584
15760546,-25.8628
15762360,-25.8672
15764175,-25.8716
15765990,-25.8760
15767806,-25.8804
15769621,-25.8848
15771437,-25.8892
15773252,-25.8935
15775069,-25.8979
15776885,-25.9023
15778701,-25.9067
15780518,-25.9111
15782335,-25.9155
15784152,-25.9199
15785969,-25.9243
15787787,-25.9287
15789605,-25.9330
15791423,-25.9374
15793241,-25.9418
15795059,-25.9462
15796878,-25.9506
15798696,-25.9550
15800515,-25.9594
15802335,-25.9637
15804154,-25.9681
15805974,-25.9725
15807794,-25.9769
15809614,-25.9813
15811434,-25.9857
15813254,-25.9900
15815075,-25.9944
15816896,-25.9988
15818717,-26.0032
15820538,-26.0076
15822360,-26.0119
15824181,-26.0163
15826003,-26.0207
15827826,-26.0251
15829648,-26.0294
15831470,-26.0338
15833293,-26.0382
15835116,-26.0426
15836939,-26.0470
15838763,-26.0513
15840586,-26.0557
15842410,-26.0601
15844234,-26.0644
15846058,-26.0688
15847883,-26.0732
15849708,-26.0776
15851532,-26.0819
15853358,-26.0863
15855183,-26.0907
15857008,-26.0950
15858834,-26.0994
15860660,-26.1038
15862486,-26.1082
15864312,-26.1125
15866139,-26.1169
15867966,-26.1213
15869793,-26.1256
15871620,-26.1300
15873447,-26.1344
15875275,-26.1387
15877103,-26.1431
15878931,-26.1475
15880759,-26.1518
15882587,-26.1562
15884416,-26.1605
15886245,-26.1649
15888074,-26.1693
15889903,-26.1736
15891733,-26.1780
15893563,-26.1824
15895392,-26.1867
15897223,-26.1911
15899053,-26.1954
15900883,-26.1998
15902714,-26.2041
15904545,-26.2085
15906376,-26.2129
15908208,-26.2172
15910039,-26.2216
15911871,-26.2259
15913703,-26.2303
15915535,-26.2346
15917368,-26.2390
15919201,-26.2434
15921033,-26.2477
15922867,-26.2521
15924700,-26.2564
15926533,-26.2608
15928367,-26.2651
15930201,-26.2695
15932035,-26.2738
15933869,-26.2782
15935704,-26.2825
15937539,-26.2869
15939374,-26.2912
15941209,-26.2956
15943044,-26.2999
15944880,-26.3043
15946716,-26.3086
15948552,-26.3130
15950388,-26.3173
15952225,-26.3217
15954061,-26.3260
15955898,-26.3304
15957735,-26.3347
15959573,-26.3390
15961410,-26.3434
15963248,-26.3477
15965086,-26.3521
15966924,-26.3564
15968762,-26.3608
15970601,-26.3651
15972440,-26.3694
15974279,-26.3738
15976118,-26.3781
15977957,-26.3825
15979797,-26.3868
15981637,-26.3911
15983477,-26.3955
15985317,-26.3998
15987158,-26.4042
15988998,-26.4085
15990839,-26.4128
15992680,-26.4172
15994522,-26.4215
15996363,-26.4258
15998205,-26.4302
16000047,-26.4345
16001889,-26.4388
16003731,-26.4432
16005574,-26.4475
16007417,-26.4518
16009260,-26.4562
16011103,-26.4605
16012947,-26.4648
16014790,-26.4692
16016634,-26.4735
16018478,-26.4778
16020323,-26.4822
16022167,-26.4865
16024012,-26.4908
16025857,-26.4951
16027702,-26.4995
16029547,-26.5038
16031393,-26.5081
16033239,-26.5125
16035085,-26.5168
16036931,-26.5211
16038777,-26.5254
16040624,-26.5298
16042471,-26.5341
16044318,-26.5384
16046165,-26.5427
16048013,-26.5471
16049860,-26.5514
16051708,-26.5557
16053556,-26.5600
16055405,-26.5643
16057253,-26.5687
16059102,-26.5730
16060951,-26.5773
16062800,-26.5816
16064650,-26.5859
16066499,-26.5903
16068349,-26.5946
16070199,-26.5989
16072049,-26.6032
16073900,-26.6075
16075750,-26.6118
16077601,-26.6162
16079452,-26.6205
16081304,-26.6248
16083155,-26.6291
16085007,-26.6334
16086859,-26.6377
16088711,-26.6421
16090564,-26.6464
16092416,-26.6507
16094269,-26.6550
16096122,-26.6593
16097975,-26.6636
16099829,-26.6679
16101682,-26.6722
16103536,-26.6765
16105390,-26.6809
16107245,-26.6852
16109099,-26.6895
16110954,-26.6938
16112809,-26.6981
16114664,-26.7024
16116519,-26.7067
16118375,-26.7110
16120231,-26.7153
16122087,-26.7196
16123943,-26.7239
16125799,-26.7282
16127656,-26.7325
16129513,-26.7368
16131370,-26.7411
16133227,-26.7454
16135085,-26.7497
16136943,-26.7541
16138801,-26.7584
16140659,-26.7627
16142517,-26.7670
16144376,-26.7713
16146234,-26.7756
16148093,-26.7799
16149953,-26.7842
16151812,-26.7885
16153672,-26.7928
16155532,-26.7971
16157392,-26.8013
16159252,-26.8056
16161113,-26.8099
16162973,-26.8142
16164834,-26.8185
16166695,-26.8228
16168557,-26.8271
16170418,-26.8314
16172280,-26.8357
16174142,-26.8400
16176004,-26.8443
16177867,-26.8486
16179729,-26.8529
16181592,-26.8572
16183455,-26.8615
16185319,-26.8658
16187182,-26.8701
16189046,-26.8743
16190910,-26.8786
16192774,-26.8829
16194638,-26.8872
16196503,-26.8915
16198368,-26.8958
16200233,-26.9001
16202098,-26.9044
16203963,-26.9086
16205829,-26.9129
16207695,-26.9172
16209561,-26.9215
16211427,-26.9258
16213294,-26.9301
16215161,-26.9344
16217028,-26.9386
16218895,-26.9429
16220762,-26.9472
16222630,-26.9515
16224497,-26.9558
16226366,-26.9601
16228234,-26.9643
16230102,-26.9686
16231971,-26.9729
16233840,-26.9772
16235709,-26.9815
16237578,-26.9857
16239448,-26.9900
16241317,-26.9943
16243187,-26.9986
16245058,-27.0029
16246928,-27.0071
16248799,-27.0114
16250669,-27.0157
16252540,-27.0200
16254412,-27.0242
16256283,-27.0285
16258155,-27.0328
16260027,-27.0371
16261899,-27.0413
16263771,-27.0456
16265644,-27.0499
16267516,-27.0542
16269389,-27.0584
16271263,-27.0627
16273136,-27.0670
16275010,-27.0712
16276883,-27.0755
16278758,-27.0798
16280632,-27.0840
16282506,-27.0883
16284381,-27.0926
16286256,-27.0969
16288131,-27.1011
16290006,-27.1054
16291882,-27.1097
16293758,-27.1139
16295634,-27.1182
16297510,-27.1225
16299386,-27.1267
16301263,-27.1310
16303140,-27.1353
16305017,-27.1395
16306894,-27.1438
16308772,-27.1480
16310649,-27.1523
16312527,-27.1566
16314406,-27.1608
16316284,-27.1651
16318163,-27.1694
16320041,-27.1736
16321920,-27.1779
16323800,-27.1821
16325679,-27.1864
16327559,-27.1907
16329439,-27.1949
16331319,-27.1992
16333199,-27.2034
16335080,-27.2077
16336960,-27.2119
16338841,-27.2162
16340722,-27.2205
16342604,-27.2247
16344486,-27.2290
16346367,-27.2332
16348249,-27.2375
16350132,-27.2417
16352014,-27.2460
16353897,-27.2502
16355780,-27.2545
16357663,-27.2587
16359546,-27.2630
16361430,-27.2673
16363314,-27.2715
16365198,-27.2758
16367082,-27.2800
16368966,-27.2843
16370851,-27.2885
16372736,-27.2928
16374621,-27.2970
16376506,-27.3013
16378392,-27.3055
16380277,-27.3098
16382163,-27.3140
16384050,-27.3182
16385936,-27.3225
16387823,-27.3267
16389709,-27.3310
16391596,-27.3352
16393484,-27.3395
16395371,-27.3437
16397259,-27.3480
16399147,-27.3522
16401035,-27.3565
16402923,-27.3607
16404812,-27.3649
16406701,-27.3692
16408590,-27.3734
16410479,-27.3777
16412368,-27.3819
16414258,-27.3861
16416148,-27.3904
16418038,-27.3946
16419928,-27.3989
16421819,-27.4031
16423710,-27.4073
16425600,-27.4116
16427492,-27.4158
16429383,-27.4201
16431275,-27.4243
16433166,-27.4285
16435059,-27.4328
16436951,-27.4370
16438843,-27.4412
16440736,-27.4455
16442629,-27.4497
16444522,-27.4539
16446415,-27.4582
16448309,-27.4624
16450203,-27.4666
16452097,-27.4709
16453991,-27.4751
16455885,-27.4793
16457780,-27.4836
16459675,-27.4878
16461570,-27.4920
16463465,-27.4963
16465361,-27.5005
16467257,-27.5047
16469153,-27.5089
16471049,-27.5132
16472945,-27.5174
16474842,-27.5216
16476739,-27.5259
16478636,-27.5301
16480533,-27.5343
16482431,-27.5385
16484328,-27.5428
16486226,-27.5470
16488124,-27.5512
16490023,-27.5554
16491921,-27.5597
16493820,-27.5639
16495719,-27.5681
16497618,-27.5723
16499518,-27.5766
16501418,-27.5808
16503317,-27.5850
16505218,-27.5892
16507118,-27.5934
16509019,-27.5977
16510919,-27.6019
16512820,-27.6061
16514722,-27.6103
16516623,-27.6145
16518525,-27.6188
16520426,-27.6230
16522329,-27.6272
16524231,-27.6314
16526133,-27.6356
16528036,-27.6399
16529939,-27.6441
16531842,-27.6483
16533746,-27.6525
16535649,-27.6567
16537553,-27.6609
16539457,-27.6651
16541362,-27.6694
16543266,-27.6736
16545171,-27.6778
16547076,-27.6820
16548981,-27.6862
16550886,-27.6904
16552792,-27.6946
16554698,-27.6988
16556604,-27.7031
16558510,-27.7073
16560416,-27.7115
16562323,-27.7157
16564230,-27.7199
16566137,-27.7241
16568045,-27.7283
16569952,-27.7325
16571860,-27.7367
16573768,-27.7409
16575676,-27.7451
16577585,-27.7493
16579493,-27.7536
16581402,-27.7578
16583311,-27.7620
16585221,-27.7662
16587130,-27.7704
16589040,-27.7746
16590950,-27.7788
16592860,-27.7830
16594771,-27.7872
16596681,-27.7914
16598592,-27.7956
16600503,-27.7998
16602415,-27.8040
16604326,-27.8082
16606238,-27.8124
16608150,-27.8166
16610062,-27.8208
16611974,-27.8250
16613887,-27.8292
16615800,-27.8334
16617713,-27.8376
16619626,-27.8418
16621540,-27.8460
16623454,-27.8502
16625368,-27.8544
16627282,-27.8586
16629196,-27.8628
16631111,-27.8670
16633026,-27.8712
16634941,-27.8754
16636856,-27.8796
16638771,-27.8838
16640687,-27.8879
16642603,-27.8921
16644519,-27.8963
16646436,-27.9005
16648352,-27.9047
16650269,-27.9089
16652186,-27.9131
16654103,-27.9173
16656021,-27.9215
16657939,-27.9257
16659856,-27.9299
16661775,-27.9341
16663693,-27.9382
16665612,-27.9424
16667530,-27.9466
16669449,-27.9508
16671369,-27.9550
16673288,-27.9592
16675208,-27.9634
16677128,-27.9676
16679048,-27.9717
16680968,-27.9759
16682889,-27.9801
16684810,-27.9843
16686731,-27.9885
16688652,-27.9927
16690573,-27.9969
16692495,-28.0010
16694417,-28.0052
16696339,-28.0094
16698261,-28.0136
16700184,-28.0178
16702107,-28.0220
16704030,-28.0261
16705953,-28.0303
16707876,-28.0345
16709800,-28.0387
16711724,-28.0429
16713648,-28.0470
16715572,-28.0512
16717497,-28.0554
16719422,-28.0596
16721347,-28.0638
16723272,-28.0679
16725197,-28.0721
16727123,-28.0763
16729049,-28.0805
16730975,-28.0846
16732902,-28.0888
16734828,-28.0930
16736755,-28.0972
16738682,-28.1013
16740609,-28.1055
16742537,-28.1097
16744464,-28.1139
16746392,-28.1180
16748320,-28.1222
16750249,-28.1264
16752177,-28.1305
16754106,-28.1347
16756035,-28.1389
16757964,-28.1431
16759894,-28.1472
16761823,-28.1514
16763753,-28.1556
16765683,-28.1597
16767613,-28.1639
16769544,-28.1681
16771475,-28.1722
16773406,-28.1764
16775337,-28.1806
16777268,-28.1847
16779200,-28.1889
16781132,-28.1931
16783064,-28.1972
16784996,-28.2014
16786929,-28.2056
16788862,-28.2097
16790795,-28.2139
16792728,-28.2181
16794661,-28.2222
16796595,-28.2264
16798529,-28.2306
16800463,-28.2347
16802397,-28.2389
16804332,-28.2430
16806267,-28.2472
16808202,-28.2514
16810137,-28.2555
16812073,-28.2597
16814008,-28.2639
16815944,-28.2680
16817880,-28.2722
16819817,-28.2763
16821753,-28.2805
16823690,-28.2846
16825627,-28.2888
16827564,-28.2930
16829502,-28.2971
16831439,-28.3013
16833377,-28.3054
16835315,-28.3096
16837254,-28.3137
16839192,-28.3179
16841131,-28.3221
16843070,-28.3262
16845009,-28.3304
16846949,-28.3345
16848888,-28.3387
16850828,-28.3428
16852768,-28.3470
16854709,-28.3511
16856649,-28.3553
16858590,-28.3594
16860531,-28.3636
16862473,-28.3677
16864414,-28.3719
16866356,-28.3760
16868298,-28.3802
16870240,-28.3843
16872182,-28.3885
16874125,-28.3926
16876068,-28.3968
16878011,-28.4009
16879954,-28.4051
16881897,-28.4092
16883841,-28.4134
16885785,-28.4175
16887729,-28.4217
16889674,-28.4258
16891618,-28.4300
16893563,-28.4341
16895508,-28.4382
16897453,-28.4424
16899399,-28.4465
16901345,-28.4507
16903290,-28.4548
16905237,-28.4590
16907183,-28.4631
16909130,-28.4673
16911077,-28.4714
16913024,-28.4755
16914971,-28.4797
16916918,-28.4838
16918866,-28.4880
16920814,-28.4921
16922762,-28.4962
16924711,-28.5004
16926659,-28.5045
16928608,-28.5087
16930557,-28.5128
16932507,-28.5169
16934456,-28.5211
16936406,-28.5252
16938356,-28.5293
16940306,-28.5335
16942257,-28.5376
16944207,-28.5418
16946158,-28.5459
16948109,-28.5500
16950061,-28.5542
16952012,-28.5583
16953964,-28.5624
16955916,-28.5666
16957868,-28.5707
16959821,-28.5748
16961773,-28.5790
16963726,-28.5831
16965679,-28.5872
16967633,-28.5914
16969586,-28.5955
16971540,-28.5996
16973494,-28.6037
16975448,-28.6079
16977403,-28.6120
16979358,-28.6161
16981313,-28.6203
16983268,-28.6244
16985223,-28.6285
16987179,-28.6326
16989135,-28.6368
16991091,-28.6409
16993047,-28.6450
16995003,-28.6492
16996960,-28.6533
16998917,-28.6574
17000874,-28.6615
17002832,-28.6657
17004789,-28.6698
17006747,-28.6739
17008705,-28.6780
17010664,-28.6822
17012622,-28.6863
17014581,-28.6904
17016540,-28.6945
17018499,-28.6986
17020458,-28.7028
17022418,-28.7069
17024378,-28.7110
17026338,-28.7151
17028299,-28.7193
17030259,-28.7234
17032220,-28.7275
17034181,-28.7316
17036142,-28.7357
17038104,-28.7399
17040065,-28.7440
17042027,-28.7481
17043989,-28.7522
17045952,-28.7563
17047914,-28.7604
17049877,-28.7646
17051840,-28.7687
17053804,-28.7728
17055767,-28.7769
17057731,-28.7810
17059695,-28.7851
17061659,-28.7893
17063623,-28.7934
17065588,-28.7975
17067553,-28.8016
17069518,-28.8057
17071483,-28.8098
17073449,-28.8139
17075414,-28.8180
17077380,-28.8222
17079347,-28.8263
17081313,-28.8304
17083280,-28.8345
17085247,-28.8386
17087214,-28.8427
17089181,-28.8468
17091149,-28.8509
17093117,-28.8550
17095085,-28.8591
17097053,-28.8633
17099021,-28.8674
17100990,-28.8715
17102959,-28.8756
17104928,-28.8797
17106898,-28.8838
17108867,-28.8879
17110837,-28.8920
17112807,-28.8961
17114777,-28.9002
17116748,-28.9043
17118719,-28.9084
17120690,-28.9125
17122661,-28.9166
17124632,-28.9207
17126604,-28.9248
17128576,-28.9289
17130548,-28.9330
17132520,-28.9371
17134493,-28.9412
17136466,-28.9453
17138439,-28.9494
17140412,-28.9535
17142385,-28.9577
17144359,-28.9618
17146333,-28.9658
17148307,-28.9699
17150282,-28.9740
17152256,-28.9781
17154231,-28.9822
17156206,-28.9863
17158181,-28.9904
17160157,-28.9945
17162133,-28.9986
17164109,-29.0027
17166085,-29.0068
17168061,-29.0109
17170038,-29.0150
17172015,-29.0191
17173992,-29.0232
17175969,-29.0273
17177947,-29.0314
17179925,-29.0355
17181903,-29.0396
17183881,-29.0437
17185859,-29.0478
17187838,-29.0519
17189817,-29.0560
17191796,-29.0600
17193776,-29.0641
17195755,-29.0682
17197735,-29.0723
17199715,-29.0764
17201695,-29.0805
17203676,-29.0846
17205657,-29.0887
17207638,-29.0928
17209619,-29.0969
17211600,-29.1009
17213582,-29.1050
17215564,-29.1091
17217546,-29.1132
17219528,-29.1173
17221511,-29.1214
17223494,-29.1255
17225477,-29.1296
17227460,-29.1336
17229444,-29.1377
17231427,-29.1418
17233411,-29.1459
17235396,-29.1500
17237380,-29.1541
17239365,-29.1582
17241349,-29.1622
17243335,-29.1663
17245320,-29.1704
17247305,-29.1745
17249291,-29.1786
17251277,-29.1826
17253263,-29.1867
17255250,-29.1908
17257237,-29.1949
17259224,-29.1990
17261211,-29.2031
17263198,-29.2071
17265186,-29.2112
17267174,-29.2153
17269162,-29.2194
17271150,-29.2234
17273138,-29.2275
17275127,-29.2316
17277116,-29.2357
17279105,-29.2398
17281095,-29.2438
17283085,-29.2479
17285074,-29.2520
17287065,-29.2561
17289055,-29.2601
17291046,-29.2642
17293036,-29.2683
17295027,-29.2724
17297019,-29.2764
17299010,-29.2805
17301002,-29.2846
17302994,-29.2887
17304986,-29.2927
17306979,-29.2968
17308971,-29.3009
17310964,-29.3049
17312957,-29.3090
17314951,-29.3131
17316944,-29.3172
17318938,-29.3212
17320932,-29.3253
17322926,-29.3294
17324921,-29.3334
17326915,-29.3375
17328910,-29.3416
17330906,-29.3456
17332901,-29.3497
17334897,-29.3538
17336892,-29.3578
17338889,-29.3619
17340885,-29.3660
17342881,-29.3700
17344878,-29.3741
17346875,-29.3782
17348872,-29.3822
17350870,-29.3863
17352868,-29.3904
17354866,-29.3944
17356864,-29.3985
17358862,-29.4026
17360861,-29.4066
17362860,-29.4107
17364859,-29.4148
17366858,-29.4188
17368858,-29.4229
17370857,-29.4269
17372857,-29.4310
17374858,-29.4351
17376858,-29.4391
17378859,-29.4432
17380860,-29.4472
17382861,-29.4513
17384862,-29.4554
17386864,-29.4594
17388866,-29.4635
17390868,-29.4675
17392870,-29.4716
17394873,-29.4757
17396875,-29.4797
17398878,-29.4838
17400882,-29.4878
17402885,-29.4919
17404889,-29.4959
17406893,-29.5000
17408897,-29.5041
17410901,-29.5081
17412906,-29.5122
17414911,-29.5162
17416916,-29.5203
17418921,-29.5243
17420927,-29.5284
17422933,-29.5324
17424939,-29.5365
17426945,-29.5405
17428951,-29.5446
17430958,-29.5486
17432965,-29.5527
17434972,-29.5568
17436979,-29.5608
17438987,-29.5649
17440995,-29.5689
17443003,-29.5730
17445011,-29.5770
17447020,-29.5811
17449029,-29.5851
17451038,-29.5892
17453047,-29.5932
17455056,-29.5972
17457066,-29.6013
17459076,-29.6053
17461086,-29.6094
17463097,-29.6134
17465107,-29.6175
17467118,-29.6215
17469129,-29.6256
17471140,-29.6296
17473152,-29.6337
17475164,-29.6377
17477176,-29.6418
17479188,-29.6458
17481201,-29.6498
17483213,-29.6539
17485226,-29.6579
17487239,-29.6620
17489253,-29.6660
17491266,-29.6701
17493280,-29.6741
17495294,-29.6781
17497309,-29.6822
17499323,-29.6862
17501338,-29.6903
17503353,-29.6943
17505368,-29.6984
17507384,-29.7024
17509400,-29.7064
17511416,-29.7105
17513432,-29.7145
17515448,-29.7185
17517465,-29.7226
17519482,-29.7266
17521499,-29.7307
17523516,-29.7347
17525534,-29.7387
17527552,-29.7428
17529570,-29.7468
17531588,-29.7508
17533606,-29.7549
17535625,-29.7589
17537644,-29.7630
17539663,-29.7670
17541683,-29.7710
17543703,-29.7751
17545722,-29.7791
17547743,-29.7831
17549763,-29.7872
17551784,-29.7912
17553804,-29.7952
17555825,-29.7993
17557847,-29.8033
17559868,-29.8073
17561890,-29.8113
17563912,-29.8154
17565934,-29.8194
17567957,-29.8234
17569979,-29.8275
17572002,-29.8315
17574026,-29.8355
17576049,-29.8396
17578073,-29.8436
17580097,-29.8476
17582121,-29.8516
17584145,-29.8557
17586170,-29.8597
17588194,-29.8637
17590219,-29.8678
17592245,-29.8718
17594270,-29.8758
17596296,-29.8798
17598322,-29.8839
17600348,-29.8879
17602374,-29.8919
17604401,-29.8959
17606428,-29.9000
17608455,-29.9040
17610482,-29.9080
17612510,-29.9120
17614538,-29.9161
17616566,-29.9201
17618594,-29.9241
17620623,-29.9281
17622652,-29.9321
17624681,-29.9362
17626710,-29.9402
17628739,-29.9442
17630769,-29.9482
17632799,-29.9522
17634829,-29.9563
17636859,-29.9603
17638890,-29.9643
17640921,-29.9683
17642952,-29.9723
17644983,-29.9764
17647015,-29.9804
17649047,-29.9844
17651079,-29.9884
17653111,-29.9924
17655144,-29.9965
17657176,-30.0005
17659209,-30.0045
17661243,-30.0085
17663276,-30.0125
17665310,-30.0165
17667344,-30.0205
17669378,-30.0246
17671412,-30.0286
17673447,-30.0326
17675482,-30.0366
17677517,-30.0406
17679552,-30.0446
17681588,-30.0486
17683623,-30.0527
17685659,-30.0567
17687696,-30.0607
17689732,-30.0647
17691769,-30.0687
17693806,-30.0727
17695843,-30.0767
17697880,-30.0807
17699918,-30.0847
17701956,-30.0888
17703994,-30.0928
17706032,-30.0968
17708071,-30.1008
17710110,-30.1048
17712149,-30.1088
17714188,-30.1128
17716228,-30.1168
17718268,-30.1208
17720308,-30.1248
17722348,-30.1288
17724388,-30.1328
17726429,-30.1369
17728470,-30.1409
17730511,-30.1449
17732553,-30.1489
17734594,-30.1529
17736636,-30.1569
17738678,-30.1609
17740721,-30.1649
17742763,-30.1689
17744806,-30.1729
17746849,-30.1769
17748892,-30.1809
17750936,-30.1849
17752980,-30.1889
17755024,-30.1929
17757068,-30.1969
17759112,-30.2009
17761157,-30.2049
17763202,-30.2089
17765247,-30.2129
17767293,-30.2169
17769338,-30.2209
17771384,-30.2249
17773430,-30.2289
17775477,-30.2329
17777523,-30.2369
17779570,-30.2409
17781617,-30.2449
17783664,-30.2489
17785712,-30.2529
17787760,-30.2569
17789808,-30.2609
17791856,-30.2649
17793904,-30.2689
17795953,-30.2729
17798002,-30.2769
17800051,-30.2809
17802101,-30.2849
17804150,-30.2889
17806200,-30.2929
17808250,-30.2969
17810301,-30.3008
17812351,-30.3048
17814402,-30.3088
17816453,-30.3128
17818505,-30.3168
17820556,-30.3208
17822608,-30.3248
17824660,-30.3288
17826712,-30.3328
17828765,-30.3368
17830817,-30.3408
17832870,-30.3448
17834924,-30.3488
17836977,-30.3527
17839031,-30.3567
17841085,-30.3607
17843139,-30.3647
17845193,-30.3687
17847248,-30.3727
17849303,-30.3767
17851358,-30.3807
17853413,-30.3846
17855469,-30.3886
17857525,-30.3926
17859581,-30.3966
17861637,-30.4006
17863693,-30.4046
17865750,-30.4086
17867807,-30.4126
17869864,-30.4165
17871922,-30.4205
17873979,-30.4245
17876037,-30.4285
17878096,-30.4325
17880154,-30.4365
17882213,-30.4404
17884272,-30.4444
17886331,-30.4484
17888390,-30.4524
17890450,-30.4564
17892509,-30.4604
17894569,-30.4643
17896630,-30.4683
17898690,-30.4723
17900751,-30.4763
17902812,-30.4803
17904873,-30.4842
17906935,-30.4882
17908997,-30.4922
17911059,-30.4962
17913121,-30.5002
17915183,-30.5041
17917246,-30.5081
17919309,-30.5121
17921372,-30.5161
17923435,-30.5200
17925499,-30.5240
17927563,-30.5280
17929627,-30.5320
17931691,-30.5360
17933756,-30.5399
17935821,-30.5439
17937886,-30.5479
17939951,-30.5519
17942017,-30.5558
17944082,-30.5598
17946148,-30.5638
17948215,-30.5678
17950281,-30.5717
17952348,-30.5757
17954415,-30.5797
17956482,-30.5836
17958549,-30.5876
17960617,-30.5916
17962685,-30.5956
17964753,-30.5995
17966822,-30.6035
17968890,-30.6075
17970959,-30.6115
17973028,-30.6154
17975097,-30.6194
17977167,-30.6234
17979237,-30.6273
17981307,-30.6313
17983377,-30.6353
17985448,-30.6392
17987519,-30.6432
17989590,-30.6472
17991661,-30.6511
17993732,-30.6551
17995804,-30.6591
17997876,-30.6630
17999948,-30.6670
18002021,-30.6710
18004093,-30.6749
18006166,-30.6789
18008239,-30.6829
18010313,-30.6868
18012386,-30.6908
18014460,-30.6948
18016534,-30.6987
18018609,-30.7027
18020683,-30.7067
18022758,-30.7106
18024833,-30.7146
18026909,-30.7186
18028984,-30.7225
18031060,-30.7265
18033136,-30.7304
18035212,-30.7344
18037289,-30.7384
18039365,-30.7423
18041442,-30.7463
18043520,-30.7502
18045597,-30.7542
18047675,-30.7582
18049753,-30.7621
18051831,-30.7661
18053909,-30.7700
18055988,-30.7740
18058067,-30.7780
18060146,-30.7819
18062225,-30.7859
18064305,-30.7898
18066385,-30.7938
18068465,-30.7978
18070545,-30.8017
18072626,-30.8057
18074707,-30.8096
18076788,-30.8136
18078869,-30.8175
18080950,-30.8215
18083032,-30.8254
18085114,-30.8294
18087196,-30.8334
18089279,-30.8373
18091362,-30.8413
18093445,-30.8452
18095528,-30.8492
18097611,-30.8531
18099695,-30.8571
18101779,-30.8610
18103863,-30.8650
18105947,-30.8689
18108032,-30.8729
18110117,-30.8768
18112202,-30.8808
18114287,-30.8847
18116373,-30.8887
18118459,-30.8926
18120545,-30.8966
18122631,-30.9005
18124718,-30.9045
18126805,-30.9084
18128892,-30.9124
18130979,-30.9163
18133067,-30.9203
18135154,-30.9242
18137242,-30.9282
18139331,-30.9321
18141419,-30.9361
18143508,-30.9400
18145597,-30.9440
18147686,-30.9479
18149775,-30.9519
18151865,-30.9558
18153955,-30.9598
18156045,-30.9637
18158136,-30.9676
18160226,-30.9716
18162317,-30.9755
18164408,-30.9795
18166500,-30.9834
18168591,-30.9874
18170683,-30.9913
18172775,-30.9952
18174868,-30.9992
18176960,-31.0031
18179053,-31.0071
18181146,-31.0110
18183239,-31.0150
18185333,-31.0189
18187427,-31.0228
18189521,-31.0268
18191615,-31.0307
18193709,-31.0347
18195804,-31.0386
18197899,-31.0425
18199994,-31.0465
18202090,-31.0504
18204186,-31.0544
18206282,-31.0583
18208378,-31.0622
18210474,-31.0662
18212571,-31.0701
18214668,-31.0740
18216765,-31.0780
18218862,-31.0819
18220960,-31.0859
18223058,-31.0898
18225156,-31.0937
18227254,-31.0977
18229353,-31.1016
18231452,-31.1055
18233551,-31.1095
18235650,-31.1134
18237750,-31.1173
18239850,-31.1213
18241950,-31.1252
18244050,-31.1291
18246151,-31.1331
18248251,-31.1370
18250352,-31.1409
18252454,-31.1449
18254555,-31.1488
18256657,-31.1527
18258759,-31.1567
18260861,-31.1606
18262964,-31.1645
18265066,-31.1685
18267169,-31.1724
18269273,-31.1763
18271376,-31.1803
18273480,-31.1842
18275584,-31.1881
18277688,-31.1920
18279792,-31.1960
18281897,-31.1999
18284002,-31.2038
18286107,-31.2078
18288212,-31.2117
18290318,-31.2156
18292424,-31.2195
18294530,-31.2235
18296636,-31.2274
18298743,-31.2313
18300850,-31.2352
18302957,-31.2392
18305064,-31.2431
18307172,-31.2470
18309280,-31.2509
18311388,-31.2549
18313496,-31.2588
18315604,-31.2627
18317713,-31.2666
18319822,-31.2706
18321931,-31.2745
18324041,-31.2784
18326151,-31.2823
18328261,-31.2863
18330371,-31.2902
18332481,-31.2941
18334592,-31.2980
18336703,-31.3019
18338814,-31.3059
18340926,-31.3098
18343038,-31.3137
18345149,-31.3176
18347262,-31.3216
18349374,-31.3255
18351487,-31.3294
18353600,-31.3333
18355713,-31.3372
18357826,-31.3411
18359940,-31.3451
18362054,-31.3490
18364168,-31.3529
18366282,-31.3568
18368397,-31.3607
18370512,-31.3647
18372627,-31.3686
18374742,-31.3725
18376858,-31.3764
18378974,-31.3803
18381090,-31.3842
18383206,-31.3882
18385323,-31.3921
18387439,-31.3960
18389556,-31.3999
18391674,-31.4038
18393791,-31.4077
18395909,-31.4116
18398027,-31.4156
18400145,-31.4195
18402264,-31.4234
18404383,-31.4273
18406502,-31.4312
18408621,-31.4351
18410740,-31.4390
18412860,-31.4429
18414980,-31.4469
18417100,-31.4508
18419221,-31.4547
18421342,-31.4586
18423463,-31.4625
18425584,-31.4664
18427705,-31.4703
18429827,-31.4742
18431949,-31.4781
18434071,-31.4820
18436193,-31.4860
18438316,-31.4899
18440439,-31.4938
18442562,-31.4977
18444686,-31.5016
18446809,-31.5055
18448933,-31.5094
18451057,-31.5133
18453182,-31.5172
18455306,-31.5211
18457431,-31.5250
18459556,-31.5289
18461682,-31.5328
18463807,-31.5367
18465933,-31.5406
18468059,-31.5445
18470185,-31.5485
18472312,-31.5524
18474439,-31.5563
18476566,-31.5602
18478693,-31.5641
18480821,-31.5680
18482949,-31.5719
18485077,-31.5758
18487205,-31.5797
18489333,-31.5836
18491462,-31.5875
18493591,-31.5914
18495721,-31.5953
18497850,-31.5992
18499980,-31.6031
18502110,-31.6070
18504240,-31.6109
18506371,-31.6148
18508501,-31.6187
18510632,-31.6226
18512764,-31.6265
18514895,-31.6304
18517027,-31.6343
18519159,-31.6382
18521291,-31.6421
18523423,-31.6460
18525556,-31.6499
18527689,-31.6538
18529822,-31.6577
18531956,-31.6616
18534089,-31.6655
18536223,-31.6694
18538358,-31.6733
18540492,-31.6772
18542627,-31.6810
18544762,-31.6849
18546897,-31.6888
18549032,-31.6927
18551168,-31.6966
18553304,-31.7005
18555440,-31.7044
18557576,-31.7083
18559713,-31.7122
18561850,-31.7161
18563987,-31.7200
18566124,-31.7239
18568262,-31.7278
18570400,-31.7317
18572538,-31.7356
18574676,-31.7395
18576815,-31.7433
18578954,-31.7472
18581093,-31.7511
18583232,-31.7550
18585372,-31.7589
18587512,-31.7628
18589652,-31.7667
18591792,-31.7706
18593933,-31.7745
18596074,-31.7784
18598215,-31.7822
18600356,-31.7861
18602497,-31.7900
18604639,-31.7939
18606781,-31.7978
18608924,-31.8017
18611066,-31.8056
18613209,-31.8095
18615352,-31.8133
18617495,-31.8172
18619639,-31.8211
18621783,-31.8250
18623927,-31.8289
18626071,-31.8328
18628216,-31.8367
18630360,-31.8405
18632505,-31.8444
18634651,-31.8483
18636796,-31.8522
18638942,-31.8561
18641088,-31.8600
18643234,-31.8638
18645381,-31.8677
18647527,-31.8716
18649674,-31.8755
18651822,-31.8794
18653969,-31.8833
18656117,-31.8871
18658265,-31.8910
18660413,-31.8949
18662562,-31.8988
18664710,-31.9027
18666859,-31.9065
18669009,-31.9104
18671158,-31.9143
18673308,-31.9182
18675458,-31.9221
18677608,-31.9259
18679758,-31.9298
18681909,-31.9337
18684060,-31.9376
18686211,-31.9415
18688363,-31.9453
18690514,-31.9492
18692666,-31.9531
18694819,-31.9570
18696971,-31.9608
18699124,-31.9647
18701277,-31.9686
18703430,-31.9725
18705583,-31.9763
18707737,-31.9802
18709891,-31.9841
18712045,-31.9880
18714199,-31.9918
18716354,-31.9957
18718509,-31.9996
18720664,-32.0035
18722820,-32.0073
18724975,-32.0112
18727131,-32.0151
18729287,-32.0190
18731444,-32.0228
18733601,-32.0267
18735757,-32.0306
18737915,-32.0345
18740072,-32.0383
18742230,-32.0422
18744388,-32.0461
18746546,-32.0499
18748704,-32.0538
18750863,-32.0577
18753022,-32.0615
18755181,-32.0654
18757340,-32.0693
18759500,-32.0732
18761660,-32.0770
18763820,-32.0809
18765980,-32.0848
18768141,-32.0886
18770302,-32.0925
18772463,-32.0964
18774624,-32.1002
18776786,-32.1041
18778948,-32.1080
18781110,-32.1118
18783272,-32.1157
18785435,-32.1196
18787598,-32.1234
18789761,-32.1273
18791924,-32.1312
18794088,-32.1350
18796252,-32.1389
18798416,-32.1428
18800580,-32.1466
18802745,-32.1505
18804910,-32.1544
18807075,-32.1582
18809240,-32.1621
18811406,-32.1660
18813572,-32.1698
18815738,-32.1737
18817904,-32.1775
18820071,-32.1814
18822238,-32.1853
18824405,-32.1891
18826572,-32.1930
18828740,-32.1968
18830908,-32.2007
18833076,-32.2046
18835244,-32.2084
18837413,-32.2123
18839582,-32.2162
18841751,-32.2200
18843920,-32.2239
18846090,-32.2277
18848260,-32.2316
18850430,-32.2354
18852600,-32.2393
18854771,-32.2432
18856942,-32.2470
18859113,-32.2509
18861284,-32.2547
18863456,-32.2586
18865627,-32.2625
18867800,-32.2663
18869972,-32.2702
18872145,-32.2740
18874317,-32.2779
18876491,-32.2817
18878664,-32.2856
18880838,-32.2894
18883011,-32.2933
18885185,-32.2972
18887360,-32.3010
18889534,-32.3049
18891709,-32.3087
18893884,-32.3126
18896060,-32.3164
18898235,-32.3203
18900411,-32.3241
18902587,-32.3280
18904764,-32.3318
18906940,-32.3357
18909117,-32.3395
18911294,-32.3434
18913472,-32.3472
18915649,-32.3511
18917827,-32.3550
18920005,-32.3588
18922184,-32.3627
18924362,-32.3665
18926541,-32.3704
18928720,-32.3742
18930900,-32.3781
18933079,-32.3819
18935259,-32.3858
18937439,-32.3896
18939620,-32.3935
18941800,-32.3973
18943981,-32.4011
18946162,-32.4050
18948344,-32.4088
18950525,-32.4127
18952707,-32.4165
18954889,-32.4204
18957072,-32.4242
18959254,-32.4281
18961437,-32.4319
18963620,-32.4358
18965804,-32.4396
18967987,-32.4435
18970171,-32.4473
18972356,-32.4512
18974540,-32.4550
18976725,-32.4588
18978909,-32.4627
18981095,-32.4665
18983280,-32.4704
18985466,-32.4742
18987652,-32.4781
18989838,-32.4819
18992024,-32.4857
18994211,-32.4896
18996398,-32.4934
18998585,-32.4973
19000772,-32.5011
19002960,-32.5050
19005148,-32.5088
19007336,-32.5126
19009525,-32.5165
19011713,-32.5203
19013902,-32.5242
19016091,-32.5280
19018281,-32.5318
19020470,-32.5357
19022660,-32.5395
19024851,-32.5434
19027041,-32.5472
19029232,-32.5510
19031423,-32.5549
19033614,-32.5587
19035805,-32.5626
19037997,-32.5664
19040189,-32.5702
19042381,-32.5741
19044574,-32.5779
19046766,-32.5817
19048959,-32.5856
19051153,-32.5894
19053346,-32.5933
19055540,-32.5971
19057734,-32.6009
19059928,-32.6048
19062122,-32.6086
19064317,-32.6124
19066512,-32.6163
19068707,-32.6201
19070903,-32.6239
19073099,-32.6278
19075295,-32.6316
19077491,-32.6354
19079687,-32.6393
19081884,-32.6431
19084081,-32.6469
19086278,-32.6508
19088476,-32.6546
19090674,-32.6584
19092872,-32.6623
19095070,-32.6661
19097269,-32.6699
19099467,-32.6738
19101666,-32.6776
19103866,-32.6814
19106065,-32.6852
19108265,-32.6891
19110465,-32.6929
19112665,-32.6967
19114866,-32.7006
19117067,-32.7044
19119268,-32.7082
19121469,-32.7121
19123671,-32.7159
19125872,-32.7197
19128075,-32.7235
19130277,-32.7274
19132479,-32.7312
19134682,-32.7350
19136885,-32.7388
19139089,-32.7427
19141292,-32.7465
19143496,-32.7503
19145700,-32.7542
19147905,-32.7580
19150109,-32.7618
19152314,-32.7656
19154519,-32.7695
19156725,-32.7733
19158930,-32.7771
19161136,-32.7809
19163342,-32.7848
19165549,-32.7886
19167755,-32.7924
19169962,-32.7962
19172169,-32.8000
19174377,-32.8039
19176584,-32.8077
19178792,-32.8115
19181000,-32.8153
19183209,-32.8192
19185418,-32.8230
19187626,-32.8268
19189836,-32.8306
19192045,-32.8344
19194255,-32.8383
19196465,-32.8421
19198675,-32.8459
19200885,-32.8497
19203096,-32.8535
19205307,-32.8574
19207518,-32.8612
19209730,-32.8650
19211941,-32.8688
19214153,-32.8726
19216366,-32.8765
19218578,-32.8803
19220791,-32.8841
19223004,-32.8879
19225217,-32.8917
19227431,-32.8955
19229644,-32.8994
19231858,-32.9032
19234073,-32.9070
19236287,-32.9108
19238502,-32.9146
19240717,-32.9184
19242932,-32.9223
19245148,-32.9261
19247364,-32.9299
19249580,-32.9337
19251796,-32.9375
19254013,-32.9413
19256230,-32.9452
19258447,-32.9490
19260664,-32.9528
19262882,-32.9566
19265099,-32.9604
19267318,-32.9642
19269536,-32.9680
19271755,-32.9718
19273973,-32.9757
19276193,-32.9795
19278412,-32.9833
19280632,-32.9871
19282851,-32.9909
19285072,-32.9947
19287292,-32.9985
19289513,-33.0023
19291734,-33.0062
19293955,-33.0100
19296176,-33.0138
19298398,-33.0176
19300620,-33.0214
19302842,-33.0252
19305064,-33.0290
19307287,-33.0328
19309510,-33.0366
19311733,-33.0404
19313957,-33.0442
19316180,-33.0481
19318404,-33.0519
19320629,-33.0557
19322853,-33.0595
19325078,-33.0633
19327303,-33.0671
19329528,-33.0709
19331754,-33.0747
19333980,-33.0785
19336206,-33.0823
19338432,-33.0861
19340658,-33.0899
19342885,-33.0937
19345112,-33.0975
19347340,-33.1013
19349567,-33.1051
19351795,-33.1090
19354023,-33.1128
19356251,-33.1166
19358480,-33.1204
19360709,-33.1242
19362938,-33.1280
19365167,-33.1318
19367397,-33.1356
19369627,-33.1394
19371857,-33.1432
19374087,-33.1470
19376318,-33.1508
19378549,-33.1546
19380780,-33.1584
19383012,-33.1622
19385243,-33.1660
19387475,-33.1698
19389707,-33.1736
19391940,-33.1774
19394173,-33.1812
19396405,-33.1850
19398639,-33.1888
19400872,-33.1926
19403106,-33.1964
19405340,-33.2002
19407574,-33.2040
19409809,-33.2078
19412043,-33.2116
19414278,-33.2154
19416514,-33.2192
19418749,-33.2230
19420985,-33.2268
19423221,-33.2306
19425457,-33.2344
19427694,-33.2382
19429931,-33.2420
19432168,-33.2458
19434405,-33.2496
19436643,-33.2533
19438881,-33.2571
19441119,-33.2609
19443357,-33.2647
19445596,-33.2685
19447835,-33.2723
19450074,-33.2761
19452313,-33.2799
19454553,-33.2837
19456793,-33.2875
19459033,-33.2913
19461273,-33.2951
19463514,-33.2989
19465755,-33.3027
19467996,-33.3065
19470238,-33.3103
19472479,-33.3140
19474721,-33.3178
19476964,-33.3216
19479206,-33.3254
19481449,-33.3292
19483692,-33.3330
19485935,-33.3368
19488179,-33.3406
19490423,-33.3444
19492667,-33.3482
19494911,-33.3520
19497155,-33.3557
19499400,-33.3595
19501645,-33.3633
19503891,-33.3671
19506136,-33.3709
19508382,-33.3747
19510628,-33.3785
19512875,-33.3823
19515121,-33.3861
19517368,-33.3898
19519615,-33.3936
19521863,-33.3974
19524110,-33.4012
19526358,-33.4050
19528607,-33.4088
19530855,-33.4126
19533104,-33.4163
19535353,-33.4201
19537602,-33.4239
19539851,-33.4277
19542101,-33.4315
19544351,-33.4353
19546601,-33.4391
19548852,-33.4428
19551103,-33.4466
19553354,-33.4504
19555605,-33.4542
19557856,-33.4580
19560108,-33.4618
19562360,-33.4655
19564613,-33.4693
19566865,-33.4731
19569118,-33.4769
19571371,-33.4807
19573625,-33.4845
19575878,-33.4882
19578132,-33.4920
19580386,-33.4958
19582641,-33.4996
19584895,-33.5034
19587150,-33.5071
19589405,-33.5109
19591661,-33.5147
19593917,-33.5185
19596173,-33.5223
19598429,-33.5260
19600685,-33.5298
19602942,-33.5336
19605199,-33.5374
19607456,-33.5412
19609714,-33.5449
19611972,-33.5487
19614230,-33.5525
19616488,-33.5563
19618746,-33.5601
19621005,-33.5638
19623264,-33.5676
19625524,-33.5714
19627783,-33.5752
19630043,-33.5789
19632303,-33.5827
19634564,-33.5865
19636824,-33.5903
19639085,-33.5940
19641346,-33.5978
19643608,-33.6016
19645869,-33.6054
19648131,-33.6091
19650394,-33.6129
19652656,-33.6167
19654919,-33.6205
19657182,-33.6242
19659445,-33.6280
19661709,-33.6318
19663972,-33.6356
19666236,-33.6393
19668501,-33.6431
19670765,-33.6469
19673030,-33.6507
19675295,-33.6544
19677560,-33.6582
19679826,-33.6620
19682092,-33.6657
19684358,-33.6695
19686624,-33.6733
19688891,-33.6771
19691158,-33.6808
19693425,-33.6846
19695692,-33.6884
19697960,-33.6921
19700228,-33.6959
19702496,-33.6997
19704765,-33.7034
19707033,-33.7072
19709302,-33.7110
19711572,-33.7147
19713841,-33.7185
19716111,-33.7223
19718381,-33.7261
19720651,-33.7298
19722922,-33.7336
19725193,-33.7374
19727464,-33.7411
19729735,-33.7449
19732007,-33.7487
19734279,-33.7524
19736551,-33.7562
19738823,-33.7600
19741096,-33.7637
19743369,-33.7675
19745642,-33.7713
19747915,-33.7750
19750189,-33.7788
19752463,-33.7825
19754737,-33.7863
19757012,-33.7901
19759286,-33.7938
19761561,-33.7976
19763837,-33.8014
19766112,-33.8051
19768388,-33.8089
19770664,-33.8127
19772940,-33.8164
19775217,-33.8202
19777494,-33.8239
19779771,-33.8277
19782048,-33.8315
19784326,-33.8352
19786604,-33.8390
19788882,-33.8428
19791160,-33.8465
19793439,-33.8503
19795718,-33.8540
19797997,-33.8578
19800276,-33.8616
19802556,-33.8653
19804836,-33.8691
19807116,-33.8728
19809397,-33.8766
19811678,-33.8804
19813959,-33.8841
19816240,-33.8879
19818522,-33.8916
19820803,-33.8954
19823086,-33.8992
19825368,-33.9029
19827650,-33.9067
19829933,-33.9104
19832216,-33.9142
19834500,-33.9179
19836784,-33.9217
19839067,-33.9255
19841352,-33.9292
19843636,-33.9330
19845921,-33.9367
19848206,-33.9405
19850491,-33.9442
19852777,-33.9480
19855062,-33.9517
19857348,-33.9555
19859635,-33.9593
19861921,-33.9630
19864208,-33.9668
19866495,-33.9705
19868782,-33.9743
19871070,-33.9780
19873358,-33.9818
19875646,-33.9855
19877934,-33.9893
19880223,-33.9930
19882512,-33.9968
19884801,-34.0005
19887091,-34.0043
19889380,-34.0080
19891670,-34.0118
19893961,-34.0155
19896251,-34.0193
19898542,-34.0230
19900833,-34.0268
19903124,-34.0306
19905416,-34.0343
19907708,-34.0381
19910000,-34.0418
19912292,-34.0456
19914585,-34.0493
19916878,-34.0531
19919171,-34.0568
19921464,-34.0605
19923758,-34.0643
19926052,-34.0680
19928346,-34.0718
19930640,-34.0755
19932935,-34.0793
19935230,-34.0830
19937525,-34.0868
19939821,-34.0905
19942117,-34.0943
19944413,-34.0980
19946709,-34.1018
19949006,-34.1055
19951303,-34.1093
19953600,-34.1130
19955897,-34.1168
19958195,-34.1205
19960493,-34.1243
19962791,-34.1280
19965089,-34.1317
19967388,-34.1355
19969687,-34.1392
19971986,-34.1430
19974286,-34.1467
19976585,-34.1505
19978885,-34.1542
19981186,-34.1580
19983486,-34.1617
19985787,-34.1654
19988088,-34.1692
19990389,-34.1729
19992691,-34.1767
19994993,-34.1804
19997295,-34.1841
19999597,-34.1879
20001900,-34.1916
20004203,-34.1954
20006506,-34.1991
20008810,-34.2029
20011113,-34.2066
20013417,-34.2103
20015722,-34.2141
20018026,-34.2178
