frequency_hz,ant_to_out_db
3000000,-10.7008
3000345,-10.7005
3000691,-10.7002
3001036,-10.6999
3001382,-10.6996
3001727,-10.6993
3002073,-10.6990
3002419,-10.6987
3002764,-10.6984
3003110,-10.6981
3003456,-10.6978
3003802,-10.6975
3004148,-10.6972
3004493,-10.6969
3004839,-10.6966
3005185,-10.6963
3005531,-10.6960
3005877,-10.6957
3006223,-10.6954
3006570,-10.6951
3006916,-10.6947
3007262,-10.6944
3007608,-10.6941
3007954,-10.6938
3008301,-10.6935
3008647,-10.6932
3008994,-10.6929
3009340,-10.6926
3009686,-10.6922
3010033,-10.6919
3010380,-10.6916
3010726,-10.6913
3011073,-10.6910
3011419,-10.6906
3011766,-10.6903
3012113,-10.6900
3012460,-10.6897
3012807,-10.6893
3013153,-10.6890
3013500,-10.6887
3013847,-10.6884
3014194,-10.6880
3014541,-10.6877
3014888,-10.6874
3015236,-10.6871
3015583,-10.6867
3015930,-10.6864
3016277,-10.6861
3016625,-10.6857
3016972,-10.6854
3017319,-10.6851
3017667,-10.6847
3018014,-10.6844
3018362,-10.6840
3018709,-10.6837
3019057,-10.6834
3019404,-10.6830
3019752,-10.6827
3020100,-10.6823
3020447,-10.6820
3020795,-10.6817
3021143,-10.6813
3021491,-10.6810
3021839,-10.6806
3022186,-10.6803
3022534,-10.6799
3022882,-10.6796
3023230,-10.6792
3023579,-10.6789
3023927,-10.6785
3024275,-10.6782
3024623,-10.6778
3024971,-10.6775
3025320,-10.6771
3025668,-10.6768
3026016,-10.6764
3026365,-10.6760
3026713,-10.6757
3027062,-10.6753
3027410,-10.6750
3027759,-10.6746
3028107,-10.6742
3028456,-10.6739
3028805,-10.6735
3029153,-10.6732
3029502,-10.6728
3029851,-10.6724
3030200,-10.6721
3030549,-10.6717
3030898,-10.6713
3031247,-10.6710
3031596,-10.6706
3031945,-10.6702
3032294,-10.6699
3032643,-10.6695
3032992,-10.6691
3033341,-10.6687
3033690,-10.6684
3034040,-10.6680
3034389,-10.6676
3034738,-10.6672
3035088,-10.6669
3035437,-10.6665
3035787,-10.6661
3036136,-10.6657
3036486,-10.6653
3036835,-10.6650
3037185,-10.6646
3037535,-10.6642
3037884,-10.6638
3038234,-10.6634
3038584,-10.6630
3038934,-10.6626
3039284,-10.6623
3039634,-10.6619
3039984,-10.6615
3040334,-10.6611
3040684,-10.6607
3041034,-10.6603
3041384,-10.6599
3041734,-10.6595
3042084,-10.6591
3042435,-10.6587
3042785,-10.6583
3043135,-10.6579
3043486,-10.6575
3043836,-10.6571
3044186,-10.6567
3044537,-10.6563
3044888,-10.6559
3045238,-10.6555
3045589,-10.6551
3045939,-10.6547
3046290,-10.6543
3046641,-10.6539
3046992,-10.6535
3047342,-10.6531
3047693,-10.6527
3048044,-10.6523
3048395,-10.6519
3048746,-10.6515
3049097,-10.6511
3049448,-10.6507
3049799,-10.6502
3050150,-10.6498
3050502,-10.6494
3050853,-10.6490
3051204,-10.6486
3051555,-10.6482
3051907,-10.6478
3052258,-10.6473
3052610,-10.6469
3052961,-10.6465
3053312,-10.6461
3053664,-10.6457
3054016,-10.6452
3054367,-10.6448
3054719,-10.6444
3055071,-10.6440
3055422,-10.6435
3055774,-10.6431
3056126,-10.6427
3056478,-10.6423
3056830,-10.6418
3057182,-10.6414
3057534,-10.6410
3057886,-10.6405
3058238,-10.6401
3058590,-10.6397
3058942,-10.6392
3059294,-10.6388
3059647,-10.6384
3059999,-10.6379
3060351,-10.6375
3060703,-10.6371
3061056,-10.6366
3061408,-10.6362
3061761,-10.6357
3062113,-10.6353
3062466,-10.6349
3062818,-10.6344
3063171,-10.6340
3063524,-10.6335
3063876,-10.6331
3064229,-10.6326
3064582,-10.6322
3064935,-10.6318
3065288,-10.6313
3065641,-10.6309
3065994,-10.6304
3066347,-10.6300
3066700,-10.6295
3067053,-10.6291
3067406,-10.6286
3067759,-10.6281
3068112,-10.6277
3068466,-10.6272
3068819,-10.6268
3069172,-10.6263
3069526,-10.6259
3069879,-10.6254
3070232,-10.6249
3070586,-10.6245
3070939,-10.6240
3071293,-10.6236
3071647,-10.6231
3072000,-10.6226
3072354,-10.6222
3072708,-10.6217
3073062,-10.6212
3073415,-10.6208
3073769,-10.6203
3074123,-10.6198
3074477,-10.6194
3074831,-10.6189
3075185,-10.6184
3075539,-10.6180
3075893,-10.6175
3076247,-10.6170
3076602,-10.6165
3076956,-10.6161
3077310,-10.6156
3077664,-10.6151
3078019,-10.6146
3078373,-10.6142
3078728,-10.6137
3079082,-10.6132
3079437,-10.6127
3079791,-10.6122
3080146,-10.6118
3080500,-10.6113
3080855,-10.6108
3081210,-10.6103
3081564,-10.6098
3081919,-10.6093
3082274,-10.6089
3082629,-10.6084
3082984,-10.6079
3083339,-10.6074
3083694,-10.6069
3084049,-10.6064
3084404,-10.6059
3084759,-10.6054
3085114,-10.6049
3085469,-10.6044
3085825,-10.6040
3086180,-10.6035
3086535,-10.6030
3086891,-10.6025
3087246,-10.6020
3087602,-10.6015
3087957,-10.6010
3088313,-10.6005
3088668,-10.6000
3089024,-10.5995
3089379,-10.5990
3089735,-10.5985
3090091,-10.5980
3090447,-10.5975
3090802,-10.5969
3091158,-10.5964
3091514,-10.5959
3091870,-10.5954
3092226,-10.5949
3092582,-10.5944
3092938,-10.5939
3093294,-10.5934
3093651,-10.5929
3094007,-10.5924
3094363,-10.5918
3094719,-10.5913
3095076,-10.5908
3095432,-10.5903
3095788,-10.5898
3096145,-10.5893
3096501,-10.5887
3096858,-10.5882
3097214,-10.5877
3097571,-10.5872
3097928,-10.5867
3098284,-10.5861
3098641,-10.5856
3098998,-10.5851
3099355,-10.5846
3099711,-10.5840
3100068,-10.5835
3100425,-10.5830
3100782,-10.5825
3101139,-10.5819
3101496,-10.5814
3101853,-10.5809
3102210,-10.5803
3102568,-10.5798
3102925,-10.5793
3103282,-10.5788
3103639,-10.5782
3103997,-10.5777
3104354,-10.5771
3104712,-10.5766
3105069,-10.5761
3105427,-10.5755
3105784,-10.5750
3106142,-10.5745
3106499,-10.5739
3106857,-10.5734
3107215,-10.5728
3107572,-10.5723
3107930,-10.5717
3108288,-10.5712
3108646,-10.5707
3109004,-10.5701
3109362,-10.5696
3109720,-10.5690
3110078,-10.5685
3110436,-10.5679
3110794,-10.5674
3111152,-10.5668
3111510,-10.5663
3111869,-10.5657
3112227,-10.5652
3112585,-10.5646
3112944,-10.5641
3113302,-10.5635
3113660,-10.5629
3114019,-10.5624
3114378,-10.5618
3114736,-10.5613
3115095,-10.5607
3115453,-10.5602
3115812,-10.5596
3116171,-10.5590
3116530,-10.5585
3116888,-10.5579
3117247,-10.5573
3117606,-10.5568
3117965,-10.5562
3118324,-10.5556
3118683,-10.5551
3119042,-10.5545
3119401,-10.5539
3119760,-10.5534
3120120,-10.5528
3120479,-10.5522
3120838,-10.5517
3121198,-10.5511
3121557,-10.5505
3121916,-10.5499
3122276,-10.5494
3122635,-10.5488
3122995,-10.5482
3123354,-10.5476
3123714,-10.5471
3124074,-10.5465
3124433,-10.5459
3124793,-10.5453
3125153,-10.5447
3125513,-10.5442
3125872,-10.5436
3126232,-10.5430
3126592,-10.5424
3126952,-10.5418
3127312,-10.5412
3127672,-10.5407
3128032,-10.5401
3128393,-10.5395
3128753,-10.5389
3129113,-10.5383
3129473,-10.5377
3129834,-10.5371
3130194,-10.5365
3130554,-10.5359
3130915,-10.5353
3131275,-10.5347
3131636,-10.5342
3131996,-10.5336
3132357,-10.5330
3132718,-10.5324
3133078,-10.5318
3133439,-10.5312
3133800,-10.5306
3134161,-10.5300
3134522,-10.5294
3134882,-10.5288
3135243,-10.5282
3135604,-10.5276
3135965,-10.5270
3136326,-10.5263
3136688,-10.5257
3137049,-10.5251
3137410,-10.5245
3137771,-10.5239
3138132,-10.5233
3138494,-10.5227
3138855,-10.5221
3139216,-10.5215
3139578,-10.5209
3139939,-10.5203
3140301,-10.5196
3140662,-10.5190
3141024,-10.5184
3141386,-10.5178
3141747,-10.5172
3142109,-10.5166
3142471,-10.5159
3142833,-10.5153
3143194,-10.5147
3143556,-10.5141
3143918,-10.5135
3144280,-10.5128
3144642,-10.5122
3145004,-10.5116
3145366,-10.5110
3145729,-10.5103
3146091,-10.5097
3146453,-10.5091
3146815,-10.5085
3147178,-10.5078
3147540,-10.5072
3147902,-10.5066
3148265,-10.5060
3148627,-10.5053
3148990,-10.5047
3149352,-10.5041
3149715,-10.5034
3150078,-10.5028
3150440,-10.5022
3150803,-10.5015
3151166,-10.5009
3151529,-10.5002
3151891,-10.4996
3152254,-10.4990
3152617,-10.4983
3152980,-10.4977
3153343,-10.4970
3153706,-10.4964
3154069,-10.4958
3154433,-10.4951
3154796,-10.4945
3155159,-10.4938
3155522,-10.4932
3155886,-10.4925
3156249,-10.4919
3156612,-10.4912
3156976,-10.4906
3157339,-10.4899
3157703,-10.4893
3158066,-10.4886
3158430,-10.4880
3158794,-10.4873
3159157,-10.4867
3159521,-10.4860
3159885,-10.4854
3160249,-10.4847
3160613,-10.4841
3160976,-10.4834
3161340,-10.4827
3161704,-10.4821
3162068,-10.4814
3162432,-10.4808
3162797,-10.4801
3163161,-10.4794
3163525,-10.4788
3163889,-10.4781
3164253,-10.4775
3164618,-10.4768
3164982,-10.4761
3165346,-10.4755
3165711,-10.4748
3166075,-10.4741
3166440,-10.4735
3166805,-10.4728
3167169,-10.4721
3167534,-10.4714
3167898,-10.4708
3168263,-10.4701
3168628,-10.4694
3168993,-10.4688
3169358,-10.4681
3169723,-10.4674
3170088,-10.4667
3170453,-10.4661
3170818,-10.4654
3171183,-10.4647
3171548,-10.4640
3171913,-10.4633
3172278,-10.4627
3172643,-10.4620
3173009,-10.4613
3173374,-10.4606
3173739,-10.4599
3174105,-10.4592
3174470,-10.4586
3174836,-10.4579
3175201,-10.4572
3175567,-10.4565
3175932,-10.4558
3176298,-10.4551
3176664,-10.4544
3177030,-10.4537
3177395,-10.4530
3177761,-10.4524
3178127,-10.4517
3178493,-10.4510
3178859,-10.4503
3179225,-10.4496
3179591,-10.4489
3179957,-10.4482
3180323,-10.4475
3180689,-10.4468
3181056,-10.4461
3181422,-10.4454
3181788,-10.4447
3182154,-10.4440
3182521,-10.4433
3182887,-10.4426
3183254,-10.4419
3183620,-10.4412
3183987,-10.4405
3184353,-10.4398
3184720,-10.4391
3185087,-10.4384
3185453,-10.4377
3185820,-10.4369
3186187,-10.4362
3186554,-10.4355
3186921,-10.4348
3187288,-10.4341
3187655,-10.4334
3188022,-10.4327
3188389,-10.4320
3188756,-10.4312
3189123,-10.4305
3189490,-10.4298
3189857,-10.4291
3190225,-10.4284
3190592,-10.4277
3190959,-10.4269
3191327,-10.4262
3191694,-10.4255
3192062,-10.4248
3192429,-10.4241
3192797,-10.4233
3193164,-10.4226
3193532,-10.4219
3193900,-10.4212
3194267,-10.4204
3194635,-10.4197
3195003,-10.4190
3195371,-10.4183
3195739,-10.4175
3196107,-10.4168
3196475,-10.4161
3196843,-10.4153
3197211,-10.4146
3197579,-10.4139
3197947,-10.4131
3198315,-10.4124
3198683,-10.4117
3199052,-10.4109
3199420,-10.4102
3199788,-10.4095
3200157,-10.4087
3200525,-10.4080
3200894,-10.4072
3201262,-10.4065
3201631,-10.4058
3201999,-10.4050
3202368,-10.4043
3202737,-10.4035
3203106,-10.4028
3203474,-10.4020
3203843,-10.4013
3204212,-10.4006
3204581,-10.3998
3204950,-10.3991
3205319,-10.3983
3205688,-10.3976
3206057,-10.3968
3206426,-10.3961
3206795,-10.3953
3207165,-10.3946
3207534,-10.3938
3207903,-10.3931
3208273,-10.3923
3208642,-10.3915
3209011,-10.3908
3209381,-10.3900
3209750,-10.3893
3210120,-10.3885
3210490,-10.3878
3210859,-10.3870
3211229,-10.3862
3211599,-10.3855
3211968,-10.3847
3212338,-10.3840
3212708,-10.3832
3213078,-10.3824
3213448,-10.3817
3213818,-10.3809
3214188,-10.3801
3214558,-10.3794
3214928,-10.3786
3215298,-10.3778
3215668,-10.3771
3216039,-10.3763
3216409,-10.3755
3216779,-10.3747
3217150,-10.3740
3217520,-10.3732
3217890,-10.3724
3218261,-10.3717
3218631,-10.3709
3219002,-10.3701
3219373,-10.3693
3219743,-10.3686
3220114,-10.3678
3220485,-10.3670
3220856,-10.3662
3221226,-10.3654
3221597,-10.3647
3221968,-10.3639
3222339,-10.3631
3222710,-10.3623
3223081,-10.3615
3223452,-10.3607
3223823,-10.3600
3224195,-10.3592
3224566,-10.3584
3224937,-10.3576
3225308,-10.3568
3225680,-10.3560
3226051,-10.3552
3226423,-10.3544
3226794,-10.3536
3227166,-10.3529
3227537,-10.3521
3227909,-10.3513
3228280,-10.3505
3228652,-10.3497
3229024,-10.3489
3229396,-10.3481
3229767,-10.3473
3230139,-10.3465
3230511,-10.3457
3230883,-10.3449
3231255,-10.3441
3231627,-10.3433
3231999,-10.3425
3232371,-10.3417
3232744,-10.3409
3233116,-10.3401
3233488,-10.3393
3233860,-10.3385
3234233,-10.3377
3234605,-10.3369
3234977,-10.3360
3235350,-10.3352
3235722,-10.3344
3236095,-10.3336
3236468,-10.3328
3236840,-10.3320
3237213,-10.3312
3237586,-10.3304
3237958,-10.3296
3238331,-10.3287
3238704,-10.3279
3239077,-10.3271
3239450,-10.3263
3239823,-10.3255
3240196,-10.3247
3240569,-10.3238
3240942,-10.3230
3241315,-10.3222
3241688,-10.3214
3242062,-10.3206
3242435,-10.3197
3242808,-10.3189
3243182,-10.3181
3243555,-10.3173
3243928,-10.3164
3244302,-10.3156
3244675,-10.3148
3245049,-10.3140
3245423,-10.3131
3245796,-10.3123
3246170,-10.3115
3246544,-10.3106
3246918,-10.3098
3247291,-10.3090
3247665,-10.3082
3248039,-10.3073
3248413,-10.3065
3248787,-10.3057
3249161,-10.3048
3249535,-10.3040
3249909,-10.3031
3250284,-10.3023
3250658,-10.3015
3251032,-10.3006
3251406,-10.2998
3251781,-10.2989
3252155,-10.2981
3252530,-10.2973
3252904,-10.2964
3253279,-10.2956
3253653,-10.2947
3254028,-10.2939
3254402,-10.2930
3254777,-10.2922
3255152,-10.2913
3255527,-10.2905
3255901,-10.2897
3256276,-10.2888
3256651,-10.2880
3257026,-10.2871
3257401,-10.2862
3257776,-10.2854
3258151,-10.2845
3258526,-10.2837
3258902,-10.2828
3259277,-10.2820
3259652,-10.2811
3260027,-10.2803
3260403,-10.2794
3260778,-10.2786
3261154,-10.2777
3261529,-10.2768
3261905,-10.2760
3262280,-10.2751
3262656,-10.2743
3263031,-10.2734
3263407,-10.2725
3263783,-10.2717
3264159,-10.2708
3264534,-10.2699
3264910,-10.2691
3265286,-10.2682
3265662,-10.2673
3266038,-10.2665
3266414,-10.2656
3266790,-10.2647
3267166,-10.2639
3267543,-10.2630
3267919,-10.2621
3268295,-10.2612
3268671,-10.2604
3269048,-10.2595
3269424,-10.2586
3269800,-10.2577
3270177,-10.2569
3270553,-10.2560
3270930,-10.2551
3271307,-10.2542
3271683,-10.2534
3272060,-10.2525
3272437,-10.2516
3272813,-10.2507
3273190,-10.2498
3273567,-10.2489
3273944,-10.2481
3274321,-10.2472
3274698,-10.2463
3275075,-10.2454
3275452,-10.2445
3275829,-10.2436
3276206,-10.2427
3276584,-10.2419
3276961,-10.2410
3277338,-10.2401
3277715,-10.2392
3278093,-10.2383
3278470,-10.2374
3278848,-10.2365
3279225,-10.2356
3279603,-10.2347
3279980,-10.2338
3280358,-10.2329
3280736,-10.2320
3281114,-10.2311
3281491,-10.2302
3281869,-10.2293
3282247,-10.2284
3282625,-10.2275
3283003,-10.2266
3283381,-10.2257
3283759,-10.2248
3284137,-10.2239
3284515,-10.2230
3284893,-10.2221
3285271,-10.2212
3285650,-10.2203
3286028,-10.2194
3286406,-10.2185
3286785,-10.2176
3287163,-10.2167
3287542,-10.2158
3287920,-10.2149
3288299,-10.2139
3288677,-10.2130
3289056,-10.2121
3289435,-10.2112
3289813,-10.2103
3290192,-10.2094
3290571,-10.2085
3290950,-10.2075
3291329,-10.2066
3291708,-10.2057
3292087,-10.2048
3292466,-10.2039
3292845,-10.2030
3293224,-10.2020
3293603,-10.2011
3293982,-10.2002
3294362,-10.1993
3294741,-10.1983
3295120,-10.1974
3295500,-10.1965
3295879,-10.1956
3296258,-10.1946
3296638,-10.1937
3297018,-10.1928
3297397,-10.1919
3297777,-10.1909
3298156,-10.1900
3298536,-10.1891
3298916,-10.1881
3299296,-10.1872
3299676,-10.1863
3300056,-10.1853
3300436,-10.1844
3300816,-10.1835
3301196,-10.1825
3301576,-10.1816
3301956,-10.1807
3302336,-10.1797
3302716,-10.1788
3303096,-10.1778
3303477,-10.1769
3303857,-10.1760
3304237,-10.1750
3304618,-10.1741
3304998,-10.1731
3305379,-10.1722
3305760,-10.1713
3306140,-10.1703
3306521,-10.1694
3306901,-10.1684
3307282,-10.1675
3307663,-10.1665
3308044,-10.1656
3308425,-10.1646
3308806,-10.1637
3309187,-10.1627
3309568,-10.1618
3309949,-10.1608
3310330,-10.1599
3310711,-10.1589
3311092,-10.1580
3311473,-10.1570
3311855,-10.1560
3312236,-10.1551
3312617,-10.1541
3312999,-10.1532
3313380,-10.1522
3313762,-10.1513
3314143,-10.1503
3314525,-10.1493
3314906,-10.1484
3315288,-10.1474
3315670,-10.1464
3316051,-10.1455
3316433,-10.1445
3316815,-10.1436
3317197,-10.1426
3317579,-10.1416
3317961,-10.1407
3318343,-10.1397
3318725,-10.1387
3319107,-10.1377
3319489,-10.1368
3319871,-10.1358
3320254,-10.1348
3320636,-10.1339
3321018,-10.1329
3321401,-10.1319
3321783,-10.1309
3322165,-10.1300
3322548,-10.1290
3322930,-10.1280
3323313,-10.1270
3323696,-10.1261
3324078,-10.1251
3324461,-10.1241
3324844,-10.1231
3325227,-10.1221
3325610,-10.1212
3325992,-10.1202
3326375,-10.1192
3326758,-10.1182
3327141,-10.1172
3327524,-10.1162
3327908,-10.1153
3328291,-10.1143
3328674,-10.1133
3329057,-10.1123
3329440,-10.1113
3329824,-10.1103
3330207,-10.1093
3330591,-10.1083
3330974,-10.1073
3331358,-10.1063
3331741,-10.1054
3332125,-10.1044
3332508,-10.1034
3332892,-10.1024
3333276,-10.1014
3333660,-10.1004
3334043,-10.0994
3334427,-10.0984
3334811,-10.0974
3335195,-10.0964
3335579,-10.0954
3335963,-10.0944
3336347,-10.0934
3336731,-10.0924
3337116,-10.0914
3337500,-10.0904
3337884,-10.0894
3338268,-10.0884
3338653,-10.0874
3339037,-10.0864
3339422,-10.0853
3339806,-10.0843
3340191,-10.0833
3340575,-10.0823
3340960,-10.0813
3341345,-10.0803
3341729,-10.0793
3342114,-10.0783
3342499,-10.0773
3342884,-10.0762
3343268,-10.0752
3343653,-10.0742
3344038,-10.0732
3344423,-10.0722
3344808,-10.0712
3345194,-10.0701
3345579,-10.0691
3345964,-10.0681
3346349,-10.0671
3346734,-10.0661
3347120,-10.0650
3347505,-10.0640
3347891,-10.0630
3348276,-10.0620
3348662,-10.0610
3349047,-10.0599
3349433,-10.0589
3349818,-10.0579
3350204,-10.0568
3350590,-10.0558
3350976,-10.0548
3351361,-10.0538
3351747,-10.0527
3352133,-10.0517
3352519,-10.0507
3352905,-10.0496
3353291,-10.0486
3353677,-10.0476
3354063,-10.0465
3354449,-10.0455
3354836,-10.0445
3355222,-10.0434
3355608,-10.0424
3355995,-10.0414
3356381,-10.0403
3356767,-10.0393
3357154,-10.0382
3357540,-10.0372
3357927,-10.0362
3358314,-10.0351
3358700,-10.0341
3359087,-10.0330
3359474,-10.0320
3359861,-10.0309
3360247,-10.0299
3360634,-10.0288
3361021,-10.0278
3361408,-10.0267
3361795,-10.0257
3362182,-10.0246
3362569,-10.0236
3362957,-10.0225
3363344,-10.0215
3363731,-10.0204
3364118,-10.0194
3364506,-10.0183
3364893,-10.0173
3365280,-10.0162
3365668,-10.0152
3366055,-10.0141
3366443,-10.0131
3366831,-10.0120
3367218,-10.0109
3367606,-10.0099
3367994,-10.0088
3368381,-10.0078
3368769,-10.0067
3369157,-10.0056
3369545,-10.0046
3369933,-10.0035
3370321,-10.0024
3370709,-10.0014
3371097,-10.0003
3371485,-9.9993
3371873,-9.9982
3372262,-9.9971
3372650,-9.9960
3373038,-9.9950
3373427,-9.9939
3373815,-9.9928
3374203,-9.9918
3374592,-9.9907
3374980,-9.9896
3375369,-9.9885
3375758,-9.9875
3376146,-9.9864
3376535,-9.9853
3376924,-9.9842
3377313,-9.9832
3377701,-9.9821
3378090,-9.9810
3378479,-9.9799
3378868,-9.9789
3379257,-9.9778
3379646,-9.9767
3380035,-9.9756
3380425,-9.9745
3380814,-9.9734
3381203,-9.9724
3381592,-9.9713
3381982,-9.9702
3382371,-9.9691
3382761,-9.9680
3383150,-9.9669
3383540,-9.9658
3383929,-9.9648
3384319,-9.9637
3384708,-9.9626
3385098,-9.9615
3385488,-9.9604
3385878,-9.9593
3386267,-9.9582
3386657,-9.9571
3387047,-9.9560
3387437,-9.9549
3387827,-9.9538
3388217,-9.9527
3388607,-9.9516
3388998,-9.9505
3389388,-9.9494
3389778,-9.9483
3390168,-9.9472
3390559,-9.9461
3390949,-9.9450
3391339,-9.9439
3391730,-9.9428
3392120,-9.9417
3392511,-9.9406
3392902,-9.9395
3393292,-9.9384
3393683,-9.9373
3394074,-9.9362
3394464,-9.9351
3394855,-9.9340
3395246,-9.9329
3395637,-9.9318
3396028,-9.9306
3396419,-9.9295
3396810,-9.9284
3397201,-9.9273
3397592,-9.9262
3397983,-9.9251
3398375,-9.9240
3398766,-9.9228
3399157,-9.9217
3399549,-9.9206
3399940,-9.9195
3400331,-9.9184
3400723,-9.9173
3401115,-9.9161
3401506,-9.9150
3401898,-9.9139
3402289,-9.9128
3402681,-9.9116
3403073,-9.9105
3403465,-9.9094
3403857,-9.9083
3404248,-9.9071
3404640,-9.9060
3405032,-9.9049
3405424,-9.9038
3405817,-9.9026
3406209,-9.9015
3406601,-9.9004
3406993,-9.8992
3407385,-9.8981
3407778,-9.8970
3408170,-9.8958
3408562,-9.8947
3408955,-9.8936
3409347,-9.8924
3409740,-9.8913
3410133,-9.8902
3410525,-9.8890
3410918,-9.8879
3411311,-9.8868
3411703,-9.8856
3412096,-9.8845
3412489,-9.8833
3412882,-9.8822
3413275,-9.8811
3413668,-9.8799
3414061,-9.8788
3414454,-9.8776
3414847,-9.8765
3415240,-9.8753
3415633,-9.8742
3416027,-9.8730
3416420,-9.8719
3416813,-9.8707
3417207,-9.8696
3417600,-9.8684
3417994,-9.8673
3418387,-9.8661
3418781,-9.8650
3419174,-9.8638
3419568,-9.8627
3419962,-9.8615
3420356,-9.8604
3420749,-9.8592
3421143,-9.8581
3421537,-9.8569
3421931,-9.8558
3422325,-9.8546
3422719,-9.8534
3423113,-9.8523
3423507,-9.8511
3423901,-9.8500
3424296,-9.8488
3424690,-9.8476
3425084,-9.8465
3425479,-9.8453
3425873,-9.8441
3426267,-9.8430
3426662,-9.8418
3427056,-9.8406
3427451,-9.8395
3427846,-9.8383
3428240,-9.8371
3428635,-9.8360
3429030,-9.8348
3429425,-9.8336
3429819,-9.8325
3430214,-9.8313
3430609,-9.8301
3431004,-9.8289
3431399,-9.8278
3431794,-9.8266
3432189,-9.8254
3432585,-9.8242
3432980,-9.8231
3433375,-9.8219
3433770,-9.8207
3434166,-9.8195
3434561,-9.8183
3434957,-9.8172
3435352,-9.8160
3435748,-9.8148
3436143,-9.8136
3436539,-9.8124
3436934,-9.8112
3437330,-9.8101
3437726,-9.8089
3438122,-9.8077
3438518,-9.8065
3438914,-9.8053
3439309,-9.8041
3439705,-9.8029
3440101,-9.8017
3440498,-9.8006
3440894,-9.7994
3441290,-9.7982
3441686,-9.7970
3442082,-9.7958
3442479,-9.7946
3442875,-9.7934
3443271,-9.7922
3443668,-9.7910
3444064,-9.7898
3444461,-9.7886
3444857,-9.7874
3445254,-9.7862
3445651,-9.7850
3446047,-9.7838
3446444,-9.7826
3446841,-9.7814
3447238,-9.7802
3447635,-9.7790
3448032,-9.7778
3448429,-9.7766
3448826,-9.7754
3449223,-9.7742
3449620,-9.7730
3450017,-9.7718
3450414,-9.7706
3450812,-9.7693
3451209,-9.7681
3451606,-9.7669
3452004,-9.7657
3452401,-9.7645
3452799,-9.7633
3453196,-9.7621
3453594,-9.7609
3453991,-9.7597
3454389,-9.7584
3454787,-9.7572
3455185,-9.7560
3455582,-9.7548
3455980,-9.7536
3456378,-9.7524
3456776,-9.7511
3457174,-9.7499
3457572,-9.7487
3457970,-9.7475
3458368,-9.7462
3458767,-9.7450
3459165,-9.7438
3459563,-9.7426
3459961,-9.7413
3460360,-9.7401
3460758,-9.7389
3461157,-9.7377
3461555,-9.7364
3461954,-9.7352
3462352,-9.7340
3462751,-9.7328
3463150,-9.7315
3463548,-9.7303
3463947,-9.7291
3464346,-9.7278
3464745,-9.7266
3465144,-9.7254
3465543,-9.7241
3465942,-9.7229
3466341,-9.7217
3466740,-9.7204
3467139,-9.7192
3467538,-9.7179
3467937,-9.7167
3468337,-9.7155
3468736,-9.7142
3469135,-9.7130
3469535,-9.7117
3469934,-9.7105
3470334,-9.7092
3470733,-9.7080
3471133,-9.7068
3471533,-9.7055
3471932,-9.7043
3472332,-9.7030
3472732,-9.7018
3473132,-9.7005
3473532,-9.6993
3473932,-9.6980
3474332,-9.6968
3474732,-9.6955
3475132,-9.6943
3475532,-9.6930
3475932,-9.6918
3476332,-9.6905
3476732,-9.6893
3477133,-9.6880
3477533,-9.6867
3477933,-9.6855
3478334,-9.6842
3478734,-9.6830
3479135,-9.6817
3479535,-9.6805
3479936,-9.6792
3480337,-9.6779
3480737,-9.6767
3481138,-9.6754
3481539,-9.6741
3481940,-9.6729
3482341,-9.6716
3482742,-9.6704
3483143,-9.6691
3483544,-9.6678
3483945,-9.6666
3484346,-9.6653
3484747,-9.6640
3485148,-9.6628
3485549,-9.6615
3485951,-9.6602
3486352,-9.6589
3486754,-9.6577
3487155,-9.6564
3487557,-9.6551
3487958,-9.6538
3488360,-9.6526
3488761,-9.6513
3489163,-9.6500
3489565,-9.6487
3489966,-9.6475
3490368,-9.6462
3490770,-9.6449
3491172,-9.6436
3491574,-9.6423
3491976,-9.6411
3492378,-9.6398
3492780,-9.6385
3493182,-9.6372
3493585,-9.6359
3493987,-9.6346
3494389,-9.6334
3494791,-9.6321
3495194,-9.6308
3495596,-9.6295
3495999,-9.6282
3496401,-9.6269
3496804,-9.6256
3497206,-9.6243
3497609,-9.6231
3498012,-9.6218
3498414,-9.6205
3498817,-9.6192
3499220,-9.6179
3499623,-9.6166
3500026,-9.6153
3500429,-9.6140
3500832,-9.6127
3501235,-9.6114
3501638,-9.6101
3502041,-9.6088
3502444,-9.6075
3502848,-9.6062
3503251,-9.6049
3503654,-9.6036
3504058,-9.6023
3504461,-9.6010
3504865,-9.5997
3505268,-9.5984
3505672,-9.5971
3506075,-9.5958
3506479,-9.5945
3506883,-9.5932
3507287,-9.5919
3507690,-9.5905
3508094,-9.5892
3508498,-9.5879
3508902,-9.5866
3509306,-9.5853
3509710,-9.5840
3510114,-9.5827
3510518,-9.5814
3510923,-9.5800
3511327,-9.5787
3511731,-9.5774
3512135,-9.5761
3512540,-9.5748
3512944,-9.5735
3513349,-9.5721
3513753,-9.5708
3514158,-9.5695
3514562,-9.5682
3514967,-9.5669
3515372,-9.5655
3515776,-9.5642
3516181,-9.5629
3516586,-9.5616
3516991,-9.5602
3517396,-9.5589
3517801,-9.5576
3518206,-9.5563
3518611,-9.5549
3519016,-9.5536
3519421,-9.5523
3519826,-9.5510
3520232,-9.5496
3520637,-9.5483
3521042,-9.5470
3521448,-9.5456
3521853,-9.5443
3522259,-9.5430
3522664,-9.5416
3523070,-9.5403
3523475,-9.5390
3523881,-9.5376
3524287,-9.5363
3524693,-9.5349
3525098,-9.5336
3525504,-9.5323
3525910,-9.5309
3526316,-9.5296
3526722,-9.5282
3527128,-9.5269
3527534,-9.5256
3527941,-9.5242
3528347,-9.5229
3528753,-9.5215
3529159,-9.5202
3529566,-9.5188
3529972,-9.5175
3530378,-9.5161
3530785,-9.5148
3531191,-9.5134
3531598,-9.5121
3532005,-9.5107
3532411,-9.5094
3532818,-9.5080
3533225,-9.5067
3533631,-9.5053
3534038,-9.5040
3534445,-9.5026
3534852,-9.5013
3535259,-9.4999
3535666,-9.4985
3536073,-9.4972
3536480,-9.4958
3536888,-9.4945
3537295,-9.4931
3537702,-9.4917
3538109,-9.4904
3538517,-9.4890
3538924,-9.4877
3539332,-9.4863
3539739,-9.4849
3540147,-9.4836
3540554,-9.4822
3540962,-9.4808
3541370,-9.4795
3541777,-9.4781
3542185,-9.4767
3542593,-9.4754
3543001,-9.4740
3543409,-9.4726
3543817,-9.4713
3544225,-9.4699
3544633,-9.4685
3545041,-9.4671
3545449,-9.4658
3545857,-9.4644
3546266,-9.4630
3546674,-9.4616
3547082,-9.4603
3547491,-9.4589
3547899,-9.4575
3548308,-9.4561
3548716,-9.4547
3549125,-9.4534
3549533,-9.4520
3549942,-9.4506
3550351,-9.4492
3550759,-9.4478
3551168,-9.4464
3551577,-9.4451
3551986,-9.4437
3552395,-9.4423
3552804,-9.4409
3553213,-9.4395
3553622,-9.4381
3554031,-9.4367
3554441,-9.4353
3554850,-9.4340
3555259,-9.4326
3555668,-9.4312
3556078,-9.4298
3556487,-9.4284
3556897,-9.4270
3557306,-9.4256
3557716,-9.4242
3558125,-9.4228
3558535,-9.4214
3558945,-9.4200
3559355,-9.4186
3559764,-9.4172
3560174,-9.4158
3560584,-9.4144
3560994,-9.4130
3561404,-9.4116
3561814,-9.4102
3562224,-9.4088
3562634,-9.4074
3563045,-9.4060
3563455,-9.4046
3563865,-9.4032
3564275,-9.4018
3564686,-9.4004
3565096,-9.3990
3565507,-9.3976
3565917,-9.3962
3566328,-9.3947
3566738,-9.3933
3567149,-9.3919
3567560,-9.3905
3567970,-9.3891
3568381,-9.3877
3568792,-9.3863
3569203,-9.3849
3569614,-9.3834
3570025,-9.3820
3570436,-9.3806
3570847,-9.3792
3571258,-9.3778
3571669,-9.3763
3572081,-9.3749
3572492,-9.3735
3572903,-9.3721
3573315,-9.3707
3573726,-9.3692
3574137,-9.3678
3574549,-9.3664
3574961,-9.3650
3575372,-9.3635
3575784,-9.3621
3576196,-9.3607
3576607,-9.3593
3577019,-9.3578
3577431,-9.3564
3577843,-9.3550
3578255,-9.3535
3578667,-9.3521
3579079,-9.3507
3579491,-9.3492
3579903,-9.3478
3580315,-9.3464
3580727,-9.3449
3581140,-9.3435
3581552,-9.3421
3581964,-9.3406
3582377,-9.3392
3582789,-9.3378
3583202,-9.3363
3583614,-9.3349
3584027,-9.3334
3584440,-9.3320
3584852,-9.3306
3585265,-9.3291
3585678,-9.3277
3586091,-9.3262
3586503,-9.3248
3586916,-9.3233
3587329,-9.3219
3587742,-9.3204
3588155,-9.3190
3588569,-9.3176
3588982,-9.3161
3589395,-9.3147
3589808,-9.3132
3590222,-9.3118
3590635,-9.3103
3591048,-9.3088
3591462,-9.3074
3591875,-9.3059
3592289,-9.3045
3592702,-9.3030
3593116,-9.3016
3593530,-9.3001
3593944,-9.2987
3594357,-9.2972
3594771,-9.2957
3595185,-9.2943
3595599,-9.2928
3596013,-9.2914
3596427,-9.2899
3596841,-9.2884
3597255,-9.2870
3597669,-9.2855
3598084,-9.2840
3598498,-9.2826
3598912,-9.2811
3599327,-9.2796
3599741,-9.2782
3600155,-9.2767
3600570,-9.2752
3600985,-9.2738
3601399,-9.2723
3601814,-9.2708
3602228,-9.2694
3602643,-9.2679
3603058,-9.2664
3603473,-9.2649
3603888,-9.2635
3604303,-9.2620
3604718,-9.2605
3605133,-9.2590
3605548,-9.2576
3605963,-9.2561
3606378,-9.2546
3606793,-9.2531
3607209,-9.2516
3607624,-9.2502
3608039,-9.2487
3608455,-9.2472
3608870,-9.2457
3609286,-9.2442
3609701,-9.2428
3610117,-9.2413
3610532,-9.2398
3610948,-9.2383
3611364,-9.2368
3611780,-9.2353
3612196,-9.2338
3612611,-9.2323
3613027,-9.2309
3613443,-9.2294
3613859,-9.2279
3614276,-9.2264
3614692,-9.2249
3615108,-9.2234
3615524,-9.2219
3615940,-9.2204
3616357,-9.2189
3616773,-9.2174
3617189,-9.2159
3617606,-9.2144
3618022,-9.2129
3618439,-9.2114
3618856,-9.2099
3619272,-9.2084
3619689,-9.2069
3620106,-9.2054
3620523,-9.2039
3620939,-9.2024
3621356,-9.2009
3621773,-9.1994
3622190,-9.1979
3622607,-9.1964
3623024,-9.1949
3623442,-9.1934
3623859,-9.1919
3624276,-9.1904
3624693,-9.1888
3625111,-9.1873
3625528,-9.1858
3625945,-9.1843
3626363,-9.1828
3626780,-9.1813
3627198,-9.1798
3627616,-9.1783
3628033,-9.1767
3628451,-9.1752
3628869,-9.1737
3629287,-9.1722
3629704,-9.1707
3630122,-9.1691
3630540,-9.1676
3630958,-9.1661
3631376,-9.1646
3631794,-9.1631
3632213,-9.1615
3632631,-9.1600
3633049,-9.1585
3633467,-9.1570
3633886,-9.1554
3634304,-9.1539
3634722,-9.1524
3635141,-9.1509
3635559,-9.1493
3635978,-9.1478
3636397,-9.1463
3636815,-9.1447
3637234,-9.1432
3637653,-9.1417
3638072,-9.1401
3638491,-9.1386
3638909,-9.1371
3639328,-9.1355
3639747,-9.1340
3640167,-9.1325
3640586,-9.1309
3641005,-9.1294
3641424,-9.1279
3641843,-9.1263
3642263,-9.1248
3642682,-9.1232
3643101,-9.1217
3643521,-9.1202
3643940,-9.1186
3644360,-9.1171
3644779,-9.1155
3645199,-9.1140
3645619,-9.1124
3646039,-9.1109
3646458,-9.1093
3646878,-9.1078
3647298,-9.1062
3647718,-9.1047
3648138,-9.1031
3648558,-9.1016
3648978,-9.1000
3649398,-9.0985
3649818,-9.0969
3650239,-9.0954
3650659,-9.0938
3651079,-9.0923
3651500,-9.0907
3651920,-9.0892
3652340,-9.0876
3652761,-9.0861
3653182,-9.0845
3653602,-9.0829
3654023,-9.0814
3654444,-9.0798
3654864,-9.0783
3655285,-9.0767
3655706,-9.0751
3656127,-9.0736
3656548,-9.0720
3656969,-9.0704
3657390,-9.0689
3657811,-9.0673
3658232,-9.0657
3658653,-9.0642
3659075,-9.0626
3659496,-9.0610
3659917,-9.0595
3660339,-9.0579
3660760,-9.0563
3661181,-9.0547
3661603,-9.0532
3662025,-9.0516
3662446,-9.0500
3662868,-9.0485
3663290,-9.0469
3663711,-9.0453
3664133,-9.0437
3664555,-9.0421
3664977,-9.0406
3665399,-9.0390
3665821,-9.0374
3666243,-9.0358
3666665,-9.0342
3667087,-9.0327
3667510,-9.0311
3667932,-9.0295
3668354,-9.0279
3668776,-9.0263
3669199,-9.0247
3669621,-9.0232
3670044,-9.0216
3670466,-9.0200
3670889,-9.0184
3671312,-9.0168
3671734,-9.0152
3672157,-9.0136
3672580,-9.0120
3673003,-9.0104
3673426,-9.0088
3673849,-9.0073
3674272,-9.0057
3674695,-9.0041
3675118,-9.0025
3675541,-9.0009
3675964,-8.9993
3676387,-8.9977
3676811,-8.9961
3677234,-8.9945
3677657,-8.9929
3678081,-8.9913
3678504,-8.9897
3678928,-8.9881
3679351,-8.9865
3679775,-8.9849
3680199,-8.9833
3680622,-8.9817
3681046,-8.9801
3681470,-8.9784
3681894,-8.9768
3682318,-8.9752
3682742,-8.9736
3683166,-8.9720
3683590,-8.9704
3684014,-8.9688
3684438,-8.9672
3684862,-8.9656
3685286,-8.9640
3685711,-8.9623
3686135,-8.9607
3686560,-8.9591
3686984,-8.9575
3687409,-8.9559
3687833,-8.9543
3688258,-8.9526
3688682,-8.9510
3689107,-8.9494
3689532,-8.9478
3689957,-8.9462
3690381,-8.9445
3690806,-8.9429
3691231,-8.9413
3691656,-8.9397
3692081,-8.9381
3692506,-8.9364
3692932,-8.9348
3693357,-8.9332
3693782,-8.9315
3694207,-8.9299
3694633,-8.9283
3695058,-8.9267
3695483,-8.9250
3695909,-8.9234
3696334,-8.9218
3696760,-8.9201
3697186,-8.9185
3697611,-8.9169
3698037,-8.9152
3698463,-8.9136
3698889,-8.9120
3699314,-8.9103
3699740,-8.9087
3700166,-8.9070
3700592,-8.9054
3701018,-8.9038
3701445,-8.9021
3701871,-8.9005
3702297,-8.8988
3702723,-8.8972
3703150,-8.8956
3703576,-8.8939
3704002,-8.8923
3704429,-8.8906
3704855,-8.8890
3705282,-8.8873
3705709,-8.8857
3706135,-8.8840
3706562,-8.8824
3706989,-8.8807
3707415,-8.8791
3707842,-8.8774
3708269,-8.8758
3708696,-8.8741
3709123,-8.8725
3709550,-8.8708
3709977,-8.8692
3710404,-8.8675
3710832,-8.8659
3711259,-8.8642
3711686,-8.8625
3712114,-8.8609
3712541,-8.8592
3712968,-8.8576
3713396,-8.8559
3713823,-8.8542
3714251,-8.8526
3714679,-8.8509
3715106,-8.8493
3715534,-8.8476
3715962,-8.8459
3716390,-8.8443
3716818,-8.8426
3717246,-8.8409
3717674,-8.8393
3718102,-8.8376
3718530,-8.8359
3718958,-8.8342
3719386,-8.8326
3719814,-8.8309
3720243,-8.8292
3720671,-8.8276
3721099,-8.8259
3721528,-8.8242
3721956,-8.8225
3722385,-8.8209
3722813,-8.8192
3723242,-8.8175
3723671,-8.8158
3724099,-8.8141
3724528,-8.8125
3724957,-8.8108
3725386,-8.8091
3725815,-8.8074
3726244,-8.8057
3726673,-8.8041
3727102,-8.8024
3727531,-8.8007
3727960,-8.7990
3728389,-8.7973
3728819,-8.7956
3729248,-8.7939
3729677,-8.7923
3730107,-8.7906
3730536,-8.7889
3730966,-8.7872
3731395,-8.7855
3731825,-8.7838
3732255,-8.7821
3732684,-8.7804
3733114,-8.7787
3733544,-8.7770
3733974,-8.7753
3734404,-8.7736
3734834,-8.7719
3735264,-8.7702
3735694,-8.7685
3736124,-8.7668
3736554,-8.7651
3736984,-8.7634
3737414,-8.7617
3737845,-8.7600
3738275,-8.7583
3738705,-8.7566
3739136,-8.7549
3739566,-8.7532
3739997,-8.7515
3740428,-8.7498
3740858,-8.7481
3741289,-8.7464
3741720,-8.7447
3742151,-8.7430
3742581,-8.7413
3743012,-8.7396
3743443,-8.7378
3743874,-8.7361
3744305,-8.7344
3744736,-8.7327
3745168,-8.7310
3745599,-8.7293
3746030,-8.7276
3746461,-8.7258
3746893,-8.7241
3747324,-8.7224
3747756,-8.7207
3748187,-8.7190
3748619,-8.7172
3749050,-8.7155
3749482,-8.7138
3749914,-8.7121
3750345,-8.7104
3750777,-8.7086
3751209,-8.7069
3751641,-8.7052
3752073,-8.7035
3752505,-8.7017
3752937,-8.7000
3753369,-8.6983
3753801,-8.6965
3754233,-8.6948
3754666,-8.6931
3755098,-8.6914
3755530,-8.6896
3755963,-8.6879
3756395,-8.6862
3756828,-8.6844
3757260,-8.6827
3757693,-8.6809
3758125,-8.6792
3758558,-8.6775
3758991,-8.6757
3759424,-8.6740
3759856,-8.6723
3760289,-8.6705
3760722,-8.6688
3761155,-8.6670
3761588,-8.6653
3762021,-8.6635
3762454,-8.6618
3762888,-8.6601
3763321,-8.6583
3763754,-8.6566
3764188,-8.6548
3764621,-8.6531
3765054,-8.6513
3765488,-8.6496
3765921,-8.6478
3766355,-8.6461
3766789,-8.6443
3767222,-8.6426
3767656,-8.6408
3768090,-8.6391
3768524,-8.6373
3768958,-8.6356
3769392,-8.6338
3769826,-8.6320
3770260,-8.6303
3770694,-8.6285
3771128,-8.6268
3771562,-8.6250
3771996,-8.6232
3772431,-8.6215
3772865,-8.6197
3773299,-8.6180
3773734,-8.6162
3774168,-8.6144
3774603,-8.6127
3775037,-8.6109
3775472,-8.6091
3775907,-8.6074
3776341,-8.6056
3776776,-8.6038
3777211,-8.6021
3777646,-8.6003
3778081,-8.5985
3778516,-8.5968
3778951,-8.5950
3779386,-8.5932
3779821,-8.5914
3780256,-8.5897
3780692,-8.5879
3781127,-8.5861
3781562,-8.5843
3781998,-8.5826
3782433,-8.5808
3782869,-8.5790
3783304,-8.5772
3783740,-8.5754
3784175,-8.5737
3784611,-8.5719
3785047,-8.5701
3785483,-8.5683
3785918,-8.5665
3786354,-8.5647
3786790,-8.5630
3787226,-8.5612
3787662,-8.5594
3788098,-8.5576
3788535,-8.5558
3788971,-8.5540
3789407,-8.5522
3789843,-8.5504
3790280,-8.5487
3790716,-8.5469
3791153,-8.5451
3791589,-8.5433
3792026,-8.5415
3792462,-8.5397
3792899,-8.5379
3793335,-8.5361
3793772,-8.5343
3794209,-8.5325
3794646,-8.5307
3795083,-8.5289
3795520,-8.5271
3795957,-8.5253
3796394,-8.5235
3796831,-8.5217
3797268,-8.5199
3797705,-8.5181
3798143,-8.5163
3798580,-8.5145
3799017,-8.5127
3799455,-8.5109
3799892,-8.5091
3800330,-8.5072
3800767,-8.5054
3801205,-8.5036
3801642,-8.5018
3802080,-8.5000
3802518,-8.4982
3802956,-8.4964
3803393,-8.4946
3803831,-8.4927
3804269,-8.4909
3804707,-8.4891
3805145,-8.4873
3805583,-8.4855
3806022,-8.4837
3806460,-8.4818
3806898,-8.4800
3807336,-8.4782
3807775,-8.4764
3808213,-8.4746
3808652,-8.4727
3809090,-8.4709
3809529,-8.4691
3809967,-8.4673
3810406,-8.4654
3810845,-8.4636
3811284,-8.4618
3811722,-8.4600
3812161,-8.4581
3812600,-8.4563
3813039,-8.4545
3813478,-8.4526
3813917,-8.4508
3814356,-8.4490
3814795,-8.4471
3815235,-8.4453
3815674,-8.4435
3816113,-8.4416
3816553,-8.4398
3816992,-8.4380
3817432,-8.4361
3817871,-8.4343
3818311,-8.4325
3818750,-8.4306
3819190,-8.4288
3819630,-8.4269
3820069,-8.4251
3820509,-8.4232
3820949,-8.4214
3821389,-8.4196
3821829,-8.4177
3822269,-8.4159
3822709,-8.4140
3823149,-8.4122
3823589,-8.4103
3824030,-8.4085
3824470,-8.4066
3824910,-8.4048
3825351,-8.4029
3825791,-8.4011
3826232,-8.3992
3826672,-8.3974
3827113,-8.3955
3827553,-8.3937
3827994,-8.3918
3828435,-8.3899
3828876,-8.3881
3829316,-8.3862
3829757,-8.3844
3830198,-8.3825
3830639,-8.3806
3831080,-8.3788
3831521,-8.3769
3831963,-8.3751
3832404,-8.3732
3832845,-8.3713
3833286,-8.3695
3833728,-8.3676
3834169,-8.3657
3834610,-8.3639
3835052,-8.3620
3835494,-8.3601
3835935,-8.3583
3836377,-8.3564
3836818,-8.3545
3837260,-8.3527
3837702,-8.3508
3838144,-8.3489
3838586,-8.3470
3839028,-8.3452
3839470,-8.3433
3839912,-8.3414
3840354,-8.3395
3840796,-8.3377
3841238,-8.3358
3841681,-8.3339
3842123,-8.3320
3842565,-8.3301
3843008,-8.3283
3843450,-8.3264
3843893,-8.3245
3844335,-8.3226
3844778,-8.3207
3845221,-8.3188
3845663,-8.3169
3846106,-8.3151
3846549,-8.3132
3846992,-8.3113
3847435,-8.3094
3847878,-8.3075
3848321,-8.3056
3848764,-8.3037
3849207,-8.3018
3849650,-8.2999
3850093,-8.2980
3850537,-8.2962
3850980,-8.2943
3851423,-8.2924
3851867,-8.2905
3852310,-8.2886
3852754,-8.2867
3853197,-8.2848
3853641,-8.2829
3854085,-8.2810
3854528,-8.2791
3854972,-8.2772
3855416,-8.2753
3855860,-8.2734
3856304,-8.2715
3856748,-8.2696
3857192,-8.2676
3857636,-8.2657
3858080,-8.2638
3858524,-8.2619
3858969,-8.2600
3859413,-8.2581
3859857,-8.2562
3860302,-8.2543
3860746,-8.2524
3861191,-8.2505
3861635,-8.2485
3862080,-8.2466
3862525,-8.2447
3862969,-8.2428
3863414,-8.2409
3863859,-8.2390
3864304,-8.2370
3864749,-8.2351
3865194,-8.2332
3865639,-8.2313
3866084,-8.2294
3866529,-8.2274
3866974,-8.2255
3867419,-8.2236
3867865,-8.2217
3868310,-8.2198
3868755,-8.2178
3869201,-8.2159
3869646,-8.2140
3870092,-8.2120
3870537,-8.2101
3870983,-8.2082
3871429,-8.2063
3871874,-8.2043
3872320,-8.2024
3872766,-8.2005
3873212,-8.1985
3873658,-8.1966
3874104,-8.1947
3874550,-8.1927
3874996,-8.1908
3875442,-8.1888
3875888,-8.1869
3876335,-8.1850
3876781,-8.1830
3877227,-8.1811
3877674,-8.1792
3878120,-8.1772
3878567,-8.1753
3879013,-8.1733
3879460,-8.1714
3879906,-8.1694
3880353,-8.1675
3880800,-8.1655
3881247,-8.1636
3881694,-8.1616
3882141,-8.1597
3882588,-8.1578
3883035,-8.1558
3883482,-8.1538
3883929,-8.1519
3884376,-8.1499
3884823,-8.1480
3885270,-8.1460
3885718,-8.1441
3886165,-8.1421
3886613,-8.1402
3887060,-8.1382
3887508,-8.1363
3887955,-8.1343
3888403,-8.1323
3888851,-8.1304
3889298,-8.1284
3889746,-8.1265
3890194,-8.1245
3890642,-8.1225
3891090,-8.1206
3891538,-8.1186
3891986,-8.1166
3892434,-8.1147
3892882,-8.1127
3893330,-8.1107
3893779,-8.1088
3894227,-8.1068
3894675,-8.1048
3895124,-8.1028
3895572,-8.1009
3896021,-8.0989
3896469,-8.0969
3896918,-8.0950
3897367,-8.0930
3897815,-8.0910
3898264,-8.0890
3898713,-8.0871
3899162,-8.0851
3899611,-8.0831
3900060,-8.0811
3900509,-8.0791
3900958,-8.0772
3901407,-8.0752
3901856,-8.0732
3902305,-8.0712
3902755,-8.0692
3903204,-8.0672
3903653,-8.0653
3904103,-8.0633
3904552,-8.0613
3905002,-8.0593
3905452,-8.0573
3905901,-8.0553
3906351,-8.0533
3906801,-8.0513
3907250,-8.0493
3907700,-8.0473
3908150,-8.0453
3908600,-8.0434
3909050,-8.0414
3909500,-8.0394
3909950,-8.0374
3910401,-8.0354
3910851,-8.0334
3911301,-8.0314
3911751,-8.0294
3912202,-8.0274
3912652,-8.0254
3913103,-8.0234
3913553,-8.0214
3914004,-8.0194
3914455,-8.0174
3914905,-8.0153
3915356,-8.0133
3915807,-8.0113
3916258,-8.0093
3916709,-8.0073
3917159,-8.0053
3917610,-8.0033
3918062,-8.0013
3918513,-7.9993
3918964,-7.9973
3919415,-7.9953
3919866,-7.9932
3920318,-7.9912
3920769,-7.9892
3921220,-7.9872
3921672,-7.9852
3922123,-7.9832
3922575,-7.9811
3923027,-7.9791
3923478,-7.9771
3923930,-7.9751
3924382,-7.9731
3924834,-7.9710
3925286,-7.9690
3925737,-7.9670
3926189,-7.9650
3926642,-7.9629
3927094,-7.9609
3927546,-7.9589
3927998,-7.9568
3928450,-7.9548
3928903,-7.9528
3929355,-7.9508
3929807,-7.9487
3930260,-7.9467
3930712,-7.9447
3931165,-7.9426
3931617,-7.9406
3932070,-7.9386
3932523,-7.9365
3932976,-7.9345
3933428,-7.9324
3933881,-7.9304
3934334,-7.9284
3934787,-7.9263
3935240,-7.9243
3935693,-7.9222
3936147,-7.9202
3936600,-7.9182
3937053,-7.9161
3937506,-7.9141
3937960,-7.9120
3938413,-7.9100
3938866,-7.9079
3939320,-7.9059
3939774,-7.9038
3940227,-7.9018
3940681,-7.8997
3941134,-7.8977
3941588,-7.8956
3942042,-7.8936
3942496,-7.8915
3942950,-7.8895
3943404,-7.8874
3943858,-7.8854
3944312,-7.8833
3944766,-7.8813
3945220,-7.8792
3945674,-7.8771
3946129,-7.8751
3946583,-7.8730
3947038,-7.8710
3947492,-7.8689
3947946,-7.8668
3948401,-7.8648
3948856,-7.8627
3949310,-7.8606
3949765,-7.8586
3950220,-7.8565
3950675,-7.8544
3951129,-7.8524
3951584,-7.8503
3952039,-7.8482
3952494,-7.8462
3952949,-7.8441
3953405,-7.8420
3953860,-7.8399
3954315,-7.8379
3954770,-7.8358
3955226,-7.8337
3955681,-7.8316
3956136,-7.8296
3956592,-7.8275
3957047,-7.8254
3957503,-7.8233
3957959,-7.8212
3958414,-7.8192
3958870,-7.8171
3959326,-7.8150
3959782,-7.8129
3960238,-7.8108
3960694,-7.8087
3961150,-7.8067
3961606,-7.8046
3962062,-7.8025
3962518,-7.8004
3962974,-7.7983
3963431,-7.7962
3963887,-7.7941
3964343,-7.7920
3964800,-7.7899
3965256,-7.7878
3965713,-7.7857
3966169,-7.7837
3966626,-7.7816
3967083,-7.7795
3967539,-7.7774
3967996,-7.7753
3968453,-7.7732
3968910,-7.7711
3969367,-7.7690
3969824,-7.7669
3970281,-7.7648
3970738,-7.7627
3971195,-7.7606
3971653,-7.7584
3972110,-7.7563
3972567,-7.7542
3973025,-7.7521
3973482,-7.7500
3973940,-7.7479
3974397,-7.7458
3974855,-7.7437
3975312,-7.7416
3975770,-7.7395
3976228,-7.7374
3976686,-7.7352
3977143,-7.7331
3977601,-7.7310
3978059,-7.7289
3978517,-7.7268
3978975,-7.7247
3979434,-7.7225
3979892,-7.7204
3980350,-7.7183
3980808,-7.7162
3981267,-7.7141
3981725,-7.7119
3982183,-7.7098
3982642,-7.7077
3983100,-7.7056
3983559,-7.7034
3984018,-7.7013
3984476,-7.6992
3984935,-7.6971
3985394,-7.6949
3985853,-7.6928
3986312,-7.6907
3986771,-7.6885
3987230,-7.6864
3987689,-7.6843
3988148,-7.6821
3988607,-7.6800
3989066,-7.6779
3989526,-7.6757
3989985,-7.6736
3990444,-7.6715
3990904,-7.6693
3991363,-7.6672
3991823,-7.6650
3992282,-7.6629
3992742,-7.6608
3993202,-7.6586
3993662,-7.6565
3994121,-7.6543
3994581,-7.6522
3995041,-7.6500
3995501,-7.6479
3995961,-7.6457
3996421,-7.6436
3996881,-7.6414
3997342,-7.6393
3997802,-7.6371
3998262,-7.6350
3998722,-7.6328
3999183,-7.6307
3999643,-7.6285
4000104,-7.6264
4000564,-7.6242
4001025,-7.6221
4001486,-7.6199
4001946,-7.6178
4002407,-7.6156
4002868,-7.6134
4003329,-7.6113
4003790,-7.6091
4004251,-7.6070
4004712,-7.6048
4005173,-7.6026
4005634,-7.6005
4006095,-7.5983
4006556,-7.5961
4007018,-7.5940
4007479,-7.5918
4007940,-7.5896
4008402,-7.5875
4008863,-7.5853
4009325,-7.5831
4009787,-7.5809
4010248,-7.5788
4010710,-7.5766
4011172,-7.5744
4011634,-7.5722
4012095,-7.5701
4012557,-7.5679
4013019,-7.5657
4013481,-7.5635
4013943,-7.5614
4014406,-7.5592
4014868,-7.5570
4015330,-7.5548
4015792,-7.5526
4016255,-7.5504
4016717,-7.5483
4017180,-7.5461
4017642,-7.5439
4018105,-7.5417
4018567,-7.5395
4019030,-7.5373
4019493,-7.5351
4019956,-7.5329
4020418,-7.5308
4020881,-7.5286
4021344,-7.5264
4021807,-7.5242
4022270,-7.5220
4022733,-7.5198
4023197,-7.5176
4023660,-7.5154
4024123,-7.5132
4024586,-7.5110
4025050,-7.5088
4025513,-7.5066
4025977,-7.5044
4026440,-7.5022
4026904,-7.5000
4027367,-7.4978
4027831,-7.4956
4028295,-7.4934
4028759,-7.4912
4029223,-7.4890
4029686,-7.4868
4030150,-7.4846
4030614,-7.4823
4031078,-7.4801
4031543,-7.4779
4032007,-7.4757
4032471,-7.4735
4032935,-7.4713
4033400,-7.4691
4033864,-7.4669
4034328,-7.4646
4034793,-7.4624
4035258,-7.4602
4035722,-7.4580
4036187,-7.4558
4036651,-7.4535
4037116,-7.4513
4037581,-7.4491
4038046,-7.4469
4038511,-7.4447
4038976,-7.4424
4039441,-7.4402
4039906,-7.4380
4040371,-7.4358
4040836,-7.4335
4041302,-7.4313
4041767,-7.4291
4042232,-7.4268
4042698,-7.4246
4043163,-7.4224
4043629,-7.4201
4044094,-7.4179
4044560,-7.4157
4045025,-7.4134
4045491,-7.4112
4045957,-7.4090
4046423,-7.4067
4046889,-7.4045
4047355,-7.4023
4047821,-7.4000
4048287,-7.3978
4048753,-7.3955
4049219,-7.3933
4049685,-7.3910
4050151,-7.3888
4050618,-7.3866
4051084,-7.3843
4051550,-7.3821
4052017,-7.3798
4052483,-7.3776
4052950,-7.3753
4053417,-7.3731
4053883,-7.3708
4054350,-7.3686
4054817,-7.3663
4055284,-7.3641
4055751,-7.3618
4056218,-7.3595
4056685,-7.3573
4057152,-7.3550
4057619,-7.3528
4058086,-7.3505
4058553,-7.3483
4059021,-7.3460
4059488,-7.3437
4059955,-7.3415
4060423,-7.3392
4060890,-7.3369
4061358,-7.3347
4061825,-7.3324
4062293,-7.3302
4062761,-7.3279
4063229,-7.3256
4063696,-7.3233
4064164,-7.3211
4064632,-7.3188
4065100,-7.3165
4065568,-7.3143
4066036,-7.3120
4066504,-7.3097
4066973,-7.3074
4067441,-7.3052
4067909,-7.3029
4068378,-7.3006
4068846,-7.2983
4069314,-7.2961
4069783,-7.2938
4070252,-7.2915
4070720,-7.2892
4071189,-7.2869
4071658,-7.2846
4072126,-7.2824
4072595,-7.2801
4073064,-7.2778
4073533,-7.2755
4074002,-7.2732
4074471,-7.2709
4074940,-7.2686
4075410,-7.2664
4075879,-7.2641
4076348,-7.2618
4076817,-7.2595
4077287,-7.2572
4077756,-7.2549
4078226,-7.2526
4078695,-7.2503
4079165,-7.2480
4079634,-7.2457
4080104,-7.2434
4080574,-7.2411
4081044,-7.2388
4081514,-7.2365
4081984,-7.2342
4082454,-7.2319
4082924,-7.2296
4083394,-7.2273
4083864,-7.2250
4084334,-7.2227
4084804,-7.2204
4085275,-7.2181
4085745,-7.2158
4086215,-7.2134
4086686,-7.2111
4087156,-7.2088
4087627,-7.2065
4088098,-7.2042
4088568,-7.2019
4089039,-7.1996
4089510,-7.1973
4089981,-7.1949
4090452,-7.1926
4090923,-7.1903
4091394,-7.1880
4091865,-7.1857
4092336,-7.1833
4092807,-7.1810
4093278,-7.1787
4093749,-7.1764
4094221,-7.1740
4094692,-7.1717
4095164,-7.1694
4095635,-7.1671
4096107,-7.1647
4096578,-7.1624
4097050,-7.1601
4097522,-7.1578
4097993,-7.1554
4098465,-7.1531
4098937,-7.1508
4099409,-7.1484
4099881,-7.1461
4100353,-7.1438
4100825,-7.1414
4101297,-7.1391
4101770,-7.1367
4102242,-7.1344
4102714,-7.1321
4103186,-7.1297
4103659,-7.1274
4104131,-7.1250
4104604,-7.1227
4105076,-7.1203
4105549,-7.1180
4106022,-7.1157
4106495,-7.1133
4106967,-7.1110
4107440,-7.1086
4107913,-7.1063
4108386,-7.1039
4108859,-7.1016
4109332,-7.0992
4109805,-7.0969
4110279,-7.0945
4110752,-7.0922
4111225,-7.0898
4111698,-7.0874
4112172,-7.0851
4112645,-7.0827
4113119,-7.0804
4113592,-7.0780
4114066,-7.0756
4114540,-7.0733
4115013,-7.0709
4115487,-7.0686
4115961,-7.0662
4116435,-7.0638
4116909,-7.0615
4117383,-7.0591
4117857,-7.0567
4118331,-7.0544
4118805,-7.0520
4119279,-7.0496
4119754,-7.0472
4120228,-7.0449
4120702,-7.0425
4121177,-7.0401
4121651,-7.0378
4122126,-7.0354
4122601,-7.0330
4123075,-7.0306
4123550,-7.0282
4124025,-7.0259
4124499,-7.0235
4124974,-7.0211
4125449,-7.0187
4125924,-7.0163
4126399,-7.0140
4126874,-7.0116
4127350,-7.0092
4127825,-7.0068
4128300,-7.0044
4128775,-7.0020
4129251,-6.9996
4129726,-6.9972
4130202,-6.9949
4130677,-6.9925
4131153,-6.9901
4131628,-6.9877
4132104,-6.9853
4132580,-6.9829
4133056,-6.9805
4133532,-6.9781
4134007,-6.9757
4134483,-6.9733
4134959,-6.9709
4135436,-6.9685
4135912,-6.9661
4136388,-6.9637
4136864,-6.9613
4137340,-6.9589
4137817,-6.9565
4138293,-6.9541
4138770,-6.9517
4139246,-6.9493
4139723,-6.9469
4140199,-6.9444
4140676,-6.9420
4141153,-6.9396
4141630,-6.9372
4142106,-6.9348
4142583,-6.9324
4143060,-6.9300
4143537,-6.9276
4144014,-6.9251
4144492,-6.9227
4144969,-6.9203
4145446,-6.9179
4145923,-6.9155
4146401,-6.9130
4146878,-6.9106
4147355,-6.9082
4147833,-6.9058
4148310,-6.9034
4148788,-6.9009
4149266,-6.8985
4149744,-6.8961
4150221,-6.8936
4150699,-6.8912
4151177,-6.8888
4151655,-6.8864
4152133,-6.8839
4152611,-6.8815
4153089,-6.8791
4153567,-6.8766
4154046,-6.8742
4154524,-6.8718
4155002,-6.8693
4155481,-6.8669
4155959,-6.8644
4156438,-6.8620
4156916,-6.8596
4157395,-6.8571
4157873,-6.8547
4158352,-6.8522
4158831,-6.8498
4159310,-6.8473
4159789,-6.8449
4160267,-6.8425
4160746,-6.8400
4161226,-6.8376
4161705,-6.8351
4162184,-6.8327
4162663,-6.8302
4163142,-6.8278
4163622,-6.8253
4164101,-6.8229
4164580,-6.8204
4165060,-6.8179
4165539,-6.8155
4166019,-6.8130
4166499,-6.8106
4166978,-6.8081
4167458,-6.8056
4167938,-6.8032
4168418,-6.8007
4168898,-6.7983
4169378,-6.7958
4169858,-6.7933
4170338,-6.7909
4170818,-6.7884
4171298,-6.7859
4171779,-6.7835
4172259,-6.7810
4172739,-6.7785
4173220,-6.7761
4173700,-6.7736
4174181,-6.7711
4174661,-6.7686
4175142,-6.7662
4175623,-6.7637
4176104,-6.7612
4176584,-6.7587
4177065,-6.7563
4177546,-6.7538
4178027,-6.7513
4178508,-6.7488
4178989,-6.7463
4179470,-6.7438
4179952,-6.7414
4180433,-6.7389
4180914,-6.7364
4181396,-6.7339
4181877,-6.7314
4182358,-6.7289
4182840,-6.7264
4183322,-6.7240
4183803,-6.7215
4184285,-6.7190
4184767,-6.7165
4185249,-6.7140
4185730,-6.7115
4186212,-6.7090
4186694,-6.7065
4187176,-6.7040
4187658,-6.7015
4188141,-6.6990
4188623,-6.6965
4189105,-6.6940
4189587,-6.6915
4190070,-6.6890
4190552,-6.6865
4191035,-6.6840
4191517,-6.6815
4192000,-6.6790
4192482,-6.6765
4192965,-6.6740
4193448,-6.6714
4193931,-6.6689
4194414,-6.6664
4194897,-6.6639
4195380,-6.6614
4195863,-6.6589
4196346,-6.6564
4196829,-6.6539
4197312,-6.6513
4197795,-6.6488
4198279,-6.6463
4198762,-6.6438
4199245,-6.6413
4199729,-6.6387
4200212,-6.6362
4200696,-6.6337
4201180,-6.6312
4201663,-6.6286
4202147,-6.6261
4202631,-6.6236
4203115,-6.6211
4203599,-6.6185
4204083,-6.6160
4204567,-6.6135
4205051,-6.6109
4205535,-6.6084
4206019,-6.6059
4206504,-6.6033
4206988,-6.6008
4207472,-6.5983
4207957,-6.5957
4208441,-6.5932
4208926,-6.5907
4209410,-6.5881
4209895,-6.5856
4210380,-6.5830
4210864,-6.5805
4211349,-6.5779
4211834,-6.5754
4212319,-6.5729
4212804,-6.5703
4213289,-6.5678
4213774,-6.5652
4214259,-6.5627
4214745,-6.5601
4215230,-6.5576
4215715,-6.5550
4216200,-6.5525
4216686,-6.5499
4217171,-6.5474
4217657,-6.5448
4218143,-6.5422
4218628,-6.5397
4219114,-6.5371
4219600,-6.5346
4220086,-6.5320
4220571,-6.5294
4221057,-6.5269
4221543,-6.5243
4222029,-6.5218
4222516,-6.5192
4223002,-6.5166
4223488,-6.5141
4223974,-6.5115
4224461,-6.5089
4224947,-6.5063
4225433,-6.5038
4225920,-6.5012
4226406,-6.4986
4226893,-6.4961
4227380,-6.4935
4227866,-6.4909
4228353,-6.4883
4228840,-6.4858
4229327,-6.4832
4229814,-6.4806
4230301,-6.4780
4230788,-6.4754
4231275,-6.4729
4231762,-6.4703
4232249,-6.4677
4232737,-6.4651
4233224,-6.4625
4233711,-6.4599
4234199,-6.4573
4234686,-6.4548
4235174,-6.4522
4235662,-6.4496
4236149,-6.4470
4236637,-6.4444
4237125,-6.4418
4237613,-6.4392
4238101,-6.4366
4238588,-6.4340
4239077,-6.4314
4239565,-6.4288
4240053,-6.4262
4240541,-6.4236
4241029,-6.4210
4241517,-6.4184
4242006,-6.4158
4242494,-6.4132
4242983,-6.4106
4243471,-6.4080
4243960,-6.4054
4244448,-6.4028
4244937,-6.4002
4245426,-6.3976
4245915,-6.3950
4246403,-6.3923
4246892,-6.3897
4247381,-6.3871
4247870,-6.3845
4248359,-6.3819
4248849,-6.3793
4249338,-6.3767
4249827,-6.3740
4250316,-6.3714
4250806,-6.3688
4251295,-6.3662
4251785,-6.3636
4252274,-6.3609
4252764,-6.3583
4253253,-6.3557
4253743,-6.3531
4254233,-6.3504
4254723,-6.3478
4255213,-6.3452
4255702,-6.3425
4256192,-6.3399
4256682,-6.3373
4257173,-6.3346
4257663,-6.3320
4258153,-6.3294
4258643,-6.3267
4259134,-6.3241
4259624,-6.3215
4260114,-6.3188
4260605,-6.3162
4261095,-6.3136
4261586,-6.3109
4262077,-6.3083
4262567,-6.3056
4263058,-6.3030
4263549,-6.3003
4264040,-6.2977
4264531,-6.2950
4265022,-6.2924
4265513,-6.2897
4266004,-6.2871
4266495,-6.2844
4266986,-6.2818
4267478,-6.2791
4267969,-6.2765
4268460,-6.2738
4268952,-6.2712
4269443,-6.2685
4269935,-6.2659
4270427,-6.2632
4270918,-6.2605
4271410,-6.2579
4271902,-6.2552
4272394,-6.2526
4272885,-6.2499
4273377,-6.2472
4273869,-6.2446
4274362,-6.2419
4274854,-6.2392
4275346,-6.2366
4275838,-6.2339
4276330,-6.2312
4276823,-6.2286
4277315,-6.2259
4277808,-6.2232
4278300,-6.2205
4278793,-6.2179
4279285,-6.2152
4279778,-6.2125
4280271,-6.2098
4280764,-6.2072
4281257,-6.2045
4281749,-6.2018
4282242,-6.1991
4282736,-6.1964
4283229,-6.1937
4283722,-6.1911
4284215,-6.1884
4284708,-6.1857
4285202,-6.1830
4285695,-6.1803
4286188,-6.1776
4286682,-6.1749
4287175,-6.1722
4287669,-6.1695
4288163,-6.1668
4288656,-6.1642
4289150,-6.1615
4289644,-6.1588
4290138,-6.1561
4290632,-6.1534
4291126,-6.1507
4291620,-6.1480
4292114,-6.1453
4292608,-6.1426
4293102,-6.1399
4293597,-6.1372
4294091,-6.1344
4294586,-6.1317
4295080,-6.1290
4295574,-6.1263
4296069,-6.1236
4296564,-6.1209
4297058,-6.1182
4297553,-6.1155
4298048,-6.1128
4298543,-6.1101
4299038,-6.1073
4299533,-6.1046
4300028,-6.1019
4300523,-6.0992
4301018,-6.0965
4301513,-6.0937
4302008,-6.0910
4302504,-6.0883
4302999,-6.0856
4303495,-6.0829
4303990,-6.0801
4304486,-6.0774
4304981,-6.0747
4305477,-6.0719
4305973,-6.0692
4306468,-6.0665
4306964,-6.0638
4307460,-6.0610
4307956,-6.0583
4308452,-6.0556
4308948,-6.0528
4309444,-6.0501
4309940,-6.0473
4310437,-6.0446
4310933,-6.0419
4311429,-6.0391
4311926,-6.0364
4312422,-6.0336
4312919,-6.0309
4313415,-6.0282
4313912,-6.0254
4314408,-6.0227
4314905,-6.0199
4315402,-6.0172
4315899,-6.0144
4316396,-6.0117
4316893,-6.0089
4317390,-6.0062
4317887,-6.0034
4318384,-6.0007
4318881,-5.9979
4319378,-5.9951
4319876,-5.9924
4320373,-5.9896
4320871,-5.9869
4321368,-5.9841
4321866,-5.9813
4322363,-5.9786
4322861,-5.9758
4323359,-5.9731
4323856,-5.9703
4324354,-5.9675
4324852,-5.9648
4325350,-5.9620
4325848,-5.9592
4326346,-5.9564
4326844,-5.9537
4327342,-5.9509
4327841,-5.9481
4328339,-5.9454
4328837,-5.9426
4329336,-5.9398
4329834,-5.9370
4330333,-5.9342
4330831,-5.9315
4331330,-5.9287
4331829,-5.9259
4332327,-5.9231
4332826,-5.9203
4333325,-5.9176
4333824,-5.9148
4334323,-5.9120
4334822,-5.9092
4335321,-5.9064
4335820,-5.9036
4336319,-5.9008
4336819,-5.8980
4337318,-5.8952
4337817,-5.8924
4338317,-5.8897
4338816,-5.8869
4339316,-5.8841
4339815,-5.8813
4340315,-5.8785
4340815,-5.8757
4341315,-5.8729
4341814,-5.8701
4342314,-5.8673
4342814,-5.8645
4343314,-5.8616
4343814,-5.8588
4344314,-5.8560
4344815,-5.8532
4345315,-5.8504
4345815,-5.8476
4346316,-5.8448
4346816,-5.8420
4347316,-5.8392
4347817,-5.8364
4348318,-5.8335
4348818,-5.8307
4349319,-5.8279
4349820,-5.8251
4350321,-5.8223
4350821,-5.8194
4351322,-5.8166
4351823,-5.8138
4352324,-5.8110
4352825,-5.8082
4353327,-5.8053
4353828,-5.8025
4354329,-5.7997
4354830,-5.7968
4355332,-5.7940
4355833,-5.7912
4356335,-5.7884
4356836,-5.7855
4357338,-5.7827
4357840,-5.7798
4358341,-5.7770
4358843,-5.7742
4359345,-5.7713
4359847,-5.7685
4360349,-5.7657
4360851,-5.7628
4361353,-5.7600
4361855,-5.7571
4362358,-5.7543
4362860,-5.7514
4363362,-5.7486
4363864,-5.7457
4364367,-5.7429
4364869,-5.7400
4365372,-5.7372
4365875,-5.7343
4366377,-5.7315
4366880,-5.7286
4367383,-5.7258
4367886,-5.7229
4368388,-5.7201
4368891,-5.7172
4369394,-5.7144
4369898,-5.7115
4370401,-5.7086
4370904,-5.7058
4371407,-5.7029
4371910,-5.7000
4372414,-5.6972
4372917,-5.6943
4373421,-5.6914
4373924,-5.6886
4374428,-5.6857
4374931,-5.6828
4375435,-5.6800
4375939,-5.6771
4376443,-5.6742
4376947,-5.6713
4377451,-5.6685
4377955,-5.6656
4378459,-5.6627
4378963,-5.6598
4379467,-5.6570
4379971,-5.6541
4380475,-5.6512
4380980,-5.6483
4381484,-5.6454
4381989,-5.6425
4382493,-5.6397
4382998,-5.6368
4383502,-5.6339
4384007,-5.6310
4384512,-5.6281
4385017,-5.6252
4385522,-5.6223
4386027,-5.6194
4386532,-5.6165
4387037,-5.6136
4387542,-5.6107
4388047,-5.6078
4388552,-5.6049
4389057,-5.6020
4389563,-5.5991
4390068,-5.5962
4390574,-5.5933
4391079,-5.5904
4391585,-5.5875
4392090,-5.5846
4392596,-5.5817
4393102,-5.5788
4393607,-5.5759
4394113,-5.5730
4394619,-5.5701
4395125,-5.5672
4395631,-5.5642
4396137,-5.5613
4396644,-5.5584
4397150,-5.5555
4397656,-5.5526
4398162,-5.5497
4398669,-5.5467
4399175,-5.5438
4399682,-5.5409
4400188,-5.5380
4400695,-5.5350
4401202,-5.5321
4401708,-5.5292
4402215,-5.5263
4402722,-5.5233
4403229,-5.5204
4403736,-5.5175
4404243,-5.5145
4404750,-5.5116
4405257,-5.5087
4405764,-5.5057
4406272,-5.5028
4406779,-5.4999
4407286,-5.4969
4407794,-5.4940
4408301,-5.4910
4408809,-5.4881
4409316,-5.4852
4409824,-5.4822
4410332,-5.4793
4410839,-5.4763
4411347,-5.4734
4411855,-5.4704
4412363,-5.4675
4412871,-5.4645
4413379,-5.4616
4413887,-5.4586
4414396,-5.4557
4414904,-5.4527
4415412,-5.4498
4415921,-5.4468
4416429,-5.4438
4416938,-5.4409
4417446,-5.4379
4417955,-5.4350
4418463,-5.4320
4418972,-5.4290
4419481,-5.4261
4419990,-5.4231
4420499,-5.4201
4421008,-5.4172
4421517,-5.4142
4422026,-5.4112
4422535,-5.4083
4423044,-5.4053
4423553,-5.4023
4424063,-5.3993
4424572,-5.3964
4425081,-5.3934
4425591,-5.3904
4426100,-5.3874
4426610,-5.3845
4427120,-5.3815
4427629,-5.3785
4428139,-5.3755
4428649,-5.3725
4429159,-5.3695
4429669,-5.3666
4430179,-5.3636
4430689,-5.3606
4431199,-5.3576
4431709,-5.3546
4432219,-5.3516
4432730,-5.3486
4433240,-5.3456
4433751,-5.3426
4434261,-5.3396
4434772,-5.3366
4435282,-5.3336
4435793,-5.3306
4436304,-5.3276
4436814,-5.3246
4437325,-5.3216
4437836,-5.3186
4438347,-5.3156
4438858,-5.3126
4439369,-5.3096
4439880,-5.3066
4440391,-5.3036
4440903,-5.3006
4441414,-5.2976
4441925,-5.2945
4442437,-5.2915
4442948,-5.2885
4443460,-5.2855
4443971,-5.2825
4444483,-5.2795
4444995,-5.2764
4445507,-5.2734
4446018,-5.2704
4446530,-5.2674
4447042,-5.2644
4447554,-5.2613
4448066,-5.2583
4448578,-5.2553
4449091,-5.2522
4449603,-5.2492
4450115,-5.2462
4450628,-5.2432
4451140,-5.2401
4451652,-5.2371
4452165,-5.2341
4452678,-5.2310
4453190,-5.2280
4453703,-5.2249
4454216,-5.2219
4454729,-5.2189
4455242,-5.2158
4455755,-5.2128
4456268,-5.2097
4456781,-5.2067
4457294,-5.2036
4457807,-5.2006
4458320,-5.1975
4458833,-5.1945
4459347,-5.1914
4459860,-5.1884
4460374,-5.1853
4460887,-5.1823
4461401,-5.1792
4461915,-5.1762
4462428,-5.1731
4462942,-5.1701
4463456,-5.1670
4463970,-5.1639
4464484,-5.1609
4464998,-5.1578
4465512,-5.1547
4466026,-5.1517
4466540,-5.1486
4467055,-5.1455
4467569,-5.1425
4468083,-5.1394
4468598,-5.1363
4469112,-5.1333
4469627,-5.1302
4470141,-5.1271
4470656,-5.1240
4471171,-5.1210
4471686,-5.1179
4472200,-5.1148
4472715,-5.1117
4473230,-5.1086
4473745,-5.1056
4474260,-5.1025
4474776,-5.0994
4475291,-5.0963
4475806,-5.0932
4476321,-5.0901
4476837,-5.0870
4477352,-5.0839
4477868,-5.0809
4478383,-5.0778
4478899,-5.0747
4479415,-5.0716
4479930,-5.0685
4480446,-5.0654
4480962,-5.0623
4481478,-5.0592
4481994,-5.0561
4482510,-5.0530
4483026,-5.0499
4483542,-5.0468
4484058,-5.0437
4484575,-5.0406
4485091,-5.0375
4485607,-5.0343
4486124,-5.0312
4486640,-5.0281
4487157,-5.0250
4487674,-5.0219
4488190,-5.0188
4488707,-5.0157
4489224,-5.0125
4489741,-5.0094
4490258,-5.0063
4490775,-5.0032
4491292,-5.0001
4491809,-4.9969
4492326,-4.9938
4492843,-4.9907
4493360,-4.9876
4493878,-4.9844
4494395,-4.9813
4494913,-4.9782
4495430,-4.9751
4495948,-4.9719
4496465,-4.9688
4496983,-4.9657
4497501,-4.9625
4498019,-4.9594
4498537,-4.9562
4499055,-4.9531
4499573,-4.9500
4500091,-4.9468
4500609,-4.9437
4501127,-4.9405
4501645,-4.9374
4502163,-4.9342
4502682,-4.9311
4503200,-4.9280
4503719,-4.9248
4504237,-4.9217
4504756,-4.9185
4505274,-4.9153
4505793,-4.9122
4506312,-4.9090
4506831,-4.9059
4507350,-4.9027
4507869,-4.8996
4508388,-4.8964
4508907,-4.8932
4509426,-4.8901
4509945,-4.8869
4510464,-4.8838
4510984,-4.8806
4511503,-4.8774
4512022,-4.8743
4512542,-4.8711
4513062,-4.8679
4513581,-4.8647
4514101,-4.8616
4514621,-4.8584
4515140,-4.8552
4515660,-4.8520
4516180,-4.8489
4516700,-4.8457
4517220,-4.8425
4517740,-4.8393
4518260,-4.8361
4518781,-4.8330
4519301,-4.8298
4519821,-4.8266
4520342,-4.8234
4520862,-4.8202
4521383,-4.8170
4521903,-4.8138
4522424,-4.8106
4522944,-4.8074
4523465,-4.8043
4523986,-4.8011
4524507,-4.7979
4525028,-4.7947
4525549,-4.7915
4526070,-4.7883
4526591,-4.7851
4527112,-4.7819
4527633,-4.7787
4528155,-4.7754
4528676,-4.7722
4529197,-4.7690
4529719,-4.7658
4530240,-4.7626
4530762,-4.7594
4531284,-4.7562
4531805,-4.7530
4532327,-4.7498
4532849,-4.7465
4533371,-4.7433
4533893,-4.7401
4534415,-4.7369
4534937,-4.7337
4535459,-4.7305
4535981,-4.7272
4536504,-4.7240
4537026,-4.7208
4537548,-4.7176
4538071,-4.7143
4538593,-4.7111
4539116,-4.7079
4539638,-4.7046
4540161,-4.7014
4540684,-4.6982
4541207,-4.6949
4541729,-4.6917
4542252,-4.6885
4542775,-4.6852
4543298,-4.6820
4543821,-4.6787
4544345,-4.6755
4544868,-4.6723
4545391,-4.6690
4545914,-4.6658
4546438,-4.6625
4546961,-4.6593
4547485,-4.6560
4548008,-4.6528
4548532,-4.6495
4549056,-4.6463
4549579,-4.6430
4550103,-4.6398
4550627,-4.6365
4551151,-4.6332
4551675,-4.6300
4552199,-4.6267
4552723,-4.6235
4553247,-4.6202
4553772,-4.6169
4554296,-4.6137
4554820,-4.6104
4555345,-4.6071
4555869,-4.6039
4556394,-4.6006
4556918,-4.5973
4557443,-4.5940
4557968,-4.5908
4558493,-4.5875
4559017,-4.5842
4559542,-4.5809
4560067,-4.5777
4560592,-4.5744
4561117,-4.5711
4561643,-4.5678
4562168,-4.5645
4562693,-4.5613
4563218,-4.5580
4563744,-4.5547
4564269,-4.5514
4564795,-4.5481
4565320,-4.5448
4565846,-4.5415
4566372,-4.5382
4566897,-4.5349
4567423,-4.5316
4567949,-4.5283
4568475,-4.5250
4569001,-4.5217
4569527,-4.5184
4570053,-4.5151
4570579,-4.5118
4571106,-4.5085
4571632,-4.5052
4572158,-4.5019
4572685,-4.4986
4573211,-4.4953
4573738,-4.4920
4574264,-4.4887
4574791,-4.4854
4575318,-4.4820
4575844,-4.4787
4576371,-4.4754
4576898,-4.4721
4577425,-4.4688
4577952,-4.4655
4578479,-4.4621
4579006,-4.4588
4579534,-4.4555
4580061,-4.4522
4580588,-4.4488
4581116,-4.4455
4581643,-4.4422
4582171,-4.4388
4582698,-4.4355
4583226,-4.4322
4583754,-4.4288
4584281,-4.4255
4584809,-4.4222
4585337,-4.4188
4585865,-4.4155
4586393,-4.4121
4586921,-4.4088
4587449,-4.4055
4587977,-4.4021
4588505,-4.3988
4589034,-4.3954
4589562,-4.3921
4590091,-4.3887
4590619,-4.3854
4591148,-4.3820
4591676,-4.3787
4592205,-4.3753
4592734,-4.3720
4593262,-4.3686
4593791,-4.3652
4594320,-4.3619
4594849,-4.3585
4595378,-4.3552
4595907,-4.3518
4596436,-4.3484
4596966,-4.3451
4597495,-4.3417
4598024,-4.3383
4598554,-4.3350
4599083,-4.3316
4599613,-4.3282
4600142,-4.3248
4600672,-4.3215
4601202,-4.3181
4601731,-4.3147
4602261,-4.3113
4602791,-4.3080
4603321,-4.3046
4603851,-4.3012
4604381,-4.2978
4604911,-4.2944
4605441,-4.2910
4605972,-4.2876
4606502,-4.2843
4607032,-4.2809
4607563,-4.2775
4608093,-4.2741
4608624,-4.2707
4609154,-4.2673
4609685,-4.2639
4610216,-4.2605
4610747,-4.2571
4611277,-4.2537
4611808,-4.2503
4612339,-4.2469
4612870,-4.2435
4613402,-4.2401
4613933,-4.2367
4614464,-4.2333
4614995,-4.2299
4615527,-4.2264
4616058,-4.2230
4616589,-4.2196
4617121,-4.2162
4617653,-4.2128
4618184,-4.2094
4618716,-4.2059
4619248,-4.2025
4619780,-4.1991
4620311,-4.1957
4620843,-4.1923
4621375,-4.1888
4621908,-4.1854
4622440,-4.1820
4622972,-4.1786
4623504,-4.1751
4624037,-4.1717
4624569,-4.1683
4625101,-4.1648
4625634,-4.1614
4626166,-4.1579
4626699,-4.1545
4627232,-4.1511
4627765,-4.1476
4628297,-4.1442
4628830,-4.1407
4629363,-4.1373
4629896,-4.1339
4630429,-4.1304
4630962,-4.1270
4631496,-4.1235
4632029,-4.1201
4632562,-4.1166
4633096,-4.1131
4633629,-4.1097
4634162,-4.1062
4634696,-4.1028
4635230,-4.0993
4635763,-4.0959
4636297,-4.0924
4636831,-4.0889
4637365,-4.0855
4637899,-4.0820
4638433,-4.0785
4638967,-4.0751
4639501,-4.0716
4640035,-4.0681
4640569,-4.0647
4641104,-4.0612
4641638,-4.0577
4642172,-4.0542
4642707,-4.0508
4643241,-4.0473
4643776,-4.0438
4644311,-4.0403
4644845,-4.0368
4645380,-4.0333
4645915,-4.0299
4646450,-4.0264
4646985,-4.0229
4647520,-4.0194
4648055,-4.0159
4648590,-4.0124
4649125,-4.0089
4649661,-4.0054
4650196,-4.0019
4650731,-3.9984
4651267,-3.9949
4651802,-3.9914
4652338,-3.9879
4652874,-3.9844
4653409,-3.9809
4653945,-3.9774
4654481,-3.9739
4655017,-3.9704
4655553,-3.9669
4656089,-3.9634
4656625,-3.9599
4657161,-3.9564
4657697,-3.9528
4658234,-3.9493
4658770,-3.9458
4659306,-3.9423
4659843,-3.9388
4660379,-3.9352
4660916,-3.9317
4661452,-3.9282
4661989,-3.9247
4662526,-3.9211
4663063,-3.9176
4663600,-3.9141
4664137,-3.9106
4664674,-3.9070
4665211,-3.9035
4665748,-3.9000
4666285,-3.8964
4666822,-3.8929
4667360,-3.8893
4667897,-3.8858
4668434,-3.8823
4668972,-3.8787
4669509,-3.8752
4670047,-3.8716
4670585,-3.8681
4671122,-3.8645
4671660,-3.8610
4672198,-3.8574
4672736,-3.8539
4673274,-3.8503
4673812,-3.8468
4674350,-3.8432
4674888,-3.8396
4675427,-3.8361
4675965,-3.8325
4676503,-3.8290
4677042,-3.8254
4677580,-3.8218
4678119,-3.8183
4678658,-3.8147
4679196,-3.8111
4679735,-3.8076
4680274,-3.8040
4680813,-3.8004
4681352,-3.7968
4681891,-3.7933
4682430,-3.7897
4682969,-3.7861
4683508,-3.7825
4684047,-3.7789
4684586,-3.7754
4685126,-3.7718
4685665,-3.7682
4686205,-3.7646
4686744,-3.7610
4687284,-3.7574
4687824,-3.7538
4688363,-3.7502
4688903,-3.7466
4689443,-3.7431
4689983,-3.7395
4690523,-3.7359
4691063,-3.7323
4691603,-3.7287
4692143,-3.7251
4692683,-3.7214
4693224,-3.7178
4693764,-3.7142
4694304,-3.7106
4694845,-3.7070
4695386,-3.7034
4695926,-3.6998
4696467,-3.6962
4697008,-3.6926
4697548,-3.6890
4698089,-3.6853
4698630,-3.6817
4699171,-3.6781
4699712,-3.6745
4700253,-3.6708
4700794,-3.6672
4701336,-3.6636
4701877,-3.6600
4702418,-3.6563
4702960,-3.6527
4703501,-3.6491
4704043,-3.6454
4704584,-3.6418
4705126,-3.6382
4705668,-3.6345
4706209,-3.6309
4706751,-3.6273
4707293,-3.6236
4707835,-3.6200
4708377,-3.6163
4708919,-3.6127
4709462,-3.6090
4710004,-3.6054
4710546,-3.6017
4711088,-3.5981
4711631,-3.5944
4712173,-3.5908
4712716,-3.5871
4713258,-3.5835
4713801,-3.5798
4714344,-3.5762
4714887,-3.5725
4715429,-3.5688
4715972,-3.5652
4716515,-3.5615
4717058,-3.5578
4717602,-3.5542
4718145,-3.5505
4718688,-3.5468
4719231,-3.5431
4719775,-3.5395
4720318,-3.5358
4720861,-3.5321
4721405,-3.5284
4721949,-3.5248
4722492,-3.5211
4723036,-3.5174
4723580,-3.5137
4724124,-3.5100
4724668,-3.5063
4725212,-3.5027
4725756,-3.4990
4726300,-3.4953
4726844,-3.4916
4727388,-3.4879
4727932,-3.4842
4728477,-3.4805
4729021,-3.4768
4729566,-3.4731
4730110,-3.4694
4730655,-3.4657
4731199,-3.4620
4731744,-3.4583
4732289,-3.4546
4732834,-3.4509
4733379,-3.4472
4733924,-3.4434
4734469,-3.4397
4735014,-3.4360
4735559,-3.4323
4736104,-3.4286
4736650,-3.4249
4737195,-3.4211
4737740,-3.4174
4738286,-3.4137
4738831,-3.4100
4739377,-3.4062
4739923,-3.4025
4740468,-3.3988
4741014,-3.3951
4741560,-3.3913
4742106,-3.3876
4742652,-3.3839
4743198,-3.3801
4743744,-3.3764
4744290,-3.3727
4744837,-3.3689
4745383,-3.3652
4745929,-3.3614
4746476,-3.3577
4747022,-3.3539
4747569,-3.3502
4748115,-3.3464
4748662,-3.3427
4749209,-3.3389
4749756,-3.3352
4750302,-3.3314
4750849,-3.3277
4751396,-3.3239
4751943,-3.3202
4752490,-3.3164
4753038,-3.3126
4753585,-3.3089
4754132,-3.3051
4754680,-3.3013
4755227,-3.2976
4755775,-3.2938
4756322,-3.2900
4756870,-3.2862
4757417,-3.2825
4757965,-3.2787
4758513,-3.2749
4759061,-3.2711
4759609,-3.2674
4760157,-3.2636
4760705,-3.2598
4761253,-3.2560
4761801,-3.2522
4762349,-3.2484
4762898,-3.2446
4763446,-3.2409
4763995,-3.2371
4764543,-3.2333
4765092,-3.2295
4765640,-3.2257
4766189,-3.2219
4766738,-3.2181
4767287,-3.2143
4767835,-3.2105
4768384,-3.2067
4768933,-3.2029
4769482,-3.1991
4770032,-3.1953
4770581,-3.1914
4771130,-3.1876
4771679,-3.1838
4772229,-3.1800
4772778,-3.1762
4773328,-3.1724
4773877,-3.1686
4774427,-3.1647
4774977,-3.1609
4775526,-3.1571
4776076,-3.1533
4776626,-3.1494
4777176,-3.1456
4777726,-3.1418
4778276,-3.1379
4778826,-3.1341
4779377,-3.1303
4779927,-3.1264
4780477,-3.1226
4781028,-3.1188
4781578,-3.1149
4782129,-3.1111
4782679,-3.1072
4783230,-3.1034
4783781,-3.0996
4784331,-3.0957
4784882,-3.0919
4785433,-3.0880
4785984,-3.0842
4786535,-3.0803
4787086,-3.0764
4787637,-3.0726
4788189,-3.0687
4788740,-3.0649
4789291,-3.0610
4789843,-3.0571
4790394,-3.0533
4790946,-3.0494
4791497,-3.0455
4792049,-3.0417
4792601,-3.0378
4793153,-3.0339
4793704,-3.0301
4794256,-3.0262
4794808,-3.0223
4795360,-3.0184
4795913,-3.0145
4796465,-3.0107
4797017,-3.0068
4797569,-3.0029
4798122,-2.9990
4798674,-2.9951
4799227,-2.9912
4799779,-2.9873
4800332,-2.9835
4800884,-2.9796
4801437,-2.9757
4801990,-2.9718
4802543,-2.9679
4803096,-2.9640
4803649,-2.9601
4804202,-2.9562
4804755,-2.9523
4805308,-2.9484
4805862,-2.9444
4806415,-2.9405
4806968,-2.9366
4807522,-2.9327
4808075,-2.9288
4808629,-2.9249
4809182,-2.9210
4809736,-2.9170
4810290,-2.9131
4810844,-2.9092
4811398,-2.9053
4811952,-2.9014
4812506,-2.8974
4813060,-2.8935
4813614,-2.8896
4814168,-2.8856
4814722,-2.8817
4815277,-2.8778
4815831,-2.8738
4816386,-2.8699
4816940,-2.8660
4817495,-2.8620
4818049,-2.8581
4818604,-2.8541
4819159,-2.8502
4819714,-2.8462
4820269,-2.8423
4820824,-2.8383
4821379,-2.8344
4821934,-2.8304
4822489,-2.8265
4823044,-2.8225
4823600,-2.8186
4824155,-2.8146
4824710,-2.8106
4825266,-2.8067
4825822,-2.8027
4826377,-2.7988
4826933,-2.7948
4827489,-2.7908
4828044,-2.7868
4828600,-2.7829
4829156,-2.7789
4829712,-2.7749
4830268,-2.7710
4830824,-2.7670
4831381,-2.7630
4831937,-2.7590
4832493,-2.7550
4833050,-2.7510
4833606,-2.7471
4834163,-2.7431
4834719,-2.7391
4835276,-2.7351
4835833,-2.7311
4836389,-2.7271
4836946,-2.7231
4837503,-2.7191
4838060,-2.7151
4838617,-2.7111
4839174,-2.7071
4839731,-2.7031
4840289,-2.6991
4840846,-2.6951
4841403,-2.6911
4841961,-2.6871
4842518,-2.6831
4843076,-2.6790
4843633,-2.6750
4844191,-2.6710
4844749,-2.6670
4845307,-2.6630
4845864,-2.6589
4846422,-2.6549
4846980,-2.6509
4847538,-2.6469
4848096,-2.6428
4848655,-2.6388
4849213,-2.6348
4849771,-2.6307
4850330,-2.6267
4850888,-2.6227
4851447,-2.6186
4852005,-2.6146
4852564,-2.6106
4853123,-2.6065
4853681,-2.6025
4854240,-2.5984
4854799,-2.5944
4855358,-2.5903
4855917,-2.5863
4856476,-2.5822
4857035,-2.5782
4857594,-2.5741
4858154,-2.5700
4858713,-2.5660
4859273,-2.5619
4859832,-2.5579
4860392,-2.5538
4860951,-2.5497
4861511,-2.5457
4862071,-2.5416
4862630,-2.5375
4863190,-2.5335
4863750,-2.5294
4864310,-2.5253
4864870,-2.5212
4865430,-2.5171
4865990,-2.5131
4866551,-2.5090
4867111,-2.5049
4867671,-2.5008
4868232,-2.4967
4868792,-2.4926
4869353,-2.4885
4869914,-2.4845
4870474,-2.4804
4871035,-2.4763
4871596,-2.4722
4872157,-2.4681
4872718,-2.4640
4873279,-2.4599
4873840,-2.4558
4874401,-2.4517
4874962,-2.4475
4875524,-2.4434
4876085,-2.4393
4876646,-2.4352
4877208,-2.4311
4877769,-2.4270
4878331,-2.4229
4878893,-2.4187
4879454,-2.4146
4880016,-2.4105
4880578,-2.4064
4881140,-2.4023
4881702,-2.3981
4882264,-2.3940
4882826,-2.3899
4883388,-2.3857
4883951,-2.3816
4884513,-2.3775
4885075,-2.3733
4885638,-2.3692
4886200,-2.3650
4886763,-2.3609
4887325,-2.3568
4887888,-2.3526
4888451,-2.3485
4889014,-2.3443
4889577,-2.3402
4890140,-2.3360
4890703,-2.3319
4891266,-2.3277
4891829,-2.3235
4892392,-2.3194
4892955,-2.3152
4893519,-2.3111
4894082,-2.3069
4894646,-2.3027
4895209,-2.2986
4895773,-2.2944
4896336,-2.2902
4896900,-2.2860
4897464,-2.2819
4898028,-2.2777
4898592,-2.2735
4899156,-2.2693
4899720,-2.2652
4900284,-2.2610
4900848,-2.2568
4901413,-2.2526
4901977,-2.2484
4902541,-2.2442
4903106,-2.2400
4903670,-2.2358
4904235,-2.2316
4904799,-2.2274
4905364,-2.2232
4905929,-2.2190
4906494,-2.2148
4907059,-2.2106
4907624,-2.2064
4908189,-2.2022
4908754,-2.1980
4909319,-2.1938
4909884,-2.1896
4910450,-2.1854
4911015,-2.1812
4911580,-2.1769
4912146,-2.1727
4912711,-2.1685
4913277,-2.1643
4913843,-2.1600
4914409,-2.1558
4914974,-2.1516
4915540,-2.1474
4916106,-2.1431
4916672,-2.1389
4917238,-2.1347
4917804,-2.1304
4918371,-2.1262
4918937,-2.1219
4919503,-2.1177
4920070,-2.1135
4920636,-2.1092
4921203,-2.1050
4921769,-2.1007
4922336,-2.0965
4922903,-2.0922
4923470,-2.0879
4924036,-2.0837
4924603,-2.0794
4925170,-2.0752
4925737,-2.0709
4926305,-2.0666
4926872,-2.0624
4927439,-2.0581
4928006,-2.0538
4928574,-2.0496
4929141,-2.0453
4929709,-2.0410
4930276,-2.0368
4930844,-2.0325
4931412,-2.0282
4931979,-2.0239
4932547,-2.0196
4933115,-2.0153
4933683,-2.0111
4934251,-2.0068
4934819,-2.0025
4935387,-1.9982
4935956,-1.9939
4936524,-1.9896
4937092,-1.9853
4937661,-1.9810
4938229,-1.9767
4938798,-1.9724
4939367,-1.9681
4939935,-1.9638
4940504,-1.9595
4941073,-1.9552
4941642,-1.9509
4942211,-1.9465
4942780,-1.9422
4943349,-1.9379
4943918,-1.9336
4944487,-1.9293
4945056,-1.9249
4945626,-1.9206
4946195,-1.9163
4946765,-1.9120
4947334,-1.9076
4947904,-1.9033
4948474,-1.8990
4949043,-1.8946
4949613,-1.8903
4950183,-1.8860
4950753,-1.8816
4951323,-1.8773
4951893,-1.8729
4952463,-1.8686
4953033,-1.8642
4953604,-1.8599
4954174,-1.8555
4954744,-1.8512
4955315,-1.8468
4955885,-1.8425
4956456,-1.8381
4957027,-1.8338
4957597,-1.8294
4958168,-1.8250
4958739,-1.8207
4959310,-1.8163
4959881,-1.8119
4960452,-1.8076
4961023,-1.8032
4961594,-1.7988
4962166,-1.7944
4962737,-1.7901
4963308,-1.7857
4963880,-1.7813
4964451,-1.7769
4965023,-1.7725
4965595,-1.7681
4966166,-1.7637
4966738,-1.7593
4967310,-1.7550
4967882,-1.7506
4968454,-1.7462
4969026,-1.7418
4969598,-1.7374
4970170,-1.7330
4970742,-1.7286
4971315,-1.7241
4971887,-1.7197
4972460,-1.7153
4973032,-1.7109
4973605,-1.7065
4974177,-1.7021
4974750,-1.6977
4975323,-1.6932
4975896,-1.6888
4976468,-1.6844
4977041,-1.6800
4977614,-1.6756
4978188,-1.6711
4978761,-1.6667
4979334,-1.6623
4979907,-1.6578
4980481,-1.6534
4981054,-1.6489
4981628,-1.6445
4982201,-1.6401
4982775,-1.6356
4983348,-1.6312
4983922,-1.6267
4984496,-1.6223
4985070,-1.6178
4985644,-1.6134
4986218,-1.6089
4986792,-1.6045
4987366,-1.6000
4987940,-1.5955
4988515,-1.5911
4989089,-1.5866
4989663,-1.5821
4990238,-1.5777
4990813,-1.5732
4991387,-1.5687
4991962,-1.5643
4992537,-1.5598
4993111,-1.5553
4993686,-1.5508
4994261,-1.5463
4994836,-1.5419
4995411,-1.5374
4995986,-1.5329
4996562,-1.5284
4997137,-1.5239
4997712,-1.5194
4998288,-1.5149
4998863,-1.5104
4999439,-1.5059
5000014,-1.5014
5000590,-1.4969
5001166,-1.4924
5001742,-1.4879
5002318,-1.4834
5002893,-1.4789
5003469,-1.4744
5004046,-1.4699
5004622,-1.4654
5005198,-1.4608
5005774,-1.4563
5006351,-1.4518
5006927,-1.4473
5007503,-1.4427
5008080,-1.4382
5008657,-1.4337
5009233,-1.4292
5009810,-1.4246
5010387,-1.4201
5010964,-1.4155
5011541,-1.4110
5012118,-1.4065
5012695,-1.4019
5013272,-1.3974
5013849,-1.3928
5014426,-1.3883
5015004,-1.3837
5015581,-1.3792
5016159,-1.3746
5016736,-1.3701
5017314,-1.3655
5017891,-1.3609
5018469,-1.3564
5019047,-1.3518
5019625,-1.3472
5020203,-1.3427
5020781,-1.3381
5021359,-1.3335
5021937,-1.3290
5022515,-1.3244
5023093,-1.3198
5023672,-1.3152
5024250,-1.3106
5024829,-1.3061
5025407,-1.3015
5025986,-1.2969
5026564,-1.2923
5027143,-1.2877
5027722,-1.2831
5028301,-1.2785
5028880,-1.2739
5029459,-1.2693
5030038,-1.2647
5030617,-1.2601
5031196,-1.2555
5031775,-1.2509
5032355,-1.2463
5032934,-1.2417
5033514,-1.2371
5034093,-1.2324
5034673,-1.2278
5035253,-1.2232
5035832,-1.2186
5036412,-1.2140
5036992,-1.2093
5037572,-1.2047
5038152,-1.2001
5038732,-1.1954
5039312,-1.1908
5039892,-1.1862
5040473,-1.1815
5041053,-1.1769
5041633,-1.1723
5042214,-1.1676
5042794,-1.1630
5043375,-1.1583
5043956,-1.1537
5044536,-1.1490
5045117,-1.1444
5045698,-1.1397
5046279,-1.1350
5046860,-1.1304
5047441,-1.1257
5048022,-1.1211
5048603,-1.1164
5049185,-1.1117
5049766,-1.1071
5050347,-1.1024
5050929,-1.0977
5051510,-1.0930
5052092,-1.0884
5052674,-1.0837
5053255,-1.0790
5053837,-1.0743
5054419,-1.0696
5055001,-1.0649
5055583,-1.0602
5056165,-1.0555
5056747,-1.0509
5057330,-1.0462
5057912,-1.0415
5058494,-1.0368
5059077,-1.0321
5059659,-1.0273
5060242,-1.0226
5060824,-1.0179
5061407,-1.0132
5061990,-1.0085
5062572,-1.0038
5063155,-0.9991
5063738,-0.9944
5064321,-0.9896
5064904,-0.9849
5065488,-0.9802
5066071,-0.9755
5066654,-0.9707
5067237,-0.9660
5067821,-0.9613
5068404,-0.9565
5068988,-0.9518
5069572,-0.9470
5070155,-0.9423
5070739,-0.9376
5071323,-0.9328
5071907,-0.9281
5072491,-0.9233
5073075,-0.9186
5073659,-0.9138
5074243,-0.9091
5074827,-0.9043
5075411,-0.8995
5075996,-0.8948
5076580,-0.8900
5077165,-0.8852
5077749,-0.8805
5078334,-0.8757
5078919,-0.8709
5079503,-0.8662
5080088,-0.8614
5080673,-0.8566
5081258,-0.8518
5081843,-0.8470
5082428,-0.8422
5083013,-0.8375
5083599,-0.8327
5084184,-0.8279
5084769,-0.8231
5085355,-0.8183
5085940,-0.8135
5086526,-0.8087
5087111,-0.8039
5087697,-0.7991
5088283,-0.7943
5088869,-0.7895
5089455,-0.7846
5090041,-0.7798
5090627,-0.7750
5091213,-0.7702
5091799,-0.7654
5092385,-0.7606
5092972,-0.7557
5093558,-0.7509
5094144,-0.7461
5094731,-0.7412
5095318,-0.7364
5095904,-0.7316
5096491,-0.7267
5097078,-0.7219
5097665,-0.7171
5098251,-0.7122
5098838,-0.7074
5099426,-0.7025
5100013,-0.6977
5100600,-0.6928
5101187,-0.6880
5101774,-0.6831
5102362,-0.6783
5102949,-0.6734
5103537,-0.6685
5104124,-0.6637
5104712,-0.6588
5105300,-0.6539
5105888,-0.6491
5106476,-0.6442
5107063,-0.6393
5107651,-0.6344
5108240,-0.6296
5108828,-0.6247
5109416,-0.6198
5110004,-0.6149
5110593,-0.6100
5111181,-0.6051
5111769,-0.6002
5112358,-0.5953
5112947,-0.5904
5113535,-0.5855
5114124,-0.5806
5114713,-0.5757
5115302,-0.5708
5115891,-0.5659
5116480,-0.5610
5117069,-0.5561
5117658,-0.5512
5118247,-0.5463
5118836,-0.5413
5119426,-0.5364
5120015,-0.5315
5120605,-0.5266
5121194,-0.5216
5121784,-0.5167
5122374,-0.5118
5122963,-0.5068
5123553,-0.5019
5124143,-0.4970
5124733,-0.4920
5125323,-0.4871
5125913,-0.4821
5126503,-0.4772
5127094,-0.4722
5127684,-0.4673
5128274,-0.4623
5128865,-0.4574
5129455,-0.4524
5130046,-0.4474
5130637,-0.4425
5131227,-0.4375
5131818,-0.4326
5132409,-0.4276
5133000,-0.4226
5133591,-0.4176
5134182,-0.4127
5134773,-0.4077
5135364,-0.4027
5135956,-0.3977
5136547,-0.3927
5137138,-0.3877
5137730,-0.3827
5138321,-0.3778
5138913,-0.3728
5139505,-0.3678
5140096,-0.3628
5140688,-0.3578
5141280,-0.3528
5141872,-0.3477
5142464,-0.3427
5143056,-0.3377
5143648,-0.3327
5144240,-0.3277
5144833,-0.3227
5145425,-0.3177
5146017,-0.3126
5146610,-0.3076
5147203,-0.3026
5147795,-0.2976
5148388,-0.2925
5148981,-0.2875
5149573,-0.2825
5150166,-0.2774
5150759,-0.2724
5151352,-0.2673
5151945,-0.2623
5152539,-0.2572
5153132,-0.2522
5153725,-0.2471
5154319,-0.2421
5154912,-0.2370
5155506,-0.2320
5156099,-0.2269
5156693,-0.2218
5157286,-0.2168
5157880,-0.2117
5158474,-0.2066
5159068,-0.2016
5159662,-0.1965
5160256,-0.1914
5160850,-0.1863
5161444,-0.1813
5162039,-0.1762
5162633,-0.1711
5163227,-0.1660
5163822,-0.1609
5164416,-0.1558
5165011,-0.1507
5165606,-0.1456
5166200,-0.1405
5166795,-0.1354
5167390,-0.1303
5167985,-0.1252
5168580,-0.1201
5169175,-0.1150
5169770,-0.1099
5170366,-0.1048
5170961,-0.0996
5171556,-0.0945
5172152,-0.0894
5172747,-0.0843
5173343,-0.0791
5173938,-0.0740
5174534,-0.0689
5175130,-0.0637
5175726,-0.0586
5176322,-0.0535
5176918,-0.0483
5177514,-0.0432
5178110,-0.0380
5178706,-0.0329
5179302,-0.0277
5179899,-0.0226
5180495,-0.0174
5181091,-0.0122
5181688,-0.0071
5182285,-0.0019
5182881,0.0032
5183478,0.0084
5184075,0.0136
5184672,0.0188
5185269,0.0239
5185866,0.0291
5186463,0.0343
5187060,0.0395
5187657,0.0447
5188254,0.0499
5188852,0.0550
5189449,0.0602
5190047,0.0654
5190644,0.0706
5191242,0.0758
5191839,0.0810
5192437,0.0862
5193035,0.0914
5193633,0.0966
5194231,0.1019
5194829,0.1071
5195427,0.1123
5196025,0.1175
5196624,0.1227
5197222,0.1280
5197820,0.1332
5198419,0.1384
5199017,0.1436
5199616,0.1489
5200214,0.1541
5200813,0.1594
5201412,0.1646
5202011,0.1698
5202610,0.1751
5203209,0.1803
5203808,0.1856
5204407,0.1908
5205006,0.1961
5205606,0.2013
5206205,0.2066
5206804,0.2119
5207404,0.2171
5208003,0.2224
5208603,0.2277
5209203,0.2329
5209802,0.2382
5210402,0.2435
5211002,0.2488
5211602,0.2541
5212202,0.2593
5212802,0.2646
5213402,0.2699
5214003,0.2752
5214603,0.2805
5215203,0.2858
5215804,0.2911
5216404,0.2964
5217005,0.3017
5217606,0.3070
5218206,0.3123
5218807,0.3176
5219408,0.3230
5220009,0.3283
5220610,0.3336
5221211,0.3389
5221812,0.3442
5222413,0.3496
5223015,0.3549
5223616,0.3602
5224218,0.3656
5224819,0.3709
5225421,0.3762
5226022,0.3816
5226624,0.3869
5227226,0.3923
5227828,0.3976
5228429,0.4030
5229031,0.4083
5229634,0.4137
5230236,0.4191
5230838,0.4244
5231440,0.4298
5232042,0.4352
5232645,0.4405
5233247,0.4459
5233850,0.4513
5234452,0.4566
5235055,0.4620
5235658,0.4674
5236261,0.4728
5236864,0.4782
5237466,0.4836
5238069,0.4890
5238673,0.4944
5239276,0.4998
5239879,0.5052
5240482,0.5106
5241086,0.5160
5241689,0.5214
5242293,0.5268
5242896,0.5322
5243500,0.5376
5244104,0.5430
5244707,0.5485
5245311,0.5539
5245915,0.5593
5246519,0.5647
5247123,0.5702
5247727,0.5756
5248331,0.5810
5248936,0.5865
5249540,0.5919
5250144,0.5974
5250749,0.6028
5251354,0.6083
5251958,0.6137
5252563,0.6192
5253168,0.6246
5253772,0.6301
5254377,0.6355
5254982,0.6410
5255587,0.6465
5256192,0.6519
5256798,0.6574
5257403,0.6629
5258008,0.6684
5258614,0.6739
5259219,0.6793
5259825,0.6848
5260430,0.6903
5261036,0.6958
5261642,0.7013
5262247,0.7068
5262853,0.7123
5263459,0.7178
5264065,0.7233
5264671,0.7288
5265277,0.7343
5265884,0.7398
5266490,0.7453
5267096,0.7509
5267703,0.7564
5268309,0.7619
5268916,0.7674
5269522,0.7730
5270129,0.7785
5270736,0.7840
5271343,0.7896
5271950,0.7951
5272557,0.8006
5273164,0.8062
5273771,0.8117
5274378,0.8173
5274985,0.8228
5275593,0.8284
5276200,0.8339
5276808,0.8395
5277415,0.8451
5278023,0.8506
5278630,0.8562
5279238,0.8618
5279846,0.8673
5280454,0.8729
5281062,0.8785
5281670,0.8841
5282278,0.8897
5282886,0.8952
5283494,0.9008
5284103,0.9064
5284711,0.9120
5285320,0.9176
5285928,0.9232
5286537,0.9288
5287145,0.9344
5287754,0.9400
5288363,0.9457
5288972,0.9513
5289581,0.9569
5290190,0.9625
5290799,0.9681
5291408,0.9738
5292017,0.9794
5292627,0.9850
5293236,0.9906
5293845,0.9963
5294455,1.0019
5295065,1.0076
5295674,1.0132
5296284,1.0188
5296894,1.0245
5297504,1.0302
5298113,1.0358
5298723,1.0415
5299334,1.0471
5299944,1.0528
5300554,1.0585
5301164,1.0641
5301775,1.0698
5302385,1.0755
5302995,1.0811
5303606,1.0868
5304217,1.0925
5304827,1.0982
5305438,1.1039
5306049,1.1096
5306660,1.1153
5307271,1.1210
5307882,1.1267
5308493,1.1324
5309104,1.1381
5309716,1.1438
5310327,1.1495
5310938,1.1552
5311550,1.1609
5312161,1.1666
5312773,1.1724
5313385,1.1781
5313996,1.1838
5314608,1.1895
5315220,1.1953
5315832,1.2010
5316444,1.2068
5317056,1.2125
5317668,1.2182
5318281,1.2240
5318893,1.2297
5319505,1.2355
5320118,1.2412
5320730,1.2470
5321343,1.2528
5321956,1.2585
5322568,1.2643
5323181,1.2701
5323794,1.2758
5324407,1.2816
5325020,1.2874
5325633,1.2932
5326246,1.2990
5326860,1.3047
5327473,1.3105
5328086,1.3163
5328700,1.3221
5329313,1.3279
5329927,1.3337
5330541,1.3395
5331154,1.3453
5331768,1.3511
5332382,1.3570
5332996,1.3628
5333610,1.3686
5334224,1.3744
5334838,1.3802
5335452,1.3861
5336067,1.3919
5336681,1.3977
5337296,1.4036
5337910,1.4094
5338525,1.4153
5339139,1.4211
5339754,1.4269
5340369,1.4328
5340984,1.4386
5341599,1.4445
5342214,1.4504
5342829,1.4562
5343444,1.4621
5344059,1.4680
5344674,1.4738
5345290,1.4797
5345905,1.4856
5346521,1.4915
5347136,1.4973
5347752,1.5032
5348368,1.5091
5348983,1.5150
5349599,1.5209
5350215,1.5268
5350831,1.5327
5351447,1.5386
5352063,1.5445
5352680,1.5504
5353296,1.5563
5353912,1.5623
5354529,1.5682
5355145,1.5741
5355762,1.5800
5356378,1.5859
5356995,1.5919
5357612,1.5978
5358229,1.6037
5358846,1.6097
5359463,1.6156
5360080,1.6216
5360697,1.6275
5361314,1.6335
5361931,1.6394
5362549,1.6454
5363166,1.6513
5363784,1.6573
5364401,1.6633
5365019,1.6692
5365637,1.6752
5366254,1.6812
5366872,1.6872
5367490,1.6931
5368108,1.6991
5368726,1.7051
5369344,1.7111
5369963,1.7171
5370581,1.7231
5371199,1.7291
5371818,1.7351
5372436,1.7411
5373055,1.7471
5373673,1.7531
5374292,1.7591
5374911,1.7652
5375530,1.7712
5376148,1.7772
5376767,1.7832
5377387,1.7893
5378006,1.7953
5378625,1.8013
5379244,1.8074
5379863,1.8134
5380483,1.8195
5381102,1.8255
5381722,1.8316
5382342,1.8376
5382961,1.8437
5383581,1.8497
5384201,1.8558
5384821,1.8619
5385441,1.8679
5386061,1.8740
5386681,1.8801
5387301,1.8862
5387921,1.8922
5388542,1.8983
5389162,1.9044
5389783,1.9105
5390403,1.9166
5391024,1.9227
5391645,1.9288
5392265,1.9349
5392886,1.9410
5393507,1.9471
5394128,1.9532
5394749,1.9594
5395370,1.9655
5395991,1.9716
5396613,1.9777
5397234,1.9839
5397856,1.9900
5398477,1.9961
5399099,2.0023
5399720,2.0084
5400342,2.0145
5400964,2.0207
5401585,2.0268
5402207,2.0330
5402829,2.0392
5403451,2.0453
5404074,2.0515
5404696,2.0576
5405318,2.0638
5405940,2.0700
5406563,2.0762
5407185,2.0824
5407808,2.0885
5408431,2.0947
5409053,2.1009
5409676,2.1071
5410299,2.1133
5410922,2.1195
5411545,2.1257
5412168,2.1319
5412791,2.1381
5413414,2.1443
5414037,2.1505
5414661,2.1568
5415284,2.1630
5415908,2.1692
5416531,2.1754
5417155,2.1817
5417779,2.1879
5418402,2.1941
5419026,2.2004
5419650,2.2066
5420274,2.2129
5420898,2.2191
5421522,2.2254
5422147,2.2316
5422771,2.2379
5423395,2.2442
5424020,2.2504
5424644,2.2567
5425269,2.2630
5425893,2.2693
5426518,2.2755
5427143,2.2818
5427768,2.2881
5428393,2.2944
5429018,2.3007
5429643,2.3070
5430268,2.3133
5430893,2.3196
5431518,2.3259
5432144,2.3322
5432769,2.3385
5433395,2.3448
5434020,2.3512
5434646,2.3575
5435272,2.3638
5435897,2.3701
5436523,2.3765
5437149,2.3828
5437775,2.3891
5438401,2.3955
5439028,2.4018
5439654,2.4082
5440280,2.4145
5440906,2.4209
5441533,2.4273
5442159,2.4336
5442786,2.4400
5443413,2.4464
5444039,2.4527
5444666,2.4591
5445293,2.4655
5445920,2.4719
5446547,2.4783
5447174,2.4846
5447801,2.4910
5448428,2.4974
5449056,2.5038
5449683,2.5102
5450311,2.5167
5450938,2.5231
5451566,2.5295
5452193,2.5359
5452821,2.5423
5453449,2.5487
5454077,2.5552
5454705,2.5616
5455333,2.5680
5455961,2.5745
5456589,2.5809
5457217,2.5874
5457846,2.5938
5458474,2.6003
5459103,2.6067
5459731,2.6132
5460360,2.6196
5460988,2.6261
5461617,2.6326
5462246,2.6390
5462875,2.6455
5463504,2.6520
5464133,2.6585
5464762,2.6650
5465391,2.6715
5466020,2.6779
5466650,2.6844
5467279,2.6909
5467909,2.6974
5468538,2.7040
5469168,2.7105
5469798,2.7170
5470427,2.7235
5471057,2.7300
5471687,2.7365
5472317,2.7431
5472947,2.7496
5473577,2.7561
5474207,2.7627
5474838,2.7692
5475468,2.7758
5476099,2.7823
5476729,2.7889
5477360,2.7954
5477990,2.8020
5478621,2.8085
5479252,2.8151
5479883,2.8217
5480514,2.8283
5481145,2.8348
5481776,2.8414
5482407,2.8480
5483038,2.8546
5483669,2.8612
5484301,2.8678
5484932,2.8744
5485564,2.8810
5486195,2.8876
5486827,2.8942
5487459,2.9008
5488090,2.9074
5488722,2.9140
5489354,2.9207
5489986,2.9273
5490618,2.9339
5491250,2.9406
5491883,2.9472
5492515,2.9538
5493147,2.9605
5493780,2.9671
5494412,2.9738
5495045,2.9804
5495678,2.9871
5496310,2.9938
5496943,3.0004
5497576,3.0071
5498209,3.0138
5498842,3.0204
5499475,3.0271
5500108,3.0338
5500742,3.0405
5501375,3.0472
5502008,3.0539
5502642,3.0606
5503276,3.0673
5503909,3.0740
5504543,3.0807
5505177,3.0874
5505810,3.0941
5506444,3.1009
5507078,3.1076
5507712,3.1143
5508347,3.1211
5508981,3.1278
5509615,3.1345
5510249,3.1413
5510884,3.1480
5511518,3.1548
5512153,3.1615
5512788,3.1683
5513422,3.1751
5514057,3.1818
5514692,3.1886
5515327,3.1954
5515962,3.2021
5516597,3.2089
5517232,3.2157
5517867,3.2225
5518503,3.2293
5519138,3.2361
5519773,3.2429
5520409,3.2497
5521045,3.2565
5521680,3.2633
5522316,3.2701
5522952,3.2769
5523588,3.2838
5524224,3.2906
5524860,3.2974
5525496,3.3043
5526132,3.3111
5526768,3.3179
5527405,3.3248
5528041,3.3316
5528677,3.3385
5529314,3.3453
5529951,3.3522
5530587,3.3591
5531224,3.3659
5531861,3.3728
5532498,3.3797
5533135,3.3866
5533772,3.3934
5534409,3.4003
5535046,3.4072
5535684,3.4141
5536321,3.4210
5536958,3.4279
5537596,3.4348
5538233,3.4417
5538871,3.4486
5539509,3.4556
5540147,3.4625
5540784,3.4694
5541422,3.4763
5542060,3.4833
5542698,3.4902
5543337,3.4972
5543975,3.5041
5544613,3.5110
5545252,3.5180
5545890,3.5250
5546529,3.5319
5547167,3.5389
5547806,3.5459
5548445,3.5528
5549083,3.5598
5549722,3.5668
5550361,3.5738
5551000,3.5808
5551639,3.5877
5552279,3.5947
5552918,3.6017
5553557,3.6087
5554197,3.6158
5554836,3.6228
5555476,3.6298
5556115,3.6368
5556755,3.6438
5557395,3.6509
5558035,3.6579
5558675,3.6649
5559315,3.6720
5559955,3.6790
5560595,3.6861
5561235,3.6931
5561875,3.7002
5562516,3.7072
5563156,3.7143
5563797,3.7214
5564437,3.7284
5565078,3.7355
5565719,3.7426
5566360,3.7497
5567000,3.7568
5567641,3.7638
5568282,3.7709
5568924,3.7780
5569565,3.7851
5570206,3.7923
5570847,3.7994
5571489,3.8065
5572130,3.8136
5572772,3.8207
5573413,3.8279
5574055,3.8350
5574697,3.8421
5575339,3.8493
5575981,3.8564
5576623,3.8636
5577265,3.8707
5577907,3.8779
5578549,3.8850
5579191,3.8922
5579834,3.8994
5580476,3.9065
5581119,3.9137
5581761,3.9209
5582404,3.9281
5583047,3.9353
5583689,3.9425
5584332,3.9497
5584975,3.9569
5585618,3.9641
5586261,3.9713
5586905,3.9785
5587548,3.9857
5588191,3.9929
5588835,4.0002
5589478,4.0074
5590122,4.0146
5590765,4.0219
5591409,4.0291
5592053,4.0364
5592697,4.0436
5593340,4.0509
5593984,4.0581
5594629,4.0654
5595273,4.0727
5595917,4.0799
5596561,4.0872
5597206,4.0945
5597850,4.1018
5598494,4.1091
5599139,4.1164
5599784,4.1237
5600428,4.1310
5601073,4.1383
5601718,4.1456
5602363,4.1529
5603008,4.1602
5603653,4.1676
5604298,4.1749
5604944,4.1822
5605589,4.1896
5606234,4.1969
5606880,4.2042
5607525,4.2116
5608171,4.2189
5608817,4.2263
5609463,4.2337
5610108,4.2410
5610754,4.2484
5611400,4.2558
5612046,4.2632
5612693,4.2705
5613339,4.2779
5613985,4.2853
5614631,4.2927
5615278,4.3001
5615924,4.3075
5616571,4.3149
5617218,4.3224
5617864,4.3298
5618511,4.3372
5619158,4.3446
5619805,4.3521
5620452,4.3595
5621099,4.3669
5621746,4.3744
5622394,4.3818
5623041,4.3893
5623688,4.3968
5624336,4.4042
5624984,4.4117
5625631,4.4192
5626279,4.4266
5626927,4.4341
5627575,4.4416
5628222,4.4491
5628870,4.4566
5629519,4.4641
5630167,4.4716
5630815,4.4791
5631463,4.4866
5632112,4.4941
5632760,4.5016
5633409,4.5092
5634057,4.5167
5634706,4.5242
5635355,4.5318
5636004,4.5393
5636652,4.5469
5637301,4.5544
5637950,4.5620
5638600,4.5695
5639249,4.5771
5639898,4.5847
5640547,4.5922
5641197,4.5998
5641846,4.6074
5642496,4.6150
5643146,4.6226
5643795,4.6302
5644445,4.6378
5645095,4.6454
5645745,4.6530
5646395,4.6606
5647045,4.6682
5647695,4.6759
5648346,4.6835
5648996,4.6911
5649646,4.6988
5650297,4.7064
5650947,4.7141
5651598,4.7217
5652249,4.7294
5652899,4.7370
5653550,4.7447
5654201,4.7524
5654852,4.7600
5655503,4.7677
5656154,4.7754
5656806,4.7831
5657457,4.7908
5658108,4.7985
5658760,4.8062
5659411,4.8139
5660063,4.8216
5660715,4.8293
5661366,4.8370
5662018,4.8448
5662670,4.8525
5663322,4.8602
5663974,4.8680
5664626,4.8757
5665278,4.8835
5665931,4.8912
5666583,4.8990
5667235,4.9068
5667888,4.9145
5668541,4.9223
5669193,4.9301
5669846,4.9379
5670499,4.9457
5671152,4.9534
5671805,4.9612
5672458,4.9690
5673111,4.9769
5673764,4.9847
5674417,4.9925
5675070,5.0003
5675724,5.0081
5676377,5.0160
5677031,5.0238
5677684,5.0316
5678338,5.0395
5678992,5.0473
5679646,5.0552
5680300,5.0630
5680954,5.0709
5681608,5.0788
5682262,5.0867
5682916,5.0945
5683571,5.1024
5684225,5.1103
5684879,5.1182
5685534,5.1261
5686189,5.1340
5686843,5.1419
5687498,5.1498
5688153,5.1577
5688808,5.1657
5689463,5.1736
5690118,5.1815
5690773,5.1895
5691428,5.1974
5692083,5.2053
5692739,5.2133
5693394,5.2213
5694050,5.2292
5694705,5.2372
5695361,5.2452
5696017,5.2531
5696673,5.2611
5697328,5.2691
5697984,5.2771
5698640,5.2851
5699297,5.2931
5699953,5.3011
5700609,5.3091
5701265,5.3171
5701922,5.3252
5702578,5.3332
5703235,5.3412
5703891,5.3492
5704548,5.3573
5705205,5.3653
5705862,5.3734
5706519,5.3814
5707176,5.3895
5707833,5.3976
5708490,5.4056
5709147,5.4137
5709805,5.4218
5710462,5.4299
5711120,5.4380
5711777,5.4461
5712435,5.4542
5713092,5.4623
5713750,5.4704
5714408,5.4785
5715066,5.4866
5715724,5.4948
5716382,5.5029
5717040,5.5110
5717699,5.5192
5718357,5.5273
5719015,5.5355
5719674,5.5437
5720332,5.5518
5720991,5.5600
5721650,5.5682
5722308,5.5763
5722967,5.5845
5723626,5.5927
5724285,5.6009
5724944,5.6091
5725603,5.6173
5726263,5.6255
5726922,5.6337
5727581,5.6420
5728241,5.6502
5728900,5.6584
5729560,5.6667
5730219,5.6749
5730879,5.6831
5731539,5.6914
5732199,5.6997
5732859,5.7079
5733519,5.7162
5734179,5.7245
5734839,5.7327
5735500,5.7410
5736160,5.7493
5736820,5.7576
5737481,5.7659
5738142,5.7742
5738802,5.7825
5739463,5.7908
5740124,5.7992
5740785,5.8075
5741446,5.8158
5742107,5.8242
5742768,5.8325
5743429,5.8408
5744090,5.8492
5744752,5.8576
5745413,5.8659
5746075,5.8743
5746736,5.8827
5747398,5.8910
5748059,5.8994
5748721,5.9078
5749383,5.9162
5750045,5.9246
5750707,5.9330
5751369,5.9414
5752031,5.9499
5752694,5.9583
5753356,5.9667
5754019,5.9751
5754681,5.9836
5755344,5.9920
5756006,6.0005
5756669,6.0089
5757332,6.0174
5757995,6.0259
5758658,6.0343
5759321,6.0428
5759984,6.0513
5760647,6.0598
5761310,6.0683
5761973,6.0768
5762637,6.0853
5763300,6.0938
5763964,6.1023
5764628,6.1108
5765291,6.1194
5765955,6.1279
5766619,6.1364
5767283,6.1450
5767947,6.1535
5768611,6.1621
5769275,6.1707
5769939,6.1792
5770604,6.1878
5771268,6.1964
5771933,6.2050
5772597,6.2135
5773262,6.2221
5773927,6.2307
5774591,6.2394
5775256,6.2480
5775921,6.2566
5776586,6.2652
5777251,6.2738
5777916,6.2825
5778582,6.2911
5779247,6.2998
5779912,6.3084
5780578,6.3171
5781243,6.3257
5781909,6.3344
5782575,6.3431
5783241,6.3518
5783906,6.3604
5784572,6.3691
5785238,6.3778
5785904,6.3865
5786571,6.3952
5787237,6.4040
5787903,6.4127
5788570,6.4214
5789236,6.4301
5789903,6.4389
5790569,6.4476
5791236,6.4564
5791903,6.4651
5792570,6.4739
5793236,6.4827
5793903,6.4914
5794571,6.5002
5795238,6.5090
5795905,6.5178
5796572,6.5266
5797240,6.5354
5797907,6.5442
5798575,6.5530
5799242,6.5618
5799910,6.5707
5800578,6.5795
5801246,6.5883
5801914,6.5972
5802582,6.6060
5803250,6.6149
5803918,6.6237
5804586,6.6326
5805254,6.6415
5805923,6.6504
5806591,6.6593
5807260,6.6681
5807928,6.6770
5808597,6.6860
5809266,6.6949
5809935,6.7038
5810604,6.7127
5811273,6.7216
5811942,6.7306
5812611,6.7395
5813280,6.7484
5813949,6.7574
5814619,6.7664
5815288,6.7753
5815958,6.7843
5816628,6.7933
5817297,6.8023
5817967,6.8112
5818637,6.8202
5819307,6.8292
5819977,6.8382
5820647,6.8473
5821317,6.8563
5821987,6.8653
5822658,6.8743
5823328,6.8834
5823999,6.8924
5824669,6.9015
5825340,6.9105
5826010,6.9196
5826681,6.9287
5827352,6.9377
5828023,6.9468
5828694,6.9559
5829365,6.9650
5830036,6.9741
5830707,6.9832
5831379,6.9923
5832050,7.0014
5832722,7.0106
5833393,7.0197
5834065,7.0288
5834737,7.0380
5835408,7.0471
5836080,7.0563
5836752,7.0654
5837424,7.0746
5838096,7.0838
5838768,7.0930
5839441,7.1022
5840113,7.1113
5840785,7.1205
5841458,7.1298
5842131,7.1390
5842803,7.1482
5843476,7.1574
5844149,7.1666
5844822,7.1759
5845494,7.1851
5846168,7.1944
5846841,7.2036
5847514,7.2129
5848187,7.2222
5848860,7.2315
5849534,7.2407
5850207,7.2500
5850881,7.2593
5851555,7.2686
5852228,7.2779
5852902,7.2873
5853576,7.2966
5854250,7.3059
5854924,7.3153
5855598,7.3246
5856272,7.3339
5856946,7.3433
5857621,7.3527
5858295,7.3620
5858970,7.3714
5859644,7.3808
5860319,7.3902
5860994,7.3996
5861669,7.4090
5862343,7.4184
5863018,7.4278
5863693,7.4372
5864369,7.4467
5865044,7.4561
5865719,7.4655
5866394,7.4750
5867070,7.4844
5867745,7.4939
5868421,7.5034
5869097,7.5128
5869772,7.5223
5870448,7.5318
5871124,7.5413
5871800,7.5508
5872476,7.5603
5873152,7.5698
5873828,7.5794
5874505,7.5889
5875181,7.5984
5875857,7.6080
5876534,7.6175
5877211,7.6271
5877887,7.6366
5878564,7.6462
5879241,7.6558
5879918,7.6654
5880595,7.6750
5881272,7.6845
5881949,7.6942
5882626,7.7038
5883304,7.7134
5883981,7.7230
5884658,7.7326
5885336,7.7423
5886014,7.7519
5886691,7.7616
5887369,7.7712
5888047,7.7809
5888725,7.7906
5889403,7.8003
5890081,7.8099
5890759,7.8196
5891437,7.8293
5892116,7.8390
5892794,7.8488
5893472,7.8585
5894151,7.8682
5894830,7.8780
5895508,7.8877
5896187,7.8974
5896866,7.9072
5897545,7.9170
5898224,7.9267
5898903,7.9365
5899582,7.9463
5900261,7.9561
5900941,7.9659
5901620,7.9757
5902300,7.9855
5902979,7.9953
5903659,8.0052
5904339,8.0150
5905018,8.0248
5905698,8.0347
5906378,8.0446
5907058,8.0544
5907738,8.0643
5908419,8.0742
5909099,8.0841
5909779,8.0940
5910460,8.1039
5911140,8.1138
5911821,8.1237
5912501,8.1336
5913182,8.1435
5913863,8.1535
5914544,8.1634
5915225,8.1734
5915906,8.1833
5916587,8.1933
5917268,8.2033
5917949,8.2132
5918631,8.2232
5919312,8.2332
5919994,8.2432
5920675,8.2532
5921357,8.2633
5922039,8.2733
5922721,8.2833
5923403,8.2934
5924085,8.3034
5924767,8.3135
5925449,8.3235
5926131,8.3336
5926813,8.3437
5927496,8.3538
5928178,8.3638
5928861,8.3739
5929543,8.3841
5930226,8.3942
5930909,8.4043
5931592,8.4144
5932275,8.4246
5932958,8.4347
5933641,8.4449
5934324,8.4550
5935007,8.4652
5935691,8.4754
5936374,8.4855
5937057,8.4957
5937741,8.5059
5938425,8.5161
5939108,8.5264
5939792,8.5366
5940476,8.5468
5941160,8.5570
5941844,8.5673
5942528,8.5775
5943212,8.5878
5943897,8.5981
5944581,8.6083
5945266,8.6186
5945950,8.6289
5946635,8.6392
5947319,8.6495
5948004,8.6598
5948689,8.6702
5949374,8.6805
5950059,8.6908
5950744,8.7012
5951429,8.7115
5952114,8.7219
5952799,8.7323
5953485,8.7426
5954170,8.7530
5954856,8.7634
5955541,8.7738
5956227,8.7842
5956913,8.7946
5957599,8.8051
5958285,8.8155
5958971,8.8259
5959657,8.8364
5960343,8.8469
5961029,8.8573
5961716,8.8678
5962402,8.8783
5963088,8.8888
5963775,8.8993
5964462,8.9098
5965148,8.9203
5965835,8.9308
5966522,8.9413
5967209,8.9519
5967896,8.9624
5968583,8.9730
5969270,8.9835
5969958,8.9941
5970645,9.0047
5971333,9.0153
5972020,9.0259
5972708,9.0365
5973395,9.0471
5974083,9.0577
5974771,9.0683
5975459,9.0789
5976147,9.0896
5976835,9.1002
5977523,9.1109
5978211,9.1216
5978900,9.1322
5979588,9.1429
5980276,9.1536
5980965,9.1643
5981654,9.1750
5982342,9.1858
5983031,9.1965
5983720,9.2072
5984409,9.2180
5985098,9.2287
5985787,9.2395
5986476,9.2502
5987165,9.2610
5987855,9.2718
5988544,9.2826
5989234,9.2934
5989923,9.3042
5990613,9.3150
5991303,9.3259
5991992,9.3367
5992682,9.3475
5993372,9.3584
5994062,9.3693
5994752,9.3801
5995443,9.3910
5996133,9.4019
5996823,9.4128
5997514,9.4237
5998204,9.4346
5998895,9.4455
5999586,9.4565
6000276,9.4674
6000967,9.4784
6001658,9.4893
6002349,9.5003
6003040,9.5113
6003731,9.5222
6004423,9.5332
6005114,9.5442
6005805,9.5552
6006497,9.5663
6007188,9.5773
6007880,9.5883
6008572,9.5994
6009264,9.6104
6009955,9.6215
6010647,9.6326
6011339,9.6436
6012032,9.6547
6012724,9.6658
6013416,9.6769
6014108,9.6880
6014801,9.6992
6015493,9.7103
6016186,9.7214
6016879,9.7326
6017571,9.7438
6018264,9.7549
6018957,9.7661
6019650,9.7773
6020343,9.7885
6021036,9.7997
6021730,9.8109
6022423,9.8221
6023116,9.8334
6023810,9.8446
6024503,9.8559
6025197,9.8671
6025891,9.8784
6026585,9.8897
6027278,9.9010
6027972,9.9122
6028666,9.9236
6029361,9.9349
6030055,9.9462
6030749,9.9575
6031443,9.9689
6032138,9.9802
6032832,9.9916
6033527,10.0030
6034222,10.0143
6034916,10.0257
6035611,10.0371
6036306,10.0485
6037001,10.0599
6037696,10.0714
6038391,10.0828
6039087,10.0943
6039782,10.1057
6040477,10.1172
6041173,10.1287
6041868,10.1401
6042564,10.1516
6043260,10.1631
6043955,10.1746
6044651,10.1862
6045347,10.1977
6046043,10.2092
6046739,10.2208
6047436,10.2323
6048132,10.2439
6048828,10.2555
6049525,10.2671
6050221,10.2787
6050918,10.2903
6051614,10.3019
6052311,10.3135
6053008,10.3252
6053705,10.3368
6054402,10.3485
6055099,10.3601
6055796,10.3718
6056493,10.3835
6057191,10.3952
6057888,10.4069
6058586,10.4186
6059283,10.4303
6059981,10.4421
6060679,10.4538
6061376,10.4656
6062074,10.4773
6062772,10.4891
6063470,10.5009
6064168,10.5127
6064867,10.5245
6065565,10.5363
6066263,10.5481
6066962,10.5599
6067660,10.5718
6068359,10.5836
6069058,10.5955
6069756,10.6074
6070455,10.6193
6071154,10.6312
6071853,10.6431
6072552,10.6550
6073251,10.6669
6073951,10.6788
6074650,10.6908
6075349,10.7027
6076049,10.7147
6076748,10.7267
6077448,10.7387
6078148,10.7507
6078848,10.7627
6079547,10.7747
6080247,10.7867
6080948,10.7987
6081648,10.8108
6082348,10.8228
6083048,10.8349
6083749,10.8470
6084449,10.8591
6085150,10.8712
6085850,10.8833
6086551,10.8954
6087252,10.9075
6087952,10.9197
6088653,10.9318
6089354,10.9440
6090056,10.9561
6090757,10.9683
6091458,10.9805
6092159,10.9927
6092861,11.0049
6093562,11.0172
6094264,11.0294
6094966,11.0416
6095667,11.0539
6096369,11.0662
6097071,11.0784
6097773,11.0907
6098475,11.1030
6099177,11.1153
6099879,11.1277
6100582,11.1400
6101284,11.1523
6101987,11.1647
6102689,11.1770
6103392,11.1894
6104095,11.2018
6104797,11.2142
6105500,11.2266
6106203,11.2390
6106906,11.2514
6107609,11.2639
6108313,11.2763
6109016,11.2888
6109719,11.3013
6110423,11.3138
6111126,11.3262
6111830,11.3388
6112534,11.3513
6113237,11.3638
6113941,11.3763
6114645,11.3889
6115349,11.4014
6116053,11.4140
6116757,11.4266
6117462,11.4392
6118166,11.4518
6118870,11.4644
6119575,11.4770
6120279,11.4897
6120984,11.5023
6121689,11.5150
6122394,11.5277
6123099,11.5403
6123804,11.5530
6124509,11.5657
6125214,11.5785
6125919,11.5912
6126624,11.6039
6127330,11.6167
6128035,11.6295
6128741,11.6422
6129446,11.6550
6130152,11.6678
6130858,11.6806
6131564,11.6934
6132270,11.7063
6132976,11.7191
6133682,11.7320
6134388,11.7448
6135094,11.7577
6135801,11.7706
6136507,11.7835
6137214,11.7964
6137920,11.8094
6138627,11.8223
6139334,11.8352
6140041,11.8482
6140748,11.8612
6141455,11.8742
6142162,11.8872
6142869,11.9002
6143576,11.9132
6144284,11.9262
6144991,11.9393
6145699,11.9523
6146406,11.9654
6147114,11.9785
6147822,11.9916
6148529,12.0047
6149237,12.0178
6149945,12.0309
6150653,12.0440
6151362,12.0572
6152070,12.0704
6152778,12.0835
6153487,12.0967
6154195,12.1099
6154904,12.1231
6155612,12.1364
6156321,12.1496
6157030,12.1628
6157739,12.1761
6158448,12.1894
6159157,12.2027
6159866,12.2160
6160575,12.2293
6161284,12.2426
6161994,12.2559
6162703,12.2693
6163413,12.2826
6164122,12.2960
6164832,12.3094
6165542,12.3228
6166252,12.3362
6166962,12.3496
6167672,12.3631
6168382,12.3765
6169092,12.3900
6169802,12.4034
6170513,12.4169
6171223,12.4304
6171934,12.4439
6172644,12.4575
6173355,12.4710
6174066,12.4845
6174777,12.4981
6175488,12.5117
6176199,12.5253
6176910,12.5389
6177621,12.5525
6178332,12.5661
6179044,12.5797
6179755,12.5934
6180466,12.6071
6181178,12.6207
6181890,12.6344
6182601,12.6481
6183313,12.6618
6184025,12.6756
6184737,12.6893
6185449,12.7031
6186162,12.7168
6186874,12.7306
6187586,12.7444
6188299,12.7582
6189011,12.7720
6189724,12.7859
6190436,12.7997
6191149,12.8136
6191862,12.8275
6192575,12.8414
6193288,12.8553
6194001,12.8692
6194714,12.8831
6195427,12.8970
6196140,12.9110
6196854,12.9250
6197567,12.9389
6198281,12.9529
6198995,12.9669
6199708,12.9810
6200422,12.9950
6201136,13.0091
6201850,13.0231
6202564,13.0372
6203278,13.0513
6203992,13.0654
6204707,13.0795
6205421,13.0936
6206136,13.1078
6206850,13.1219
6207565,13.1361
6208279,13.1503
6208994,13.1645
6209709,13.1787
6210424,13.1930
6211139,13.2072
6211854,13.2215
6212569,13.2357
6213285,13.2500
6214000,13.2643
6214716,13.2786
6215431,13.2929
6216147,13.3073
6216862,13.3216
6217578,13.3360
6218294,13.3504
6219010,13.3648
6219726,13.3792
6220442,13.3936
6221158,13.4081
6221875,13.4225
6222591,13.4370
6223307,13.4515
6224024,13.4660
6224741,13.4805
6225457,13.4950
6226174,13.5096
6226891,13.5241
6227608,13.5387
6228325,13.5533
6229042,13.5679
6229759,13.5825
6230476,13.5971
6231194,13.6118
6231911,13.6264
6232629,13.6411
6233346,13.6558
6234064,13.6705
6234782,13.6852
6235500,13.6999
6236218,13.7147
6236936,13.7294
6237654,13.7442
6238372,13.7590
6239090,13.7738
6239808,13.7886
6240527,13.8035
6241245,13.8183
6241964,13.8332
6242683,13.8481
6243401,13.8630
6244120,13.8779
6244839,13.8928
6245558,13.9077
6246277,13.9227
6246996,13.9377
6247716,13.9527
6248435,13.9677
6249154,13.9827
6249874,13.9977
6250593,14.0128
6251313,14.0278
6252033,14.0429
6252753,14.0580
6253473,14.0731
6254193,14.0883
6254913,14.1034
6255633,14.1186
6256353,14.1337
6257073,14.1489
6257794,14.1641
6258514,14.1793
6259235,14.1946
6259956,14.2098
6260676,14.2251
6261397,14.2404
6262118,14.2557
6262839,14.2710
6263560,14.2863
6264281,14.3017
6265003,14.3170
6265724,14.3324
6266445,14.3478
6267167,14.3632
6267888,14.3787
6268610,14.3941
6269332,14.4096
6270054,14.4250
6270776,14.4405
6271498,14.4560
6272220,14.4716
6272942,14.4871
6273664,14.5027
6274386,14.5182
6275109,14.5338
6275831,14.5494
6276554,14.5651
6277276,14.5807
6277999,14.5964
6278722,14.6120
6279445,14.6277
6280168,14.6434
6280891,14.6592
6281614,14.6749
6282337,14.6907
6283061,14.7064
6283784,14.7222
6284508,14.7380
6285231,14.7539
6285955,14.7697
6286679,14.7856
6287402,14.8014
6288126,14.8173
6288850,14.8332
6289574,14.8492
6290298,14.8651
6291023,14.8811
6291747,14.8970
6292471,14.9130
6293196,14.9290
6293921,14.9451
6294645,14.9611
6295370,14.9772
6296095,14.9933
6296820,15.0094
6297545,15.0255
6298270,15.0416
6298995,15.0578
6299720,15.0739
6300445,15.0901
6301171,15.1063
6301896,15.1225
6302622,15.1388
6303348,15.1550
6304073,15.1713
6304799,15.1876
6305525,15.2039
6306251,15.2202
6306977,15.2366
6307703,15.2530
6308430,15.2693
6309156,15.2857
6309882,15.3022
6310609,15.3186
6311335,15.3350
6312062,15.3515
6312789,15.3680
6313516,15.3845
6314242,15.4010
6314969,15.4176
6315697,15.4342
6316424,15.4507
6317151,15.4673
6317878,15.4840
6318606,15.5006
6319333,15.5173
6320061,15.5339
6320788,15.5506
6321516,15.5673
6322244,15.5841
6322972,15.6008
6323700,15.6176
6324428,15.6344
6325156,15.6512
6325884,15.6680
6326613,15.6848
6327341,15.7017
6328070,15.7186
6328798,15.7355
6329527,15.7524
6330256,15.7693
6330985,15.7863
6331713,15.8033
6332442,15.8203
6333172,15.8373
6333901,15.8543
6334630,15.8714
6335359,15.8884
6336089,15.9055
6336818,15.9226
6337548,15.9398
6338278,15.9569
6339007,15.9741
6339737,15.9913
6340467,16.0085
6341197,16.0257
6341927,16.0430
6342657,16.0602
6343388,16.0775
6344118,16.0948
6344848,16.1122
6345579,16.1295
6346310,16.1469
6347040,16.1643
6347771,16.1817
6348502,16.1991
6349233,16.2165
6349964,16.2340
6350695,16.2515
6351426,16.2690
6352157,16.2865
6352889,16.3041
6353620,16.3217
6354352,16.3393
6355083,16.3569
6355815,16.3745
6356547,16.3921
6357279,16.4098
6358011,16.4275
6358743,16.4452
6359475,16.4630
6360207,16.4807
6360939,16.4985
6361672,16.5163
6362404,16.5341
6363137,16.5519
6363869,16.5698
6364602,16.5877
6365335,16.6056
6366068,16.6235
6366801,16.6415
6367534,16.6594
6368267,16.6774
6369000,16.6954
6369733,16.7134
6370467,16.7315
6371200,16.7496
6371934,16.7677
6372667,16.7858
6373401,16.8039
6374135,16.8221
6374869,16.8402
6375603,16.8585
6376337,16.8767
6377071,16.8949
6377805,16.9132
6378540,16.9315
6379274,16.9498
6380008,16.9681
6380743,16.9865
6381478,17.0049
6382212,17.0233
6382947,17.0417
6383682,17.0601
6384417,17.0786
6385152,17.0971
6385887,17.1156
6386623,17.1341
6387358,17.1527
6388093,17.1712
6388829,17.1898
6389564,17.2085
6390300,17.2271
6391036,17.2458
6391772,17.2645
6392508,17.2832
6393244,17.3019
6393980,17.3207
6394716,17.3395
6395452,17.3583
6396189,17.3771
6396925,17.3960
6397661,17.4148
6398398,17.4337
6399135,17.4527
6399872,17.4716
6400608,17.4906
6401345,17.5096
6402082,17.5286
6402819,17.5476
6403557,17.5667
6404294,17.5858
6405031,17.6049
6405769,17.6240
6406506,17.6432
6407244,17.6624
6407982,17.6816
6408719,17.7008
6409457,17.7201
6410195,17.7393
6410933,17.7586
6411671,17.7780
6412410,17.7973
6413148,17.8167
6413886,17.8361
6414625,17.8555
6415363,17.8750
6416102,17.8944
6416841,17.9139
6417579,17.9334
6418318,17.9530
6419057,17.9726
6419796,17.9922
6420536,18.0118
6421275,18.0314
6422014,18.0511
6422754,18.0708
6423493,18.0905
6424233,18.1103
6424972,18.1300
6425712,18.1498
6426452,18.1697
6427192,18.1895
6427932,18.2094
6428672,18.2293
6429412,18.2492
6430152,18.2692
6430893,18.2891
6431633,18.3091
6432374,18.3292
6433114,18.3492
6433855,18.3693
6434596,18.3894
6435336,18.4095
6436077,18.4297
6436818,18.4499
6437559,18.4701
6438301,18.4903
6439042,18.5106
6439783,18.5309
6440525,18.5512
6441266,18.5715
6442008,18.5919
6442750,18.6123
6443491,18.6327
6444233,18.6531
6444975,18.6736
6445717,18.6941
6446459,18.7146
6447202,18.7352
6447944,18.7558
6448686,18.7764
6449429,18.7970
6450171,18.8177
6450914,18.8384
6451657,18.8591
6452400,18.8799
6453142,18.9006
6453885,18.9214
6454629,18.9423
6455372,18.9631
6456115,18.9840
6456858,19.0049
6457602,19.0259
6458345,19.0468
6459089,19.0678
6459832,19.0888
6460576,19.1099
6461320,19.1310
6462064,19.1521
6462808,19.1732
6463552,19.1944
6464296,19.2156
6465041,19.2368
6465785,19.2581
6466529,19.2793
6467274,19.3007
6468019,19.3220
6468763,19.3434
6469508,19.3648
6470253,19.3862
6470998,19.4076
6471743,19.4291
6472488,19.4506
6473233,19.4722
6473979,19.4938
6474724,19.5154
6475469,19.5370
6476215,19.5587
6476961,19.5803
6477706,19.6021
6478452,19.6238
6479198,19.6456
6479944,19.6674
6480690,19.6893
6481436,19.7111
6482183,19.7330
6482929,19.7550
6483675,19.7769
6484422,19.7989
6485168,19.8209
6485915,19.8430
6486662,19.8651
6487409,19.8872
6488156,19.9093
6488903,19.9315
6489650,19.9537
6490397,19.9760
6491144,19.9982
6491892,20.0205
6492639,20.0429
6493387,20.0652
6494134,20.0876
6494882,20.1101
6495630,20.1325
6496378,20.1550
6497125,20.1775
6497874,20.2001
6498622,20.2227
6499370,20.2453
6500118,20.2679
6500867,20.2906
6501615,20.3133
6502364,20.3361
6503112,20.3589
6503861,20.3817
6504610,20.4045
6505359,20.4274
6506108,20.4503
6506857,20.4733
6507606,20.4962
6508355,20.5192
6509105,20.5423
6509854,20.5654
6510604,20.5885
6511353,20.6116
6512103,20.6348
6512853,20.6580
6513603,20.6812
6514352,20.7045
6515103,20.7278
6515853,20.7512
6516603,20.7746
6517353,20.7980
6518104,20.8214
6518854,20.8449
6519605,20.8684
6520355,20.8920
6521106,20.9155
6521857,20.9392
6522608,20.9628
6523359,20.9865
6524110,21.0102
6524861,21.0340
6525612,21.0578
6526363,21.0816
6527115,21.1055
6527866,21.1294
6528618,21.1533
6529370,21.1773
6530121,21.2013
6530873,21.2253
6531625,21.2494
6532377,21.2735
6533129,21.2977
6533882,21.3218
6534634,21.3461
6535386,21.3703
6536139,21.3946
6536891,21.4189
6537644,21.4433
6538397,21.4677
6539149,21.4921
6539902,21.5166
6540655,21.5411
6541408,21.5657
6542161,21.5903
6542915,21.6149
6543668,21.6396
6544421,21.6643
6545175,21.6890
6545928,21.7138
6546682,21.7386
6547436,21.7634
6548190,21.7883
6548944,21.8133
6549698,21.8382
6550452,21.8632
6551206,21.8883
6551960,21.9133
6552715,21.9385
6553469,21.9636
6554224,21.9888
6554978,22.0140
6555733,22.0393
6556488,22.0646
6557243,22.0900
6557998,22.1154
6558753,22.1408
6559508,22.1663
6560263,22.1918
6561018,22.2173
6561774,22.2429
6562529,22.2685
6563285,22.2942
6564041,22.3199
6564796,22.3457
6565552,22.3715
6566308,22.3973
6567064,22.4231
6567820,22.4491
6568576,22.4750
6569333,22.5010
6570089,22.5270
6570845,22.5531
6571602,22.5792
6572359,22.6054
6573115,22.6316
6573872,22.6578
6574629,22.6841
6575386,22.7104
6576143,22.7368
6576900,22.7632
6577657,22.7896
6578415,22.8161
6579172,22.8427
6579930,22.8692
6580687,22.8959
6581445,22.9225
6582203,22.9492
6582961,22.9760
6583719,23.0028
6584477,23.0296
6585235,23.0565
6585993,23.0834
6586751,23.1104
6587510,23.1374
6588268,23.1644
6589027,23.1915
6589785,23.2187
6590544,23.2458
6591303,23.2731
6592062,23.3003
6592821,23.3277
6593580,23.3550
6594339,23.3824
6595098,23.4099
6595857,23.4374
6596617,23.4649
6597376,23.4925
6598136,23.5201
6598896,23.5478
6599655,23.5755
6600415,23.6033
6601175,23.6311
6601935,23.6590
6602695,23.6869
6603455,23.7148
6604216,23.7428
6604976,23.7709
6605737,23.7990
6606497,23.8271
6607258,23.8553
6608019,23.8835
6608779,23.9118
6609540,23.9401
6610301,23.9685
6611062,23.9969
6611824,24.0254
6612585,24.0539
6613346,24.0825
6614108,24.1111
6614869,24.1398
6615631,24.1685
6616392,24.1972
6617154,24.2261
6617916,24.2549
6618678,24.2838
6619440,24.3128
6620202,24.3418
6620964,24.3708
6621727,24.3999
6622489,24.4291
6623252,24.4583
6624014,24.4876
6624777,24.5169
6625540,24.5462
6626302,24.5756
6627065,24.6051
6627828,24.6346
6628591,24.6641
6629355,24.6937
6630118,24.7234
6630881,24.7531
6631645,24.7829
6632408,24.8127
6633172,24.8426
6633936,24.8725
6634699,24.9024
6635463,24.9325
6636227,24.9625
6636991,24.9927
6637756,25.0229
6638520,25.0531
6639284,25.0834
6640049,25.1137
6640813,25.1441
6641578,25.1745
6642342,25.2050
6643107,25.2356
6643872,25.2662
6644637,25.2969
6645402,25.3276
6646167,25.3583
6646932,25.3892
6647698,25.4200
6648463,25.4510
6649228,25.4820
6649994,25.5130
6650760,25.5441
6651525,25.5753
6652291,25.6065
6653057,25.6377
6653823,25.6691
6654589,25.7004
6655355,25.7319
6656122,25.7634
6656888,25.7949
6657655,25.8265
6658421,25.8582
6659188,25.8899
6659954,25.9217
6660721,25.9535
6661488,25.9854
6662255,26.0173
6663022,26.0493
6663789,26.0814
6664557,26.1135
6665324,26.1457
6666091,26.1779
6666859,26.2102
6667626,26.2426
6668394,26.2750
6669162,26.3075
6669930,26.3400
6670698,26.3726
6671466,26.4053
6672234,26.4380
6673002,26.4707
6673770,26.5036
6674539,26.5365
6675307,26.5694
6676076,26.6025
6676844,26.6355
6677613,26.6687
6678382,26.7019
6679151,26.7351
6679920,26.7685
6680689,26.8018
6681458,26.8353
6682227,26.8688
6682997,26.9024
6683766,26.9360
6684536,26.9697
6685305,27.0035
6686075,27.0373
6686845,27.0712
6687615,27.1051
6688385,27.1391
6689155,27.1732
6689925,27.2074
6690695,27.2416
6691466,27.2758
6692236,27.3102
6693007,27.3446
6693777,27.3790
6694548,27.4136
6695319,27.4482
6696090,27.4828
6696861,27.5176
6697632,27.5524
6698403,27.5872
6699174,27.6221
6699945,27.6571
6700717,27.6922
6701488,27.7273
6702260,27.7625
6703031,27.7978
6703803,27.8331
6704575,27.8685
6705347,27.9040
6706119,27.9395
6706891,27.9751
6707663,28.0108
6708436,28.0465
6709208,28.0823
6709980,28.1182
6710753,28.1541
6711526,28.1902
6712298,28.2262
6713071,28.2624
6713844,28.2986
6714617,28.3349
6715390,28.3713
6716163,28.4077
6716937,28.4442
6717710,28.4808
6718483,28.5174
6719257,28.5542
6720031,28.5910
6720804,28.6278
6721578,28.6648
6722352,28.7018
6723126,28.7388
6723900,28.7760
6724674,28.8132
6725449,28.8505
6726223,28.8879
6726997,28.9253
6727772,28.9629
6728546,29.0004
6729321,29.0381
6730096,29.0759
6730871,29.1137
6731646,29.1516
6732421,29.1895
6733196,29.2276
6733971,29.2657
6734747,29.3039
6735522,29.3421
6736297,29.3805
6737073,29.4189
6737849,29.4574
6738624,29.4960
6739400,29.5346
6740176,29.5733
6740952,29.6121
6741728,29.6510
6742505,29.6900
6743281,29.7290
6744057,29.7681
6744834,29.8073
6745610,29.8466
6746387,29.8859
6747164,29.9253
6747941,29.9648
6748718,30.0044
6749495,30.0441
6750272,30.0838
6751049,30.1236
6751826,30.1635
6752604,30.2035
6753381,30.2436
6754159,30.2837
6754936,30.3239
6755714,30.3642
6756492,30.4046
6757270,30.4451
6758048,30.4856
6758826,30.5262
6759604,30.5669
6760382,30.6077
6761161,30.6486
6761939,30.6895
6762718,30.7306
6763496,30.7717
6764275,30.8129
6765054,30.8542
6765833,30.8955
6766612,30.9370
6767391,30.9785
6768170,31.0201
6768949,31.0618
6769729,31.1036
6770508,31.1455
6771288,31.1874
6772067,31.2295
6772847,31.2716
6773627,31.3138
6774407,31.3561
6775187,31.3984
6775967,31.4409
6776747,31.4835
6777527,31.5261
6778307,31.5688
6779088,31.6116
6779868,31.6545
6780649,31.6975
6781430,31.7405
6782210,31.7837
6782991,31.8269
6783772,31.8702
6784553,31.9136
6785334,31.9571
6786116,32.0007
6786897,32.0444
6787678,32.0881
6788460,32.1320
6789241,32.1759
6790023,32.2199
6790805,32.2641
6791587,32.3082
6792369,32.3525
6793151,32.3969
6793933,32.4414
6794715,32.4859
6795497,32.5306
6796280,32.5753
6797062,32.6201
6797845,32.6650
6798628,32.7100
6799410,32.7551
6800193,32.8003
6800976,32.8455
6801759,32.8909
6802542,32.9363
6803326,32.9818
6804109,33.0275
6804892,33.0732
6805676,33.1190
6806459,33.1648
6807243,33.2108
6808027,33.2569
6808811,33.3030
6809595,33.3493
6810379,33.3956
6811163,33.4421
6811947,33.4886
6812731,33.5352
6813516,33.5819
6814300,33.6287
6815085,33.6755
6815869,33.7225
6816654,33.7696
6817439,33.8167
6818224,33.8639
6819009,33.9113
6819794,33.9587
6820579,34.0062
6821364,34.0538
6822150,34.1015
6822935,34.1492
6823721,34.1971
6824507,34.2451
6825292,34.2931
6826078,34.3412
6826864,34.3894
6827650,34.4378
6828436,34.4862
6829222,34.5346
6830009,34.5832
6830795,34.6319
6831582,34.6806
6832368,34.7295
6833155,34.7784
6833941,34.8274
6834728,34.8765
6835515,34.9257
6836302,34.9750
6837089,35.0243
6837877,35.0738
6838664,35.1233
6839451,35.1729
6840239,35.2227
6841026,35.2725
6841814,35.3223
6842602,35.3723
6843389,35.4223
6844177,35.4725
6844965,35.5227
6845753,35.5730
6846542,35.6234
6847330,35.6738
6848118,35.7244
6848907,35.7750
6849695,35.8257
6850484,35.8765
6851273,35.9274
6852062,35.9783
6852850,36.0294
6853639,36.0805
6854429,36.1317
6855218,36.1830
6856007,36.2343
6856796,36.2857
6857586,36.3372
6858375,36.3888
6859165,36.4405
6859955,36.4922
6860745,36.5440
6861535,36.5959
6862325,36.6478
6863115,36.6998
6863905,36.7519
6864695,36.8041
6865486,36.8563
6866276,36.9086
6867067,36.9609
6867857,37.0134
6868648,37.0659
6869439,37.1184
6870230,37.1711
6871021,37.2237
6871812,37.2765
6872603,37.3293
6873394,37.3822
6874186,37.4351
6874977,37.4881
6875769,37.5412
6876560,37.5943
6877352,37.6474
6878144,37.7006
6878936,37.7539
6879728,37.8072
6880520,37.8606
6881312,37.9140
6882104,37.9674
6882897,38.0209
6883689,38.0745
6884482,38.1281
6885274,38.1817
6886067,38.2354
6886860,38.2891
6887653,38.3429
6888446,38.3966
6889239,38.4504
6890032,38.5043
6890826,38.5582
6891619,38.6121
6892412,38.6660
6893206,38.7200
6894000,38.7739
6894793,38.8279
6895587,38.8820
6896381,38.9360
6897175,38.9901
6897969,39.0441
6898763,39.0982
6899558,39.1523
6900352,39.2064
6901147,39.2604
6901941,39.3145
6902736,39.3686
6903531,39.4227
6904325,39.4768
6905120,39.5309
6905915,39.5849
6906711,39.6390
6907506,39.6930
6908301,39.7470
6909096,39.8010
6909892,39.8549
6910688,39.9089
6911483,39.9628
6912279,40.0166
6913075,40.0705
6913871,40.1242
6914667,40.1780
6915463,40.2317
6916259,40.2853
6917055,40.3389
6917852,40.3925
6918648,40.4459
6919445,40.4993
6920242,40.5527
6921038,40.6059
6921835,40.6591
6922632,40.7122
6923429,40.7653
6924226,40.8182
6925024,40.8711
6925821,40.9238
6926618,40.9765
6927416,41.0290
6928213,41.0814
6929011,41.1338
6929809,41.1860
6930607,41.2381
6931405,41.2900
6932203,41.3418
6933001,41.3935
6933799,41.4450
6934597,41.4964
6935396,41.5477
6936194,41.5988
6936993,41.6497
6937792,41.7004
6938590,41.7510
6939389,41.8014
6940188,41.8516
6940987,41.9017
6941787,41.9515
6942586,42.0011
6943385,42.0505
6944185,42.0998
6944984,42.1487
6945784,42.1975
6946583,42.2460
6947383,42.2943
6948183,42.3424
6948983,42.3902
6949783,42.4377
6950583,42.4850
6951384,42.5320
6952184,42.5787
6952984,42.6251
6953785,42.6713
6954586,42.7171
6955386,42.7627
6956187,42.8079
6956988,42.8528
6957789,42.8974
6958590,42.9417
6959391,42.9856
6960193,43.0292
6960994,43.0724
6961795,43.1152
6962597,43.1577
6963399,43.1998
6964200,43.2415
6965002,43.2828
6965804,43.3237
6966606,43.3642
6967408,43.4043
6968210,43.4440
6969013,43.4832
6969815,43.5220
6970618,43.5603
6971420,43.5982
6972223,43.6356
6973026,43.6726
6973828,43.7090
6974631,43.7450
6975434,43.7805
6976237,43.8154
6977041,43.8499
6977844,43.8839
6978647,43.9173
6979451,43.9501
6980254,43.9825
6981058,44.0143
6981862,44.0455
6982666,44.0761
6983470,44.1062
6984274,44.1357
6985078,44.1646
6985882,44.1929
6986686,44.2206
6987491,44.2477
6988295,44.2742
6989100,44.3000
6989905,44.3252
6990709,44.3498
6991514,44.3737
6992319,44.3970
6993124,44.4196
6993930,44.4415
6994735,44.4628
6995540,44.4834
6996346,44.5033
6997151,44.5225
6997957,44.5410
6998762,44.5588
6999568,44.5759
7000374,44.5923
7001180,44.6079
7001986,44.6229
7002792,44.6371
7003599,44.6506
7004405,44.6633
7005212,44.6753
7006018,44.6866
7006825,44.6971
7007631,44.7068
7008438,44.7158
7009245,44.7240
7010052,44.7315
7010859,44.7382
7011667,44.7441
7012474,44.7493
7013281,44.7537
7014089,44.7573
7014896,44.7602
7015704,44.7622
7016512,44.7635
7017320,44.7641
7018128,44.7638
7018936,44.7628
7019744,44.7609
7020552,44.7583
7021360,44.7550
7022169,44.7508
7022977,44.7459
7023786,44.7402
7024594,44.7337
7025403,44.7264
7026212,44.7184
7027021,44.7096
7027830,44.7001
7028639,44.6898
7029449,44.6787
7030258,44.6668
7031067,44.6542
7031877,44.6409
7032686,44.6268
7033496,44.6119
7034306,44.5964
7035116,44.5800
7035926,44.5630
7036736,44.5452
7037546,44.5267
7038356,44.5075
7039167,44.4876
7039977,44.4669
7040788,44.4456
7041598,44.4236
7042409,44.4008
7043220,44.3774
7044031,44.3533
7044842,44.3286
7045653,44.3032
7046464,44.2771
7047276,44.2503
7048087,44.2229
7048898,44.1949
7049710,44.1662
7050522,44.1370
7051333,44.1070
7052145,44.0765
7052957,44.0454
7053769,44.0137
7054581,43.9814
7055394,43.9485
7056206,43.9150
7057018,43.8809
7057831,43.8463
7058644,43.8112
7059456,43.7755
7060269,43.7392
7061082,43.7024
7061895,43.6651
7062708,43.6273
7063521,43.5890
7064334,43.5502
7065148,43.5109
7065961,43.4711
7066775,43.4308
7067588,43.3901
7068402,43.3489
7069216,43.3072
7070030,43.2651
7070844,43.2225
7071658,43.1796
7072472,43.1362
7073287,43.0924
7074101,43.0481
7074915,43.0035
7075730,42.9585
7076545,42.9131
7077359,42.8673
7078174,42.8211
7078989,42.7746
7079804,42.7277
7080619,42.6805
7081435,42.6329
7082250,42.5850
7083065,42.5368
7083881,42.4883
7084697,42.4394
7085512,42.3902
7086328,42.3407
7087144,42.2909
7087960,42.2409
7088776,42.1905
7089592,42.1399
7090408,42.0890
7091225,42.0379
7092041,41.9864
7092858,41.9348
7093674,41.8829
7094491,41.8307
7095308,41.7784
7096125,41.7258
7096942,41.6729
7097759,41.6199
7098576,41.5666
7099394,41.5132
7100211,41.4595
7101028,41.4057
7101846,41.3517
7102664,41.2975
7103482,41.2431
7104299,41.1885
7105117,41.1338
7105935,41.0789
7106754,41.0239
7107572,40.9687
7108390,40.9133
7109209,40.8579
7110027,40.8022
7110846,40.7465
7111664,40.6906
7112483,40.6346
7113302,40.5785
7114121,40.5222
7114940,40.4659
7115759,40.4094
7116579,40.3529
7117398,40.2962
7118218,40.2395
7119037,40.1826
7119857,40.1257
7120676,40.0687
7121496,40.0116
7122316,39.9544
7123136,39.8972
7123956,39.8399
7124777,39.7825
7125597,39.7250
7126417,39.6676
7127238,39.6100
7128058,39.5524
7128879,39.4947
7129700,39.4371
7130521,39.3793
7131342,39.3215
7132163,39.2637
7132984,39.2059
7133805,39.1480
7134627,39.0901
7135448,39.0321
7136270,38.9742
7137091,38.9162
7137913,38.8582
7138735,38.8002
7139557,38.7422
7140379,38.6842
7141201,38.6261
7142023,38.5681
7142845,38.5100
7143668,38.4520
7144490,38.3939
7145313,38.3359
7146136,38.2779
7146958,38.2198
7147781,38.1618
7148604,38.1038
7149427,38.0458
7150250,37.9878
7151074,37.9299
7151897,37.8719
7152720,37.8140
7153544,37.7561
7154368,37.6982
7155191,37.6404
7156015,37.5826
7156839,37.5248
7157663,37.4670
7158487,37.4093
7159311,37.3516
7160136,37.2940
7160960,37.2364
7161785,37.1788
7162609,37.1212
7163434,37.0638
7164259,37.0063
7165083,36.9489
7165908,36.8915
7166733,36.8342
7167559,36.7770
7168384,36.7197
7169209,36.6626
7170035,36.6055
7170860,36.5484
7171686,36.4914
7172512,36.4344
7173337,36.3775
7174163,36.3207
7174989,36.2639
7175815,36.2072
7176642,36.1505
7177468,36.0939
7178294,36.0374
7179121,35.9809
7179947,35.9245
7180774,35.8681
7181601,35.8118
7182428,35.7556
7183255,35.6994
7184082,35.6433
7184909,35.5873
7185736,35.5314
7186563,35.4755
7187391,35.4197
7188218,35.3639
7189046,35.3082
7189874,35.2526
7190701,35.1971
7191529,35.1416
7192357,35.0863
7193185,35.0309
7194014,34.9757
7194842,34.9205
7195670,34.8655
7196499,34.8105
7197327,34.7555
7198156,34.7007
7198985,34.6459
7199814,34.5912
7200643,34.5366
7201472,34.4820
7202301,34.4276
7203130,34.3732
7203959,34.3189
7204789,34.2646
7205618,34.2105
7206448,34.1564
7207278,34.1025
7208107,34.0486
7208937,33.9947
7209767,33.9410
7210598,33.8873
7211428,33.8338
7212258,33.7803
7213088,33.7269
7213919,33.6736
7214749,33.6203
7215580,33.5672
7216411,33.5141
7217242,33.4611
7218073,33.4082
7218904,33.3554
7219735,33.3027
7220566,33.2500
7221398,33.1974
7222229,33.1450
7223061,33.0926
7223892,33.0403
7224724,32.9880
7225556,32.9359
7226388,32.8838
7227220,32.8319
7228052,32.7800
7228884,32.7282
7229716,32.6765
7230549,32.6249
7231381,32.5733
7232214,32.5219
7233046,32.4705
7233879,32.4192
7234712,32.3681
7235545,32.3170
7236378,32.2659
7237211,32.2150
7238045,32.1642
7238878,32.1134
7239711,32.0627
7240545,32.0121
7241379,31.9616
7242212,31.9112
7243046,31.8609
7243880,31.8107
7244714,31.7605
7245548,31.7104
7246383,31.6604
7247217,31.6106
7248051,31.5607
7248886,31.5110
7249720,31.4614
7250555,31.4118
7251390,31.3624
7252225,31.3130
7253060,31.2637
7253895,31.2145
7254730,31.1654
7255565,31.1163
7256401,31.0674
7257236,31.0185
7258072,30.9697
7258907,30.9210
7259743,30.8724
7260579,30.8239
7261415,30.7755
7262251,30.7271
7263087,30.6788
7263923,30.6306
7264760,30.5825
7265596,30.5345
7266433,30.4866
7267269,30.4387
7268106,30.3910
7268943,30.3433
7269780,30.2957
7270617,30.2482
7271454,30.2007
7272291,30.1534
7273128,30.1061
7273966,30.0590
7274803,30.0119
7275641,29.9648
7276479,29.9179
7277316,29.8711
7278154,29.8243
7278992,29.7776
7279830,29.7310
7280668,29.6845
7281507,29.6380
7282345,29.5917
7283184,29.5454
7284022,29.4992
7284861,29.4531
7285699,29.4071
7286538,29.3611
7287377,29.3153
7288216,29.2695
7289055,29.2238
7289895,29.1781
7290734,29.1326
7291573,29.0871
7292413,29.0417
7293253,28.9964
7294092,28.9512
7294932,28.9060
7295772,28.8609
7296612,28.8160
7297452,28.7710
7298292,28.7262
7299133,28.6814
7299973,28.6368
7300814,28.5922
7301654,28.5476
7302495,28.5032
7303336,28.4588
7304176,28.4145
7305017,28.3703
7305858,28.3262
7306700,28.2821
7307541,28.2381
7308382,28.1942
7309224,28.1504
7310065,28.1066
7310907,28.0629
7311749,28.0193
7312591,27.9758
7313432,27.9323
7314274,27.8890
7315117,27.8456
7315959,27.8024
7316801,27.7593
7317644,27.7162
7318486,27.6732
7319329,27.6302
7320171,27.5874
7321014,27.5446
7321857,27.5019
7322700,27.4592
7323543,27.4167
7324387,27.3742
7325230,27.3317
7326073,27.2894
7326917,27.2471
7327760,27.2049
7328604,27.1628
7329448,27.1207
7330292,27.0787
7331136,27.0368
7331980,26.9949
7332824,26.9532
7333668,26.9114
7334513,26.8698
7335357,26.8282
7336202,26.7867
7337046,26.7453
7337891,26.7039
7338736,26.6627
7339581,26.6214
7340426,26.5803
7341271,26.5392
7342116,26.4982
7342962,26.4572
7343807,26.4164
7344653,26.3756
7345498,26.3348
7346344,26.2942
7347190,26.2535
7348036,26.2130
7348882,26.1725
7349728,26.1321
7350574,26.0918
7351420,26.0515
7352267,26.0113
7353113,25.9712
7353960,25.9311
7354807,25.8911
7355653,25.8512
7356500,25.8113
7357347,25.7715
7358194,25.7317
7359042,25.6921
7359889,25.6525
7360736,25.6129
7361584,25.5734
7362431,25.5340
7363279,25.4946
7364127,25.4553
7364975,25.4161
7365823,25.3770
7366671,25.3378
7367519,25.2988
7368367,25.2598
7369215,25.2209
7370064,25.1821
7370912,25.1433
7371761,25.1046
7372610,25.0659
7373459,25.0273
7374308,24.9887
7375157,24.9503
7376006,24.9118
7376855,24.8735
7377704,24.8352
7378554,24.7970
7379403,24.7588
7380253,24.7207
7381103,24.6826
7381953,24.6446
7382803,24.6067
7383653,24.5688
7384503,24.5310
7385353,24.4932
7386203,24.4555
7387054,24.4179
7387904,24.3803
7388755,24.3428
7389606,24.3053
7390456,24.2679
7391307,24.2306
7392158,24.1933
7393009,24.1561
7393861,24.1189
7394712,24.0818
7395563,24.0447
7396415,24.0077
7397266,23.9708
7398118,23.9339
7398970,23.8971
7399822,23.8603
7400674,23.8236
7401526,23.7869
7402378,23.7503
7403230,23.7138
7404083,23.6773
7404935,23.6409
7405788,23.6045
7406640,23.5681
7407493,23.5319
7408346,23.4957
7409199,23.4595
7410052,23.4234
7410905,23.3873
7411758,23.3513
7412612,23.3154
7413465,23.2795
7414319,23.2437
7415172,23.2079
7416026,23.1721
7416880,23.1365
7417734,23.1008
7418588,23.0653
7419442,23.0297
7420296,22.9943
7421151,22.9589
7422005,22.9235
7422860,22.8882
7423714,22.8529
7424569,22.8177
7425424,22.7826
7426279,22.7475
7427134,22.7124
7427989,22.6774
7428844,22.6425
7429700,22.6076
7430555,22.5727
7431411,22.5379
7432266,22.5032
7433122,22.4685
7433978,22.4338
7434834,22.3992
7435690,22.3647
7436546,22.3302
7437402,22.2958
7438258,22.2614
7439115,22.2270
7439971,22.1927
7440828,22.1585
7441685,22.1243
7442541,22.0901
7443398,22.0560
7444255,22.0219
7445112,21.9879
7445970,21.9540
7446827,21.9201
7447684,21.8862
7448542,21.8524
7449399,21.8186
7450257,21.7849
7451115,21.7512
7451973,21.7176
7452831,21.6840
7453689,21.6505
7454547,21.6170
7455405,21.5836
7456264,21.5502
7457122,21.5168
7457981,21.4835
7458839,21.4503
7459698,21.4171
7460557,21.3839
7461416,21.3508
7462275,21.3177
7463134,21.2847
7463994,21.2517
7464853,21.2188
7465712,21.1859
7466572,21.1530
7467432,21.1202
7468291,21.0875
7469151,21.0548
7470011,21.0221
7470871,20.9895
7471731,20.9569
7472592,20.9243
7473452,20.8919
7474313,20.8594
7475173,20.8270
7476034,20.7946
7476895,20.7623
7477755,20.7300
7478616,20.6978
7479477,20.6656
7480339,20.6335
7481200,20.6014
7482061,20.5693
7482923,20.5373
7483784,20.5053
7484646,20.4734
7485508,20.4415
7486369,20.4096
7487231,20.3778
7488093,20.3461
7488956,20.3143
7489818,20.2826
7490680,20.2510
7491543,20.2194
7492405,20.1878
7493268,20.1563
7494131,20.1248
7494993,20.0934
7495856,20.0620
7496719,20.0307
7497583,19.9993
7498446,19.9681
7499309,19.9368
7500173,19.9056
7501036,19.8745
7501900,19.8434
7502763,19.8123
7503627,19.7812
7504491,19.7502
7505355,19.7193
7506219,19.6884
7507084,19.6575
7507948,19.6266
7508812,19.5958
7509677,19.5651
7510542,19.5343
7511406,19.5037
7512271,19.4730
7513136,19.4424
7514001,19.4118
7514866,19.3813
7515731,19.3508
7516597,19.3203
7517462,19.2899
7518328,19.2595
7519193,19.2292
7520059,19.1989
7520925,19.1686
7521791,19.1384
7522657,19.1082
7523523,19.0780
7524389,19.0479
7525256,19.0178
7526122,18.9878
7526989,18.9578
7527855,18.9278
7528722,18.8979
7529589,18.8680
7530456,18.8381
7531323,18.8083
7532190,18.7785
7533057,18.7487
7533924,18.7190
7534792,18.6893
7535659,18.6596
7536527,18.6300
7537395,18.6004
7538262,18.5709
7539130,18.5414
7539998,18.5119
7540867,18.4825
7541735,18.4531
7542603,18.4237
7543472,18.3944
7544340,18.3651
7545209,18.3358
7546077,18.3066
7546946,18.2774
7547815,18.2482
7548684,18.2191
7549553,18.1900
7550423,18.1609
7551292,18.1319
7552161,18.1029
7553031,18.0739
7553900,18.0450
7554770,18.0161
7555640,17.9873
7556510,17.9584
7557380,17.9296
7558250,17.9009
7559120,17.8721
7559991,17.8434
7560861,17.8148
7561732,17.7862
7562602,17.7576
7563473,17.7290
7564344,17.7005
7565215,17.6720
7566086,17.6435
7566957,17.6151
7567828,17.5867
7568699,17.5583
7569571,17.5299
7570442,17.5016
7571314,17.4734
7572186,17.4451
7573058,17.4169
7573929,17.3887
7574801,17.3606
7575674,17.3324
7576546,17.3044
7577418,17.2763
7578291,17.2483
7579163,17.2203
7580036,17.1923
7580908,17.1644
7581781,17.1365
7582654,17.1086
7583527,17.0808
7584400,17.0530
7585274,17.0252
7586147,16.9974
7587020,16.9697
7587894,16.9420
7588768,16.9144
7589641,16.8867
7590515,16.8591
7591389,16.8315
7592263,16.8040
7593137,16.7765
7594012,16.7490
7594886,16.7216
7595760,16.6941
7596635,16.6667
7597510,16.6394
7598384,16.6120
7599259,16.5847
7600134,16.5575
7601009,16.5302
7601884,16.5030
7602760,16.4758
7603635,16.4486
7604510,16.4215
7605386,16.3944
7606262,16.3673
7607137,16.3403
7608013,16.3132
7608889,16.2862
7609765,16.2593
7610641,16.2323
7611518,16.2054
7612394,16.1785
7613270,16.1517
7614147,16.1249
7615024,16.0981
7615900,16.0713
7616777,16.0445
7617654,16.0178
7618531,15.9911
7619408,15.9645
7620286,15.9378
7621163,15.9112
7622041,15.8847
7622918,15.8581
7623796,15.8316
7624674,15.8051
7625551,15.7786
7626429,15.7521
7627307,15.7257
7628186,15.6993
7629064,15.6730
7629942,15.6466
7630821,15.6203
7631699,15.5940
7632578,15.5678
7633457,15.5415
7634336,15.5153
7635215,15.4891
7636094,15.4630
7636973,15.4368
7637852,15.4107
7638732,15.3846
7639611,15.3586
7640491,15.3326
7641370,15.3065
7642250,15.2806
7643130,15.2546
7644010,15.2287
7644890,15.2028
7645770,15.1769
7646651,15.1510
7647531,15.1252
7648412,15.0994
7649292,15.0736
7650173,15.0479
7651054,15.0221
7651935,14.9964
7652816,14.9708
7653697,14.9451
7654578,14.9195
7655459,14.8939
7656341,14.8683
7657222,14.8427
7658104,14.8172
7658986,14.7917
7659867,14.7662
7660749,14.7407
7661631,14.7153
7662514,14.6899
7663396,14.6645
7664278,14.6391
7665161,14.6138
7666043,14.5884
7666926,14.5631
7667808,14.5379
7668691,14.5126
7669574,14.4874
7670457,14.4622
7671340,14.4370
7672224,14.4118
7673107,14.3867
7673990,14.3616
7674874,14.3365
7675758,14.3114
7676641,14.2864
7677525,14.2614
7678409,14.2364
7679293,14.2114
7680177,14.1864
7681062,14.1615
7681946,14.1366
7682831,14.1117
7683715,14.0869
7684600,14.0620
7685485,14.0372
7686369,14.0124
7687254,13.9876
7688139,13.9629
7689025,13.9381
7689910,13.9134
7690795,13.8887
7691681,13.8641
7692566,13.8394
7693452,13.8148
7694338,13.7902
7695224,13.7656
7696110,13.7411
7696996,13.7165
7697882,13.6920
7698768,13.6675
7699655,13.6431
7700541,13.6186
7701428,13.5942
7702315,13.5698
7703201,13.5454
7704088,13.5210
7704975,13.4967
7705862,13.4723
7706750,13.4480
7707637,13.4238
7708524,13.3995
7709412,13.3753
7710300,13.3510
7711187,13.3268
7712075,13.3027
7712963,13.2785
7713851,13.2544
7714739,13.2302
7715628,13.2061
7716516,13.1821
7717404,13.1580
7718293,13.1340
7719182,13.1099
7720070,13.0859
7720959,13.0620
7721848,13.0380
7722737,13.0141
7723626,12.9901
7724516,12.9663
7725405,12.9424
7726294,12.9185
7727184,12.8947
7728074,12.8708
7728963,12.8470
7729853,12.8233
7730743,12.7995
7731633,12.7758
7732524,12.7520
7733414,12.7283
7734304,12.7046
7735195,12.6810
7736085,12.6573
7736976,12.6337
7737867,12.6101
7738758,12.5865
7739649,12.5629
7740540,12.5394
7741431,12.5158
7742322,12.4923
7743214,12.4688
7744105,12.4453
7744997,12.4219
7745889,12.3984
7746781,12.3750
7747673,12.3516
7748565,12.3282
7749457,12.3049
7750349,12.2815
7751241,12.2582
7752134,12.2349
7753026,12.2116
7753919,12.1883
7754812,12.1650
7755705,12.1418
7756597,12.1186
7757491,12.0953
7758384,12.0722
7759277,12.0490
7760170,12.0258
7761064,12.0027
7761957,11.9796
7762851,11.9565
7763745,11.9334
7764639,11.9103
7765533,11.8873
7766427,11.8642
7767321,11.8412
7768215,11.8182
7769110,11.7953
7770004,11.7723
7770899,11.7494
7771794,11.7264
7772688,11.7035
7773583,11.6806
7774478,11.6577
7775373,11.6349
7776269,11.6120
7777164,11.5892
7778059,11.5664
7778955,11.5436
7779851,11.5208
7780746,11.4981
7781642,11.4753
7782538,11.4526
7783434,11.4299
7784330,11.4072
7785227,11.3845
7786123,11.3619
7787019,11.3392
7787916,11.3166
7788813,11.2940
7789709,11.2714
7790606,11.2488
7791503,11.2262
7792400,11.2037
7793297,11.1811
7794195,11.1586
7795092,11.1361
7795990,11.1136
7796887,11.0912
7797785,11.0687
7798683,11.0463
7799581,11.0239
7800479,11.0015
7801377,10.9791
7802275,10.9567
7803173,10.9343
7804072,10.9120
7804970,10.8897
7805869,10.8673
7806768,10.8450
7807667,10.8228
7808565,10.8005
7809464,10.7782
7810364,10.7560
7811263,10.7338
7812162,10.7116
7813062,10.6894
7813961,10.6672
7814861,10.6450
7815761,10.6229
7816661,10.6008
7817561,10.5786
7818461,10.5565
7819361,10.5344
7820261,10.5124
7821162,10.4903
7822062,10.4683
7822963,10.4462
7823863,10.4242
7824764,10.4022
7825665,10.3802
7826566,10.3583
7827467,10.3363
7828368,10.3144
7829270,10.2924
7830171,10.2705
7831073,10.2486
7831974,10.2267
7832876,10.2049
7833778,10.1830
7834680,10.1612
7835582,10.1393
7836484,10.1175
7837386,10.0957
7838289,10.0739
7839191,10.0521
7840094,10.0304
7840996,10.0086
7841899,9.9869
7842802,9.9652
7843705,9.9435
7844608,9.9218
7845511,9.9001
7846415,9.8784
7847318,9.8568
7848222,9.8351
7849125,9.8135
7850029,9.7919
7850933,9.7703
7851837,9.7487
7852741,9.7271
7853645,9.7056
7854549,9.6840
7855453,9.6625
7856358,9.6410
7857262,9.6195
7858167,9.5980
7859072,9.5765
7859977,9.5550
7860882,9.5336
7861787,9.5121
7862692,9.4907
7863597,9.4693
7864502,9.4479
7865408,9.4265
7866314,9.4051
7867219,9.3837
7868125,9.3624
7869031,9.3410
7869937,9.3197
7870843,9.2984
7871749,9.2771
7872656,9.2558
7873562,9.2345
7874469,9.2133
7875375,9.1920
7876282,9.1708
7877189,9.1495
7878096,9.1283
7879003,9.1071
7879910,9.0859
7880817,9.0647
7881725,9.0436
7882632,9.0224
7883540,9.0013
7884447,8.9801
7885355,8.9590
7886263,8.9379
7887171,8.9168
7888079,8.8957
7888987,8.8746
7889896,8.8536
7890804,8.8325
7891712,8.8115
7892621,8.7905
7893530,8.7694
7894439,8.7484
7895348,8.7274
7896257,8.7065
7897166,8.6855
7898075,8.6645
7898984,8.6436
7899894,8.6226
7900803,8.6017
7901713,8.5808
7902623,8.5599
7903533,8.5390
7904443,8.5181
7905353,8.4973
7906263,8.4764
7907173,8.4555
7908084,8.4347
7908994,8.4139
7909905,8.3931
7910815,8.3723
7911726,8.3515
7912637,8.3307
7913548,8.3099
7914459,8.2892
7915371,8.2684
7916282,8.2477
7917193,8.2269
7918105,8.2062
7919017,8.1855
7919928,8.1648
7920840,8.1441
7921752,8.1235
7922664,8.1028
7923576,8.0821
7924489,8.0615
7925401,8.0409
7926314,8.0202
7927226,7.9996
7928139,7.9790
7929052,7.9584
7929965,7.9378
7930878,7.9173
7931791,7.8967
7932704,7.8761
7933617,7.8556
7934531,7.8351
7935444,7.8145
7936358,7.7940
7937272,7.7735
7938186,7.7530
7939100,7.7325
7940014,7.7121
7940928,7.6916
7941842,7.6712
7942757,7.6507
7943671,7.6303
7944586,7.6098
7945500,7.5894
7946415,7.5690
7947330,7.5486
7948245,7.5282
7949160,7.5079
7950076,7.4875
7950991,7.4671
7951906,7.4468
7952822,7.4264
7953738,7.4061
7954653,7.3858
7955569,7.3655
7956485,7.3452
7957401,7.3249
7958317,7.3046
7959234,7.2843
7960150,7.2640
7961067,7.2438
7961983,7.2235
7962900,7.2033
7963817,7.1831
7964734,7.1628
7965651,7.1426
7966568,7.1224
7967485,7.1022
7968402,7.0820
7969320,7.0619
7970237,7.0417
7971155,7.0215
7972073,7.0014
7972991,6.9812
7973909,6.9611
7974827,6.9410
7975745,6.9209
7976663,6.9007
7977582,6.8806
7978500,6.8605
7979419,6.8405
7980337,6.8204
7981256,6.8003
7982175,6.7803
7983094,6.7602
7984013,6.7402
7984933,6.7201
7985852,6.7001
7986771,6.6801
7987691,6.6601
7988611,6.6401
7989530,6.6201
7990450,6.6001
7991370,6.5801
7992290,6.5601
7993211,6.5402
7994131,6.5202
7995051,6.5003
7995972,6.4803
7996892,6.4604
7997813,6.4405
7998734,6.4206
7999655,6.4007
8000576,6.3808
8001497,6.3609
8002418,6.3410
8003340,6.3211
8004261,6.3012
8005183,6.2814
8006105,6.2615
8007026,6.2417
8007948,6.2218
8008870,6.2020
8009792,6.1822
8010715,6.1623
8011637,6.1425
8012559,6.1227
8013482,6.1029
8014404,6.0831
8015327,6.0634
8016250,6.0436
8017173,6.0238
8018096,6.0041
8019019,5.9843
8019943,5.9646
8020866,5.9448
8021789,5.9251
8022713,5.9054
8023637,5.8856
8024560,5.8659
8025484,5.8462
8026408,5.8265
8027333,5.8068
8028257,5.7871
8029181,5.7675
8030106,5.7478
8031030,5.7281
8031955,5.7085
8032880,5.6888
8033804,5.6692
8034729,5.6495
8035654,5.6299
8036580,5.6103
8037505,5.5907
8038430,5.5710
8039356,5.5514
8040282,5.5318
8041207,5.5122
8042133,5.4926
8043059,5.4731
8043985,5.4535
8044911,5.4339
8045837,5.4144
8046764,5.3948
8047690,5.3753
8048617,5.3557
8049544,5.3362
8050470,5.3166
8051397,5.2971
8052324,5.2776
8053251,5.2581
8054179,5.2386
8055106,5.2191
8056033,5.1996
8056961,5.1801
8057889,5.1606
8058816,5.1411
8059744,5.1216
8060672,5.1022
8061600,5.0827
8062528,5.0632
8063457,5.0438
8064385,5.0243
8065314,5.0049
8066242,4.9855
8067171,4.9660
8068100,4.9466
8069029,4.9272
8069958,4.9078
8070887,4.8884
8071816,4.8690
8072745,4.8496
8073675,4.8302
8074604,4.8108
8075534,4.7914
8076464,4.7720
8077394,4.7527
8078324,4.7333
8079254,4.7139
8080184,4.6946
8081114,4.6752
8082045,4.6559
8082975,4.6365
8083906,4.6172
8084837,4.5979
8085768,4.5785
8086699,4.5592
8087630,4.5399
8088561,4.5206
8089492,4.5013
8090423,4.4820
8091355,4.4627
8092287,4.4434
8093218,4.4241
8094150,4.4048
8095082,4.3855
8096014,4.3662
8096946,4.3470
8097878,4.3277
8098811,4.3084
8099743,4.2892
8100676,4.2699
8101609,4.2507
8102541,4.2314
8103474,4.2122
8104407,4.1930
8105340,4.1737
8106274,4.1545
8107207,4.1353
8108140,4.1161
8109074,4.0968
8110007,4.0776
8110941,4.0584
8111875,4.0392
8112809,4.0200
8113743,4.0008
8114677,3.9816
8115612,3.9624
8116546,3.9433
8117481,3.9241
8118415,3.9049
8119350,3.8857
8120285,3.8666
8121220,3.8474
8122155,3.8282
8123090,3.8091
8124025,3.7899
8124960,3.7708
8125896,3.7516
8126831,3.7325
8127767,3.7134
8128703,3.6942
8129639,3.6751
8130575,3.6560
8131511,3.6368
8132447,3.6177
8133384,3.5986
8134320,3.5795
8135257,3.5604
8136193,3.5413
8137130,3.5221
8138067,3.5030
8139004,3.4839
8139941,3.4649
8140878,3.4458
8141815,3.4267
8142753,3.4076
8143690,3.3885
8144628,3.3694
8145566,3.3503
8146504,3.3313
8147442,3.3122
8148380,3.2931
8149318,3.2741
8150256,3.2550
8151194,3.2359
8152133,3.2169
8153072,3.1978
8154010,3.1788
8154949,3.1597
8155888,3.1407
8156827,3.1216
8157766,3.1026
8158705,3.0835
8159645,3.0645
8160584,3.0455
8161524,3.0264
8162464,3.0074
8163403,2.9884
8164343,2.9694
8165283,2.9503
8166223,2.9313
8167164,2.9123
8168104,2.8933
8169044,2.8743
8169985,2.8552
8170926,2.8362
8171866,2.8172
8172807,2.7982
8173748,2.7792
8174689,2.7602
8175630,2.7412
8176572,2.7222
8177513,2.7032
8178455,2.6842
8179396,2.6652
8180338,2.6462
8181280,2.6273
8182222,2.6083
8183164,2.5893
8184106,2.5703
8185048,2.5513
8185991,2.5323
8186933,2.5134
8187876,2.4944
8188819,2.4754
8189762,2.4564
8190704,2.4375
8191647,2.4185
8192591,2.3995
8193534,2.3806
8194477,2.3616
8195421,2.3426
8196364,2.3237
8197308,2.3047
8198252,2.2857
8199196,2.2668
8200140,2.2478
8201084,2.2289
8202028,2.2099
8202972,2.1910
8203917,2.1720
8204862,2.1531
8205806,2.1341
8206751,2.1152
8207696,2.0962
8208641,2.0773
8209586,2.0583
8210531,2.0394
8211477,2.0204
8212422,2.0015
8213367,1.9825
8214313,1.9636
8215259,1.9446
8216205,1.9257
8217151,1.9067
8218097,1.8878
8219043,1.8689
8219989,1.8499
8220936,1.8310
8221882,1.8120
8222829,1.7931
8223776,1.7742
8224723,1.7552
8225669,1.7363
8226617,1.7173
8227564,1.6984
8228511,1.6795
8229458,1.6605
8230406,1.6416
8231354,1.6227
8232301,1.6037
8233249,1.5848
8234197,1.5659
8235145,1.5469
8236093,1.5280
8237042,1.5090
8237990,1.4901
8238938,1.4712
8239887,1.4522
8240836,1.4333
8241784,1.4144
8242733,1.3954
8243682,1.3765
8244632,1.3576
8245581,1.3386
8246530,1.3197
8247480,1.3007
8248429,1.2818
8249379,1.2629
8250329,1.2439
8251279,1.2250
8252229,1.2060
8253179,1.1871
8254129,1.1682
8255079,1.1492
8256030,1.1303
8256980,1.1113
8257931,1.0924
8258882,1.0734
8259833,1.0545
8260784,1.0355
8261735,1.0166
8262686,0.9976
8263637,0.9787
8264589,0.9597
8265540,0.9408
8266492,0.9218
8267444,0.9029
8268396,0.8839
8269348,0.8650
8270300,0.8460
8271252,0.8270
8272204,0.8081
8273157,0.7891
8274109,0.7702
8275062,0.7512
8276015,0.7322
8276968,0.7133
8277921,0.6943
8278874,0.6753
8279827,0.6564
8280780,0.6374
8281734,0.6184
8282687,0.5994
8283641,0.5805
8284594,0.5615
8285548,0.5425
8286502,0.5235
8287456,0.5045
8288411,0.4856
8289365,0.4666
8290319,0.4476
8291274,0.4286
8292228,0.4096
8293183,0.3906
8294138,0.3716
8295093,0.3526
8296048,0.3336
8297003,0.3146
8297958,0.2956
8298914,0.2766
8299869,0.2576
8300825,0.2386
8301781,0.2195
8302736,0.2005
8303692,0.1815
8304648,0.1625
8305605,0.1435
8306561,0.1244
8307517,0.1054
8308474,0.0864
8309430,0.0673
8310387,0.0483
8311344,0.0293
8312301,0.0102
8313258,-0.0088
8314215,-0.0279
8315172,-0.0469
8316130,-0.0660
8317087,-0.0850
8318045,-0.1041
8319002,-0.1231
8319960,-0.1422
8320918,-0.1613
8321876,-0.1803
8322834,-0.1994
8323793,-0.2185
8324751,-0.2376
8325710,-0.2567
8326668,-0.2757
8327627,-0.2948
8328586,-0.3139
8329545,-0.3330
8330504,-0.3521
8331463,-0.3712
8332422,-0.3903
8333381,-0.4094
8334341,-0.4285
8335300,-0.4477
8336260,-0.4668
8337220,-0.4859
8338180,-0.5050
8339140,-0.5242
8340100,-0.5433
8341060,-0.5624
8342021,-0.5816
8342981,-0.6007
8343942,-0.6199
8344902,-0.6390
8345863,-0.6582
8346824,-0.6773
8347785,-0.6965
8348746,-0.7157
8349707,-0.7348
8350669,-0.7540
8351630,-0.7732
8352592,-0.7924
8353553,-0.8116
8354515,-0.8308
8355477,-0.8499
8356439,-0.8691
8357401,-0.8884
8358364,-0.9076
8359326,-0.9268
8360288,-0.9460
8361251,-0.9652
8362214,-0.9844
8363176,-1.0037
8364139,-1.0229
8365102,-1.0422
8366065,-1.0614
8367029,-1.0807
8367992,-1.0999
8368955,-1.1192
8369919,-1.1384
8370883,-1.1577
8371846,-1.1770
8372810,-1.1963
8373774,-1.2155
8374738,-1.2348
8375703,-1.2541
8376667,-1.2734
8377632,-1.2927
8378596,-1.3120
8379561,-1.3313
8380526,-1.3507
8381490,-1.3700
8382455,-1.3893
8383421,-1.4087
8384386,-1.4280
8385351,-1.4473
8386317,-1.4667
8387282,-1.4861
8388248,-1.5054
8389214,-1.5248
8390180,-1.5442
8391146,-1.5635
8392112,-1.5829
8393078,-1.6023
8394044,-1.6217
8395011,-1.6411
8395977,-1.6605
8396944,-1.6799
8397911,-1.6994
8398878,-1.7188
8399845,-1.7382
8400812,-1.7576
8401779,-1.7771
8402746,-1.7965
8403714,-1.8160
8404681,-1.8355
8405649,-1.8549
8406617,-1.8744
8407585,-1.8939
8408553,-1.9134
8409521,-1.9329
8410489,-1.9524
8411457,-1.9719
8412426,-1.9914
8413395,-2.0109
8414363,-2.0304
8415332,-2.0500
8416301,-2.0695
8417270,-2.0890
8418239,-2.1086
8419208,-2.1281
8420178,-2.1477
8421147,-2.1673
8422117,-2.1869
8423086,-2.2065
8424056,-2.2260
8425026,-2.2456
8425996,-2.2652
8426966,-2.2849
8427936,-2.3045
8428907,-2.3241
8429877,-2.3437
8430848,-2.3634
8431819,-2.3830
8432789,-2.4027
8433760,-2.4224
8434731,-2.4420
8435702,-2.4617
8436674,-2.4814
8437645,-2.5011
8438617,-2.5208
8439588,-2.5405
8440560,-2.5602
8441532,-2.5799
8442504,-2.5997
8443476,-2.6194
8444448,-2.6392
8445420,-2.6589
8446392,-2.6787
8447365,-2.6984
8448337,-2.7182
8449310,-2.7380
8450283,-2.7578
8451256,-2.7776
8452229,-2.7974
8453202,-2.8172
8454175,-2.8371
8455149,-2.8569
8456122,-2.8767
8457096,-2.8966
8458070,-2.9164
8459043,-2.9363
8460017,-2.9562
8460991,-2.9761
8461966,-2.9960
8462940,-3.0159
8463914,-3.0358
8464889,-3.0557
8465863,-3.0756
8466838,-3.0956
8467813,-3.1155
8468788,-3.1355
8469763,-3.1554
8470738,-3.1754
8471713,-3.1954
8472689,-3.2154
8473664,-3.2353
8474640,-3.2554
8475616,-3.2754
8476592,-3.2954
8477567,-3.3154
8478544,-3.3355
8479520,-3.3555
8480496,-3.3756
8481472,-3.3957
8482449,-3.4157
8483426,-3.4358
8484402,-3.4559
8485379,-3.4760
8486356,-3.4961
8487333,-3.5163
8488310,-3.5364
8489288,-3.5565
8490265,-3.5767
8491243,-3.5969
8492220,-3.6170
8493198,-3.6372
8494176,-3.6574
8495154,-3.6776
8496132,-3.6978
8497110,-3.7181
8498089,-3.7383
8499067,-3.7585
8500046,-3.7788
8501024,-3.7990
8502003,-3.8193
8502982,-3.8396
8503961,-3.8599
8504940,-3.8802
8505919,-3.9005
8506899,-3.9208
8507878,-3.9412
8508858,-3.9615
8509837,-3.9819
8510817,-4.0022
8511797,-4.0226
8512777,-4.0430
8513757,-4.0634
8514737,-4.0838
8515718,-4.1042
8516698,-4.1246
8517679,-4.1451
8518659,-4.1655
8519640,-4.1860
8520621,-4.2065
8521602,-4.2269
8522583,-4.2474
8523565,-4.2679
8524546,-4.2884
8525527,-4.3090
8526509,-4.3295
8527491,-4.3501
8528473,-4.3706
8529454,-4.3912
8530437,-4.4118
8531419,-4.4324
8532401,-4.4530
8533383,-4.4736
8534366,-4.4942
8535348,-4.5148
8536331,-4.5355
8537314,-4.5561
8538297,-4.5768
8539280,-4.5975
8540263,-4.6182
8541246,-4.6389
8542230,-4.6596
8543213,-4.6803
8544197,-4.7011
8545181,-4.7218
8546165,-4.7426
8547149,-4.7634
8548133,-4.7841
8549117,-4.8049
8550101,-4.8258
8551086,-4.8466
8552070,-4.8674
8553055,-4.8883
8554040,-4.9091
8555024,-4.9300
8556009,-4.9509
8556995,-4.9718
8557980,-4.9927
8558965,-5.0136
8559951,-5.0345
8560936,-5.0554
8561922,-5.0764
8562908,-5.0974
8563893,-5.1183
8564879,-5.1393
8565866,-5.1603
8566852,-5.1813
8567838,-5.2024
8568825,-5.2234
8569811,-5.2445
8570798,-5.2655
8571785,-5.2866
8572772,-5.3077
8573759,-5.3288
8574746,-5.3499
8575733,-5.3710
8576720,-5.3922
8577708,-5.4133
8578696,-5.4345
8579683,-5.4557
8580671,-5.4769
8581659,-5.4981
8582647,-5.5193
8583635,-5.5405
8584624,-5.5617
8585612,-5.5830
8586600,-5.6043
8587589,-5.6255
8588578,-5.6468
8589567,-5.6681
8590556,-5.6894
8591545,-5.7108
8592534,-5.7321
8593523,-5.7535
8594513,-5.7748
8595502,-5.7962
8596492,-5.8176
8597482,-5.8390
8598471,-5.8604
8599461,-5.8819
8600452,-5.9033
8601442,-5.9248
8602432,-5.9463
8603423,-5.9677
8604413,-5.9892
8605404,-6.0108
8606395,-6.0323
8607386,-6.0538
8608377,-6.0754
8609368,-6.0969
8610359,-6.1185
8611350,-6.1401
8612342,-6.1617
8613333,-6.1833
8614325,-6.2050
8615317,-6.2266
8616309,-6.2482
8617301,-6.2699
8618293,-6.2916
8619285,-6.3133
8620278,-6.3350
8621270,-6.3567
8622263,-6.3785
8623256,-6.4002
8624248,-6.4220
8625241,-6.4437
8626234,-6.4655
8627228,-6.4873
8628221,-6.5092
8629214,-6.5310
8630208,-6.5528
8631201,-6.5747
8632195,-6.5965
8633189,-6.6184
8634183,-6.6403
8635177,-6.6622
8636171,-6.6841
8637166,-6.7061
8638160,-6.7280
8639155,-6.7500
8640149,-6.7719
8641144,-6.7939
8642139,-6.8159
8643134,-6.8379
8644129,-6.8600
8645125,-6.8820
8646120,-6.9040
8647115,-6.9261
8648111,-6.9482
8649107,-6.9703
8650103,-6.9924
8651098,-7.0145
8652095,-7.0366
8653091,-7.0588
8654087,-7.0809
8655083,-7.1031
8656080,-7.1252
8657076,-7.1474
8658073,-7.1696
8659070,-7.1919
8660067,-7.2141
8661064,-7.2363
8662061,-7.2586
8663059,-7.2808
8664056,-7.3031
8665054,-7.3254
8666051,-7.3477
8667049,-7.3700
8668047,-7.3923
8669045,-7.4147
8670043,-7.4370
8671041,-7.4594
8672040,-7.4818
8673038,-7.5042
8674037,-7.5266
8675035,-7.5490
8676034,-7.5714
8677033,-7.5938
8678032,-7.6163
8679031,-7.6387
8680031,-7.6612
8681030,-7.6837
8682029,-7.7062
8683029,-7.7287
8684029,-7.7512
8685029,-7.7737
8686029,-7.7962
8687029,-7.8188
8688029,-7.8413
8689029,-7.8639
8690030,-7.8865
8691030,-7.9091
8692031,-7.9317
8693032,-7.9543
8694032,-7.9769
8695033,-7.9995
8696035,-8.0222
8697036,-8.0448
8698037,-8.0675
8699039,-8.0901
8700040,-8.1128
8701042,-8.1355
8702044,-8.1582
8703046,-8.1809
8704048,-8.2036
8705050,-8.2263
8706052,-8.2491
8707054,-8.2718
8708057,-8.2946
8709059,-8.3173
8710062,-8.3401
8711065,-8.3629
8712068,-8.3857
8713071,-8.4085
8714074,-8.4313
8715078,-8.4541
8716081,-8.4769
8717084,-8.4997
8718088,-8.5225
8719092,-8.5454
8720096,-8.5682
8721100,-8.5911
8722104,-8.6139
8723108,-8.6368
8724112,-8.6597
8725117,-8.6826
8726121,-8.7054
8727126,-8.7283
8728131,-8.7512
8729136,-8.7741
8730141,-8.7970
8731146,-8.8199
8732151,-8.8429
8733157,-8.8658
8734162,-8.8887
8735168,-8.9116
8736174,-8.9346
8737179,-8.9575
8738185,-8.9804
8739191,-9.0034
8740198,-9.0263
8741204,-9.0493
8742210,-9.0722
8743217,-9.0952
8744224,-9.1181
8745230,-9.1411
8746237,-9.1641
8747244,-9.1870
8748251,-9.2100
8749259,-9.2329
8750266,-9.2559
8751273,-9.2789
8752281,-9.3018
8753289,-9.3248
8754297,-9.3478
8755304,-9.3707
8756313,-9.3937
8757321,-9.4166
8758329,-9.4396
8759337,-9.4625
8760346,-9.4855
8761355,-9.5085
8762363,-9.5314
8763372,-9.5543
8764381,-9.5773
8765390,-9.6002
8766399,-9.6232
8767409,-9.6461
8768418,-9.6690
8769428,-9.6919
8770437,-9.7148
8771447,-9.7377
8772457,-9.7606
8773467,-9.7835
8774477,-9.8064
8775488,-9.8293
8776498,-9.8522
8777508,-9.8750
8778519,-9.8979
8779530,-9.9207
8780541,-9.9435
8781552,-9.9664
8782563,-9.9892
8783574,-10.0120
8784585,-10.0348
8785597,-10.0575
8786608,-10.0803
8787620,-10.1031
8788631,-10.1258
8789643,-10.1485
8790655,-10.1712
8791667,-10.1939
8792680,-10.2166
8793692,-10.2393
8794705,-10.2619
8795717,-10.2846
8796730,-10.3072
8797743,-10.3298
8798756,-10.3523
8799769,-10.3749
8800782,-10.3974
8801795,-10.4200
8802809,-10.4425
8803822,-10.4649
8804836,-10.4874
8805849,-10.5098
8806863,-10.5322
8807877,-10.5546
8808891,-10.5770
8809906,-10.5993
8810920,-10.6217
8811934,-10.6439
8812949,-10.6662
8813964,-10.6884
8814978,-10.7107
8815993,-10.7328
8817008,-10.7550
8818024,-10.7771
8819039,-10.7992
8820054,-10.8213
8821070,-10.8433
8822085,-10.8653
8823101,-10.8872
8824117,-10.9092
8825133,-10.9311
8826149,-10.9529
8827165,-10.9747
8828182,-10.9965
8829198,-11.0183
8830215,-11.0400
8831231,-11.0616
8832248,-11.0833
8833265,-11.1049
8834282,-11.1264
8835299,-11.1479
8836316,-11.1694
8837334,-11.1908
8838351,-11.2122
8839369,-11.2335
8840387,-11.2548
8841404,-11.2760
8842422,-11.2972
8843440,-11.3183
8844459,-11.3394
8845477,-11.3605
8846495,-11.3814
8847514,-11.4024
8848533,-11.4232
8849551,-11.4441
8850570,-11.4648
8851589,-11.4856
8852608,-11.5062
8853628,-11.5268
8854647,-11.5473
8855667,-11.5678
8856686,-11.5882
8857706,-11.6086
8858726,-11.6289
8859746,-11.6491
8860766,-11.6693
8861786,-11.6894
8862806,-11.7094
8863827,-11.7293
8864847,-11.7492
8865868,-11.7691
8866889,-11.7888
8867910,-11.8085
8868931,-11.8281
8869952,-11.8476
8870973,-11.8671
8871994,-11.8865
8873016,-11.9058
8874037,-11.9250
8875059,-11.9441
8876081,-11.9632
8877103,-11.9822
8878125,-12.0010
8879147,-12.0199
8880169,-12.0386
8881192,-12.0572
8882214,-12.0758
8883237,-12.0942
8884260,-12.1126
8885283,-12.1309
8886306,-12.1491
8887329,-12.1672
8888352,-12.1852
8889376,-12.2031
8890399,-12.2209
8891423,-12.2386
8892446,-12.2562
8893470,-12.2737
8894494,-12.2911
8895518,-12.3084
8896542,-12.3256
8897567,-12.3427
8898591,-12.3597
8899616,-12.3765
8900640,-12.3933
8901665,-12.4100
8902690,-12.4265
8903715,-12.4429
8904740,-12.4593
8905765,-12.4755
8906791,-12.4915
8907816,-12.5075
8908842,-12.5234
8909868,-12.5391
8910894,-12.5547
8911919,-12.5702
8912946,-12.5855
8913972,-12.6008
8914998,-12.6159
8916025,-12.6308
8917051,-12.6457
8918078,-12.6604
8919105,-12.6750
8920131,-12.6894
8921158,-12.7038
8922186,-12.7179
8923213,-12.7320
8924240,-12.7459
8925268,-12.7597
8926295,-12.7733
8927323,-12.7868
8928351,-12.8001
8929379,-12.8133
8930407,-12.8264
8931435,-12.8393
8932464,-12.8521
8933492,-12.8647
8934521,-12.8771
8935549,-12.8894
8936578,-12.9016
8937607,-12.9136
8938636,-12.9255
8939665,-12.9372
8940694,-12.9487
8941724,-12.9601
8942753,-12.9713
8943783,-12.9824
8944813,-12.9933
8945843,-13.0040
8946873,-13.0146
8947903,-13.0250
8948933,-13.0353
8949963,-13.0453
8950994,-13.0553
8952024,-13.0650
8953055,-13.0746
8954086,-13.0840
8955117,-13.0932
8956148,-13.1023
8957179,-13.1112
8958210,-13.1199
8959242,-13.1284
8960273,-13.1368
8961305,-13.1450
8962337,-13.1530
8963369,-13.1608
8964401,-13.1685
8965433,-13.1759
8966465,-13.1832
8967497,-13.1903
8968530,-13.1973
8969562,-13.2040
8970595,-13.2106
8971628,-13.2170
8972661,-13.2231
8973694,-13.2291
8974727,-13.2350
8975760,-13.2406
8976794,-13.2460
8977827,-13.2513
8978861,-13.2564
8979895,-13.2612
8980929,-13.2659
8981963,-13.2704
8982997,-13.2747
8984031,-13.2788
8985066,-13.2827
8986100,-13.2865
8987135,-13.2900
8988170,-13.2934
8989204,-13.2965
8990239,-13.2995
8991274,-13.3022
8992310,-13.3048
8993345,-13.3072
8994380,-13.3093
8995416,-13.3113
8996452,-13.3131
8997488,-13.3147
8998523,-13.3161
8999560,-13.3173
9000596,-13.3183
9001632,-13.3191
9002668,-13.3197
9003705,-13.3201
9004742,-13.3204
9005778,-13.3204
9006815,-13.3202
9007852,-13.3198
9008889,-13.3193
9009927,-13.3185
9010964,-13.3176
9012001,-13.3164
9013039,-13.3151
9014077,-13.3135
9015115,-13.3118
9016153,-13.3099
9017191,-13.3078
9018229,-13.3055
9019267,-13.3029
9020306,-13.3002
9021344,-13.2973
9022383,-13.2943
9023422,-13.2910
9024461,-13.2875
9025500,-13.2838
9026539,-13.2800
9027578,-13.2760
9028618,-13.2717
9029657,-13.2673
9030697,-13.2627
9031736,-13.2579
9032776,-13.2529
9033816,-13.2477
9034856,-13.2424
9035897,-13.2368
9036937,-13.2311
9037977,-13.2252
9039018,-13.2191
9040059,-13.2128
9041100,-13.2064
9042141,-13.1997
9043182,-13.1929
9044223,-13.1859
9045264,-13.1787
9046306,-13.1714
9047347,-13.1638
9048389,-13.1561
9049431,-13.1482
9050473,-13.1402
9051515,-13.1320
9052557,-13.1235
9053599,-13.1150
9054641,-13.1062
9055684,-13.0973
9056727,-13.0882
9057769,-13.0790
9058812,-13.0695
9059855,-13.0600
9060898,-13.0502
9061942,-13.0403
9062985,-13.0302
9064028,-13.0200
9065072,-13.0096
9066116,-12.9990
9067159,-12.9883
9068203,-12.9774
9069248,-12.9664
9070292,-12.9552
9071336,-12.9439
9072380,-12.9324
9073425,-12.9208
9074470,-12.9090
9075514,-12.8970
9076559,-12.8849
9077604,-12.8727
9078650,-12.8603
9079695,-12.8478
9080740,-12.8351
9081786,-12.8223
9082831,-12.8094
9083877,-12.7963
9084923,-12.7830
9085969,-12.7697
9087015,-12.7562
9088061,-12.7425
9089108,-12.7287
9090154,-12.7148
9091201,-12.7008
9092248,-12.6866
9093294,-12.6723
9094341,-12.6579
9095389,-12.6434
9096436,-12.6287
9097483,-12.6139
9098530,-12.5990
9099578,-12.5839
9100626,-12.5688
9101674,-12.5535
9102721,-12.5381
9103770,-12.5226
9104818,-12.5069
9105866,-12.4912
9106914,-12.4753
9107963,-12.4594
9109012,-12.4433
9110060,-12.4271
9111109,-12.4108
9112158,-12.3944
9113207,-12.3779
9114257,-12.3613
9115306,-12.3446
9116356,-12.3277
9117405,-12.3108
9118455,-12.2938
9119505,-12.2767
9120555,-12.2595
9121605,-12.2422
9122655,-12.2248
9123705,-12.2073
9124756,-12.1897
9125806,-12.1720
9126857,-12.1542
9127908,-12.1363
9128959,-12.1184
9130010,-12.1003
9131061,-12.0822
9132113,-12.0640
9133164,-12.0457
9134216,-12.0273
9135267,-12.0089
9136319,-11.9903
9137371,-11.9717
9138423,-11.9530
9139475,-11.9342
9140527,-11.9154
9141580,-11.8965
9142632,-11.8775
9143685,-11.8584
9144738,-11.8393
9145791,-11.8200
9146844,-11.8008
9147897,-11.7814
9148950,-11.7620
9150003,-11.7425
9151057,-11.7229
9152110,-11.7033
9153164,-11.6836
9154218,-11.6639
9155272,-11.6441
9156326,-11.6242
9157380,-11.6043
9158435,-11.5843
9159489,-11.5642
9160544,-11.5441
9161598,-11.5240
9162653,-11.5037
9163708,-11.4835
9164763,-11.4631
9165819,-11.4428
9166874,-11.4223
9167929,-11.4018
9168985,-11.3813
9170041,-11.3607
9171096,-11.3401
9172152,-11.3194
9173208,-11.2987
9174264,-11.2779
9175321,-11.2571
9176377,-11.2362
9177434,-11.2153
9178490,-11.1943
9179547,-11.1734
9180604,-11.1523
9181661,-11.1312
9182718,-11.1101
9183775,-11.0890
9184833,-11.0678
9185890,-11.0465
9186948,-11.0253
9188006,-11.0039
9189064,-10.9826
9190122,-10.9612
9191180,-10.9398
9192238,-10.9184
9193296,-10.8969
9194355,-10.8754
9195413,-10.8538
9196472,-10.8322
9197531,-10.8106
9198590,-10.7890
9199649,-10.7673
9200708,-10.7456
9201767,-10.7239
9202827,-10.7021
9203887,-10.6803
9204946,-10.6585
9206006,-10.6367
9207066,-10.6148
9208126,-10.5930
9209186,-10.5711
9210247,-10.5491
9211307,-10.5272
9212368,-10.5052
9213428,-10.4832
9214489,-10.4612
9215550,-10.4391
9216611,-10.4171
9217672,-10.3950
9218733,-10.3729
9219795,-10.3507
9220856,-10.3286
9221918,-10.3064
9222980,-10.2843
9224042,-10.2621
9225104,-10.2399
9226166,-10.2176
9227228,-10.1954
9228290,-10.1731
9229353,-10.1509
9230416,-10.1286
9231478,-10.1063
9232541,-10.0839
9233604,-10.0616
9234667,-10.0393
9235731,-10.0169
9236794,-9.9946
9237857,-9.9722
9238921,-9.9498
9239985,-9.9274
9241049,-9.9050
9242113,-9.8825
9243177,-9.8601
9244241,-9.8377
9245305,-9.8152
9246370,-9.7927
9247434,-9.7703
9248499,-9.7478
9249564,-9.7253
9250629,-9.7028
9251694,-9.6803
9252759,-9.6578
9253824,-9.6353
9254890,-9.6128
9255955,-9.5902
9257021,-9.5677
9258087,-9.5451
9259153,-9.5226
9260219,-9.5000
9261285,-9.4775
9262351,-9.4549
9263418,-9.4324
9264484,-9.4098
9265551,-9.3872
9266618,-9.3646
9267685,-9.3421
9268752,-9.3195
9269819,-9.2969
9270886,-9.2743
9271954,-9.2517
9273021,-9.2291
9274089,-9.2065
9275157,-9.1839
9276225,-9.1613
9277293,-9.1387
9278361,-9.1161
9279429,-9.0935
9280497,-9.0709
9281566,-9.0483
9282635,-9.0257
9283703,-9.0031
9284772,-8.9805
9285841,-8.9579
9286910,-8.9353
9287980,-8.9127
9289049,-8.8901
9290119,-8.8675
9291188,-8.8449
9292258,-8.8223
9293328,-8.7997
9294398,-8.7771
9295468,-8.7545
9296538,-8.7319
9297608,-8.7094
9298679,-8.6868
9299750,-8.6642
9300820,-8.6416
9301891,-8.6190
9302962,-8.5964
9304033,-8.5739
9305104,-8.5513
9306176,-8.5287
9307247,-8.5062
9308319,-8.4836
9309391,-8.4611
9310462,-8.4385
9311534,-8.4160
9312607,-8.3934
9313679,-8.3709
9314751,-8.3483
9315824,-8.3258
9316896,-8.3033
9317969,-8.2807
9319042,-8.2582
9320115,-8.2357
9321188,-8.2132
9322261,-8.1907
9323334,-8.1682
9324408,-8.1457
9325481,-8.1232
9326555,-8.1007
9327629,-8.0782
9328703,-8.0557
9329777,-8.0333
9330851,-8.0108
9331925,-7.9883
9333000,-7.9659
9334074,-7.9434
9335149,-7.9210
9336224,-7.8985
9337299,-7.8761
9338374,-7.8537
9339449,-7.8313
9340524,-7.8088
9341600,-7.7864
9342675,-7.7640
9343751,-7.7416
9344827,-7.7192
9345903,-7.6969
9346979,-7.6745
9348055,-7.6521
9349131,-7.6297
9350208,-7.6074
9351284,-7.5850
9352361,-7.5627
9353438,-7.5403
9354515,-7.5180
9355592,-7.4957
9356669,-7.4733
9357746,-7.4510
9358823,-7.4287
9359901,-7.4064
9360979,-7.3841
9362056,-7.3618
9363134,-7.3396
9364212,-7.3173
9365291,-7.2950
9366369,-7.2727
9367447,-7.2505
9368526,-7.2282
9369604,-7.2060
9370683,-7.1838
9371762,-7.1615
9372841,-7.1393
9373920,-7.1171
9375000,-7.0949
9376079,-7.0727
9377158,-7.0505
9378238,-7.0283
9379318,-7.0061
9380398,-6.9840
9381478,-6.9618
9382558,-6.9396
9383638,-6.9175
9384719,-6.8954
9385799,-6.8732
9386880,-6.8511
9387961,-6.8290
9389041,-6.8068
9390122,-6.7847
9391204,-6.7626
9392285,-6.7405
9393366,-6.7185
9394448,-6.6964
9395529,-6.6743
9396611,-6.6522
9397693,-6.6302
9398775,-6.6081
9399857,-6.5861
9400939,-6.5640
9402022,-6.5420
9403104,-6.5200
9404187,-6.4980
9405270,-6.4760
9406353,-6.4540
9407436,-6.4320
9408519,-6.4100
9409602,-6.3880
9410685,-6.3660
9411769,-6.3440
9412853,-6.3221
9413936,-6.3001
9415020,-6.2782
9416104,-6.2562
9417188,-6.2343
9418273,-6.2124
9419357,-6.1905
9420441,-6.1685
9421526,-6.1466
9422611,-6.1247
9423696,-6.1028
9424781,-6.0810
9425866,-6.0591
9426951,-6.0372
9428036,-6.0153
9429122,-5.9935
9430208,-5.9716
9431293,-5.9498
9432379,-5.9279
9433465,-5.9061
9434551,-5.8843
9435638,-5.8625
9436724,-5.8406
9437811,-5.8188
9438897,-5.7970
9439984,-5.7752
9441071,-5.7535
9442158,-5.7317
9443245,-5.7099
9444332,-5.6881
9445420,-5.6664
9446507,-5.6446
9447595,-5.6229
9448682,-5.6011
9449770,-5.5794
9450858,-5.5577
9451946,-5.5360
9453035,-5.5142
9454123,-5.4925
9455212,-5.4708
9456300,-5.4491
9457389,-5.4274
9458478,-5.4058
9459567,-5.3841
9460656,-5.3624
9461745,-5.3407
9462835,-5.3191
9463924,-5.2974
9465014,-5.2758
9466104,-5.2541
9467194,-5.2325
9468284,-5.2109
9469374,-5.1893
9470464,-5.1676
9471554,-5.1460
9472645,-5.1244
9473735,-5.1028
9474826,-5.0812
9475917,-5.0596
9477008,-5.0381
9478099,-5.0165
9479191,-4.9949
9480282,-4.9734
9481373,-4.9518
9482465,-4.9302
9483557,-4.9087
9484649,-4.8872
9485741,-4.8656
9486833,-4.8441
9487925,-4.8226
9489018,-4.8011
9490110,-4.7795
9491203,-4.7580
9492296,-4.7365
9493389,-4.7150
9494482,-4.6936
9495575,-4.6721
9496668,-4.6506
9497761,-4.6291
9498855,-4.6077
9499949,-4.5862
9501042,-4.5647
9502136,-4.5433
9503230,-4.5218
9504324,-4.5004
9505419,-4.4790
9506513,-4.4575
9507608,-4.4361
9508702,-4.4147
9509797,-4.3933
9510892,-4.3719
9511987,-4.3505
9513082,-4.3291
9514178,-4.3077
9515273,-4.2863
9516369,-4.2649
9517464,-4.2436
9518560,-4.2222
9519656,-4.2008
9520752,-4.1795
9521848,-4.1581
9522945,-4.1368
9524041,-4.1154
9525138,-4.0941
9526234,-4.0728
9527331,-4.0515
9528428,-4.0301
9529525,-4.0088
9530622,-3.9875
9531720,-3.9662
9532817,-3.9449
9533915,-3.9236
9535012,-3.9023
9536110,-3.8810
9537208,-3.8598
9538306,-3.8385
9539404,-3.8172
9540503,-3.7960
9541601,-3.7747
9542700,-3.7535
9543798,-3.7322
9544897,-3.7110
9545996,-3.6898
9547095,-3.6685
9548194,-3.6473
9549294,-3.6261
9550393,-3.6049
9551493,-3.5837
9552593,-3.5625
9553692,-3.5413
9554792,-3.5201
9555892,-3.4989
9556993,-3.4777
9558093,-3.4566
9559194,-3.4354
9560294,-3.4142
9561395,-3.3931
9562496,-3.3719
9563597,-3.3508
9564698,-3.3296
9565799,-3.3085
9566900,-3.2874
9568002,-3.2663
9569104,-3.2451
9570205,-3.2240
9571307,-3.2029
9572409,-3.1818
9573511,-3.1607
9574614,-3.1396
9575716,-3.1186
9576818,-3.0975
9577921,-3.0764
9579024,-3.0554
9580127,-3.0343
9581230,-3.0133
9582333,-2.9922
9583436,-2.9712
9584540,-2.9501
9585643,-2.9291
9586747,-2.9081
9587851,-2.8871
9588954,-2.8661
9590058,-2.8451
9591163,-2.8241
9592267,-2.8031
9593371,-2.7821
9594476,-2.7611
9595581,-2.7402
9596685,-2.7192
9597790,-2.6983
9598895,-2.6773
9600000,-2.6564
9601106,-2.6354
9602211,-2.6145
9603317,-2.5936
9604422,-2.5727
9605528,-2.5518
9606634,-2.5309
9607740,-2.5100
9608846,-2.4891
9609953,-2.4682
9611059,-2.4474
9612166,-2.4265
9613273,-2.4057
9614379,-2.3848
9615486,-2.3640
9616593,-2.3432
9617701,-2.3223
9618808,-2.3015
9619915,-2.2807
9621023,-2.2599
9622131,-2.2391
9623239,-2.2184
9624347,-2.1976
9625455,-2.1768
9626563,-2.1561
9627671,-2.1353
9628780,-2.1146
9629888,-2.0939
9630997,-2.0731
9632106,-2.0524
9633215,-2.0317
9634324,-2.0110
9635433,-1.9904
9636543,-1.9697
9637652,-1.9490
9638762,-1.9284
9639872,-1.9077
9640982,-1.8871
9642092,-1.8665
9643202,-1.8458
9644312,-1.8252
9645422,-1.8047
9646533,-1.7841
9647644,-1.7635
9648754,-1.7429
9649865,-1.7224
9650976,-1.7018
9652088,-1.6813
9653199,-1.6608
9654310,-1.6403
9655422,-1.6198
9656534,-1.5993
9657645,-1.5789
9658757,-1.5584
9659869,-1.5379
9660982,-1.5175
9662094,-1.4971
9663206,-1.4767
9664319,-1.4563
9665432,-1.4359
9666545,-1.4155
9667657,-1.3952
9668771,-1.3748
9669884,-1.3545
9670997,-1.3342
9672111,-1.3139
9673224,-1.2936
9674338,-1.2733
9675452,-1.2530
9676566,-1.2328
9677680,-1.2125
9678794,-1.1923
9679909,-1.1721
9681023,-1.1519
9682138,-1.1318
9683252,-1.1116
9684367,-1.0915
9685482,-1.0713
9686598,-1.0512
9687713,-1.0311
9688828,-1.0110
9689944,-0.9910
9691059,-0.9709
9692175,-0.9509
9693291,-0.9309
9694407,-0.9109
9695523,-0.8909
9696640,-0.8710
9697756,-0.8510
9698873,-0.8311
9699989,-0.8112
9701106,-0.7913
9702223,-0.7714
9703340,-0.7516
9704457,-0.7318
9705575,-0.7120
9706692,-0.6922
9707810,-0.6724
9708927,-0.6527
9710045,-0.6329
9711163,-0.6132
9712281,-0.5935
9713400,-0.5739
9714518,-0.5542
9715636,-0.5346
9716755,-0.5150
9717874,-0.4954
9718993,-0.4759
9720112,-0.4563
9721231,-0.4368
9722350,-0.4174
9723469,-0.3979
9724589,-0.3785
9725709,-0.3590
9726828,-0.3397
9727948,-0.3203
9729068,-0.3009
9730189,-0.2816
9731309,-0.2623
9732429,-0.2431
9733550,-0.2238
9734670,-0.2046
9735791,-0.1855
9736912,-0.1663
9738033,-0.1472
9739154,-0.1281
9740276,-0.1090
9741397,-0.0900
9742519,-0.0709
9743641,-0.0520
9744762,-0.0330
9745884,-0.0141
9747006,0.0048
9748129,0.0237
9749251,0.0425
9750374,0.0613
9751496,0.0801
9752619,0.0989
9753742,0.1176
9754865,0.1362
9755988,0.1549
9757111,0.1735
9758235,0.1921
9759358,0.2106
9760482,0.2291
9761606,0.2476
9762729,0.2660
9763854,0.2845
9764978,0.3028
9766102,0.3212
9767226,0.3395
9768351,0.3577
9769476,0.3759
9770600,0.3941
9771725,0.4123
9772850,0.4304
9773976,0.4485
9775101,0.4665
9776226,0.4845
9777352,0.5024
9778478,0.5203
9779604,0.5382
9780730,0.5560
9781856,0.5738
9782982,0.5916
9784108,0.6093
9785235,0.6269
9786362,0.6445
9787488,0.6621
9788615,0.6796
9789742,0.6971
9790869,0.7146
9791997,0.7320
9793124,0.7493
9794252,0.7666
9795379,0.7839
9796507,0.8011
9797635,0.8182
9798763,0.8353
9799891,0.8524
9801020,0.8694
9802148,0.8864
9803277,0.9033
9804405,0.9201
9805534,0.9369
9806663,0.9537
9807792,0.9704
9808921,0.9871
9810051,1.0037
9811180,1.0202
9812310,1.0367
9813440,1.0531
9814569,1.0695
9815700,1.0858
9816830,1.1021
9817960,1.1183
9819090,1.1345
9820221,1.1506
9821352,1.1666
9822482,1.1826
9823613,1.1985
9824744,1.2144
9825875,1.2302
9827007,1.2459
9828138,1.2616
9829270,1.2773
9830401,1.2928
9831533,1.3083
9832665,1.3237
9833797,1.3391
9834930,1.3544
9836062,1.3697
9837194,1.3848
9838327,1.3999
9839460,1.4150
9840593,1.4300
9841726,1.4449
9842859,1.4597
9843992,1.4745
9845125,1.4892
9846259,1.5038
9847393,1.5184
9848526,1.5329
9849660,1.5473
9850794,1.5617
9851929,1.5759
9853063,1.5901
9854197,1.6043
9855332,1.6183
9856467,1.6323
9857601,1.6462
9858736,1.6601
9859871,1.6738
9861007,1.6875
9862142,1.7011
9863278,1.7146
9864413,1.7281
9865549,1.7415
9866685,1.7547
9867821,1.7680
9868957,1.7811
9870093,1.7941
9871230,1.8071
9872366,1.8200
9873503,1.8328
9874640,1.8455
9875777,1.8582
9876914,1.8707
9878051,1.8832
9879188,1.8956
9880326,1.9079
9881463,1.9201
9882601,1.9322
9883739,1.9443
9884877,1.9562
9886015,1.9681
9887153,1.9798
9888291,1.9915
9889430,2.0031
9890568,2.0146
9891707,2.0261
9892846,2.0374
9893985,2.0486
9895124,2.0597
9896264,2.0708
9897403,2.0818
9898543,2.0926
9899682,2.1034
9900822,2.1141
9901962,2.1246
9903102,2.1351
9904242,2.1455
9905383,2.1558
9906523,2.1660
9907664,2.1761
9908804,2.1861
9909945,2.1960
9911086,2.2058
9912227,2.2155
9913369,2.2251
9914510,2.2346
9915652,2.2440
9916793,2.2533
9917935,2.2625
9919077,2.2716
9920219,2.2806
9921361,2.2894
9922503,2.2982
9923646,2.3069
9924788,2.3155
9925931,2.3240
9927074,2.3323
9928217,2.3406
9929360,2.3488
9930503,2.3568
9931647,2.3648
9932790,2.3726
9933934,2.3803
9935077,2.3880
9936221,2.3955
9937365,2.4029
9938509,2.4102
9939654,2.4174
9940798,2.4245
9941943,2.4315
9943087,2.4383
9944232,2.4451
9945377,2.4517
9946522,2.4583
9947667,2.4647
9948813,2.4710
9949958,2.4772
9951104,2.4833
9952249,2.4893
9953395,2.4952
9954541,2.5009
9955687,2.5066
9956834,2.5121
9957980,2.5175
9959127,2.5229
9960273,2.5280
9961420,2.5331
9962567,2.5381
9963714,2.5429
9964861,2.5477
9966009,2.5523
9967156,2.5568
9968304,2.5612
9969451,2.5655
9970599,2.5697
9971747,2.5737
9972895,2.5777
9974043,2.5815
9975192,2.5852
9976340,2.5888
9977489,2.5923
9978638,2.5956
9979787,2.5989
9980936,2.6020
9982085,2.6050
9983234,2.6079
9984384,2.6107
9985533,2.6134
9986683,2.6159
9987833,2.6184
9988983,2.6207
9990133,2.6229
9991283,2.6250
9992433,2.6270
9993584,2.6288
9994734,2.6306
9995885,2.6322
9997036,2.6337
9998187,2.6351
9999338,2.6364
10000489,2.6375
10001641,2.6386
10002792,2.6395
10003944,2.6403
10005096,2.6410
10006248,2.6416
10007400,2.6421
10008552,2.6425
10009704,2.6427
10010857,2.6429
10012010,2.6429
10013162,2.6428
10014315,2.6426
10015468,2.6422
10016621,2.6418
10017775,2.6413
10018928,2.6406
10020082,2.6398
10021235,2.6389
10022389,2.6379
10023543,2.6368
10024697,2.6356
10025851,2.6343
10027006,2.6328
10028160,2.6313
10029315,2.6296
10030469,2.6278
10031624,2.6259
10032779,2.6239
10033934,2.6218
10035090,2.6196
10036245,2.6172
10037401,2.6148
10038556,2.6123
10039712,2.6096
10040868,2.6068
10042024,2.6040
10043180,2.6010
10044337,2.5979
10045493,2.5947
10046650,2.5914
10047806,2.5880
10048963,2.5845
10050120,2.5809
10051277,2.5772
10052435,2.5734
10053592,2.5694
10054749,2.5654
10055907,2.5613
10057065,2.5571
10058223,2.5527
10059381,2.5483
10060539,2.5437
10061697,2.5391
10062856,2.5344
10064015,2.5295
10065173,2.5246
10066332,2.5195
10067491,2.5144
10068650,2.5092
10069810,2.5038
10070969,2.4984
10072128,2.4929
10073288,2.4873
10074448,2.4815
10075608,2.4757
10076768,2.4698
10077928,2.4638
10079088,2.4577
10080249,2.4515
10081409,2.4453
10082570,2.4389
10083731,2.4324
10084892,2.4259
10086053,2.4192
10087214,2.4125
10088376,2.4056
10089537,2.3987
10090699,2.3917
10091861,2.3846
10093023,2.3775
10094185,2.3702
10095347,2.3628
10096509,2.3554
10097672,2.3479
10098834,2.3403
10099997,2.3326
10101160,2.3248
10102323,2.3169
10103486,2.3090
10104650,2.3010
10105813,2.2929
10106976,2.2847
10108140,2.2764
10109304,2.2681
10110468,2.2596
10111632,2.2511
10112796,2.2425
10113961,2.2339
10115125,2.2251
10116290,2.2163
10117454,2.2074
10118619,2.1985
10119784,2.1894
10120949,2.1803
10122115,2.1711
10123280,2.1619
10124446,2.1525
10125611,2.1431
10126777,2.1337
10127943,2.1241
10129109,2.1145
10130275,2.1048
10131442,2.0951
10132608,2.0852
10133775,2.0753
10134942,2.0654
10136109,2.0554
10137276,2.0453
10138443,2.0351
10139610,2.0249
10140778,2.0146
10141945,2.0043
10143113,1.9938
10144281,1.9834
10145449,1.9728
10146617,1.9622
10147785,1.9516
10148953,1.9409
10150122,1.9301
10151290,1.9192
10152459,1.9083
10153628,1.8974
10154797,1.8864
10155966,1.8753
10157136,1.8642
10158305,1.8530
10159475,1.8417
10160644,1.8304
10161814,1.8191
10162984,1.8077
10164154,1.7962
10165325,1.7847
10166495,1.7732
10167666,1.7615
10168836,1.7499
10170007,1.7382
10171178,1.7264
10172349,1.7146
10173520,1.7027
10174692,1.6908
10175863,1.6788
10177035,1.6668
10178206,1.6548
10179378,1.6427
10180550,1.6305
10181722,1.6183
10182895,1.6061
10184067,1.5938
10185240,1.5815
10186412,1.5691
10187585,1.5567
10188758,1.5443
10189931,1.5318
10191104,1.5192
10192278,1.5066
10193451,1.4940
10194625,1.4814
10195799,1.4687
10196973,1.4559
10198147,1.4431
10199321,1.4303
10200495,1.4175
10201670,1.4046
10202844,1.3916
10204019,1.3787
10205194,1.3657
10206369,1.3526
10207544,1.3396
10208719,1.3265
10209895,1.3133
10211070,1.3002
10212246,1.2869
10213421,1.2737
10214597,1.2604
10215773,1.2471
10216950,1.2338
10218126,1.2204
10219302,1.2070
10220479,1.1936
10221656,1.1802
10222833,1.1667
10224010,1.1532
10225187,1.1396
10226364,1.1260
10227542,1.1124
10228719,1.0988
10229897,1.0852
10231075,1.0715
10232253,1.0578
10233431,1.0441
10234609,1.0303
10235787,1.0165
10236966,1.0027
10238144,0.9889
10239323,0.9750
10240502,0.9611
10241681,0.9472
10242860,0.9333
10244040,0.9194
10245219,0.9054
10246399,0.8914
10247579,0.8774
10248758,0.8634
10249938,0.8493
10251119,0.8353
10252299,0.8212
10253479,0.8071
10254660,0.7929
10255840,0.7788
10257021,0.7646
10258202,0.7504
10259383,0.7362
10260564,0.7220
10261746,0.7078
10262927,0.6935
10264109,0.6792
10265291,0.6649
10266473,0.6506
10267655,0.6363
10268837,0.6220
10270019,0.6076
10271202,0.5933
10272384,0.5789
10273567,0.5645
10274750,0.5501
10275933,0.5357
10277116,0.5212
10278299,0.5068
10279483,0.4923
10280666,0.4778
10281850,0.4634
10283034,0.4489
10284218,0.4344
10285402,0.4198
10286586,0.4053
10287770,0.3908
10288955,0.3762
10290139,0.3617
10291324,0.3471
10292509,0.3325
10293694,0.3179
10294879,0.3033
10296065,0.2887
10297250,0.2741
10298436,0.2595
10299621,0.2448
10300807,0.2302
10301993,0.2155
10303179,0.2009
10304365,0.1862
10305552,0.1715
10306738,0.1569
10307925,0.1422
10309112,0.1275
10310299,0.1128
10311486,0.0981
10312673,0.0834
10313861,0.0687
10315048,0.0539
10316236,0.0392
10317423,0.0245
10318611,0.0097
10319799,-0.0050
10320988,-0.0197
10322176,-0.0345
10323364,-0.0492
10324553,-0.0640
10325742,-0.0788
10326931,-0.0935
10328120,-0.1083
10329309,-0.1231
10330498,-0.1378
10331687,-0.1526
10332877,-0.1674
10334067,-0.1822
10335256,-0.1969
10336446,-0.2117
10337636,-0.2265
10338827,-0.2413
10340017,-0.2561
10341208,-0.2709
10342398,-0.2857
10343589,-0.3004
10344780,-0.3152
10345971,-0.3300
10347162,-0.3448
10348353,-0.3596
10349545,-0.3744
10350737,-0.3892
10351928,-0.4040
10353120,-0.4188
10354312,-0.4336
10355504,-0.4483
10356697,-0.4631
10357889,-0.4779
10359082,-0.4927
10360274,-0.5075
10361467,-0.5223
10362660,-0.5371
10363853,-0.5518
10365046,-0.5666
10366240,-0.5814
10367433,-0.5962
10368627,-0.6109
10369821,-0.6257
10371015,-0.6405
10372209,-0.6552
10373403,-0.6700
10374597,-0.6848
10375792,-0.6995
10376987,-0.7143
10378181,-0.7290
10379376,-0.7438
10380571,-0.7585
10381766,-0.7732
10382962,-0.7880
10384157,-0.8027
10385353,-0.8174
10386549,-0.8321
10387744,-0.8469
10388940,-0.8616
10390137,-0.8763
10391333,-0.8910
10392529,-0.9057
10393726,-0.9204
10394922,-0.9351
10396119,-0.9498
10397316,-0.9644
10398513,-0.9791
10399711,-0.9938
10400908,-1.0085
10402106,-1.0231
10403303,-1.0378
10404501,-1.0524
10405699,-1.0671
10406897,-1.0817
10408095,-1.0963
10409294,-1.1110
10410492,-1.1256
10411691,-1.1402
10412889,-1.1548
10414088,-1.1694
10415287,-1.1840
10416486,-1.1986
10417686,-1.2132
10418885,-1.2278
10420085,-1.2423
10421285,-1.2569
10422484,-1.2714
10423684,-1.2860
10424885,-1.3005
10426085,-1.3151
10427285,-1.3296
10428486,-1.3441
10429687,-1.3586
10430887,-1.3731
10432088,-1.3876
10433289,-1.4021
10434491,-1.4166
10435692,-1.4311
10436894,-1.4456
10438095,-1.4600
10439297,-1.4745
10440499,-1.4889
10441701,-1.5034
10442903,-1.5178
10444106,-1.5322
10445308,-1.5466
10446511,-1.5610
10447713,-1.5754
10448916,-1.5898
10450119,-1.6042
10451323,-1.6186
10452526,-1.6329
10453729,-1.6473
10454933,-1.6616
10456137,-1.6760
10457341,-1.6903
10458545,-1.7046
10459749,-1.7190
10460953,-1.7333
10462158,-1.7476
10463362,-1.7618
10464567,-1.7761
10465772,-1.7904
10466977,-1.8047
10468182,-1.8189
10469387,-1.8332
10470592,-1.8474
10471798,-1.8616
10473004,-1.8758
10474209,-1.8900
10475415,-1.9042
10476622,-1.9184
10477828,-1.9326
10479034,-1.9468
10480241,-1.9609
10481447,-1.9751
10482654,-1.9892
10483861,-2.0034
10485068,-2.0175
10486275,-2.0316
10487483,-2.0457
10488690,-2.0598
10489898,-2.0739
10491106,-2.0879
10492313,-2.1020
10493521,-2.1161
10494730,-2.1301
10495938,-2.1442
10497146,-2.1582
10498355,-2.1722
10499564,-2.1862
10500773,-2.2002
10501982,-2.2142
10503191,-2.2282
10504400,-2.2421
10505610,-2.2561
10506819,-2.2700
10508029,-2.2840
10509239,-2.2979
10510449,-2.3118
10511659,-2.3257
10512869,-2.3396
10514079,-2.3535
10515290,-2.3674
10516501,-2.3812
10517712,-2.3951
10518922,-2.4089
10520134,-2.4228
10521345,-2.4366
10522556,-2.4504
10523768,-2.4642
10524979,-2.4780
10526191,-2.4918
10527403,-2.5056
10528615,-2.5193
10529827,-2.5331
10531040,-2.5468
10532252,-2.5606
10533465,-2.5743
10534678,-2.5880
10535891,-2.6017
10537104,-2.6154
10538317,-2.6291
10539530,-2.6427
10540744,-2.6564
10541957,-2.6700
10543171,-2.6837
10544385,-2.6973
10545599,-2.7109
10546813,-2.7245
10548028,-2.7381
10549242,-2.7517
10550457,-2.7653
10551671,-2.7788
10552886,-2.7924
10554101,-2.8059
10555316,-2.8195
10556532,-2.8330
10557747,-2.8465
10558963,-2.8600
10560178,-2.8735
10561394,-2.8870
10562610,-2.9004
10563826,-2.9139
10565043,-2.9273
10566259,-2.9408
10567476,-2.9542
10568692,-2.9676
10569909,-2.9810
10571126,-2.9944
10572343,-3.0078
10573561,-3.0212
10574778,-3.0345
10575995,-3.0479
10577213,-3.0612
10578431,-3.0745
10579649,-3.0879
10580867,-3.1012
10582085,-3.1145
10583304,-3.1277
10584522,-3.1410
10585741,-3.1543
10586960,-3.1675
10588179,-3.1808
10589398,-3.1940
10590617,-3.2072
10591836,-3.2204
10593056,-3.2336
10594275,-3.2468
10595495,-3.2600
10596715,-3.2732
10597935,-3.2863
10599155,-3.2995
10600376,-3.3126
10601596,-3.3257
10602817,-3.3389
10604037,-3.3520
10605258,-3.3650
10606479,-3.3781
10607701,-3.3912
10608922,-3.4043
10610143,-3.4173
10611365,-3.4303
10612587,-3.4434
10613809,-3.4564
10615031,-3.4694
10616253,-3.4824
10617475,-3.4954
10618698,-3.5083
10619920,-3.5213
10621143,-3.5343
10622366,-3.5472
10623589,-3.5601
10624812,-3.5731
10626035,-3.5860
10627259,-3.5989
10628482,-3.6117
10629706,-3.6246
10630930,-3.6375
10632154,-3.6503
10633378,-3.6632
10634602,-3.6760
10635827,-3.6888
10637051,-3.7017
10638276,-3.7145
10639501,-3.7273
10640726,-3.7400
10641951,-3.7528
10643176,-3.7656
10644402,-3.7783
10645627,-3.7911
10646853,-3.8038
10648079,-3.8165
10649305,-3.8292
10650531,-3.8419
10651757,-3.8546
10652984,-3.8673
10654210,-3.8799
10655437,-3.8926
10656664,-3.9052
10657891,-3.9179
10659118,-3.9305
10660345,-3.9431
10661572,-3.9557
10662800,-3.9683
10664027,-3.9809
10665255,-3.9934
10666483,-4.0060
10667711,-4.0185
10668940,-4.0311
10670168,-4.0436
10671396,-4.0561
10672625,-4.0686
10673854,-4.0811
10675083,-4.0936
10676312,-4.1061
10677541,-4.1186
10678771,-4.1310
10680000,-4.1435
10681230,-4.1559
10682459,-4.1683
10683689,-4.1807
10684920,-4.1931
10686150,-4.2055
10687380,-4.2179
10688611,-4.2303
10689841,-4.2426
10691072,-4.2550
10692303,-4.2673
10693534,-4.2797
10694765,-4.2920
10695997,-4.3043
10697228,-4.3166
10698460,-4.3289
10699691,-4.3412
10700923,-4.3534
10702155,-4.3657
10703388,-4.3779
10704620,-4.3902
10705852,-4.4024
10707085,-4.4146
10708318,-4.4268
10709551,-4.4390
10710784,-4.4512
10712017,-4.4634
10713250,-4.4756
10714484,-4.4877
10715717,-4.4999
10716951,-4.5120
10718185,-4.5241
10719419,-4.5362
10720653,-4.5484
10721888,-4.5604
10723122,-4.5725
10724357,-4.5846
10725592,-4.5967
10726826,-4.6087
10728062,-4.6208
10729297,-4.6328
10730532,-4.6448
10731767,-4.6569
10733003,-4.6689
10734239,-4.6809
10735475,-4.6929
10736711,-4.7048
10737947,-4.7168
10739183,-4.7288
10740420,-4.7407
10741656,-4.7526
10742893,-4.7646
10744130,-4.7765
10745367,-4.7884
10746604,-4.8003
10747842,-4.8122
10749079,-4.8241
10750317,-4.8359
10751554,-4.8478
10752792,-4.8596
10754030,-4.8715
10755268,-4.8833
10756507,-4.8951
10757745,-4.9070
10758984,-4.9188
10760223,-4.9305
10761461,-4.9423
10762700,-4.9541
10763940,-4.9659
10765179,-4.9776
10766418,-4.9894
10767658,-5.0011
10768898,-5.0128
10770138,-5.0245
10771378,-5.0362
10772618,-5.0479
10773858,-5.0596
10775099,-5.0713
10776339,-5.0830
10777580,-5.0946
10778821,-5.1063
10780062,-5.1179
10781303,-5.1295
10782544,-5.1412
10783786,-5.1528
10785027,-5.1644
10786269,-5.1760
10787511,-5.1876
10788753,-5.1991
10789995,-5.2107
10791238,-5.2222
10792480,-5.2338
10793723,-5.2453
10794965,-5.2569
10796208,-5.2684
10797451,-5.2799
10798694,-5.2914
10799938,-5.3029
10801181,-5.3143
10802425,-5.3258
10803669,-5.3373
10804913,-5.3487
10806157,-5.3602
10807401,-5.3716
10808645,-5.3830
10809890,-5.3945
10811134,-5.4059
10812379,-5.4173
10813624,-5.4286
10814869,-5.4400
10816114,-5.4514
10817359,-5.4628
10818605,-5.4741
10819850,-5.4855
10821096,-5.4968
10822342,-5.5081
10823588,-5.5194
10824834,-5.5307
10826081,-5.5420
10827327,-5.5533
10828574,-5.5646
10829820,-5.5759
10831067,-5.5871
10832314,-5.5984
10833562,-5.6096
10834809,-5.6209
10836056,-5.6321
10837304,-5.6433
10838552,-5.6545
10839800,-5.6657
10841048,-5.6769
10842296,-5.6881
10843544,-5.6993
10844793,-5.7105
10846041,-5.7216
10847290,-5.7328
10848539,-5.7439
10849788,-5.7550
10851037,-5.7662
10852287,-5.7773
10853536,-5.7884
10854786,-5.7995
10856035,-5.8106
10857285,-5.8216
10858535,-5.8327
10859786,-5.8438
10861036,-5.8548
10862287,-5.8659
10863537,-5.8769
10864788,-5.8879
10866039,-5.8989
10867290,-5.9100
10868541,-5.9210
10869793,-5.9320
10871044,-5.9429
10872296,-5.9539
10873547,-5.9649
10874799,-5.9758
10876051,-5.9868
10877304,-5.9977
10878556,-6.0087
10879809,-6.0196
10881061,-6.0305
10882314,-6.0414
10883567,-6.0523
10884820,-6.0632
10886073,-6.0741
10887327,-6.0850
10888580,-6.0958
10889834,-6.1067
10891088,-6.1176
10892342,-6.1284
10893596,-6.1392
10894850,-6.1501
10896104,-6.1609
10897359,-6.1717
10898614,-6.1825
10899868,-6.1933
10901123,-6.2041
10902378,-6.2148
10903634,-6.2256
10904889,-6.2364
10906145,-6.2471
10907400,-6.2579
10908656,-6.2686
10909912,-6.2793
10911168,-6.2900
10912425,-6.3008
10913681,-6.3115
10914938,-6.3222
10916194,-6.3328
10917451,-6.3435
10918708,-6.3542
10919965,-6.3649
10921222,-6.3755
10922480,-6.3862
10923737,-6.3968
10924995,-6.4074
10926253,-6.4181
10927511,-6.4287
10928769,-6.4393
10930028,-6.4499
10931286,-6.4605
10932545,-6.4711
10933803,-6.4816
10935062,-6.4922
10936321,-6.5028
10937580,-6.5133
10938840,-6.5239
10940099,-6.5344
10941359,-6.5449
10942618,-6.5555
10943878,-6.5660
10945138,-6.5765
10946399,-6.5870
10947659,-6.5975
10948919,-6.6080
10950180,-6.6184
10951441,-6.6289
10952702,-6.6394
10953963,-6.6498
10955224,-6.6603
10956485,-6.6707
10957747,-6.6811
10959008,-6.6916
10960270,-6.7020
10961532,-6.7124
10962794,-6.7228
10964056,-6.7332
10965319,-6.7436
10966581,-6.7539
10967844,-6.7643
10969107,-6.7747
10970369,-6.7850
10971633,-6.7954
10972896,-6.8057
10974159,-6.8160
10975423,-6.8264
10976686,-6.8367
10977950,-6.8470
10979214,-6.8573
10980478,-6.8676
10981742,-6.8779
10983007,-6.8882
10984271,-6.8984
10985536,-6.9087
10986801,-6.9190
10988066,-6.9292
10989331,-6.9395
10990596,-6.9497
10991862,-6.9599
10993127,-6.9702
10994393,-6.9804
10995659,-6.9906
10996925,-7.0008
10998191,-7.0110
10999457,-7.0212
11000724,-7.0313
11001990,-7.0415
11003257,-7.0517
11004524,-7.0618
11005791,-7.0720
11007058,-7.0821
11008325,-7.0923
11009593,-7.1024
11010860,-7.1125
11012128,-7.1226
11013396,-7.1327
11014664,-7.1428
11015932,-7.1529
11017201,-7.1630
11018469,-7.1731
11019738,-7.1832
11021006,-7.1932
11022275,-7.2033
11023544,-7.2133
11024814,-7.2234
11026083,-7.2334
11027352,-7.2435
11028622,-7.2535
11029892,-7.2635
11031162,-7.2735
11032432,-7.2835
11033702,-7.2935
11034972,-7.3035
11036243,-7.3135
11037514,-7.3234
11038784,-7.3334
11040055,-7.3434
11041327,-7.3533
11042598,-7.3633
11043869,-7.3732
11045141,-7.3832
11046412,-7.3931
11047684,-7.4030
11048956,-7.4129
11050228,-7.4228
11051501,-7.4327
11052773,-7.4426
11054046,-7.4525
11055318,-7.4624
11056591,-7.4723
11057864,-7.4821
11059137,-7.4920
11060411,-7.5018
11061684,-7.5117
11062958,-7.5215
11064232,-7.5314
11065505,-7.5412
11066779,-7.5510
11068054,-7.5608
11069328,-7.5706
11070602,-7.5804
11071877,-7.5902
11073152,-7.6000
11074427,-7.6098
11075702,-7.6196
11076977,-7.6293
11078252,-7.6391
11079528,-7.6489
11080804,-7.6586
11082079,-7.6683
11083355,-7.6781
11084631,-7.6878
11085908,-7.6975
11087184,-7.7072
11088461,-7.7170
11089737,-7.7267
11091014,-7.7364
11092291,-7.7460
11093568,-7.7557
11094845,-7.7654
11096123,-7.7751
11097400,-7.7847
11098678,-7.7944
11099956,-7.8041
11101234,-7.8137
11102512,-7.8233
11103790,-7.8330
11105069,-7.8426
11106347,-7.8522
11107626,-7.8618
11108905,-7.8714
11110184,-7.8810
11111463,-7.8906
11112743,-7.9002
11114022,-7.9098
11115302,-7.9194
11116581,-7.9290
11117861,-7.9385
11119141,-7.9481
11120422,-7.9576
11121702,-7.9672
11122983,-7.9767
11124263,-7.9863
11125544,-7.9958
11126825,-8.0053
11128106,-8.0148
11129387,-8.0243
11130669,-8.0338
11131950,-8.0433
11133232,-8.0528
11134514,-8.0623
11135796,-8.0718
11137078,-8.0812
11138360,-8.0907
11139643,-8.1002
11140925,-8.1096
11142208,-8.1191
11143491,-8.1285
11144774,-8.1380
11146057,-8.1474
11147340,-8.1568
11148624,-8.1662
11149907,-8.1756
11151191,-8.1850
11152475,-8.1944
11153759,-8.2038
11155043,-8.2132
11156327,-8.2226
11157612,-8.2320
11158897,-8.2414
11160181,-8.2507
11161466,-8.2601
11162751,-8.2694
11164037,-8.2788
11165322,-8.2881
11166608,-8.2975
11167893,-8.3068
11169179,-8.3161
11170465,-8.3254
11171751,-8.3347
11173037,-8.3441
11174324,-8.3534
11175610,-8.3627
11176897,-8.3719
11178184,-8.3812
11179471,-8.3905
11180758,-8.3998
11182045,-8.4090
11183333,-8.4183
11184621,-8.4276
11185908,-8.4368
11187196,-8.4460
11188484,-8.4553
11189772,-8.4645
11191061,-8.4737
11192349,-8.4830
11193638,-8.4922
11194927,-8.5014
11196216,-8.5106
11197505,-8.5198
11198794,-8.5290
11200083,-8.5382
11201373,-8.5474
11202663,-8.5565
11203952,-8.5657
11205242,-8.5749
11206532,-8.5840
11207823,-8.5932
11209113,-8.6023
11210404,-8.6115
11211694,-8.6206
11212985,-8.6297
11214276,-8.6389
11215568,-8.6480
11216859,-8.6571
11218150,-8.6662
11219442,-8.6753
11220734,-8.6844
11222026,-8.6935
11223318,-8.7026
11224610,-8.7117
11225902,-8.7208
11227195,-8.7298
11228487,-8.7389
11229780,-8.7480
11231073,-8.7570
11232366,-8.7661
11233659,-8.7751
11234953,-8.7841
11236246,-8.7932
11237540,-8.8022
11238834,-8.8112
11240128,-8.8202
11241422,-8.8293
11242716,-8.8383
11244011,-8.8473
11245305,-8.8563
11246600,-8.8653
11247895,-8.8742
11249190,-8.8832
11250485,-8.8922
11251781,-8.9012
11253076,-8.9101
11254372,-8.9191
11255667,-8.9280
11256963,-8.9370
11258259,-8.9459
11259556,-8.9549
11260852,-8.9638
11262149,-8.9727
11263445,-8.9817
11264742,-8.9906
11266039,-8.9995
11267336,-9.0084
11268634,-9.0173
11269931,-9.0262
11271229,-9.0351
11272526,-9.0440
11273824,-9.0529
11275122,-9.0617
11276420,-9.0706
11277719,-9.0795
11279017,-9.0883
11280316,-9.0972
11281614,-9.1060
11282913,-9.1149
11284212,-9.1237
11285512,-9.1326
11286811,-9.1414
11288111,-9.1502
11289410,-9.1590
11290710,-9.1679
11292010,-9.1767
11293310,-9.1855
11294610,-9.1943
11295911,-9.2031
11297211,-9.2119
11298512,-9.2206
11299813,-9.2294
11301114,-9.2382
11302415,-9.2470
11303716,-9.2557
11305018,-9.2645
11306320,-9.2733
11307621,-9.2820
11308923,-9.2908
11310225,-9.2995
11311527,-9.3082
11312830,-9.3170
11314132,-9.3257
11315435,-9.3344
11316738,-9.3431
11318041,-9.3518
11319344,-9.3605
11320647,-9.3693
11321951,-9.3779
11323254,-9.3866
11324558,-9.3953
11325862,-9.4040
11327166,-9.4127
11328470,-9.4214
11329774,-9.4300
11331079,-9.4387
11332383,-9.4474
11333688,-9.4560
11334993,-9.4647
11336298,-9.4733
11337603,-9.4819
11338909,-9.4906
11340214,-9.4992
11341520,-9.5078
11342826,-9.5165
11344132,-9.5251
11345438,-9.5337
11346744,-9.5423
11348050,-9.5509
11349357,-9.5595
11350664,-9.5681
11351971,-9.5767
11353278,-9.5853
11354585,-9.5938
11355892,-9.6024
11357200,-9.6110
11358507,-9.6195
11359815,-9.6281
11361123,-9.6367
11362431,-9.6452
11363739,-9.6537
11365047,-9.6623
11366356,-9.6708
11367665,-9.6794
11368974,-9.6879
11370282,-9.6964
11371592,-9.7049
11372901,-9.7134
11374210,-9.7220
11375520,-9.7305
11376830,-9.7390
11378140,-9.7475
11379450,-9.7559
11380760,-9.7644
11382070,-9.7729
11383381,-9.7814
11384691,-9.7899
11386002,-9.7983
11387313,-9.8068
11388624,-9.8153
11389935,-9.8237
11391247,-9.8322
11392558,-9.8406
11393870,-9.8490
11395182,-9.8575
11396494,-9.8659
11397806,-9.8743
11399118,-9.8828
11400431,-9.8912
11401743,-9.8996
11403056,-9.9080
11404369,-9.9164
11405682,-9.9248
11406995,-9.9332
11408308,-9.9416
11409622,-9.9500
11410936,-9.9584
11412249,-9.9668
11413563,-9.9751
11414877,-9.9835
11416192,-9.9919
11417506,-10.0002
11418821,-10.0086
11420135,-10.0169
11421450,-10.0253
11422765,-10.0336
11424081,-10.0420
11425396,-10.0503
11426711,-10.0587
11428027,-10.0670
11429343,-10.0753
11430659,-10.0836
11431975,-10.0919
11433291,-10.1002
11434607,-10.1086
11435924,-10.1169
11437241,-10.1252
11438557,-10.1334
11439874,-10.1417
11441191,-10.1500
11442509,-10.1583
11443826,-10.1666
11445144,-10.1749
11446462,-10.1831
11447779,-10.1914
11449098,-10.1996
11450416,-10.2079
11451734,-10.2161
11453053,-10.2244
11454371,-10.2326
11455690,-10.2409
11457009,-10.2491
11458328,-10.2573
11459647,-10.2656
11460967,-10.2738
11462286,-10.2820
11463606,-10.2902
11464926,-10.2984
11466246,-10.3066
11467566,-10.3148
11468886,-10.3230
11470207,-10.3312
11471528,-10.3394
11472848,-10.3476
11474169,-10.3558
11475490,-10.3640
11476812,-10.3721
11478133,-10.3803
11479455,-10.3885
11480776,-10.3966
11482098,-10.4048
11483420,-10.4129
11484742,-10.4211
11486065,-10.4292
11487387,-10.4374
11488710,-10.4455
11490032,-10.4536
11491355,-10.4618
11492678,-10.4699
11494002,-10.4780
11495325,-10.4861
11496649,-10.4942
11497972,-10.5023
11499296,-10.5105
11500620,-10.5186
11501944,-10.5266
11503268,-10.5347
11504593,-10.5428
11505917,-10.5509
11507242,-10.5590
11508567,-10.5671
11509892,-10.5751
11511217,-10.5832
11512543,-10.5913
11513868,-10.5993
11515194,-10.6074
11516520,-10.6154
11517846,-10.6235
11519172,-10.6315
11520498,-10.6396
11521824,-10.6476
11523151,-10.6557
11524478,-10.6637
11525805,-10.6717
11527132,-10.6797
11528459,-10.6877
11529786,-10.6958
11531114,-10.7038
11532441,-10.7118
11533769,-10.7198
11535097,-10.7278
11536425,-10.7358
11537753,-10.7438
11539082,-10.7518
11540410,-10.7597
11541739,-10.7677
11543068,-10.7757
11544397,-10.7837
11545726,-10.7916
11547056,-10.7996
11548385,-10.8076
11549715,-10.8155
11551044,-10.8235
11552374,-10.8314
11553704,-10.8394
11555035,-10.8473
11556365,-10.8552
11557696,-10.8632
11559026,-10.8711
11560357,-10.8790
11561688,-10.8870
11563019,-10.8949
11564351,-10.9028
11565682,-10.9107
11567014,-10.9186
11568346,-10.9265
11569678,-10.9344
11571010,-10.9423
11572342,-10.9502
11573674,-10.9581
11575007,-10.9660
11576339,-10.9739
11577672,-10.9817
11579005,-10.9896
11580339,-10.9975
11581672,-11.0054
11583005,-11.0132
11584339,-11.0211
11585673,-11.0289
11587007,-11.0368
11588341,-11.0446
11589675,-11.0525
11591009,-11.0603
11592344,-11.0682
11593679,-11.0760
11595013,-11.0838
11596348,-11.0917
11597684,-11.0995
11599019,-11.1073
11600354,-11.1151
11601690,-11.1229
11603026,-11.1307
11604362,-11.1386
11605698,-11.1464
11607034,-11.1542
11608370,-11.1620
11609707,-11.1697
11611044,-11.1775
11612380,-11.1853
11613717,-11.1931
11615055,-11.2009
11616392,-11.2087
11617729,-11.2164
11619067,-11.2242
11620405,-11.2320
11621743,-11.2397
11623081,-11.2475
11624419,-11.2552
11625757,-11.2630
11627096,-11.2707
11628435,-11.2785
11629773,-11.2862
11631112,-11.2939
11632452,-11.3017
11633791,-11.3094
11635130,-11.3171
11636470,-11.3248
11637810,-11.3326
11639150,-11.3403
11640490,-11.3480
11641830,-11.3557
11643170,-11.3634
11644511,-11.3711
11645852,-11.3788
11647193,-11.3865
11648534,-11.3942
11649875,-11.4019
11651216,-11.4096
11652558,-11.4172
11653899,-11.4249
11655241,-11.4326
11656583,-11.4403
11657925,-11.4479
11659267,-11.4556
11660610,-11.4632
11661952,-11.4709
11663295,-11.4786
11664638,-11.4862
11665981,-11.4939
11667324,-11.5015
11668667,-11.5091
11670011,-11.5168
11671354,-11.5244
11672698,-11.5320
11674042,-11.5397
11675386,-11.5473
11676730,-11.5549
11678075,-11.5625
11679419,-11.5701
11680764,-11.5778
11682109,-11.5854
11683454,-11.5930
11684799,-11.6006
11686145,-11.6082
11687490,-11.6158
11688836,-11.6233
11690182,-11.6309
11691527,-11.6385
11692874,-11.6461
11694220,-11.6537
11695566,-11.6612
11696913,-11.6688
11698260,-11.6764
11699606,-11.6839
11700954,-11.6915
11702301,-11.6991
11703648,-11.7066
11704996,-11.7142
11706343,-11.7217
11707691,-11.7293
11709039,-11.7368
11710387,-11.7443
11711735,-11.7519
11713084,-11.7594
11714433,-11.7669
11715781,-11.7745
11717130,-11.7820
11718479,-11.7895
11719828,-11.7970
11721178,-11.8045
11722527,-11.8120
11723877,-11.8195
11725227,-11.8271
11726577,-11.8346
11727927,-11.8420
11729277,-11.8495
11730628,-11.8570
11731978,-11.8645
11733329,-11.8720
11734680,-11.8795
11736031,-11.8870
11737382,-11.8944
11738734,-11.9019
11740085,-11.9094
11741437,-11.9168
11742789,-11.9243
11744141,-11.9318
11745493,-11.9392
11746845,-11.9467
11748198,-11.9541
11749551,-11.9616
11750903,-11.9690
11752256,-11.9764
11753609,-11.9839
11754963,-11.9913
11756316,-11.9988
11757670,-12.0062
11759023,-12.0136
11760377,-12.0210
11761731,-12.0284
11763086,-12.0359
11764440,-12.0433
11765794,-12.0507
11767149,-12.0581
11768504,-12.0655
11769859,-12.0729
11771214,-12.0803
11772569,-12.0877
11773925,-12.0951
11775280,-12.1025
11776636,-12.1098
11777992,-12.1172
11779348,-12.1246
11780704,-12.1320
11782061,-12.1394
11783417,-12.1467
11784774,-12.1541
11786131,-12.1615
11787488,-12.1688
11788845,-12.1762
11790202,-12.1835
11791560,-12.1909
11792917,-12.1982
11794275,-12.2056
11795633,-12.2129
11796991,-12.2203
11798349,-12.2276
11799708,-12.2349
11801066,-12.2423
11802425,-12.2496
11803784,-12.2569
11805143,-12.2642
11806502,-12.2716
11807862,-12.2789
11809221,-12.2862
11810581,-12.2935
11811941,-12.3008
11813301,-12.3081
11814661,-12.3154
11816021,-12.3227
11817381,-12.3300
11818742,-12.3373
11820103,-12.3446
11821464,-12.3519
11822825,-12.3592
11824186,-12.3664
11825547,-12.3737
11826909,-12.3810
11828271,-12.3883
11829633,-12.3955
11830995,-12.4028
11832357,-12.4101
11833719,-12.4173
11835082,-12.4246
11836444,-12.4318
11837807,-12.4391
11839170,-12.4464
11840533,-12.4536
11841896,-12.4608
11843260,-12.4681
11844623,-12.4753
11845987,-12.4826
11847351,-12.4898
11848715,-12.4970
11850079,-12.5042
11851444,-12.5115
11852808,-12.5187
11854173,-12.5259
11855538,-12.5331
11856903,-12.5403
11858268,-12.5475
11859633,-12.5548
11860999,-12.5620
11862364,-12.5692
11863730,-12.5764
11865096,-12.5836
11866462,-12.5907
11867828,-12.5979
11869195,-12.6051
11870561,-12.6123
11871928,-12.6195
11873295,-12.6267
11874662,-12.6338
11876029,-12.6410
11877397,-12.6482
11878764,-12.6554
11880132,-12.6625
11881500,-12.6697
11882868,-12.6769
11884236,-12.6840
11885604,-12.6912
11886972,-12.6983
11888341,-12.7055
11889710,-12.7126
11891079,-12.7198
11892448,-12.7269
11893817,-12.7340
11895186,-12.7412
11896556,-12.7483
11897926,-12.7554
11899296,-12.7626
11900666,-12.7697
11902036,-12.7768
11903406,-12.7839
11904777,-12.7910
11906147,-12.7981
11907518,-12.8053
11908889,-12.8124
11910260,-12.8195
11911632,-12.8266
11913003,-12.8337
11914375,-12.8408
11915746,-12.8479
11917118,-12.8550
11918491,-12.8620
11919863,-12.8691
11921235,-12.8762
11922608,-12.8833
11923980,-12.8904
11925353,-12.8975
11926726,-12.9045
11928100,-12.9116
11929473,-12.9187
11930846,-12.9257
11932220,-12.9328
11933594,-12.9399
11934968,-12.9469
11936342,-12.9540
11937716,-12.9610
11939091,-12.9681
11940465,-12.9751
11941840,-12.9822
11943215,-12.9892
11944590,-12.9962
11945965,-13.0033
11947341,-13.0103
11948716,-13.0173
11950092,-13.0244
11951468,-13.0314
11952844,-13.0384
11954220,-13.0454
11955597,-13.0525
11956973,-13.0595
11958350,-13.0665
11959727,-13.0735
11961104,-13.0805
11962481,-13.0875
11963858,-13.0945
11965236,-13.1015
11966613,-13.1085
11967991,-13.1155
11969369,-13.1225
11970747,-13.1295
11972125,-13.1365
11973504,-13.1435
11974882,-13.1504
11976261,-13.1574
11977640,-13.1644
11979019,-13.1714
11980398,-13.1784
11981778,-13.1853
11983157,-13.1923
11984537,-13.1993
11985917,-13.2062
11987297,-13.2132
11988677,-13.2201
11990057,-13.2271
11991438,-13.2340
11992818,-13.2410
11994199,-13.2479
11995580,-13.2549
11996961,-13.2618
11998342,-13.2688
11999724,-13.2757
12001106,-13.2826
12002487,-13.2896
12003869,-13.2965
12005251,-13.3034
12006634,-13.3103
12008016,-13.3173
12009398,-13.3242
12010781,-13.3311
12012164,-13.3380
12013547,-13.3449
12014930,-13.3518
12016314,-13.3587
12017697,-13.3657
12019081,-13.3726
12020465,-13.3795
12021849,-13.3864
12023233,-13.3932
12024617,-13.4001
12026002,-13.4070
12027386,-13.4139
12028771,-13.4208
12030156,-13.4277
12031541,-13.4346
12032926,-13.4414
12034312,-13.4483
12035697,-13.4552
12037083,-13.4621
12038469,-13.4689
12039855,-13.4758
12041241,-13.4827
12042628,-13.4895
12044014,-13.4964
12045401,-13.5032
12046788,-13.5101
12048175,-13.5169
12049562,-13.5238
12050949,-13.5306
12052337,-13.5375
12053724,-13.5443
12055112,-13.5512
12056500,-13.5580
12057888,-13.5648
12059277,-13.5717
12060665,-13.5785
12062054,-13.5853
12063442,-13.5921
12064831,-13.5990
12066220,-13.6058
12067610,-13.6126
12068999,-13.6194
12070389,-13.6262
12071778,-13.6330
12073168,-13.6399
12074558,-13.6467
12075949,-13.6535
12077339,-13.6603
12078729,-13.6671
12080120,-13.6739
12081511,-13.6807
12082902,-13.6874
12084293,-13.6942
12085685,-13.7010
12087076,-13.7078
12088468,-13.7146
12089860,-13.7214
12091252,-13.7282
12092644,-13.7349
12094036,-13.7417
12095428,-13.7485
12096821,-13.7552
12098214,-13.7620
12099607,-13.7688
12101000,-13.7755
12102393,-13.7823
12103787,-13.7891
12105180,-13.7958
12106574,-13.8026
12107968,-13.8093
12109362,-13.8161
12110756,-13.8228
12112150,-13.8295
12113545,-13.8363
12114940,-13.8430
12116335,-13.8498
12117730,-13.8565
12119125,-13.8632
12120520,-13.8700
12121916,-13.8767
12123311,-13.8834
12124707,-13.8901
12126103,-13.8969
12127499,-13.9036
12128896,-13.9103
12130292,-13.9170
12131689,-13.9237
12133085,-13.9304
12134482,-13.9371
12135879,-13.9438
12137277,-13.9505
12138674,-13.9572
12140072,-13.9639
12141470,-13.9706
12142867,-13.9773
12144266,-13.9840
12145664,-13.9907
12147062,-13.9974
12148461,-14.0041
12149859,-14.0108
12151258,-14.0175
12152657,-14.0241
12154057,-14.0308
12155456,-14.0375
12156856,-14.0442
12158255,-14.0508
12159655,-14.0575
12161055,-14.0642
12162455,-14.0708
12163856,-14.0775
12165256,-14.0841
12166657,-14.0908
12168058,-14.0975
12169459,-14.1041
12170860,-14.1108
12172261,-14.1174
12173662,-14.1240
12175064,-14.1307
12176466,-14.1373
12177868,-14.1440
12179270,-14.1506
12180672,-14.1572
12182075,-14.1639
12183477,-14.1705
12184880,-14.1771
12186283,-14.1838
12187686,-14.1904
12189089,-14.1970
12190493,-14.2036
12191896,-14.2102
12193300,-14.2169
12194704,-14.2235
12196108,-14.2301
12197512,-14.2367
12198916,-14.2433
12200321,-14.2499
12201726,-14.2565
12203130,-14.2631
12204535,-14.2697
12205941,-14.2763
12207346,-14.2829
12208752,-14.2895
12210157,-14.2961
12211563,-14.3027
12212969,-14.3093
12214375,-14.3158
12215781,-14.3224
12217188,-14.3290
12218595,-14.3356
12220001,-14.3421
12221408,-14.3487
12222815,-14.3553
12224223,-14.3619
12225630,-14.3684
12227038,-14.3750
12228446,-14.3816
12229854,-14.3881
12231262,-14.3947
12232670,-14.4012
12234078,-14.4078
12235487,-14.4143
12236896,-14.4209
12238305,-14.4274
12239714,-14.4340
12241123,-14.4405
12242532,-14.4471
12243942,-14.4536
12245351,-14.4601
12246761,-14.4667
12248171,-14.4732
12249582,-14.4797
12250992,-14.4863
12252402,-14.4928
12253813,-14.4993
12255224,-14.5058
12256635,-14.5124
12258046,-14.5189
12259458,-14.5254
12260869,-14.5319
12262281,-14.5384
12263693,-14.5449
12265105,-14.5515
12266517,-14.5580
12267929,-14.5645
12269342,-14.5710
12270754,-14.5775
12272167,-14.5840
12273580,-14.5905
12274993,-14.5970
12276406,-14.6035
12277820,-14.6099
12279233,-14.6164
12280647,-14.6229
12282061,-14.6294
12283475,-14.6359
12284890,-14.6424
12286304,-14.6488
12287719,-14.6553
12289133,-14.6618
12290548,-14.6683
12291963,-14.6747
12293379,-14.6812
12294794,-14.6877
12296210,-14.6941
12297625,-14.7006
12299041,-14.7071
12300457,-14.7135
12301873,-14.7200
12303290,-14.7264
12304706,-14.7329
12306123,-14.7393
12307540,-14.7458
12308957,-14.7522
12310374,-14.7587
12311792,-14.7651
12313209,-14.7716
12314627,-14.7780
12316045,-14.7844
12317463,-14.7909
12318881,-14.7973
12320299,-14.8037
12321718,-14.8102
12323136,-14.8166
12324555,-14.8230
12325974,-14.8294
12327393,-14.8359
12328813,-14.8423
12330232,-14.8487
12331652,-14.8551
12333072,-14.8615
12334492,-14.8679
12335912,-14.8743
12337332,-14.8808
12338753,-14.8872
12340173,-14.8936
12341594,-14.9000
12343015,-14.9064
12344436,-14.9128
12345857,-14.9192
12347279,-14.9256
12348700,-14.9319
12350122,-14.9383
12351544,-14.9447
12352966,-14.9511
12354389,-14.9575
12355811,-14.9639
12357234,-14.9703
12358656,-14.9766
12360079,-14.9830
12361502,-14.9894
12362926,-14.9958
12364349,-15.0021
12365773,-15.0085
12367196,-15.0149
12368620,-15.0212
12370044,-15.0276
12371469,-15.0340
12372893,-15.0403
12374317,-15.0467
12375742,-15.0530
12377167,-15.0594
12378592,-15.0657
12380017,-15.0721
12381443,-15.0784
12382868,-15.0848
12384294,-15.0911
12385720,-15.0975
12387146,-15.1038
12388572,-15.1102
12389999,-15.1165
12391425,-15.1228
12392852,-15.1292
12394279,-15.1355
12395706,-15.1418
12397133,-15.1482
12398560,-15.1545
12399988,-15.1608
12401415,-15.1671
12402843,-15.1735
12404271,-15.1798
12405699,-15.1861
12407128,-15.1924
12408556,-15.1987
12409985,-15.2050
12411414,-15.2113
12412843,-15.2177
12414272,-15.2240
12415701,-15.2303
12417131,-15.2366
12418560,-15.2429
12419990,-15.2492
12421420,-15.2555
12422850,-15.2618
12424281,-15.2680
12425711,-15.2743
12427142,-15.2806
12428573,-15.2869
12430004,-15.2932
12431435,-15.2995
12432866,-15.3058
12434298,-15.3121
12435729,-15.3183
12437161,-15.3246
12438593,-15.3309
12440025,-15.3372
12441457,-15.3434
12442890,-15.3497
12444322,-15.3560
12445755,-15.3622
12447188,-15.3685
12448621,-15.3748
12450055,-15.3810
12451488,-15.3873
12452922,-15.3935
12454355,-15.3998
12455789,-15.4060
12457223,-15.4123
12458658,-15.4185
12460092,-15.4248
12461527,-15.4310
12462962,-15.4373
12464396,-15.4435
12465832,-15.4498
12467267,-15.4560
12468702,-15.4623
12470138,-15.4685
12471574,-15.4747
12473010,-15.4810
12474446,-15.4872
12475882,-15.4934
12477318,-15.4996
12478755,-15.5059
12480192,-15.5121
12481629,-15.5183
12483066,-15.5245
12484503,-15.5307
12485940,-15.5370
12487378,-15.5432
12488816,-15.5494
12490254,-15.5556
12491692,-15.5618
12493130,-15.5680
12494568,-15.5742
12496007,-15.5804
12497446,-15.5866
12498884,-15.5928
12500324,-15.5990
12501763,-15.6052
12503202,-15.6114
12504642,-15.6176
12506082,-15.6238
12507521,-15.6300
12508961,-15.6362
12510402,-15.6424
12511842,-15.6486
12513283,-15.6548
12514723,-15.6609
12516164,-15.6671
12517605,-15.6733
12519047,-15.6795
12520488,-15.6856
12521930,-15.6918
12523371,-15.6980
12524813,-15.7042
12526255,-15.7103
12527697,-15.7165
12529140,-15.7227
12530582,-15.7288
12532025,-15.7350
12533468,-15.7411
12534911,-15.7473
12536354,-15.7535
12537798,-15.7596
12539241,-15.7658
12540685,-15.7719
12542129,-15.7781
12543573,-15.7842
12545017,-15.7904
12546461,-15.7965
12547906,-15.8027
12549351,-15.8088
12550796,-15.8149
12552241,-15.8211
12553686,-15.8272
12555131,-15.8333
12556577,-15.8395
12558022,-15.8456
12559468,-15.8517
12560914,-15.8579
12562361,-15.8640
12563807,-15.8701
12565253,-15.8762
12566700,-15.8824
12568147,-15.8885
12569594,-15.8946
12571041,-15.9007
12572489,-15.9068
12573936,-15.9129
12575384,-15.9191
12576832,-15.9252
12578280,-15.9313
12579728,-15.9374
12581176,-15.9435
12582625,-15.9496
12584074,-15.9557
12585523,-15.9618
12586972,-15.9679
12588421,-15.9740
12589870,-15.9801
12591320,-15.9862
12592770,-15.9923
12594219,-15.9984
12595669,-16.0044
12597120,-16.0105
12598570,-16.0166
12600021,-16.0227
12601471,-16.0288
12602922,-16.0349
12604373,-16.0409
12605824,-16.0470
12607276,-16.0531
12608727,-16.0592
12610179,-16.0652
12611631,-16.0713
12613083,-16.0774
12614535,-16.0834
12615988,-16.0895
12617440,-16.0956
12618893,-16.1016
12620346,-16.1077
12621799,-16.1138
12623252,-16.1198
12624705,-16.1259
12626159,-16.1319
12627613,-16.1380
12629067,-16.1440
12630521,-16.1501
12631975,-16.1561
12633429,-16.1622
12634884,-16.1682
12636339,-16.1743
12637793,-16.1803
12639249,-16.1863
12640704,-16.1924
12642159,-16.1984
12643615,-16.2045
12645070,-16.2105
12646526,-16.2165
12647982,-16.2226
12649439,-16.2286
12650895,-16.2346
12652352,-16.2406
12653808,-16.2467
12655265,-16.2527
12656722,-16.2587
12658180,-16.2647
12659637,-16.2707
12661095,-16.2768
12662552,-16.2828
12664010,-16.2888
12665468,-16.2948
12666927,-16.3008
12668385,-16.3068
12669844,-16.3128
12671302,-16.3188
12672761,-16.3248
12674220,-16.3308
12675680,-16.3368
12677139,-16.3428
12678599,-16.3488
12680058,-16.3548
12681518,-16.3608
12682978,-16.3668
12684439,-16.3728
12685899,-16.3788
12687360,-16.3848
12688821,-16.3908
12690281,-16.3968
12691743,-16.4028
12693204,-16.4087
12694665,-16.4147
12696127,-16.4207
12697589,-16.4267
12699051,-16.4327
12700513,-16.4386
12701975,-16.4446
12703437,-16.4506
12704900,-16.4565
12706363,-16.4625
12707826,-16.4685
12709289,-16.4744
12710752,-16.4804
12712216,-16.4864
12713679,-16.4923
12715143,-16.4983
12716607,-16.5043
12718071,-16.5102
12719536,-16.5162
12721000,-16.5221
12722465,-16.5281
12723930,-16.5340
12725394,-16.5400
12726860,-16.5459
12728325,-16.5519
12729790,-16.5578
12731256,-16.5638
12732722,-16.5697
12734188,-16.5756
12735654,-16.5816
12737120,-16.5875
12738587,-16.5934
12740054,-16.5994
12741520,-16.6053
12742987,-16.6112
12744455,-16.6172
12745922,-16.6231
12747389,-16.6290
12748857,-16.6350
12750325,-16.6409
12751793,-16.6468
12753261,-16.6527
12754730,-16.6586
12756198,-16.6646
12757667,-16.6705
12759136,-16.6764
12760605,-16.6823
12762074,-16.6882
12763543,-16.6941
12765013,-16.7000
12766483,-16.7059
12767952,-16.7118
12769422,-16.7178
12770893,-16.7237
12772363,-16.7296
12773834,-16.7355
12775304,-16.7414
12776775,-16.7473
12778246,-16.7531
12779718,-16.7590
12781189,-16.7649
12782661,-16.7708
12784132,-16.7767
12785604,-16.7826
12787076,-16.7885
12788548,-16.7944
12790021,-16.8003
12791494,-16.8061
12792966,-16.8120
12794439,-16.8179
12795912,-16.8238
12797386,-16.8297
12798859,-16.8355
12800333,-16.8414
12801806,-16.8473
12803280,-16.8532
12804754,-16.8590
12806229,-16.8649
12807703,-16.8708
12809178,-16.8766
12810653,-16.8825
12812128,-16.8884
12813603,-16.8942
12815078,-16.9001
12816553,-16.9059
12818029,-16.9118
12819505,-16.9176
12820981,-16.9235
12822457,-16.9294
12823933,-16.9352
12825410,-16.9411
12826887,-16.9469
12828363,-16.9527
12829840,-16.9586
12831318,-16.9644
12832795,-16.9703
12834272,-16.9761
12835750,-16.9820
12837228,-16.9878
12838706,-16.9936
12840184,-16.9995
12841663,-17.0053
12843141,-17.0111
12844620,-17.0170
12846099,-17.0228
12847578,-17.0286
12849057,-17.0345
12850536,-17.0403
12852016,-17.0461
12853496,-17.0519
12854976,-17.0578
12856456,-17.0636
12857936,-17.0694
12859416,-17.0752
12860897,-17.0810
12862378,-17.0868
12863859,-17.0927
12865340,-17.0985
12866821,-17.1043
12868302,-17.1101
12869784,-17.1159
12871266,-17.1217
12872748,-17.1275
12874230,-17.1333
12875712,-17.1391
12877194,-17.1449
12878677,-17.1507
12880160,-17.1565
12881643,-17.1623
12883126,-17.1681
12884609,-17.1739
12886093,-17.1797
12887576,-17.1855
12889060,-17.1913
12890544,-17.1971
12892028,-17.2028
12893513,-17.2086
12894997,-17.2144
12896482,-17.2202
12897967,-17.2260
12899452,-17.2318
12900937,-17.2375
12902422,-17.2433
12903908,-17.2491
12905394,-17.2549
12906879,-17.2606
12908366,-17.2664
12909852,-17.2722
12911338,-17.2780
12912825,-17.2837
12914311,-17.2895
12915798,-17.2953
12917285,-17.3010
12918773,-17.3068
12920260,-17.3125
12921748,-17.3183
12923235,-17.3241
12924723,-17.3298
12926211,-17.3356
12927700,-17.3413
12929188,-17.3471
12930677,-17.3528
12932166,-17.3586
12933654,-17.3643
12935144,-17.3701
12936633,-17.3758
12938122,-17.3816
12939612,-17.3873
12941102,-17.3931
12942592,-17.3988
12944082,-17.4045
12945572,-17.4103
12947063,-17.4160
12948553,-17.4218
12950044,-17.4275
12951535,-17.4332
12953027,-17.4390
12954518,-17.4447
12956009,-17.4504
12957501,-17.4561
12958993,-17.4619
12960485,-17.4676
12961977,-17.4733
12963470,-17.4790
12964962,-17.4848
12966455,-17.4905
12967948,-17.4962
12969441,-17.5019
12970934,-17.5076
12972428,-17.5133
12973921,-17.5191
12975415,-17.5248
12976909,-17.5305
12978403,-17.5362
12979897,-17.5419
12981392,-17.5476
12982886,-17.5533
12984381,-17.5590
12985876,-17.5647
12987371,-17.5704
12988867,-17.5761
12990362,-17.5818
12991858,-17.5875
12993354,-17.5932
12994850,-17.5989
12996346,-17.6046
12997842,-17.6103
12999339,-17.6160
13000835,-17.6217
13002332,-17.6274
13003829,-17.6331
13005326,-17.6387
13006824,-17.6444
13008321,-17.6501
13009819,-17.6558
13011317,-17.6615
13012815,-17.6672
13014313,-17.6728
13015812,-17.6785
13017310,-17.6842
13018809,-17.6899
13020308,-17.6955
13021807,-17.7012
13023306,-17.7069
13024806,-17.7126
13026305,-17.7182
13027805,-17.7239
13029305,-17.7296
13030805,-17.7352
13032306,-17.7409
13033806,-17.7465
13035307,-17.7522
13036808,-17.7579
13038309,-17.7635
13039810,-17.7692
13041311,-17.7748
13042813,-17.7805
13044314,-17.7861
13045816,-17.7918
13047318,-17.7974
13048820,-17.8031
13050323,-17.8087
13051825,-17.8144
13053328,-17.8200
13054831,-17.8257
13056334,-17.8313
13057837,-17.8370
13059341,-17.8426
13060844,-17.8482
13062348,-17.8539
13063852,-17.8595
13065356,-17.8652
13066861,-17.8708
13068365,-17.8764
13069870,-17.8821
13071374,-17.8877
13072879,-17.8933
13074385,-17.8989
13075890,-17.9046
13077395,-17.9102
13078901,-17.9158
13080407,-17.9214
13081913,-17.9271
13083419,-17.9327
13084926,-17.9383
13086432,-17.9439
13087939,-17.9495
13089446,-17.9552
13090953,-17.9608
13092460,-17.9664
13093967,-17.9720
13095475,-17.9776
13096983,-17.9832
13098491,-17.9888
13099999,-17.9944
13101507,-18.0000
13103015,-18.0056
13104524,-18.0113
13106033,-18.0169
13107542,-18.0225
13109051,-18.0281
13110560,-18.0337
13112070,-18.0393
13113580,-18.0448
13115089,-18.0504
13116599,-18.0560
13118110,-18.0616
13119620,-18.0672
13121130,-18.0728
13122641,-18.0784
13124152,-18.0840
13125663,-18.0896
13127174,-18.0952
13128686,-18.1007
13130197,-18.1063
13131709,-18.1119
13133221,-18.1175
13134733,-18.1231
13136245,-18.1286
13137758,-18.1342
13139271,-18.1398
13140783,-18.1454
13142296,-18.1510
13143809,-18.1565
13145323,-18.1621
13146836,-18.1677
13148350,-18.1732
13149864,-18.1788
13151378,-18.1844
13152892,-18.1899
13154406,-18.1955
13155921,-18.2011
13157436,-18.2066
13158951,-18.2122
13160466,-18.2177
13161981,-18.2233
13163496,-18.2289
13165012,-18.2344
13166528,-18.2400
13168044,-18.2455
13169560,-18.2511
13171076,-18.2566
13172592,-18.2622
13174109,-18.2677
13175626,-18.2733
13177143,-18.2788
13178660,-18.2844
13180177,-18.2899
13181695,-18.2954
13183213,-18.3010
13184730,-18.3065
13186248,-18.3121
13187767,-18.3176
13189285,-18.3231
13190804,-18.3287
13192322,-18.3342
13193841,-18.3397
13195360,-18.3453
13196880,-18.3508
13198399,-18.3563
13199919,-18.3619
13201438,-18.3674
13202958,-18.3729
13204479,-18.3784
13205999,-18.3840
13207519,-18.3895
13209040,-18.3950
13210561,-18.4005
13212082,-18.4061
13213603,-18.4116
13215124,-18.4171
13216646,-18.4226
13218168,-18.4281
13219690,-18.4336
13221212,-18.4391
13222734,-18.4447
13224256,-18.4502
13225779,-18.4557
13227302,-18.4612
13228824,-18.4667
13230348,-18.4722
13231871,-18.4777
13233394,-18.4832
13234918,-18.4887
13236442,-18.4942
13237966,-18.4997
13239490,-18.5052
13241014,-18.5107
13242539,-18.5162
13244064,-18.5217
13245588,-18.5272
13247113,-18.5327
13248639,-18.5382
13250164,-18.5437
13251690,-18.5492
13253215,-18.5546
13254741,-18.5601
13256267,-18.5656
13257794,-18.5711
13259320,-18.5766
13260847,-18.5821
13262374,-18.5875
13263900,-18.5930
13265428,-18.5985
13266955,-18.6040
13268482,-18.6095
13270010,-18.6149
13271538,-18.6204
13273066,-18.6259
13274594,-18.6314
13276123,-18.6368
13277651,-18.6423
13279180,-18.6478
13280709,-18.6532
13282238,-18.6587
13283767,-18.6642
13285297,-18.6696
13286826,-18.6751
13288356,-18.6806
13289886,-18.6860
13291416,-18.6915
13292946,-18.6969
13294477,-18.7024
13296008,-18.7079
13297538,-18.7133
13299069,-18.7188
13300601,-18.7242
13302132,-18.7297
13303664,-18.7351
13305195,-18.7406
13306727,-18.7460
13308259,-18.7515
13309792,-18.7569
13311324,-18.7624
13312857,-18.7678
13314389,-18.7733
13315922,-18.7787
13317456,-18.7841
13318989,-18.7896
13320522,-18.7950
13322056,-18.8005
13323590,-18.8059
13325124,-18.8113
13326658,-18.8168
13328192,-18.8222
13329727,-18.8276
13331262,-18.8331
13332797,-18.8385
13334332,-18.8439
13335867,-18.8494
13337402,-18.8548
13338938,-18.8602
13340474,-18.8656
13342010,-18.8711
13343546,-18.8765
13345082,-18.8819
13346619,-18.8873
13348155,-18.8927
13349692,-18.8982
13351229,-18.9036
13352767,-18.9090
13354304,-18.9144
13355841,-18.9198
13357379,-18.9252
13358917,-18.9307
13360455,-18.9361
13361993,-18.9415
13363532,-18.9469
13365071,-18.9523
13366609,-18.9577
13368148,-18.9631
13369687,-18.9685
13371227,-18.9739
13372766,-18.9793
13374306,-18.9847
13375846,-18.9901
13377386,-18.9955
13378926,-19.0009
13380466,-19.0063
13382007,-19.0117
13383548,-19.0171
13385089,-19.0225
13386630,-19.0279
13388171,-19.0333
13389713,-19.0387
13391254,-19.0441
13392796,-19.0495
13394338,-19.0548
13395880,-19.0602
13397423,-19.0656
13398965,-19.0710
13400508,-19.0764
13402051,-19.0818
13403594,-19.0871
13405137,-19.0925
13406680,-19.0979
13408224,-19.1033
13409768,-19.1087
13411312,-19.1140
13412856,-19.1194
13414400,-19.1248
13415945,-19.1302
13417489,-19.1355
13419034,-19.1409
13420579,-19.1463
13422124,-19.1516
13423670,-19.1570
13425215,-19.1624
13426761,-19.1677
13428307,-19.1731
13429853,-19.1785
13431399,-19.1838
13432946,-19.1892
13434492,-19.1946
13436039,-19.1999
13437586,-19.2053
13439133,-19.2106
13440680,-19.2160
13442228,-19.2213
13443776,-19.2267
13445323,-19.2320
13446871,-19.2374
13448420,-19.2427
13449968,-19.2481
13451517,-19.2534
13453065,-19.2588
13454614,-19.2641
13456163,-19.2695
13457713,-19.2748
13459262,-19.2802
13460812,-19.2855
13462362,-19.2909
13463912,-19.2962
13465462,-19.3015
13467012,-19.3069
13468563,-19.3122
13470113,-19.3176
13471664,-19.3229
13473215,-19.3282
13474767,-19.3336
13476318,-19.3389
13477870,-19.3442
13479422,-19.3496
13480973,-19.3549
13482526,-19.3602
13484078,-19.3655
13485630,-19.3709
13487183,-19.3762
13488736,-19.3815
13490289,-19.3868
13491842,-19.3922
13493396,-19.3975
13494949,-19.4028
13496503,-19.4081
13498057,-19.4134
13499611,-19.4188
13501165,-19.4241
13502720,-19.4294
13504274,-19.4347
13505829,-19.4400
13507384,-19.4453
13508939,-19.4506
13510495,-19.4560
13512050,-19.4613
13513606,-19.4666
13515162,-19.4719
13516718,-19.4772
13518274,-19.4825
13519831,-19.4878
13521387,-19.4931
13522944,-19.4984
13524501,-19.5037
13526058,-19.5090
13527616,-19.5143
13529173,-19.5196
13530731,-19.5249
13532289,-19.5302
13533847,-19.5355
13535405,-19.5408
13536963,-19.5461
13538522,-19.5514
13540081,-19.5567
13541640,-19.5619
13543199,-19.5672
13544758,-19.5725
13546318,-19.5778
13547877,-19.5831
13549437,-19.5884
13550997,-19.5937
13552557,-19.5990
13554118,-19.6042
13555678,-19.6095
13557239,-19.6148
13558800,-19.6201
13560361,-19.6254
13561922,-19.6306
13563484,-19.6359
13565045,-19.6412
13566607,-19.6465
13568169,-19.6517
13569732,-19.6570
13571294,-19.6623
13572856,-19.6675
13574419,-19.6728
13575982,-19.6781
13577545,-19.6834
13579108,-19.6886
13580672,-19.6939
13582235,-19.6992
13583799,-19.7044
13585363,-19.7097
13586927,-19.7149
13588492,-19.7202
13590056,-19.7255
13591621,-19.7307
13593186,-19.7360
13594751,-19.7412
13596316,-19.7465
13597882,-19.7517
13599447,-19.7570
13601013,-19.7623
13602579,-19.7675
13604145,-19.7728
13605711,-19.7780
13607278,-19.7833
13608845,-19.7885
13610411,-19.7938
13611979,-19.7990
13613546,-19.8042
13615113,-19.8095
13616681,-19.8147
13618248,-19.8200
13619816,-19.8252
13621385,-19.8305
13622953,-19.8357
13624521,-19.8409
13626090,-19.8462
13627659,-19.8514
13629228,-19.8567
13630797,-19.8619
13632367,-19.8671
13633936,-19.8724
13635506,-19.8776
13637076,-19.8828
13638646,-19.8880
13640216,-19.8933
13641787,-19.8985
13643357,-19.9037
13644928,-19.9090
13646499,-19.9142
13648070,-19.9194
13649642,-19.9246
13651213,-19.9299
13652785,-19.9351
13654357,-19.9403
13655929,-19.9455
13657501,-19.9507
13659074,-19.9560
13660647,-19.9612
13662219,-19.9664
13663792,-19.9716
13665366,-19.9768
13666939,-19.9820
13668513,-19.9872
13670086,-19.9925
13671660,-19.9977
13673234,-20.0029
13674809,-20.0081
13676383,-20.0133
13677958,-20.0185
13679532,-20.0237
13681107,-20.0289
13682683,-20.0341
13684258,-20.0393
13685834,-20.0445
13687409,-20.0497
13688985,-20.0549
13690561,-20.0601
13692138,-20.0653
13693714,-20.0705
13695291,-20.0757
13696868,-20.0809
13698445,-20.0861
13700022,-20.0913
13701599,-20.0965
13703177,-20.1017
13704754,-20.1069
13706332,-20.1121
13707910,-20.1172
13709489,-20.1224
13711067,-20.1276
13712646,-20.1328
13714225,-20.1380
13715804,-20.1432
13717383,-20.1484
13718962,-20.1535
13720542,-20.1587
13722121,-20.1639
13723701,-20.1691
13725281,-20.1743
13726862,-20.1794
13728442,-20.1846
13730023,-20.1898
13731604,-20.1950
13733185,-20.2001
13734766,-20.2053
13736347,-20.2105
13737929,-20.2157
13739510,-20.2208
13741092,-20.2260
13742674,-20.2312
13744257,-20.2363
13745839,-20.2415
13747422,-20.2467
13749005,-20.2518
13750588,-20.2570
13752171,-20.2622
13753754,-20.2673
13755338,-20.2725
13756921,-20.2777
13758505,-20.2828
13760089,-20.2880
13761674,-20.2931
13763258,-20.2983
13764843,-20.3034
13766428,-20.3086
13768013,-20.3138
13769598,-20.3189
13771183,-20.3241
13772769,-20.3292
13774354,-20.3344
13775940,-20.3395
13777526,-20.3447
13779113,-20.3498
13780699,-20.3550
13782286,-20.3601
13783873,-20.3653
13785460,-20.3704
13787047,-20.3755
13788634,-20.3807
13790222,-20.3858
13791810,-20.3910
13793398,-20.3961
13794986,-20.4012
13796574,-20.4064
13798162,-20.4115
13799751,-20.4167
13801340,-20.4218
13802929,-20.4269
13804518,-20.4321
13806108,-20.4372
13807697,-20.4423
13809287,-20.4475
13810877,-20.4526
13812467,-20.4577
13814057,-20.4628
13815648,-20.4680
13817239,-20.4731
13818829,-20.4782
13820420,-20.4834
13822012,-20.4885
13823603,-20.4936
13825195,-20.4987
13826786,-20.5038
13828378,-20.5090
13829971,-20.5141
13831563,-20.5192
13833155,-20.5243
13834748,-20.5294
13836341,-20.5346
13837934,-20.5397
13839527,-20.5448
13841121,-20.5499
13842714,-20.5550
13844308,-20.5601
13845902,-20.5652
13847496,-20.5703
13849091,-20.5755
13850685,-20.5806
13852280,-20.5857
13853875,-20.5908
13855470,-20.5959
13857065,-20.6010
13858660,-20.6061
13860256,-20.6112
13861852,-20.6163
13863448,-20.6214
13865044,-20.6265
13866640,-20.6316
13868237,-20.6367
13869834,-20.6418
13871431,-20.6469
13873028,-20.6520
13874625,-20.6571
13876222,-20.6622
13877820,-20.6673
13879418,-20.6724
13881016,-20.6775
13882614,-20.6826
13884213,-20.6876
13885811,-20.6927
13887410,-20.6978
13889009,-20.7029
13890608,-20.7080
13892207,-20.7131
13893807,-20.7182
13895406,-20.7233
13897006,-20.7283
13898606,-20.7334
13900207,-20.7385
13901807,-20.7436
13903408,-20.7487
13905008,-20.7537
13906609,-20.7588
13908210,-20.7639
13909812,-20.7690
13911413,-20.7740
13913015,-20.7791
13914617,-20.7842
13916219,-20.7893
13917821,-20.7943
13919424,-20.7994
13921026,-20.8045
13922629,-20.8096
13924232,-20.8146
13925835,-20.8197
13927439,-20.8248
13929042,-20.8298
13930646,-20.8349
13932250,-20.8400
13933854,-20.8450
13935458,-20.8501
13937063,-20.8551
13938667,-20.8602
13940272,-20.8653
13941877,-20.8703
13943482,-20.8754
13945088,-20.8804
13946693,-20.8855
13948299,-20.8906
13949905,-20.8956
13951511,-20.9007
13953118,-20.9057
13954724,-20.9108
13956331,-20.9158
13957938,-20.9209
13959545,-20.9259
13961152,-20.9310
13962759,-20.9360
13964367,-20.9411
13965975,-20.9461
13967583,-20.9512
13969191,-20.9562
13970799,-20.9613
13972408,-20.9663
13974017,-20.9714
13975626,-20.9764
13977235,-20.9814
13978844,-20.9865
13980453,-20.9915
13982063,-20.9966
13983673,-21.0016
13985283,-21.0066
13986893,-21.0117
13988503,-21.0167
13990114,-21.0217
13991725,-21.0268
13993336,-21.0318
13994947,-21.0368
13996558,-21.0419
13998170,-21.0469
13999781,-21.0519
14001393,-21.0570
14003005,-21.0620
14004618,-21.0670
14006230,-21.0720
14007843,-21.0771
14009455,-21.0821
14011068,-21.0871
14012682,-21.0921
14014295,-21.0972
14015909,-21.1022
14017522,-21.1072
14019136,-21.1122
14020750,-21.1172
14022365,-21.1223
14023979,-21.1273
14025594,-21.1323
14027209,-21.1373
14028824,-21.1423
14030439,-21.1473
14032054,-21.1524
14033670,-21.1574
14035286,-21.1624
14036902,-21.1674
14038518,-21.1724
14040134,-21.1774
14041751,-21.1824
14043367,-21.1874
14044984,-21.1924
14046601,-21.1975
14048219,-21.2025
14049836,-21.2075
14051454,-21.2125
14053071,-21.2175
14054689,-21.2225
14056308,-21.2275
14057926,-21.2325
14059545,-21.2375
14061163,-21.2425
14062782,-21.2475
14064401,-21.2525
14066021,-21.2575
14067640,-21.2625
14069260,-21.2675
14070880,-21.2725
14072500,-21.2774
14074120,-21.2824
14075741,-21.2874
14077361,-21.2924
14078982,-21.2974
14080603,-21.3024
14082224,-21.3074
14083846,-21.3124
14085467,-21.3174
14087089,-21.3224
14088711,-21.3273
14090333,-21.3323
14091955,-21.3373
14093578,-21.3423
14095200,-21.3473
14096823,-21.3523
14098446,-21.3572
14100070,-21.3622
14101693,-21.3672
14103317,-21.3722
14104940,-21.3772
14106564,-21.3821
14108189,-21.3871
14109813,-21.3921
14111437,-21.3971
14113062,-21.4020
14114687,-21.4070
14116312,-21.4120
14117937,-21.4169
14119563,-21.4219
14121189,-21.4269
14122814,-21.4319
14124441,-21.4368
14126067,-21.4418
14127693,-21.4468
14129320,-21.4517
14130947,-21.4567
14132574,-21.4617
14134201,-21.4666
14135828,-21.4716
14137456,-21.4765
14139083,-21.4815
14140711,-21.4865
14142339,-21.4914
14143968,-21.4964
14145596,-21.5013
14147225,-21.5063
14148854,-21.5113
14150483,-21.5162
14152112,-21.5212
14153741,-21.5261
14155371,-21.5311
14157001,-21.5360
14158631,-21.5410
14160261,-21.5459
14161891,-21.5509
14163522,-21.5558
14165153,-21.5608
14166783,-21.5657
14168415,-21.5707
14170046,-21.5756
14171677,-21.5806
14173309,-21.5855
14174941,-21.5905
14176573,-21.5954
14178205,-21.6003
14179838,-21.6053
14181470,-21.6102
14183103,-21.6152
14184736,-21.6201
14186369,-21.6251
14188002,-21.6300
14189636,-21.6349
14191270,-21.6399
14192904,-21.6448
14194538,-21.6497
14196172,-21.6547
14197807,-21.6596
14199441,-21.6645
14201076,-21.6695
14202711,-21.6744
14204346,-21.6793
14205982,-21.6843
14207617,-21.6892
14209253,-21.6941
14210889,-21.6990
14212525,-21.7040
14214162,-21.7089
14215798,-21.7138
14217435,-21.7188
14219072,-21.7237
14220709,-21.7286
14222346,-21.7335
14223984,-21.7384
14225622,-21.7434
14227260,-21.7483
14228898,-21.7532
14230536,-21.7581
14232174,-21.7630
14233813,-21.7680
14235452,-21.7729
14237091,-21.7778
14238730,-21.7827
14240369,-21.7876
14242009,-21.7925
14243649,-21.7974
14245289,-21.8024
14246929,-21.8073
14248569,-21.8122
14250210,-21.8171
14251850,-21.8220
14253491,-21.8269
14255132,-21.8318
14256774,-21.8367
14258415,-21.8416
14260057,-21.8465
14261699,-21.8514
14263341,-21.8563
14264983,-21.8612
14266625,-21.8661
14268268,-21.8710
14269911,-21.8759
14271554,-21.8808
14273197,-21.8857
14274840,-21.8906
14276484,-21.8955
14278127,-21.9004
14279771,-21.9053
14281416,-21.9102
14283060,-21.9151
14284704,-21.9200
14286349,-21.9249
14287994,-21.9298
14289639,-21.9347
14291284,-21.9396
14292930,-21.9445
14294575,-21.9494
14296221,-21.9543
14297867,-21.9591
14299513,-21.9640
14301160,-21.9689
14302806,-21.9738
14304453,-21.9787
14306100,-21.9836
14307747,-21.9885
14309394,-21.9933
14311042,-21.9982
14312690,-22.0031
14314338,-22.0080
14315986,-22.0129
14317634,-22.0177
14319282,-22.0226
14320931,-22.0275
14322580,-22.0324
14324229,-22.0373
14325878,-22.0421
14327528,-22.0470
14329177,-22.0519
14330827,-22.0568
14332477,-22.0616
14334127,-22.0665
14335778,-22.0714
14337428,-22.0762
14339079,-22.0811
14340730,-22.0860
14342381,-22.0908
14344032,-22.0957
14345684,-22.1006
14347336,-22.1054
14348987,-22.1103
14350639,-22.1152
14352292,-22.1200
14353944,-22.1249
14355597,-22.1298
14357250,-22.1346
14358903,-22.1395
14360556,-22.1444
14362209,-22.1492
14363863,-22.1541
14365517,-22.1589
14367171,-22.1638
14368825,-22.1686
14370479,-22.1735
14372134,-22.1784
14373789,-22.1832
14375444,-22.1881
14377099,-22.1929
14378754,-22.1978
14380410,-22.2026
14382065,-22.2075
14383721,-22.2123
14385377,-22.2172
14387033,-22.2220
14388690,-22.2269
14390347,-22.2317
14392003,-22.2366
14393660,-22.2414
14395318,-22.2463
14396975,-22.2511
14398633,-22.2560
14400291,-22.2608
14401949,-22.2656
14403607,-22.2705
14405265,-22.2753
14406924,-22.2802
14408582,-22.2850
14410241,-22.2898
14411900,-22.2947
14413560,-22.2995
14415219,-22.3044
14416879,-22.3092
14418539,-22.3140
14420199,-22.3189
14421859,-22.3237
14423520,-22.3285
14425180,-22.3334
14426841,-22.3382
14428502,-22.3430
14430164,-22.3479
14431825,-22.3527
14433487,-22.3575
14435148,-22.3623
14436810,-22.3672
14438473,-22.3720
14440135,-22.3768
14441798,-22.3817
14443460,-22.3865
14445123,-22.3913
14446787,-22.3961
14448450,-22.4010
14450113,-22.4058
14451777,-22.4106
14453441,-22.4154
14455105,-22.4202
14456769,-22.4251
14458434,-22.4299
14460099,-22.4347
14461763,-22.4395
14463429,-22.4443
14465094,-22.4491
14466759,-22.4540
14468425,-22.4588
14470091,-22.4636
14471757,-22.4684
14473423,-22.4732
14475089,-22.4780
14476756,-22.4828
14478423,-22.4877
14480090,-22.4925
14481757,-22.4973
14483424,-22.5021
14485092,-22.5069
14486760,-22.5117
14488428,-22.5165
14490096,-22.5213
14491764,-22.5261
14493433,-22.5309
14495101,-22.5357
14496770,-22.5405
14498439,-22.5453
14500109,-22.5501
14501778,-22.5549
14503448,-22.5597
14505118,-22.5645
14506788,-22.5693
14508458,-22.5741
14510128,-22.5789
14511799,-22.5837
14513470,-22.5885
14515141,-22.5933
14516812,-22.5981
14518483,-22.6029
14520155,-22.6077
14521827,-22.6125
14523499,-22.6173
14525171,-22.6221
14526843,-22.6269
14528516,-22.6317
14530189,-22.6364
14531862,-22.6412
14533535,-22.6460
14535208,-22.6508
14536882,-22.6556
14538555,-22.6604
14540229,-22.6652
14541903,-22.6700
14543578,-22.6747
14545252,-22.6795
14546927,-22.6843
14548602,-22.6891
14550277,-22.6939
14551952,-22.6986
14553627,-22.7034
14555303,-22.7082
14556979,-22.7130
14558655,-22.7178
14560331,-22.7225
14562008,-22.7273
14563684,-22.7321
14565361,-22.7369
14567038,-22.7416
14568715,-22.7464
14570393,-22.7512
14572070,-22.7560
14573748,-22.7607
14575426,-22.7655
14577104,-22.7703
14578782,-22.7751
14580461,-22.7798
14582140,-22.7846
14583819,-22.7894
14585498,-22.7941
14587177,-22.7989
14588857,-22.8037
14590536,-22.8084
14592216,-22.8132
14593896,-22.8180
14595577,-22.8227
14597257,-22.8275
14598938,-22.8322
14600619,-22.8370
14602300,-22.8418
14603981,-22.8465
14605662,-22.8513
14607344,-22.8560
14609026,-22.8608
14610708,-22.8656
14612390,-22.8703
14614072,-22.8751
14615755,-22.8798
14617438,-22.8846
14619121,-22.8893
14620804,-22.8941
14622487,-22.8988
14624171,-22.9036
14625855,-22.9083
14627539,-22.9131
14629223,-22.9178
14630907,-22.9226
14632592,-22.9273
14634276,-22.9321
14635961,-22.9368
14637647,-22.9416
14639332,-22.9463
14641017,-22.9511
14642703,-22.9558
14644389,-22.9606
14646075,-22.9653
14647761,-22.9701
14649448,-22.9748
14651134,-22.9795
14652821,-22.9843
14654508,-22.9890
14656196,-22.9938
14657883,-22.9985
14659571,-23.0032
14661259,-23.0080
14662947,-23.0127
14664635,-23.0175
14666323,-23.0222
14668012,-23.0269
14669701,-23.0317
14671390,-23.0364
14673079,-23.0411
14674768,-23.0459
14676458,-23.0506
14678148,-23.0553
14679838,-23.0601
14681528,-23.0648
14683218,-23.0695
14684909,-23.0742
14686600,-23.0790
14688291,-23.0837
14689982,-23.0884
14691673,-23.0932
14693365,-23.0979
14695056,-23.1026
14696748,-23.1073
14698440,-23.1121
14700133,-23.1168
14701825,-23.1215
14703518,-23.1262
14705211,-23.1309
14706904,-23.1357
14708597,-23.1404
14710291,-23.1451
14711984,-23.1498
14713678,-23.1545
14715372,-23.1593
14717067,-23.1640
14718761,-23.1687
14720456,-23.1734
14722151,-23.1781
14723846,-23.1828
14725541,-23.1875
14727236,-23.1923
14728932,-23.1970
14730628,-23.2017
14732324,-23.2064
14734020,-23.2111
14735716,-23.2158
14737413,-23.2205
14739110,-23.2252
14740807,-23.2299
14742504,-23.2346
14744201,-23.2394
14745899,-23.2441
14747597,-23.2488
14749295,-23.2535
14750993,-23.2582
14752691,-23.2629
14754390,-23.2676
14756089,-23.2723
14757788,-23.2770
14759487,-23.2817
14761186,-23.2864
14762886,-23.2911
14764585,-23.2958
14766285,-23.3005
14767985,-23.3052
14769686,-23.3099
14771386,-23.3146
14773087,-23.3193
14774788,-23.3240
14776489,-23.3287
14778190,-23.3334
14779892,-23.3380
14781593,-23.3427
14783295,-23.3474
14784997,-23.3521
14786700,-23.3568
14788402,-23.3615
14790105,-23.3662
14791808,-23.3709
14793511,-23.3756
14795214,-23.3803
14796918,-23.3849
14798621,-23.3896
14800325,-23.3943
14802029,-23.3990
14803733,-23.4037
14805438,-23.4084
14807142,-23.4131
14808847,-23.4177
14810552,-23.4224
14812258,-23.4271
14813963,-23.4318
14815669,-23.4365
14817374,-23.4411
14819080,-23.4458
14820787,-23.4505
14822493,-23.4552
14824200,-23.4599
14825906,-23.4645
14827613,-23.4692
14829321,-23.4739
14831028,-23.4786
14832736,-23.4832
14834443,-23.4879
14836151,-23.4926
14837860,-23.4973
14839568,-23.5019
14841276,-23.5066
14842985,-23.5113
14844694,-23.5159
14846403,-23.5206
14848113,-23.5253
14849822,-23.5299
14851532,-23.5346
14853242,-23.5393
14854952,-23.5439
14856662,-23.5486
14858373,-23.5533
14860084,-23.5579
14861795,-23.5626
14863506,-23.5673
14865217,-23.5719
14866929,-23.5766
14868640,-23.5813
14870352,-23.5859
14872064,-23.5906
14873777,-23.5952
14875489,-23.5999
14877202,-23.6046
14878915,-23.6092
14880628,-23.6139
14882341,-23.6185
14884055,-23.6232
14885768,-23.6278
14887482,-23.6325
14889196,-23.6371
14890911,-23.6418
14892625,-23.6465
14894340,-23.6511
14896055,-23.6558
14897770,-23.6604
14899485,-23.6651
14901200,-23.6697
14902916,-23.6744
14904632,-23.6790
14906348,-23.6837
14908064,-23.6883
14909781,-23.6930
14911497,-23.6976
14913214,-23.7022
14914931,-23.7069
14916648,-23.7115
14918366,-23.7162
14920084,-23.7208
14921801,-23.7255
14923519,-23.7301
14925238,-23.7347
14926956,-23.7394
14928675,-23.7440
14930394,-23.7487
14932113,-23.7533
14933832,-23.7579
14935551,-23.7626
14937271,-23.7672
14938991,-23.7719
14940711,-23.7765
14942431,-23.7811
14944151,-23.7858
14945872,-23.7904
14947593,-23.7950
14949314,-23.7997
14951035,-23.8043
14952756,-23.8089
14954478,-23.8136
14956200,-23.8182
14957922,-23.8228
14959644,-23.8275
14961366,-23.8321
14963089,-23.8367
14964812,-23.8413
14966535,-23.8460
14968258,-23.8506
14969981,-23.8552
14971705,-23.8599
14973429,-23.8645
14975153,-23.8691
14976877,-23.8737
14978601,-23.8783
14980326,-23.8830
14982050,-23.8876
14983775,-23.8922
14985501,-23.8968
14987226,-23.9015
14988952,-23.9061
14990677,-23.9107
14992403,-23.9153
14994129,-23.9199
14995856,-23.9245
14997582,-23.9292
14999309,-23.9338
15001036,-23.9384
15002763,-23.9430
15004491,-23.9476
15006218,-23.9522
15007946,-23.9569
15009674,-23.9615
15011402,-23.9661
15013130,-23.9707
15014859,-23.9753
15016588,-23.9799
15018317,-23.9845
15020046,-23.9891
15021775,-23.9937
15023505,-23.9984
15025234,-24.0030
15026964,-24.0076
15028694,-24.0122
15030425,-24.0168
15032155,-24.0214
15033886,-24.0260
15035617,-24.0306
15037348,-24.0352
15039079,-24.0398
15040811,-24.0444
15042543,-24.0490
15044275,-24.0536
15046007,-24.0582
15047739,-24.0628
15049472,-24.0674
15051204,-24.0720
15052937,-24.0766
15054671,-24.0812
15056404,-24.0858
15058137,-24.0904
15059871,-24.0950
15061605,-24.0996
15063339,-24.1042
15065073,-24.1088
15066808,-24.1134
15068543,-24.1180
15070278,-24.1226
15072013,-24.1271
15073748,-24.1317
15075484,-24.1363
15077219,-24.1409
15078955,-24.1455
15080691,-24.1501
15082428,-24.1547
15084164,-24.1593
15085901,-24.1639
15087638,-24.1685
15089375,-24.1730
15091112,-24.1776
15092850,-24.1822
15094588,-24.1868
15096326,-24.1914
15098064,-24.1960
15099802,-24.2005
15101541,-24.2051
15103279,-24.2097
15105018,-24.2143
15106757,-24.2189
15108497,-24.2235
15110236,-24.2280
15111976,-24.2326
15113716,-24.2372
15115456,-24.2418
15117196,-24.2463
15118937,-24.2509
15120678,-24.2555
15122419,-24.2601
15124160,-24.2646
15125901,-24.2692
15127643,-24.2738
15129384,-24.2784
15131126,-24.2829
15132868,-24.2875
15134611,-24.2921
15136353,-24.2967
15138096,-24.3012
15139839,-24.3058
15141582,-24.3104
15143325,-24.3149
15145069,-24.3195
15146813,-24.3241
15148557,-24.3286
15150301,-24.3332
15152045,-24.3378
15153790,-24.3423
15155534,-24.3469
15157279,-24.3515
15159024,-24.3560
15160770,-24.3606
15162515,-24.3652
15164261,-24.3697
15166007,-24.3743
15167753,-24.3788
15169500,-24.3834
15171246,-24.3880
15172993,-24.3925
15174740,-24.3971
15176487,-24.4016
15178234,-24.4062
15179982,-24.4108
15181730,-24.4153
15183478,-24.4199
15185226,-24.4244
15186974,-24.4290
15188723,-24.4335
15190472,-24.4381
15192220,-24.4426
15193970,-24.4472
15195719,-24.4518
15197469,-24.4563
15199218,-24.4609
15200968,-24.4654
15202719,-24.4700
15204469,-24.4745
15206219,-24.4791
15207970,-24.4836
15209721,-24.4881
15211472,-24.4927
15213224,-24.4972
15214975,-24.5018
15216727,-24.5063
15218479,-24.5109
15220231,-24.5154
15221984,-24.5200
15223736,-24.5245
15225489,-24.5291
15227242,-24.5336
15228995,-24.5381
15230749,-24.5427
15232502,-24.5472
15234256,-24.5518
15236010,-24.5563
15237764,-24.5608
15239519,-24.5654
15241273,-24.5699
15243028,-24.5745
15244783,-24.5790
15246538,-24.5835
15248294,-24.5881
15250050,-24.5926
15251805,-24.5971
15253561,-24.6017
15255318,-24.6062
15257074,-24.6107
15258831,-24.6153
15260588,-24.6198
15262345,-24.6243
15264102,-24.6289
15265859,-24.6334
15267617,-24.6379
15269375,-24.6425
15271133,-24.6470
15272891,-24.6515
15274650,-24.6560
15276408,-24.6606
15278167,-24.6651
15279926,-24.6696
15281685,-24.6742
15283445,-24.6787
15285205,-24.6832
15286964,-24.6877
15288724,-24.6922
15290485,-24.6968
15292245,-24.7013
15294006,-24.7058
15295767,-24.7103
15297528,-24.7149
15299289,-24.7194
15301051,-24.7239
15302812,-24.7284
15304574,-24.7329
15306336,-24.7375
15308099,-24.7420
15309861,-24.7465
15311624,-24.7510
15313387,-24.7555
15315150,-24.7600
15316913,-24.7646
15318677,-24.7691
15320441,-24.7736
15322205,-24.7781
15323969,-24.7826
15325733,-24.7871
15327498,-24.7916
15329262,-24.7961
15331027,-24.8007
15332792,-24.8052
15334558,-24.8097
15336323,-24.8142
15338089,-24.8187
15339855,-24.8232
15341621,-24.8277
15343388,-24.8322
15345154,-24.8367
15346921,-24.8412
15348688,-24.8457
15350455,-24.8502
15352222,-24.8547
15353990,-24.8593
15355758,-24.8638
15357526,-24.8683
15359294,-24.8728
15361062,-24.8773
15362831,-24.8818
15364600,-24.8863
15366369,-24.8908
15368138,-24.8953
15369908,-24.8998
15371677,-24.9043
15373447,-24.9088
15375217,-24.9133
15376987,-24.9178
15378758,-24.9223
15380528,-24.9268
15382299,-24.9312
15384070,-24.9357
15385842,-24.9402
15387613,-24.9447
15389385,-24.9492
15391157,-24.9537
15392929,-24.9582
15394701,-24.9627
15396473,-24.9672
15398246,-24.9717
15400019,-24.9762
15401792,-24.9807
15403565,-24.9852
15405339,-24.9896
15407113,-24.9941
15408886,-24.9986
15410661,-25.0031
15412435,-25.0076
15414209,-25.0121
15415984,-25.0166
15417759,-25.0211
15419534,-25.0255
15421310,-25.0300
15423085,-25.0345
15424861,-25.0390
15426637,-25.0435
15428413,-25.0480
15430189,-25.0524
15431966,-25.0569
15433743,-25.0614
15435520,-25.0659
15437297,-25.0704
15439074,-25.0748
15440852,-25.0793
15442630,-25.0838
15444408,-25.0883
15446186,-25.0927
15447964,-25.0972
15449743,-25.1017
15451522,-25.1062
15453301,-25.1106
15455080,-25.1151
15456859,-25.1196
15458639,-25.1241
15460419,-25.1285
15462199,-25.1330
15463979,-25.1375
15465760,-25.1420
15467540,-25.1464
15469321,-25.1509
15471102,-25.1554
15472883,-25.1598
15474665,-25.1643
15476447,-25.1688
15478229,-25.1732
15480011,-25.1777
15481793,-25.1822
15483575,-25.1866
15485358,-25.1911
15487141,-25.1956
15488924,-25.2000
15490708,-25.2045
15492491,-25.2090
15494275,-25.2134
15496059,-25.2179
15497843,-25.2224
15499627,-25.2268
15501412,-25.2313
15503197,-25.2357
15504982,-25.2402
15506767,-25.2447
15508552,-25.2491
15510338,-25.2536
15512124,-25.2580
15513910,-25.2625
15515696,-25.2670
15517482,-25.2714
15519269,-25.2759
15521056,-25.2803
15522843,-25.2848
15524630,-25.2892
15526417,-25.2937
15528205,-25.2981
15529993,-25.3026
15531781,-25.3070
15533569,-25.3115
15535358,-25.3160
15537146,-25.3204
15538935,-25.3249
15540724,-25.3293
15542514,-25.3338
15544303,-25.3382
15546093,-25.3427
15547883,-25.3471
15549673,-25.3516
15551463,-25.3560
15553254,-25.3604
15555044,-25.3649
15556835,-25.3693
15558626,-25.3738
15560418,-25.3782
15562209,-25.3827
15564001,-25.3871
15565793,-25.3916
15567585,-25.3960
15569378,-25.4004
15571170,-25.4049
15572963,-25.4093
15574756,-25.4138
15576549,-25.4182
15578343,-25.4226
15580136,-25.4271
15581930,-25.4315
15583724,-25.4360
15585518,-25.4404
15587313,-25.4448
15589108,-25.4493
15590902,-25.4537
15592698,-25.4582
15594493,-25.4626
15596288,-25.4670
15598084,-25.4715
15599880,-25.4759
15601676,-25.4803
15603472,-25.4848
15605269,-25.4892
15607066,-25.4936
15608862,-25.4981
15610660,-25.5025
15612457,-25.5069
15614255,-25.5113
15616052,-25.5158
15617850,-25.5202
15619648,-25.5246
15621447,-25.5291
15623245,-25.5335
15625044,-25.5379
15626843,-25.5423
15628642,-25.5468
15630442,-25.5512
15632241,-25.5556
15634041,-25.5600
15635841,-25.5645
15637642,-25.5689
15639442,-25.5733
15641243,-25.5777
15643044,-25.5822
15644845,-25.5866
15646646,-25.5910
15648447,-25.5954
15650249,-25.5998
15652051,-25.6043
15653853,-25.6087
15655655,-25.6131
15657458,-25.6175
15659261,-25.6219
15661064,-25.6264
15662867,-25.6308
15664670,-25.6352
15666474,-25.6396
15668278,-25.6440
15670081,-25.6484
15671886,-25.6528
15673690,-25.6573
15675495,-25.6617
15677299,-25.6661
15679105,-25.6705
15680910,-25.6749
15682715,-25.6793
15684521,-25.6837
15686327,-25.6881
15688133,-25.6926
15689939,-25.6970
15691745,-25.7014
15693552,-25.7058
15695359,-25.7102
15697166,-25.7146
15698973,-25.7190
15700781,-25.7234
15702589,-25.7278
15704397,-25.7322
15706205,-25.7366
15708013,-25.7410
15709822,-25.7454
15711630,-25.7498
15713439,-25.7543
15715249,-25.7587
15717058,-25.7631
15718868,-25.7675
15720677,-25.7719
15722487,-25.7763
15724298,-25.7807
15726108,-25.7851
15727919,-25.7895
15729730,-25.7939
15731541,-25.7983
15733352,-25.8027
15735163,-25.8071
15736975,-25.8115
15738787,-25.8159
15740599,-25.8202
15742411,-25.8246
15744224,-25.8290
15746037,-25.8334
15747849,-25.8378
15749663,-25.8422
15751476,-25.8466
15753290,-25.8510
15755103,-25.8554
15756917,-25.8598
15758731,-25.8642
15760546,-25.8686
15762360,-25.8730
15764175,-25.8774
15765990,-25.8817
15767806,-25.8861
15769621,-25.8905
15771437,-25.8949
15773252,-25.8993
15775069,-25.9037
15776885,-25.9081
15778701,-25.9125
15780518,-25.9168
15782335,-25.9212
15784152,-25.9256
15785969,-25.9300
15787787,-25.9344
15789605,-25.9388
15791423,-25.9432
15793241,-25.9475
15795059,-25.9519
15796878,-25.9563
15798696,-25.9607
15800515,-25.9651
15802335,-25.9694
15804154,-25.9738
15805974,-25.9782
15807794,-25.9826
15809614,-25.9870
15811434,-25.9913
15813254,-25.9957
15815075,-26.0001
15816896,-26.0045
15818717,-26.0088
15820538,-26.0132
15822360,-26.0176
15824181,-26.0220
15826003,-26.0263
15827826,-26.0307
15829648,-26.0351
15831470,-26.0395
15833293,-26.0438
15835116,-26.0482
15836939,-26.0526
15838763,-26.0570
15840586,-26.0613
15842410,-26.0657
15844234,-26.0701
15846058,-26.0744
15847883,-26.0788
15849708,-26.0832
15851532,-26.0875
15853358,-26.0919
15855183,-26.0963
15857008,-26.1006
15858834,-26.1050
15860660,-26.1094
15862486,-26.1137
15864312,-26.1181
15866139,-26.1225
15867966,-26.1268
15869793,-26.1312
15871620,-26.1356
15873447,-26.1399
15875275,-26.1443
15877103,-26.1486
15878931,-26.1530
15880759,-26.1574
15882587,-26.1617
15884416,-26.1661
15886245,-26.1704
15888074,-26.1748
15889903,-26.1792
15891733,-26.1835
15893563,-26.1879
15895392,-26.1922
15897223,-26.1966
15899053,-26.2009
15900883,-26.2053
15902714,-26.2097
15904545,-26.2140
15906376,-26.2184
15908208,-26.2227
15910039,-26.2271
15911871,-26.2314
15913703,-26.2358
15915535,-26.2401
15917368,-26.2445
15919201,-26.2488
15921033,-26.2532
15922867,-26.2575
15924700,-26.2619
15926533,-26.2662
15928367,-26.2706
15930201,-26.2749
15932035,-26.2793
15933869,-26.2836
15935704,-26.2880
15937539,-26.2923
15939374,-26.2967
15941209,-26.3010
15943044,-26.3054
15944880,-26.3097
15946716,-26.3140
15948552,-26.3184
15950388,-26.3227
15952225,-26.3271
15954061,-26.3314
15955898,-26.3358
15957735,-26.3401
15959573,-26.3444
15961410,-26.3488
15963248,-26.3531
15965086,-26.3575
15966924,-26.3618
15968762,-26.3661
15970601,-26.3705
15972440,-26.3748
15974279,-26.3792
15976118,-26.3835
15977957,-26.3878
15979797,-26.3922
15981637,-26.3965
15983477,-26.4008
15985317,-26.4052
15987158,-26.4095
15988998,-26.4138
15990839,-26.4182
15992680,-26.4225
15994522,-26.4268
15996363,-26.4312
15998205,-26.4355
16000047,-26.4398
16001889,-26.4442
16003731,-26.4485
16005574,-26.4528
16007417,-26.4572
16009260,-26.4615
16011103,-26.4658
16012947,-26.4701
16014790,-26.4745
16016634,-26.4788
16018478,-26.4831
16020323,-26.4875
16022167,-26.4918
16024012,-26.4961
16025857,-26.5004
16027702,-26.5048
16029547,-26.5091
16031393,-26.5134
16033239,-26.5177
16035085,-26.5221
16036931,-26.5264
16038777,-26.5307
16040624,-26.5350
16042471,-26.5393
16044318,-26.5437
16046165,-26.5480
16048013,-26.5523
16049860,-26.5566
16051708,-26.5609
16053556,-26.5653
16055405,-26.5696
16057253,-26.5739
16059102,-26.5782
16060951,-26.5825
16062800,-26.5868
16064650,-26.5912
16066499,-26.5955
16068349,-26.5998
16070199,-26.6041
16072049,-26.6084
16073900,-26.6127
16075750,-26.6170
16077601,-26.6214
16079452,-26.6257
16081304,-26.6300
16083155,-26.6343
16085007,-26.6386
16086859,-26.6429
16088711,-26.6472
16090564,-26.6515
16092416,-26.6559
16094269,-26.6602
16096122,-26.6645
16097975,-26.6688
16099829,-26.6731
16101682,-26.6774
16103536,-26.6817
16105390,-26.6860
16107245,-26.6903
16109099,-26.6946
16110954,-26.6989
16112809,-26.7032
16114664,-26.7075
16116519,-26.7118
16118375,-26.7161
16120231,-26.7204
16122087,-26.7247
16123943,-26.7290
16125799,-26.7333
16127656,-26.7376
16129513,-26.7420
16131370,-26.7463
16133227,-26.7506
16135085,-26.7549
16136943,-26.7592
16138801,-26.7634
16140659,-26.7677
16142517,-26.7720
16144376,-26.7763
16146234,-26.7806
16148093,-26.7849
16149953,-26.7892
16151812,-26.7935
16153672,-26.7978
16155532,-26.8021
16157392,-26.8064
16159252,-26.8107
16161113,-26.8150
16162973,-26.8193
16164834,-26.8236
16166695,-26.8279
16168557,-26.8322
16170418,-26.8365
16172280,-26.8408
16174142,-26.8450
16176004,-26.8493
16177867,-26.8536
16179729,-26.8579
16181592,-26.8622
16183455,-26.8665
16185319,-26.8708
16187182,-26.8751
16189046,-26.8794
16190910,-26.8836
16192774,-26.8879
16194638,-26.8922
16196503,-26.8965
16198368,-26.9008
16200233,-26.9051
16202098,-26.9094
16203963,-26.9136
16205829,-26.9179
16207695,-26.9222
16209561,-26.9265
16211427,-26.9308
16213294,-26.9351
16215161,-26.9393
16217028,-26.9436
16218895,-26.9479
16220762,-26.9522
16222630,-26.9565
16224497,-26.9607
16226366,-26.9650
16228234,-26.9693
16230102,-26.9736
16231971,-26.9778
16233840,-26.9821
16235709,-26.9864
16237578,-26.9907
16239448,-26.9950
16241317,-26.9992
16243187,-27.0035
16245058,-27.0078
16246928,-27.0121
16248799,-27.0163
16250669,-27.0206
16252540,-27.0249
16254412,-27.0291
16256283,-27.0334
16258155,-27.0377
16260027,-27.0420
16261899,-27.0462
16263771,-27.0505
16265644,-27.0548
16267516,-27.0590
16269389,-27.0633
16271263,-27.0676
16273136,-27.0718
16275010,-27.0761
16276883,-27.0804
16278758,-27.0847
16280632,-27.0889
16282506,-27.0932
16284381,-27.0975
16286256,-27.1017
16288131,-27.1060
16290006,-27.1102
16291882,-27.1145
16293758,-27.1188
16295634,-27.1230
16297510,-27.1273
16299386,-27.1316
16301263,-27.1358
16303140,-27.1401
16305017,-27.1443
16306894,-27.1486
16308772,-27.1529
16310649,-27.1571
16312527,-27.1614
16314406,-27.1657
16316284,-27.1699
16318163,-27.1742
16320041,-27.1784
16321920,-27.1827
16323800,-27.1869
16325679,-27.1912
16327559,-27.1955
16329439,-27.1997
16331319,-27.2040
16333199,-27.2082
16335080,-27.2125
16336960,-27.2167
16338841,-27.2210
16340722,-27.2252
16342604,-27.2295
16344486,-27.2337
16346367,-27.2380
16348249,-27.2422
16350132,-27.2465
16352014,-27.2508
16353897,-27.2550
16355780,-27.2593
16357663,-27.2635
16359546,-27.2678
16361430,-27.2720
16363314,-27.2763
16365198,-27.2805
16367082,-27.2847
16368966,-27.2890
16370851,-27.2932
16372736,-27.2975
16374621,-27.3017
16376506,-27.3060
16378392,-27.3102
16380277,-27.3145
16382163,-27.3187
16384050,-27.3230
16385936,-27.3272
16387823,-27.3314
16389709,-27.3357
16391596,-27.3399
16393484,-27.3442
16395371,-27.3484
16397259,-27.3527
16399147,-27.3569
16401035,-27.3611
16402923,-27.3654
16404812,-27.3696
16406701,-27.3739
16408590,-27.3781
16410479,-27.3823
16412368,-27.3866
16414258,-27.3908
16416148,-27.3951
16418038,-27.3993
16419928,-27.4035
16421819,-27.4078
16423710,-27.4120
16425600,-27.4162
16427492,-27.4205
16429383,-27.4247
16431275,-27.4289
16433166,-27.4332
16435059,-27.4374
16436951,-27.4416
16438843,-27.4459
16440736,-27.4501
16442629,-27.4543
16444522,-27.4586
16446415,-27.4628
16448309,-27.4670
16450203,-27.4713
16452097,-27.4755
16453991,-27.4797
16455885,-27.4839
16457780,-27.4882
16459675,-27.4924
16461570,-27.4966
16463465,-27.5009
16465361,-27.5051
16467257,-27.5093
16469153,-27.5135
16471049,-27.5178
16472945,-27.5220
16474842,-27.5262
16476739,-27.5304
16478636,-27.5347
16480533,-27.5389
16482431,-27.5431
16484328,-27.5473
16486226,-27.5516
16488124,-27.5558
16490023,-27.5600
16491921,-27.5642
16493820,-27.5684
16495719,-27.5727
16497618,-27.5769
16499518,-27.5811
16501418,-27.5853
16503317,-27.5895
16505218,-27.5938
16507118,-27.5980
16509019,-27.6022
16510919,-27.6064
16512820,-27.6106
16514722,-27.6149
16516623,-27.6191
16518525,-27.6233
16520426,-27.6275
16522329,-27.6317
16524231,-27.6359
16526133,-27.6401
16528036,-27.6444
16529939,-27.6486
16531842,-27.6528
16533746,-27.6570
16535649,-27.6612
16537553,-27.6654
16539457,-27.6696
16541362,-27.6739
16543266,-27.6781
16545171,-27.6823
16547076,-27.6865
16548981,-27.6907
16550886,-27.6949
16552792,-27.6991
16554698,-27.7033
16556604,-27.7075
16558510,-27.7117
16560416,-27.7159
16562323,-27.7202
16564230,-27.7244
16566137,-27.7286
16568045,-27.7328
16569952,-27.7370
16571860,-27.7412
16573768,-27.7454
16575676,-27.7496
16577585,-27.7538
16579493,-27.7580
16581402,-27.7622
16583311,-27.7664
16585221,-27.7706
16587130,-27.7748
16589040,-27.7790
16590950,-27.7832
16592860,-27.7874
16594771,-27.7916
16596681,-27.7958
16598592,-27.8000
16600503,-27.8042
16602415,-27.8084
16604326,-27.8126
16606238,-27.8168
16608150,-27.8210
16610062,-27.8252
16611974,-27.8294
16613887,-27.8336
16615800,-27.8378
16617713,-27.8420
16619626,-27.8462
16621540,-27.8504
16623454,-27.8546
16625368,-27.8588
16627282,-27.8630
16629196,-27.8672
16631111,-27.8714
16633026,-27.8755
16634941,-27.8797
16636856,-27.8839
16638771,-27.8881
16640687,-27.8923
16642603,-27.8965
16644519,-27.9007
16646436,-27.9049
16648352,-27.9091
16650269,-27.9133
16652186,-27.9175
16654103,-27.9216
16656021,-27.9258
16657939,-27.9300
16659856,-27.9342
16661775,-27.9384
16663693,-27.9426
16665612,-27.9468
16667530,-27.9510
16669449,-27.9551
16671369,-27.9593
16673288,-27.9635
16675208,-27.9677
16677128,-27.9719
16679048,-27.9761
16680968,-27.9802
16682889,-27.9844
16684810,-27.9886
16686731,-27.9928
16688652,-27.9970
16690573,-28.0012
16692495,-28.0053
16694417,-28.0095
16696339,-28.0137
16698261,-28.0179
16700184,-28.0221
16702107,-28.0262
16704030,-28.0304
16705953,-28.0346
16707876,-28.0388
16709800,-28.0430
16711724,-28.0471
16713648,-28.0513
16715572,-28.0555
16717497,-28.0597
16719422,-28.0638
16721347,-28.0680
16723272,-28.0722
16725197,-28.0764
16727123,-28.0805
16729049,-28.0847
16730975,-28.0889
16732902,-28.0931
16734828,-28.0972
16736755,-28.1014
16738682,-28.1056
16740609,-28.1097
16742537,-28.1139
16744464,-28.1181
16746392,-28.1223
16748320,-28.1264
16750249,-28.1306
16752177,-28.1348
16754106,-28.1389
16756035,-28.1431
16757964,-28.1473
16759894,-28.1514
16761823,-28.1556
16763753,-28.1598
16765683,-28.1639
16767613,-28.1681
16769544,-28.1723
16771475,-28.1764
16773406,-28.1806
16775337,-28.1848
16777268,-28.1889
16779200,-28.1931
16781132,-28.1973
16783064,-28.2014
16784996,-28.2056
16786929,-28.2098
16788862,-28.2139
16790795,-28.2181
16792728,-28.2222
16794661,-28.2264
16796595,-28.2306
16798529,-28.2347
16800463,-28.2389
16802397,-28.2430
16804332,-28.2472
16806267,-28.2514
16808202,-28.2555
16810137,-28.2597
16812073,-28.2638
16814008,-28.2680
16815944,-28.2722
16817880,-28.2763
16819817,-28.2805
16821753,-28.2846
16823690,-28.2888
16825627,-28.2929
16827564,-28.2971
16829502,-28.3013
16831439,-28.3054
16833377,-28.3096
16835315,-28.3137
16837254,-28.3179
16839192,-28.3220
16841131,-28.3262
16843070,-28.3303
16845009,-28.3345
16846949,-28.3386
16848888,-28.3428
16850828,-28.3469
16852768,-28.3511
16854709,-28.3552
16856649,-28.3594
16858590,-28.3635
16860531,-28.3677
16862473,-28.3718
16864414,-28.3760
16866356,-28.3801
16868298,-28.3843
16870240,-28.3884
16872182,-28.3926
16874125,-28.3967
16876068,-28.4009
16878011,-28.4050
16879954,-28.4091
16881897,-28.4133
16883841,-28.4174
16885785,-28.4216
16887729,-28.4257
16889674,-28.4299
16891618,-28.4340
16893563,-28.4382
16895508,-28.4423
16897453,-28.4464
16899399,-28.4506
16901345,-28.4547
16903290,-28.4589
16905237,-28.4630
16907183,-28.4671
16909130,-28.4713
16911077,-28.4754
16913024,-28.4796
16914971,-28.4837
16916918,-28.4878
16918866,-28.4920
16920814,-28.4961
16922762,-28.5003
16924711,-28.5044
16926659,-28.5085
16928608,-28.5127
16930557,-28.5168
16932507,-28.5209
16934456,-28.5251
16936406,-28.5292
16938356,-28.5333
16940306,-28.5375
16942257,-28.5416
16944207,-28.5457
16946158,-28.5499
16948109,-28.5540
16950061,-28.5581
16952012,-28.5623
16953964,-28.5664
16955916,-28.5705
16957868,-28.5747
16959821,-28.5788
16961773,-28.5829
16963726,-28.5871
16965679,-28.5912
16967633,-28.5953
16969586,-28.5995
16971540,-28.6036
16973494,-28.6077
16975448,-28.6118
16977403,-28.6160
16979358,-28.6201
16981313,-28.6242
16983268,-28.6283
16985223,-28.6325
16987179,-28.6366
16989135,-28.6407
16991091,-28.6448
16993047,-28.6490
16995003,-28.6531
16996960,-28.6572
16998917,-28.6613
17000874,-28.6655
17002832,-28.6696
17004789,-28.6737
17006747,-28.6778
17008705,-28.6820
17010664,-28.6861
17012622,-28.6902
17014581,-28.6943
17016540,-28.6984
17018499,-28.7026
17020458,-28.7067
17022418,-28.7108
17024378,-28.7149
17026338,-28.7190
17028299,-28.7232
17030259,-28.7273
17032220,-28.7314
17034181,-28.7355
17036142,-28.7396
17038104,-28.7437
17040065,-28.7479
17042027,-28.7520
17043989,-28.7561
17045952,-28.7602
17047914,-28.7643
17049877,-28.7684
17051840,-28.7726
17053804,-28.7767
17055767,-28.7808
17057731,-28.7849
17059695,-28.7890
17061659,-28.7931
17063623,-28.7972
17065588,-28.8013
17067553,-28.8055
17069518,-28.8096
17071483,-28.8137
17073449,-28.8178
17075414,-28.8219
17077380,-28.8260
17079347,-28.8301
17081313,-28.8342
17083280,-28.8383
17085247,-28.8424
17087214,-28.8465
17089181,-28.8507
17091149,-28.8548
17093117,-28.8589
17095085,-28.8630
17097053,-28.8671
17099021,-28.8712
17100990,-28.8753
17102959,-28.8794
17104928,-28.8835
17106898,-28.8876
17108867,-28.8917
17110837,-28.8958
17112807,-28.8999
17114777,-28.9040
17116748,-28.9081
17118719,-28.9122
17120690,-28.9163
17122661,-28.9204
17124632,-28.9245
17126604,-28.9286
17128576,-28.9327
17130548,-28.9368
17132520,-28.9409
17134493,-28.9450
17136466,-28.9491
17138439,-28.9532
17140412,-28.9573
17142385,-28.9614
17144359,-28.9655
17146333,-28.9696
17148307,-28.9737
17150282,-28.9778
17152256,-28.9819
17154231,-28.9860
17156206,-28.9901
17158181,-28.9942
17160157,-28.9983
17162133,-29.0024
17164109,-29.0065
17166085,-29.0106
17168061,-29.0147
17170038,-29.0188
17172015,-29.0229
17173992,-29.0270
17175969,-29.0311
17177947,-29.0351
17179925,-29.0392
17181903,-29.0433
17183881,-29.0474
17185859,-29.0515
17187838,-29.0556
17189817,-29.0597
17191796,-29.0638
17193776,-29.0679
17195755,-29.0720
17197735,-29.0760
17199715,-29.0801
17201695,-29.0842
17203676,-29.0883
17205657,-29.0924
17207638,-29.0965
17209619,-29.1006
17211600,-29.1047
17213582,-29.1087
17215564,-29.1128
17217546,-29.1169
17219528,-29.1210
17221511,-29.1251
17223494,-29.1292
17225477,-29.1333
17227460,-29.1373
17229444,-29.1414
17231427,-29.1455
17233411,-29.1496
17235396,-29.1537
17237380,-29.1578
17239365,-29.1618
17241349,-29.1659
17243335,-29.1700
17245320,-29.1741
17247305,-29.1782
17249291,-29.1822
17251277,-29.1863
17253263,-29.1904
17255250,-29.1945
17257237,-29.1986
17259224,-29.2026
17261211,-29.2067
17263198,-29.2108
17265186,-29.2149
17267174,-29.2189
17269162,-29.2230
17271150,-29.2271
17273138,-29.2312
17275127,-29.2353
17277116,-29.2393
17279105,-29.2434
17281095,-29.2475
17283085,-29.2516
17285074,-29.2556
17287065,-29.2597
17289055,-29.2638
17291046,-29.2678
17293036,-29.2719
17295027,-29.2760
17297019,-29.2801
17299010,-29.2841
17301002,-29.2882
17302994,-29.2923
17304986,-29.2963
17306979,-29.3004
17308971,-29.3045
17310964,-29.3086
17312957,-29.3126
17314951,-29.3167
17316944,-29.3208
17318938,-29.3248
17320932,-29.3289
17322926,-29.3330
17324921,-29.3370
17326915,-29.3411
17328910,-29.3452
17330906,-29.3492
17332901,-29.3533
17334897,-29.3574
17336892,-29.3614
17338889,-29.3655
17340885,-29.3696
17342881,-29.3736
17344878,-29.3777
17346875,-29.3818
17348872,-29.3858
17350870,-29.3899
17352868,-29.3940
17354866,-29.3980
17356864,-29.4021
17358862,-29.4061
17360861,-29.4102
17362860,-29.4143
17364859,-29.4183
17366858,-29.4224
17368858,-29.4264
17370857,-29.4305
17372857,-29.4346
17374858,-29.4386
17376858,-29.4427
17378859,-29.4467
17380860,-29.4508
17382861,-29.4549
17384862,-29.4589
17386864,-29.4630
17388866,-29.4670
17390868,-29.4711
17392870,-29.4751
17394873,-29.4792
17396875,-29.4833
17398878,-29.4873
17400882,-29.4914
17402885,-29.4954
17404889,-29.4995
17406893,-29.5035
17408897,-29.5076
17410901,-29.5116
17412906,-29.5157
17414911,-29.5197
17416916,-29.5238
17418921,-29.5278
17420927,-29.5319
17422933,-29.5359
17424939,-29.5400
17426945,-29.5441
17428951,-29.5481
17430958,-29.5522
17432965,-29.5562
17434972,-29.5603
17436979,-29.5643
17438987,-29.5683
17440995,-29.5724
17443003,-29.5764
17445011,-29.5805
17447020,-29.5845
17449029,-29.5886
17451038,-29.5926
17453047,-29.5967
17455056,-29.6007
17457066,-29.6048
17459076,-29.6088
17461086,-29.6129
17463097,-29.6169
17465107,-29.6210
17467118,-29.6250
17469129,-29.6290
17471140,-29.6331
17473152,-29.6371
17475164,-29.6412
17477176,-29.6452
17479188,-29.6493
17481201,-29.6533
17483213,-29.6573
17485226,-29.6614
17487239,-29.6654
17489253,-29.6695
17491266,-29.6735
17493280,-29.6776
17495294,-29.6816
17497309,-29.6856
17499323,-29.6897
17501338,-29.6937
17503353,-29.6977
17505368,-29.7018
17507384,-29.7058
17509400,-29.7099
17511416,-29.7139
17513432,-29.7179
17515448,-29.7220
17517465,-29.7260
17519482,-29.7300
17521499,-29.7341
17523516,-29.7381
17525534,-29.7422
17527552,-29.7462
17529570,-29.7502
17531588,-29.7543
17533606,-29.7583
17535625,-29.7623
17537644,-29.7664
17539663,-29.7704
17541683,-29.7744
17543703,-29.7785
17545722,-29.7825
17547743,-29.7865
17549763,-29.7906
17551784,-29.7946
17553804,-29.7986
17555825,-29.8026
17557847,-29.8067
17559868,-29.8107
17561890,-29.8147
17563912,-29.8188
17565934,-29.8228
17567957,-29.8268
17569979,-29.8308
17572002,-29.8349
17574026,-29.8389
17576049,-29.8429
17578073,-29.8470
17580097,-29.8510
17582121,-29.8550
17584145,-29.8590
17586170,-29.8631
17588194,-29.8671
17590219,-29.8711
17592245,-29.8751
17594270,-29.8792
17596296,-29.8832
17598322,-29.8872
17600348,-29.8912
17602374,-29.8953
17604401,-29.8993
17606428,-29.9033
17608455,-29.9073
17610482,-29.9114
17612510,-29.9154
17614538,-29.9194
17616566,-29.9234
17618594,-29.9274
17620623,-29.9315
17622652,-29.9355
17624681,-29.9395
17626710,-29.9435
17628739,-29.9475
17630769,-29.9516
17632799,-29.9556
17634829,-29.9596
17636859,-29.9636
17638890,-29.9676
17640921,-29.9716
17642952,-29.9757
17644983,-29.9797
17647015,-29.9837
17649047,-29.9877
17651079,-29.9917
17653111,-29.9957
17655144,-29.9998
17657176,-30.0038
17659209,-30.0078
17661243,-30.0118
17663276,-30.0158
17665310,-30.0198
17667344,-30.0238
17669378,-30.0279
17671412,-30.0319
17673447,-30.0359
17675482,-30.0399
17677517,-30.0439
17679552,-30.0479
17681588,-30.0519
17683623,-30.0559
17685659,-30.0600
17687696,-30.0640
17689732,-30.0680
17691769,-30.0720
17693806,-30.0760
17695843,-30.0800
17697880,-30.0840
17699918,-30.0880
17701956,-30.0920
17703994,-30.0960
17706032,-30.1000
17708071,-30.1040
17710110,-30.1081
17712149,-30.1121
17714188,-30.1161
17716228,-30.1201
17718268,-30.1241
17720308,-30.1281
17722348,-30.1321
17724388,-30.1361
17726429,-30.1401
17728470,-30.1441
17730511,-30.1481
17732553,-30.1521
17734594,-30.1561
17736636,-30.1601
17738678,-30.1641
17740721,-30.1681
17742763,-30.1721
17744806,-30.1761
17746849,-30.1801
17748892,-30.1841
17750936,-30.1881
17752980,-30.1921
17755024,-30.1961
17757068,-30.2001
17759112,-30.2041
17761157,-30.2081
17763202,-30.2121
17765247,-30.2161
17767293,-30.2201
17769338,-30.2241
17771384,-30.2281
17773430,-30.2321
17775477,-30.2361
17777523,-30.2401
17779570,-30.2441
17781617,-30.2481
17783664,-30.2521
17785712,-30.2561
17787760,-30.2601
17789808,-30.2641
17791856,-30.2681
17793904,-30.2721
17795953,-30.2761
17798002,-30.2801
17800051,-30.2841
17802101,-30.2881
17804150,-30.2921
17806200,-30.2960
17808250,-30.3000
17810301,-30.3040
17812351,-30.3080
17814402,-30.3120
17816453,-30.3160
17818505,-30.3200
17820556,-30.3240
17822608,-30.3280
17824660,-30.3320
17826712,-30.3360
17828765,-30.3399
17830817,-30.3439
17832870,-30.3479
17834924,-30.3519
17836977,-30.3559
17839031,-30.3599
17841085,-30.3639
17843139,-30.3679
17845193,-30.3718
17847248,-30.3758
17849303,-30.3798
17851358,-30.3838
17853413,-30.3878
17855469,-30.3918
17857525,-30.3958
17859581,-30.3998
17861637,-30.4037
17863693,-30.4077
17865750,-30.4117
17867807,-30.4157
17869864,-30.4197
17871922,-30.4237
17873979,-30.4276
17876037,-30.4316
17878096,-30.4356
17880154,-30.4396
17882213,-30.4436
17884272,-30.4475
17886331,-30.4515
17888390,-30.4555
17890450,-30.4595
17892509,-30.4635
17894569,-30.4675
17896630,-30.4714
17898690,-30.4754
17900751,-30.4794
17902812,-30.4834
17904873,-30.4873
17906935,-30.4913
17908997,-30.4953
17911059,-30.4993
17913121,-30.5033
17915183,-30.5072
17917246,-30.5112
17919309,-30.5152
17921372,-30.5192
17923435,-30.5231
17925499,-30.5271
17927563,-30.5311
17929627,-30.5351
17931691,-30.5390
17933756,-30.5430
17935821,-30.5470
17937886,-30.5510
17939951,-30.5549
17942017,-30.5589
17944082,-30.5629
17946148,-30.5669
17948215,-30.5708
17950281,-30.5748
17952348,-30.5788
17954415,-30.5827
17956482,-30.5867
17958549,-30.5907
17960617,-30.5947
17962685,-30.5986
17964753,-30.6026
17966822,-30.6066
17968890,-30.6105
17970959,-30.6145
17973028,-30.6185
17975097,-30.6224
17977167,-30.6264
17979237,-30.6304
17981307,-30.6344
17983377,-30.6383
17985448,-30.6423
17987519,-30.6463
17989590,-30.6502
17991661,-30.6542
17993732,-30.6582
17995804,-30.6621
17997876,-30.6661
17999948,-30.6700
18002021,-30.6740
18004093,-30.6780
18006166,-30.6819
18008239,-30.6859
18010313,-30.6899
18012386,-30.6938
18014460,-30.6978
18016534,-30.7018
18018609,-30.7057
18020683,-30.7097
18022758,-30.7136
18024833,-30.7176
18026909,-30.7216
18028984,-30.7255
18031060,-30.7295
18033136,-30.7335
18035212,-30.7374
18037289,-30.7414
18039365,-30.7453
18041442,-30.7493
18043520,-30.7532
18045597,-30.7572
18047675,-30.7612
18049753,-30.7651
18051831,-30.7691
18053909,-30.7730
18055988,-30.7770
18058067,-30.7810
18060146,-30.7849
18062225,-30.7889
18064305,-30.7928
18066385,-30.7968
18068465,-30.8007
18070545,-30.8047
18072626,-30.8086
18074707,-30.8126
18076788,-30.8166
18078869,-30.8205
18080950,-30.8245
18083032,-30.8284
18085114,-30.8324
18087196,-30.8363
18089279,-30.8403
18091362,-30.8442
18093445,-30.8482
18095528,-30.8521
18097611,-30.8561
18099695,-30.8600
18101779,-30.8640
18103863,-30.8679
18105947,-30.8719
18108032,-30.8758
18110117,-30.8798
18112202,-30.8837
18114287,-30.8877
18116373,-30.8916
18118459,-30.8956
18120545,-30.8995
18122631,-30.9035
18124718,-30.9074
18126805,-30.9114
18128892,-30.9153
18130979,-30.9193
18133067,-30.9232
18135154,-30.9272
18137242,-30.9311
18139331,-30.9351
18141419,-30.9390
18143508,-30.9430
18145597,-30.9469
18147686,-30.9508
18149775,-30.9548
18151865,-30.9587
18153955,-30.9627
18156045,-30.9666
18158136,-30.9706
18160226,-30.9745
18162317,-30.9785
18164408,-30.9824
18166500,-30.9863
18168591,-30.9903
18170683,-30.9942
18172775,-30.9982
18174868,-31.0021
18176960,-31.0060
18179053,-31.0100
18181146,-31.0139
18183239,-31.0179
18185333,-31.0218
18187427,-31.0257
18189521,-31.0297
18191615,-31.0336
18193709,-31.0376
18195804,-31.0415
18197899,-31.0454
18199994,-31.0494
18202090,-31.0533
18204186,-31.0573
18206282,-31.0612
18208378,-31.0651
18210474,-31.0691
18212571,-31.0730
18214668,-31.0769
18216765,-31.0809
18218862,-31.0848
18220960,-31.0887
18223058,-31.0927
18225156,-31.0966
18227254,-31.1005
18229353,-31.1045
18231452,-31.1084
18233551,-31.1123
18235650,-31.1163
18237750,-31.1202
18239850,-31.1241
18241950,-31.1281
18244050,-31.1320
18246151,-31.1359
18248251,-31.1399
18250352,-31.1438
18252454,-31.1477
18254555,-31.1517
18256657,-31.1556
18258759,-31.1595
18260861,-31.1635
18262964,-31.1674
18265066,-31.1713
18267169,-31.1752
18269273,-31.1792
18271376,-31.1831
18273480,-31.1870
18275584,-31.1910
18277688,-31.1949
18279792,-31.1988
18281897,-31.2027
18284002,-31.2067
18286107,-31.2106
18288212,-31.2145
18290318,-31.2184
18292424,-31.2224
18294530,-31.2263
18296636,-31.2302
18298743,-31.2341
18300850,-31.2381
18302957,-31.2420
18305064,-31.2459
18307172,-31.2498
18309280,-31.2538
18311388,-31.2577
18313496,-31.2616
18315604,-31.2655
18317713,-31.2695
18319822,-31.2734
18321931,-31.2773
18324041,-31.2812
18326151,-31.2851
18328261,-31.2891
18330371,-31.2930
18332481,-31.2969
18334592,-31.3008
18336703,-31.3048
18338814,-31.3087
18340926,-31.3126
18343038,-31.3165
18345149,-31.3204
18347262,-31.3243
18349374,-31.3283
18351487,-31.3322
18353600,-31.3361
18355713,-31.3400
18357826,-31.3439
18359940,-31.3479
18362054,-31.3518
18364168,-31.3557
18366282,-31.3596
18368397,-31.3635
18370512,-31.3674
18372627,-31.3714
18374742,-31.3753
18376858,-31.3792
18378974,-31.3831
18381090,-31.3870
18383206,-31.3909
18385323,-31.3948
18387439,-31.3988
18389556,-31.4027
18391674,-31.4066
18393791,-31.4105
18395909,-31.4144
18398027,-31.4183
18400145,-31.4222
18402264,-31.4261
18404383,-31.4301
18406502,-31.4340
18408621,-31.4379
18410740,-31.4418
18412860,-31.4457
18414980,-31.4496
18417100,-31.4535
18419221,-31.4574
18421342,-31.4613
18423463,-31.4652
18425584,-31.4692
18427705,-31.4731
18429827,-31.4770
18431949,-31.4809
18434071,-31.4848
18436193,-31.4887
18438316,-31.4926
18440439,-31.4965
18442562,-31.5004
18444686,-31.5043
18446809,-31.5082
18448933,-31.5121
18451057,-31.5160
18453182,-31.5199
18455306,-31.5238
18457431,-31.5278
18459556,-31.5317
18461682,-31.5356
18463807,-31.5395
18465933,-31.5434
18468059,-31.5473
18470185,-31.5512
18472312,-31.5551
18474439,-31.5590
18476566,-31.5629
18478693,-31.5668
18480821,-31.5707
18482949,-31.5746
18485077,-31.5785
18487205,-31.5824
18489333,-31.5863
18491462,-31.5902
18493591,-31.5941
18495721,-31.5980
18497850,-31.6019
18499980,-31.6058
18502110,-31.6097
18504240,-31.6136
18506371,-31.6175
18508501,-31.6214
18510632,-31.6253
18512764,-31.6292
18514895,-31.6331
18517027,-31.6370
18519159,-31.6409
18521291,-31.6448
18523423,-31.6487
18525556,-31.6526
18527689,-31.6565
18529822,-31.6604
18531956,-31.6643
18534089,-31.6681
18536223,-31.6720
18538358,-31.6759
18540492,-31.6798
18542627,-31.6837
18544762,-31.6876
18546897,-31.6915
18549032,-31.6954
18551168,-31.6993
18553304,-31.7032
18555440,-31.7071
18557576,-31.7110
18559713,-31.7149
18561850,-31.7188
18563987,-31.7227
18566124,-31.7265
18568262,-31.7304
18570400,-31.7343
18572538,-31.7382
18574676,-31.7421
18576815,-31.7460
18578954,-31.7499
18581093,-31.7538
18583232,-31.7577
18585372,-31.7616
18587512,-31.7654
18589652,-31.7693
18591792,-31.7732
18593933,-31.7771
18596074,-31.7810
18598215,-31.7849
18600356,-31.7888
18602497,-31.7927
18604639,-31.7965
18606781,-31.8004
18608924,-31.8043
18611066,-31.8082
18613209,-31.8121
18615352,-31.8160
18617495,-31.8199
18619639,-31.8237
18621783,-31.8276
18623927,-31.8315
18626071,-31.8354
18628216,-31.8393
18630360,-31.8432
18632505,-31.8470
18634651,-31.8509
18636796,-31.8548
18638942,-31.8587
18641088,-31.8626
18643234,-31.8665
18645381,-31.8703
18647527,-31.8742
18649674,-31.8781
18651822,-31.8820
18653969,-31.8859
18656117,-31.8897
18658265,-31.8936
18660413,-31.8975
18662562,-31.9014
18664710,-31.9053
18666859,-31.9091
18669009,-31.9130
18671158,-31.9169
18673308,-31.9208
18675458,-31.9247
18677608,-31.9285
18679758,-31.9324
18681909,-31.9363
18684060,-31.9402
18686211,-31.9440
18688363,-31.9479
18690514,-31.9518
18692666,-31.9557
18694819,-31.9596
18696971,-31.9634
18699124,-31.9673
18701277,-31.9712
18703430,-31.9751
18705583,-31.9789
18707737,-31.9828
18709891,-31.9867
18712045,-31.9906
18714199,-31.9944
18716354,-31.9983
18718509,-32.0022
18720664,-32.0060
18722820,-32.0099
18724975,-32.0138
18727131,-32.0177
18729287,-32.0215
18731444,-32.0254
18733601,-32.0293
18735757,-32.0331
18737915,-32.0370
18740072,-32.0409
18742230,-32.0448
18744388,-32.0486
18746546,-32.0525
18748704,-32.0564
18750863,-32.0602
18753022,-32.0641
18755181,-32.0680
18757340,-32.0718
18759500,-32.0757
18761660,-32.0796
18763820,-32.0834
18765980,-32.0873
18768141,-32.0912
18770302,-32.0950
18772463,-32.0989
18774624,-32.1028
18776786,-32.1066
18778948,-32.1105
18781110,-32.1144
18783272,-32.1182
18785435,-32.1221
18787598,-32.1260
18789761,-32.1298
18791924,-32.1337
18794088,-32.1376
18796252,-32.1414
18798416,-32.1453
18800580,-32.1492
18802745,-32.1530
18804910,-32.1569
18807075,-32.1607
18809240,-32.1646
18811406,-32.1685
18813572,-32.1723
18815738,-32.1762
18817904,-32.1801
18820071,-32.1839
18822238,-32.1878
18824405,-32.1916
18826572,-32.1955
18828740,-32.1994
18830908,-32.2032
18833076,-32.2071
18835244,-32.2109
18837413,-32.2148
18839582,-32.2187
18841751,-32.2225
18843920,-32.2264
18846090,-32.2302
18848260,-32.2341
18850430,-32.2380
18852600,-32.2418
18854771,-32.2457
18856942,-32.2495
18859113,-32.2534
18861284,-32.2572
18863456,-32.2611
18865627,-32.2649
18867800,-32.2688
18869972,-32.2727
18872145,-32.2765
18874317,-32.2804
18876491,-32.2842
18878664,-32.2881
18880838,-32.2919
18883011,-32.2958
18885185,-32.2996
18887360,-32.3035
18889534,-32.3073
18891709,-32.3112
18893884,-32.3151
18896060,-32.3189
18898235,-32.3228
18900411,-32.3266
18902587,-32.3305
18904764,-32.3343
18906940,-32.3382
18909117,-32.3420
18911294,-32.3459
18913472,-32.3497
18915649,-32.3536
18917827,-32.3574
18920005,-32.3613
18922184,-32.3651
18924362,-32.3690
18926541,-32.3728
18928720,-32.3767
18930900,-32.3805
18933079,-32.3844
18935259,-32.3882
18937439,-32.3921
18939620,-32.3959
18941800,-32.3998
18943981,-32.4036
18946162,-32.4074
18948344,-32.4113
18950525,-32.4151
18952707,-32.4190
18954889,-32.4228
18957072,-32.4267
18959254,-32.4305
18961437,-32.4344
18963620,-32.4382
18965804,-32.4421
18967987,-32.4459
18970171,-32.4497
18972356,-32.4536
18974540,-32.4574
18976725,-32.4613
18978909,-32.4651
18981095,-32.4690
18983280,-32.4728
18985466,-32.4766
18987652,-32.4805
18989838,-32.4843
18992024,-32.4882
18994211,-32.4920
18996398,-32.4959
18998585,-32.4997
19000772,-32.5035
19002960,-32.5074
19005148,-32.5112
19007336,-32.5151
19009525,-32.5189
19011713,-32.5227
19013902,-32.5266
19016091,-32.5304
19018281,-32.5343
19020470,-32.5381
19022660,-32.5419
19024851,-32.5458
19027041,-32.5496
19029232,-32.5534
19031423,-32.5573
19033614,-32.5611
19035805,-32.5650
19037997,-32.5688
19040189,-32.5726
19042381,-32.5765
19044574,-32.5803
19046766,-32.5841
19048959,-32.5880
19051153,-32.5918
19053346,-32.5956
19055540,-32.5995
19057734,-32.6033
19059928,-32.6072
19062122,-32.6110
19064317,-32.6148
19066512,-32.6187
19068707,-32.6225
19070903,-32.6263
19073099,-32.6302
19075295,-32.6340
19077491,-32.6378
19079687,-32.6416
19081884,-32.6455
19084081,-32.6493
19086278,-32.6531
19088476,-32.6570
19090674,-32.6608
19092872,-32.6646
19095070,-32.6685
19097269,-32.6723
19099467,-32.6761
19101666,-32.6800
19103866,-32.6838
19106065,-32.6876
19108265,-32.6914
19110465,-32.6953
19112665,-32.6991
19114866,-32.7029
19117067,-32.7068
19119268,-32.7106
19121469,-32.7144
19123671,-32.7182
19125872,-32.7221
19128075,-32.7259
19130277,-32.7297
19132479,-32.7335
19134682,-32.7374
19136885,-32.7412
19139089,-32.7450
19141292,-32.7489
19143496,-32.7527
19145700,-32.7565
19147905,-32.7603
19150109,-32.7642
19152314,-32.7680
19154519,-32.7718
19156725,-32.7756
19158930,-32.7794
19161136,-32.7833
19163342,-32.7871
19165549,-32.7909
19167755,-32.7947
19169962,-32.7986
19172169,-32.8024
19174377,-32.8062
19176584,-32.8100
19178792,-32.8138
19181000,-32.8177
19183209,-32.8215
19185418,-32.8253
19187626,-32.8291
19189836,-32.8330
19192045,-32.8368
19194255,-32.8406
19196465,-32.8444
19198675,-32.8482
19200885,-32.8521
19203096,-32.8559
19205307,-32.8597
19207518,-32.8635
19209730,-32.8673
19211941,-32.8711
19214153,-32.8750
19216366,-32.8788
19218578,-32.8826
19220791,-32.8864
19223004,-32.8902
19225217,-32.8940
19227431,-32.8979
19229644,-32.9017
19231858,-32.9055
19234073,-32.9093
19236287,-32.9131
19238502,-32.9169
19240717,-32.9208
19242932,-32.9246
19245148,-32.9284
19247364,-32.9322
19249580,-32.9360
19251796,-32.9398
19254013,-32.9436
19256230,-32.9475
19258447,-32.9513
19260664,-32.9551
19262882,-32.9589
19265099,-32.9627
19267318,-32.9665
19269536,-32.9703
19271755,-32.9741
19273973,-32.9779
19276193,-32.9818
19278412,-32.9856
19280632,-32.9894
19282851,-32.9932
19285072,-32.9970
19287292,-33.0008
19289513,-33.0046
19291734,-33.0084
19293955,-33.0122
19296176,-33.0161
19298398,-33.0199
19300620,-33.0237
19302842,-33.0275
19305064,-33.0313
19307287,-33.0351
19309510,-33.0389
19311733,-33.0427
19313957,-33.0465
19316180,-33.0503
19318404,-33.0541
19320629,-33.0579
19322853,-33.0617
19325078,-33.0655
19327303,-33.0694
19329528,-33.0732
19331754,-33.0770
19333980,-33.0808
19336206,-33.0846
19338432,-33.0884
19340658,-33.0922
19342885,-33.0960
19345112,-33.0998
19347340,-33.1036
19349567,-33.1074
19351795,-33.1112
19354023,-33.1150
19356251,-33.1188
19358480,-33.1226
19360709,-33.1264
19362938,-33.1302
19365167,-33.1340
19367397,-33.1378
19369627,-33.1416
19371857,-33.1454
19374087,-33.1492
19376318,-33.1530
19378549,-33.1568
19380780,-33.1606
19383012,-33.1644
19385243,-33.1682
19387475,-33.1720
19389707,-33.1758
19391940,-33.1796
19394173,-33.1834
19396405,-33.1872
19398639,-33.1910
19400872,-33.1948
19403106,-33.1986
19405340,-33.2024
19407574,-33.2062
19409809,-33.2100
19412043,-33.2138
19414278,-33.2176
19416514,-33.2214
19418749,-33.2252
19420985,-33.2290
19423221,-33.2328
19425457,-33.2366
19427694,-33.2404
19429931,-33.2442
19432168,-33.2480
19434405,-33.2518
19436643,-33.2556
19438881,-33.2594
19441119,-33.2632
19443357,-33.2669
19445596,-33.2707
19447835,-33.2745
19450074,-33.2783
19452313,-33.2821
19454553,-33.2859
19456793,-33.2897
19459033,-33.2935
19461273,-33.2973
19463514,-33.3011
19465755,-33.3049
19467996,-33.3087
19470238,-33.3125
19472479,-33.3162
19474721,-33.3200
19476964,-33.3238
19479206,-33.3276
19481449,-33.3314
19483692,-33.3352
19485935,-33.3390
19488179,-33.3428
19490423,-33.3466
19492667,-33.3504
19494911,-33.3541
19497155,-33.3579
19499400,-33.3617
19501645,-33.3655
19503891,-33.3693
19506136,-33.3731
19508382,-33.3769
19510628,-33.3807
19512875,-33.3844
19515121,-33.3882
19517368,-33.3920
19519615,-33.3958
19521863,-33.3996
19524110,-33.4034
19526358,-33.4072
19528607,-33.4110
19530855,-33.4147
19533104,-33.4185
19535353,-33.4223
19537602,-33.4261
19539851,-33.4299
19542101,-33.4337
19544351,-33.4374
19546601,-33.4412
19548852,-33.4450
19551103,-33.4488
19553354,-33.4526
19555605,-33.4564
19557856,-33.4601
19560108,-33.4639
19562360,-33.4677
19564613,-33.4715
19566865,-33.4753
19569118,-33.4791
19571371,-33.4828
19573625,-33.4866
19575878,-33.4904
19578132,-33.4942
19580386,-33.4980
19582641,-33.5017
19584895,-33.5055
19587150,-33.5093
19589405,-33.5131
19591661,-33.5169
19593917,-33.5206
19596173,-33.5244
19598429,-33.5282
19600685,-33.5320
19602942,-33.5358
19605199,-33.5395
19607456,-33.5433
19609714,-33.5471
19611972,-33.5509
19614230,-33.5546
19616488,-33.5584
19618746,-33.5622
19621005,-33.5660
19623264,-33.5697
19625524,-33.5735
19627783,-33.5773
19630043,-33.5811
19632303,-33.5848
19634564,-33.5886
19636824,-33.5924
19639085,-33.5962
19641346,-33.5999
19643608,-33.6037
19645869,-33.6075
19648131,-33.6113
19650394,-33.6150
19652656,-33.6188
19654919,-33.6226
19657182,-33.6264
19659445,-33.6301
19661709,-33.6339
19663972,-33.6377
19666236,-33.6415
19668501,-33.6452
19670765,-33.6490
19673030,-33.6528
19675295,-33.6565
19677560,-33.6603
19679826,-33.6641
19682092,-33.6679
19684358,-33.6716
19686624,-33.6754
19688891,-33.6792
19691158,-33.6829
19693425,-33.6867
19695692,-33.6905
19697960,-33.6942
19700228,-33.6980
19702496,-33.7018
19704765,-33.7055
19707033,-33.7093
19709302,-33.7131
19711572,-33.7168
19713841,-33.7206
19716111,-33.7244
19718381,-33.7281
19720651,-33.7319
19722922,-33.7357
19725193,-33.7394
19727464,-33.7432
19729735,-33.7470
19732007,-33.7507
19734279,-33.7545
19736551,-33.7583
19738823,-33.7620
19741096,-33.7658
19743369,-33.7696
19745642,-33.7733
19747915,-33.7771
19750189,-33.7809
19752463,-33.7846
19754737,-33.7884
19757012,-33.7922
19759286,-33.7959
19761561,-33.7997
19763837,-33.8034
19766112,-33.8072
19768388,-33.8110
19770664,-33.8147
19772940,-33.8185
19775217,-33.8223
19777494,-33.8260
19779771,-33.8298
19782048,-33.8335
19784326,-33.8373
19786604,-33.8411
19788882,-33.8448
19791160,-33.8486
19793439,-33.8523
19795718,-33.8561
19797997,-33.8599
19800276,-33.8636
19802556,-33.8674
19804836,-33.8711
19807116,-33.8749
19809397,-33.8787
19811678,-33.8824
19813959,-33.8862
19816240,-33.8899
19818522,-33.8937
19820803,-33.8974
19823086,-33.9012
19825368,-33.9050
19827650,-33.9087
19829933,-33.9125
19832216,-33.9162
19834500,-33.9200
19836784,-33.9237
19839067,-33.9275
19841352,-33.9313
19843636,-33.9350
19845921,-33.9388
19848206,-33.9425
19850491,-33.9463
19852777,-33.9500
19855062,-33.9538
19857348,-33.9575
19859635,-33.9613
19861921,-33.9650
19864208,-33.9688
19866495,-33.9726
19868782,-33.9763
19871070,-33.9801
19873358,-33.9838
19875646,-33.9876
19877934,-33.9913
19880223,-33.9951
19882512,-33.9988
19884801,-34.0026
19887091,-34.0063
19889380,-34.0101
19891670,-34.0138
19893961,-34.0176
19896251,-34.0213
19898542,-34.0251
19900833,-34.0288
19903124,-34.0326
19905416,-34.0363
19907708,-34.0401
19910000,-34.0438
19912292,-34.0476
19914585,-34.0513
19916878,-34.0551
19919171,-34.0588
19921464,-34.0626
19923758,-34.0663
19926052,-34.0701
19928346,-34.0738
19930640,-34.0776
19932935,-34.0813
19935230,-34.0850
19937525,-34.0888
19939821,-34.0925
19942117,-34.0963
19944413,-34.1000
19946709,-34.1038
19949006,-34.1075
19951303,-34.1113
19953600,-34.1150
19955897,-34.1188
19958195,-34.1225
19960493,-34.1263
19962791,-34.1300
19965089,-34.1337
19967388,-34.1375
19969687,-34.1412
19971986,-34.1450
19974286,-34.1487
19976585,-34.1525
19978885,-34.1562
19981186,-34.1599
19983486,-34.1637
19985787,-34.1674
19988088,-34.1712
19990389,-34.1749
19992691,-34.1787
19994993,-34.1824
19997295,-34.1861
19999597,-34.1899
20001900,-34.1936
20004203,-34.1974
20006506,-34.2011
20008810,-34.2048
20011113,-34.2086
20013417,-34.2123
20015722,-34.2161
20018026,-34.2198
