frequency_hz,ant_to_out_db
3000000,-10.7012
3000345,-10.7009
3000691,-10.7006
3001036,-10.7003
3001382,-10.7000
3001727,-10.6997
3002073,-10.6994
3002419,-10.6991
3002764,-10.6988
3003110,-10.6985
3003456,-10.6982
3003802,-10.6979
3004148,-10.6976
3004493,-10.6973
3004839,-10.6970
3005185,-10.6967
3005531,-10.6964
3005877,-10.6961
3006223,-10.6958
3006570,-10.6955
3006916,-10.6952
3007262,-10.6949
3007608,-10.6945
3007954,-10.6942
3008301,-10.6939
3008647,-10.6936
3008994,-10.6933
3009340,-10.6930
3009686,-10.6927
3010033,-10.6923
3010380,-10.6920
3010726,-10.6917
3011073,-10.6914
3011419,-10.6911
3011766,-10.6907
3012113,-10.6904
3012460,-10.6901
3012807,-10.6898
3013153,-10.6894
3013500,-10.6891
3013847,-10.6888
3014194,-10.6885
3014541,-10.6881
3014888,-10.6878
3015236,-10.6875
3015583,-10.6871
3015930,-10.6868
3016277,-10.6865
3016625,-10.6861
3016972,-10.6858
3017319,-10.6855
3017667,-10.6851
3018014,-10.6848
3018362,-10.6845
3018709,-10.6841
3019057,-10.6838
3019404,-10.6834
3019752,-10.6831
3020100,-10.6828
3020447,-10.6824
3020795,-10.6821
3021143,-10.6817
3021491,-10.6814
3021839,-10.6810
3022186,-10.6807
3022534,-10.6803
3022882,-10.6800
3023230,-10.6796
3023579,-10.6793
3023927,-10.6789
3024275,-10.6786
3024623,-10.6782
3024971,-10.6779
3025320,-10.6775
3025668,-10.6772
3026016,-10.6768
3026365,-10.6765
3026713,-10.6761
3027062,-10.6757
3027410,-10.6754
3027759,-10.6750
3028107,-10.6747
3028456,-10.6743
3028805,-10.6739
3029153,-10.6736
3029502,-10.6732
3029851,-10.6728
3030200,-10.6725
3030549,-10.6721
3030898,-10.6717
3031247,-10.6714
3031596,-10.6710
3031945,-10.6706
3032294,-10.6703
3032643,-10.6699
3032992,-10.6695
3033341,-10.6691
3033690,-10.6688
3034040,-10.6684
3034389,-10.6680
3034738,-10.6676
3035088,-10.6673
3035437,-10.6669
3035787,-10.6665
3036136,-10.6661
3036486,-10.6657
3036835,-10.6654
3037185,-10.6650
3037535,-10.6646
3037884,-10.6642
3038234,-10.6638
3038584,-10.6634
3038934,-10.6631
3039284,-10.6627
3039634,-10.6623
3039984,-10.6619
3040334,-10.6615
3040684,-10.6611
3041034,-10.6607
3041384,-10.6603
3041734,-10.6599
3042084,-10.6595
3042435,-10.6591
3042785,-10.6587
3043135,-10.6583
3043486,-10.6580
3043836,-10.6576
3044186,-10.6572
3044537,-10.6568
3044888,-10.6564
3045238,-10.6560
3045589,-10.6555
3045939,-10.6551
3046290,-10.6547
3046641,-10.6543
3046992,-10.6539
3047342,-10.6535
3047693,-10.6531
3048044,-10.6527
3048395,-10.6523
3048746,-10.6519
3049097,-10.6515
3049448,-10.6511
3049799,-10.6507
3050150,-10.6502
3050502,-10.6498
3050853,-10.6494
3051204,-10.6490
3051555,-10.6486
3051907,-10.6482
3052258,-10.6477
3052610,-10.6473
3052961,-10.6469
3053312,-10.6465
3053664,-10.6461
3054016,-10.6456
3054367,-10.6452
3054719,-10.6448
3055071,-10.6444
3055422,-10.6439
3055774,-10.6435
3056126,-10.6431
3056478,-10.6427
3056830,-10.6422
3057182,-10.6418
3057534,-10.6414
3057886,-10.6409
3058238,-10.6405
3058590,-10.6401
3058942,-10.6396
3059294,-10.6392
3059647,-10.6388
3059999,-10.6383
3060351,-10.6379
3060703,-10.6375
3061056,-10.6370
3061408,-10.6366
3061761,-10.6362
3062113,-10.6357
3062466,-10.6353
3062818,-10.6348
3063171,-10.6344
3063524,-10.6339
3063876,-10.6335
3064229,-10.6331
3064582,-10.6326
3064935,-10.6322
3065288,-10.6317
3065641,-10.6313
3065994,-10.6308
3066347,-10.6304
3066700,-10.6299
3067053,-10.6295
3067406,-10.6290
3067759,-10.6286
3068112,-10.6281
3068466,-10.6276
3068819,-10.6272
3069172,-10.6267
3069526,-10.6263
3069879,-10.6258
3070232,-10.6254
3070586,-10.6249
3070939,-10.6244
3071293,-10.6240
3071647,-10.6235
3072000,-10.6230
3072354,-10.6226
3072708,-10.6221
3073062,-10.6216
3073415,-10.6212
3073769,-10.6207
3074123,-10.6202
3074477,-10.6198
3074831,-10.6193
3075185,-10.6188
3075539,-10.6184
3075893,-10.6179
3076247,-10.6174
3076602,-10.6169
3076956,-10.6165
3077310,-10.6160
3077664,-10.6155
3078019,-10.6150
3078373,-10.6146
3078728,-10.6141
3079082,-10.6136
3079437,-10.6131
3079791,-10.6126
3080146,-10.6122
3080500,-10.6117
3080855,-10.6112
3081210,-10.6107
3081564,-10.6102
3081919,-10.6097
3082274,-10.6093
3082629,-10.6088
3082984,-10.6083
3083339,-10.6078
3083694,-10.6073
3084049,-10.6068
3084404,-10.6063
3084759,-10.6058
3085114,-10.6053
3085469,-10.6048
3085825,-10.6043
3086180,-10.6039
3086535,-10.6034
3086891,-10.6029
3087246,-10.6024
3087602,-10.6019
3087957,-10.6014
3088313,-10.6009
3088668,-10.6004
3089024,-10.5999
3089379,-10.5994
3089735,-10.5989
3090091,-10.5984
3090447,-10.5978
3090802,-10.5973
3091158,-10.5968
3091514,-10.5963
3091870,-10.5958
3092226,-10.5953
3092582,-10.5948
3092938,-10.5943
3093294,-10.5938
3093651,-10.5933
3094007,-10.5928
3094363,-10.5922
3094719,-10.5917
3095076,-10.5912
3095432,-10.5907
3095788,-10.5902
3096145,-10.5897
3096501,-10.5891
3096858,-10.5886
3097214,-10.5881
3097571,-10.5876
3097928,-10.5871
3098284,-10.5865
3098641,-10.5860
3098998,-10.5855
3099355,-10.5850
3099711,-10.5844
3100068,-10.5839
3100425,-10.5834
3100782,-10.5829
3101139,-10.5823
3101496,-10.5818
3101853,-10.5813
3102210,-10.5807
3102568,-10.5802
3102925,-10.5797
3103282,-10.5791
3103639,-10.5786
3103997,-10.5781
3104354,-10.5775
3104712,-10.5770
3105069,-10.5765
3105427,-10.5759
3105784,-10.5754
3106142,-10.5749
3106499,-10.5743
3106857,-10.5738
3107215,-10.5732
3107572,-10.5727
3107930,-10.5721
3108288,-10.5716
3108646,-10.5711
3109004,-10.5705
3109362,-10.5700
3109720,-10.5694
3110078,-10.5689
3110436,-10.5683
3110794,-10.5678
3111152,-10.5672
3111510,-10.5667
3111869,-10.5661
3112227,-10.5656
3112585,-10.5650
3112944,-10.5644
3113302,-10.5639
3113660,-10.5633
3114019,-10.5628
3114378,-10.5622
3114736,-10.5617
3115095,-10.5611
3115453,-10.5605
3115812,-10.5600
3116171,-10.5594
3116530,-10.5589
3116888,-10.5583
3117247,-10.5577
3117606,-10.5572
3117965,-10.5566
3118324,-10.5560
3118683,-10.5555
3119042,-10.5549
3119401,-10.5543
3119760,-10.5538
3120120,-10.5532
3120479,-10.5526
3120838,-10.5521
3121198,-10.5515
3121557,-10.5509
3121916,-10.5503
3122276,-10.5498
3122635,-10.5492
3122995,-10.5486
3123354,-10.5480
3123714,-10.5474
3124074,-10.5469
3124433,-10.5463
3124793,-10.5457
3125153,-10.5451
3125513,-10.5445
3125872,-10.5440
3126232,-10.5434
3126592,-10.5428
3126952,-10.5422
3127312,-10.5416
3127672,-10.5410
3128032,-10.5405
3128393,-10.5399
3128753,-10.5393
3129113,-10.5387
3129473,-10.5381
3129834,-10.5375
3130194,-10.5369
3130554,-10.5363
3130915,-10.5357
3131275,-10.5351
3131636,-10.5345
3131996,-10.5339
3132357,-10.5333
3132718,-10.5327
3133078,-10.5322
3133439,-10.5316
3133800,-10.5310
3134161,-10.5304
3134522,-10.5298
3134882,-10.5291
3135243,-10.5285
3135604,-10.5279
3135965,-10.5273
3136326,-10.5267
3136688,-10.5261
3137049,-10.5255
3137410,-10.5249
3137771,-10.5243
3138132,-10.5237
3138494,-10.5231
3138855,-10.5225
3139216,-10.5219
3139578,-10.5213
3139939,-10.5206
3140301,-10.5200
3140662,-10.5194
3141024,-10.5188
3141386,-10.5182
3141747,-10.5176
3142109,-10.5169
3142471,-10.5163
3142833,-10.5157
3143194,-10.5151
3143556,-10.5145
3143918,-10.5138
3144280,-10.5132
3144642,-10.5126
3145004,-10.5120
3145366,-10.5114
3145729,-10.5107
3146091,-10.5101
3146453,-10.5095
3146815,-10.5089
3147178,-10.5082
3147540,-10.5076
3147902,-10.5070
3148265,-10.5063
3148627,-10.5057
3148990,-10.5051
3149352,-10.5044
3149715,-10.5038
3150078,-10.5032
3150440,-10.5025
3150803,-10.5019
3151166,-10.5013
3151529,-10.5006
3151891,-10.5000
3152254,-10.4993
3152617,-10.4987
3152980,-10.4981
3153343,-10.4974
3153706,-10.4968
3154069,-10.4961
3154433,-10.4955
3154796,-10.4949
3155159,-10.4942
3155522,-10.4936
3155886,-10.4929
3156249,-10.4923
3156612,-10.4916
3156976,-10.4910
3157339,-10.4903
3157703,-10.4897
3158066,-10.4890
3158430,-10.4884
3158794,-10.4877
3159157,-10.4871
3159521,-10.4864
3159885,-10.4858
3160249,-10.4851
3160613,-10.4844
3160976,-10.4838
3161340,-10.4831
3161704,-10.4825
3162068,-10.4818
3162432,-10.4811
3162797,-10.4805
3163161,-10.4798
3163525,-10.4792
3163889,-10.4785
3164253,-10.4778
3164618,-10.4772
3164982,-10.4765
3165346,-10.4758
3165711,-10.4752
3166075,-10.4745
3166440,-10.4738
3166805,-10.4732
3167169,-10.4725
3167534,-10.4718
3167898,-10.4712
3168263,-10.4705
3168628,-10.4698
3168993,-10.4691
3169358,-10.4685
3169723,-10.4678
3170088,-10.4671
3170453,-10.4664
3170818,-10.4658
3171183,-10.4651
3171548,-10.4644
3171913,-10.4637
3172278,-10.4630
3172643,-10.4624
3173009,-10.4617
3173374,-10.4610
3173739,-10.4603
3174105,-10.4596
3174470,-10.4589
3174836,-10.4582
3175201,-10.4576
3175567,-10.4569
3175932,-10.4562
3176298,-10.4555
3176664,-10.4548
3177030,-10.4541
3177395,-10.4534
3177761,-10.4527
3178127,-10.4520
3178493,-10.4513
3178859,-10.4507
3179225,-10.4500
3179591,-10.4493
3179957,-10.4486
3180323,-10.4479
3180689,-10.4472
3181056,-10.4465
3181422,-10.4458
3181788,-10.4451
3182154,-10.4444
3182521,-10.4437
3182887,-10.4430
3183254,-10.4423
3183620,-10.4416
3183987,-10.4409
3184353,-10.4401
3184720,-10.4394
3185087,-10.4387
3185453,-10.4380
3185820,-10.4373
3186187,-10.4366
3186554,-10.4359
3186921,-10.4352
3187288,-10.4345
3187655,-10.4338
3188022,-10.4330
3188389,-10.4323
3188756,-10.4316
3189123,-10.4309
3189490,-10.4302
3189857,-10.4295
3190225,-10.4288
3190592,-10.4280
3190959,-10.4273
3191327,-10.4266
3191694,-10.4259
3192062,-10.4252
3192429,-10.4244
3192797,-10.4237
3193164,-10.4230
3193532,-10.4223
3193900,-10.4215
3194267,-10.4208
3194635,-10.4201
3195003,-10.4194
3195371,-10.4186
3195739,-10.4179
3196107,-10.4172
3196475,-10.4164
3196843,-10.4157
3197211,-10.4150
3197579,-10.4142
3197947,-10.4135
3198315,-10.4128
3198683,-10.4120
3199052,-10.4113
3199420,-10.4106
3199788,-10.4098
3200157,-10.4091
3200525,-10.4084
3200894,-10.4076
3201262,-10.4069
3201631,-10.4061
3201999,-10.4054
3202368,-10.4047
3202737,-10.4039
3203106,-10.4032
3203474,-10.4024
3203843,-10.4017
3204212,-10.4009
3204581,-10.4002
3204950,-10.3994
3205319,-10.3987
3205688,-10.3979
3206057,-10.3972
3206426,-10.3964
3206795,-10.3957
3207165,-10.3949
3207534,-10.3942
3207903,-10.3934
3208273,-10.3927
3208642,-10.3919
3209011,-10.3912
3209381,-10.3904
3209750,-10.3896
3210120,-10.3889
3210490,-10.3881
3210859,-10.3874
3211229,-10.3866
3211599,-10.3858
3211968,-10.3851
3212338,-10.3843
3212708,-10.3836
3213078,-10.3828
3213448,-10.3820
3213818,-10.3813
3214188,-10.3805
3214558,-10.3797
3214928,-10.3790
3215298,-10.3782
3215668,-10.3774
3216039,-10.3767
3216409,-10.3759
3216779,-10.3751
3217150,-10.3743
3217520,-10.3736
3217890,-10.3728
3218261,-10.3720
3218631,-10.3712
3219002,-10.3705
3219373,-10.3697
3219743,-10.3689
3220114,-10.3681
3220485,-10.3674
3220856,-10.3666
3221226,-10.3658
3221597,-10.3650
3221968,-10.3642
3222339,-10.3635
3222710,-10.3627
3223081,-10.3619
3223452,-10.3611
3223823,-10.3603
3224195,-10.3595
3224566,-10.3587
3224937,-10.3580
3225308,-10.3572
3225680,-10.3564
3226051,-10.3556
3226423,-10.3548
3226794,-10.3540
3227166,-10.3532
3227537,-10.3524
3227909,-10.3516
3228280,-10.3508
3228652,-10.3500
3229024,-10.3492
3229396,-10.3484
3229767,-10.3477
3230139,-10.3469
3230511,-10.3461
3230883,-10.3453
3231255,-10.3445
3231627,-10.3437
3231999,-10.3429
3232371,-10.3420
3232744,-10.3412
3233116,-10.3404
3233488,-10.3396
3233860,-10.3388
3234233,-10.3380
3234605,-10.3372
3234977,-10.3364
3235350,-10.3356
3235722,-10.3348
3236095,-10.3340
3236468,-10.3332
3236840,-10.3324
3237213,-10.3316
3237586,-10.3307
3237958,-10.3299
3238331,-10.3291
3238704,-10.3283
3239077,-10.3275
3239450,-10.3267
3239823,-10.3258
3240196,-10.3250
3240569,-10.3242
3240942,-10.3234
3241315,-10.3226
3241688,-10.3217
3242062,-10.3209
3242435,-10.3201
3242808,-10.3193
3243182,-10.3185
3243555,-10.3176
3243928,-10.3168
3244302,-10.3160
3244675,-10.3152
3245049,-10.3143
3245423,-10.3135
3245796,-10.3127
3246170,-10.3118
3246544,-10.3110
3246918,-10.3102
3247291,-10.3093
3247665,-10.3085
3248039,-10.3077
3248413,-10.3068
3248787,-10.3060
3249161,-10.3052
3249535,-10.3043
3249909,-10.3035
3250284,-10.3027
3250658,-10.3018
3251032,-10.3010
3251406,-10.3001
3251781,-10.2993
3252155,-10.2985
3252530,-10.2976
3252904,-10.2968
3253279,-10.2959
3253653,-10.2951
3254028,-10.2942
3254402,-10.2934
3254777,-10.2926
3255152,-10.2917
3255527,-10.2909
3255901,-10.2900
3256276,-10.2892
3256651,-10.2883
3257026,-10.2875
3257401,-10.2866
3257776,-10.2858
3258151,-10.2849
3258526,-10.2841
3258902,-10.2832
3259277,-10.2823
3259652,-10.2815
3260027,-10.2806
3260403,-10.2798
3260778,-10.2789
3261154,-10.2781
3261529,-10.2772
3261905,-10.2763
3262280,-10.2755
3262656,-10.2746
3263031,-10.2737
3263407,-10.2729
3263783,-10.2720
3264159,-10.2712
3264534,-10.2703
3264910,-10.2694
3265286,-10.2686
3265662,-10.2677
3266038,-10.2668
3266414,-10.2660
3266790,-10.2651
3267166,-10.2642
3267543,-10.2633
3267919,-10.2625
3268295,-10.2616
3268671,-10.2607
3269048,-10.2598
3269424,-10.2590
3269800,-10.2581
3270177,-10.2572
3270553,-10.2563
3270930,-10.2555
3271307,-10.2546
3271683,-10.2537
3272060,-10.2528
3272437,-10.2519
3272813,-10.2511
3273190,-10.2502
3273567,-10.2493
3273944,-10.2484
3274321,-10.2475
3274698,-10.2466
3275075,-10.2458
3275452,-10.2449
3275829,-10.2440
3276206,-10.2431
3276584,-10.2422
3276961,-10.2413
3277338,-10.2404
3277715,-10.2395
3278093,-10.2386
3278470,-10.2378
3278848,-10.2369
3279225,-10.2360
3279603,-10.2351
3279980,-10.2342
3280358,-10.2333
3280736,-10.2324
3281114,-10.2315
3281491,-10.2306
3281869,-10.2297
3282247,-10.2288
3282625,-10.2279
3283003,-10.2270
3283381,-10.2261
3283759,-10.2252
3284137,-10.2243
3284515,-10.2234
3284893,-10.2225
3285271,-10.2216
3285650,-10.2207
3286028,-10.2198
3286406,-10.2188
3286785,-10.2179
3287163,-10.2170
3287542,-10.2161
3287920,-10.2152
3288299,-10.2143
3288677,-10.2134
3289056,-10.2125
3289435,-10.2116
3289813,-10.2106
3290192,-10.2097
3290571,-10.2088
3290950,-10.2079
3291329,-10.2070
3291708,-10.2061
3292087,-10.2051
3292466,-10.2042
3292845,-10.2033
3293224,-10.2024
3293603,-10.2015
3293982,-10.2005
3294362,-10.1996
3294741,-10.1987
3295120,-10.1978
3295500,-10.1968
3295879,-10.1959
3296258,-10.1950
3296638,-10.1941
3297018,-10.1931
3297397,-10.1922
3297777,-10.1913
3298156,-10.1904
3298536,-10.1894
3298916,-10.1885
3299296,-10.1876
3299676,-10.1866
3300056,-10.1857
3300436,-10.1848
3300816,-10.1838
3301196,-10.1829
3301576,-10.1820
3301956,-10.1810
3302336,-10.1801
3302716,-10.1791
3303096,-10.1782
3303477,-10.1773
3303857,-10.1763
3304237,-10.1754
3304618,-10.1744
3304998,-10.1735
3305379,-10.1725
3305760,-10.1716
3306140,-10.1707
3306521,-10.1697
3306901,-10.1688
3307282,-10.1678
3307663,-10.1669
3308044,-10.1659
3308425,-10.1650
3308806,-10.1640
3309187,-10.1631
3309568,-10.1621
3309949,-10.1612
3310330,-10.1602
3310711,-10.1593
3311092,-10.1583
3311473,-10.1574
3311855,-10.1564
3312236,-10.1554
3312617,-10.1545
3312999,-10.1535
3313380,-10.1526
3313762,-10.1516
3314143,-10.1506
3314525,-10.1497
3314906,-10.1487
3315288,-10.1478
3315670,-10.1468
3316051,-10.1458
3316433,-10.1449
3316815,-10.1439
3317197,-10.1429
3317579,-10.1420
3317961,-10.1410
3318343,-10.1400
3318725,-10.1391
3319107,-10.1381
3319489,-10.1371
3319871,-10.1362
3320254,-10.1352
3320636,-10.1342
3321018,-10.1332
3321401,-10.1323
3321783,-10.1313
3322165,-10.1303
3322548,-10.1293
3322930,-10.1284
3323313,-10.1274
3323696,-10.1264
3324078,-10.1254
3324461,-10.1244
3324844,-10.1235
3325227,-10.1225
3325610,-10.1215
3325992,-10.1205
3326375,-10.1195
3326758,-10.1186
3327141,-10.1176
3327524,-10.1166
3327908,-10.1156
3328291,-10.1146
3328674,-10.1136
3329057,-10.1126
3329440,-10.1116
3329824,-10.1107
3330207,-10.1097
3330591,-10.1087
3330974,-10.1077
3331358,-10.1067
3331741,-10.1057
3332125,-10.1047
3332508,-10.1037
3332892,-10.1027
3333276,-10.1017
3333660,-10.1007
3334043,-10.0997
3334427,-10.0987
3334811,-10.0977
3335195,-10.0967
3335579,-10.0957
3335963,-10.0947
3336347,-10.0937
3336731,-10.0927
3337116,-10.0917
3337500,-10.0907
3337884,-10.0897
3338268,-10.0887
3338653,-10.0877
3339037,-10.0867
3339422,-10.0857
3339806,-10.0847
3340191,-10.0837
3340575,-10.0827
3340960,-10.0817
3341345,-10.0806
3341729,-10.0796
3342114,-10.0786
3342499,-10.0776
3342884,-10.0766
3343268,-10.0756
3343653,-10.0746
3344038,-10.0735
3344423,-10.0725
3344808,-10.0715
3345194,-10.0705
3345579,-10.0695
3345964,-10.0685
3346349,-10.0674
3346734,-10.0664
3347120,-10.0654
3347505,-10.0644
3347891,-10.0633
3348276,-10.0623
3348662,-10.0613
3349047,-10.0603
3349433,-10.0592
3349818,-10.0582
3350204,-10.0572
3350590,-10.0562
3350976,-10.0551
3351361,-10.0541
3351747,-10.0531
3352133,-10.0520
3352519,-10.0510
3352905,-10.0500
3353291,-10.0489
3353677,-10.0479
3354063,-10.0469
3354449,-10.0458
3354836,-10.0448
3355222,-10.0438
3355608,-10.0427
3355995,-10.0417
3356381,-10.0407
3356767,-10.0396
3357154,-10.0386
3357540,-10.0375
3357927,-10.0365
3358314,-10.0355
3358700,-10.0344
3359087,-10.0334
3359474,-10.0323
3359861,-10.0313
3360247,-10.0302
3360634,-10.0292
3361021,-10.0281
3361408,-10.0271
3361795,-10.0260
3362182,-10.0250
3362569,-10.0239
3362957,-10.0229
3363344,-10.0218
3363731,-10.0208
3364118,-10.0197
3364506,-10.0187
3364893,-10.0176
3365280,-10.0166
3365668,-10.0155
3366055,-10.0145
3366443,-10.0134
3366831,-10.0123
3367218,-10.0113
3367606,-10.0102
3367994,-10.0092
3368381,-10.0081
3368769,-10.0070
3369157,-10.0060
3369545,-10.0049
3369933,-10.0039
3370321,-10.0028
3370709,-10.0017
3371097,-10.0007
3371485,-9.9996
3371873,-9.9985
3372262,-9.9975
3372650,-9.9964
3373038,-9.9953
3373427,-9.9942
3373815,-9.9932
3374203,-9.9921
3374592,-9.9910
3374980,-9.9900
3375369,-9.9889
3375758,-9.9878
3376146,-9.9867
3376535,-9.9857
3376924,-9.9846
3377313,-9.9835
3377701,-9.9824
3378090,-9.9814
3378479,-9.9803
3378868,-9.9792
3379257,-9.9781
3379646,-9.9770
3380035,-9.9759
3380425,-9.9749
3380814,-9.9738
3381203,-9.9727
3381592,-9.9716
3381982,-9.9705
3382371,-9.9694
3382761,-9.9684
3383150,-9.9673
3383540,-9.9662
3383929,-9.9651
3384319,-9.9640
3384708,-9.9629
3385098,-9.9618
3385488,-9.9607
3385878,-9.9596
3386267,-9.9585
3386657,-9.9574
3387047,-9.9564
3387437,-9.9553
3387827,-9.9542
3388217,-9.9531
3388607,-9.9520
3388998,-9.9509
3389388,-9.9498
3389778,-9.9487
3390168,-9.9476
3390559,-9.9465
3390949,-9.9454
3391339,-9.9443
3391730,-9.9432
3392120,-9.9421
3392511,-9.9409
3392902,-9.9398
3393292,-9.9387
3393683,-9.9376
3394074,-9.9365
3394464,-9.9354
3394855,-9.9343
3395246,-9.9332
3395637,-9.9321
3396028,-9.9310
3396419,-9.9299
3396810,-9.9288
3397201,-9.9276
3397592,-9.9265
3397983,-9.9254
3398375,-9.9243
3398766,-9.9232
3399157,-9.9221
3399549,-9.9209
3399940,-9.9198
3400331,-9.9187
3400723,-9.9176
3401115,-9.9165
3401506,-9.9153
3401898,-9.9142
3402289,-9.9131
3402681,-9.9120
3403073,-9.9109
3403465,-9.9097
3403857,-9.9086
3404248,-9.9075
3404640,-9.9064
3405032,-9.9052
3405424,-9.9041
3405817,-9.9030
3406209,-9.9018
3406601,-9.9007
3406993,-9.8996
3407385,-9.8984
3407778,-9.8973
3408170,-9.8962
3408562,-9.8950
3408955,-9.8939
3409347,-9.8928
3409740,-9.8916
3410133,-9.8905
3410525,-9.8894
3410918,-9.8882
3411311,-9.8871
3411703,-9.8860
3412096,-9.8848
3412489,-9.8837
3412882,-9.8825
3413275,-9.8814
3413668,-9.8802
3414061,-9.8791
3414454,-9.8780
3414847,-9.8768
3415240,-9.8757
3415633,-9.8745
3416027,-9.8734
3416420,-9.8722
3416813,-9.8711
3417207,-9.8699
3417600,-9.8688
3417994,-9.8676
3418387,-9.8665
3418781,-9.8653
3419174,-9.8642
3419568,-9.8630
3419962,-9.8619
3420356,-9.8607
3420749,-9.8596
3421143,-9.8584
3421537,-9.8572
3421931,-9.8561
3422325,-9.8549
3422719,-9.8538
3423113,-9.8526
3423507,-9.8514
3423901,-9.8503
3424296,-9.8491
3424690,-9.8480
3425084,-9.8468
3425479,-9.8456
3425873,-9.8445
3426267,-9.8433
3426662,-9.8421
3427056,-9.8410
3427451,-9.8398
3427846,-9.8386
3428240,-9.8375
3428635,-9.8363
3429030,-9.8351
3429425,-9.8340
3429819,-9.8328
3430214,-9.8316
3430609,-9.8304
3431004,-9.8293
3431399,-9.8281
3431794,-9.8269
3432189,-9.8257
3432585,-9.8246
3432980,-9.8234
3433375,-9.8222
3433770,-9.8210
3434166,-9.8198
3434561,-9.8187
3434957,-9.8175
3435352,-9.8163
3435748,-9.8151
3436143,-9.8139
3436539,-9.8128
3436934,-9.8116
3437330,-9.8104
3437726,-9.8092
3438122,-9.8080
3438518,-9.8068
3438914,-9.8056
3439309,-9.8045
3439705,-9.8033
3440101,-9.8021
3440498,-9.8009
3440894,-9.7997
3441290,-9.7985
3441686,-9.7973
3442082,-9.7961
3442479,-9.7949
3442875,-9.7937
3443271,-9.7925
3443668,-9.7913
3444064,-9.7901
3444461,-9.7889
3444857,-9.7877
3445254,-9.7865
3445651,-9.7853
3446047,-9.7841
3446444,-9.7829
3446841,-9.7817
3447238,-9.7805
3447635,-9.7793
3448032,-9.7781
3448429,-9.7769
3448826,-9.7757
3449223,-9.7745
3449620,-9.7733
3450017,-9.7721
3450414,-9.7709
3450812,-9.7697
3451209,-9.7685
3451606,-9.7673
3452004,-9.7660
3452401,-9.7648
3452799,-9.7636
3453196,-9.7624
3453594,-9.7612
3453991,-9.7600
3454389,-9.7588
3454787,-9.7575
3455185,-9.7563
3455582,-9.7551
3455980,-9.7539
3456378,-9.7527
3456776,-9.7515
3457174,-9.7502
3457572,-9.7490
3457970,-9.7478
3458368,-9.7466
3458767,-9.7453
3459165,-9.7441
3459563,-9.7429
3459961,-9.7417
3460360,-9.7404
3460758,-9.7392
3461157,-9.7380
3461555,-9.7368
3461954,-9.7355
3462352,-9.7343
3462751,-9.7331
3463150,-9.7318
3463548,-9.7306
3463947,-9.7294
3464346,-9.7282
3464745,-9.7269
3465144,-9.7257
3465543,-9.7244
3465942,-9.7232
3466341,-9.7220
3466740,-9.7207
3467139,-9.7195
3467538,-9.7183
3467937,-9.7170
3468337,-9.7158
3468736,-9.7145
3469135,-9.7133
3469535,-9.7121
3469934,-9.7108
3470334,-9.7096
3470733,-9.7083
3471133,-9.7071
3471533,-9.7058
3471932,-9.7046
3472332,-9.7033
3472732,-9.7021
3473132,-9.7008
3473532,-9.6996
3473932,-9.6984
3474332,-9.6971
3474732,-9.6958
3475132,-9.6946
3475532,-9.6933
3475932,-9.6921
3476332,-9.6908
3476732,-9.6896
3477133,-9.6883
3477533,-9.6871
3477933,-9.6858
3478334,-9.6846
3478734,-9.6833
3479135,-9.6820
3479535,-9.6808
3479936,-9.6795
3480337,-9.6783
3480737,-9.6770
3481138,-9.6757
3481539,-9.6745
3481940,-9.6732
3482341,-9.6719
3482742,-9.6707
3483143,-9.6694
3483544,-9.6681
3483945,-9.6669
3484346,-9.6656
3484747,-9.6643
3485148,-9.6631
3485549,-9.6618
3485951,-9.6605
3486352,-9.6593
3486754,-9.6580
3487155,-9.6567
3487557,-9.6554
3487958,-9.6542
3488360,-9.6529
3488761,-9.6516
3489163,-9.6503
3489565,-9.6491
3489966,-9.6478
3490368,-9.6465
3490770,-9.6452
3491172,-9.6439
3491574,-9.6427
3491976,-9.6414
3492378,-9.6401
3492780,-9.6388
3493182,-9.6375
3493585,-9.6363
3493987,-9.6350
3494389,-9.6337
3494791,-9.6324
3495194,-9.6311
3495596,-9.6298
3495999,-9.6285
3496401,-9.6272
3496804,-9.6260
3497206,-9.6247
3497609,-9.6234
3498012,-9.6221
3498414,-9.6208
3498817,-9.6195
3499220,-9.6182
3499623,-9.6169
3500026,-9.6156
3500429,-9.6143
3500832,-9.6130
3501235,-9.6117
3501638,-9.6104
3502041,-9.6091
3502444,-9.6078
3502848,-9.6065
3503251,-9.6052
3503654,-9.6039
3504058,-9.6026
3504461,-9.6013
3504865,-9.6000
3505268,-9.5987
3505672,-9.5974
3506075,-9.5961
3506479,-9.5948
3506883,-9.5935
3507287,-9.5922
3507690,-9.5909
3508094,-9.5896
3508498,-9.5882
3508902,-9.5869
3509306,-9.5856
3509710,-9.5843
3510114,-9.5830
3510518,-9.5817
3510923,-9.5804
3511327,-9.5791
3511731,-9.5777
3512135,-9.5764
3512540,-9.5751
3512944,-9.5738
3513349,-9.5725
3513753,-9.5711
3514158,-9.5698
3514562,-9.5685
3514967,-9.5672
3515372,-9.5659
3515776,-9.5645
3516181,-9.5632
3516586,-9.5619
3516991,-9.5606
3517396,-9.5592
3517801,-9.5579
3518206,-9.5566
3518611,-9.5553
3519016,-9.5539
3519421,-9.5526
3519826,-9.5513
3520232,-9.5499
3520637,-9.5486
3521042,-9.5473
3521448,-9.5459
3521853,-9.5446
3522259,-9.5433
3522664,-9.5419
3523070,-9.5406
3523475,-9.5393
3523881,-9.5379
3524287,-9.5366
3524693,-9.5353
3525098,-9.5339
3525504,-9.5326
3525910,-9.5312
3526316,-9.5299
3526722,-9.5286
3527128,-9.5272
3527534,-9.5259
3527941,-9.5245
3528347,-9.5232
3528753,-9.5218
3529159,-9.5205
3529566,-9.5191
3529972,-9.5178
3530378,-9.5164
3530785,-9.5151
3531191,-9.5137
3531598,-9.5124
3532005,-9.5110
3532411,-9.5097
3532818,-9.5083
3533225,-9.5070
3533631,-9.5056
3534038,-9.5043
3534445,-9.5029
3534852,-9.5016
3535259,-9.5002
3535666,-9.4989
3536073,-9.4975
3536480,-9.4961
3536888,-9.4948
3537295,-9.4934
3537702,-9.4921
3538109,-9.4907
3538517,-9.4893
3538924,-9.4880
3539332,-9.4866
3539739,-9.4852
3540147,-9.4839
3540554,-9.4825
3540962,-9.4811
3541370,-9.4798
3541777,-9.4784
3542185,-9.4770
3542593,-9.4757
3543001,-9.4743
3543409,-9.4729
3543817,-9.4716
3544225,-9.4702
3544633,-9.4688
3545041,-9.4674
3545449,-9.4661
3545857,-9.4647
3546266,-9.4633
3546674,-9.4619
3547082,-9.4606
3547491,-9.4592
3547899,-9.4578
3548308,-9.4564
3548716,-9.4551
3549125,-9.4537
3549533,-9.4523
3549942,-9.4509
3550351,-9.4495
3550759,-9.4481
3551168,-9.4468
3551577,-9.4454
3551986,-9.4440
3552395,-9.4426
3552804,-9.4412
3553213,-9.4398
3553622,-9.4384
3554031,-9.4371
3554441,-9.4357
3554850,-9.4343
3555259,-9.4329
3555668,-9.4315
3556078,-9.4301
3556487,-9.4287
3556897,-9.4273
3557306,-9.4259
3557716,-9.4245
3558125,-9.4231
3558535,-9.4217
3558945,-9.4203
3559355,-9.4189
3559764,-9.4175
3560174,-9.4161
3560584,-9.4147
3560994,-9.4133
3561404,-9.4119
3561814,-9.4105
3562224,-9.4091
3562634,-9.4077
3563045,-9.4063
3563455,-9.4049
3563865,-9.4035
3564275,-9.4021
3564686,-9.4007
3565096,-9.3993
3565507,-9.3979
3565917,-9.3965
3566328,-9.3951
3566738,-9.3936
3567149,-9.3922
3567560,-9.3908
3567970,-9.3894
3568381,-9.3880
3568792,-9.3866
3569203,-9.3852
3569614,-9.3837
3570025,-9.3823
3570436,-9.3809
3570847,-9.3795
3571258,-9.3781
3571669,-9.3767
3572081,-9.3752
3572492,-9.3738
3572903,-9.3724
3573315,-9.3710
3573726,-9.3695
3574137,-9.3681
3574549,-9.3667
3574961,-9.3653
3575372,-9.3639
3575784,-9.3624
3576196,-9.3610
3576607,-9.3596
3577019,-9.3581
3577431,-9.3567
3577843,-9.3553
3578255,-9.3539
3578667,-9.3524
3579079,-9.3510
3579491,-9.3496
3579903,-9.3481
3580315,-9.3467
3580727,-9.3453
3581140,-9.3438
3581552,-9.3424
3581964,-9.3409
3582377,-9.3395
3582789,-9.3381
3583202,-9.3366
3583614,-9.3352
3584027,-9.3337
3584440,-9.3323
3584852,-9.3309
3585265,-9.3294
3585678,-9.3280
3586091,-9.3265
3586503,-9.3251
3586916,-9.3236
3587329,-9.3222
3587742,-9.3208
3588155,-9.3193
3588569,-9.3179
3588982,-9.3164
3589395,-9.3150
3589808,-9.3135
3590222,-9.3121
3590635,-9.3106
3591048,-9.3092
3591462,-9.3077
3591875,-9.3062
3592289,-9.3048
3592702,-9.3033
3593116,-9.3019
3593530,-9.3004
3593944,-9.2990
3594357,-9.2975
3594771,-9.2960
3595185,-9.2946
3595599,-9.2931
3596013,-9.2917
3596427,-9.2902
3596841,-9.2887
3597255,-9.2873
3597669,-9.2858
3598084,-9.2844
3598498,-9.2829
3598912,-9.2814
3599327,-9.2800
3599741,-9.2785
3600155,-9.2770
3600570,-9.2755
3600985,-9.2741
3601399,-9.2726
3601814,-9.2711
3602228,-9.2697
3602643,-9.2682
3603058,-9.2667
3603473,-9.2652
3603888,-9.2638
3604303,-9.2623
3604718,-9.2608
3605133,-9.2593
3605548,-9.2579
3605963,-9.2564
3606378,-9.2549
3606793,-9.2534
3607209,-9.2520
3607624,-9.2505
3608039,-9.2490
3608455,-9.2475
3608870,-9.2460
3609286,-9.2445
3609701,-9.2431
3610117,-9.2416
3610532,-9.2401
3610948,-9.2386
3611364,-9.2371
3611780,-9.2356
3612196,-9.2341
3612611,-9.2326
3613027,-9.2312
3613443,-9.2297
3613859,-9.2282
3614276,-9.2267
3614692,-9.2252
3615108,-9.2237
3615524,-9.2222
3615940,-9.2207
3616357,-9.2192
3616773,-9.2177
3617189,-9.2162
3617606,-9.2147
3618022,-9.2132
3618439,-9.2117
3618856,-9.2102
3619272,-9.2087
3619689,-9.2072
3620106,-9.2057
3620523,-9.2042
3620939,-9.2027
3621356,-9.2012
3621773,-9.1997
3622190,-9.1982
3622607,-9.1967
3623024,-9.1952
3623442,-9.1937
3623859,-9.1922
3624276,-9.1907
3624693,-9.1891
3625111,-9.1876
3625528,-9.1861
3625945,-9.1846
3626363,-9.1831
3626780,-9.1816
3627198,-9.1801
3627616,-9.1786
3628033,-9.1770
3628451,-9.1755
3628869,-9.1740
3629287,-9.1725
3629704,-9.1710
3630122,-9.1694
3630540,-9.1679
3630958,-9.1664
3631376,-9.1649
3631794,-9.1634
3632213,-9.1618
3632631,-9.1603
3633049,-9.1588
3633467,-9.1573
3633886,-9.1557
3634304,-9.1542
3634722,-9.1527
3635141,-9.1512
3635559,-9.1496
3635978,-9.1481
3636397,-9.1466
3636815,-9.1450
3637234,-9.1435
3637653,-9.1420
3638072,-9.1404
3638491,-9.1389
3638909,-9.1374
3639328,-9.1358
3639747,-9.1343
3640167,-9.1328
3640586,-9.1312
3641005,-9.1297
3641424,-9.1282
3641843,-9.1266
3642263,-9.1251
3642682,-9.1235
3643101,-9.1220
3643521,-9.1205
3643940,-9.1189
3644360,-9.1174
3644779,-9.1158
3645199,-9.1143
3645619,-9.1127
3646039,-9.1112
3646458,-9.1096
3646878,-9.1081
3647298,-9.1065
3647718,-9.1050
3648138,-9.1034
3648558,-9.1019
3648978,-9.1003
3649398,-9.0988
3649818,-9.0972
3650239,-9.0957
3650659,-9.0941
3651079,-9.0926
3651500,-9.0910
3651920,-9.0895
3652340,-9.0879
3652761,-9.0864
3653182,-9.0848
3653602,-9.0832
3654023,-9.0817
3654444,-9.0801
3654864,-9.0786
3655285,-9.0770
3655706,-9.0754
3656127,-9.0739
3656548,-9.0723
3656969,-9.0707
3657390,-9.0692
3657811,-9.0676
3658232,-9.0660
3658653,-9.0645
3659075,-9.0629
3659496,-9.0613
3659917,-9.0598
3660339,-9.0582
3660760,-9.0566
3661181,-9.0550
3661603,-9.0535
3662025,-9.0519
3662446,-9.0503
3662868,-9.0487
3663290,-9.0472
3663711,-9.0456
3664133,-9.0440
3664555,-9.0424
3664977,-9.0409
3665399,-9.0393
3665821,-9.0377
3666243,-9.0361
3666665,-9.0345
3667087,-9.0330
3667510,-9.0314
3667932,-9.0298
3668354,-9.0282
3668776,-9.0266
3669199,-9.0250
3669621,-9.0235
3670044,-9.0219
3670466,-9.0203
3670889,-9.0187
3671312,-9.0171
3671734,-9.0155
3672157,-9.0139
3672580,-9.0123
3673003,-9.0107
3673426,-9.0091
3673849,-9.0075
3674272,-9.0060
3674695,-9.0044
3675118,-9.0028
3675541,-9.0012
3675964,-8.9996
3676387,-8.9980
3676811,-8.9964
3677234,-8.9948
3677657,-8.9932
3678081,-8.9916
3678504,-8.9900
3678928,-8.9884
3679351,-8.9868
3679775,-8.9852
3680199,-8.9836
3680622,-8.9820
3681046,-8.9803
3681470,-8.9787
3681894,-8.9771
3682318,-8.9755
3682742,-8.9739
3683166,-8.9723
3683590,-8.9707
3684014,-8.9691
3684438,-8.9675
3684862,-8.9659
3685286,-8.9642
3685711,-8.9626
3686135,-8.9610
3686560,-8.9594
3686984,-8.9578
3687409,-8.9562
3687833,-8.9546
3688258,-8.9529
3688682,-8.9513
3689107,-8.9497
3689532,-8.9481
3689957,-8.9465
3690381,-8.9448
3690806,-8.9432
3691231,-8.9416
3691656,-8.9400
3692081,-8.9383
3692506,-8.9367
3692932,-8.9351
3693357,-8.9335
3693782,-8.9318
3694207,-8.9302
3694633,-8.9286
3695058,-8.9270
3695483,-8.9253
3695909,-8.9237
3696334,-8.9221
3696760,-8.9204
3697186,-8.9188
3697611,-8.9172
3698037,-8.9155
3698463,-8.9139
3698889,-8.9123
3699314,-8.9106
3699740,-8.9090
3700166,-8.9073
3700592,-8.9057
3701018,-8.9041
3701445,-8.9024
3701871,-8.9008
3702297,-8.8991
3702723,-8.8975
3703150,-8.8959
3703576,-8.8942
3704002,-8.8926
3704429,-8.8909
3704855,-8.8893
3705282,-8.8876
3705709,-8.8860
3706135,-8.8843
3706562,-8.8827
3706989,-8.8810
3707415,-8.8794
3707842,-8.8777
3708269,-8.8761
3708696,-8.8744
3709123,-8.8728
3709550,-8.8711
3709977,-8.8695
3710404,-8.8678
3710832,-8.8661
3711259,-8.8645
3711686,-8.8628
3712114,-8.8612
3712541,-8.8595
3712968,-8.8579
3713396,-8.8562
3713823,-8.8545
3714251,-8.8529
3714679,-8.8512
3715106,-8.8495
3715534,-8.8479
3715962,-8.8462
3716390,-8.8445
3716818,-8.8429
3717246,-8.8412
3717674,-8.8395
3718102,-8.8379
3718530,-8.8362
3718958,-8.8345
3719386,-8.8329
3719814,-8.8312
3720243,-8.8295
3720671,-8.8278
3721099,-8.8262
3721528,-8.8245
3721956,-8.8228
3722385,-8.8211
3722813,-8.8195
3723242,-8.8178
3723671,-8.8161
3724099,-8.8144
3724528,-8.8128
3724957,-8.8111
3725386,-8.8094
3725815,-8.8077
3726244,-8.8060
3726673,-8.8043
3727102,-8.8027
3727531,-8.8010
3727960,-8.7993
3728389,-8.7976
3728819,-8.7959
3729248,-8.7942
3729677,-8.7925
3730107,-8.7909
3730536,-8.7892
3730966,-8.7875
3731395,-8.7858
3731825,-8.7841
3732255,-8.7824
3732684,-8.7807
3733114,-8.7790
3733544,-8.7773
3733974,-8.7756
3734404,-8.7739
3734834,-8.7722
3735264,-8.7705
3735694,-8.7688
3736124,-8.7671
3736554,-8.7654
3736984,-8.7637
3737414,-8.7620
3737845,-8.7603
3738275,-8.7586
3738705,-8.7569
3739136,-8.7552
3739566,-8.7535
3739997,-8.7518
3740428,-8.7501
3740858,-8.7484
3741289,-8.7467
3741720,-8.7450
3742151,-8.7433
3742581,-8.7416
3743012,-8.7398
3743443,-8.7381
3743874,-8.7364
3744305,-8.7347
3744736,-8.7330
3745168,-8.7313
3745599,-8.7296
3746030,-8.7278
3746461,-8.7261
3746893,-8.7244
3747324,-8.7227
3747756,-8.7210
3748187,-8.7193
3748619,-8.7175
3749050,-8.7158
3749482,-8.7141
3749914,-8.7124
3750345,-8.7106
3750777,-8.7089
3751209,-8.7072
3751641,-8.7055
3752073,-8.7037
3752505,-8.7020
3752937,-8.7003
3753369,-8.6986
3753801,-8.6968
3754233,-8.6951
3754666,-8.6934
3755098,-8.6916
3755530,-8.6899
3755963,-8.6882
3756395,-8.6864
3756828,-8.6847
3757260,-8.6830
3757693,-8.6812
3758125,-8.6795
3758558,-8.6778
3758991,-8.6760
3759424,-8.6743
3759856,-8.6725
3760289,-8.6708
3760722,-8.6691
3761155,-8.6673
3761588,-8.6656
3762021,-8.6638
3762454,-8.6621
3762888,-8.6603
3763321,-8.6586
3763754,-8.6569
3764188,-8.6551
3764621,-8.6534
3765054,-8.6516
3765488,-8.6499
3765921,-8.6481
3766355,-8.6464
3766789,-8.6446
3767222,-8.6429
3767656,-8.6411
3768090,-8.6393
3768524,-8.6376
3768958,-8.6358
3769392,-8.6341
3769826,-8.6323
3770260,-8.6306
3770694,-8.6288
3771128,-8.6271
3771562,-8.6253
3771996,-8.6235
3772431,-8.6218
3772865,-8.6200
3773299,-8.6182
3773734,-8.6165
3774168,-8.6147
3774603,-8.6130
3775037,-8.6112
3775472,-8.6094
3775907,-8.6077
3776341,-8.6059
3776776,-8.6041
3777211,-8.6023
3777646,-8.6006
3778081,-8.5988
3778516,-8.5970
3778951,-8.5953
3779386,-8.5935
3779821,-8.5917
3780256,-8.5899
3780692,-8.5882
3781127,-8.5864
3781562,-8.5846
3781998,-8.5828
3782433,-8.5811
3782869,-8.5793
3783304,-8.5775
3783740,-8.5757
3784175,-8.5739
3784611,-8.5722
3785047,-8.5704
3785483,-8.5686
3785918,-8.5668
3786354,-8.5650
3786790,-8.5632
3787226,-8.5615
3787662,-8.5597
3788098,-8.5579
3788535,-8.5561
3788971,-8.5543
3789407,-8.5525
3789843,-8.5507
3790280,-8.5489
3790716,-8.5471
3791153,-8.5453
3791589,-8.5436
3792026,-8.5418
3792462,-8.5400
3792899,-8.5382
3793335,-8.5364
3793772,-8.5346
3794209,-8.5328
3794646,-8.5310
3795083,-8.5292
3795520,-8.5274
3795957,-8.5256
3796394,-8.5238
3796831,-8.5220
3797268,-8.5202
3797705,-8.5184
3798143,-8.5166
3798580,-8.5148
3799017,-8.5129
3799455,-8.5111
3799892,-8.5093
3800330,-8.5075
3800767,-8.5057
3801205,-8.5039
3801642,-8.5021
3802080,-8.5003
3802518,-8.4985
3802956,-8.4967
3803393,-8.4948
3803831,-8.4930
3804269,-8.4912
3804707,-8.4894
3805145,-8.4876
3805583,-8.4858
3806022,-8.4839
3806460,-8.4821
3806898,-8.4803
3807336,-8.4785
3807775,-8.4767
3808213,-8.4748
3808652,-8.4730
3809090,-8.4712
3809529,-8.4694
3809967,-8.4675
3810406,-8.4657
3810845,-8.4639
3811284,-8.4621
3811722,-8.4602
3812161,-8.4584
3812600,-8.4566
3813039,-8.4547
3813478,-8.4529
3813917,-8.4511
3814356,-8.4493
3814795,-8.4474
3815235,-8.4456
3815674,-8.4438
3816113,-8.4419
3816553,-8.4401
3816992,-8.4382
3817432,-8.4364
3817871,-8.4346
3818311,-8.4327
3818750,-8.4309
3819190,-8.4290
3819630,-8.4272
3820069,-8.4254
3820509,-8.4235
3820949,-8.4217
3821389,-8.4198
3821829,-8.4180
3822269,-8.4161
3822709,-8.4143
3823149,-8.4124
3823589,-8.4106
3824030,-8.4087
3824470,-8.4069
3824910,-8.4050
3825351,-8.4032
3825791,-8.4013
3826232,-8.3995
3826672,-8.3976
3827113,-8.3958
3827553,-8.3939
3827994,-8.3921
3828435,-8.3902
3828876,-8.3884
3829316,-8.3865
3829757,-8.3846
3830198,-8.3828
3830639,-8.3809
3831080,-8.3791
3831521,-8.3772
3831963,-8.3753
3832404,-8.3735
3832845,-8.3716
3833286,-8.3697
3833728,-8.3679
3834169,-8.3660
3834610,-8.3641
3835052,-8.3623
3835494,-8.3604
3835935,-8.3585
3836377,-8.3567
3836818,-8.3548
3837260,-8.3529
3837702,-8.3511
3838144,-8.3492
3838586,-8.3473
3839028,-8.3454
3839470,-8.3436
3839912,-8.3417
3840354,-8.3398
3840796,-8.3379
3841238,-8.3360
3841681,-8.3342
3842123,-8.3323
3842565,-8.3304
3843008,-8.3285
3843450,-8.3266
3843893,-8.3248
3844335,-8.3229
3844778,-8.3210
3845221,-8.3191
3845663,-8.3172
3846106,-8.3153
3846549,-8.3134
3846992,-8.3116
3847435,-8.3097
3847878,-8.3078
3848321,-8.3059
3848764,-8.3040
3849207,-8.3021
3849650,-8.3002
3850093,-8.2983
3850537,-8.2964
3850980,-8.2945
3851423,-8.2926
3851867,-8.2907
3852310,-8.2888
3852754,-8.2869
3853197,-8.2850
3853641,-8.2831
3854085,-8.2812
3854528,-8.2793
3854972,-8.2774
3855416,-8.2755
3855860,-8.2736
3856304,-8.2717
3856748,-8.2698
3857192,-8.2679
3857636,-8.2660
3858080,-8.2641
3858524,-8.2622
3858969,-8.2603
3859413,-8.2584
3859857,-8.2565
3860302,-8.2546
3860746,-8.2526
3861191,-8.2507
3861635,-8.2488
3862080,-8.2469
3862525,-8.2450
3862969,-8.2431
3863414,-8.2412
3863859,-8.2392
3864304,-8.2373
3864749,-8.2354
3865194,-8.2335
3865639,-8.2316
3866084,-8.2296
3866529,-8.2277
3866974,-8.2258
3867419,-8.2239
3867865,-8.2219
3868310,-8.2200
3868755,-8.2181
3869201,-8.2162
3869646,-8.2142
3870092,-8.2123
3870537,-8.2104
3870983,-8.2085
3871429,-8.2065
3871874,-8.2046
3872320,-8.2027
3872766,-8.2007
3873212,-8.1988
3873658,-8.1969
3874104,-8.1949
3874550,-8.1930
3874996,-8.1911
3875442,-8.1891
3875888,-8.1872
3876335,-8.1852
3876781,-8.1833
3877227,-8.1814
3877674,-8.1794
3878120,-8.1775
3878567,-8.1755
3879013,-8.1736
3879460,-8.1716
3879906,-8.1697
3880353,-8.1678
3880800,-8.1658
3881247,-8.1639
3881694,-8.1619
3882141,-8.1600
3882588,-8.1580
3883035,-8.1561
3883482,-8.1541
3883929,-8.1522
3884376,-8.1502
3884823,-8.1483
3885270,-8.1463
3885718,-8.1443
3886165,-8.1424
3886613,-8.1404
3887060,-8.1385
3887508,-8.1365
3887955,-8.1346
3888403,-8.1326
3888851,-8.1306
3889298,-8.1287
3889746,-8.1267
3890194,-8.1248
3890642,-8.1228
3891090,-8.1208
3891538,-8.1189
3891986,-8.1169
3892434,-8.1149
3892882,-8.1130
3893330,-8.1110
3893779,-8.1090
3894227,-8.1071
3894675,-8.1051
3895124,-8.1031
3895572,-8.1011
3896021,-8.0992
3896469,-8.0972
3896918,-8.0952
3897367,-8.0932
3897815,-8.0913
3898264,-8.0893
3898713,-8.0873
3899162,-8.0853
3899611,-8.0834
3900060,-8.0814
3900509,-8.0794
3900958,-8.0774
3901407,-8.0754
3901856,-8.0735
3902305,-8.0715
3902755,-8.0695
3903204,-8.0675
3903653,-8.0655
3904103,-8.0635
3904552,-8.0615
3905002,-8.0596
3905452,-8.0576
3905901,-8.0556
3906351,-8.0536
3906801,-8.0516
3907250,-8.0496
3907700,-8.0476
3908150,-8.0456
3908600,-8.0436
3909050,-8.0416
3909500,-8.0396
3909950,-8.0376
3910401,-8.0356
3910851,-8.0336
3911301,-8.0316
3911751,-8.0296
3912202,-8.0276
3912652,-8.0256
3913103,-8.0236
3913553,-8.0216
3914004,-8.0196
3914455,-8.0176
3914905,-8.0156
3915356,-8.0136
3915807,-8.0116
3916258,-8.0096
3916709,-8.0076
3917159,-8.0056
3917610,-8.0036
3918062,-8.0016
3918513,-7.9995
3918964,-7.9975
3919415,-7.9955
3919866,-7.9935
3920318,-7.9915
3920769,-7.9895
3921220,-7.9875
3921672,-7.9854
3922123,-7.9834
3922575,-7.9814
3923027,-7.9794
3923478,-7.9774
3923930,-7.9753
3924382,-7.9733
3924834,-7.9713
3925286,-7.9693
3925737,-7.9672
3926189,-7.9652
3926642,-7.9632
3927094,-7.9612
3927546,-7.9591
3927998,-7.9571
3928450,-7.9551
3928903,-7.9531
3929355,-7.9510
3929807,-7.9490
3930260,-7.9470
3930712,-7.9449
3931165,-7.9429
3931617,-7.9409
3932070,-7.9388
3932523,-7.9368
3932976,-7.9347
3933428,-7.9327
3933881,-7.9307
3934334,-7.9286
3934787,-7.9266
3935240,-7.9246
3935693,-7.9225
3936147,-7.9205
3936600,-7.9184
3937053,-7.9164
3937506,-7.9143
3937960,-7.9123
3938413,-7.9102
3938866,-7.9082
3939320,-7.9061
3939774,-7.9041
3940227,-7.9020
3940681,-7.9000
3941134,-7.8979
3941588,-7.8959
3942042,-7.8938
3942496,-7.8918
3942950,-7.8897
3943404,-7.8877
3943858,-7.8856
3944312,-7.8836
3944766,-7.8815
3945220,-7.8795
3945674,-7.8774
3946129,-7.8753
3946583,-7.8733
3947038,-7.8712
3947492,-7.8691
3947946,-7.8671
3948401,-7.8650
3948856,-7.8630
3949310,-7.8609
3949765,-7.8588
3950220,-7.8568
3950675,-7.8547
3951129,-7.8526
3951584,-7.8506
3952039,-7.8485
3952494,-7.8464
3952949,-7.8443
3953405,-7.8423
3953860,-7.8402
3954315,-7.8381
3954770,-7.8360
3955226,-7.8340
3955681,-7.8319
3956136,-7.8298
3956592,-7.8277
3957047,-7.8257
3957503,-7.8236
3957959,-7.8215
3958414,-7.8194
3958870,-7.8173
3959326,-7.8152
3959782,-7.8132
3960238,-7.8111
3960694,-7.8090
3961150,-7.8069
3961606,-7.8048
3962062,-7.8027
3962518,-7.8006
3962974,-7.7986
3963431,-7.7965
3963887,-7.7944
3964343,-7.7923
3964800,-7.7902
3965256,-7.7881
3965713,-7.7860
3966169,-7.7839
3966626,-7.7818
3967083,-7.7797
3967539,-7.7776
3967996,-7.7755
3968453,-7.7734
3968910,-7.7713
3969367,-7.7692
3969824,-7.7671
3970281,-7.7650
3970738,-7.7629
3971195,-7.7608
3971653,-7.7587
3972110,-7.7566
3972567,-7.7545
3973025,-7.7524
3973482,-7.7503
3973940,-7.7482
3974397,-7.7461
3974855,-7.7439
3975312,-7.7418
3975770,-7.7397
3976228,-7.7376
3976686,-7.7355
3977143,-7.7334
3977601,-7.7313
3978059,-7.7292
3978517,-7.7270
3978975,-7.7249
3979434,-7.7228
3979892,-7.7207
3980350,-7.7186
3980808,-7.7164
3981267,-7.7143
3981725,-7.7122
3982183,-7.7101
3982642,-7.7080
3983100,-7.7058
3983559,-7.7037
3984018,-7.7016
3984476,-7.6994
3984935,-7.6973
3985394,-7.6952
3985853,-7.6931
3986312,-7.6909
3986771,-7.6888
3987230,-7.6867
3987689,-7.6845
3988148,-7.6824
3988607,-7.6803
3989066,-7.6781
3989526,-7.6760
3989985,-7.6739
3990444,-7.6717
3990904,-7.6696
3991363,-7.6674
3991823,-7.6653
3992282,-7.6632
3992742,-7.6610
3993202,-7.6589
3993662,-7.6567
3994121,-7.6546
3994581,-7.6524
3995041,-7.6503
3995501,-7.6481
3995961,-7.6460
3996421,-7.6439
3996881,-7.6417
3997342,-7.6396
3997802,-7.6374
3998262,-7.6352
3998722,-7.6331
3999183,-7.6309
3999643,-7.6288
4000104,-7.6266
4000564,-7.6245
4001025,-7.6223
4001486,-7.6202
4001946,-7.6180
4002407,-7.6158
4002868,-7.6137
4003329,-7.6115
4003790,-7.6094
4004251,-7.6072
4004712,-7.6050
4005173,-7.6029
4005634,-7.6007
4006095,-7.5985
4006556,-7.5964
4007018,-7.5942
4007479,-7.5920
4007940,-7.5899
4008402,-7.5877
4008863,-7.5855
4009325,-7.5834
4009787,-7.5812
4010248,-7.5790
4010710,-7.5768
4011172,-7.5747
4011634,-7.5725
4012095,-7.5703
4012557,-7.5681
4013019,-7.5660
4013481,-7.5638
4013943,-7.5616
4014406,-7.5594
4014868,-7.5572
4015330,-7.5551
4015792,-7.5529
4016255,-7.5507
4016717,-7.5485
4017180,-7.5463
4017642,-7.5441
4018105,-7.5420
4018567,-7.5398
4019030,-7.5376
4019493,-7.5354
4019956,-7.5332
4020418,-7.5310
4020881,-7.5288
4021344,-7.5266
4021807,-7.5244
4022270,-7.5222
4022733,-7.5200
4023197,-7.5178
4023660,-7.5156
4024123,-7.5134
4024586,-7.5112
4025050,-7.5090
4025513,-7.5068
4025977,-7.5046
4026440,-7.5024
4026904,-7.5002
4027367,-7.4980
4027831,-7.4958
4028295,-7.4936
4028759,-7.4914
4029223,-7.4892
4029686,-7.4870
4030150,-7.4848
4030614,-7.4826
4031078,-7.4804
4031543,-7.4782
4032007,-7.4760
4032471,-7.4737
4032935,-7.4715
4033400,-7.4693
4033864,-7.4671
4034328,-7.4649
4034793,-7.4627
4035258,-7.4605
4035722,-7.4582
4036187,-7.4560
4036651,-7.4538
4037116,-7.4516
4037581,-7.4494
4038046,-7.4471
4038511,-7.4449
4038976,-7.4427
4039441,-7.4405
4039906,-7.4382
4040371,-7.4360
4040836,-7.4338
4041302,-7.4315
4041767,-7.4293
4042232,-7.4271
4042698,-7.4249
4043163,-7.4226
4043629,-7.4204
4044094,-7.4182
4044560,-7.4159
4045025,-7.4137
4045491,-7.4115
4045957,-7.4092
4046423,-7.4070
4046889,-7.4047
4047355,-7.4025
4047821,-7.4003
4048287,-7.3980
4048753,-7.3958
4049219,-7.3935
4049685,-7.3913
4050151,-7.3890
4050618,-7.3868
4051084,-7.3846
4051550,-7.3823
4052017,-7.3801
4052483,-7.3778
4052950,-7.3756
4053417,-7.3733
4053883,-7.3711
4054350,-7.3688
4054817,-7.3666
4055284,-7.3643
4055751,-7.3620
4056218,-7.3598
4056685,-7.3575
4057152,-7.3553
4057619,-7.3530
4058086,-7.3508
4058553,-7.3485
4059021,-7.3462
4059488,-7.3440
4059955,-7.3417
4060423,-7.3395
4060890,-7.3372
4061358,-7.3349
4061825,-7.3327
4062293,-7.3304
4062761,-7.3281
4063229,-7.3259
4063696,-7.3236
4064164,-7.3213
4064632,-7.3191
4065100,-7.3168
4065568,-7.3145
4066036,-7.3122
4066504,-7.3100
4066973,-7.3077
4067441,-7.3054
4067909,-7.3031
4068378,-7.3009
4068846,-7.2986
4069314,-7.2963
4069783,-7.2940
4070252,-7.2917
4070720,-7.2895
4071189,-7.2872
4071658,-7.2849
4072126,-7.2826
4072595,-7.2803
4073064,-7.2780
4073533,-7.2758
4074002,-7.2735
4074471,-7.2712
4074940,-7.2689
4075410,-7.2666
4075879,-7.2643
4076348,-7.2620
4076817,-7.2597
4077287,-7.2574
4077756,-7.2551
4078226,-7.2528
4078695,-7.2505
4079165,-7.2482
4079634,-7.2459
4080104,-7.2436
4080574,-7.2413
4081044,-7.2390
4081514,-7.2367
4081984,-7.2344
4082454,-7.2321
4082924,-7.2298
4083394,-7.2275
4083864,-7.2252
4084334,-7.2229
4084804,-7.2206
4085275,-7.2183
4085745,-7.2160
4086215,-7.2137
4086686,-7.2114
4087156,-7.2091
4087627,-7.2068
4088098,-7.2044
4088568,-7.2021
4089039,-7.1998
4089510,-7.1975
4089981,-7.1952
4090452,-7.1929
4090923,-7.1905
4091394,-7.1882
4091865,-7.1859
4092336,-7.1836
4092807,-7.1813
4093278,-7.1789
4093749,-7.1766
4094221,-7.1743
4094692,-7.1720
4095164,-7.1696
4095635,-7.1673
4096107,-7.1650
4096578,-7.1627
4097050,-7.1603
4097522,-7.1580
4097993,-7.1557
4098465,-7.1533
4098937,-7.1510
4099409,-7.1487
4099881,-7.1463
4100353,-7.1440
4100825,-7.1417
4101297,-7.1393
4101770,-7.1370
4102242,-7.1346
4102714,-7.1323
4103186,-7.1300
4103659,-7.1276
4104131,-7.1253
4104604,-7.1229
4105076,-7.1206
4105549,-7.1182
4106022,-7.1159
4106495,-7.1136
4106967,-7.1112
4107440,-7.1089
4107913,-7.1065
4108386,-7.1042
4108859,-7.1018
4109332,-7.0995
4109805,-7.0971
4110279,-7.0947
4110752,-7.0924
4111225,-7.0900
4111698,-7.0877
4112172,-7.0853
4112645,-7.0830
4113119,-7.0806
4113592,-7.0782
4114066,-7.0759
4114540,-7.0735
4115013,-7.0712
4115487,-7.0688
4115961,-7.0664
4116435,-7.0641
4116909,-7.0617
4117383,-7.0593
4117857,-7.0570
4118331,-7.0546
4118805,-7.0522
4119279,-7.0499
4119754,-7.0475
4120228,-7.0451
4120702,-7.0427
4121177,-7.0404
4121651,-7.0380
4122126,-7.0356
4122601,-7.0332
4123075,-7.0309
4123550,-7.0285
4124025,-7.0261
4124499,-7.0237
4124974,-7.0213
4125449,-7.0190
4125924,-7.0166
4126399,-7.0142
4126874,-7.0118
4127350,-7.0094
4127825,-7.0070
4128300,-7.0047
4128775,-7.0023
4129251,-6.9999
4129726,-6.9975
4130202,-6.9951
4130677,-6.9927
4131153,-6.9903
4131628,-6.9879
4132104,-6.9855
4132580,-6.9831
4133056,-6.9807
4133532,-6.9783
4134007,-6.9759
4134483,-6.9735
4134959,-6.9711
4135436,-6.9687
4135912,-6.9663
4136388,-6.9639
4136864,-6.9615
4137340,-6.9591
4137817,-6.9567
4138293,-6.9543
4138770,-6.9519
4139246,-6.9495
4139723,-6.9471
4140199,-6.9447
4140676,-6.9423
4141153,-6.9399
4141630,-6.9375
4142106,-6.9350
4142583,-6.9326
4143060,-6.9302
4143537,-6.9278
4144014,-6.9254
4144492,-6.9230
4144969,-6.9205
4145446,-6.9181
4145923,-6.9157
4146401,-6.9133
4146878,-6.9109
4147355,-6.9084
4147833,-6.9060
4148310,-6.9036
4148788,-6.9012
4149266,-6.8987
4149744,-6.8963
4150221,-6.8939
4150699,-6.8915
4151177,-6.8890
4151655,-6.8866
4152133,-6.8842
4152611,-6.8817
4153089,-6.8793
4153567,-6.8769
4154046,-6.8744
4154524,-6.8720
4155002,-6.8696
4155481,-6.8671
4155959,-6.8647
4156438,-6.8622
4156916,-6.8598
4157395,-6.8574
4157873,-6.8549
4158352,-6.8525
4158831,-6.8500
4159310,-6.8476
4159789,-6.8451
4160267,-6.8427
4160746,-6.8402
4161226,-6.8378
4161705,-6.8353
4162184,-6.8329
4162663,-6.8304
4163142,-6.8280
4163622,-6.8255
4164101,-6.8231
4164580,-6.8206
4165060,-6.8182
4165539,-6.8157
4166019,-6.8133
4166499,-6.8108
4166978,-6.8083
4167458,-6.8059
4167938,-6.8034
4168418,-6.8010
4168898,-6.7985
4169378,-6.7960
4169858,-6.7936
4170338,-6.7911
4170818,-6.7886
4171298,-6.7862
4171779,-6.7837
4172259,-6.7812
4172739,-6.7788
4173220,-6.7763
4173700,-6.7738
4174181,-6.7713
4174661,-6.7689
4175142,-6.7664
4175623,-6.7639
4176104,-6.7614
4176584,-6.7590
4177065,-6.7565
4177546,-6.7540
4178027,-6.7515
4178508,-6.7490
4178989,-6.7466
4179470,-6.7441
4179952,-6.7416
4180433,-6.7391
4180914,-6.7366
4181396,-6.7341
4181877,-6.7317
4182358,-6.7292
4182840,-6.7267
4183322,-6.7242
4183803,-6.7217
4184285,-6.7192
4184767,-6.7167
4185249,-6.7142
4185730,-6.7117
4186212,-6.7092
4186694,-6.7067
4187176,-6.7042
4187658,-6.7017
4188141,-6.6992
4188623,-6.6967
4189105,-6.6942
4189587,-6.6917
4190070,-6.6892
4190552,-6.6867
4191035,-6.6842
4191517,-6.6817
4192000,-6.6792
4192482,-6.6767
4192965,-6.6742
4193448,-6.6717
4193931,-6.6692
4194414,-6.6667
4194897,-6.6641
4195380,-6.6616
4195863,-6.6591
4196346,-6.6566
4196829,-6.6541
4197312,-6.6516
4197795,-6.6491
4198279,-6.6465
4198762,-6.6440
4199245,-6.6415
4199729,-6.6390
4200212,-6.6365
4200696,-6.6339
4201180,-6.6314
4201663,-6.6289
4202147,-6.6264
4202631,-6.6238
4203115,-6.6213
4203599,-6.6188
4204083,-6.6162
4204567,-6.6137
4205051,-6.6112
4205535,-6.6086
4206019,-6.6061
4206504,-6.6036
4206988,-6.6010
4207472,-6.5985
4207957,-6.5960
4208441,-6.5934
4208926,-6.5909
4209410,-6.5884
4209895,-6.5858
4210380,-6.5833
4210864,-6.5807
4211349,-6.5782
4211834,-6.5756
4212319,-6.5731
4212804,-6.5705
4213289,-6.5680
4213774,-6.5654
4214259,-6.5629
4214745,-6.5603
4215230,-6.5578
4215715,-6.5552
4216200,-6.5527
4216686,-6.5501
4217171,-6.5476
4217657,-6.5450
4218143,-6.5425
4218628,-6.5399
4219114,-6.5374
4219600,-6.5348
4220086,-6.5322
4220571,-6.5297
4221057,-6.5271
4221543,-6.5245
4222029,-6.5220
4222516,-6.5194
4223002,-6.5169
4223488,-6.5143
4223974,-6.5117
4224461,-6.5091
4224947,-6.5066
4225433,-6.5040
4225920,-6.5014
4226406,-6.4989
4226893,-6.4963
4227380,-6.4937
4227866,-6.4911
4228353,-6.4886
4228840,-6.4860
4229327,-6.4834
4229814,-6.4808
4230301,-6.4782
4230788,-6.4757
4231275,-6.4731
4231762,-6.4705
4232249,-6.4679
4232737,-6.4653
4233224,-6.4627
4233711,-6.4602
4234199,-6.4576
4234686,-6.4550
4235174,-6.4524
4235662,-6.4498
4236149,-6.4472
4236637,-6.4446
4237125,-6.4420
4237613,-6.4394
4238101,-6.4368
4238588,-6.4342
4239077,-6.4316
4239565,-6.4290
4240053,-6.4264
4240541,-6.4238
4241029,-6.4212
4241517,-6.4186
4242006,-6.4160
4242494,-6.4134
4242983,-6.4108
4243471,-6.4082
4243960,-6.4056
4244448,-6.4030
4244937,-6.4004
4245426,-6.3978
4245915,-6.3952
4246403,-6.3926
4246892,-6.3900
4247381,-6.3873
4247870,-6.3847
4248359,-6.3821
4248849,-6.3795
4249338,-6.3769
4249827,-6.3743
4250316,-6.3716
4250806,-6.3690
4251295,-6.3664
4251785,-6.3638
4252274,-6.3612
4252764,-6.3585
4253253,-6.3559
4253743,-6.3533
4254233,-6.3507
4254723,-6.3480
4255213,-6.3454
4255702,-6.3428
4256192,-6.3401
4256682,-6.3375
4257173,-6.3349
4257663,-6.3322
4258153,-6.3296
4258643,-6.3270
4259134,-6.3243
4259624,-6.3217
4260114,-6.3191
4260605,-6.3164
4261095,-6.3138
4261586,-6.3111
4262077,-6.3085
4262567,-6.3059
4263058,-6.3032
4263549,-6.3006
4264040,-6.2979
4264531,-6.2953
4265022,-6.2926
4265513,-6.2900
4266004,-6.2873
4266495,-6.2847
4266986,-6.2820
4267478,-6.2794
4267969,-6.2767
4268460,-6.2741
4268952,-6.2714
4269443,-6.2687
4269935,-6.2661
4270427,-6.2634
4270918,-6.2608
4271410,-6.2581
4271902,-6.2555
4272394,-6.2528
4272885,-6.2501
4273377,-6.2475
4273869,-6.2448
4274362,-6.2421
4274854,-6.2395
4275346,-6.2368
4275838,-6.2341
4276330,-6.2315
4276823,-6.2288
4277315,-6.2261
4277808,-6.2234
4278300,-6.2208
4278793,-6.2181
4279285,-6.2154
4279778,-6.2127
4280271,-6.2101
4280764,-6.2074
4281257,-6.2047
4281749,-6.2020
4282242,-6.1993
4282736,-6.1966
4283229,-6.1940
4283722,-6.1913
4284215,-6.1886
4284708,-6.1859
4285202,-6.1832
4285695,-6.1805
4286188,-6.1778
4286682,-6.1752
4287175,-6.1725
4287669,-6.1698
4288163,-6.1671
4288656,-6.1644
4289150,-6.1617
4289644,-6.1590
4290138,-6.1563
4290632,-6.1536
4291126,-6.1509
4291620,-6.1482
4292114,-6.1455
4292608,-6.1428
4293102,-6.1401
4293597,-6.1374
4294091,-6.1347
4294586,-6.1320
4295080,-6.1293
4295574,-6.1265
4296069,-6.1238
4296564,-6.1211
4297058,-6.1184
4297553,-6.1157
4298048,-6.1130
4298543,-6.1103
4299038,-6.1076
4299533,-6.1048
4300028,-6.1021
4300523,-6.0994
4301018,-6.0967
4301513,-6.0940
4302008,-6.0912
4302504,-6.0885
4302999,-6.0858
4303495,-6.0831
4303990,-6.0804
4304486,-6.0776
4304981,-6.0749
4305477,-6.0722
4305973,-6.0694
4306468,-6.0667
4306964,-6.0640
4307460,-6.0612
4307956,-6.0585
4308452,-6.0558
4308948,-6.0530
4309444,-6.0503
4309940,-6.0476
4310437,-6.0448
4310933,-6.0421
4311429,-6.0393
4311926,-6.0366
4312422,-6.0339
4312919,-6.0311
4313415,-6.0284
4313912,-6.0256
4314408,-6.0229
4314905,-6.0201
4315402,-6.0174
4315899,-6.0146
4316396,-6.0119
4316893,-6.0091
4317390,-6.0064
4317887,-6.0036
4318384,-6.0009
4318881,-5.9981
4319378,-5.9954
4319876,-5.9926
4320373,-5.9899
4320871,-5.9871
4321368,-5.9843
4321866,-5.9816
4322363,-5.9788
4322861,-5.9760
4323359,-5.9733
4323856,-5.9705
4324354,-5.9677
4324852,-5.9650
4325350,-5.9622
4325848,-5.9594
4326346,-5.9567
4326844,-5.9539
4327342,-5.9511
4327841,-5.9484
4328339,-5.9456
4328837,-5.9428
4329336,-5.9400
4329834,-5.9372
4330333,-5.9345
4330831,-5.9317
4331330,-5.9289
4331829,-5.9261
4332327,-5.9233
4332826,-5.9206
4333325,-5.9178
4333824,-5.9150
4334323,-5.9122
4334822,-5.9094
4335321,-5.9066
4335820,-5.9038
4336319,-5.9010
4336819,-5.8983
4337318,-5.8955
4337817,-5.8927
4338317,-5.8899
4338816,-5.8871
4339316,-5.8843
4339815,-5.8815
4340315,-5.8787
4340815,-5.8759
4341315,-5.8731
4341814,-5.8703
4342314,-5.8675
4342814,-5.8647
4343314,-5.8619
4343814,-5.8591
4344314,-5.8563
4344815,-5.8534
4345315,-5.8506
4345815,-5.8478
4346316,-5.8450
4346816,-5.8422
4347316,-5.8394
4347817,-5.8366
4348318,-5.8338
4348818,-5.8309
4349319,-5.8281
4349820,-5.8253
4350321,-5.8225
4350821,-5.8197
4351322,-5.8168
4351823,-5.8140
4352324,-5.8112
4352825,-5.8084
4353327,-5.8055
4353828,-5.8027
4354329,-5.7999
4354830,-5.7971
4355332,-5.7942
4355833,-5.7914
4356335,-5.7886
4356836,-5.7857
4357338,-5.7829
4357840,-5.7801
4358341,-5.7772
4358843,-5.7744
4359345,-5.7716
4359847,-5.7687
4360349,-5.7659
4360851,-5.7630
4361353,-5.7602
4361855,-5.7574
4362358,-5.7545
4362860,-5.7517
4363362,-5.7488
4363864,-5.7460
4364367,-5.7431
4364869,-5.7403
4365372,-5.7374
4365875,-5.7346
4366377,-5.7317
4366880,-5.7289
4367383,-5.7260
4367886,-5.7232
4368388,-5.7203
4368891,-5.7174
4369394,-5.7146
4369898,-5.7117
4370401,-5.7089
4370904,-5.7060
4371407,-5.7031
4371910,-5.7003
4372414,-5.6974
4372917,-5.6945
4373421,-5.6917
4373924,-5.6888
4374428,-5.6859
4374931,-5.6831
4375435,-5.6802
4375939,-5.6773
4376443,-5.6744
4376947,-5.6716
4377451,-5.6687
4377955,-5.6658
4378459,-5.6629
4378963,-5.6601
4379467,-5.6572
4379971,-5.6543
4380475,-5.6514
4380980,-5.6485
4381484,-5.6456
4381989,-5.6428
4382493,-5.6399
4382998,-5.6370
4383502,-5.6341
4384007,-5.6312
4384512,-5.6283
4385017,-5.6254
4385522,-5.6225
4386027,-5.6196
4386532,-5.6167
4387037,-5.6139
4387542,-5.6110
4388047,-5.6081
4388552,-5.6052
4389057,-5.6023
4389563,-5.5994
4390068,-5.5965
4390574,-5.5935
4391079,-5.5906
4391585,-5.5877
4392090,-5.5848
4392596,-5.5819
4393102,-5.5790
4393607,-5.5761
4394113,-5.5732
4394619,-5.5703
4395125,-5.5674
4395631,-5.5645
4396137,-5.5615
4396644,-5.5586
4397150,-5.5557
4397656,-5.5528
4398162,-5.5499
4398669,-5.5470
4399175,-5.5440
4399682,-5.5411
4400188,-5.5382
4400695,-5.5353
4401202,-5.5323
4401708,-5.5294
4402215,-5.5265
4402722,-5.5236
4403229,-5.5206
4403736,-5.5177
4404243,-5.5148
4404750,-5.5118
4405257,-5.5089
4405764,-5.5060
4406272,-5.5030
4406779,-5.5001
4407286,-5.4971
4407794,-5.4942
4408301,-5.4913
4408809,-5.4883
4409316,-5.4854
4409824,-5.4824
4410332,-5.4795
4410839,-5.4765
4411347,-5.4736
4411855,-5.4706
4412363,-5.4677
4412871,-5.4647
4413379,-5.4618
4413887,-5.4588
4414396,-5.4559
4414904,-5.4529
4415412,-5.4500
4415921,-5.4470
4416429,-5.4441
4416938,-5.4411
4417446,-5.4381
4417955,-5.4352
4418463,-5.4322
4418972,-5.4293
4419481,-5.4263
4419990,-5.4233
4420499,-5.4204
4421008,-5.4174
4421517,-5.4144
4422026,-5.4115
4422535,-5.4085
4423044,-5.4055
4423553,-5.4025
4424063,-5.3996
4424572,-5.3966
4425081,-5.3936
4425591,-5.3906
4426100,-5.3877
4426610,-5.3847
4427120,-5.3817
4427629,-5.3787
4428139,-5.3757
4428649,-5.3727
4429159,-5.3698
4429669,-5.3668
4430179,-5.3638
4430689,-5.3608
4431199,-5.3578
4431709,-5.3548
4432219,-5.3518
4432730,-5.3488
4433240,-5.3458
4433751,-5.3428
4434261,-5.3398
4434772,-5.3368
4435282,-5.3338
4435793,-5.3308
4436304,-5.3278
4436814,-5.3248
4437325,-5.3218
4437836,-5.3188
4438347,-5.3158
4438858,-5.3128
4439369,-5.3098
4439880,-5.3068
4440391,-5.3038
4440903,-5.3008
4441414,-5.2978
4441925,-5.2948
4442437,-5.2918
4442948,-5.2887
4443460,-5.2857
4443971,-5.2827
4444483,-5.2797
4444995,-5.2767
4445507,-5.2736
4446018,-5.2706
4446530,-5.2676
4447042,-5.2646
4447554,-5.2615
4448066,-5.2585
4448578,-5.2555
4449091,-5.2525
4449603,-5.2494
4450115,-5.2464
4450628,-5.2434
4451140,-5.2403
4451652,-5.2373
4452165,-5.2343
4452678,-5.2312
4453190,-5.2282
4453703,-5.2252
4454216,-5.2221
4454729,-5.2191
4455242,-5.2160
4455755,-5.2130
4456268,-5.2100
4456781,-5.2069
4457294,-5.2039
4457807,-5.2008
4458320,-5.1978
4458833,-5.1947
4459347,-5.1917
4459860,-5.1886
4460374,-5.1856
4460887,-5.1825
4461401,-5.1794
4461915,-5.1764
4462428,-5.1733
4462942,-5.1703
4463456,-5.1672
4463970,-5.1642
4464484,-5.1611
4464998,-5.1580
4465512,-5.1550
4466026,-5.1519
4466540,-5.1488
4467055,-5.1458
4467569,-5.1427
4468083,-5.1396
4468598,-5.1366
4469112,-5.1335
4469627,-5.1304
4470141,-5.1273
4470656,-5.1243
4471171,-5.1212
4471686,-5.1181
4472200,-5.1150
4472715,-5.1119
4473230,-5.1089
4473745,-5.1058
4474260,-5.1027
4474776,-5.0996
4475291,-5.0965
4475806,-5.0934
4476321,-5.0903
4476837,-5.0873
4477352,-5.0842
4477868,-5.0811
4478383,-5.0780
4478899,-5.0749
4479415,-5.0718
4479930,-5.0687
4480446,-5.0656
4480962,-5.0625
4481478,-5.0594
4481994,-5.0563
4482510,-5.0532
4483026,-5.0501
4483542,-5.0470
4484058,-5.0439
4484575,-5.0408
4485091,-5.0377
4485607,-5.0346
4486124,-5.0315
4486640,-5.0283
4487157,-5.0252
4487674,-5.0221
4488190,-5.0190
4488707,-5.0159
4489224,-5.0128
4489741,-5.0096
4490258,-5.0065
4490775,-5.0034
4491292,-5.0003
4491809,-4.9972
4492326,-4.9940
4492843,-4.9909
4493360,-4.9878
4493878,-4.9847
4494395,-4.9815
4494913,-4.9784
4495430,-4.9753
4495948,-4.9721
4496465,-4.9690
4496983,-4.9659
4497501,-4.9627
4498019,-4.9596
4498537,-4.9565
4499055,-4.9533
4499573,-4.9502
4500091,-4.9470
4500609,-4.9439
4501127,-4.9408
4501645,-4.9376
4502163,-4.9345
4502682,-4.9313
4503200,-4.9282
4503719,-4.9250
4504237,-4.9219
4504756,-4.9187
4505274,-4.9156
4505793,-4.9124
4506312,-4.9093
4506831,-4.9061
4507350,-4.9029
4507869,-4.8998
4508388,-4.8966
4508907,-4.8935
4509426,-4.8903
4509945,-4.8871
4510464,-4.8840
4510984,-4.8808
4511503,-4.8776
4512022,-4.8745
4512542,-4.8713
4513062,-4.8681
4513581,-4.8650
4514101,-4.8618
4514621,-4.8586
4515140,-4.8554
4515660,-4.8523
4516180,-4.8491
4516700,-4.8459
4517220,-4.8427
4517740,-4.8395
4518260,-4.8364
4518781,-4.8332
4519301,-4.8300
4519821,-4.8268
4520342,-4.8236
4520862,-4.8204
4521383,-4.8172
4521903,-4.8141
4522424,-4.8109
4522944,-4.8077
4523465,-4.8045
4523986,-4.8013
4524507,-4.7981
4525028,-4.7949
4525549,-4.7917
4526070,-4.7885
4526591,-4.7853
4527112,-4.7821
4527633,-4.7789
4528155,-4.7757
4528676,-4.7725
4529197,-4.7693
4529719,-4.7660
4530240,-4.7628
4530762,-4.7596
4531284,-4.7564
4531805,-4.7532
4532327,-4.7500
4532849,-4.7468
4533371,-4.7436
4533893,-4.7403
4534415,-4.7371
4534937,-4.7339
4535459,-4.7307
4535981,-4.7275
4536504,-4.7242
4537026,-4.7210
4537548,-4.7178
4538071,-4.7145
4538593,-4.7113
4539116,-4.7081
4539638,-4.7049
4540161,-4.7016
4540684,-4.6984
4541207,-4.6952
4541729,-4.6919
4542252,-4.6887
4542775,-4.6854
4543298,-4.6822
4543821,-4.6790
4544345,-4.6757
4544868,-4.6725
4545391,-4.6692
4545914,-4.6660
4546438,-4.6627
4546961,-4.6595
4547485,-4.6562
4548008,-4.6530
4548532,-4.6497
4549056,-4.6465
4549579,-4.6432
4550103,-4.6400
4550627,-4.6367
4551151,-4.6335
4551675,-4.6302
4552199,-4.6269
4552723,-4.6237
4553247,-4.6204
4553772,-4.6172
4554296,-4.6139
4554820,-4.6106
4555345,-4.6074
4555869,-4.6041
4556394,-4.6008
4556918,-4.5975
4557443,-4.5943
4557968,-4.5910
4558493,-4.5877
4559017,-4.5844
4559542,-4.5812
4560067,-4.5779
4560592,-4.5746
4561117,-4.5713
4561643,-4.5680
4562168,-4.5648
4562693,-4.5615
4563218,-4.5582
4563744,-4.5549
4564269,-4.5516
4564795,-4.5483
4565320,-4.5450
4565846,-4.5417
4566372,-4.5384
4566897,-4.5352
4567423,-4.5319
4567949,-4.5286
4568475,-4.5253
4569001,-4.5220
4569527,-4.5187
4570053,-4.5154
4570579,-4.5121
4571106,-4.5087
4571632,-4.5054
4572158,-4.5021
4572685,-4.4988
4573211,-4.4955
4573738,-4.4922
4574264,-4.4889
4574791,-4.4856
4575318,-4.4823
4575844,-4.4790
4576371,-4.4756
4576898,-4.4723
4577425,-4.4690
4577952,-4.4657
4578479,-4.4624
4579006,-4.4590
4579534,-4.4557
4580061,-4.4524
4580588,-4.4491
4581116,-4.4457
4581643,-4.4424
4582171,-4.4391
4582698,-4.4357
4583226,-4.4324
4583754,-4.4291
4584281,-4.4257
4584809,-4.4224
4585337,-4.4191
4585865,-4.4157
4586393,-4.4124
4586921,-4.4090
4587449,-4.4057
4587977,-4.4023
4588505,-4.3990
4589034,-4.3956
4589562,-4.3923
4590091,-4.3889
4590619,-4.3856
4591148,-4.3822
4591676,-4.3789
4592205,-4.3755
4592734,-4.3722
4593262,-4.3688
4593791,-4.3655
4594320,-4.3621
4594849,-4.3587
4595378,-4.3554
4595907,-4.3520
4596436,-4.3487
4596966,-4.3453
4597495,-4.3419
4598024,-4.3386
4598554,-4.3352
4599083,-4.3318
4599613,-4.3284
4600142,-4.3251
4600672,-4.3217
4601202,-4.3183
4601731,-4.3149
4602261,-4.3116
4602791,-4.3082
4603321,-4.3048
4603851,-4.3014
4604381,-4.2980
4604911,-4.2946
4605441,-4.2913
4605972,-4.2879
4606502,-4.2845
4607032,-4.2811
4607563,-4.2777
4608093,-4.2743
4608624,-4.2709
4609154,-4.2675
4609685,-4.2641
4610216,-4.2607
4610747,-4.2573
4611277,-4.2539
4611808,-4.2505
4612339,-4.2471
4612870,-4.2437
4613402,-4.2403
4613933,-4.2369
4614464,-4.2335
4614995,-4.2301
4615527,-4.2267
4616058,-4.2233
4616589,-4.2198
4617121,-4.2164
4617653,-4.2130
4618184,-4.2096
4618716,-4.2062
4619248,-4.2028
4619780,-4.1993
4620311,-4.1959
4620843,-4.1925
4621375,-4.1891
4621908,-4.1856
4622440,-4.1822
4622972,-4.1788
4623504,-4.1753
4624037,-4.1719
4624569,-4.1685
4625101,-4.1650
4625634,-4.1616
4626166,-4.1582
4626699,-4.1547
4627232,-4.1513
4627765,-4.1479
4628297,-4.1444
4628830,-4.1410
4629363,-4.1375
4629896,-4.1341
4630429,-4.1306
4630962,-4.1272
4631496,-4.1237
4632029,-4.1203
4632562,-4.1168
4633096,-4.1134
4633629,-4.1099
4634162,-4.1065
4634696,-4.1030
4635230,-4.0996
4635763,-4.0961
4636297,-4.0926
4636831,-4.0892
4637365,-4.0857
4637899,-4.0822
4638433,-4.0788
4638967,-4.0753
4639501,-4.0718
4640035,-4.0684
4640569,-4.0649
4641104,-4.0614
4641638,-4.0579
4642172,-4.0545
4642707,-4.0510
4643241,-4.0475
4643776,-4.0440
4644311,-4.0405
4644845,-4.0371
4645380,-4.0336
4645915,-4.0301
4646450,-4.0266
4646985,-4.0231
4647520,-4.0196
4648055,-4.0161
4648590,-4.0126
4649125,-4.0091
4649661,-4.0057
4650196,-4.0022
4650731,-3.9987
4651267,-3.9952
4651802,-3.9917
4652338,-3.9882
4652874,-3.9847
4653409,-3.9812
4653945,-3.9776
4654481,-3.9741
4655017,-3.9706
4655553,-3.9671
4656089,-3.9636
4656625,-3.9601
4657161,-3.9566
4657697,-3.9531
4658234,-3.9496
4658770,-3.9460
4659306,-3.9425
4659843,-3.9390
4660379,-3.9355
4660916,-3.9320
4661452,-3.9284
4661989,-3.9249
4662526,-3.9214
4663063,-3.9178
4663600,-3.9143
4664137,-3.9108
4664674,-3.9073
4665211,-3.9037
4665748,-3.9002
4666285,-3.8966
4666822,-3.8931
4667360,-3.8896
4667897,-3.8860
4668434,-3.8825
4668972,-3.8789
4669509,-3.8754
4670047,-3.8719
4670585,-3.8683
4671122,-3.8648
4671660,-3.8612
4672198,-3.8577
4672736,-3.8541
4673274,-3.8506
4673812,-3.8470
4674350,-3.8434
4674888,-3.8399
4675427,-3.8363
4675965,-3.8328
4676503,-3.8292
4677042,-3.8256
4677580,-3.8221
4678119,-3.8185
4678658,-3.8149
4679196,-3.8114
4679735,-3.8078
4680274,-3.8042
4680813,-3.8006
4681352,-3.7971
4681891,-3.7935
4682430,-3.7899
4682969,-3.7863
4683508,-3.7828
4684047,-3.7792
4684586,-3.7756
4685126,-3.7720
4685665,-3.7684
4686205,-3.7648
4686744,-3.7613
4687284,-3.7577
4687824,-3.7541
4688363,-3.7505
4688903,-3.7469
4689443,-3.7433
4689983,-3.7397
4690523,-3.7361
4691063,-3.7325
4691603,-3.7289
4692143,-3.7253
4692683,-3.7217
4693224,-3.7181
4693764,-3.7145
4694304,-3.7109
4694845,-3.7073
4695386,-3.7036
4695926,-3.7000
4696467,-3.6964
4697008,-3.6928
4697548,-3.6892
4698089,-3.6856
4698630,-3.6820
4699171,-3.6783
4699712,-3.6747
4700253,-3.6711
4700794,-3.6675
4701336,-3.6638
4701877,-3.6602
4702418,-3.6566
4702960,-3.6530
4703501,-3.6493
4704043,-3.6457
4704584,-3.6421
4705126,-3.6384
4705668,-3.6348
4706209,-3.6311
4706751,-3.6275
4707293,-3.6239
4707835,-3.6202
4708377,-3.6166
4708919,-3.6129
4709462,-3.6093
4710004,-3.6056
4710546,-3.6020
4711088,-3.5983
4711631,-3.5947
4712173,-3.5910
4712716,-3.5874
4713258,-3.5837
4713801,-3.5801
4714344,-3.5764
4714887,-3.5727
4715429,-3.5691
4715972,-3.5654
4716515,-3.5617
4717058,-3.5581
4717602,-3.5544
4718145,-3.5507
4718688,-3.5471
4719231,-3.5434
4719775,-3.5397
4720318,-3.5360
4720861,-3.5324
4721405,-3.5287
4721949,-3.5250
4722492,-3.5213
4723036,-3.5176
4723580,-3.5140
4724124,-3.5103
4724668,-3.5066
4725212,-3.5029
4725756,-3.4992
4726300,-3.4955
4726844,-3.4918
4727388,-3.4881
4727932,-3.4844
4728477,-3.4807
4729021,-3.4770
4729566,-3.4733
4730110,-3.4696
4730655,-3.4659
4731199,-3.4622
4731744,-3.4585
4732289,-3.4548
4732834,-3.4511
4733379,-3.4474
4733924,-3.4437
4734469,-3.4400
4735014,-3.4363
4735559,-3.4325
4736104,-3.4288
4736650,-3.4251
4737195,-3.4214
4737740,-3.4177
4738286,-3.4139
4738831,-3.4102
4739377,-3.4065
4739923,-3.4028
4740468,-3.3990
4741014,-3.3953
4741560,-3.3916
4742106,-3.3878
4742652,-3.3841
4743198,-3.3804
4743744,-3.3766
4744290,-3.3729
4744837,-3.3692
4745383,-3.3654
4745929,-3.3617
4746476,-3.3579
4747022,-3.3542
4747569,-3.3504
4748115,-3.3467
4748662,-3.3429
4749209,-3.3392
4749756,-3.3354
4750302,-3.3317
4750849,-3.3279
4751396,-3.3242
4751943,-3.3204
4752490,-3.3166
4753038,-3.3129
4753585,-3.3091
4754132,-3.3054
4754680,-3.3016
4755227,-3.2978
4755775,-3.2940
4756322,-3.2903
4756870,-3.2865
4757417,-3.2827
4757965,-3.2790
4758513,-3.2752
4759061,-3.2714
4759609,-3.2676
4760157,-3.2638
4760705,-3.2601
4761253,-3.2563
4761801,-3.2525
4762349,-3.2487
4762898,-3.2449
4763446,-3.2411
4763995,-3.2373
4764543,-3.2335
4765092,-3.2297
4765640,-3.2259
4766189,-3.2221
4766738,-3.2183
4767287,-3.2145
4767835,-3.2107
4768384,-3.2069
4768933,-3.2031
4769482,-3.1993
4770032,-3.1955
4770581,-3.1917
4771130,-3.1879
4771679,-3.1841
4772229,-3.1803
4772778,-3.1764
4773328,-3.1726
4773877,-3.1688
4774427,-3.1650
4774977,-3.1612
4775526,-3.1573
4776076,-3.1535
4776626,-3.1497
4777176,-3.1459
4777726,-3.1420
4778276,-3.1382
4778826,-3.1344
4779377,-3.1305
4779927,-3.1267
4780477,-3.1229
4781028,-3.1190
4781578,-3.1152
4782129,-3.1113
4782679,-3.1075
4783230,-3.1037
4783781,-3.0998
4784331,-3.0960
4784882,-3.0921
4785433,-3.0883
4785984,-3.0844
4786535,-3.0806
4787086,-3.0767
4787637,-3.0728
4788189,-3.0690
4788740,-3.0651
4789291,-3.0613
4789843,-3.0574
4790394,-3.0535
4790946,-3.0497
4791497,-3.0458
4792049,-3.0419
4792601,-3.0381
4793153,-3.0342
4793704,-3.0303
4794256,-3.0264
4794808,-3.0226
4795360,-3.0187
4795913,-3.0148
4796465,-3.0109
4797017,-3.0070
4797569,-3.0032
4798122,-2.9993
4798674,-2.9954
4799227,-2.9915
4799779,-2.9876
4800332,-2.9837
4800884,-2.9798
4801437,-2.9759
4801990,-2.9720
4802543,-2.9681
4803096,-2.9642
4803649,-2.9603
4804202,-2.9564
4804755,-2.9525
4805308,-2.9486
4805862,-2.9447
4806415,-2.9408
4806968,-2.9369
4807522,-2.9330
4808075,-2.9291
4808629,-2.9252
4809182,-2.9212
4809736,-2.9173
4810290,-2.9134
4810844,-2.9095
4811398,-2.9056
4811952,-2.9016
4812506,-2.8977
4813060,-2.8938
4813614,-2.8898
4814168,-2.8859
4814722,-2.8820
4815277,-2.8780
4815831,-2.8741
4816386,-2.8702
4816940,-2.8662
4817495,-2.8623
4818049,-2.8584
4818604,-2.8544
4819159,-2.8505
4819714,-2.8465
4820269,-2.8426
4820824,-2.8386
4821379,-2.8347
4821934,-2.8307
4822489,-2.8268
4823044,-2.8228
4823600,-2.8188
4824155,-2.8149
4824710,-2.8109
4825266,-2.8070
4825822,-2.8030
4826377,-2.7990
4826933,-2.7951
4827489,-2.7911
4828044,-2.7871
4828600,-2.7832
4829156,-2.7792
4829712,-2.7752
4830268,-2.7712
4830824,-2.7673
4831381,-2.7633
4831937,-2.7593
4832493,-2.7553
4833050,-2.7513
4833606,-2.7473
4834163,-2.7433
4834719,-2.7394
4835276,-2.7354
4835833,-2.7314
4836389,-2.7274
4836946,-2.7234
4837503,-2.7194
4838060,-2.7154
4838617,-2.7114
4839174,-2.7074
4839731,-2.7034
4840289,-2.6994
4840846,-2.6954
4841403,-2.6914
4841961,-2.6873
4842518,-2.6833
4843076,-2.6793
4843633,-2.6753
4844191,-2.6713
4844749,-2.6673
4845307,-2.6633
4845864,-2.6592
4846422,-2.6552
4846980,-2.6512
4847538,-2.6472
4848096,-2.6431
4848655,-2.6391
4849213,-2.6351
4849771,-2.6310
4850330,-2.6270
4850888,-2.6230
4851447,-2.6189
4852005,-2.6149
4852564,-2.6108
4853123,-2.6068
4853681,-2.6028
4854240,-2.5987
4854799,-2.5947
4855358,-2.5906
4855917,-2.5866
4856476,-2.5825
4857035,-2.5785
4857594,-2.5744
4858154,-2.5703
4858713,-2.5663
4859273,-2.5622
4859832,-2.5582
4860392,-2.5541
4860951,-2.5500
4861511,-2.5460
4862071,-2.5419
4862630,-2.5378
4863190,-2.5337
4863750,-2.5297
4864310,-2.5256
4864870,-2.5215
4865430,-2.5174
4865990,-2.5134
4866551,-2.5093
4867111,-2.5052
4867671,-2.5011
4868232,-2.4970
4868792,-2.4929
4869353,-2.4888
4869914,-2.4848
4870474,-2.4807
4871035,-2.4766
4871596,-2.4725
4872157,-2.4684
4872718,-2.4643
4873279,-2.4602
4873840,-2.4561
4874401,-2.4520
4874962,-2.4478
4875524,-2.4437
4876085,-2.4396
4876646,-2.4355
4877208,-2.4314
4877769,-2.4273
4878331,-2.4232
4878893,-2.4190
4879454,-2.4149
4880016,-2.4108
4880578,-2.4067
4881140,-2.4026
4881702,-2.3984
4882264,-2.3943
4882826,-2.3902
4883388,-2.3860
4883951,-2.3819
4884513,-2.3778
4885075,-2.3736
4885638,-2.3695
4886200,-2.3653
4886763,-2.3612
4887325,-2.3571
4887888,-2.3529
4888451,-2.3488
4889014,-2.3446
4889577,-2.3405
4890140,-2.3363
4890703,-2.3322
4891266,-2.3280
4891829,-2.3238
4892392,-2.3197
4892955,-2.3155
4893519,-2.3114
4894082,-2.3072
4894646,-2.3030
4895209,-2.2989
4895773,-2.2947
4896336,-2.2905
4896900,-2.2864
4897464,-2.2822
4898028,-2.2780
4898592,-2.2738
4899156,-2.2696
4899720,-2.2655
4900284,-2.2613
4900848,-2.2571
4901413,-2.2529
4901977,-2.2487
4902541,-2.2445
4903106,-2.2403
4903670,-2.2361
4904235,-2.2319
4904799,-2.2277
4905364,-2.2236
4905929,-2.2194
4906494,-2.2151
4907059,-2.2109
4907624,-2.2067
4908189,-2.2025
4908754,-2.1983
4909319,-2.1941
4909884,-2.1899
4910450,-2.1857
4911015,-2.1815
4911580,-2.1772
4912146,-2.1730
4912711,-2.1688
4913277,-2.1646
4913843,-2.1604
4914409,-2.1561
4914974,-2.1519
4915540,-2.1477
4916106,-2.1434
4916672,-2.1392
4917238,-2.1350
4917804,-2.1307
4918371,-2.1265
4918937,-2.1223
4919503,-2.1180
4920070,-2.1138
4920636,-2.1095
4921203,-2.1053
4921769,-2.1010
4922336,-2.0968
4922903,-2.0925
4923470,-2.0883
4924036,-2.0840
4924603,-2.0798
4925170,-2.0755
4925737,-2.0712
4926305,-2.0670
4926872,-2.0627
4927439,-2.0584
4928006,-2.0542
4928574,-2.0499
4929141,-2.0456
4929709,-2.0414
4930276,-2.0371
4930844,-2.0328
4931412,-2.0285
4931979,-2.0242
4932547,-2.0200
4933115,-2.0157
4933683,-2.0114
4934251,-2.0071
4934819,-2.0028
4935387,-1.9985
4935956,-1.9942
4936524,-1.9899
4937092,-1.9856
4937661,-1.9813
4938229,-1.9770
4938798,-1.9727
4939367,-1.9684
4939935,-1.9641
4940504,-1.9598
4941073,-1.9555
4941642,-1.9512
4942211,-1.9469
4942780,-1.9426
4943349,-1.9382
4943918,-1.9339
4944487,-1.9296
4945056,-1.9253
4945626,-1.9210
4946195,-1.9166
4946765,-1.9123
4947334,-1.9080
4947904,-1.9036
4948474,-1.8993
4949043,-1.8950
4949613,-1.8906
4950183,-1.8863
4950753,-1.8820
4951323,-1.8776
4951893,-1.8733
4952463,-1.8689
4953033,-1.8646
4953604,-1.8602
4954174,-1.8559
4954744,-1.8515
4955315,-1.8472
4955885,-1.8428
4956456,-1.8385
4957027,-1.8341
4957597,-1.8297
4958168,-1.8254
4958739,-1.8210
4959310,-1.8166
4959881,-1.8123
4960452,-1.8079
4961023,-1.8035
4961594,-1.7992
4962166,-1.7948
4962737,-1.7904
4963308,-1.7860
4963880,-1.7816
4964451,-1.7773
4965023,-1.7729
4965595,-1.7685
4966166,-1.7641
4966738,-1.7597
4967310,-1.7553
4967882,-1.7509
4968454,-1.7465
4969026,-1.7421
4969598,-1.7377
4970170,-1.7333
4970742,-1.7289
4971315,-1.7245
4971887,-1.7201
4972460,-1.7157
4973032,-1.7113
4973605,-1.7069
4974177,-1.7024
4974750,-1.6980
4975323,-1.6936
4975896,-1.6892
4976468,-1.6848
4977041,-1.6803
4977614,-1.6759
4978188,-1.6715
4978761,-1.6671
4979334,-1.6626
4979907,-1.6582
4980481,-1.6538
4981054,-1.6493
4981628,-1.6449
4982201,-1.6404
4982775,-1.6360
4983348,-1.6315
4983922,-1.6271
4984496,-1.6226
4985070,-1.6182
4985644,-1.6137
4986218,-1.6093
4986792,-1.6048
4987366,-1.6004
4987940,-1.5959
4988515,-1.5914
4989089,-1.5870
4989663,-1.5825
4990238,-1.5781
4990813,-1.5736
4991387,-1.5691
4991962,-1.5646
4992537,-1.5602
4993111,-1.5557
4993686,-1.5512
4994261,-1.5467
4994836,-1.5422
4995411,-1.5378
4995986,-1.5333
4996562,-1.5288
4997137,-1.5243
4997712,-1.5198
4998288,-1.5153
4998863,-1.5108
4999439,-1.5063
5000014,-1.5018
5000590,-1.4973
5001166,-1.4928
5001742,-1.4883
5002318,-1.4838
5002893,-1.4793
5003469,-1.4748
5004046,-1.4702
5004622,-1.4657
5005198,-1.4612
5005774,-1.4567
5006351,-1.4522
5006927,-1.4477
5007503,-1.4431
5008080,-1.4386
5008657,-1.4341
5009233,-1.4295
5009810,-1.4250
5010387,-1.4205
5010964,-1.4159
5011541,-1.4114
5012118,-1.4069
5012695,-1.4023
5013272,-1.3978
5013849,-1.3932
5014426,-1.3887
5015004,-1.3841
5015581,-1.3796
5016159,-1.3750
5016736,-1.3705
5017314,-1.3659
5017891,-1.3613
5018469,-1.3568
5019047,-1.3522
5019625,-1.3476
5020203,-1.3431
5020781,-1.3385
5021359,-1.3339
5021937,-1.3294
5022515,-1.3248
5023093,-1.3202
5023672,-1.3156
5024250,-1.3110
5024829,-1.3065
5025407,-1.3019
5025986,-1.2973
5026564,-1.2927
5027143,-1.2881
5027722,-1.2835
5028301,-1.2789
5028880,-1.2743
5029459,-1.2697
5030038,-1.2651
5030617,-1.2605
5031196,-1.2559
5031775,-1.2513
5032355,-1.2467
5032934,-1.2421
5033514,-1.2375
5034093,-1.2329
5034673,-1.2282
5035253,-1.2236
5035832,-1.2190
5036412,-1.2144
5036992,-1.2097
5037572,-1.2051
5038152,-1.2005
5038732,-1.1959
5039312,-1.1912
5039892,-1.1866
5040473,-1.1820
5041053,-1.1773
5041633,-1.1727
5042214,-1.1680
5042794,-1.1634
5043375,-1.1587
5043956,-1.1541
5044536,-1.1494
5045117,-1.1448
5045698,-1.1401
5046279,-1.1355
5046860,-1.1308
5047441,-1.1261
5048022,-1.1215
5048603,-1.1168
5049185,-1.1121
5049766,-1.1075
5050347,-1.1028
5050929,-1.0981
5051510,-1.0935
5052092,-1.0888
5052674,-1.0841
5053255,-1.0794
5053837,-1.0747
5054419,-1.0700
5055001,-1.0654
5055583,-1.0607
5056165,-1.0560
5056747,-1.0513
5057330,-1.0466
5057912,-1.0419
5058494,-1.0372
5059077,-1.0325
5059659,-1.0278
5060242,-1.0231
5060824,-1.0184
5061407,-1.0137
5061990,-1.0089
5062572,-1.0042
5063155,-0.9995
5063738,-0.9948
5064321,-0.9901
5064904,-0.9854
5065488,-0.9806
5066071,-0.9759
5066654,-0.9712
5067237,-0.9664
5067821,-0.9617
5068404,-0.9570
5068988,-0.9522
5069572,-0.9475
5070155,-0.9428
5070739,-0.9380
5071323,-0.9333
5071907,-0.9285
5072491,-0.9238
5073075,-0.9190
5073659,-0.9143
5074243,-0.9095
5074827,-0.9047
5075411,-0.9000
5075996,-0.8952
5076580,-0.8905
5077165,-0.8857
5077749,-0.8809
5078334,-0.8762
5078919,-0.8714
5079503,-0.8666
5080088,-0.8618
5080673,-0.8570
5081258,-0.8523
5081843,-0.8475
5082428,-0.8427
5083013,-0.8379
5083599,-0.8331
5084184,-0.8283
5084769,-0.8235
5085355,-0.8187
5085940,-0.8139
5086526,-0.8091
5087111,-0.8043
5087697,-0.7995
5088283,-0.7947
5088869,-0.7899
5089455,-0.7851
5090041,-0.7803
5090627,-0.7755
5091213,-0.7707
5091799,-0.7658
5092385,-0.7610
5092972,-0.7562
5093558,-0.7514
5094144,-0.7465
5094731,-0.7417
5095318,-0.7369
5095904,-0.7321
5096491,-0.7272
5097078,-0.7224
5097665,-0.7175
5098251,-0.7127
5098838,-0.7079
5099426,-0.7030
5100013,-0.6982
5100600,-0.6933
5101187,-0.6885
5101774,-0.6836
5102362,-0.6787
5102949,-0.6739
5103537,-0.6690
5104124,-0.6642
5104712,-0.6593
5105300,-0.6544
5105888,-0.6495
5106476,-0.6447
5107063,-0.6398
5107651,-0.6349
5108240,-0.6300
5108828,-0.6252
5109416,-0.6203
5110004,-0.6154
5110593,-0.6105
5111181,-0.6056
5111769,-0.6007
5112358,-0.5958
5112947,-0.5909
5113535,-0.5860
5114124,-0.5811
5114713,-0.5762
5115302,-0.5713
5115891,-0.5664
5116480,-0.5615
5117069,-0.5566
5117658,-0.5517
5118247,-0.5468
5118836,-0.5418
5119426,-0.5369
5120015,-0.5320
5120605,-0.5271
5121194,-0.5221
5121784,-0.5172
5122374,-0.5123
5122963,-0.5073
5123553,-0.5024
5124143,-0.4975
5124733,-0.4925
5125323,-0.4876
5125913,-0.4826
5126503,-0.4777
5127094,-0.4727
5127684,-0.4678
5128274,-0.4628
5128865,-0.4579
5129455,-0.4529
5130046,-0.4480
5130637,-0.4430
5131227,-0.4380
5131818,-0.4331
5132409,-0.4281
5133000,-0.4231
5133591,-0.4182
5134182,-0.4132
5134773,-0.4082
5135364,-0.4032
5135956,-0.3982
5136547,-0.3933
5137138,-0.3883
5137730,-0.3833
5138321,-0.3783
5138913,-0.3733
5139505,-0.3683
5140096,-0.3633
5140688,-0.3583
5141280,-0.3533
5141872,-0.3483
5142464,-0.3433
5143056,-0.3383
5143648,-0.3333
5144240,-0.3282
5144833,-0.3232
5145425,-0.3182
5146017,-0.3132
5146610,-0.3082
5147203,-0.3031
5147795,-0.2981
5148388,-0.2931
5148981,-0.2880
5149573,-0.2830
5150166,-0.2780
5150759,-0.2729
5151352,-0.2679
5151945,-0.2628
5152539,-0.2578
5153132,-0.2527
5153725,-0.2477
5154319,-0.2426
5154912,-0.2376
5155506,-0.2325
5156099,-0.2275
5156693,-0.2224
5157286,-0.2173
5157880,-0.2123
5158474,-0.2072
5159068,-0.2021
5159662,-0.1971
5160256,-0.1920
5160850,-0.1869
5161444,-0.1818
5162039,-0.1767
5162633,-0.1717
5163227,-0.1666
5163822,-0.1615
5164416,-0.1564
5165011,-0.1513
5165606,-0.1462
5166200,-0.1411
5166795,-0.1360
5167390,-0.1309
5167985,-0.1258
5168580,-0.1207
5169175,-0.1156
5169770,-0.1104
5170366,-0.1053
5170961,-0.1002
5171556,-0.0951
5172152,-0.0900
5172747,-0.0848
5173343,-0.0797
5173938,-0.0746
5174534,-0.0695
5175130,-0.0643
5175726,-0.0592
5176322,-0.0540
5176918,-0.0489
5177514,-0.0438
5178110,-0.0386
5178706,-0.0335
5179302,-0.0283
5179899,-0.0232
5180495,-0.0180
5181091,-0.0128
5181688,-0.0077
5182285,-0.0025
5182881,0.0026
5183478,0.0078
5184075,0.0130
5184672,0.0182
5185269,0.0233
5185866,0.0285
5186463,0.0337
5187060,0.0389
5187657,0.0441
5188254,0.0492
5188852,0.0544
5189449,0.0596
5190047,0.0648
5190644,0.0700
5191242,0.0752
5191839,0.0804
5192437,0.0856
5193035,0.0908
5193633,0.0960
5194231,0.1012
5194829,0.1065
5195427,0.1117
5196025,0.1169
5196624,0.1221
5197222,0.1273
5197820,0.1326
5198419,0.1378
5199017,0.1430
5199616,0.1483
5200214,0.1535
5200813,0.1587
5201412,0.1640
5202011,0.1692
5202610,0.1745
5203209,0.1797
5203808,0.1849
5204407,0.1902
5205006,0.1955
5205606,0.2007
5206205,0.2060
5206804,0.2112
5207404,0.2165
5208003,0.2218
5208603,0.2270
5209203,0.2323
5209802,0.2376
5210402,0.2429
5211002,0.2481
5211602,0.2534
5212202,0.2587
5212802,0.2640
5213402,0.2693
5214003,0.2746
5214603,0.2799
5215203,0.2852
5215804,0.2905
5216404,0.2958
5217005,0.3011
5217606,0.3064
5218206,0.3117
5218807,0.3170
5219408,0.3223
5220009,0.3276
5220610,0.3329
5221211,0.3383
5221812,0.3436
5222413,0.3489
5223015,0.3542
5223616,0.3596
5224218,0.3649
5224819,0.3702
5225421,0.3756
5226022,0.3809
5226624,0.3863
5227226,0.3916
5227828,0.3970
5228429,0.4023
5229031,0.4077
5229634,0.4130
5230236,0.4184
5230838,0.4237
5231440,0.4291
5232042,0.4345
5232645,0.4398
5233247,0.4452
5233850,0.4506
5234452,0.4560
5235055,0.4613
5235658,0.4667
5236261,0.4721
5236864,0.4775
5237466,0.4829
5238069,0.4883
5238673,0.4937
5239276,0.4991
5239879,0.5045
5240482,0.5099
5241086,0.5153
5241689,0.5207
5242293,0.5261
5242896,0.5315
5243500,0.5369
5244104,0.5423
5244707,0.5477
5245311,0.5532
5245915,0.5586
5246519,0.5640
5247123,0.5695
5247727,0.5749
5248331,0.5803
5248936,0.5858
5249540,0.5912
5250144,0.5966
5250749,0.6021
5251354,0.6075
5251958,0.6130
5252563,0.6184
5253168,0.6239
5253772,0.6294
5254377,0.6348
5254982,0.6403
5255587,0.6457
5256192,0.6512
5256798,0.6567
5257403,0.6622
5258008,0.6676
5258614,0.6731
5259219,0.6786
5259825,0.6841
5260430,0.6896
5261036,0.6951
5261642,0.7005
5262247,0.7060
5262853,0.7115
5263459,0.7170
5264065,0.7225
5264671,0.7281
5265277,0.7336
5265884,0.7391
5266490,0.7446
5267096,0.7501
5267703,0.7556
5268309,0.7611
5268916,0.7667
5269522,0.7722
5270129,0.7777
5270736,0.7833
5271343,0.7888
5271950,0.7943
5272557,0.7999
5273164,0.8054
5273771,0.8110
5274378,0.8165
5274985,0.8221
5275593,0.8276
5276200,0.8332
5276808,0.8387
5277415,0.8443
5278023,0.8498
5278630,0.8554
5279238,0.8610
5279846,0.8666
5280454,0.8721
5281062,0.8777
5281670,0.8833
5282278,0.8889
5282886,0.8945
5283494,0.9000
5284103,0.9056
5284711,0.9112
5285320,0.9168
5285928,0.9224
5286537,0.9280
5287145,0.9336
5287754,0.9392
5288363,0.9448
5288972,0.9505
5289581,0.9561
5290190,0.9617
5290799,0.9673
5291408,0.9729
5292017,0.9786
5292627,0.9842
5293236,0.9898
5293845,0.9955
5294455,1.0011
5295065,1.0067
5295674,1.0124
5296284,1.0180
5296894,1.0237
5297504,1.0293
5298113,1.0350
5298723,1.0406
5299334,1.0463
5299944,1.0520
5300554,1.0576
5301164,1.0633
5301775,1.0690
5302385,1.0746
5302995,1.0803
5303606,1.0860
5304217,1.0917
5304827,1.0973
5305438,1.1030
5306049,1.1087
5306660,1.1144
5307271,1.1201
5307882,1.1258
5308493,1.1315
5309104,1.1372
5309716,1.1429
5310327,1.1486
5310938,1.1543
5311550,1.1601
5312161,1.1658
5312773,1.1715
5313385,1.1772
5313996,1.1829
5314608,1.1887
5315220,1.1944
5315832,1.2001
5316444,1.2059
5317056,1.2116
5317668,1.2174
5318281,1.2231
5318893,1.2289
5319505,1.2346
5320118,1.2404
5320730,1.2461
5321343,1.2519
5321956,1.2576
5322568,1.2634
5323181,1.2692
5323794,1.2749
5324407,1.2807
5325020,1.2865
5325633,1.2923
5326246,1.2981
5326860,1.3038
5327473,1.3096
5328086,1.3154
5328700,1.3212
5329313,1.3270
5329927,1.3328
5330541,1.3386
5331154,1.3444
5331768,1.3502
5332382,1.3560
5332996,1.3619
5333610,1.3677
5334224,1.3735
5334838,1.3793
5335452,1.3851
5336067,1.3910
5336681,1.3968
5337296,1.4026
5337910,1.4085
5338525,1.4143
5339139,1.4202
5339754,1.4260
5340369,1.4319
5340984,1.4377
5341599,1.4436
5342214,1.4494
5342829,1.4553
5343444,1.4611
5344059,1.4670
5344674,1.4729
5345290,1.4787
5345905,1.4846
5346521,1.4905
5347136,1.4964
5347752,1.5023
5348368,1.5082
5348983,1.5140
5349599,1.5199
5350215,1.5258
5350831,1.5317
5351447,1.5376
5352063,1.5435
5352680,1.5494
5353296,1.5554
5353912,1.5613
5354529,1.5672
5355145,1.5731
5355762,1.5790
5356378,1.5850
5356995,1.5909
5357612,1.5968
5358229,1.6027
5358846,1.6087
5359463,1.6146
5360080,1.6206
5360697,1.6265
5361314,1.6325
5361931,1.6384
5362549,1.6444
5363166,1.6503
5363784,1.6563
5364401,1.6623
5365019,1.6682
5365637,1.6742
5366254,1.6802
5366872,1.6861
5367490,1.6921
5368108,1.6981
5368726,1.7041
5369344,1.7101
5369963,1.7161
5370581,1.7221
5371199,1.7281
5371818,1.7341
5372436,1.7401
5373055,1.7461
5373673,1.7521
5374292,1.7581
5374911,1.7641
5375530,1.7701
5376148,1.7762
5376767,1.7822
5377387,1.7882
5378006,1.7942
5378625,1.8003
5379244,1.8063
5379863,1.8123
5380483,1.8184
5381102,1.8244
5381722,1.8305
5382342,1.8365
5382961,1.8426
5383581,1.8487
5384201,1.8547
5384821,1.8608
5385441,1.8668
5386061,1.8729
5386681,1.8790
5387301,1.8851
5387921,1.8912
5388542,1.8972
5389162,1.9033
5389783,1.9094
5390403,1.9155
5391024,1.9216
5391645,1.9277
5392265,1.9338
5392886,1.9399
5393507,1.9460
5394128,1.9521
5394749,1.9582
5395370,1.9644
5395991,1.9705
5396613,1.9766
5397234,1.9827
5397856,1.9889
5398477,1.9950
5399099,2.0011
5399720,2.0073
5400342,2.0134
5400964,2.0196
5401585,2.0257
5402207,2.0319
5402829,2.0380
5403451,2.0442
5404074,2.0503
5404696,2.0565
5405318,2.0627
5405940,2.0688
5406563,2.0750
5407185,2.0812
5407808,2.0874
5408431,2.0936
5409053,2.0998
5409676,2.1059
5410299,2.1121
5410922,2.1183
5411545,2.1245
5412168,2.1307
5412791,2.1369
5413414,2.1432
5414037,2.1494
5414661,2.1556
5415284,2.1618
5415908,2.1680
5416531,2.1743
5417155,2.1805
5417779,2.1867
5418402,2.1929
5419026,2.1992
5419650,2.2054
5420274,2.2117
5420898,2.2179
5421522,2.2242
5422147,2.2304
5422771,2.2367
5423395,2.2430
5424020,2.2492
5424644,2.2555
5425269,2.2618
5425893,2.2680
5426518,2.2743
5427143,2.2806
5427768,2.2869
5428393,2.2932
5429018,2.2995
5429643,2.3057
5430268,2.3120
5430893,2.3183
5431518,2.3247
5432144,2.3310
5432769,2.3373
5433395,2.3436
5434020,2.3499
5434646,2.3562
5435272,2.3625
5435897,2.3689
5436523,2.3752
5437149,2.3815
5437775,2.3879
5438401,2.3942
5439028,2.4006
5439654,2.4069
5440280,2.4133
5440906,2.4196
5441533,2.4260
5442159,2.4323
5442786,2.4387
5443413,2.4451
5444039,2.4514
5444666,2.4578
5445293,2.4642
5445920,2.4706
5446547,2.4770
5447174,2.4833
5447801,2.4897
5448428,2.4961
5449056,2.5025
5449683,2.5089
5450311,2.5153
5450938,2.5217
5451566,2.5282
5452193,2.5346
5452821,2.5410
5453449,2.5474
5454077,2.5538
5454705,2.5603
5455333,2.5667
5455961,2.5731
5456589,2.5796
5457217,2.5860
5457846,2.5925
5458474,2.5989
5459103,2.6054
5459731,2.6118
5460360,2.6183
5460988,2.6247
5461617,2.6312
5462246,2.6377
5462875,2.6441
5463504,2.6506
5464133,2.6571
5464762,2.6636
5465391,2.6701
5466020,2.6766
5466650,2.6831
5467279,2.6896
5467909,2.6961
5468538,2.7026
5469168,2.7091
5469798,2.7156
5470427,2.7221
5471057,2.7286
5471687,2.7351
5472317,2.7417
5472947,2.7482
5473577,2.7547
5474207,2.7613
5474838,2.7678
5475468,2.7743
5476099,2.7809
5476729,2.7874
5477360,2.7940
5477990,2.8005
5478621,2.8071
5479252,2.8137
5479883,2.8202
5480514,2.8268
5481145,2.8334
5481776,2.8400
5482407,2.8465
5483038,2.8531
5483669,2.8597
5484301,2.8663
5484932,2.8729
5485564,2.8795
5486195,2.8861
5486827,2.8927
5487459,2.8993
5488090,2.9059
5488722,2.9125
5489354,2.9192
5489986,2.9258
5490618,2.9324
5491250,2.9390
5491883,2.9457
5492515,2.9523
5493147,2.9590
5493780,2.9656
5494412,2.9723
5495045,2.9789
5495678,2.9856
5496310,2.9922
5496943,2.9989
5497576,3.0056
5498209,3.0122
5498842,3.0189
5499475,3.0256
5500108,3.0323
5500742,3.0390
5501375,3.0456
5502008,3.0523
5502642,3.0590
5503276,3.0657
5503909,3.0724
5504543,3.0791
5505177,3.0859
5505810,3.0926
5506444,3.0993
5507078,3.1060
5507712,3.1127
5508347,3.1195
5508981,3.1262
5509615,3.1329
5510249,3.1397
5510884,3.1464
5511518,3.1532
5512153,3.1599
5512788,3.1667
5513422,3.1734
5514057,3.1802
5514692,3.1870
5515327,3.1937
5515962,3.2005
5516597,3.2073
5517232,3.2141
5517867,3.2209
5518503,3.2277
5519138,3.2344
5519773,3.2412
5520409,3.2480
5521045,3.2548
5521680,3.2617
5522316,3.2685
5522952,3.2753
5523588,3.2821
5524224,3.2889
5524860,3.2957
5525496,3.3026
5526132,3.3094
5526768,3.3163
5527405,3.3231
5528041,3.3299
5528677,3.3368
5529314,3.3436
5529951,3.3505
5530587,3.3574
5531224,3.3642
5531861,3.3711
5532498,3.3780
5533135,3.3848
5533772,3.3917
5534409,3.3986
5535046,3.4055
5535684,3.4124
5536321,3.4193
5536958,3.4262
5537596,3.4331
5538233,3.4400
5538871,3.4469
5539509,3.4538
5540147,3.4607
5540784,3.4677
5541422,3.4746
5542060,3.4815
5542698,3.4884
5543337,3.4954
5543975,3.5023
5544613,3.5093
5545252,3.5162
5545890,3.5232
5546529,3.5301
5547167,3.5371
5547806,3.5441
5548445,3.5510
5549083,3.5580
5549722,3.5650
5550361,3.5720
5551000,3.5789
5551639,3.5859
5552279,3.5929
5552918,3.5999
5553557,3.6069
5554197,3.6139
5554836,3.6209
5555476,3.6279
5556115,3.6350
5556755,3.6420
5557395,3.6490
5558035,3.6560
5558675,3.6631
5559315,3.6701
5559955,3.6771
5560595,3.6842
5561235,3.6912
5561875,3.6983
5562516,3.7053
5563156,3.7124
5563797,3.7195
5564437,3.7265
5565078,3.7336
5565719,3.7407
5566360,3.7478
5567000,3.7548
5567641,3.7619
5568282,3.7690
5568924,3.7761
5569565,3.7832
5570206,3.7903
5570847,3.7974
5571489,3.8045
5572130,3.8117
5572772,3.8188
5573413,3.8259
5574055,3.8330
5574697,3.8402
5575339,3.8473
5575981,3.8544
5576623,3.8616
5577265,3.8687
5577907,3.8759
5578549,3.8830
5579191,3.8902
5579834,3.8974
5580476,3.9045
5581119,3.9117
5581761,3.9189
5582404,3.9261
5583047,3.9333
5583689,3.9405
5584332,3.9476
5584975,3.9548
5585618,3.9620
5586261,3.9693
5586905,3.9765
5587548,3.9837
5588191,3.9909
5588835,3.9981
5589478,4.0053
5590122,4.0126
5590765,4.0198
5591409,4.0271
5592053,4.0343
5592697,4.0415
5593340,4.0488
5593984,4.0561
5594629,4.0633
5595273,4.0706
5595917,4.0778
5596561,4.0851
5597206,4.0924
5597850,4.0997
5598494,4.1070
5599139,4.1143
5599784,4.1216
5600428,4.1289
5601073,4.1362
5601718,4.1435
5602363,4.1508
5603008,4.1581
5603653,4.1654
5604298,4.1727
5604944,4.1801
5605589,4.1874
5606234,4.1947
5606880,4.2021
5607525,4.2094
5608171,4.2168
5608817,4.2241
5609463,4.2315
5610108,4.2388
5610754,4.2462
5611400,4.2536
5612046,4.2610
5612693,4.2683
5613339,4.2757
5613985,4.2831
5614631,4.2905
5615278,4.2979
5615924,4.3053
5616571,4.3127
5617218,4.3201
5617864,4.3275
5618511,4.3349
5619158,4.3424
5619805,4.3498
5620452,4.3572
5621099,4.3647
5621746,4.3721
5622394,4.3796
5623041,4.3870
5623688,4.3945
5624336,4.4019
5624984,4.4094
5625631,4.4168
5626279,4.4243
5626927,4.4318
5627575,4.4393
5628222,4.4468
5628870,4.4542
5629519,4.4617
5630167,4.4692
5630815,4.4767
5631463,4.4842
5632112,4.4918
5632760,4.4993
5633409,4.5068
5634057,4.5143
5634706,4.5219
5635355,4.5294
5636004,4.5369
5636652,4.5445
5637301,4.5520
5637950,4.5596
5638600,4.5671
5639249,4.5747
5639898,4.5822
5640547,4.5898
5641197,4.5974
5641846,4.6050
5642496,4.6126
5643146,4.6201
5643795,4.6277
5644445,4.6353
5645095,4.6429
5645745,4.6505
5646395,4.6581
5647045,4.6658
5647695,4.6734
5648346,4.6810
5648996,4.6886
5649646,4.6963
5650297,4.7039
5650947,4.7115
5651598,4.7192
5652249,4.7268
5652899,4.7345
5653550,4.7422
5654201,4.7498
5654852,4.7575
5655503,4.7652
5656154,4.7729
5656806,4.7805
5657457,4.7882
5658108,4.7959
5658760,4.8036
5659411,4.8113
5660063,4.8190
5660715,4.8267
5661366,4.8345
5662018,4.8422
5662670,4.8499
5663322,4.8576
5663974,4.8654
5664626,4.8731
5665278,4.8809
5665931,4.8886
5666583,4.8964
5667235,4.9041
5667888,4.9119
5668541,4.9196
5669193,4.9274
5669846,4.9352
5670499,4.9430
5671152,4.9508
5671805,4.9586
5672458,4.9664
5673111,4.9742
5673764,4.9820
5674417,4.9898
5675070,4.9976
5675724,5.0054
5676377,5.0132
5677031,5.0211
5677684,5.0289
5678338,5.0367
5678992,5.0446
5679646,5.0524
5680300,5.0603
5680954,5.0681
5681608,5.0760
5682262,5.0839
5682916,5.0917
5683571,5.0996
5684225,5.1075
5684879,5.1154
5685534,5.1233
5686189,5.1312
5686843,5.1391
5687498,5.1470
5688153,5.1549
5688808,5.1628
5689463,5.1707
5690118,5.1787
5690773,5.1866
5691428,5.1945
5692083,5.2025
5692739,5.2104
5693394,5.2184
5694050,5.2263
5694705,5.2343
5695361,5.2423
5696017,5.2502
5696673,5.2582
5697328,5.2662
5697984,5.2742
5698640,5.2822
5699297,5.2902
5699953,5.2982
5700609,5.3062
5701265,5.3142
5701922,5.3222
5702578,5.3302
5703235,5.3382
5703891,5.3463
5704548,5.3543
5705205,5.3623
5705862,5.3704
5706519,5.3784
5707176,5.3865
5707833,5.3946
5708490,5.4026
5709147,5.4107
5709805,5.4188
5710462,5.4268
5711120,5.4349
5711777,5.4430
5712435,5.4511
5713092,5.4592
5713750,5.4673
5714408,5.4754
5715066,5.4835
5715724,5.4917
5716382,5.4998
5717040,5.5079
5717699,5.5161
5718357,5.5242
5719015,5.5324
5719674,5.5405
5720332,5.5487
5720991,5.5568
5721650,5.5650
5722308,5.5732
5722967,5.5813
5723626,5.5895
5724285,5.5977
5724944,5.6059
5725603,5.6141
5726263,5.6223
5726922,5.6305
5727581,5.6387
5728241,5.6470
5728900,5.6552
5729560,5.6634
5730219,5.6716
5730879,5.6799
5731539,5.6881
5732199,5.6964
5732859,5.7046
5733519,5.7129
5734179,5.7212
5734839,5.7294
5735500,5.7377
5736160,5.7460
5736820,5.7543
5737481,5.7626
5738142,5.7709
5738802,5.7792
5739463,5.7875
5740124,5.7958
5740785,5.8041
5741446,5.8124
5742107,5.8208
5742768,5.8291
5743429,5.8374
5744090,5.8458
5744752,5.8541
5745413,5.8625
5746075,5.8709
5746736,5.8792
5747398,5.8876
5748059,5.8960
5748721,5.9044
5749383,5.9127
5750045,5.9211
5750707,5.9295
5751369,5.9379
5752031,5.9464
5752694,5.9548
5753356,5.9632
5754019,5.9716
5754681,5.9801
5755344,5.9885
5756006,5.9969
5756669,6.0054
5757332,6.0138
5757995,6.0223
5758658,6.0308
5759321,6.0392
5759984,6.0477
5760647,6.0562
5761310,6.0647
5761973,6.0732
5762637,6.0817
5763300,6.0902
5763964,6.0987
5764628,6.1072
5765291,6.1157
5765955,6.1242
5766619,6.1328
5767283,6.1413
5767947,6.1498
5768611,6.1584
5769275,6.1669
5769939,6.1755
5770604,6.1841
5771268,6.1926
5771933,6.2012
5772597,6.2098
5773262,6.2184
5773927,6.2270
5774591,6.2356
5775256,6.2442
5775921,6.2528
5776586,6.2614
5777251,6.2700
5777916,6.2787
5778582,6.2873
5779247,6.2959
5779912,6.3046
5780578,6.3132
5781243,6.3219
5781909,6.3305
5782575,6.3392
5783241,6.3479
5783906,6.3566
5784572,6.3652
5785238,6.3739
5785904,6.3826
5786571,6.3913
5787237,6.4000
5787903,6.4087
5788570,6.4175
5789236,6.4262
5789903,6.4349
5790569,6.4436
5791236,6.4524
5791903,6.4611
5792570,6.4699
5793236,6.4786
5793903,6.4874
5794571,6.4962
5795238,6.5050
5795905,6.5137
5796572,6.5225
5797240,6.5313
5797907,6.5401
5798575,6.5489
5799242,6.5577
5799910,6.5666
5800578,6.5754
5801246,6.5842
5801914,6.5930
5802582,6.6019
5803250,6.6107
5803918,6.6196
5804586,6.6284
5805254,6.6373
5805923,6.6462
5806591,6.6551
5807260,6.6639
5807928,6.6728
5808597,6.6817
5809266,6.6906
5809935,6.6995
5810604,6.7084
5811273,6.7174
5811942,6.7263
5812611,6.7352
5813280,6.7442
5813949,6.7531
5814619,6.7620
5815288,6.7710
5815958,6.7800
5816628,6.7889
5817297,6.7979
5817967,6.8069
5818637,6.8159
5819307,6.8249
5819977,6.8339
5820647,6.8429
5821317,6.8519
5821987,6.8609
5822658,6.8699
5823328,6.8789
5823999,6.8880
5824669,6.8970
5825340,6.9061
5826010,6.9151
5826681,6.9242
5827352,6.9332
5828023,6.9423
5828694,6.9514
5829365,6.9605
5830036,6.9695
5830707,6.9786
5831379,6.9877
5832050,6.9969
5832722,7.0060
5833393,7.0151
5834065,7.0242
5834737,7.0334
5835408,7.0425
5836080,7.0516
5836752,7.0608
5837424,7.0699
5838096,7.0791
5838768,7.0883
5839441,7.0975
5840113,7.1066
5840785,7.1158
5841458,7.1250
5842131,7.1342
5842803,7.1434
5843476,7.1527
5844149,7.1619
5844822,7.1711
5845494,7.1803
5846168,7.1896
5846841,7.1988
5847514,7.2081
5848187,7.2173
5848860,7.2266
5849534,7.2359
5850207,7.2452
5850881,7.2545
5851555,7.2637
5852228,7.2730
5852902,7.2824
5853576,7.2917
5854250,7.3010
5854924,7.3103
5855598,7.3196
5856272,7.3290
5856946,7.3383
5857621,7.3477
5858295,7.3570
5858970,7.3664
5859644,7.3758
5860319,7.3851
5860994,7.3945
5861669,7.4039
5862343,7.4133
5863018,7.4227
5863693,7.4321
5864369,7.4415
5865044,7.4510
5865719,7.4604
5866394,7.4698
5867070,7.4793
5867745,7.4887
5868421,7.4982
5869097,7.5076
5869772,7.5171
5870448,7.5266
5871124,7.5361
5871800,7.5456
5872476,7.5551
5873152,7.5646
5873828,7.5741
5874505,7.5836
5875181,7.5931
5875857,7.6027
5876534,7.6122
5877211,7.6217
5877887,7.6313
5878564,7.6408
5879241,7.6504
5879918,7.6600
5880595,7.6696
5881272,7.6791
5881949,7.6887
5882626,7.6983
5883304,7.7079
5883981,7.7175
5884658,7.7272
5885336,7.7368
5886014,7.7464
5886691,7.7561
5887369,7.7657
5888047,7.7754
5888725,7.7850
5889403,7.7947
5890081,7.8044
5890759,7.8141
5891437,7.8237
5892116,7.8334
5892794,7.8431
5893472,7.8528
5894151,7.8626
5894830,7.8723
5895508,7.8820
5896187,7.8918
5896866,7.9015
5897545,7.9113
5898224,7.9210
5898903,7.9308
5899582,7.9405
5900261,7.9503
5900941,7.9601
5901620,7.9699
5902300,7.9797
5902979,7.9895
5903659,7.9993
5904339,8.0092
5905018,8.0190
5905698,8.0288
5906378,8.0387
5907058,8.0485
5907738,8.0584
5908419,8.0682
5909099,8.0781
5909779,8.0880
5910460,8.0979
5911140,8.1078
5911821,8.1177
5912501,8.1276
5913182,8.1375
5913863,8.1474
5914544,8.1573
5915225,8.1673
5915906,8.1772
5916587,8.1872
5917268,8.1971
5917949,8.2071
5918631,8.2171
5919312,8.2271
5919994,8.2371
5920675,8.2471
5921357,8.2571
5922039,8.2671
5922721,8.2771
5923403,8.2871
5924085,8.2971
5924767,8.3072
5925449,8.3172
5926131,8.3273
5926813,8.3373
5927496,8.3474
5928178,8.3575
5928861,8.3676
5929543,8.3777
5930226,8.3878
5930909,8.3979
5931592,8.4080
5932275,8.4181
5932958,8.4283
5933641,8.4384
5934324,8.4485
5935007,8.4587
5935691,8.4688
5936374,8.4790
5937057,8.4892
5937741,8.4994
5938425,8.5096
5939108,8.5198
5939792,8.5300
5940476,8.5402
5941160,8.5504
5941844,8.5606
5942528,8.5709
5943212,8.5811
5943897,8.5914
5944581,8.6016
5945266,8.6119
5945950,8.6222
5946635,8.6325
5947319,8.6427
5948004,8.6530
5948689,8.6633
5949374,8.6737
5950059,8.6840
5950744,8.6943
5951429,8.7047
5952114,8.7150
5952799,8.7253
5953485,8.7357
5954170,8.7461
5954856,8.7565
5955541,8.7668
5956227,8.7772
5956913,8.7876
5957599,8.7980
5958285,8.8085
5958971,8.8189
5959657,8.8293
5960343,8.8398
5961029,8.8502
5961716,8.8607
5962402,8.8711
5963088,8.8816
5963775,8.8921
5964462,8.9026
5965148,8.9131
5965835,8.9236
5966522,8.9341
5967209,8.9446
5967896,8.9551
5968583,8.9657
5969270,8.9762
5969958,8.9868
5970645,8.9973
5971333,9.0079
5972020,9.0185
5972708,9.0290
5973395,9.0396
5974083,9.0502
5974771,9.0608
5975459,9.0715
5976147,9.0821
5976835,9.0927
5977523,9.1034
5978211,9.1140
5978900,9.1247
5979588,9.1353
5980276,9.1460
5980965,9.1567
5981654,9.1674
5982342,9.1781
5983031,9.1888
5983720,9.1995
5984409,9.2102
5985098,9.2210
5985787,9.2317
5986476,9.2425
5987165,9.2532
5987855,9.2640
5988544,9.2748
5989234,9.2855
5989923,9.2963
5990613,9.3071
5991303,9.3180
5991992,9.3288
5992682,9.3396
5993372,9.3504
5994062,9.3613
5994752,9.3721
5995443,9.3830
5996133,9.3939
5996823,9.4047
5997514,9.4156
5998204,9.4265
5998895,9.4374
5999586,9.4483
6000276,9.4592
6000967,9.4702
6001658,9.4811
6002349,9.4921
6003040,9.5030
6003731,9.5140
6004423,9.5249
6005114,9.5359
6005805,9.5469
6006497,9.5579
6007188,9.5689
6007880,9.5799
6008572,9.5910
6009264,9.6020
6009955,9.6130
6010647,9.6241
6011339,9.6351
6012032,9.6462
6012724,9.6573
6013416,9.6684
6014108,9.6795
6014801,9.6906
6015493,9.7017
6016186,9.7128
6016879,9.7239
6017571,9.7351
6018264,9.7462
6018957,9.7574
6019650,9.7685
6020343,9.7797
6021036,9.7909
6021730,9.8021
6022423,9.8133
6023116,9.8245
6023810,9.8357
6024503,9.8470
6025197,9.8582
6025891,9.8694
6026585,9.8807
6027278,9.8920
6027972,9.9032
6028666,9.9145
6029361,9.9258
6030055,9.9371
6030749,9.9484
6031443,9.9598
6032138,9.9711
6032832,9.9824
6033527,9.9938
6034222,10.0051
6034916,10.0165
6035611,10.0279
6036306,10.0393
6037001,10.0507
6037696,10.0621
6038391,10.0735
6039087,10.0849
6039782,10.0963
6040477,10.1078
6041173,10.1192
6041868,10.1307
6042564,10.1421
6043260,10.1536
6043955,10.1651
6044651,10.1766
6045347,10.1881
6046043,10.1996
6046739,10.2112
6047436,10.2227
6048132,10.2342
6048828,10.2458
6049525,10.2574
6050221,10.2689
6050918,10.2805
6051614,10.2921
6052311,10.3037
6053008,10.3153
6053705,10.3269
6054402,10.3386
6055099,10.3502
6055796,10.3619
6056493,10.3735
6057191,10.3852
6057888,10.3969
6058586,10.4086
6059283,10.4203
6059981,10.4320
6060679,10.4437
6061376,10.4554
6062074,10.4672
6062772,10.4789
6063470,10.4907
6064168,10.5024
6064867,10.5142
6065565,10.5260
6066263,10.5378
6066962,10.5496
6067660,10.5614
6068359,10.5732
6069058,10.5851
6069756,10.5969
6070455,10.6088
6071154,10.6207
6071853,10.6325
6072552,10.6444
6073251,10.6563
6073951,10.6682
6074650,10.6801
6075349,10.6921
6076049,10.7040
6076748,10.7160
6077448,10.7279
6078148,10.7399
6078848,10.7519
6079547,10.7638
6080247,10.7758
6080948,10.7879
6081648,10.7999
6082348,10.8119
6083048,10.8239
6083749,10.8360
6084449,10.8480
6085150,10.8601
6085850,10.8722
6086551,10.8843
6087252,10.8964
6087952,10.9085
6088653,10.9206
6089354,10.9328
6090056,10.9449
6090757,10.9571
6091458,10.9692
6092159,10.9814
6092861,10.9936
6093562,11.0058
6094264,11.0180
6094966,11.0302
6095667,11.0424
6096369,11.0547
6097071,11.0669
6097773,11.0792
6098475,11.0914
6099177,11.1037
6099879,11.1160
6100582,11.1283
6101284,11.1406
6101987,11.1529
6102689,11.1653
6103392,11.1776
6104095,11.1900
6104797,11.2023
6105500,11.2147
6106203,11.2271
6106906,11.2395
6107609,11.2519
6108313,11.2643
6109016,11.2768
6109719,11.2892
6110423,11.3016
6111126,11.3141
6111830,11.3266
6112534,11.3391
6113237,11.3516
6113941,11.3641
6114645,11.3766
6115349,11.3891
6116053,11.4017
6116757,11.4142
6117462,11.4268
6118166,11.4393
6118870,11.4519
6119575,11.4645
6120279,11.4771
6120984,11.4897
6121689,11.5024
6122394,11.5150
6123099,11.5277
6123804,11.5403
6124509,11.5530
6125214,11.5657
6125919,11.5784
6126624,11.5911
6127330,11.6038
6128035,11.6165
6128741,11.6293
6129446,11.6420
6130152,11.6548
6130858,11.6676
6131564,11.6804
6132270,11.6932
6132976,11.7060
6133682,11.7188
6134388,11.7316
6135094,11.7445
6135801,11.7573
6136507,11.7702
6137214,11.7831
6137920,11.7960
6138627,11.8089
6139334,11.8218
6140041,11.8347
6140748,11.8476
6141455,11.8606
6142162,11.8735
6142869,11.8865
6143576,11.8995
6144284,11.9125
6144991,11.9255
6145699,11.9385
6146406,11.9516
6147114,11.9646
6147822,11.9777
6148529,11.9907
6149237,12.0038
6149945,12.0169
6150653,12.0300
6151362,12.0431
6152070,12.0562
6152778,12.0694
6153487,12.0825
6154195,12.0957
6154904,12.1089
6155612,12.1221
6156321,12.1353
6157030,12.1485
6157739,12.1617
6158448,12.1749
6159157,12.1882
6159866,12.2014
6160575,12.2147
6161284,12.2280
6161994,12.2413
6162703,12.2546
6163413,12.2679
6164122,12.2812
6164832,12.2946
6165542,12.3079
6166252,12.3213
6166962,12.3347
6167672,12.3481
6168382,12.3615
6169092,12.3749
6169802,12.3884
6170513,12.4018
6171223,12.4153
6171934,12.4287
6172644,12.4422
6173355,12.4557
6174066,12.4692
6174777,12.4827
6175488,12.4963
6176199,12.5098
6176910,12.5234
6177621,12.5369
6178332,12.5505
6179044,12.5641
6179755,12.5777
6180466,12.5914
6181178,12.6050
6181890,12.6186
6182601,12.6323
6183313,12.6460
6184025,12.6597
6184737,12.6734
6185449,12.6871
6186162,12.7008
6186874,12.7145
6187586,12.7283
6188299,12.7421
6189011,12.7558
6189724,12.7696
6190436,12.7834
6191149,12.7973
6191862,12.8111
6192575,12.8249
6193288,12.8388
6194001,12.8527
6194714,12.8665
6195427,12.8804
6196140,12.8943
6196854,12.9083
6197567,12.9222
6198281,12.9362
6198995,12.9501
6199708,12.9641
6200422,12.9781
6201136,12.9921
6201850,13.0061
6202564,13.0201
6203278,13.0342
6203992,13.0482
6204707,13.0623
6205421,13.0764
6206136,13.0905
6206850,13.1046
6207565,13.1187
6208279,13.1329
6208994,13.1470
6209709,13.1612
6210424,13.1754
6211139,13.1896
6211854,13.2038
6212569,13.2180
6213285,13.2322
6214000,13.2465
6214716,13.2608
6215431,13.2750
6216147,13.2893
6216862,13.3036
6217578,13.3179
6218294,13.3323
6219010,13.3466
6219726,13.3610
6220442,13.3754
6221158,13.3898
6221875,13.4042
6222591,13.4186
6223307,13.4330
6224024,13.4475
6224741,13.4619
6225457,13.4764
6226174,13.4909
6226891,13.5054
6227608,13.5199
6228325,13.5344
6229042,13.5490
6229759,13.5636
6230476,13.5781
6231194,13.5927
6231911,13.6073
6232629,13.6220
6233346,13.6366
6234064,13.6512
6234782,13.6659
6235500,13.6806
6236218,13.6953
6236936,13.7100
6237654,13.7247
6238372,13.7394
6239090,13.7542
6239808,13.7690
6240527,13.7837
6241245,13.7985
6241964,13.8133
6242683,13.8282
6243401,13.8430
6244120,13.8579
6244839,13.8727
6245558,13.8876
6246277,13.9025
6246996,13.9174
6247716,13.9324
6248435,13.9473
6249154,13.9623
6249874,13.9773
6250593,13.9923
6251313,14.0073
6252033,14.0223
6252753,14.0373
6253473,14.0524
6254193,14.0674
6254913,14.0825
6255633,14.0976
6256353,14.1127
6257073,14.1279
6257794,14.1430
6258514,14.1582
6259235,14.1734
6259956,14.1886
6260676,14.2038
6261397,14.2190
6262118,14.2342
6262839,14.2495
6263560,14.2648
6264281,14.2800
6265003,14.2953
6265724,14.3107
6266445,14.3260
6267167,14.3413
6267888,14.3567
6268610,14.3721
6269332,14.3875
6270054,14.4029
6270776,14.4183
6271498,14.4338
6272220,14.4492
6272942,14.4647
6273664,14.4802
6274386,14.4957
6275109,14.5113
6275831,14.5268
6276554,14.5424
6277276,14.5579
6277999,14.5735
6278722,14.5891
6279445,14.6048
6280168,14.6204
6280891,14.6361
6281614,14.6517
6282337,14.6674
6283061,14.6831
6283784,14.6989
6284508,14.7146
6285231,14.7304
6285955,14.7461
6286679,14.7619
6287402,14.7777
6288126,14.7936
6288850,14.8094
6289574,14.8252
6290298,14.8411
6291023,14.8570
6291747,14.8729
6292471,14.8888
6293196,14.9048
6293921,14.9208
6294645,14.9367
6295370,14.9527
6296095,14.9687
6296820,14.9848
6297545,15.0008
6298270,15.0169
6298995,15.0329
6299720,15.0490
6300445,15.0652
6301171,15.0813
6301896,15.0974
6302622,15.1136
6303348,15.1298
6304073,15.1460
6304799,15.1622
6305525,15.1784
6306251,15.1947
6306977,15.2110
6307703,15.2273
6308430,15.2436
6309156,15.2599
6309882,15.2762
6310609,15.2926
6311335,15.3090
6312062,15.3254
6312789,15.3418
6313516,15.3582
6314242,15.3747
6314969,15.3911
6315697,15.4076
6316424,15.4241
6317151,15.4406
6317878,15.4572
6318606,15.4737
6319333,15.4903
6320061,15.5069
6320788,15.5235
6321516,15.5402
6322244,15.5568
6322972,15.5735
6323700,15.5902
6324428,15.6069
6325156,15.6236
6325884,15.6403
6326613,15.6571
6327341,15.6739
6328070,15.6907
6328798,15.7075
6329527,15.7243
6330256,15.7412
6330985,15.7581
6331713,15.7749
6332442,15.7919
6333172,15.8088
6333901,15.8257
6334630,15.8427
6335359,15.8597
6336089,15.8767
6336818,15.8937
6337548,15.9108
6338278,15.9278
6339007,15.9449
6339737,15.9620
6340467,15.9791
6341197,15.9963
6341927,16.0134
6342657,16.0306
6343388,16.0478
6344118,16.0650
6344848,16.0823
6345579,16.0995
6346310,16.1168
6347040,16.1341
6347771,16.1514
6348502,16.1688
6349233,16.1861
6349964,16.2035
6350695,16.2209
6351426,16.2383
6352157,16.2557
6352889,16.2732
6353620,16.2907
6354352,16.3082
6355083,16.3257
6355815,16.3432
6356547,16.3608
6357279,16.3784
6358011,16.3960
6358743,16.4136
6359475,16.4312
6360207,16.4489
6360939,16.4665
6361672,16.4842
6362404,16.5020
6363137,16.5197
6363869,16.5375
6364602,16.5553
6365335,16.5731
6366068,16.5909
6366801,16.6087
6367534,16.6266
6368267,16.6445
6369000,16.6624
6369733,16.6803
6370467,16.6983
6371200,16.7162
6371934,16.7342
6372667,16.7522
6373401,16.7703
6374135,16.7883
6374869,16.8064
6375603,16.8245
6376337,16.8426
6377071,16.8607
6377805,16.8789
6378540,16.8971
6379274,16.9153
6380008,16.9335
6380743,16.9518
6381478,16.9700
6382212,16.9883
6382947,17.0066
6383682,17.0250
6384417,17.0433
6385152,17.0617
6385887,17.0801
6386623,17.0985
6387358,17.1170
6388093,17.1355
6388829,17.1539
6389564,17.1725
6390300,17.1910
6391036,17.2095
6391772,17.2281
6392508,17.2467
6393244,17.2653
6393980,17.2840
6394716,17.3027
6395452,17.3213
6396189,17.3401
6396925,17.3588
6397661,17.3776
6398398,17.3963
6399135,17.4151
6399872,17.4340
6400608,17.4528
6401345,17.4717
6402082,17.4906
6402819,17.5095
6403557,17.5285
6404294,17.5474
6405031,17.5664
6405769,17.5854
6406506,17.6045
6407244,17.6235
6407982,17.6426
6408719,17.6617
6409457,17.6808
6410195,17.7000
6410933,17.7192
6411671,17.7384
6412410,17.7576
6413148,17.7768
6413886,17.7961
6414625,17.8154
6415363,17.8347
6416102,17.8541
6416841,17.8734
6417579,17.8928
6418318,17.9123
6419057,17.9317
6419796,17.9512
6420536,17.9706
6421275,17.9902
6422014,18.0097
6422754,18.0293
6423493,18.0488
6424233,18.0685
6424972,18.0881
6425712,18.1078
6426452,18.1274
6427192,18.1472
6427932,18.1669
6428672,18.1867
6429412,18.2064
6430152,18.2263
6430893,18.2461
6431633,18.2659
6432374,18.2858
6433114,18.3057
6433855,18.3257
6434596,18.3456
6435336,18.3656
6436077,18.3856
6436818,18.4057
6437559,18.4258
6438301,18.4458
6439042,18.4660
6439783,18.4861
6440525,18.5063
6441266,18.5265
6442008,18.5467
6442750,18.5669
6443491,18.5872
6444233,18.6075
6444975,18.6278
6445717,18.6482
6446459,18.6686
6447202,18.6890
6447944,18.7094
6448686,18.7298
6449429,18.7503
6450171,18.7708
6450914,18.7914
6451657,18.8119
6452400,18.8325
6453142,18.8531
6453885,18.8738
6454629,18.8945
6455372,18.9152
6456115,18.9359
6456858,18.9566
6457602,18.9774
6458345,18.9982
6459089,19.0191
6459832,19.0399
6460576,19.0608
6461320,19.0817
6462064,19.1027
6462808,19.1236
6463552,19.1446
6464296,19.1657
6465041,19.1867
6465785,19.2078
6466529,19.2289
6467274,19.2501
6468019,19.2712
6468763,19.2924
6469508,19.3137
6470253,19.3349
6470998,19.3562
6471743,19.3775
6472488,19.3988
6473233,19.4202
6473979,19.4416
6474724,19.4630
6475469,19.4845
6476215,19.5060
6476961,19.5275
6477706,19.5490
6478452,19.5706
6479198,19.5922
6479944,19.6138
6480690,19.6355
6481436,19.6572
6482183,19.6789
6482929,19.7006
6483675,19.7224
6484422,19.7442
6485168,19.7661
6485915,19.7879
6486662,19.8098
6487409,19.8317
6488156,19.8537
6488903,19.8757
6489650,19.8977
6490397,19.9197
6491144,19.9418
6491892,19.9639
6492639,19.9861
6493387,20.0082
6494134,20.0304
6494882,20.0527
6495630,20.0749
6496378,20.0972
6497125,20.1195
6497874,20.1419
6498622,20.1643
6499370,20.1867
6500118,20.2091
6500867,20.2316
6501615,20.2541
6502364,20.2767
6503112,20.2992
6503861,20.3218
6504610,20.3445
6505359,20.3671
6506108,20.3898
6506857,20.4126
6507606,20.4353
6508355,20.4581
6509105,20.4810
6509854,20.5038
6510604,20.5267
6511353,20.5496
6512103,20.5726
6512853,20.5956
6513603,20.6186
6514352,20.6417
6515103,20.6648
6515853,20.6879
6516603,20.7110
6517353,20.7342
6518104,20.7574
6518854,20.7807
6519605,20.8040
6520355,20.8273
6521106,20.8506
6521857,20.8740
6522608,20.8975
6523359,20.9209
6524110,20.9444
6524861,20.9679
6525612,20.9915
6526363,21.0151
6527115,21.0387
6527866,21.0624
6528618,21.0860
6529370,21.1098
6530121,21.1335
6530873,21.1573
6531625,21.1812
6532377,21.2050
6533129,21.2289
6533882,21.2529
6534634,21.2768
6535386,21.3008
6536139,21.3249
6536891,21.3490
6537644,21.3731
6538397,21.3972
6539149,21.4214
6539902,21.4456
6540655,21.4699
6541408,21.4942
6542161,21.5185
6542915,21.5429
6543668,21.5673
6544421,21.5917
6545175,21.6162
6545928,21.6407
6546682,21.6652
6547436,21.6898
6548190,21.7144
6548944,21.7391
6549698,21.7638
6550452,21.7885
6551206,21.8132
6551960,21.8380
6552715,21.8629
6553469,21.8878
6554224,21.9127
6554978,21.9376
6555733,21.9626
6556488,21.9876
6557243,22.0127
6557998,22.0378
6558753,22.0629
6559508,22.0881
6560263,22.1133
6561018,22.1386
6561774,22.1639
6562529,22.1892
6563285,22.2146
6564041,22.2400
6564796,22.2655
6565552,22.2909
6566308,22.3165
6567064,22.3420
6567820,22.3676
6568576,22.3933
6569333,22.4190
6570089,22.4447
6570845,22.4705
6571602,22.4963
6572359,22.5221
6573115,22.5480
6573872,22.5739
6574629,22.5999
6575386,22.6259
6576143,22.6519
6576900,22.6780
6577657,22.7041
6578415,22.7303
6579172,22.7565
6579930,22.7827
6580687,22.8090
6581445,22.8353
6582203,22.8617
6582961,22.8881
6583719,22.9146
6584477,22.9411
6585235,22.9676
6585993,22.9942
6586751,23.0208
6587510,23.0475
6588268,23.0742
6589027,23.1009
6589785,23.1277
6590544,23.1545
6591303,23.1814
6592062,23.2083
6592821,23.2353
6593580,23.2623
6594339,23.2893
6595098,23.3164
6595857,23.3436
6596617,23.3707
6597376,23.3979
6598136,23.4252
6598896,23.4525
6599655,23.4799
6600415,23.5073
6601175,23.5347
6601935,23.5622
6602695,23.5897
6603455,23.6173
6604216,23.6449
6604976,23.6725
6605737,23.7002
6606497,23.7280
6607258,23.7558
6608019,23.7836
6608779,23.8115
6609540,23.8394
6610301,23.8674
6611062,23.8954
6611824,23.9235
6612585,23.9516
6613346,23.9798
6614108,24.0080
6614869,24.0362
6615631,24.0645
6616392,24.0929
6617154,24.1213
6617916,24.1497
6618678,24.1782
6619440,24.2067
6620202,24.2353
6620964,24.2639
6621727,24.2926
6622489,24.3213
6623252,24.3501
6624014,24.3789
6624777,24.4078
6625540,24.4367
6626302,24.4656
6627065,24.4946
6627828,24.5237
6628591,24.5528
6629355,24.5820
6630118,24.6112
6630881,24.6404
6631645,24.6697
6632408,24.6991
6633172,24.7285
6633936,24.7579
6634699,24.7874
6635463,24.8170
6636227,24.8466
6636991,24.8762
6637756,24.9059
6638520,24.9357
6639284,24.9655
6640049,24.9953
6640813,25.0252
6641578,25.0552
6642342,25.0852
6643107,25.1152
6643872,25.1453
6644637,25.1755
6645402,25.2057
6646167,25.2359
6646932,25.2663
6647698,25.2966
6648463,25.3270
6649228,25.3575
6649994,25.3880
6650760,25.4186
6651525,25.4492
6652291,25.4799
6653057,25.5106
6653823,25.5414
6654589,25.5723
6655355,25.6032
6656122,25.6341
6656888,25.6651
6657655,25.6962
6658421,25.7273
6659188,25.7584
6659954,25.7896
6660721,25.8209
6661488,25.8522
6662255,25.8836
6663022,25.9150
6663789,25.9465
6664557,25.9781
6665324,26.0097
6666091,26.0413
6666859,26.0730
6667626,26.1048
6668394,26.1366
6669162,26.1685
6669930,26.2004
6670698,26.2324
6671466,26.2645
6672234,26.2966
6673002,26.3287
6673770,26.3610
6674539,26.3932
6675307,26.4256
6676076,26.4580
6676844,26.4904
6677613,26.5229
6678382,26.5555
6679151,26.5881
6679920,26.6208
6680689,26.6535
6681458,26.6863
6682227,26.7192
6682997,26.7521
6683766,26.7851
6684536,26.8181
6685305,26.8512
6686075,26.8843
6686845,26.9175
6687615,26.9508
6688385,26.9842
6689155,27.0175
6689925,27.0510
6690695,27.0845
6691466,27.1181
6692236,27.1517
6693007,27.1854
6693777,27.2192
6694548,27.2530
6695319,27.2869
6696090,27.3208
6696861,27.3548
6697632,27.3889
6698403,27.4230
6699174,27.4572
6699945,27.4914
6700717,27.5257
6701488,27.5601
6702260,27.5946
6703031,27.6291
6703803,27.6636
6704575,27.6983
6705347,27.7329
6706119,27.7677
6706891,27.8025
6707663,27.8374
6708436,27.8724
6709208,27.9074
6709980,27.9424
6710753,27.9776
6711526,28.0128
6712298,28.0481
6713071,28.0834
6713844,28.1188
6714617,28.1543
6715390,28.1898
6716163,28.2254
6716937,28.2611
6717710,28.2968
6718483,28.3326
6719257,28.3685
6720031,28.4044
6720804,28.4404
6721578,28.4765
6722352,28.5126
6723126,28.5488
6723900,28.5851
6724674,28.6214
6725449,28.6578
6726223,28.6943
6726997,28.7308
6727772,28.7674
6728546,28.8041
6729321,28.8408
6730096,28.8776
6730871,28.9145
6731646,28.9515
6732421,28.9885
6733196,29.0256
6733971,29.0627
6734747,29.1000
6735522,29.1373
6736297,29.1746
6737073,29.2121
6737849,29.2496
6738624,29.2872
6739400,29.3248
6740176,29.3626
6740952,29.4004
6741728,29.4382
6742505,29.4762
6743281,29.5142
6744057,29.5522
6744834,29.5904
6745610,29.6286
6746387,29.6669
6747164,29.7053
6747941,29.7437
6748718,29.7822
6749495,29.8208
6750272,29.8595
6751049,29.8982
6751826,29.9370
6752604,29.9759
6753381,30.0149
6754159,30.0539
6754936,30.0930
6755714,30.1322
6756492,30.1714
6757270,30.2107
6758048,30.2501
6758826,30.2896
6759604,30.3291
6760382,30.3688
6761161,30.4085
6761939,30.4482
6762718,30.4881
6763496,30.5280
6764275,30.5680
6765054,30.6081
6765833,30.6482
6766612,30.6885
6767391,30.7288
6768170,30.7691
6768949,30.8096
6769729,30.8501
6770508,30.8907
6771288,30.9314
6772067,30.9722
6772847,31.0130
6773627,31.0539
6774407,31.0949
6775187,31.1360
6775967,31.1771
6776747,31.2184
6777527,31.2597
6778307,31.3010
6779088,31.3425
6779868,31.3840
6780649,31.4257
6781430,31.4674
6782210,31.5091
6782991,31.5510
6783772,31.5929
6784553,31.6349
6785334,31.6770
6786116,31.7192
6786897,31.7614
6787678,31.8037
6788460,31.8461
6789241,31.8886
6790023,31.9312
6790805,31.9738
6791587,32.0165
6792369,32.0593
6793151,32.1022
6793933,32.1451
6794715,32.1882
6795497,32.2313
6796280,32.2745
6797062,32.3178
6797845,32.3611
6798628,32.4045
6799410,32.4481
6800193,32.4916
6800976,32.5353
6801759,32.5791
6802542,32.6229
6803326,32.6668
6804109,32.7108
6804892,32.7549
6805676,32.7990
6806459,32.8433
6807243,32.8876
6808027,32.9320
6808811,32.9764
6809595,33.0210
6810379,33.0656
6811163,33.1103
6811947,33.1551
6812731,33.2000
6813516,33.2449
6814300,33.2900
6815085,33.3351
6815869,33.3803
6816654,33.4255
6817439,33.4709
6818224,33.5163
6819009,33.5618
6819794,33.6074
6820579,33.6531
6821364,33.6988
6822150,33.7446
6822935,33.7905
6823721,33.8365
6824507,33.8826
6825292,33.9287
6826078,33.9749
6826864,34.0212
6827650,34.0676
6828436,34.1140
6829222,34.1605
6830009,34.2071
6830795,34.2538
6831582,34.3006
6832368,34.3474
6833155,34.3943
6833941,34.4413
6834728,34.4883
6835515,34.5355
6836302,34.5827
6837089,34.6300
6837877,34.6773
6838664,34.7248
6839451,34.7723
6840239,34.8199
6841026,34.8675
6841814,34.9152
6842602,34.9631
6843389,35.0109
6844177,35.0589
6844965,35.1069
6845753,35.1550
6846542,35.2031
6847330,35.2514
6848118,35.2997
6848907,35.3481
6849695,35.3965
6850484,35.4450
6851273,35.4936
6852062,35.5422
6852850,35.5909
6853639,35.6397
6854429,35.6886
6855218,35.7375
6856007,35.7865
6856796,35.8355
6857586,35.8846
6858375,35.9338
6859165,35.9830
6859955,36.0323
6860745,36.0817
6861535,36.1311
6862325,36.1806
6863115,36.2301
6863905,36.2797
6864695,36.3293
6865486,36.3790
6866276,36.4288
6867067,36.4786
6867857,36.5285
6868648,36.5784
6869439,36.6284
6870230,36.6784
6871021,36.7285
6871812,36.7787
6872603,36.8288
6873394,36.8791
6874186,36.9293
6874977,36.9797
6875769,37.0300
6876560,37.0804
6877352,37.1309
6878144,37.1814
6878936,37.2319
6879728,37.2825
6880520,37.3331
6881312,37.3838
6882104,37.4344
6882897,37.4852
6883689,37.5359
6884482,37.5867
6885274,37.6375
6886067,37.6883
6886860,37.7392
6887653,37.7901
6888446,37.8410
6889239,37.8919
6890032,37.9429
6890826,37.9939
6891619,38.0449
6892412,38.0959
6893206,38.1469
6894000,38.1979
6894793,38.2490
6895587,38.3000
6896381,38.3511
6897175,38.4021
6897969,38.4532
6898763,38.5042
6899558,38.5553
6900352,38.6064
6901147,38.6574
6901941,38.7085
6902736,38.7595
6903531,38.8105
6904325,38.8615
6905120,38.9125
6905915,38.9635
6906711,39.0144
6907506,39.0653
6908301,39.1162
6909096,39.1671
6909892,39.2179
6910688,39.2687
6911483,39.3195
6912279,39.3702
6913075,39.4208
6913871,39.4715
6914667,39.5220
6915463,39.5725
6916259,39.6230
6917055,39.6734
6917852,39.7237
6918648,39.7740
6919445,39.8242
6920242,39.8744
6921038,39.9244
6921835,39.9744
6922632,40.0243
6923429,40.0741
6924226,40.1238
6925024,40.1734
6925821,40.2229
6926618,40.2723
6927416,40.3217
6928213,40.3708
6929011,40.4199
6929809,40.4689
6930607,40.5177
6931405,40.5665
6932203,40.6150
6933001,40.6635
6933799,40.7118
6934597,40.7600
6935396,40.8080
6936194,40.8558
6936993,40.9035
6937792,40.9510
6938590,40.9984
6939389,41.0456
6940188,41.0926
6940987,41.1394
6941787,41.1861
6942586,41.2325
6943385,41.2787
6944185,41.3247
6944984,41.3706
6945784,41.4162
6946583,41.4615
6947383,41.5067
6948183,41.5516
6948983,41.5963
6949783,41.6407
6950583,41.6848
6951384,41.7288
6952184,41.7724
6952984,41.8158
6953785,41.8589
6954586,41.9017
6955386,41.9442
6956187,41.9864
6956988,42.0283
6957789,42.0699
6958590,42.1112
6959391,42.1522
6960193,42.1928
6960994,42.2331
6961795,42.2730
6962597,42.3126
6963399,42.3519
6964200,42.3908
6965002,42.4292
6965804,42.4674
6966606,42.5051
6967408,42.5424
6968210,42.5794
6969013,42.6159
6969815,42.6520
6970618,42.6877
6971420,42.7229
6972223,42.7578
6973026,42.7921
6973828,42.8261
6974631,42.8595
6975434,42.8925
6976237,42.9250
6977041,42.9570
6977844,42.9886
6978647,43.0196
6979451,43.0502
6980254,43.0802
6981058,43.1097
6981862,43.1387
6982666,43.1671
6983470,43.1950
6984274,43.2224
6985078,43.2492
6985882,43.2755
6986686,43.3011
6987491,43.3262
6988295,43.3508
6989100,43.3747
6989905,43.3980
6990709,43.4208
6991514,43.4429
6992319,43.4644
6993124,43.4853
6993930,43.5056
6994735,43.5252
6995540,43.5442
6996346,43.5625
6997151,43.5802
6997957,43.5973
6998762,43.6137
6999568,43.6294
7000374,43.6445
7001180,43.6589
7001986,43.6726
7002792,43.6856
7003599,43.6979
7004405,43.7096
7005212,43.7205
7006018,43.7307
7006825,43.7403
7007631,43.7491
7008438,43.7573
7009245,43.7647
7010052,43.7714
7010859,43.7774
7011667,43.7827
7012474,43.7872
7013281,43.7910
7014089,43.7942
7014896,43.7965
7015704,43.7982
7016512,43.7991
7017320,43.7993
7018128,43.7988
7018936,43.7975
7019744,43.7955
7020552,43.7928
7021360,43.7894
7022169,43.7852
7022977,43.7803
7023786,43.7747
7024594,43.7684
7025403,43.7613
7026212,43.7535
7027021,43.7450
7027830,43.7358
7028639,43.7258
7029449,43.7152
7030258,43.7038
7031067,43.6918
7031877,43.6790
7032686,43.6656
7033496,43.6514
7034306,43.6365
7035116,43.6210
7035926,43.6048
7036736,43.5879
7037546,43.5703
7038356,43.5521
7039167,43.5332
7039977,43.5136
7040788,43.4934
7041598,43.4725
7042409,43.4510
7043220,43.4288
7044031,43.4061
7044842,43.3826
7045653,43.3586
7046464,43.3340
7047276,43.3087
7048087,43.2828
7048898,43.2564
7049710,43.2293
7050522,43.2017
7051333,43.1735
7052145,43.1447
7052957,43.1153
7053769,43.0854
7054581,43.0550
7055394,43.0240
7056206,42.9924
7057018,42.9604
7057831,42.9278
7058644,42.8947
7059456,42.8611
7060269,42.8270
7061082,42.7924
7061895,42.7573
7062708,42.7217
7063521,42.6856
7064334,42.6491
7065148,42.6122
7065961,42.5747
7066775,42.5369
7067588,42.4986
7068402,42.4598
7069216,42.4207
7070030,42.3811
7070844,42.3411
7071658,42.3007
7072472,42.2599
7073287,42.2188
7074101,42.1772
7074915,42.1353
7075730,42.0930
7076545,42.0504
7077359,42.0074
7078174,41.9640
7078989,41.9203
7079804,41.8763
7080619,41.8320
7081435,41.7873
7082250,41.7423
7083065,41.6970
7083881,41.6514
7084697,41.6055
7085512,41.5593
7086328,41.5129
7087144,41.4662
7087960,41.4191
7088776,41.3719
7089592,41.3243
7090408,41.2766
7091225,41.2285
7092041,41.1803
7092858,41.1318
7093674,41.0830
7094491,41.0341
7095308,40.9849
7096125,40.9355
7096942,40.8859
7097759,40.8361
7098576,40.7861
7099394,40.7359
7100211,40.6855
7101028,40.6349
7101846,40.5842
7102664,40.5333
7103482,40.4822
7104299,40.4309
7105117,40.3795
7105935,40.3280
7106754,40.2763
7107572,40.2244
7108390,40.1724
7109209,40.1203
7110027,40.0680
7110846,40.0156
7111664,39.9631
7112483,39.9104
7113302,39.8577
7114121,39.8048
7114940,39.7518
7115759,39.6987
7116579,39.6456
7117398,39.5923
7118218,39.5389
7119037,39.4854
7119857,39.4319
7120676,39.3782
7121496,39.3245
7122316,39.2707
7123136,39.2168
7123956,39.1629
7124777,39.1089
7125597,39.0548
7126417,39.0007
7127238,38.9465
7128058,38.8922
7128879,38.8379
7129700,38.7836
7130521,38.7292
7131342,38.6748
7132163,38.6203
7132984,38.5658
7133805,38.5112
7134627,38.4566
7135448,38.4020
7136270,38.3473
7137091,38.2927
7137913,38.2380
7138735,38.1832
7139557,38.1285
7140379,38.0737
7141201,38.0190
7142023,37.9642
7142845,37.9094
7143668,37.8546
7144490,37.7998
7145313,37.7449
7146136,37.6901
7146958,37.6353
7147781,37.5805
7148604,37.5257
7149427,37.4709
7150250,37.4161
7151074,37.3613
7151897,37.3065
7152720,37.2517
7153544,37.1969
7154368,37.1422
7155191,37.0875
7156015,37.0327
7156839,36.9781
7157663,36.9234
7158487,36.8687
7159311,36.8141
7160136,36.7595
7160960,36.7049
7161785,36.6504
7162609,36.5959
7163434,36.5414
7164259,36.4869
7165083,36.4325
7165908,36.3781
7166733,36.3238
7167559,36.2694
7168384,36.2152
7169209,36.1609
7170035,36.1067
7170860,36.0526
7171686,35.9984
7172512,35.9444
7173337,35.8903
7174163,35.8363
7174989,35.7824
7175815,35.7285
7176642,35.6747
7177468,35.6209
7178294,35.5671
7179121,35.5134
7179947,35.4598
7180774,35.4062
7181601,35.3526
7182428,35.2991
7183255,35.2457
7184082,35.1923
7184909,35.1390
7185736,35.0857
7186563,35.0325
7187391,34.9793
7188218,34.9262
7189046,34.8732
7189874,34.8202
7190701,34.7673
7191529,34.7144
7192357,34.6616
7193185,34.6089
7194014,34.5562
7194842,34.5036
7195670,34.4511
7196499,34.3986
7197327,34.3462
7198156,34.2938
7198985,34.2415
7199814,34.1893
7200643,34.1371
7201472,34.0850
7202301,34.0330
7203130,33.9811
7203959,33.9292
7204789,33.8773
7205618,33.8256
7206448,33.7739
7207278,33.7223
7208107,33.6707
7208937,33.6193
7209767,33.5679
7210598,33.5165
7211428,33.4653
7212258,33.4141
7213088,33.3629
7213919,33.3119
7214749,33.2609
7215580,33.2100
7216411,33.1592
7217242,33.1084
7218073,33.0577
7218904,33.0071
7219735,32.9565
7220566,32.9061
7221398,32.8557
7222229,32.8054
7223061,32.7551
7223892,32.7049
7224724,32.6548
7225556,32.6048
7226388,32.5548
7227220,32.5050
7228052,32.4552
7228884,32.4054
7229716,32.3558
7230549,32.3062
7231381,32.2567
7232214,32.2073
7233046,32.1579
7233879,32.1087
7234712,32.0595
7235545,32.0103
7236378,31.9613
7237211,31.9123
7238045,31.8634
7238878,31.8146
7239711,31.7658
7240545,31.7172
7241379,31.6686
7242212,31.6201
7243046,31.5716
7243880,31.5233
7244714,31.4750
7245548,31.4268
7246383,31.3786
7247217,31.3306
7248051,31.2826
7248886,31.2347
7249720,31.1868
7250555,31.1391
7251390,31.0914
7252225,31.0438
7253060,30.9963
7253895,30.9488
7254730,30.9015
7255565,30.8542
7256401,30.8070
7257236,30.7598
7258072,30.7127
7258907,30.6658
7259743,30.6188
7260579,30.5720
7261415,30.5252
7262251,30.4786
7263087,30.4319
7263923,30.3854
7264760,30.3389
7265596,30.2926
7266433,30.2463
7267269,30.2000
7268106,30.1539
7268943,30.1078
7269780,30.0618
7270617,30.0158
7271454,29.9700
7272291,29.9242
7273128,29.8785
7273966,29.8329
7274803,29.7873
7275641,29.7418
7276479,29.6964
7277316,29.6511
7278154,29.6058
7278992,29.5607
7279830,29.5155
7280668,29.4705
7281507,29.4255
7282345,29.3807
7283184,29.3358
7284022,29.2911
7284861,29.2464
7285699,29.2019
7286538,29.1573
7287377,29.1129
7288216,29.0685
7289055,29.0242
7289895,28.9800
7290734,28.9358
7291573,28.8918
7292413,28.8477
7293253,28.8038
7294092,28.7599
7294932,28.7162
7295772,28.6724
7296612,28.6288
7297452,28.5852
7298292,28.5417
7299133,28.4983
7299973,28.4549
7300814,28.4116
7301654,28.3684
7302495,28.3252
7303336,28.2822
7304176,28.2392
7305017,28.1962
7305858,28.1534
7306700,28.1106
7307541,28.0678
7308382,28.0252
7309224,27.9826
7310065,27.9401
7310907,27.8976
7311749,27.8553
7312591,27.8130
7313432,27.7707
7314274,27.7285
7315117,27.6864
7315959,27.6444
7316801,27.6025
7317644,27.5606
7318486,27.5187
7319329,27.4770
7320171,27.4353
7321014,27.3937
7321857,27.3521
7322700,27.3106
7323543,27.2692
7324387,27.2278
7325230,27.1866
7326073,27.1453
7326917,27.1042
7327760,27.0631
7328604,27.0221
7329448,26.9811
7330292,26.9402
7331136,26.8994
7331980,26.8587
7332824,26.8180
7333668,26.7774
7334513,26.7368
7335357,26.6963
7336202,26.6559
7337046,26.6155
7337891,26.5752
7338736,26.5350
7339581,26.4948
7340426,26.4547
7341271,26.4147
7342116,26.3747
7342962,26.3348
7343807,26.2949
7344653,26.2551
7345498,26.2154
7346344,26.1757
7347190,26.1362
7348036,26.0966
7348882,26.0571
7349728,26.0177
7350574,25.9784
7351420,25.9391
7352267,25.8999
7353113,25.8607
7353960,25.8216
7354807,25.7826
7355653,25.7436
7356500,25.7047
7357347,25.6658
7358194,25.6270
7359042,25.5883
7359889,25.5496
7360736,25.5110
7361584,25.4725
7362431,25.4340
7363279,25.3956
7364127,25.3572
7364975,25.3189
7365823,25.2806
7366671,25.2424
7367519,25.2043
7368367,25.1662
7369215,25.1282
7370064,25.0903
7370912,25.0524
7371761,25.0145
7372610,24.9768
7373459,24.9390
7374308,24.9014
7375157,24.8638
7376006,24.8262
7376855,24.7887
7377704,24.7513
7378554,24.7139
7379403,24.6766
7380253,24.6393
7381103,24.6021
7381953,24.5650
7382803,24.5279
7383653,24.4908
7384503,24.4539
7385353,24.4169
7386203,24.3801
7387054,24.3433
7387904,24.3065
7388755,24.2698
7389606,24.2332
7390456,24.1966
7391307,24.1600
7392158,24.1236
7393009,24.0871
7393861,24.0508
7394712,24.0144
7395563,23.9782
7396415,23.9420
7397266,23.9058
7398118,23.8697
7398970,23.8337
7399822,23.7977
7400674,23.7617
7401526,23.7258
7402378,23.6900
7403230,23.6542
7404083,23.6185
7404935,23.5828
7405788,23.5472
7406640,23.5116
7407493,23.4761
7408346,23.4407
7409199,23.4052
7410052,23.3699
7410905,23.3346
7411758,23.2993
7412612,23.2641
7413465,23.2289
7414319,23.1938
7415172,23.1588
7416026,23.1238
7416880,23.0888
7417734,23.0539
7418588,23.0191
7419442,22.9843
7420296,22.9495
7421151,22.9148
7422005,22.8802
7422860,22.8456
7423714,22.8110
7424569,22.7765
7425424,22.7420
7426279,22.7076
7427134,22.6733
7427989,22.6390
7428844,22.6047
7429700,22.5705
7430555,22.5363
7431411,22.5022
7432266,22.4682
7433122,22.4341
7433978,22.4002
7434834,22.3663
7435690,22.3324
7436546,22.2986
7437402,22.2648
7438258,22.2311
7439115,22.1974
7439971,22.1637
7440828,22.1301
7441685,22.0966
7442541,22.0631
7443398,22.0297
7444255,21.9962
7445112,21.9629
7445970,21.9296
7446827,21.8963
7447684,21.8631
7448542,21.8299
7449399,21.7968
7450257,21.7637
7451115,21.7307
7451973,21.6977
7452831,21.6647
7453689,21.6318
7454547,21.5990
7455405,21.5662
7456264,21.5334
7457122,21.5007
7457981,21.4680
7458839,21.4354
7459698,21.4028
7460557,21.3702
7461416,21.3377
7462275,21.3053
7463134,21.2729
7463994,21.2405
7464853,21.2082
7465712,21.1759
7466572,21.1436
7467432,21.1114
7468291,21.0793
7469151,21.0472
7470011,21.0151
7470871,20.9831
7471731,20.9511
7472592,20.9191
7473452,20.8872
7474313,20.8554
7475173,20.8236
7476034,20.7918
7476895,20.7601
7477755,20.7284
7478616,20.6967
7479477,20.6651
7480339,20.6335
7481200,20.6020
7482061,20.5705
7482923,20.5391
7483784,20.5077
7484646,20.4763
7485508,20.4450
7486369,20.4137
7487231,20.3825
7488093,20.3513
7488956,20.3201
7489818,20.2890
7490680,20.2579
7491543,20.2269
7492405,20.1959
7493268,20.1649
7494131,20.1340
7494993,20.1031
7495856,20.0723
7496719,20.0415
7497583,20.0107
7498446,19.9800
7499309,19.9493
7500173,19.9187
7501036,19.8881
7501900,19.8575
7502763,19.8270
7503627,19.7965
7504491,19.7660
7505355,19.7356
7506219,19.7052
7507084,19.6749
7507948,19.6446
7508812,19.6143
7509677,19.5841
7510542,19.5539
7511406,19.5238
7512271,19.4936
7513136,19.4636
7514001,19.4335
7514866,19.4035
7515731,19.3736
7516597,19.3436
7517462,19.3137
7518328,19.2839
7519193,19.2541
7520059,19.2243
7520925,19.1945
7521791,19.1648
7522657,19.1352
7523523,19.1055
7524389,19.0759
7525256,19.0464
7526122,19.0168
7526989,18.9873
7527855,18.9579
7528722,18.9285
7529589,18.8991
7530456,18.8697
7531323,18.8404
7532190,18.8111
7533057,18.7819
7533924,18.7527
7534792,18.7235
7535659,18.6943
7536527,18.6652
7537395,18.6362
7538262,18.6071
7539130,18.5781
7539998,18.5491
7540867,18.5202
7541735,18.4913
7542603,18.4624
7543472,18.4336
7544340,18.4048
7545209,18.3760
7546077,18.3473
7546946,18.3186
7547815,18.2899
7548684,18.2613
7549553,18.2327
7550423,18.2041
7551292,18.1756
7552161,18.1471
7553031,18.1186
7553900,18.0902
7554770,18.0618
7555640,18.0334
7556510,18.0051
7557380,17.9768
7558250,17.9485
7559120,17.9203
7559991,17.8921
7560861,17.8639
7561732,17.8358
7562602,17.8077
7563473,17.7796
7564344,17.7515
7565215,17.7235
7566086,17.6955
7566957,17.6676
7567828,17.6397
7568699,17.6118
7569571,17.5839
7570442,17.5561
7571314,17.5283
7572186,17.5005
7573058,17.4728
7573929,17.4451
7574801,17.4174
7575674,17.3898
7576546,17.3622
7577418,17.3346
7578291,17.3071
7579163,17.2795
7580036,17.2521
7580908,17.2246
7581781,17.1972
7582654,17.1698
7583527,17.1424
7584400,17.1151
7585274,17.0878
7586147,17.0605
7587020,17.0332
7587894,17.0060
7588768,16.9788
7589641,16.9517
7590515,16.9245
7591389,16.8974
7592263,16.8704
7593137,16.8433
7594012,16.8163
7594886,16.7893
7595760,16.7624
7596635,16.7355
7597510,16.7086
7598384,16.6817
7599259,16.6549
7600134,16.6280
7601009,16.6013
7601884,16.5745
7602760,16.5478
7603635,16.5211
7604510,16.4944
7605386,16.4678
7606262,16.4412
7607137,16.4146
7608013,16.3880
7608889,16.3615
7609765,16.3350
7610641,16.3085
7611518,16.2821
7612394,16.2557
7613270,16.2293
7614147,16.2029
7615024,16.1766
7615900,16.1503
7616777,16.1240
7617654,16.0977
7618531,16.0715
7619408,16.0453
7620286,16.0191
7621163,15.9930
7622041,15.9669
7622918,15.9408
7623796,15.9147
7624674,15.8887
7625551,15.8626
7626429,15.8367
7627307,15.8107
7628186,15.7848
7629064,15.7589
7629942,15.7330
7630821,15.7071
7631699,15.6813
7632578,15.6555
7633457,15.6297
7634336,15.6040
7635215,15.5782
7636094,15.5525
7636973,15.5269
7637852,15.5012
7638732,15.4756
7639611,15.4500
7640491,15.4244
7641370,15.3989
7642250,15.3734
7643130,15.3479
7644010,15.3224
7644890,15.2969
7645770,15.2715
7646651,15.2461
7647531,15.2207
7648412,15.1954
7649292,15.1701
7650173,15.1448
7651054,15.1195
7651935,15.0943
7652816,15.0690
7653697,15.0438
7654578,15.0187
7655459,14.9935
7656341,14.9684
7657222,14.9433
7658104,14.9182
7658986,14.8932
7659867,14.8681
7660749,14.8431
7661631,14.8181
7662514,14.7932
7663396,14.7683
7664278,14.7433
7665161,14.7185
7666043,14.6936
7666926,14.6688
7667808,14.6439
7668691,14.6192
7669574,14.5944
7670457,14.5696
7671340,14.5449
7672224,14.5202
7673107,14.4955
7673990,14.4709
7674874,14.4463
7675758,14.4217
7676641,14.3971
7677525,14.3725
7678409,14.3480
7679293,14.3235
7680177,14.2990
7681062,14.2745
7681946,14.2501
7682831,14.2256
7683715,14.2012
7684600,14.1768
7685485,14.1525
7686369,14.1282
7687254,14.1038
7688139,14.0796
7689025,14.0553
7689910,14.0310
7690795,14.0068
7691681,13.9826
7692566,13.9584
7693452,13.9343
7694338,13.9101
7695224,13.8860
7696110,13.8619
7696996,13.8379
7697882,13.8138
7698768,13.7898
7699655,13.7658
7700541,13.7418
7701428,13.7178
7702315,13.6939
7703201,13.6700
7704088,13.6461
7704975,13.6222
7705862,13.5983
7706750,13.5745
7707637,13.5507
7708524,13.5269
7709412,13.5031
7710300,13.4793
7711187,13.4556
7712075,13.4319
7712963,13.4082
7713851,13.3845
7714739,13.3609
7715628,13.3373
7716516,13.3137
7717404,13.2901
7718293,13.2665
7719182,13.2429
7720070,13.2194
7720959,13.1959
7721848,13.1724
7722737,13.1490
7723626,13.1255
7724516,13.1021
7725405,13.0787
7726294,13.0553
7727184,13.0319
7728074,13.0086
7728963,12.9853
7729853,12.9620
7730743,12.9387
7731633,12.9154
7732524,12.8921
7733414,12.8689
7734304,12.8457
7735195,12.8225
7736085,12.7994
7736976,12.7762
7737867,12.7531
7738758,12.7300
7739649,12.7069
7740540,12.6838
7741431,12.6607
7742322,12.6377
7743214,12.6147
7744105,12.5917
7744997,12.5687
7745889,12.5458
7746781,12.5228
7747673,12.4999
7748565,12.4770
7749457,12.4541
7750349,12.4312
7751241,12.4084
7752134,12.3856
7753026,12.3628
7753919,12.3400
7754812,12.3172
7755705,12.2944
7756597,12.2717
7757491,12.2490
7758384,12.2263
7759277,12.2036
7760170,12.1809
7761064,12.1583
7761957,12.1357
7762851,12.1131
7763745,12.0905
7764639,12.0679
7765533,12.0454
7766427,12.0228
7767321,12.0003
7768215,11.9778
7769110,11.9553
7770004,11.9328
7770899,11.9104
7771794,11.8880
7772688,11.8656
7773583,11.8432
7774478,11.8208
7775373,11.7984
7776269,11.7761
7777164,11.7538
7778059,11.7315
7778955,11.7092
7779851,11.6869
7780746,11.6646
7781642,11.6424
7782538,11.6202
7783434,11.5980
7784330,11.5758
7785227,11.5536
7786123,11.5315
7787019,11.5093
7787916,11.4872
7788813,11.4651
7789709,11.4430
7790606,11.4209
7791503,11.3989
7792400,11.3769
7793297,11.3548
7794195,11.3328
7795092,11.3108
7795990,11.2889
7796887,11.2669
7797785,11.2450
7798683,11.2231
7799581,11.2012
7800479,11.1793
7801377,11.1574
7802275,11.1356
7803173,11.1137
7804072,11.0919
7804970,11.0701
7805869,11.0483
7806768,11.0265
7807667,11.0048
7808565,10.9830
7809464,10.9613
7810364,10.9396
7811263,10.9179
7812162,10.8962
7813062,10.8745
7813961,10.8529
7814861,10.8313
7815761,10.8097
7816661,10.7881
7817561,10.7665
7818461,10.7449
7819361,10.7233
7820261,10.7018
7821162,10.6803
7822062,10.6588
7822963,10.6373
7823863,10.6158
7824764,10.5944
7825665,10.5729
7826566,10.5515
7827467,10.5301
7828368,10.5087
7829270,10.4873
7830171,10.4659
7831073,10.4446
7831974,10.4232
7832876,10.4019
7833778,10.3806
7834680,10.3593
7835582,10.3380
7836484,10.3167
7837386,10.2955
7838289,10.2743
7839191,10.2530
7840094,10.2318
7840996,10.2106
7841899,10.1895
7842802,10.1683
7843705,10.1471
7844608,10.1260
7845511,10.1049
7846415,10.0838
7847318,10.0627
7848222,10.0416
7849125,10.0206
7850029,9.9995
7850933,9.9785
7851837,9.9575
7852741,9.9365
7853645,9.9155
7854549,9.8945
7855453,9.8735
7856358,9.8526
7857262,9.8317
7858167,9.8107
7859072,9.7898
7859977,9.7689
7860882,9.7481
7861787,9.7272
7862692,9.7063
7863597,9.6855
7864502,9.6647
7865408,9.6439
7866314,9.6231
7867219,9.6023
7868125,9.5815
7869031,9.5608
7869937,9.5400
7870843,9.5193
7871749,9.4986
7872656,9.4779
7873562,9.4572
7874469,9.4365
7875375,9.4159
7876282,9.3952
7877189,9.3746
7878096,9.3540
7879003,9.3334
7879910,9.3128
7880817,9.2922
7881725,9.2716
7882632,9.2511
7883540,9.2305
7884447,9.2100
7885355,9.1895
7886263,9.1690
7887171,9.1485
7888079,9.1280
7888987,9.1076
7889896,9.0871
7890804,9.0667
7891712,9.0463
7892621,9.0258
7893530,9.0054
7894439,8.9851
7895348,8.9647
7896257,8.9443
7897166,8.9240
7898075,8.9036
7898984,8.8833
7899894,8.8630
7900803,8.8427
7901713,8.8224
7902623,8.8021
7903533,8.7819
7904443,8.7616
7905353,8.7414
7906263,8.7212
7907173,8.7010
7908084,8.6808
7908994,8.6606
7909905,8.6404
7910815,8.6202
7911726,8.6001
7912637,8.5800
7913548,8.5598
7914459,8.5397
7915371,8.5196
7916282,8.4995
7917193,8.4795
7918105,8.4594
7919017,8.4393
7919928,8.4193
7920840,8.3993
7921752,8.3792
7922664,8.3592
7923576,8.3392
7924489,8.3193
7925401,8.2993
7926314,8.2793
7927226,8.2594
7928139,8.2394
7929052,8.2195
7929965,8.1996
7930878,8.1797
7931791,8.1598
7932704,8.1399
7933617,8.1201
7934531,8.1002
7935444,8.0804
7936358,8.0605
7937272,8.0407
7938186,8.0209
7939100,8.0011
7940014,7.9813
7940928,7.9615
7941842,7.9418
7942757,7.9220
7943671,7.9023
7944586,7.8826
7945500,7.8628
7946415,7.8431
7947330,7.8234
7948245,7.8037
7949160,7.7841
7950076,7.7644
7950991,7.7447
7951906,7.7251
7952822,7.7055
7953738,7.6859
7954653,7.6662
7955569,7.6466
7956485,7.6271
7957401,7.6075
7958317,7.5879
7959234,7.5684
7960150,7.5488
7961067,7.5293
7961983,7.5097
7962900,7.4902
7963817,7.4707
7964734,7.4512
7965651,7.4318
7966568,7.4123
7967485,7.3928
7968402,7.3734
7969320,7.3539
7970237,7.3345
7971155,7.3151
7972073,7.2957
7972991,7.2763
7973909,7.2569
7974827,7.2375
7975745,7.2181
7976663,7.1988
7977582,7.1794
7978500,7.1601
7979419,7.1408
7980337,7.1215
7981256,7.1021
7982175,7.0828
7983094,7.0636
7984013,7.0443
7984933,7.0250
7985852,7.0058
7986771,6.9865
7987691,6.9673
7988611,6.9481
7989530,6.9288
7990450,6.9096
7991370,6.8904
7992290,6.8712
7993211,6.8521
7994131,6.8329
7995051,6.8137
7995972,6.7946
7996892,6.7755
7997813,6.7563
7998734,6.7372
7999655,6.7181
8000576,6.6990
8001497,6.6799
8002418,6.6608
8003340,6.6418
8004261,6.6227
8005183,6.6036
8006105,6.5846
8007026,6.5656
8007948,6.5465
8008870,6.5275
8009792,6.5085
8010715,6.4895
8011637,6.4705
8012559,6.4516
8013482,6.4326
8014404,6.4136
8015327,6.3947
8016250,6.3757
8017173,6.3568
8018096,6.3379
8019019,6.3190
8019943,6.3001
8020866,6.2812
8021789,6.2623
8022713,6.2434
8023637,6.2245
8024560,6.2057
8025484,6.1868
8026408,6.1680
8027333,6.1492
8028257,6.1303
8029181,6.1115
8030106,6.0927
8031030,6.0739
8031955,6.0551
8032880,6.0364
8033804,6.0176
8034729,5.9988
8035654,5.9801
8036580,5.9613
8037505,5.9426
8038430,5.9239
8039356,5.9052
8040282,5.8865
8041207,5.8678
8042133,5.8491
8043059,5.8304
8043985,5.8117
8044911,5.7930
8045837,5.7744
8046764,5.7557
8047690,5.7371
8048617,5.7185
8049544,5.6998
8050470,5.6812
8051397,5.6626
8052324,5.6440
8053251,5.6254
8054179,5.6068
8055106,5.5883
8056033,5.5697
8056961,5.5512
8057889,5.5326
8058816,5.5141
8059744,5.4955
8060672,5.4770
8061600,5.4585
8062528,5.4400
8063457,5.4215
8064385,5.4030
8065314,5.3845
8066242,5.3660
8067171,5.3476
8068100,5.3291
8069029,5.3107
8069958,5.2922
8070887,5.2738
8071816,5.2554
8072745,5.2369
8073675,5.2185
8074604,5.2001
8075534,5.1817
8076464,5.1633
8077394,5.1450
8078324,5.1266
8079254,5.1082
8080184,5.0899
8081114,5.0715
8082045,5.0532
8082975,5.0348
8083906,5.0165
8084837,4.9982
8085768,4.9799
8086699,4.9616
8087630,4.9433
8088561,4.9250
8089492,4.9067
8090423,4.8884
8091355,4.8702
8092287,4.8519
8093218,4.8337
8094150,4.8154
8095082,4.7972
8096014,4.7790
8096946,4.7607
8097878,4.7425
8098811,4.7243
8099743,4.7061
8100676,4.6879
8101609,4.6698
8102541,4.6516
8103474,4.6334
8104407,4.6153
8105340,4.5971
8106274,4.5789
8107207,4.5608
8108140,4.5427
8109074,4.5246
8110007,4.5064
8110941,4.4883
8111875,4.4702
8112809,4.4521
8113743,4.4340
8114677,4.4160
8115612,4.3979
8116546,4.3798
8117481,4.3617
8118415,4.3437
8119350,4.3256
8120285,4.3076
8121220,4.2896
8122155,4.2715
8123090,4.2535
8124025,4.2355
8124960,4.2175
8125896,4.1995
8126831,4.1815
8127767,4.1635
8128703,4.1455
8129639,4.1276
8130575,4.1096
8131511,4.0917
8132447,4.0737
8133384,4.0558
8134320,4.0378
8135257,4.0199
8136193,4.0020
8137130,3.9840
8138067,3.9661
8139004,3.9482
8139941,3.9303
8140878,3.9124
8141815,3.8946
8142753,3.8767
8143690,3.8588
8144628,3.8409
8145566,3.8231
8146504,3.8052
8147442,3.7874
8148380,3.7695
8149318,3.7517
8150256,3.7339
8151194,3.7161
8152133,3.6983
8153072,3.6804
8154010,3.6626
8154949,3.6449
8155888,3.6271
8156827,3.6093
8157766,3.5915
8158705,3.5737
8159645,3.5560
8160584,3.5382
8161524,3.5205
8162464,3.5027
8163403,3.4850
8164343,3.4673
8165283,3.4495
8166223,3.4318
8167164,3.4141
8168104,3.3964
8169044,3.3787
8169985,3.3610
8170926,3.3433
8171866,3.3256
8172807,3.3080
8173748,3.2903
8174689,3.2726
8175630,3.2550
8176572,3.2373
8177513,3.2197
8178455,3.2020
8179396,3.1844
8180338,3.1668
8181280,3.1491
8182222,3.1315
8183164,3.1139
8184106,3.0963
8185048,3.0787
8185991,3.0611
8186933,3.0435
8187876,3.0260
8188819,3.0084
8189762,2.9908
8190704,2.9732
8191647,2.9557
8192591,2.9381
8193534,2.9206
8194477,2.9031
8195421,2.8855
8196364,2.8680
8197308,2.8505
8198252,2.8330
8199196,2.8154
8200140,2.7979
8201084,2.7804
8202028,2.7629
8202972,2.7455
8203917,2.7280
8204862,2.7105
8205806,2.6930
8206751,2.6756
8207696,2.6581
8208641,2.6406
8209586,2.6232
8210531,2.6057
8211477,2.5883
8212422,2.5709
8213367,2.5534
8214313,2.5360
8215259,2.5186
8216205,2.5012
8217151,2.4838
8218097,2.4664
8219043,2.4490
8219989,2.4316
8220936,2.4142
8221882,2.3968
8222829,2.3795
8223776,2.3621
8224723,2.3447
8225669,2.3274
8226617,2.3100
8227564,2.2927
8228511,2.2753
8229458,2.2580
8230406,2.2407
8231354,2.2234
8232301,2.2060
8233249,2.1887
8234197,2.1714
8235145,2.1541
8236093,2.1368
8237042,2.1195
8237990,2.1022
8238938,2.0849
8239887,2.0677
8240836,2.0504
8241784,2.0331
8242733,2.0159
8243682,1.9986
8244632,1.9814
8245581,1.9641
8246530,1.9469
8247480,1.9296
8248429,1.9124
8249379,1.8952
8250329,1.8779
8251279,1.8607
8252229,1.8435
8253179,1.8263
8254129,1.8091
8255079,1.7919
8256030,1.7747
8256980,1.7575
8257931,1.7404
8258882,1.7232
8259833,1.7060
8260784,1.6888
8261735,1.6717
8262686,1.6545
8263637,1.6374
8264589,1.6202
8265540,1.6031
8266492,1.5860
8267444,1.5688
8268396,1.5517
8269348,1.5346
8270300,1.5175
8271252,1.5003
8272204,1.4832
8273157,1.4661
8274109,1.4490
8275062,1.4319
8276015,1.4149
8276968,1.3978
8277921,1.3807
8278874,1.3636
8279827,1.3466
8280780,1.3295
8281734,1.3124
8282687,1.2954
8283641,1.2783
8284594,1.2613
8285548,1.2442
8286502,1.2272
8287456,1.2102
8288411,1.1932
8289365,1.1761
8290319,1.1591
8291274,1.1421
8292228,1.1251
8293183,1.1081
8294138,1.0911
8295093,1.0741
8296048,1.0571
8297003,1.0401
8297958,1.0232
8298914,1.0062
8299869,0.9892
8300825,0.9723
8301781,0.9553
8302736,0.9383
8303692,0.9214
8304648,0.9045
8305605,0.8875
8306561,0.8706
8307517,0.8536
8308474,0.8367
8309430,0.8198
8310387,0.8029
8311344,0.7860
8312301,0.7691
8313258,0.7522
8314215,0.7353
8315172,0.7184
8316130,0.7015
8317087,0.6846
8318045,0.6677
8319002,0.6508
8319960,0.6340
8320918,0.6171
8321876,0.6002
8322834,0.5834
8323793,0.5665
8324751,0.5497
8325710,0.5328
8326668,0.5160
8327627,0.4991
8328586,0.4823
8329545,0.4655
8330504,0.4487
8331463,0.4319
8332422,0.4150
8333381,0.3982
8334341,0.3814
8335300,0.3646
8336260,0.3478
8337220,0.3310
8338180,0.3143
8339140,0.2975
8340100,0.2807
8341060,0.2639
8342021,0.2472
8342981,0.2304
8343942,0.2136
8344902,0.1969
8345863,0.1801
8346824,0.1634
8347785,0.1467
8348746,0.1299
8349707,0.1132
8350669,0.0965
8351630,0.0797
8352592,0.0630
8353553,0.0463
8354515,0.0296
8355477,0.0129
8356439,-0.0038
8357401,-0.0205
8358364,-0.0372
8359326,-0.0539
8360288,-0.0705
8361251,-0.0872
8362214,-0.1039
8363176,-0.1206
8364139,-0.1372
8365102,-0.1539
8366065,-0.1705
8367029,-0.1872
8367992,-0.2038
8368955,-0.2205
8369919,-0.2371
8370883,-0.2537
8371846,-0.2704
8372810,-0.2870
8373774,-0.3036
8374738,-0.3202
8375703,-0.3368
8376667,-0.3534
8377632,-0.3700
8378596,-0.3866
8379561,-0.4032
8380526,-0.4198
8381490,-0.4364
8382455,-0.4530
8383421,-0.4695
8384386,-0.4861
8385351,-0.5027
8386317,-0.5192
8387282,-0.5358
8388248,-0.5523
8389214,-0.5689
8390180,-0.5854
8391146,-0.6019
8392112,-0.6185
8393078,-0.6350
8394044,-0.6515
8395011,-0.6680
8395977,-0.6845
8396944,-0.7010
8397911,-0.7176
8398878,-0.7341
8399845,-0.7505
8400812,-0.7670
8401779,-0.7835
8402746,-0.8000
8403714,-0.8165
8404681,-0.8329
8405649,-0.8494
8406617,-0.8659
8407585,-0.8823
8408553,-0.8988
8409521,-0.9152
8410489,-0.9317
8411457,-0.9481
8412426,-0.9645
8413395,-0.9810
8414363,-0.9974
8415332,-1.0138
8416301,-1.0302
8417270,-1.0466
8418239,-1.0630
8419208,-1.0794
8420178,-1.0958
8421147,-1.1122
8422117,-1.1286
8423086,-1.1450
8424056,-1.1613
8425026,-1.1777
8425996,-1.1941
8426966,-1.2104
8427936,-1.2268
8428907,-1.2431
8429877,-1.2595
8430848,-1.2758
8431819,-1.2921
8432789,-1.3085
8433760,-1.3248
8434731,-1.3411
8435702,-1.3574
8436674,-1.3737
8437645,-1.3900
8438617,-1.4063
8439588,-1.4226
8440560,-1.4389
8441532,-1.4552
8442504,-1.4715
8443476,-1.4878
8444448,-1.5040
8445420,-1.5203
8446392,-1.5366
8447365,-1.5528
8448337,-1.5691
8449310,-1.5853
8450283,-1.6015
8451256,-1.6178
8452229,-1.6340
8453202,-1.6502
8454175,-1.6664
8455149,-1.6826
8456122,-1.6989
8457096,-1.7151
8458070,-1.7312
8459043,-1.7474
8460017,-1.7636
8460991,-1.7798
8461966,-1.7960
8462940,-1.8121
8463914,-1.8283
8464889,-1.8445
8465863,-1.8606
8466838,-1.8768
8467813,-1.8929
8468788,-1.9090
8469763,-1.9252
8470738,-1.9413
8471713,-1.9574
8472689,-1.9735
8473664,-1.9896
8474640,-2.0057
8475616,-2.0218
8476592,-2.0379
8477567,-2.0540
8478544,-2.0701
8479520,-2.0861
8480496,-2.1022
8481472,-2.1183
8482449,-2.1343
8483426,-2.1504
8484402,-2.1664
8485379,-2.1824
8486356,-2.1985
8487333,-2.2145
8488310,-2.2305
8489288,-2.2465
8490265,-2.2625
8491243,-2.2785
8492220,-2.2945
8493198,-2.3105
8494176,-2.3265
8495154,-2.3425
8496132,-2.3584
8497110,-2.3744
8498089,-2.3904
8499067,-2.4063
8500046,-2.4222
8501024,-2.4382
8502003,-2.4541
8502982,-2.4700
8503961,-2.4860
8504940,-2.5019
8505919,-2.5178
8506899,-2.5337
8507878,-2.5496
8508858,-2.5654
8509837,-2.5813
8510817,-2.5972
8511797,-2.6131
8512777,-2.6289
8513757,-2.6448
8514737,-2.6606
8515718,-2.6765
8516698,-2.6923
8517679,-2.7081
8518659,-2.7239
8519640,-2.7397
8520621,-2.7555
8521602,-2.7713
8522583,-2.7871
8523565,-2.8029
8524546,-2.8187
8525527,-2.8344
8526509,-2.8502
8527491,-2.8660
8528473,-2.8817
8529454,-2.8974
8530437,-2.9132
8531419,-2.9289
8532401,-2.9446
8533383,-2.9603
8534366,-2.9760
8535348,-2.9917
8536331,-3.0074
8537314,-3.0231
8538297,-3.0388
8539280,-3.0544
8540263,-3.0701
8541246,-3.0857
8542230,-3.1014
8543213,-3.1170
8544197,-3.1326
8545181,-3.1482
8546165,-3.1638
8547149,-3.1794
8548133,-3.1950
8549117,-3.2106
8550101,-3.2262
8551086,-3.2418
8552070,-3.2573
8553055,-3.2729
8554040,-3.2884
8555024,-3.3039
8556009,-3.3195
8556995,-3.3350
8557980,-3.3505
8558965,-3.3660
8559951,-3.3815
8560936,-3.3970
8561922,-3.4124
8562908,-3.4279
8563893,-3.4434
8564879,-3.4588
8565866,-3.4742
8566852,-3.4897
8567838,-3.5051
8568825,-3.5205
8569811,-3.5359
8570798,-3.5513
8571785,-3.5667
8572772,-3.5821
8573759,-3.5974
8574746,-3.6128
8575733,-3.6281
8576720,-3.6435
8577708,-3.6588
8578696,-3.6741
8579683,-3.6894
8580671,-3.7047
8581659,-3.7200
8582647,-3.7353
8583635,-3.7506
8584624,-3.7658
8585612,-3.7811
8586600,-3.7963
8587589,-3.8115
8588578,-3.8267
8589567,-3.8419
8590556,-3.8571
8591545,-3.8723
8592534,-3.8875
8593523,-3.9027
8594513,-3.9178
8595502,-3.9330
8596492,-3.9481
8597482,-3.9632
8598471,-3.9783
8599461,-3.9935
8600452,-4.0085
8601442,-4.0236
8602432,-4.0387
8603423,-4.0537
8604413,-4.0688
8605404,-4.0838
8606395,-4.0989
8607386,-4.1139
8608377,-4.1289
8609368,-4.1439
8610359,-4.1588
8611350,-4.1738
8612342,-4.1888
8613333,-4.2037
8614325,-4.2186
8615317,-4.2335
8616309,-4.2485
8617301,-4.2634
8618293,-4.2782
8619285,-4.2931
8620278,-4.3080
8621270,-4.3228
8622263,-4.3376
8623256,-4.3525
8624248,-4.3673
8625241,-4.3821
8626234,-4.3968
8627228,-4.4116
8628221,-4.4264
8629214,-4.4411
8630208,-4.4559
8631201,-4.4706
8632195,-4.4853
8633189,-4.5000
8634183,-4.5146
8635177,-4.5293
8636171,-4.5440
8637166,-4.5586
8638160,-4.5732
8639155,-4.5878
8640149,-4.6024
8641144,-4.6170
8642139,-4.6316
8643134,-4.6461
8644129,-4.6607
8645125,-4.6752
8646120,-4.6897
8647115,-4.7042
8648111,-4.7187
8649107,-4.7332
8650103,-4.7476
8651098,-4.7620
8652095,-4.7765
8653091,-4.7909
8654087,-4.8053
8655083,-4.8196
8656080,-4.8340
8657076,-4.8484
8658073,-4.8627
8659070,-4.8770
8660067,-4.8913
8661064,-4.9056
8662061,-4.9199
8663059,-4.9341
8664056,-4.9483
8665054,-4.9626
8666051,-4.9768
8667049,-4.9910
8668047,-5.0051
8669045,-5.0193
8670043,-5.0334
8671041,-5.0475
8672040,-5.0616
8673038,-5.0757
8674037,-5.0898
8675035,-5.1039
8676034,-5.1179
8677033,-5.1319
8678032,-5.1459
8679031,-5.1599
8680031,-5.1739
8681030,-5.1878
8682029,-5.2018
8683029,-5.2157
8684029,-5.2296
8685029,-5.2434
8686029,-5.2573
8687029,-5.2711
8688029,-5.2850
8689029,-5.2988
8690030,-5.3126
8691030,-5.3263
8692031,-5.3401
8693032,-5.3538
8694032,-5.3675
8695033,-5.3812
8696035,-5.3949
8697036,-5.4085
8698037,-5.4222
8699039,-5.4358
8700040,-5.4494
8701042,-5.4629
8702044,-5.4765
8703046,-5.4900
8704048,-5.5035
8705050,-5.5170
8706052,-5.5305
8707054,-5.5439
8708057,-5.5574
8709059,-5.5708
8710062,-5.5842
8711065,-5.5975
8712068,-5.6109
8713071,-5.6242
8714074,-5.6375
8715078,-5.6508
8716081,-5.6641
8717084,-5.6773
8718088,-5.6905
8719092,-5.7037
8720096,-5.7169
8721100,-5.7300
8722104,-5.7432
8723108,-5.7563
8724112,-5.7694
8725117,-5.7824
8726121,-5.7955
8727126,-5.8085
8728131,-5.8215
8729136,-5.8344
8730141,-5.8474
8731146,-5.8603
8732151,-5.8732
8733157,-5.8861
8734162,-5.8989
8735168,-5.9117
8736174,-5.9245
8737179,-5.9373
8738185,-5.9501
8739191,-5.9628
8740198,-5.9755
8741204,-5.9882
8742210,-6.0008
8743217,-6.0135
8744224,-6.0261
8745230,-6.0386
8746237,-6.0512
8747244,-6.0637
8748251,-6.0762
8749259,-6.0887
8750266,-6.1011
8751273,-6.1136
8752281,-6.1260
8753289,-6.1383
8754297,-6.1507
8755304,-6.1630
8756313,-6.1753
8757321,-6.1875
8758329,-6.1998
8759337,-6.2120
8760346,-6.2242
8761355,-6.2363
8762363,-6.2485
8763372,-6.2605
8764381,-6.2726
8765390,-6.2847
8766399,-6.2967
8767409,-6.3087
8768418,-6.3206
8769428,-6.3325
8770437,-6.3444
8771447,-6.3563
8772457,-6.3681
8773467,-6.3800
8774477,-6.3917
8775488,-6.4035
8776498,-6.4152
8777508,-6.4269
8778519,-6.4386
8779530,-6.4502
8780541,-6.4618
8781552,-6.4734
8782563,-6.4849
8783574,-6.4964
8784585,-6.5079
8785597,-6.5193
8786608,-6.5308
8787620,-6.5422
8788631,-6.5535
8789643,-6.5648
8790655,-6.5761
8791667,-6.5874
8792680,-6.5986
8793692,-6.6098
8794705,-6.6210
8795717,-6.6321
8796730,-6.6432
8797743,-6.6542
8798756,-6.6653
8799769,-6.6763
8800782,-6.6872
8801795,-6.6982
8802809,-6.7091
8803822,-6.7199
8804836,-6.7307
8805849,-6.7415
8806863,-6.7523
8807877,-6.7630
8808891,-6.7737
8809906,-6.7844
8810920,-6.7950
8811934,-6.8056
8812949,-6.8161
8813964,-6.8266
8814978,-6.8371
8815993,-6.8476
8817008,-6.8580
8818024,-6.8684
8819039,-6.8787
8820054,-6.8890
8821070,-6.8993
8822085,-6.9095
8823101,-6.9197
8824117,-6.9298
8825133,-6.9399
8826149,-6.9500
8827165,-6.9601
8828182,-6.9701
8829198,-6.9800
8830215,-6.9900
8831231,-6.9999
8832248,-7.0097
8833265,-7.0195
8834282,-7.0293
8835299,-7.0391
8836316,-7.0488
8837334,-7.0584
8838351,-7.0680
8839369,-7.0776
8840387,-7.0872
8841404,-7.0967
8842422,-7.1061
8843440,-7.1156
8844459,-7.1249
8845477,-7.1343
8846495,-7.1436
8847514,-7.1529
8848533,-7.1621
8849551,-7.1713
8850570,-7.1804
8851589,-7.1895
8852608,-7.1986
8853628,-7.2076
8854647,-7.2166
8855667,-7.2255
8856686,-7.2344
8857706,-7.2432
8858726,-7.2521
8859746,-7.2608
8860766,-7.2696
8861786,-7.2782
8862806,-7.2869
8863827,-7.2955
8864847,-7.3040
8865868,-7.3125
8866889,-7.3210
8867910,-7.3294
8868931,-7.3378
8869952,-7.3462
8870973,-7.3545
8871994,-7.3627
8873016,-7.3709
8874037,-7.3791
8875059,-7.3872
8876081,-7.3953
8877103,-7.4033
8878125,-7.4113
8879147,-7.4192
8880169,-7.4271
8881192,-7.4350
8882214,-7.4428
8883237,-7.4505
8884260,-7.4583
8885283,-7.4659
8886306,-7.4735
8887329,-7.4811
8888352,-7.4887
8889376,-7.4961
8890399,-7.5036
8891423,-7.5110
8892446,-7.5183
8893470,-7.5256
8894494,-7.5329
8895518,-7.5401
8896542,-7.5472
8897567,-7.5543
8898591,-7.5614
8899616,-7.5684
8900640,-7.5754
8901665,-7.5823
8902690,-7.5892
8903715,-7.5960
8904740,-7.6028
8905765,-7.6095
8906791,-7.6162
8907816,-7.6228
8908842,-7.6294
8909868,-7.6359
8910894,-7.6424
8911919,-7.6489
8912946,-7.6553
8913972,-7.6616
8914998,-7.6679
8916025,-7.6741
8917051,-7.6803
8918078,-7.6865
8919105,-7.6926
8920131,-7.6986
8921158,-7.7046
8922186,-7.7105
8923213,-7.7164
8924240,-7.7223
8925268,-7.7281
8926295,-7.7338
8927323,-7.7395
8928351,-7.7451
8929379,-7.7507
8930407,-7.7563
8931435,-7.7618
8932464,-7.7672
8933492,-7.7726
8934521,-7.7779
8935549,-7.7832
8936578,-7.7884
8937607,-7.7936
8938636,-7.7988
8939665,-7.8038
8940694,-7.8089
8941724,-7.8138
8942753,-7.8188
8943783,-7.8236
8944813,-7.8285
8945843,-7.8332
8946873,-7.8379
8947903,-7.8426
8948933,-7.8472
8949963,-7.8518
8950994,-7.8563
8952024,-7.8608
8953055,-7.8652
8954086,-7.8695
8955117,-7.8738
8956148,-7.8780
8957179,-7.8822
8958210,-7.8864
8959242,-7.8905
8960273,-7.8945
8961305,-7.8985
8962337,-7.9024
8963369,-7.9063
8964401,-7.9101
8965433,-7.9139
8966465,-7.9176
8967497,-7.9212
8968530,-7.9249
8969562,-7.9284
8970595,-7.9319
8971628,-7.9354
8972661,-7.9388
8973694,-7.9421
8974727,-7.9454
8975760,-7.9486
8976794,-7.9518
8977827,-7.9549
8978861,-7.9580
8979895,-7.9610
8980929,-7.9640
8981963,-7.9669
8982997,-7.9697
8984031,-7.9725
8985066,-7.9753
8986100,-7.9780
8987135,-7.9806
8988170,-7.9832
8989204,-7.9857
8990239,-7.9882
8991274,-7.9907
8992310,-7.9930
8993345,-7.9953
8994380,-7.9976
8995416,-7.9998
8996452,-8.0020
8997488,-8.0041
8998523,-8.0061
8999560,-8.0081
9000596,-8.0100
9001632,-8.0119
9002668,-8.0138
9003705,-8.0155
9004742,-8.0172
9005778,-8.0189
9006815,-8.0205
9007852,-8.0221
9008889,-8.0236
9009927,-8.0250
9010964,-8.0264
9012001,-8.0278
9013039,-8.0291
9014077,-8.0303
9015115,-8.0315
9016153,-8.0326
9017191,-8.0337
9018229,-8.0347
9019267,-8.0357
9020306,-8.0366
9021344,-8.0374
9022383,-8.0382
9023422,-8.0390
9024461,-8.0397
9025500,-8.0403
9026539,-8.0409
9027578,-8.0414
9028618,-8.0419
9029657,-8.0423
9030697,-8.0427
9031736,-8.0430
9032776,-8.0433
9033816,-8.0435
9034856,-8.0437
9035897,-8.0438
9036937,-8.0438
9037977,-8.0438
9039018,-8.0438
9040059,-8.0437
9041100,-8.0435
9042141,-8.0433
9043182,-8.0430
9044223,-8.0427
9045264,-8.0423
9046306,-8.0419
9047347,-8.0414
9048389,-8.0409
9049431,-8.0403
9050473,-8.0397
9051515,-8.0390
9052557,-8.0382
9053599,-8.0374
9054641,-8.0366
9055684,-8.0357
9056727,-8.0347
9057769,-8.0337
9058812,-8.0327
9059855,-8.0316
9060898,-8.0304
9061942,-8.0292
9062985,-8.0279
9064028,-8.0266
9065072,-8.0253
9066116,-8.0238
9067159,-8.0224
9068203,-8.0209
9069248,-8.0193
9070292,-8.0177
9071336,-8.0160
9072380,-8.0143
9073425,-8.0125
9074470,-8.0107
9075514,-8.0088
9076559,-8.0069
9077604,-8.0049
9078650,-8.0029
9079695,-8.0008
9080740,-7.9986
9081786,-7.9965
9082831,-7.9942
9083877,-7.9920
9084923,-7.9896
9085969,-7.9873
9087015,-7.9848
9088061,-7.9824
9089108,-7.9798
9090154,-7.9773
9091201,-7.9746
9092248,-7.9720
9093294,-7.9692
9094341,-7.9665
9095389,-7.9637
9096436,-7.9608
9097483,-7.9579
9098530,-7.9549
9099578,-7.9519
9100626,-7.9488
9101674,-7.9457
9102721,-7.9426
9103770,-7.9394
9104818,-7.9361
9105866,-7.9328
9106914,-7.9295
9107963,-7.9261
9109012,-7.9226
9110060,-7.9192
9111109,-7.9156
9112158,-7.9120
9113207,-7.9084
9114257,-7.9047
9115306,-7.9010
9116356,-7.8973
9117405,-7.8934
9118455,-7.8896
9119505,-7.8857
9120555,-7.8817
9121605,-7.8777
9122655,-7.8737
9123705,-7.8696
9124756,-7.8655
9125806,-7.8613
9126857,-7.8571
9127908,-7.8528
9128959,-7.8485
9130010,-7.8442
9131061,-7.8398
9132113,-7.8353
9133164,-7.8308
9134216,-7.8263
9135267,-7.8218
9136319,-7.8171
9137371,-7.8125
9138423,-7.8078
9139475,-7.8030
9140527,-7.7982
9141580,-7.7934
9142632,-7.7885
9143685,-7.7836
9144738,-7.7787
9145791,-7.7737
9146844,-7.7686
9147897,-7.7635
9148950,-7.7584
9150003,-7.7533
9151057,-7.7480
9152110,-7.7428
9153164,-7.7375
9154218,-7.7322
9155272,-7.7268
9156326,-7.7214
9157380,-7.7159
9158435,-7.7105
9159489,-7.7049
9160544,-7.6993
9161598,-7.6937
9162653,-7.6881
9163708,-7.6824
9164763,-7.6767
9165819,-7.6709
9166874,-7.6651
9167929,-7.6592
9168985,-7.6534
9170041,-7.6474
9171096,-7.6415
9172152,-7.6355
9173208,-7.6294
9174264,-7.6233
9175321,-7.6172
9176377,-7.6111
9177434,-7.6049
9178490,-7.5987
9179547,-7.5924
9180604,-7.5861
9181661,-7.5798
9182718,-7.5734
9183775,-7.5670
9184833,-7.5605
9185890,-7.5540
9186948,-7.5475
9188006,-7.5410
9189064,-7.5344
9190122,-7.5278
9191180,-7.5211
9192238,-7.5144
9193296,-7.5077
9194355,-7.5009
9195413,-7.4941
9196472,-7.4873
9197531,-7.4804
9198590,-7.4735
9199649,-7.4666
9200708,-7.4596
9201767,-7.4526
9202827,-7.4455
9203887,-7.4385
9204946,-7.4314
9206006,-7.4242
9207066,-7.4171
9208126,-7.4099
9209186,-7.4026
9210247,-7.3953
9211307,-7.3880
9212368,-7.3807
9213428,-7.3734
9214489,-7.3660
9215550,-7.3585
9216611,-7.3511
9217672,-7.3436
9218733,-7.3361
9219795,-7.3285
9220856,-7.3209
9221918,-7.3133
9222980,-7.3057
9224042,-7.2980
9225104,-7.2903
9226166,-7.2826
9227228,-7.2748
9228290,-7.2670
9229353,-7.2592
9230416,-7.2513
9231478,-7.2434
9232541,-7.2355
9233604,-7.2276
9234667,-7.2196
9235731,-7.2116
9236794,-7.2036
9237857,-7.1956
9238921,-7.1875
9239985,-7.1794
9241049,-7.1712
9242113,-7.1631
9243177,-7.1549
9244241,-7.1467
9245305,-7.1384
9246370,-7.1301
9247434,-7.1218
9248499,-7.1135
9249564,-7.1052
9250629,-7.0968
9251694,-7.0884
9252759,-7.0799
9253824,-7.0715
9254890,-7.0630
9255955,-7.0545
9257021,-7.0460
9258087,-7.0374
9259153,-7.0288
9260219,-7.0202
9261285,-7.0116
9262351,-7.0029
9263418,-6.9943
9264484,-6.9855
9265551,-6.9768
9266618,-6.9681
9267685,-6.9593
9268752,-6.9505
9269819,-6.9417
9270886,-6.9328
9271954,-6.9239
9273021,-6.9150
9274089,-6.9061
9275157,-6.8972
9276225,-6.8882
9277293,-6.8792
9278361,-6.8702
9279429,-6.8612
9280497,-6.8522
9281566,-6.8431
9282635,-6.8340
9283703,-6.8249
9284772,-6.8157
9285841,-6.8066
9286910,-6.7974
9287980,-6.7882
9289049,-6.7790
9290119,-6.7697
9291188,-6.7605
9292258,-6.7512
9293328,-6.7419
9294398,-6.7325
9295468,-6.7232
9296538,-6.7138
9297608,-6.7045
9298679,-6.6950
9299750,-6.6856
9300820,-6.6762
9301891,-6.6667
9302962,-6.6572
9304033,-6.6477
9305104,-6.6382
9306176,-6.6287
9307247,-6.6191
9308319,-6.6096
9309391,-6.6000
9310462,-6.5904
9311534,-6.5807
9312607,-6.5711
9313679,-6.5614
9314751,-6.5517
9315824,-6.5420
9316896,-6.5323
9317969,-6.5226
9319042,-6.5128
9320115,-6.5031
9321188,-6.4933
9322261,-6.4835
9323334,-6.4737
9324408,-6.4639
9325481,-6.4540
9326555,-6.4441
9327629,-6.4343
9328703,-6.4244
9329777,-6.4145
9330851,-6.4045
9331925,-6.3946
9333000,-6.3846
9334074,-6.3747
9335149,-6.3647
9336224,-6.3547
9337299,-6.3446
9338374,-6.3346
9339449,-6.3246
9340524,-6.3145
9341600,-6.3044
9342675,-6.2943
9343751,-6.2842
9344827,-6.2741
9345903,-6.2640
9346979,-6.2539
9348055,-6.2437
9349131,-6.2335
9350208,-6.2233
9351284,-6.2131
9352361,-6.2029
9353438,-6.1927
9354515,-6.1825
9355592,-6.1722
9356669,-6.1620
9357746,-6.1517
9358823,-6.1414
9359901,-6.1311
9360979,-6.1208
9362056,-6.1105
9363134,-6.1002
9364212,-6.0898
9365291,-6.0795
9366369,-6.0691
9367447,-6.0587
9368526,-6.0483
9369604,-6.0379
9370683,-6.0275
9371762,-6.0171
9372841,-6.0066
9373920,-5.9962
9375000,-5.9858
9376079,-5.9753
9377158,-5.9648
9378238,-5.9543
9379318,-5.9438
9380398,-5.9333
9381478,-5.9228
9382558,-5.9123
9383638,-5.9018
9384719,-5.8912
9385799,-5.8807
9386880,-5.8701
9387961,-5.8595
9389041,-5.8489
9390122,-5.8384
9391204,-5.8278
9392285,-5.8172
9393366,-5.8065
9394448,-5.7959
9395529,-5.7853
9396611,-5.7746
9397693,-5.7640
9398775,-5.7533
9399857,-5.7427
9400939,-5.7320
9402022,-5.7213
9403104,-5.7106
9404187,-5.7000
9405270,-5.6892
9406353,-5.6785
9407436,-5.6678
9408519,-5.6571
9409602,-5.6464
9410685,-5.6356
9411769,-5.6249
9412853,-5.6141
9413936,-5.6034
9415020,-5.5926
9416104,-5.5819
9417188,-5.5711
9418273,-5.5603
9419357,-5.5495
9420441,-5.5387
9421526,-5.5279
9422611,-5.5171
9423696,-5.5063
9424781,-5.4955
9425866,-5.4847
9426951,-5.4738
9428036,-5.4630
9429122,-5.4522
9430208,-5.4413
9431293,-5.4305
9432379,-5.4196
9433465,-5.4088
9434551,-5.3979
9435638,-5.3871
9436724,-5.3762
9437811,-5.3653
9438897,-5.3544
9439984,-5.3436
9441071,-5.3327
9442158,-5.3218
9443245,-5.3109
9444332,-5.3000
9445420,-5.2891
9446507,-5.2782
9447595,-5.2673
9448682,-5.2564
9449770,-5.2455
9450858,-5.2346
9451946,-5.2236
9453035,-5.2127
9454123,-5.2018
9455212,-5.1909
9456300,-5.1799
9457389,-5.1690
9458478,-5.1581
9459567,-5.1471
9460656,-5.1362
9461745,-5.1253
9462835,-5.1143
9463924,-5.1034
9465014,-5.0924
9466104,-5.0815
9467194,-5.0705
9468284,-5.0596
9469374,-5.0486
9470464,-5.0377
9471554,-5.0267
9472645,-5.0158
9473735,-5.0048
9474826,-4.9939
9475917,-4.9829
9477008,-4.9719
9478099,-4.9610
9479191,-4.9500
9480282,-4.9391
9481373,-4.9281
9482465,-4.9171
9483557,-4.9062
9484649,-4.8952
9485741,-4.8842
9486833,-4.8733
9487925,-4.8623
9489018,-4.8514
9490110,-4.8404
9491203,-4.8294
9492296,-4.8185
9493389,-4.8075
9494482,-4.7966
9495575,-4.7856
9496668,-4.7747
9497761,-4.7637
9498855,-4.7528
9499949,-4.7418
9501042,-4.7309
9502136,-4.7199
9503230,-4.7090
9504324,-4.6980
9505419,-4.6871
9506513,-4.6761
9507608,-4.6652
9508702,-4.6543
9509797,-4.6433
9510892,-4.6324
9511987,-4.6215
9513082,-4.6105
9514178,-4.5996
9515273,-4.5887
9516369,-4.5778
9517464,-4.5668
9518560,-4.5559
9519656,-4.5450
9520752,-4.5341
9521848,-4.5232
9522945,-4.5123
9524041,-4.5014
9525138,-4.4905
9526234,-4.4796
9527331,-4.4687
9528428,-4.4578
9529525,-4.4469
9530622,-4.4361
9531720,-4.4252
9532817,-4.4143
9533915,-4.4035
9535012,-4.3926
9536110,-4.3817
9537208,-4.3709
9538306,-4.3600
9539404,-4.3492
9540503,-4.3384
9541601,-4.3275
9542700,-4.3167
9543798,-4.3059
9544897,-4.2951
9545996,-4.2843
9547095,-4.2734
9548194,-4.2626
9549294,-4.2518
9550393,-4.2411
9551493,-4.2303
9552593,-4.2195
9553692,-4.2087
9554792,-4.1980
9555892,-4.1872
9556993,-4.1764
9558093,-4.1657
9559194,-4.1549
9560294,-4.1442
9561395,-4.1335
9562496,-4.1228
9563597,-4.1120
9564698,-4.1013
9565799,-4.0906
9566900,-4.0799
9568002,-4.0692
9569104,-4.0586
9570205,-4.0479
9571307,-4.0372
9572409,-4.0266
9573511,-4.0159
9574614,-4.0053
9575716,-3.9946
9576818,-3.9840
9577921,-3.9734
9579024,-3.9628
9580127,-3.9522
9581230,-3.9416
9582333,-3.9310
9583436,-3.9204
9584540,-3.9099
9585643,-3.8993
9586747,-3.8887
9587851,-3.8782
9588954,-3.8677
9590058,-3.8571
9591163,-3.8466
9592267,-3.8361
9593371,-3.8256
9594476,-3.8151
9595581,-3.8047
9596685,-3.7942
9597790,-3.7837
9598895,-3.7733
9600000,-3.7628
9601106,-3.7524
9602211,-3.7420
9603317,-3.7316
9604422,-3.7212
9605528,-3.7108
9606634,-3.7004
9607740,-3.6901
9608846,-3.6797
9609953,-3.6694
9611059,-3.6590
9612166,-3.6487
9613273,-3.6384
9614379,-3.6281
9615486,-3.6178
9616593,-3.6075
9617701,-3.5973
9618808,-3.5870
9619915,-3.5768
9621023,-3.5665
9622131,-3.5563
9623239,-3.5461
9624347,-3.5359
9625455,-3.5257
9626563,-3.5156
9627671,-3.5054
9628780,-3.4953
9629888,-3.4851
9630997,-3.4750
9632106,-3.4649
9633215,-3.4548
9634324,-3.4447
9635433,-3.4347
9636543,-3.4246
9637652,-3.4146
9638762,-3.4045
9639872,-3.3945
9640982,-3.3845
9642092,-3.3745
9643202,-3.3646
9644312,-3.3546
9645422,-3.3447
9646533,-3.3347
9647644,-3.3248
9648754,-3.3149
9649865,-3.3050
9650976,-3.2952
9652088,-3.2853
9653199,-3.2755
9654310,-3.2657
9655422,-3.2558
9656534,-3.2460
9657645,-3.2363
9658757,-3.2265
9659869,-3.2167
9660982,-3.2070
9662094,-3.1973
9663206,-3.1876
9664319,-3.1779
9665432,-3.1682
9666545,-3.1586
9667657,-3.1489
9668771,-3.1393
9669884,-3.1297
9670997,-3.1201
9672111,-3.1106
9673224,-3.1010
9674338,-3.0915
9675452,-3.0819
9676566,-3.0724
9677680,-3.0629
9678794,-3.0535
9679909,-3.0440
9681023,-3.0346
9682138,-3.0252
9683252,-3.0158
9684367,-3.0064
9685482,-2.9970
9686598,-2.9877
9687713,-2.9784
9688828,-2.9691
9689944,-2.9598
9691059,-2.9505
9692175,-2.9412
9693291,-2.9320
9694407,-2.9228
9695523,-2.9136
9696640,-2.9044
9697756,-2.8953
9698873,-2.8861
9699989,-2.8770
9701106,-2.8679
9702223,-2.8588
9703340,-2.8498
9704457,-2.8407
9705575,-2.8317
9706692,-2.8227
9707810,-2.8137
9708927,-2.8048
9710045,-2.7958
9711163,-2.7869
9712281,-2.7780
9713400,-2.7691
9714518,-2.7603
9715636,-2.7514
9716755,-2.7426
9717874,-2.7338
9718993,-2.7251
9720112,-2.7163
9721231,-2.7076
9722350,-2.6989
9723469,-2.6902
9724589,-2.6815
9725709,-2.6729
9726828,-2.6643
9727948,-2.6557
9729068,-2.6471
9730189,-2.6385
9731309,-2.6300
9732429,-2.6215
9733550,-2.6130
9734670,-2.6046
9735791,-2.5961
9736912,-2.5877
9738033,-2.5793
9739154,-2.5709
9740276,-2.5626
9741397,-2.5543
9742519,-2.5460
9743641,-2.5377
9744762,-2.5295
9745884,-2.5212
9747006,-2.5130
9748129,-2.5049
9749251,-2.4967
9750374,-2.4886
9751496,-2.4805
9752619,-2.4724
9753742,-2.4643
9754865,-2.4563
9755988,-2.4483
9757111,-2.4403
9758235,-2.4324
9759358,-2.4244
9760482,-2.4165
9761606,-2.4087
9762729,-2.4008
9763854,-2.3930
9764978,-2.3852
9766102,-2.3774
9767226,-2.3697
9768351,-2.3619
9769476,-2.3542
9770600,-2.3466
9771725,-2.3389
9772850,-2.3313
9773976,-2.3237
9775101,-2.3162
9776226,-2.3086
9777352,-2.3011
9778478,-2.2937
9779604,-2.2862
9780730,-2.2788
9781856,-2.2714
9782982,-2.2640
9784108,-2.2567
9785235,-2.2494
9786362,-2.2421
9787488,-2.2348
9788615,-2.2276
9789742,-2.2204
9790869,-2.2132
9791997,-2.2061
9793124,-2.1990
9794252,-2.1919
9795379,-2.1848
9796507,-2.1778
9797635,-2.1708
9798763,-2.1638
9799891,-2.1569
9801020,-2.1500
9802148,-2.1431
9803277,-2.1362
9804405,-2.1294
9805534,-2.1226
9806663,-2.1159
9807792,-2.1091
9808921,-2.1024
9810051,-2.0958
9811180,-2.0891
9812310,-2.0825
9813440,-2.0759
9814569,-2.0694
9815700,-2.0629
9816830,-2.0564
9817960,-2.0499
9819090,-2.0435
9820221,-2.0371
9821352,-2.0308
9822482,-2.0244
9823613,-2.0181
9824744,-2.0119
9825875,-2.0056
9827007,-1.9994
9828138,-1.9932
9829270,-1.9871
9830401,-1.9810
9831533,-1.9749
9832665,-1.9689
9833797,-1.9629
9834930,-1.9569
9836062,-1.9510
9837194,-1.9450
9838327,-1.9392
9839460,-1.9333
9840593,-1.9275
9841726,-1.9217
9842859,-1.9160
9843992,-1.9103
9845125,-1.9046
9846259,-1.8989
9847393,-1.8933
9848526,-1.8877
9849660,-1.8822
9850794,-1.8767
9851929,-1.8712
9853063,-1.8658
9854197,-1.8604
9855332,-1.8550
9856467,-1.8496
9857601,-1.8443
9858736,-1.8391
9859871,-1.8338
9861007,-1.8286
9862142,-1.8235
9863278,-1.8183
9864413,-1.8132
9865549,-1.8082
9866685,-1.8031
9867821,-1.7981
9868957,-1.7932
9870093,-1.7883
9871230,-1.7834
9872366,-1.7785
9873503,-1.7737
9874640,-1.7689
9875777,-1.7642
9876914,-1.7595
9878051,-1.7548
9879188,-1.7502
9880326,-1.7456
9881463,-1.7410
9882601,-1.7365
9883739,-1.7320
9884877,-1.7275
9886015,-1.7231
9887153,-1.7187
9888291,-1.7144
9889430,-1.7101
9890568,-1.7058
9891707,-1.7016
9892846,-1.6974
9893985,-1.6932
9895124,-1.6891
9896264,-1.6850
9897403,-1.6810
9898543,-1.6769
9899682,-1.6730
9900822,-1.6690
9901962,-1.6651
9903102,-1.6613
9904242,-1.6574
9905383,-1.6536
9906523,-1.6499
9907664,-1.6462
9908804,-1.6425
9909945,-1.6389
9911086,-1.6353
9912227,-1.6317
9913369,-1.6282
9914510,-1.6247
9915652,-1.6213
9916793,-1.6178
9917935,-1.6145
9919077,-1.6111
9920219,-1.6078
9921361,-1.6046
9922503,-1.6014
9923646,-1.5982
9924788,-1.5951
9925931,-1.5920
9927074,-1.5889
9928217,-1.5859
9929360,-1.5829
9930503,-1.5799
9931647,-1.5770
9932790,-1.5742
9933934,-1.5713
9935077,-1.5685
9936221,-1.5658
9937365,-1.5631
9938509,-1.5604
9939654,-1.5578
9940798,-1.5552
9941943,-1.5526
9943087,-1.5501
9944232,-1.5476
9945377,-1.5452
9946522,-1.5428
9947667,-1.5404
9948813,-1.5381
9949958,-1.5358
9951104,-1.5336
9952249,-1.5314
9953395,-1.5292
9954541,-1.5271
9955687,-1.5250
9956834,-1.5229
9957980,-1.5209
9959127,-1.5190
9960273,-1.5171
9961420,-1.5152
9962567,-1.5133
9963714,-1.5115
9964861,-1.5097
9966009,-1.5080
9967156,-1.5063
9968304,-1.5047
9969451,-1.5031
9970599,-1.5015
9971747,-1.5000
9972895,-1.4985
9974043,-1.4970
9975192,-1.4956
9976340,-1.4943
9977489,-1.4929
9978638,-1.4916
9979787,-1.4904
9980936,-1.4892
9982085,-1.4880
9983234,-1.4869
9984384,-1.4858
9985533,-1.4847
9986683,-1.4837
9987833,-1.4828
9988983,-1.4818
9990133,-1.4809
9991283,-1.4801
9992433,-1.4793
9993584,-1.4785
9994734,-1.4778
9995885,-1.4771
9997036,-1.4764
9998187,-1.4758
9999338,-1.4753
10000489,-1.4747
10001641,-1.4742
10002792,-1.4738
10003944,-1.4734
10005096,-1.4730
10006248,-1.4727
10007400,-1.4724
10008552,-1.4721
10009704,-1.4719
10010857,-1.4717
10012010,-1.4716
10013162,-1.4715
10014315,-1.4715
10015468,-1.4714
10016621,-1.4715
10017775,-1.4715
10018928,-1.4716
10020082,-1.4718
10021235,-1.4720
10022389,-1.4722
10023543,-1.4724
10024697,-1.4728
10025851,-1.4731
10027006,-1.4735
10028160,-1.4739
10029315,-1.4744
10030469,-1.4748
10031624,-1.4754
10032779,-1.4760
10033934,-1.4766
10035090,-1.4772
10036245,-1.4779
10037401,-1.4787
10038556,-1.4794
10039712,-1.4802
10040868,-1.4811
10042024,-1.4820
10043180,-1.4829
10044337,-1.4839
10045493,-1.4849
10046650,-1.4859
10047806,-1.4870
10048963,-1.4881
10050120,-1.4893
10051277,-1.4905
10052435,-1.4917
10053592,-1.4930
10054749,-1.4943
10055907,-1.4957
10057065,-1.4971
10058223,-1.4985
10059381,-1.5000
10060539,-1.5015
10061697,-1.5030
10062856,-1.5046
10064015,-1.5062
10065173,-1.5079
10066332,-1.5096
10067491,-1.5113
10068650,-1.5131
10069810,-1.5149
10070969,-1.5167
10072128,-1.5186
10073288,-1.5205
10074448,-1.5225
10075608,-1.5245
10076768,-1.5265
10077928,-1.5286
10079088,-1.5307
10080249,-1.5328
10081409,-1.5350
10082570,-1.5372
10083731,-1.5395
10084892,-1.5418
10086053,-1.5441
10087214,-1.5465
10088376,-1.5489
10089537,-1.5513
10090699,-1.5538
10091861,-1.5563
10093023,-1.5588
10094185,-1.5614
10095347,-1.5640
10096509,-1.5667
10097672,-1.5694
10098834,-1.5721
10099997,-1.5749
10101160,-1.5777
10102323,-1.5805
10103486,-1.5834
10104650,-1.5863
10105813,-1.5892
10106976,-1.5922
10108140,-1.5952
10109304,-1.5983
10110468,-1.6013
10111632,-1.6045
10112796,-1.6076
10113961,-1.6108
10115125,-1.6140
10116290,-1.6173
10117454,-1.6206
10118619,-1.6239
10119784,-1.6273
10120949,-1.6306
10122115,-1.6341
10123280,-1.6375
10124446,-1.6410
10125611,-1.6446
10126777,-1.6481
10127943,-1.6517
10129109,-1.6554
10130275,-1.6590
10131442,-1.6627
10132608,-1.6665
10133775,-1.6702
10134942,-1.6740
10136109,-1.6778
10137276,-1.6817
10138443,-1.6856
10139610,-1.6895
10140778,-1.6935
10141945,-1.6975
10143113,-1.7015
10144281,-1.7056
10145449,-1.7097
10146617,-1.7138
10147785,-1.7180
10148953,-1.7221
10150122,-1.7264
10151290,-1.7306
10152459,-1.7349
10153628,-1.7392
10154797,-1.7436
10155966,-1.7479
10157136,-1.7524
10158305,-1.7568
10159475,-1.7613
10160644,-1.7658
10161814,-1.7703
10162984,-1.7749
10164154,-1.7795
10165325,-1.7841
10166495,-1.7888
10167666,-1.7934
10168836,-1.7982
10170007,-1.8029
10171178,-1.8077
10172349,-1.8125
10173520,-1.8173
10174692,-1.8222
10175863,-1.8271
10177035,-1.8320
10178206,-1.8370
10179378,-1.8420
10180550,-1.8470
10181722,-1.8520
10182895,-1.8571
10184067,-1.8622
10185240,-1.8673
10186412,-1.8725
10187585,-1.8777
10188758,-1.8829
10189931,-1.8881
10191104,-1.8934
10192278,-1.8987
10193451,-1.9040
10194625,-1.9094
10195799,-1.9148
10196973,-1.9202
10198147,-1.9256
10199321,-1.9311
10200495,-1.9366
10201670,-1.9421
10202844,-1.9477
10204019,-1.9532
10205194,-1.9588
10206369,-1.9645
10207544,-1.9701
10208719,-1.9758
10209895,-1.9815
10211070,-1.9873
10212246,-1.9930
10213421,-1.9988
10214597,-2.0046
10215773,-2.0105
10216950,-2.0163
10218126,-2.0222
10219302,-2.0281
10220479,-2.0341
10221656,-2.0400
10222833,-2.0460
10224010,-2.0521
10225187,-2.0581
10226364,-2.0642
10227542,-2.0703
10228719,-2.0764
10229897,-2.0825
10231075,-2.0887
10232253,-2.0949
10233431,-2.1011
10234609,-2.1073
10235787,-2.1136
10236966,-2.1199
10238144,-2.1262
10239323,-2.1325
10240502,-2.1389
10241681,-2.1453
10242860,-2.1517
10244040,-2.1581
10245219,-2.1646
10246399,-2.1710
10247579,-2.1775
10248758,-2.1840
10249938,-2.1906
10251119,-2.1972
10252299,-2.2037
10253479,-2.2104
10254660,-2.2170
10255840,-2.2236
10257021,-2.2303
10258202,-2.2370
10259383,-2.2437
10260564,-2.2505
10261746,-2.2572
10262927,-2.2640
10264109,-2.2708
10265291,-2.2777
10266473,-2.2845
10267655,-2.2914
10268837,-2.2983
10270019,-2.3052
10271202,-2.3121
10272384,-2.3191
10273567,-2.3260
10274750,-2.3330
10275933,-2.3401
10277116,-2.3471
10278299,-2.3541
10279483,-2.3612
10280666,-2.3683
10281850,-2.3754
10283034,-2.3826
10284218,-2.3897
10285402,-2.3969
10286586,-2.4041
10287770,-2.4113
10288955,-2.4185
10290139,-2.4258
10291324,-2.4330
10292509,-2.4403
10293694,-2.4476
10294879,-2.4550
10296065,-2.4623
10297250,-2.4697
10298436,-2.4770
10299621,-2.4844
10300807,-2.4918
10301993,-2.4993
10303179,-2.5067
10304365,-2.5142
10305552,-2.5217
10306738,-2.5292
10307925,-2.5367
10309112,-2.5443
10310299,-2.5518
10311486,-2.5594
10312673,-2.5670
10313861,-2.5746
10315048,-2.5822
10316236,-2.5898
10317423,-2.5975
10318611,-2.6052
10319799,-2.6129
10320988,-2.6206
10322176,-2.6283
10323364,-2.6360
10324553,-2.6438
10325742,-2.6516
10326931,-2.6593
10328120,-2.6671
10329309,-2.6750
10330498,-2.6828
10331687,-2.6906
10332877,-2.6985
10334067,-2.7064
10335256,-2.7143
10336446,-2.7222
10337636,-2.7301
10338827,-2.7381
10340017,-2.7460
10341208,-2.7540
10342398,-2.7620
10343589,-2.7700
10344780,-2.7780
10345971,-2.7860
10347162,-2.7940
10348353,-2.8021
10349545,-2.8102
10350737,-2.8183
10351928,-2.8263
10353120,-2.8345
10354312,-2.8426
10355504,-2.8507
10356697,-2.8589
10357889,-2.8670
10359082,-2.8752
10360274,-2.8834
10361467,-2.8916
10362660,-2.8998
10363853,-2.9081
10365046,-2.9163
10366240,-2.9246
10367433,-2.9328
10368627,-2.9411
10369821,-2.9494
10371015,-2.9577
10372209,-2.9660
10373403,-2.9743
10374597,-2.9827
10375792,-2.9910
10376987,-2.9994
10378181,-3.0078
10379376,-3.0162
10380571,-3.0246
10381766,-3.0330
10382962,-3.0414
10384157,-3.0499
10385353,-3.0583
10386549,-3.0668
10387744,-3.0752
10388940,-3.0837
10390137,-3.0922
10391333,-3.1007
10392529,-3.1092
10393726,-3.1177
10394922,-3.1263
10396119,-3.1348
10397316,-3.1434
10398513,-3.1519
10399711,-3.1605
10400908,-3.1691
10402106,-3.1777
10403303,-3.1863
10404501,-3.1949
10405699,-3.2036
10406897,-3.2122
10408095,-3.2208
10409294,-3.2295
10410492,-3.2382
10411691,-3.2468
10412889,-3.2555
10414088,-3.2642
10415287,-3.2729
10416486,-3.2816
10417686,-3.2904
10418885,-3.2991
10420085,-3.3078
10421285,-3.3166
10422484,-3.3253
10423684,-3.3341
10424885,-3.3429
10426085,-3.3517
10427285,-3.3605
10428486,-3.3693
10429687,-3.3781
10430887,-3.3869
10432088,-3.3957
10433289,-3.4046
10434491,-3.4134
10435692,-3.4223
10436894,-3.4311
10438095,-3.4400
10439297,-3.4489
10440499,-3.4577
10441701,-3.4666
10442903,-3.4755
10444106,-3.4844
10445308,-3.4934
10446511,-3.5023
10447713,-3.5112
10448916,-3.5201
10450119,-3.5291
10451323,-3.5380
10452526,-3.5470
10453729,-3.5560
10454933,-3.5649
10456137,-3.5739
10457341,-3.5829
10458545,-3.5919
10459749,-3.6009
10460953,-3.6099
10462158,-3.6189
10463362,-3.6279
10464567,-3.6369
10465772,-3.6460
10466977,-3.6550
10468182,-3.6641
10469387,-3.6731
10470592,-3.6822
10471798,-3.6912
10473004,-3.7003
10474209,-3.7094
10475415,-3.7185
10476622,-3.7275
10477828,-3.7366
10479034,-3.7457
10480241,-3.7548
10481447,-3.7640
10482654,-3.7731
10483861,-3.7822
10485068,-3.7913
10486275,-3.8005
10487483,-3.8096
10488690,-3.8187
10489898,-3.8279
10491106,-3.8370
10492313,-3.8462
10493521,-3.8554
10494730,-3.8645
10495938,-3.8737
10497146,-3.8829
10498355,-3.8921
10499564,-3.9012
10500773,-3.9104
10501982,-3.9196
10503191,-3.9288
10504400,-3.9380
10505610,-3.9473
10506819,-3.9565
10508029,-3.9657
10509239,-3.9749
10510449,-3.9841
10511659,-3.9934
10512869,-4.0026
10514079,-4.0119
10515290,-4.0211
10516501,-4.0303
10517712,-4.0396
10518922,-4.0489
10520134,-4.0581
10521345,-4.0674
10522556,-4.0766
10523768,-4.0859
10524979,-4.0952
10526191,-4.1045
10527403,-4.1138
10528615,-4.1230
10529827,-4.1323
10531040,-4.1416
10532252,-4.1509
10533465,-4.1602
10534678,-4.1695
10535891,-4.1788
10537104,-4.1881
10538317,-4.1975
10539530,-4.2068
10540744,-4.2161
10541957,-4.2254
10543171,-4.2347
10544385,-4.2441
10545599,-4.2534
10546813,-4.2627
10548028,-4.2721
10549242,-4.2814
10550457,-4.2908
10551671,-4.3001
10552886,-4.3095
10554101,-4.3188
10555316,-4.3282
10556532,-4.3375
10557747,-4.3469
10558963,-4.3562
10560178,-4.3656
10561394,-4.3750
10562610,-4.3843
10563826,-4.3937
10565043,-4.4031
10566259,-4.4124
10567476,-4.4218
10568692,-4.4312
10569909,-4.4406
10571126,-4.4500
10572343,-4.4593
10573561,-4.4687
10574778,-4.4781
10575995,-4.4875
10577213,-4.4969
10578431,-4.5063
10579649,-4.5157
10580867,-4.5251
10582085,-4.5345
10583304,-4.5439
10584522,-4.5533
10585741,-4.5627
10586960,-4.5721
10588179,-4.5815
10589398,-4.5909
10590617,-4.6003
10591836,-4.6097
10593056,-4.6191
10594275,-4.6286
10595495,-4.6380
10596715,-4.6474
10597935,-4.6568
10599155,-4.6662
10600376,-4.6756
10601596,-4.6851
10602817,-4.6945
10604037,-4.7039
10605258,-4.7133
10606479,-4.7228
10607701,-4.7322
10608922,-4.7416
10610143,-4.7510
10611365,-4.7605
10612587,-4.7699
10613809,-4.7793
10615031,-4.7888
10616253,-4.7982
10617475,-4.8076
10618698,-4.8171
10619920,-4.8265
10621143,-4.8359
10622366,-4.8454
10623589,-4.8548
10624812,-4.8642
10626035,-4.8737
10627259,-4.8831
10628482,-4.8925
10629706,-4.9020
10630930,-4.9114
10632154,-4.9208
10633378,-4.9303
10634602,-4.9397
10635827,-4.9492
10637051,-4.9586
10638276,-4.9680
10639501,-4.9775
10640726,-4.9869
10641951,-4.9964
10643176,-5.0058
10644402,-5.0152
10645627,-5.0247
10646853,-5.0341
10648079,-5.0435
10649305,-5.0530
10650531,-5.0624
10651757,-5.0719
10652984,-5.0813
10654210,-5.0907
10655437,-5.1002
10656664,-5.1096
10657891,-5.1191
10659118,-5.1285
10660345,-5.1379
10661572,-5.1474
10662800,-5.1568
10664027,-5.1662
10665255,-5.1757
10666483,-5.1851
10667711,-5.1945
10668940,-5.2040
10670168,-5.2134
10671396,-5.2228
10672625,-5.2323
10673854,-5.2417
10675083,-5.2511
10676312,-5.2606
10677541,-5.2700
10678771,-5.2794
10680000,-5.2889
10681230,-5.2983
10682459,-5.3077
10683689,-5.3171
10684920,-5.3266
10686150,-5.3360
10687380,-5.3454
10688611,-5.3548
10689841,-5.3643
10691072,-5.3737
10692303,-5.3831
10693534,-5.3925
10694765,-5.4019
10695997,-5.4114
10697228,-5.4208
10698460,-5.4302
10699691,-5.4396
10700923,-5.4490
10702155,-5.4584
10703388,-5.4678
10704620,-5.4772
10705852,-5.4867
10707085,-5.4961
10708318,-5.5055
10709551,-5.5149
10710784,-5.5243
10712017,-5.5337
10713250,-5.5431
10714484,-5.5525
10715717,-5.5619
10716951,-5.5713
10718185,-5.5807
10719419,-5.5901
10720653,-5.5995
10721888,-5.6089
10723122,-5.6182
10724357,-5.6276
10725592,-5.6370
10726826,-5.6464
10728062,-5.6558
10729297,-5.6652
10730532,-5.6746
10731767,-5.6839
10733003,-5.6933
10734239,-5.7027
10735475,-5.7121
10736711,-5.7214
10737947,-5.7308
10739183,-5.7402
10740420,-5.7496
10741656,-5.7589
10742893,-5.7683
10744130,-5.7777
10745367,-5.7870
10746604,-5.7964
10747842,-5.8057
10749079,-5.8151
10750317,-5.8244
10751554,-5.8338
10752792,-5.8432
10754030,-5.8525
10755268,-5.8619
10756507,-5.8712
10757745,-5.8805
10758984,-5.8899
10760223,-5.8992
10761461,-5.9086
10762700,-5.9179
10763940,-5.9272
10765179,-5.9366
10766418,-5.9459
10767658,-5.9552
10768898,-5.9646
10770138,-5.9739
10771378,-5.9832
10772618,-5.9925
10773858,-6.0018
10775099,-6.0112
10776339,-6.0205
10777580,-6.0298
10778821,-6.0391
10780062,-6.0484
10781303,-6.0577
10782544,-6.0670
10783786,-6.0763
10785027,-6.0856
10786269,-6.0949
10787511,-6.1042
10788753,-6.1135
10789995,-6.1228
10791238,-6.1321
10792480,-6.1414
10793723,-6.1507
10794965,-6.1599
10796208,-6.1692
10797451,-6.1785
10798694,-6.1878
10799938,-6.1971
10801181,-6.2063
10802425,-6.2156
10803669,-6.2249
10804913,-6.2341
10806157,-6.2434
10807401,-6.2526
10808645,-6.2619
10809890,-6.2712
10811134,-6.2804
10812379,-6.2897
10813624,-6.2989
10814869,-6.3082
10816114,-6.3174
10817359,-6.3266
10818605,-6.3359
10819850,-6.3451
10821096,-6.3543
10822342,-6.3636
10823588,-6.3728
10824834,-6.3820
10826081,-6.3912
10827327,-6.4005
10828574,-6.4097
10829820,-6.4189
10831067,-6.4281
10832314,-6.4373
10833562,-6.4465
10834809,-6.4557
10836056,-6.4649
10837304,-6.4741
10838552,-6.4833
10839800,-6.4925
10841048,-6.5017
10842296,-6.5109
10843544,-6.5201
10844793,-6.5293
10846041,-6.5385
10847290,-6.5476
10848539,-6.5568
10849788,-6.5660
10851037,-6.5752
10852287,-6.5843
10853536,-6.5935
10854786,-6.6027
10856035,-6.6118
10857285,-6.6210
10858535,-6.6301
10859786,-6.6393
10861036,-6.6484
10862287,-6.6576
10863537,-6.6667
10864788,-6.6759
10866039,-6.6850
10867290,-6.6941
10868541,-6.7033
10869793,-6.7124
10871044,-6.7215
10872296,-6.7307
10873547,-6.7398
10874799,-6.7489
10876051,-6.7580
10877304,-6.7671
10878556,-6.7762
10879809,-6.7853
10881061,-6.7944
10882314,-6.8035
10883567,-6.8126
10884820,-6.8217
10886073,-6.8308
10887327,-6.8399
10888580,-6.8490
10889834,-6.8581
10891088,-6.8672
10892342,-6.8763
10893596,-6.8853
10894850,-6.8944
10896104,-6.9035
10897359,-6.9125
10898614,-6.9216
10899868,-6.9307
10901123,-6.9397
10902378,-6.9488
10903634,-6.9578
10904889,-6.9669
10906145,-6.9759
10907400,-6.9850
10908656,-6.9940
10909912,-7.0030
10911168,-7.0121
10912425,-7.0211
10913681,-7.0301
10914938,-7.0392
10916194,-7.0482
10917451,-7.0572
10918708,-7.0662
10919965,-7.0752
10921222,-7.0842
10922480,-7.0932
10923737,-7.1023
10924995,-7.1113
10926253,-7.1202
10927511,-7.1292
10928769,-7.1382
10930028,-7.1472
10931286,-7.1562
10932545,-7.1652
10933803,-7.1742
10935062,-7.1831
10936321,-7.1921
10937580,-7.2011
10938840,-7.2101
10940099,-7.2190
10941359,-7.2280
10942618,-7.2369
10943878,-7.2459
10945138,-7.2548
10946399,-7.2638
10947659,-7.2727
10948919,-7.2817
10950180,-7.2906
10951441,-7.2996
10952702,-7.3085
10953963,-7.3174
10955224,-7.3264
10956485,-7.3353
10957747,-7.3442
10959008,-7.3531
10960270,-7.3620
10961532,-7.3709
10962794,-7.3798
10964056,-7.3888
10965319,-7.3977
10966581,-7.4066
10967844,-7.4154
10969107,-7.4243
10970369,-7.4332
10971633,-7.4421
10972896,-7.4510
10974159,-7.4599
10975423,-7.4688
10976686,-7.4776
10977950,-7.4865
10979214,-7.4954
10980478,-7.5042
10981742,-7.5131
10983007,-7.5219
10984271,-7.5308
10985536,-7.5396
10986801,-7.5485
10988066,-7.5573
10989331,-7.5662
10990596,-7.5750
10991862,-7.5839
10993127,-7.5927
10994393,-7.6015
10995659,-7.6103
10996925,-7.6192
10998191,-7.6280
10999457,-7.6368
11000724,-7.6456
11001990,-7.6544
11003257,-7.6632
11004524,-7.6720
11005791,-7.6808
11007058,-7.6896
11008325,-7.6984
11009593,-7.7072
11010860,-7.7160
11012128,-7.7248
11013396,-7.7336
11014664,-7.7423
11015932,-7.7511
11017201,-7.7599
11018469,-7.7686
11019738,-7.7774
11021006,-7.7862
11022275,-7.7949
11023544,-7.8037
11024814,-7.8124
11026083,-7.8212
11027352,-7.8299
11028622,-7.8387
11029892,-7.8474
11031162,-7.8561
11032432,-7.8649
11033702,-7.8736
11034972,-7.8823
11036243,-7.8910
11037514,-7.8997
11038784,-7.9085
11040055,-7.9172
11041327,-7.9259
11042598,-7.9346
11043869,-7.9433
11045141,-7.9520
11046412,-7.9607
11047684,-7.9694
11048956,-7.9781
11050228,-7.9867
11051501,-7.9954
11052773,-8.0041
11054046,-8.0128
11055318,-8.0215
11056591,-8.0301
11057864,-8.0388
11059137,-8.0475
11060411,-8.0561
11061684,-8.0648
11062958,-8.0734
11064232,-8.0821
11065505,-8.0907
11066779,-8.0994
11068054,-8.1080
11069328,-8.1166
11070602,-8.1253
11071877,-8.1339
11073152,-8.1425
11074427,-8.1511
11075702,-8.1598
11076977,-8.1684
11078252,-8.1770
11079528,-8.1856
11080804,-8.1942
11082079,-8.2028
11083355,-8.2114
11084631,-8.2200
11085908,-8.2286
11087184,-8.2372
11088461,-8.2458
11089737,-8.2544
11091014,-8.2629
11092291,-8.2715
11093568,-8.2801
11094845,-8.2887
11096123,-8.2972
11097400,-8.3058
11098678,-8.3143
11099956,-8.3229
11101234,-8.3315
11102512,-8.3400
11103790,-8.3486
11105069,-8.3571
11106347,-8.3656
11107626,-8.3742
11108905,-8.3827
11110184,-8.3912
11111463,-8.3998
11112743,-8.4083
11114022,-8.4168
11115302,-8.4253
11116581,-8.4338
11117861,-8.4424
11119141,-8.4509
11120422,-8.4594
11121702,-8.4679
11122983,-8.4764
11124263,-8.4849
11125544,-8.4933
11126825,-8.5018
11128106,-8.5103
11129387,-8.5188
11130669,-8.5273
11131950,-8.5358
11133232,-8.5442
11134514,-8.5527
11135796,-8.5612
11137078,-8.5696
11138360,-8.5781
11139643,-8.5865
11140925,-8.5950
11142208,-8.6034
11143491,-8.6119
11144774,-8.6203
11146057,-8.6288
11147340,-8.6372
11148624,-8.6456
11149907,-8.6540
11151191,-8.6625
11152475,-8.6709
11153759,-8.6793
11155043,-8.6877
11156327,-8.6961
11157612,-8.7046
11158897,-8.7130
11160181,-8.7214
11161466,-8.7298
11162751,-8.7382
11164037,-8.7465
11165322,-8.7549
11166608,-8.7633
11167893,-8.7717
11169179,-8.7801
11170465,-8.7885
11171751,-8.7968
11173037,-8.8052
11174324,-8.8136
11175610,-8.8219
11176897,-8.8303
11178184,-8.8386
11179471,-8.8470
11180758,-8.8553
11182045,-8.8637
11183333,-8.8720
11184621,-8.8804
11185908,-8.8887
11187196,-8.8971
11188484,-8.9054
11189772,-8.9137
11191061,-8.9220
11192349,-8.9304
11193638,-8.9387
11194927,-8.9470
11196216,-8.9553
11197505,-8.9636
11198794,-8.9719
11200083,-8.9802
11201373,-8.9885
11202663,-8.9968
11203952,-9.0051
11205242,-9.0134
11206532,-9.0217
11207823,-9.0299
11209113,-9.0382
11210404,-9.0465
11211694,-9.0548
11212985,-9.0630
11214276,-9.0713
11215568,-9.0796
11216859,-9.0878
11218150,-9.0961
11219442,-9.1043
11220734,-9.1126
11222026,-9.1208
11223318,-9.1291
11224610,-9.1373
11225902,-9.1456
11227195,-9.1538
11228487,-9.1620
11229780,-9.1702
11231073,-9.1785
11232366,-9.1867
11233659,-9.1949
11234953,-9.2031
11236246,-9.2113
11237540,-9.2195
11238834,-9.2277
11240128,-9.2359
11241422,-9.2441
11242716,-9.2523
11244011,-9.2605
11245305,-9.2687
11246600,-9.2769
11247895,-9.2851
11249190,-9.2933
11250485,-9.3014
11251781,-9.3096
11253076,-9.3178
11254372,-9.3259
11255667,-9.3341
11256963,-9.3423
11258259,-9.3504
11259556,-9.3586
11260852,-9.3667
11262149,-9.3749
11263445,-9.3830
11264742,-9.3912
11266039,-9.3993
11267336,-9.4074
11268634,-9.4156
11269931,-9.4237
11271229,-9.4318
11272526,-9.4399
11273824,-9.4481
11275122,-9.4562
11276420,-9.4643
11277719,-9.4724
11279017,-9.4805
11280316,-9.4886
11281614,-9.4967
11282913,-9.5048
11284212,-9.5129
11285512,-9.5210
11286811,-9.5291
11288111,-9.5371
11289410,-9.5452
11290710,-9.5533
11292010,-9.5614
11293310,-9.5694
11294610,-9.5775
11295911,-9.5856
11297211,-9.5936
11298512,-9.6017
11299813,-9.6098
11301114,-9.6178
11302415,-9.6259
11303716,-9.6339
11305018,-9.6419
11306320,-9.6500
11307621,-9.6580
11308923,-9.6661
11310225,-9.6741
11311527,-9.6821
11312830,-9.6901
11314132,-9.6982
11315435,-9.7062
11316738,-9.7142
11318041,-9.7222
11319344,-9.7302
11320647,-9.7382
11321951,-9.7462
11323254,-9.7542
11324558,-9.7622
11325862,-9.7702
11327166,-9.7782
11328470,-9.7862
11329774,-9.7942
11331079,-9.8022
11332383,-9.8101
11333688,-9.8181
11334993,-9.8261
11336298,-9.8340
11337603,-9.8420
11338909,-9.8500
11340214,-9.8579
11341520,-9.8659
11342826,-9.8738
11344132,-9.8818
11345438,-9.8897
11346744,-9.8977
11348050,-9.9056
11349357,-9.9136
11350664,-9.9215
11351971,-9.9294
11353278,-9.9374
11354585,-9.9453
11355892,-9.9532
11357200,-9.9611
11358507,-9.9690
11359815,-9.9770
11361123,-9.9849
11362431,-9.9928
11363739,-10.0007
11365047,-10.0086
11366356,-10.0165
11367665,-10.0244
11368974,-10.0323
11370282,-10.0402
11371592,-10.0480
11372901,-10.0559
11374210,-10.0638
11375520,-10.0717
11376830,-10.0796
11378140,-10.0874
11379450,-10.0953
11380760,-10.1032
11382070,-10.1110
11383381,-10.1189
11384691,-10.1267
11386002,-10.1346
11387313,-10.1425
11388624,-10.1503
11389935,-10.1581
11391247,-10.1660
11392558,-10.1738
11393870,-10.1817
11395182,-10.1895
11396494,-10.1973
11397806,-10.2051
11399118,-10.2130
11400431,-10.2208
11401743,-10.2286
11403056,-10.2364
11404369,-10.2442
11405682,-10.2520
11406995,-10.2598
11408308,-10.2676
11409622,-10.2754
11410936,-10.2832
11412249,-10.2910
11413563,-10.2988
11414877,-10.3066
11416192,-10.3144
11417506,-10.3222
11418821,-10.3300
11420135,-10.3377
11421450,-10.3455
11422765,-10.3533
11424081,-10.3611
11425396,-10.3688
11426711,-10.3766
11428027,-10.3843
11429343,-10.3921
11430659,-10.3998
11431975,-10.4076
11433291,-10.4153
11434607,-10.4231
11435924,-10.4308
11437241,-10.4386
11438557,-10.4463
11439874,-10.4540
11441191,-10.4618
11442509,-10.4695
11443826,-10.4772
11445144,-10.4849
11446462,-10.4926
11447779,-10.5004
11449098,-10.5081
11450416,-10.5158
11451734,-10.5235
11453053,-10.5312
11454371,-10.5389
11455690,-10.5466
11457009,-10.5543
11458328,-10.5620
11459647,-10.5697
11460967,-10.5773
11462286,-10.5850
11463606,-10.5927
11464926,-10.6004
11466246,-10.6081
11467566,-10.6157
11468886,-10.6234
11470207,-10.6311
11471528,-10.6387
11472848,-10.6464
11474169,-10.6540
11475490,-10.6617
11476812,-10.6694
11478133,-10.6770
11479455,-10.6846
11480776,-10.6923
11482098,-10.6999
11483420,-10.7076
11484742,-10.7152
11486065,-10.7228
11487387,-10.7305
11488710,-10.7381
11490032,-10.7457
11491355,-10.7533
11492678,-10.7610
11494002,-10.7686
11495325,-10.7762
11496649,-10.7838
11497972,-10.7914
11499296,-10.7990
11500620,-10.8066
11501944,-10.8142
11503268,-10.8218
11504593,-10.8294
11505917,-10.8370
11507242,-10.8446
11508567,-10.8521
11509892,-10.8597
11511217,-10.8673
11512543,-10.8749
11513868,-10.8824
11515194,-10.8900
11516520,-10.8976
11517846,-10.9051
11519172,-10.9127
11520498,-10.9203
11521824,-10.9278
11523151,-10.9354
11524478,-10.9429
11525805,-10.9505
11527132,-10.9580
11528459,-10.9656
11529786,-10.9731
11531114,-10.9806
11532441,-10.9882
11533769,-10.9957
11535097,-11.0032
11536425,-11.0108
11537753,-11.0183
11539082,-11.0258
11540410,-11.0333
11541739,-11.0408
11543068,-11.0483
11544397,-11.0558
11545726,-11.0634
11547056,-11.0709
11548385,-11.0784
11549715,-11.0859
11551044,-11.0934
11552374,-11.1008
11553704,-11.1083
11555035,-11.1158
11556365,-11.1233
11557696,-11.1308
11559026,-11.1383
11560357,-11.1457
11561688,-11.1532
11563019,-11.1607
11564351,-11.1682
11565682,-11.1756
11567014,-11.1831
11568346,-11.1905
11569678,-11.1980
11571010,-11.2055
11572342,-11.2129
11573674,-11.2204
11575007,-11.2278
11576339,-11.2352
11577672,-11.2427
11579005,-11.2501
11580339,-11.2576
11581672,-11.2650
11583005,-11.2724
11584339,-11.2799
11585673,-11.2873
11587007,-11.2947
11588341,-11.3021
11589675,-11.3095
11591009,-11.3170
11592344,-11.3244
11593679,-11.3318
11595013,-11.3392
11596348,-11.3466
11597684,-11.3540
11599019,-11.3614
11600354,-11.3688
11601690,-11.3762
11603026,-11.3836
11604362,-11.3910
11605698,-11.3983
11607034,-11.4057
11608370,-11.4131
11609707,-11.4205
11611044,-11.4279
11612380,-11.4352
11613717,-11.4426
11615055,-11.4500
11616392,-11.4573
11617729,-11.4647
11619067,-11.4720
11620405,-11.4794
11621743,-11.4868
11623081,-11.4941
11624419,-11.5015
11625757,-11.5088
11627096,-11.5161
11628435,-11.5235
11629773,-11.5308
11631112,-11.5382
11632452,-11.5455
11633791,-11.5528
11635130,-11.5602
11636470,-11.5675
11637810,-11.5748
11639150,-11.5821
11640490,-11.5894
11641830,-11.5968
11643170,-11.6041
11644511,-11.6114
11645852,-11.6187
11647193,-11.6260
11648534,-11.6333
11649875,-11.6406
11651216,-11.6479
11652558,-11.6552
11653899,-11.6625
11655241,-11.6698
11656583,-11.6770
11657925,-11.6843
11659267,-11.6916
11660610,-11.6989
11661952,-11.7062
11663295,-11.7134
11664638,-11.7207
11665981,-11.7280
11667324,-11.7353
11668667,-11.7425
11670011,-11.7498
11671354,-11.7570
11672698,-11.7643
11674042,-11.7715
11675386,-11.7788
11676730,-11.7860
11678075,-11.7933
11679419,-11.8005
11680764,-11.8078
11682109,-11.8150
11683454,-11.8222
11684799,-11.8295
11686145,-11.8367
11687490,-11.8439
11688836,-11.8512
11690182,-11.8584
11691527,-11.8656
11692874,-11.8728
11694220,-11.8800
11695566,-11.8873
11696913,-11.8945
11698260,-11.9017
11699606,-11.9089
11700954,-11.9161
11702301,-11.9233
11703648,-11.9305
11704996,-11.9377
11706343,-11.9449
11707691,-11.9521
11709039,-11.9593
11710387,-11.9664
11711735,-11.9736
11713084,-11.9808
11714433,-11.9880
11715781,-11.9952
11717130,-12.0023
11718479,-12.0095
11719828,-12.0167
11721178,-12.0238
11722527,-12.0310
11723877,-12.0382
11725227,-12.0453
11726577,-12.0525
11727927,-12.0596
11729277,-12.0668
11730628,-12.0739
11731978,-12.0811
11733329,-12.0882
11734680,-12.0954
11736031,-12.1025
11737382,-12.1097
11738734,-12.1168
11740085,-12.1239
11741437,-12.1311
11742789,-12.1382
11744141,-12.1453
11745493,-12.1524
11746845,-12.1596
11748198,-12.1667
11749551,-12.1738
11750903,-12.1809
11752256,-12.1880
11753609,-12.1951
11754963,-12.2022
11756316,-12.2093
11757670,-12.2164
11759023,-12.2235
11760377,-12.2306
11761731,-12.2377
11763086,-12.2448
11764440,-12.2519
11765794,-12.2590
11767149,-12.2661
11768504,-12.2731
11769859,-12.2802
11771214,-12.2873
11772569,-12.2944
11773925,-12.3015
11775280,-12.3085
11776636,-12.3156
11777992,-12.3227
11779348,-12.3297
11780704,-12.3368
11782061,-12.3438
11783417,-12.3509
11784774,-12.3579
11786131,-12.3650
11787488,-12.3720
11788845,-12.3791
11790202,-12.3861
11791560,-12.3932
11792917,-12.4002
11794275,-12.4073
11795633,-12.4143
11796991,-12.4213
11798349,-12.4284
11799708,-12.4354
11801066,-12.4424
11802425,-12.4494
11803784,-12.4565
11805143,-12.4635
11806502,-12.4705
11807862,-12.4775
11809221,-12.4845
11810581,-12.4915
11811941,-12.4985
11813301,-12.5055
11814661,-12.5125
11816021,-12.5195
11817381,-12.5265
11818742,-12.5335
11820103,-12.5405
11821464,-12.5475
11822825,-12.5545
11824186,-12.5615
11825547,-12.5685
11826909,-12.5755
11828271,-12.5824
11829633,-12.5894
11830995,-12.5964
11832357,-12.6034
11833719,-12.6103
11835082,-12.6173
11836444,-12.6243
11837807,-12.6312
11839170,-12.6382
11840533,-12.6451
11841896,-12.6521
11843260,-12.6591
11844623,-12.6660
11845987,-12.6730
11847351,-12.6799
11848715,-12.6869
11850079,-12.6938
11851444,-12.7007
11852808,-12.7077
11854173,-12.7146
11855538,-12.7215
11856903,-12.7285
11858268,-12.7354
11859633,-12.7423
11860999,-12.7493
11862364,-12.7562
11863730,-12.7631
11865096,-12.7700
11866462,-12.7769
11867828,-12.7838
11869195,-12.7908
11870561,-12.7977
11871928,-12.8046
11873295,-12.8115
11874662,-12.8184
11876029,-12.8253
11877397,-12.8322
11878764,-12.8391
11880132,-12.8460
11881500,-12.8529
11882868,-12.8598
11884236,-12.8666
11885604,-12.8735
11886972,-12.8804
11888341,-12.8873
11889710,-12.8942
11891079,-12.9010
11892448,-12.9079
11893817,-12.9148
11895186,-12.9217
11896556,-12.9285
11897926,-12.9354
11899296,-12.9423
11900666,-12.9491
11902036,-12.9560
11903406,-12.9628
11904777,-12.9697
11906147,-12.9765
11907518,-12.9834
11908889,-12.9902
11910260,-12.9971
11911632,-13.0039
11913003,-13.0108
11914375,-13.0176
11915746,-13.0244
11917118,-13.0313
11918491,-13.0381
11919863,-13.0449
11921235,-13.0518
11922608,-13.0586
11923980,-13.0654
11925353,-13.0722
11926726,-13.0791
11928100,-13.0859
11929473,-13.0927
11930846,-13.0995
11932220,-13.1063
11933594,-13.1131
11934968,-13.1199
11936342,-13.1267
11937716,-13.1335
11939091,-13.1403
11940465,-13.1471
11941840,-13.1539
11943215,-13.1607
11944590,-13.1675
11945965,-13.1743
11947341,-13.1811
11948716,-13.1879
11950092,-13.1947
11951468,-13.2014
11952844,-13.2082
11954220,-13.2150
11955597,-13.2218
11956973,-13.2285
11958350,-13.2353
11959727,-13.2421
11961104,-13.2488
11962481,-13.2556
11963858,-13.2624
11965236,-13.2691
11966613,-13.2759
11967991,-13.2826
11969369,-13.2894
11970747,-13.2962
11972125,-13.3029
11973504,-13.3096
11974882,-13.3164
11976261,-13.3231
11977640,-13.3299
11979019,-13.3366
11980398,-13.3434
11981778,-13.3501
11983157,-13.3568
11984537,-13.3636
11985917,-13.3703
11987297,-13.3770
11988677,-13.3837
11990057,-13.3905
11991438,-13.3972
11992818,-13.4039
11994199,-13.4106
11995580,-13.4173
11996961,-13.4240
11998342,-13.4307
11999724,-13.4375
12001106,-13.4442
12002487,-13.4509
12003869,-13.4576
12005251,-13.4643
12006634,-13.4710
12008016,-13.4777
12009398,-13.4844
12010781,-13.4910
12012164,-13.4977
12013547,-13.5044
12014930,-13.5111
12016314,-13.5178
12017697,-13.5245
12019081,-13.5312
12020465,-13.5378
12021849,-13.5445
12023233,-13.5512
12024617,-13.5578
12026002,-13.5645
12027386,-13.5712
12028771,-13.5779
12030156,-13.5845
12031541,-13.5912
12032926,-13.5978
12034312,-13.6045
12035697,-13.6111
12037083,-13.6178
12038469,-13.6245
12039855,-13.6311
12041241,-13.6377
12042628,-13.6444
12044014,-13.6510
12045401,-13.6577
12046788,-13.6643
12048175,-13.6710
12049562,-13.6776
12050949,-13.6842
12052337,-13.6909
12053724,-13.6975
12055112,-13.7041
12056500,-13.7107
12057888,-13.7174
12059277,-13.7240
12060665,-13.7306
12062054,-13.7372
12063442,-13.7438
12064831,-13.7504
12066220,-13.7571
12067610,-13.7637
12068999,-13.7703
12070389,-13.7769
12071778,-13.7835
12073168,-13.7901
12074558,-13.7967
12075949,-13.8033
12077339,-13.8099
12078729,-13.8165
12080120,-13.8231
12081511,-13.8296
12082902,-13.8362
12084293,-13.8428
12085685,-13.8494
12087076,-13.8560
12088468,-13.8626
12089860,-13.8691
12091252,-13.8757
12092644,-13.8823
12094036,-13.8889
12095428,-13.8954
12096821,-13.9020
12098214,-13.9086
12099607,-13.9151
12101000,-13.9217
12102393,-13.9283
12103787,-13.9348
12105180,-13.9414
12106574,-13.9479
12107968,-13.9545
12109362,-13.9610
12110756,-13.9676
12112150,-13.9741
12113545,-13.9807
12114940,-13.9872
12116335,-13.9938
12117730,-14.0003
12119125,-14.0068
12120520,-14.0134
12121916,-14.0199
12123311,-14.0264
12124707,-14.0330
12126103,-14.0395
12127499,-14.0460
12128896,-14.0525
12130292,-14.0591
12131689,-14.0656
12133085,-14.0721
12134482,-14.0786
12135879,-14.0851
12137277,-14.0917
12138674,-14.0982
12140072,-14.1047
12141470,-14.1112
12142867,-14.1177
12144266,-14.1242
12145664,-14.1307
12147062,-14.1372
12148461,-14.1437
12149859,-14.1502
12151258,-14.1567
12152657,-14.1632
12154057,-14.1697
12155456,-14.1762
12156856,-14.1826
12158255,-14.1891
12159655,-14.1956
12161055,-14.2021
12162455,-14.2086
12163856,-14.2150
12165256,-14.2215
12166657,-14.2280
12168058,-14.2345
12169459,-14.2409
12170860,-14.2474
12172261,-14.2539
12173662,-14.2603
12175064,-14.2668
12176466,-14.2733
12177868,-14.2797
12179270,-14.2862
12180672,-14.2926
12182075,-14.2991
12183477,-14.3055
12184880,-14.3120
12186283,-14.3184
12187686,-14.3249
12189089,-14.3313
12190493,-14.3378
12191896,-14.3442
12193300,-14.3506
12194704,-14.3571
12196108,-14.3635
12197512,-14.3699
12198916,-14.3764
12200321,-14.3828
12201726,-14.3892
12203130,-14.3957
12204535,-14.4021
12205941,-14.4085
12207346,-14.4149
12208752,-14.4213
12210157,-14.4278
12211563,-14.4342
12212969,-14.4406
12214375,-14.4470
12215781,-14.4534
12217188,-14.4598
12218595,-14.4662
12220001,-14.4726
12221408,-14.4790
12222815,-14.4854
12224223,-14.4918
12225630,-14.4982
12227038,-14.5046
12228446,-14.5110
12229854,-14.5174
12231262,-14.5238
12232670,-14.5302
12234078,-14.5366
12235487,-14.5430
12236896,-14.5493
12238305,-14.5557
12239714,-14.5621
12241123,-14.5685
12242532,-14.5749
12243942,-14.5812
12245351,-14.5876
12246761,-14.5940
12248171,-14.6003
12249582,-14.6067
12250992,-14.6131
12252402,-14.6194
12253813,-14.6258
12255224,-14.6322
12256635,-14.6385
12258046,-14.6449
12259458,-14.6512
12260869,-14.6576
12262281,-14.6639
12263693,-14.6703
12265105,-14.6766
12266517,-14.6830
12267929,-14.6893
12269342,-14.6957
12270754,-14.7020
12272167,-14.7083
12273580,-14.7147
12274993,-14.7210
12276406,-14.7273
12277820,-14.7337
12279233,-14.7400
12280647,-14.7463
12282061,-14.7527
12283475,-14.7590
12284890,-14.7653
12286304,-14.7716
12287719,-14.7779
12289133,-14.7843
12290548,-14.7906
12291963,-14.7969
12293379,-14.8032
12294794,-14.8095
12296210,-14.8158
12297625,-14.8221
12299041,-14.8284
12300457,-14.8347
12301873,-14.8410
12303290,-14.8473
12304706,-14.8536
12306123,-14.8599
12307540,-14.8662
12308957,-14.8725
12310374,-14.8788
12311792,-14.8851
12313209,-14.8914
12314627,-14.8977
12316045,-14.9040
12317463,-14.9103
12318881,-14.9165
12320299,-14.9228
12321718,-14.9291
12323136,-14.9354
12324555,-14.9416
12325974,-14.9479
12327393,-14.9542
12328813,-14.9605
12330232,-14.9667
12331652,-14.9730
12333072,-14.9793
12334492,-14.9855
12335912,-14.9918
12337332,-14.9980
12338753,-15.0043
12340173,-15.0106
12341594,-15.0168
12343015,-15.0231
12344436,-15.0293
12345857,-15.0356
12347279,-15.0418
12348700,-15.0481
12350122,-15.0543
12351544,-15.0606
12352966,-15.0668
12354389,-15.0730
12355811,-15.0793
12357234,-15.0855
12358656,-15.0917
12360079,-15.0980
12361502,-15.1042
12362926,-15.1104
12364349,-15.1167
12365773,-15.1229
12367196,-15.1291
12368620,-15.1353
12370044,-15.1416
12371469,-15.1478
12372893,-15.1540
12374317,-15.1602
12375742,-15.1664
12377167,-15.1727
12378592,-15.1789
12380017,-15.1851
12381443,-15.1913
12382868,-15.1975
12384294,-15.2037
12385720,-15.2099
12387146,-15.2161
12388572,-15.2223
12389999,-15.2285
12391425,-15.2347
12392852,-15.2409
12394279,-15.2471
12395706,-15.2533
12397133,-15.2595
12398560,-15.2657
12399988,-15.2718
12401415,-15.2780
12402843,-15.2842
12404271,-15.2904
12405699,-15.2966
12407128,-15.3028
12408556,-15.3089
12409985,-15.3151
12411414,-15.3213
12412843,-15.3275
12414272,-15.3336
12415701,-15.3398
12417131,-15.3460
12418560,-15.3521
12419990,-15.3583
12421420,-15.3645
12422850,-15.3706
12424281,-15.3768
12425711,-15.3829
12427142,-15.3891
12428573,-15.3953
12430004,-15.4014
12431435,-15.4076
12432866,-15.4137
12434298,-15.4199
12435729,-15.4260
12437161,-15.4322
12438593,-15.4383
12440025,-15.4444
12441457,-15.4506
12442890,-15.4567
12444322,-15.4629
12445755,-15.4690
12447188,-15.4751
12448621,-15.4813
12450055,-15.4874
12451488,-15.4935
12452922,-15.4997
12454355,-15.5058
12455789,-15.5119
12457223,-15.5180
12458658,-15.5242
12460092,-15.5303
12461527,-15.5364
12462962,-15.5425
12464396,-15.5486
12465832,-15.5547
12467267,-15.5609
12468702,-15.5670
12470138,-15.5731
12471574,-15.5792
12473010,-15.5853
12474446,-15.5914
12475882,-15.5975
12477318,-15.6036
12478755,-15.6097
12480192,-15.6158
12481629,-15.6219
12483066,-15.6280
12484503,-15.6341
12485940,-15.6402
12487378,-15.6463
12488816,-15.6524
12490254,-15.6584
12491692,-15.6645
12493130,-15.6706
12494568,-15.6767
12496007,-15.6828
12497446,-15.6889
12498884,-15.6949
12500324,-15.7010
12501763,-15.7071
12503202,-15.7132
12504642,-15.7192
12506082,-15.7253
12507521,-15.7314
12508961,-15.7374
12510402,-15.7435
12511842,-15.7496
12513283,-15.7556
12514723,-15.7617
12516164,-15.7678
12517605,-15.7738
12519047,-15.7799
12520488,-15.7859
12521930,-15.7920
12523371,-15.7980
12524813,-15.8041
12526255,-15.8101
12527697,-15.8162
12529140,-15.8222
12530582,-15.8283
12532025,-15.8343
12533468,-15.8404
12534911,-15.8464
12536354,-15.8525
12537798,-15.8585
12539241,-15.8645
12540685,-15.8706
12542129,-15.8766
12543573,-15.8826
12545017,-15.8887
12546461,-15.8947
12547906,-15.9007
12549351,-15.9067
12550796,-15.9128
12552241,-15.9188
12553686,-15.9248
12555131,-15.9308
12556577,-15.9368
12558022,-15.9429
12559468,-15.9489
12560914,-15.9549
12562361,-15.9609
12563807,-15.9669
12565253,-15.9729
12566700,-15.9789
12568147,-15.9849
12569594,-15.9909
12571041,-15.9969
12572489,-16.0029
12573936,-16.0089
12575384,-16.0149
12576832,-16.0209
12578280,-16.0269
12579728,-16.0329
12581176,-16.0389
12582625,-16.0449
12584074,-16.0509
12585523,-16.0569
12586972,-16.0629
12588421,-16.0689
12589870,-16.0749
12591320,-16.0808
12592770,-16.0868
12594219,-16.0928
12595669,-16.0988
12597120,-16.1048
12598570,-16.1107
12600021,-16.1167
12601471,-16.1227
12602922,-16.1287
12604373,-16.1346
12605824,-16.1406
12607276,-16.1466
12608727,-16.1525
12610179,-16.1585
12611631,-16.1645
12613083,-16.1704
12614535,-16.1764
12615988,-16.1823
12617440,-16.1883
12618893,-16.1942
12620346,-16.2002
12621799,-16.2062
12623252,-16.2121
12624705,-16.2181
12626159,-16.2240
12627613,-16.2299
12629067,-16.2359
12630521,-16.2418
12631975,-16.2478
12633429,-16.2537
12634884,-16.2597
12636339,-16.2656
12637793,-16.2715
12639249,-16.2775
12640704,-16.2834
12642159,-16.2893
12643615,-16.2953
12645070,-16.3012
12646526,-16.3071
12647982,-16.3131
12649439,-16.3190
12650895,-16.3249
12652352,-16.3308
12653808,-16.3368
12655265,-16.3427
12656722,-16.3486
12658180,-16.3545
12659637,-16.3604
12661095,-16.3663
12662552,-16.3723
12664010,-16.3782
12665468,-16.3841
12666927,-16.3900
12668385,-16.3959
12669844,-16.4018
12671302,-16.4077
12672761,-16.4136
12674220,-16.4195
12675680,-16.4254
12677139,-16.4313
12678599,-16.4372
12680058,-16.4431
12681518,-16.4490
12682978,-16.4549
12684439,-16.4608
12685899,-16.4667
12687360,-16.4726
12688821,-16.4784
12690281,-16.4843
12691743,-16.4902
12693204,-16.4961
12694665,-16.5020
12696127,-16.5079
12697589,-16.5137
12699051,-16.5196
12700513,-16.5255
12701975,-16.5314
12703437,-16.5372
12704900,-16.5431
12706363,-16.5490
12707826,-16.5549
12709289,-16.5607
12710752,-16.5666
12712216,-16.5725
12713679,-16.5783
12715143,-16.5842
12716607,-16.5901
12718071,-16.5959
12719536,-16.6018
12721000,-16.6076
12722465,-16.6135
12723930,-16.6193
12725394,-16.6252
12726860,-16.6310
12728325,-16.6369
12729790,-16.6427
12731256,-16.6486
12732722,-16.6544
12734188,-16.6603
12735654,-16.6661
12737120,-16.6720
12738587,-16.6778
12740054,-16.6837
12741520,-16.6895
12742987,-16.6953
12744455,-16.7012
12745922,-16.7070
12747389,-16.7128
12748857,-16.7187
12750325,-16.7245
12751793,-16.7303
12753261,-16.7362
12754730,-16.7420
12756198,-16.7478
12757667,-16.7536
12759136,-16.7595
12760605,-16.7653
12762074,-16.7711
12763543,-16.7769
12765013,-16.7827
12766483,-16.7886
12767952,-16.7944
12769422,-16.8002
12770893,-16.8060
12772363,-16.8118
12773834,-16.8176
12775304,-16.8234
12776775,-16.8292
12778246,-16.8350
12779718,-16.8408
12781189,-16.8466
12782661,-16.8524
12784132,-16.8582
12785604,-16.8640
12787076,-16.8698
12788548,-16.8756
12790021,-16.8814
12791494,-16.8872
12792966,-16.8930
12794439,-16.8988
12795912,-16.9046
12797386,-16.9104
12798859,-16.9162
12800333,-16.9220
12801806,-16.9277
12803280,-16.9335
12804754,-16.9393
12806229,-16.9451
12807703,-16.9509
12809178,-16.9566
12810653,-16.9624
12812128,-16.9682
12813603,-16.9740
12815078,-16.9797
12816553,-16.9855
12818029,-16.9913
12819505,-16.9970
12820981,-17.0028
12822457,-17.0086
12823933,-17.0143
12825410,-17.0201
12826887,-17.0259
12828363,-17.0316
12829840,-17.0374
12831318,-17.0432
12832795,-17.0489
12834272,-17.0547
12835750,-17.0604
12837228,-17.0662
12838706,-17.0719
12840184,-17.0777
12841663,-17.0834
12843141,-17.0892
12844620,-17.0949
12846099,-17.1007
12847578,-17.1064
12849057,-17.1122
12850536,-17.1179
12852016,-17.1236
12853496,-17.1294
12854976,-17.1351
12856456,-17.1408
12857936,-17.1466
12859416,-17.1523
12860897,-17.1581
12862378,-17.1638
12863859,-17.1695
12865340,-17.1752
12866821,-17.1810
12868302,-17.1867
12869784,-17.1924
12871266,-17.1981
12872748,-17.2039
12874230,-17.2096
12875712,-17.2153
12877194,-17.2210
12878677,-17.2267
12880160,-17.2325
12881643,-17.2382
12883126,-17.2439
12884609,-17.2496
12886093,-17.2553
12887576,-17.2610
12889060,-17.2667
12890544,-17.2724
12892028,-17.2782
12893513,-17.2839
12894997,-17.2896
12896482,-17.2953
12897967,-17.3010
12899452,-17.3067
12900937,-17.3124
12902422,-17.3181
12903908,-17.3238
12905394,-17.3295
12906879,-17.3351
12908366,-17.3408
12909852,-17.3465
12911338,-17.3522
12912825,-17.3579
12914311,-17.3636
12915798,-17.3693
12917285,-17.3750
12918773,-17.3807
12920260,-17.3863
12921748,-17.3920
12923235,-17.3977
12924723,-17.4034
12926211,-17.4091
12927700,-17.4147
12929188,-17.4204
12930677,-17.4261
12932166,-17.4318
12933654,-17.4374
12935144,-17.4431
12936633,-17.4488
12938122,-17.4544
12939612,-17.4601
12941102,-17.4658
12942592,-17.4714
12944082,-17.4771
12945572,-17.4828
12947063,-17.4884
12948553,-17.4941
12950044,-17.4997
12951535,-17.5054
12953027,-17.5110
12954518,-17.5167
12956009,-17.5224
12957501,-17.5280
12958993,-17.5337
12960485,-17.5393
12961977,-17.5450
12963470,-17.5506
12964962,-17.5563
12966455,-17.5619
12967948,-17.5675
12969441,-17.5732
12970934,-17.5788
12972428,-17.5845
12973921,-17.5901
12975415,-17.5957
12976909,-17.6014
12978403,-17.6070
12979897,-17.6127
12981392,-17.6183
12982886,-17.6239
12984381,-17.6295
12985876,-17.6352
12987371,-17.6408
12988867,-17.6464
12990362,-17.6521
12991858,-17.6577
12993354,-17.6633
12994850,-17.6689
12996346,-17.6745
12997842,-17.6802
12999339,-17.6858
13000835,-17.6914
13002332,-17.6970
13003829,-17.7026
13005326,-17.7083
13006824,-17.7139
13008321,-17.7195
13009819,-17.7251
13011317,-17.7307
13012815,-17.7363
13014313,-17.7419
13015812,-17.7475
13017310,-17.7531
13018809,-17.7587
13020308,-17.7643
13021807,-17.7699
13023306,-17.7755
13024806,-17.7811
13026305,-17.7867
13027805,-17.7923
13029305,-17.7979
13030805,-17.8035
13032306,-17.8091
13033806,-17.8147
13035307,-17.8203
13036808,-17.8259
13038309,-17.8315
13039810,-17.8370
13041311,-17.8426
13042813,-17.8482
13044314,-17.8538
13045816,-17.8594
13047318,-17.8650
13048820,-17.8705
13050323,-17.8761
13051825,-17.8817
13053328,-17.8873
13054831,-17.8929
13056334,-17.8984
13057837,-17.9040
13059341,-17.9096
13060844,-17.9151
13062348,-17.9207
13063852,-17.9263
13065356,-17.9319
13066861,-17.9374
13068365,-17.9430
13069870,-17.9485
13071374,-17.9541
13072879,-17.9597
13074385,-17.9652
13075890,-17.9708
13077395,-17.9764
13078901,-17.9819
13080407,-17.9875
13081913,-17.9930
13083419,-17.9986
13084926,-18.0041
13086432,-18.0097
13087939,-18.0152
13089446,-18.0208
13090953,-18.0263
13092460,-18.0319
13093967,-18.0374
13095475,-18.0430
13096983,-18.0485
13098491,-18.0540
13099999,-18.0596
13101507,-18.0651
13103015,-18.0707
13104524,-18.0762
13106033,-18.0817
13107542,-18.0873
13109051,-18.0928
13110560,-18.0983
13112070,-18.1039
13113580,-18.1094
13115089,-18.1149
13116599,-18.1205
13118110,-18.1260
13119620,-18.1315
13121130,-18.1370
13122641,-18.1426
13124152,-18.1481
13125663,-18.1536
13127174,-18.1591
13128686,-18.1647
13130197,-18.1702
13131709,-18.1757
13133221,-18.1812
13134733,-18.1867
13136245,-18.1922
13137758,-18.1978
13139271,-18.2033
13140783,-18.2088
13142296,-18.2143
13143809,-18.2198
13145323,-18.2253
13146836,-18.2308
13148350,-18.2363
13149864,-18.2418
13151378,-18.2473
13152892,-18.2528
13154406,-18.2583
13155921,-18.2638
13157436,-18.2693
13158951,-18.2748
13160466,-18.2803
13161981,-18.2858
13163496,-18.2913
13165012,-18.2968
13166528,-18.3023
13168044,-18.3078
13169560,-18.3133
13171076,-18.3188
13172592,-18.3242
13174109,-18.3297
13175626,-18.3352
13177143,-18.3407
13178660,-18.3462
13180177,-18.3517
13181695,-18.3572
13183213,-18.3626
13184730,-18.3681
13186248,-18.3736
13187767,-18.3791
13189285,-18.3845
13190804,-18.3900
13192322,-18.3955
13193841,-18.4010
13195360,-18.4064
13196880,-18.4119
13198399,-18.4174
13199919,-18.4228
13201438,-18.4283
13202958,-18.4338
13204479,-18.4392
13205999,-18.4447
13207519,-18.4502
13209040,-18.4556
13210561,-18.4611
13212082,-18.4666
13213603,-18.4720
13215124,-18.4775
13216646,-18.4829
13218168,-18.4884
13219690,-18.4938
13221212,-18.4993
13222734,-18.5047
13224256,-18.5102
13225779,-18.5156
13227302,-18.5211
13228824,-18.5265
13230348,-18.5320
13231871,-18.5374
13233394,-18.5429
13234918,-18.5483
13236442,-18.5538
13237966,-18.5592
13239490,-18.5646
13241014,-18.5701
13242539,-18.5755
13244064,-18.5810
13245588,-18.5864
13247113,-18.5918
13248639,-18.5973
13250164,-18.6027
13251690,-18.6081
13253215,-18.6136
13254741,-18.6190
13256267,-18.6244
13257794,-18.6298
13259320,-18.6353
13260847,-18.6407
13262374,-18.6461
13263900,-18.6515
13265428,-18.6570
13266955,-18.6624
13268482,-18.6678
13270010,-18.6732
13271538,-18.6786
13273066,-18.6841
13274594,-18.6895
13276123,-18.6949
13277651,-18.7003
13279180,-18.7057
13280709,-18.7111
13282238,-18.7165
13283767,-18.7220
13285297,-18.7274
13286826,-18.7328
13288356,-18.7382
13289886,-18.7436
13291416,-18.7490
13292946,-18.7544
13294477,-18.7598
13296008,-18.7652
13297538,-18.7706
13299069,-18.7760
13300601,-18.7814
13302132,-18.7868
13303664,-18.7922
13305195,-18.7976
13306727,-18.8030
13308259,-18.8084
13309792,-18.8138
13311324,-18.8192
13312857,-18.8245
13314389,-18.8299
13315922,-18.8353
13317456,-18.8407
13318989,-18.8461
13320522,-18.8515
13322056,-18.8569
13323590,-18.8622
13325124,-18.8676
13326658,-18.8730
13328192,-18.8784
13329727,-18.8838
13331262,-18.8891
13332797,-18.8945
13334332,-18.8999
13335867,-18.9053
13337402,-18.9106
13338938,-18.9160
13340474,-18.9214
13342010,-18.9268
13343546,-18.9321
13345082,-18.9375
13346619,-18.9429
13348155,-18.9482
13349692,-18.9536
13351229,-18.9590
13352767,-18.9643
13354304,-18.9697
13355841,-18.9751
13357379,-18.9804
13358917,-18.9858
13360455,-18.9911
13361993,-18.9965
13363532,-19.0018
13365071,-19.0072
13366609,-19.0126
13368148,-19.0179
13369687,-19.0233
13371227,-19.0286
13372766,-19.0340
13374306,-19.0393
13375846,-19.0447
13377386,-19.0500
13378926,-19.0554
13380466,-19.0607
13382007,-19.0660
13383548,-19.0714
13385089,-19.0767
13386630,-19.0821
13388171,-19.0874
13389713,-19.0928
13391254,-19.0981
13392796,-19.1034
13394338,-19.1088
13395880,-19.1141
13397423,-19.1194
13398965,-19.1248
13400508,-19.1301
13402051,-19.1354
13403594,-19.1408
13405137,-19.1461
13406680,-19.1514
13408224,-19.1568
13409768,-19.1621
13411312,-19.1674
13412856,-19.1727
13414400,-19.1781
13415945,-19.1834
13417489,-19.1887
13419034,-19.1940
13420579,-19.1993
13422124,-19.2047
13423670,-19.2100
13425215,-19.2153
13426761,-19.2206
13428307,-19.2259
13429853,-19.2312
13431399,-19.2365
13432946,-19.2419
13434492,-19.2472
13436039,-19.2525
13437586,-19.2578
13439133,-19.2631
13440680,-19.2684
13442228,-19.2737
13443776,-19.2790
13445323,-19.2843
13446871,-19.2896
13448420,-19.2949
13449968,-19.3002
13451517,-19.3055
13453065,-19.3108
13454614,-19.3161
13456163,-19.3214
13457713,-19.3267
13459262,-19.3320
13460812,-19.3373
13462362,-19.3426
13463912,-19.3479
13465462,-19.3532
13467012,-19.3585
13468563,-19.3638
13470113,-19.3691
13471664,-19.3743
13473215,-19.3796
13474767,-19.3849
13476318,-19.3902
13477870,-19.3955
13479422,-19.4008
13480973,-19.4061
13482526,-19.4113
13484078,-19.4166
13485630,-19.4219
13487183,-19.4272
13488736,-19.4324
13490289,-19.4377
13491842,-19.4430
13493396,-19.4483
13494949,-19.4535
13496503,-19.4588
13498057,-19.4641
13499611,-19.4694
13501165,-19.4746
13502720,-19.4799
13504274,-19.4852
13505829,-19.4904
13507384,-19.4957
13508939,-19.5010
13510495,-19.5062
13512050,-19.5115
13513606,-19.5168
13515162,-19.5220
13516718,-19.5273
13518274,-19.5325
13519831,-19.5378
13521387,-19.5431
13522944,-19.5483
13524501,-19.5536
13526058,-19.5588
13527616,-19.5641
13529173,-19.5693
13530731,-19.5746
13532289,-19.5798
13533847,-19.5851
13535405,-19.5903
13536963,-19.5956
13538522,-19.6008
13540081,-19.6061
13541640,-19.6113
13543199,-19.6166
13544758,-19.6218
13546318,-19.6270
13547877,-19.6323
13549437,-19.6375
13550997,-19.6428
13552557,-19.6480
13554118,-19.6532
13555678,-19.6585
13557239,-19.6637
13558800,-19.6689
13560361,-19.6742
13561922,-19.6794
13563484,-19.6846
13565045,-19.6899
13566607,-19.6951
13568169,-19.7003
13569732,-19.7056
13571294,-19.7108
13572856,-19.7160
13574419,-19.7212
13575982,-19.7265
13577545,-19.7317
13579108,-19.7369
13580672,-19.7421
13582235,-19.7474
13583799,-19.7526
13585363,-19.7578
13586927,-19.7630
13588492,-19.7682
13590056,-19.7734
13591621,-19.7787
13593186,-19.7839
13594751,-19.7891
13596316,-19.7943
13597882,-19.7995
13599447,-19.8047
13601013,-19.8099
13602579,-19.8151
13604145,-19.8204
13605711,-19.8256
13607278,-19.8308
13608845,-19.8360
13610411,-19.8412
13611979,-19.8464
13613546,-19.8516
13615113,-19.8568
13616681,-19.8620
13618248,-19.8672
13619816,-19.8724
13621385,-19.8776
13622953,-19.8828
13624521,-19.8880
13626090,-19.8932
13627659,-19.8984
13629228,-19.9036
13630797,-19.9088
13632367,-19.9140
13633936,-19.9191
13635506,-19.9243
13637076,-19.9295
13638646,-19.9347
13640216,-19.9399
13641787,-19.9451
13643357,-19.9503
13644928,-19.9555
13646499,-19.9606
13648070,-19.9658
13649642,-19.9710
13651213,-19.9762
13652785,-19.9814
13654357,-19.9865
13655929,-19.9917
13657501,-19.9969
13659074,-20.0021
13660647,-20.0073
13662219,-20.0124
13663792,-20.0176
13665366,-20.0228
13666939,-20.0279
13668513,-20.0331
13670086,-20.0383
13671660,-20.0435
13673234,-20.0486
13674809,-20.0538
13676383,-20.0590
13677958,-20.0641
13679532,-20.0693
13681107,-20.0745
13682683,-20.0796
13684258,-20.0848
13685834,-20.0899
13687409,-20.0951
13688985,-20.1003
13690561,-20.1054
13692138,-20.1106
13693714,-20.1157
13695291,-20.1209
13696868,-20.1261
13698445,-20.1312
13700022,-20.1364
13701599,-20.1415
13703177,-20.1467
13704754,-20.1518
13706332,-20.1570
13707910,-20.1621
13709489,-20.1673
13711067,-20.1724
13712646,-20.1776
13714225,-20.1827
13715804,-20.1879
13717383,-20.1930
13718962,-20.1981
13720542,-20.2033
13722121,-20.2084
13723701,-20.2136
13725281,-20.2187
13726862,-20.2238
13728442,-20.2290
13730023,-20.2341
13731604,-20.2393
13733185,-20.2444
13734766,-20.2495
13736347,-20.2547
13737929,-20.2598
13739510,-20.2649
13741092,-20.2701
13742674,-20.2752
13744257,-20.2803
13745839,-20.2854
13747422,-20.2906
13749005,-20.2957
13750588,-20.3008
13752171,-20.3059
13753754,-20.3111
13755338,-20.3162
13756921,-20.3213
13758505,-20.3264
13760089,-20.3316
13761674,-20.3367
13763258,-20.3418
13764843,-20.3469
13766428,-20.3520
13768013,-20.3572
13769598,-20.3623
13771183,-20.3674
13772769,-20.3725
13774354,-20.3776
13775940,-20.3827
13777526,-20.3878
13779113,-20.3929
13780699,-20.3981
13782286,-20.4032
13783873,-20.4083
13785460,-20.4134
13787047,-20.4185
13788634,-20.4236
13790222,-20.4287
13791810,-20.4338
13793398,-20.4389
13794986,-20.4440
13796574,-20.4491
13798162,-20.4542
13799751,-20.4593
13801340,-20.4644
13802929,-20.4695
13804518,-20.4746
13806108,-20.4797
13807697,-20.4848
13809287,-20.4899
13810877,-20.4950
13812467,-20.5001
13814057,-20.5052
13815648,-20.5103
13817239,-20.5153
13818829,-20.5204
13820420,-20.5255
13822012,-20.5306
13823603,-20.5357
13825195,-20.5408
13826786,-20.5459
13828378,-20.5510
13829971,-20.5560
13831563,-20.5611
13833155,-20.5662
13834748,-20.5713
13836341,-20.5764
13837934,-20.5814
13839527,-20.5865
13841121,-20.5916
13842714,-20.5967
13844308,-20.6018
13845902,-20.6068
13847496,-20.6119
13849091,-20.6170
13850685,-20.6221
13852280,-20.6271
13853875,-20.6322
13855470,-20.6373
13857065,-20.6423
13858660,-20.6474
13860256,-20.6525
13861852,-20.6575
13863448,-20.6626
13865044,-20.6677
13866640,-20.6727
13868237,-20.6778
13869834,-20.6829
13871431,-20.6879
13873028,-20.6930
13874625,-20.6980
13876222,-20.7031
13877820,-20.7082
13879418,-20.7132
13881016,-20.7183
13882614,-20.7233
13884213,-20.7284
13885811,-20.7334
13887410,-20.7385
13889009,-20.7436
13890608,-20.7486
13892207,-20.7537
13893807,-20.7587
13895406,-20.7638
13897006,-20.7688
13898606,-20.7739
13900207,-20.7789
13901807,-20.7839
13903408,-20.7890
13905008,-20.7940
13906609,-20.7991
13908210,-20.8041
13909812,-20.8092
13911413,-20.8142
13913015,-20.8193
13914617,-20.8243
13916219,-20.8293
13917821,-20.8344
13919424,-20.8394
13921026,-20.8444
13922629,-20.8495
13924232,-20.8545
13925835,-20.8596
13927439,-20.8646
13929042,-20.8696
13930646,-20.8747
13932250,-20.8797
13933854,-20.8847
13935458,-20.8897
13937063,-20.8948
13938667,-20.8998
13940272,-20.9048
13941877,-20.9099
13943482,-20.9149
13945088,-20.9199
13946693,-20.9249
13948299,-20.9300
13949905,-20.9350
13951511,-20.9400
13953118,-20.9450
13954724,-20.9500
13956331,-20.9551
13957938,-20.9601
13959545,-20.9651
13961152,-20.9701
13962759,-20.9751
13964367,-20.9801
13965975,-20.9852
13967583,-20.9902
13969191,-20.9952
13970799,-21.0002
13972408,-21.0052
13974017,-21.0102
13975626,-21.0152
13977235,-21.0202
13978844,-21.0252
13980453,-21.0303
13982063,-21.0353
13983673,-21.0403
13985283,-21.0453
13986893,-21.0503
13988503,-21.0553
13990114,-21.0603
13991725,-21.0653
13993336,-21.0703
13994947,-21.0753
13996558,-21.0803
13998170,-21.0853
13999781,-21.0903
14001393,-21.0953
14003005,-21.1003
14004618,-21.1053
14006230,-21.1103
14007843,-21.1153
14009455,-21.1203
14011068,-21.1252
14012682,-21.1302
14014295,-21.1352
14015909,-21.1402
14017522,-21.1452
14019136,-21.1502
14020750,-21.1552
14022365,-21.1602
14023979,-21.1652
14025594,-21.1701
14027209,-21.1751
14028824,-21.1801
14030439,-21.1851
14032054,-21.1901
14033670,-21.1951
14035286,-21.2000
14036902,-21.2050
14038518,-21.2100
14040134,-21.2150
14041751,-21.2200
14043367,-21.2249
14044984,-21.2299
14046601,-21.2349
14048219,-21.2399
14049836,-21.2448
14051454,-21.2498
14053071,-21.2548
14054689,-21.2598
14056308,-21.2647
14057926,-21.2697
14059545,-21.2747
14061163,-21.2796
14062782,-21.2846
14064401,-21.2896
14066021,-21.2945
14067640,-21.2995
14069260,-21.3045
14070880,-21.3094
14072500,-21.3144
14074120,-21.3194
14075741,-21.3243
14077361,-21.3293
14078982,-21.3342
14080603,-21.3392
14082224,-21.3442
14083846,-21.3491
14085467,-21.3541
14087089,-21.3590
14088711,-21.3640
14090333,-21.3689
14091955,-21.3739
14093578,-21.3788
14095200,-21.3838
14096823,-21.3887
14098446,-21.3937
14100070,-21.3986
14101693,-21.4036
14103317,-21.4085
14104940,-21.4135
14106564,-21.4184
14108189,-21.4234
14109813,-21.4283
14111437,-21.4333
14113062,-21.4382
14114687,-21.4432
14116312,-21.4481
14117937,-21.4531
14119563,-21.4580
14121189,-21.4629
14122814,-21.4679
14124441,-21.4728
14126067,-21.4778
14127693,-21.4827
14129320,-21.4876
14130947,-21.4926
14132574,-21.4975
14134201,-21.5024
14135828,-21.5074
14137456,-21.5123
14139083,-21.5172
14140711,-21.5222
14142339,-21.5271
14143968,-21.5320
14145596,-21.5370
14147225,-21.5419
14148854,-21.5468
14150483,-21.5517
14152112,-21.5567
14153741,-21.5616
14155371,-21.5665
14157001,-21.5714
14158631,-21.5764
14160261,-21.5813
14161891,-21.5862
14163522,-21.5911
14165153,-21.5960
14166783,-21.6010
14168415,-21.6059
14170046,-21.6108
14171677,-21.6157
14173309,-21.6206
14174941,-21.6256
14176573,-21.6305
14178205,-21.6354
14179838,-21.6403
14181470,-21.6452
14183103,-21.6501
14184736,-21.6550
14186369,-21.6599
14188002,-21.6649
14189636,-21.6698
14191270,-21.6747
14192904,-21.6796
14194538,-21.6845
14196172,-21.6894
14197807,-21.6943
14199441,-21.6992
14201076,-21.7041
14202711,-21.7090
14204346,-21.7139
14205982,-21.7188
14207617,-21.7237
14209253,-21.7286
14210889,-21.7335
14212525,-21.7384
14214162,-21.7433
14215798,-21.7482
14217435,-21.7531
14219072,-21.7580
14220709,-21.7629
14222346,-21.7678
14223984,-21.7727
14225622,-21.7776
14227260,-21.7825
14228898,-21.7874
14230536,-21.7923
14232174,-21.7972
14233813,-21.8021
14235452,-21.8069
14237091,-21.8118
14238730,-21.8167
14240369,-21.8216
14242009,-21.8265
14243649,-21.8314
14245289,-21.8363
14246929,-21.8411
14248569,-21.8460
14250210,-21.8509
14251850,-21.8558
14253491,-21.8607
14255132,-21.8656
14256774,-21.8704
14258415,-21.8753
14260057,-21.8802
14261699,-21.8851
14263341,-21.8899
14264983,-21.8948
14266625,-21.8997
14268268,-21.9046
14269911,-21.9094
14271554,-21.9143
14273197,-21.9192
14274840,-21.9241
14276484,-21.9289
14278127,-21.9338
14279771,-21.9387
14281416,-21.9435
14283060,-21.9484
14284704,-21.9533
14286349,-21.9581
14287994,-21.9630
14289639,-21.9679
14291284,-21.9727
14292930,-21.9776
14294575,-21.9825
14296221,-21.9873
14297867,-21.9922
14299513,-21.9971
14301160,-22.0019
14302806,-22.0068
14304453,-22.0116
14306100,-22.0165
14307747,-22.0214
14309394,-22.0262
14311042,-22.0311
14312690,-22.0359
14314338,-22.0408
14315986,-22.0456
14317634,-22.0505
14319282,-22.0553
14320931,-22.0602
14322580,-22.0650
14324229,-22.0699
14325878,-22.0747
14327528,-22.0796
14329177,-22.0844
14330827,-22.0893
14332477,-22.0941
14334127,-22.0990
14335778,-22.1038
14337428,-22.1087
14339079,-22.1135
14340730,-22.1184
14342381,-22.1232
14344032,-22.1281
14345684,-22.1329
14347336,-22.1377
14348987,-22.1426
14350639,-22.1474
14352292,-22.1523
14353944,-22.1571
14355597,-22.1619
14357250,-22.1668
14358903,-22.1716
14360556,-22.1764
14362209,-22.1813
14363863,-22.1861
14365517,-22.1909
14367171,-22.1958
14368825,-22.2006
14370479,-22.2054
14372134,-22.2103
14373789,-22.2151
14375444,-22.2199
14377099,-22.2248
14378754,-22.2296
14380410,-22.2344
14382065,-22.2392
14383721,-22.2441
14385377,-22.2489
14387033,-22.2537
14388690,-22.2585
14390347,-22.2634
14392003,-22.2682
14393660,-22.2730
14395318,-22.2778
14396975,-22.2826
14398633,-22.2875
14400291,-22.2923
14401949,-22.2971
14403607,-22.3019
14405265,-22.3067
14406924,-22.3116
14408582,-22.3164
14410241,-22.3212
14411900,-22.3260
14413560,-22.3308
14415219,-22.3356
14416879,-22.3404
14418539,-22.3453
14420199,-22.3501
14421859,-22.3549
14423520,-22.3597
14425180,-22.3645
14426841,-22.3693
14428502,-22.3741
14430164,-22.3789
14431825,-22.3837
14433487,-22.3885
14435148,-22.3933
14436810,-22.3981
14438473,-22.4029
14440135,-22.4077
14441798,-22.4125
14443460,-22.4173
14445123,-22.4221
14446787,-22.4269
14448450,-22.4317
14450113,-22.4365
14451777,-22.4413
14453441,-22.4461
14455105,-22.4509
14456769,-22.4557
14458434,-22.4605
14460099,-22.4653
14461763,-22.4701
14463429,-22.4749
14465094,-22.4797
14466759,-22.4845
14468425,-22.4893
14470091,-22.4941
14471757,-22.4989
14473423,-22.5037
14475089,-22.5084
14476756,-22.5132
14478423,-22.5180
14480090,-22.5228
14481757,-22.5276
14483424,-22.5324
14485092,-22.5372
14486760,-22.5420
14488428,-22.5467
14490096,-22.5515
14491764,-22.5563
14493433,-22.5611
14495101,-22.5659
14496770,-22.5706
14498439,-22.5754
14500109,-22.5802
14501778,-22.5850
14503448,-22.5898
14505118,-22.5945
14506788,-22.5993
14508458,-22.6041
14510128,-22.6089
14511799,-22.6136
14513470,-22.6184
14515141,-22.6232
14516812,-22.6280
14518483,-22.6327
14520155,-22.6375
14521827,-22.6423
14523499,-22.6470
14525171,-22.6518
14526843,-22.6566
14528516,-22.6613
14530189,-22.6661
14531862,-22.6709
14533535,-22.6756
14535208,-22.6804
14536882,-22.6852
14538555,-22.6899
14540229,-22.6947
14541903,-22.6995
14543578,-22.7042
14545252,-22.7090
14546927,-22.7137
14548602,-22.7185
14550277,-22.7233
14551952,-22.7280
14553627,-22.7328
14555303,-22.7375
14556979,-22.7423
14558655,-22.7470
14560331,-22.7518
14562008,-22.7566
14563684,-22.7613
14565361,-22.7661
14567038,-22.7708
14568715,-22.7756
14570393,-22.7803
14572070,-22.7851
14573748,-22.7898
14575426,-22.7946
14577104,-22.7993
14578782,-22.8041
14580461,-22.8088
14582140,-22.8136
14583819,-22.8183
14585498,-22.8231
14587177,-22.8278
14588857,-22.8325
14590536,-22.8373
14592216,-22.8420
14593896,-22.8468
14595577,-22.8515
14597257,-22.8563
14598938,-22.8610
14600619,-22.8657
14602300,-22.8705
14603981,-22.8752
14605662,-22.8800
14607344,-22.8847
14609026,-22.8894
14610708,-22.8942
14612390,-22.8989
14614072,-22.9036
14615755,-22.9084
14617438,-22.9131
14619121,-22.9178
14620804,-22.9226
14622487,-22.9273
14624171,-22.9320
14625855,-22.9368
14627539,-22.9415
14629223,-22.9462
14630907,-22.9510
14632592,-22.9557
14634276,-22.9604
14635961,-22.9651
14637647,-22.9699
14639332,-22.9746
14641017,-22.9793
14642703,-22.9840
14644389,-22.9888
14646075,-22.9935
14647761,-22.9982
14649448,-23.0029
14651134,-23.0076
14652821,-23.0124
14654508,-23.0171
14656196,-23.0218
14657883,-23.0265
14659571,-23.0312
14661259,-23.0360
14662947,-23.0407
14664635,-23.0454
14666323,-23.0501
14668012,-23.0548
14669701,-23.0595
14671390,-23.0642
14673079,-23.0690
14674768,-23.0737
14676458,-23.0784
14678148,-23.0831
14679838,-23.0878
14681528,-23.0925
14683218,-23.0972
14684909,-23.1019
14686600,-23.1066
14688291,-23.1113
14689982,-23.1161
14691673,-23.1208
14693365,-23.1255
14695056,-23.1302
14696748,-23.1349
14698440,-23.1396
14700133,-23.1443
14701825,-23.1490
14703518,-23.1537
14705211,-23.1584
14706904,-23.1631
14708597,-23.1678
14710291,-23.1725
14711984,-23.1772
14713678,-23.1819
14715372,-23.1866
14717067,-23.1913
14718761,-23.1960
14720456,-23.2007
14722151,-23.2054
14723846,-23.2101
14725541,-23.2147
14727236,-23.2194
14728932,-23.2241
14730628,-23.2288
14732324,-23.2335
14734020,-23.2382
14735716,-23.2429
14737413,-23.2476
14739110,-23.2523
14740807,-23.2570
14742504,-23.2617
14744201,-23.2663
14745899,-23.2710
14747597,-23.2757
14749295,-23.2804
14750993,-23.2851
14752691,-23.2898
14754390,-23.2944
14756089,-23.2991
14757788,-23.3038
14759487,-23.3085
14761186,-23.3132
14762886,-23.3179
14764585,-23.3225
14766285,-23.3272
14767985,-23.3319
14769686,-23.3366
14771386,-23.3412
14773087,-23.3459
14774788,-23.3506
14776489,-23.3553
14778190,-23.3599
14779892,-23.3646
14781593,-23.3693
14783295,-23.3740
14784997,-23.3786
14786700,-23.3833
14788402,-23.3880
14790105,-23.3927
14791808,-23.3973
14793511,-23.4020
14795214,-23.4067
14796918,-23.4113
14798621,-23.4160
14800325,-23.4207
14802029,-23.4253
14803733,-23.4300
14805438,-23.4347
14807142,-23.4393
14808847,-23.4440
14810552,-23.4487
14812258,-23.4533
14813963,-23.4580
14815669,-23.4626
14817374,-23.4673
14819080,-23.4720
14820787,-23.4766
14822493,-23.4813
14824200,-23.4859
14825906,-23.4906
14827613,-23.4953
14829321,-23.4999
14831028,-23.5046
14832736,-23.5092
14834443,-23.5139
14836151,-23.5185
14837860,-23.5232
14839568,-23.5278
14841276,-23.5325
14842985,-23.5371
14844694,-23.5418
14846403,-23.5464
14848113,-23.5511
14849822,-23.5557
14851532,-23.5604
14853242,-23.5650
14854952,-23.5697
14856662,-23.5743
14858373,-23.5790
14860084,-23.5836
14861795,-23.5883
14863506,-23.5929
14865217,-23.5976
14866929,-23.6022
14868640,-23.6069
14870352,-23.6115
14872064,-23.6161
14873777,-23.6208
14875489,-23.6254
14877202,-23.6301
14878915,-23.6347
14880628,-23.6393
14882341,-23.6440
14884055,-23.6486
14885768,-23.6532
14887482,-23.6579
14889196,-23.6625
14890911,-23.6672
14892625,-23.6718
14894340,-23.6764
14896055,-23.6811
14897770,-23.6857
14899485,-23.6903
14901200,-23.6950
14902916,-23.6996
14904632,-23.7042
14906348,-23.7089
14908064,-23.7135
14909781,-23.7181
14911497,-23.7227
14913214,-23.7274
14914931,-23.7320
14916648,-23.7366
14918366,-23.7412
14920084,-23.7459
14921801,-23.7505
14923519,-23.7551
14925238,-23.7597
14926956,-23.7644
14928675,-23.7690
14930394,-23.7736
14932113,-23.7782
14933832,-23.7829
14935551,-23.7875
14937271,-23.7921
14938991,-23.7967
14940711,-23.8013
14942431,-23.8060
14944151,-23.8106
14945872,-23.8152
14947593,-23.8198
14949314,-23.8244
14951035,-23.8290
14952756,-23.8336
14954478,-23.8383
14956200,-23.8429
14957922,-23.8475
14959644,-23.8521
14961366,-23.8567
14963089,-23.8613
14964812,-23.8659
14966535,-23.8705
14968258,-23.8752
14969981,-23.8798
14971705,-23.8844
14973429,-23.8890
14975153,-23.8936
14976877,-23.8982
14978601,-23.9028
14980326,-23.9074
14982050,-23.9120
14983775,-23.9166
14985501,-23.9212
14987226,-23.9258
14988952,-23.9304
14990677,-23.9350
14992403,-23.9396
14994129,-23.9442
14995856,-23.9488
14997582,-23.9534
14999309,-23.9580
15001036,-23.9626
15002763,-23.9672
15004491,-23.9718
15006218,-23.9764
15007946,-23.9810
15009674,-23.9856
15011402,-23.9902
15013130,-23.9948
15014859,-23.9994
15016588,-24.0040
15018317,-24.0086
15020046,-24.0132
15021775,-24.0178
15023505,-24.0224
15025234,-24.0269
15026964,-24.0315
15028694,-24.0361
15030425,-24.0407
15032155,-24.0453
15033886,-24.0499
15035617,-24.0545
15037348,-24.0591
15039079,-24.0637
15040811,-24.0682
15042543,-24.0728
15044275,-24.0774
15046007,-24.0820
15047739,-24.0866
15049472,-24.0912
15051204,-24.0957
15052937,-24.1003
15054671,-24.1049
15056404,-24.1095
15058137,-24.1141
15059871,-24.1186
15061605,-24.1232
15063339,-24.1278
15065073,-24.1324
15066808,-24.1370
15068543,-24.1415
15070278,-24.1461
15072013,-24.1507
15073748,-24.1553
15075484,-24.1598
15077219,-24.1644
15078955,-24.1690
15080691,-24.1736
15082428,-24.1781
15084164,-24.1827
15085901,-24.1873
15087638,-24.1918
15089375,-24.1964
15091112,-24.2010
15092850,-24.2056
15094588,-24.2101
15096326,-24.2147
15098064,-24.2193
15099802,-24.2238
15101541,-24.2284
15103279,-24.2330
15105018,-24.2375
15106757,-24.2421
15108497,-24.2467
15110236,-24.2512
15111976,-24.2558
15113716,-24.2603
15115456,-24.2649
15117196,-24.2695
15118937,-24.2740
15120678,-24.2786
15122419,-24.2831
15124160,-24.2877
15125901,-24.2923
15127643,-24.2968
15129384,-24.3014
15131126,-24.3059
15132868,-24.3105
15134611,-24.3151
15136353,-24.3196
15138096,-24.3242
15139839,-24.3287
15141582,-24.3333
15143325,-24.3378
15145069,-24.3424
15146813,-24.3469
15148557,-24.3515
15150301,-24.3560
15152045,-24.3606
15153790,-24.3651
15155534,-24.3697
15157279,-24.3742
15159024,-24.3788
15160770,-24.3833
15162515,-24.3879
15164261,-24.3924
15166007,-24.3970
15167753,-24.4015
15169500,-24.4061
15171246,-24.4106
15172993,-24.4151
15174740,-24.4197
15176487,-24.4242
15178234,-24.4288
15179982,-24.4333
15181730,-24.4379
15183478,-24.4424
15185226,-24.4469
15186974,-24.4515
15188723,-24.4560
15190472,-24.4606
15192220,-24.4651
15193970,-24.4696
15195719,-24.4742
15197469,-24.4787
15199218,-24.4832
15200968,-24.4878
15202719,-24.4923
15204469,-24.4968
15206219,-24.5014
15207970,-24.5059
15209721,-24.5104
15211472,-24.5150
15213224,-24.5195
15214975,-24.5240
15216727,-24.5286
15218479,-24.5331
15220231,-24.5376
15221984,-24.5422
15223736,-24.5467
15225489,-24.5512
15227242,-24.5557
15228995,-24.5603
15230749,-24.5648
15232502,-24.5693
15234256,-24.5738
15236010,-24.5784
15237764,-24.5829
15239519,-24.5874
15241273,-24.5919
15243028,-24.5965
15244783,-24.6010
15246538,-24.6055
15248294,-24.6100
15250050,-24.6146
15251805,-24.6191
15253561,-24.6236
15255318,-24.6281
15257074,-24.6326
15258831,-24.6371
15260588,-24.6417
15262345,-24.6462
15264102,-24.6507
15265859,-24.6552
15267617,-24.6597
15269375,-24.6642
15271133,-24.6688
15272891,-24.6733
15274650,-24.6778
15276408,-24.6823
15278167,-24.6868
15279926,-24.6913
15281685,-24.6958
15283445,-24.7003
15285205,-24.7049
15286964,-24.7094
15288724,-24.7139
15290485,-24.7184
15292245,-24.7229
15294006,-24.7274
15295767,-24.7319
15297528,-24.7364
15299289,-24.7409
15301051,-24.7454
15302812,-24.7499
15304574,-24.7544
15306336,-24.7589
15308099,-24.7634
15309861,-24.7679
15311624,-24.7724
15313387,-24.7769
15315150,-24.7814
15316913,-24.7859
15318677,-24.7904
15320441,-24.7949
15322205,-24.7994
15323969,-24.8039
15325733,-24.8084
15327498,-24.8129
15329262,-24.8174
15331027,-24.8219
15332792,-24.8264
15334558,-24.8309
15336323,-24.8354
15338089,-24.8399
15339855,-24.8444
15341621,-24.8489
15343388,-24.8534
15345154,-24.8579
15346921,-24.8624
15348688,-24.8669
15350455,-24.8714
15352222,-24.8759
15353990,-24.8803
15355758,-24.8848
15357526,-24.8893
15359294,-24.8938
15361062,-24.8983
15362831,-24.9028
15364600,-24.9073
15366369,-24.9118
15368138,-24.9162
15369908,-24.9207
15371677,-24.9252
15373447,-24.9297
15375217,-24.9342
15376987,-24.9387
15378758,-24.9432
15380528,-24.9476
15382299,-24.9521
15384070,-24.9566
15385842,-24.9611
15387613,-24.9656
15389385,-24.9700
15391157,-24.9745
15392929,-24.9790
15394701,-24.9835
15396473,-24.9880
15398246,-24.9924
15400019,-24.9969
15401792,-25.0014
15403565,-25.0059
15405339,-25.0103
15407113,-25.0148
15408886,-25.0193
15410661,-25.0238
15412435,-25.0282
15414209,-25.0327
15415984,-25.0372
15417759,-25.0416
15419534,-25.0461
15421310,-25.0506
15423085,-25.0551
15424861,-25.0595
15426637,-25.0640
15428413,-25.0685
15430189,-25.0729
15431966,-25.0774
15433743,-25.0819
15435520,-25.0863
15437297,-25.0908
15439074,-25.0953
15440852,-25.0997
15442630,-25.1042
15444408,-25.1087
15446186,-25.1131
15447964,-25.1176
15449743,-25.1220
15451522,-25.1265
15453301,-25.1310
15455080,-25.1354
15456859,-25.1399
15458639,-25.1444
15460419,-25.1488
15462199,-25.1533
15463979,-25.1577
15465760,-25.1622
15467540,-25.1666
15469321,-25.1711
15471102,-25.1756
15472883,-25.1800
15474665,-25.1845
15476447,-25.1889
15478229,-25.1934
15480011,-25.1978
15481793,-25.2023
15483575,-25.2067
15485358,-25.2112
15487141,-25.2156
15488924,-25.2201
15490708,-25.2246
15492491,-25.2290
15494275,-25.2335
15496059,-25.2379
15497843,-25.2424
15499627,-25.2468
15501412,-25.2512
15503197,-25.2557
15504982,-25.2601
15506767,-25.2646
15508552,-25.2690
15510338,-25.2735
15512124,-25.2779
15513910,-25.2824
15515696,-25.2868
15517482,-25.2913
15519269,-25.2957
15521056,-25.3001
15522843,-25.3046
15524630,-25.3090
15526417,-25.3135
15528205,-25.3179
15529993,-25.3224
15531781,-25.3268
15533569,-25.3312
15535358,-25.3357
15537146,-25.3401
15538935,-25.3445
15540724,-25.3490
15542514,-25.3534
15544303,-25.3579
15546093,-25.3623
15547883,-25.3667
15549673,-25.3712
15551463,-25.3756
15553254,-25.3800
15555044,-25.3845
15556835,-25.3889
15558626,-25.3933
15560418,-25.3978
15562209,-25.4022
15564001,-25.4066
15565793,-25.4111
15567585,-25.4155
15569378,-25.4199
15571170,-25.4244
15572963,-25.4288
15574756,-25.4332
15576549,-25.4376
15578343,-25.4421
15580136,-25.4465
15581930,-25.4509
15583724,-25.4553
15585518,-25.4598
15587313,-25.4642
15589108,-25.4686
15590902,-25.4730
15592698,-25.4775
15594493,-25.4819
15596288,-25.4863
15598084,-25.4907
15599880,-25.4952
15601676,-25.4996
15603472,-25.5040
15605269,-25.5084
15607066,-25.5128
15608862,-25.5173
15610660,-25.5217
15612457,-25.5261
15614255,-25.5305
15616052,-25.5349
15617850,-25.5393
15619648,-25.5438
15621447,-25.5482
15623245,-25.5526
15625044,-25.5570
15626843,-25.5614
15628642,-25.5658
15630442,-25.5702
15632241,-25.5747
15634041,-25.5791
15635841,-25.5835
15637642,-25.5879
15639442,-25.5923
15641243,-25.5967
15643044,-25.6011
15644845,-25.6055
15646646,-25.6099
15648447,-25.6144
15650249,-25.6188
15652051,-25.6232
15653853,-25.6276
15655655,-25.6320
15657458,-25.6364
15659261,-25.6408
15661064,-25.6452
15662867,-25.6496
15664670,-25.6540
15666474,-25.6584
15668278,-25.6628
15670081,-25.6672
15671886,-25.6716
15673690,-25.6760
15675495,-25.6804
15677299,-25.6848
15679105,-25.6892
15680910,-25.6936
15682715,-25.6980
15684521,-25.7024
15686327,-25.7068
15688133,-25.7112
15689939,-25.7156
15691745,-25.7200
15693552,-25.7244
15695359,-25.7288
15697166,-25.7332
15698973,-25.7376
15700781,-25.7420
15702589,-25.7464
15704397,-25.7508
15706205,-25.7552
15708013,-25.7596
15709822,-25.7640
15711630,-25.7684
15713439,-25.7728
15715249,-25.7771
15717058,-25.7815
15718868,-25.7859
15720677,-25.7903
15722487,-25.7947
15724298,-25.7991
15726108,-25.8035
15727919,-25.8079
15729730,-25.8123
15731541,-25.8166
15733352,-25.8210
15735163,-25.8254
15736975,-25.8298
15738787,-25.8342
15740599,-25.8386
15742411,-25.8430
15744224,-25.8473
15746037,-25.8517
15747849,-25.8561
15749663,-25.8605
15751476,-25.8649
15753290,-25.8693
15755103,-25.8736
15756917,-25.8780
15758731,-25.8824
15760546,-25.8868
15762360,-25.8912
15764175,-25.8955
15765990,-25.8999
15767806,-25.9043
15769621,-25.9087
15771437,-25.9130
15773252,-25.9174
15775069,-25.9218
15776885,-25.9262
15778701,-25.9305
15780518,-25.9349
15782335,-25.9393
15784152,-25.9437
15785969,-25.9480
15787787,-25.9524
15789605,-25.9568
15791423,-25.9612
15793241,-25.9655
15795059,-25.9699
15796878,-25.9743
15798696,-25.9786
15800515,-25.9830
15802335,-25.9874
15804154,-25.9917
15805974,-25.9961
15807794,-26.0005
15809614,-26.0049
15811434,-26.0092
15813254,-26.0136
15815075,-26.0179
15816896,-26.0223
15818717,-26.0267
15820538,-26.0310
15822360,-26.0354
15824181,-26.0398
15826003,-26.0441
15827826,-26.0485
15829648,-26.0529
15831470,-26.0572
15833293,-26.0616
15835116,-26.0659
15836939,-26.0703
15838763,-26.0747
15840586,-26.0790
15842410,-26.0834
15844234,-26.0877
15846058,-26.0921
15847883,-26.0965
15849708,-26.1008
15851532,-26.1052
15853358,-26.1095
15855183,-26.1139
15857008,-26.1182
15858834,-26.1226
15860660,-26.1270
15862486,-26.1313
15864312,-26.1357
15866139,-26.1400
15867966,-26.1444
15869793,-26.1487
15871620,-26.1531
15873447,-26.1574
15875275,-26.1618
15877103,-26.1661
15878931,-26.1705
15880759,-26.1748
15882587,-26.1792
15884416,-26.1835
15886245,-26.1879
15888074,-26.1922
15889903,-26.1966
15891733,-26.2009
15893563,-26.2053
15895392,-26.2096
15897223,-26.2140
15899053,-26.2183
15900883,-26.2226
15902714,-26.2270
15904545,-26.2313
15906376,-26.2357
15908208,-26.2400
15910039,-26.2444
15911871,-26.2487
15913703,-26.2530
15915535,-26.2574
15917368,-26.2617
15919201,-26.2661
15921033,-26.2704
15922867,-26.2747
15924700,-26.2791
15926533,-26.2834
15928367,-26.2878
15930201,-26.2921
15932035,-26.2964
15933869,-26.3008
15935704,-26.3051
15937539,-26.3094
15939374,-26.3138
15941209,-26.3181
15943044,-26.3224
15944880,-26.3268
15946716,-26.3311
15948552,-26.3355
15950388,-26.3398
15952225,-26.3441
15954061,-26.3484
15955898,-26.3528
15957735,-26.3571
15959573,-26.3614
15961410,-26.3658
15963248,-26.3701
15965086,-26.3744
15966924,-26.3788
15968762,-26.3831
15970601,-26.3874
15972440,-26.3917
15974279,-26.3961
15976118,-26.4004
15977957,-26.4047
15979797,-26.4091
15981637,-26.4134
15983477,-26.4177
15985317,-26.4220
15987158,-26.4263
15988998,-26.4307
15990839,-26.4350
15992680,-26.4393
15994522,-26.4436
15996363,-26.4480
15998205,-26.4523
16000047,-26.4566
16001889,-26.4609
16003731,-26.4652
16005574,-26.4696
16007417,-26.4739
16009260,-26.4782
16011103,-26.4825
16012947,-26.4868
16014790,-26.4912
16016634,-26.4955
16018478,-26.4998
16020323,-26.5041
16022167,-26.5084
16024012,-26.5127
16025857,-26.5171
16027702,-26.5214
16029547,-26.5257
16031393,-26.5300
16033239,-26.5343
16035085,-26.5386
16036931,-26.5429
16038777,-26.5473
16040624,-26.5516
16042471,-26.5559
16044318,-26.5602
16046165,-26.5645
16048013,-26.5688
16049860,-26.5731
16051708,-26.5774
16053556,-26.5817
16055405,-26.5860
16057253,-26.5903
16059102,-26.5947
16060951,-26.5990
16062800,-26.6033
16064650,-26.6076
16066499,-26.6119
16068349,-26.6162
16070199,-26.6205
16072049,-26.6248
16073900,-26.6291
16075750,-26.6334
16077601,-26.6377
16079452,-26.6420
16081304,-26.6463
16083155,-26.6506
16085007,-26.6549
16086859,-26.6592
16088711,-26.6635
16090564,-26.6678
16092416,-26.6721
16094269,-26.6764
16096122,-26.6807
16097975,-26.6850
16099829,-26.6893
16101682,-26.6936
16103536,-26.6979
16105390,-26.7022
16107245,-26.7065
16109099,-26.7108
16110954,-26.7151
16112809,-26.7194
16114664,-26.7237
16116519,-26.7280
16118375,-26.7323
16120231,-26.7366
16122087,-26.7408
16123943,-26.7451
16125799,-26.7494
16127656,-26.7537
16129513,-26.7580
16131370,-26.7623
16133227,-26.7666
16135085,-26.7709
16136943,-26.7752
16138801,-26.7795
16140659,-26.7838
16142517,-26.7880
16144376,-26.7923
16146234,-26.7966
16148093,-26.8009
16149953,-26.8052
16151812,-26.8095
16153672,-26.8138
16155532,-26.8180
16157392,-26.8223
16159252,-26.8266
16161113,-26.8309
16162973,-26.8352
16164834,-26.8395
16166695,-26.8438
16168557,-26.8480
16170418,-26.8523
16172280,-26.8566
16174142,-26.8609
16176004,-26.8652
16177867,-26.8694
16179729,-26.8737
16181592,-26.8780
16183455,-26.8823
16185319,-26.8866
16187182,-26.8908
16189046,-26.8951
16190910,-26.8994
16192774,-26.9037
16194638,-26.9079
16196503,-26.9122
16198368,-26.9165
16200233,-26.9208
16202098,-26.9250
16203963,-26.9293
16205829,-26.9336
16207695,-26.9379
16209561,-26.9421
16211427,-26.9464
16213294,-26.9507
16215161,-26.9550
16217028,-26.9592
16218895,-26.9635
16220762,-26.9678
16222630,-26.9720
16224497,-26.9763
16226366,-26.9806
16228234,-26.9849
16230102,-26.9891
16231971,-26.9934
16233840,-26.9977
16235709,-27.0019
16237578,-27.0062
16239448,-27.0105
16241317,-27.0147
16243187,-27.0190
16245058,-27.0233
16246928,-27.0275
16248799,-27.0318
16250669,-27.0360
16252540,-27.0403
16254412,-27.0446
16256283,-27.0488
16258155,-27.0531
16260027,-27.0574
16261899,-27.0616
16263771,-27.0659
16265644,-27.0701
16267516,-27.0744
16269389,-27.0787
16271263,-27.0829
16273136,-27.0872
16275010,-27.0914
16276883,-27.0957
16278758,-27.1000
16280632,-27.1042
16282506,-27.1085
16284381,-27.1127
16286256,-27.1170
16288131,-27.1212
16290006,-27.1255
16291882,-27.1298
16293758,-27.1340
16295634,-27.1383
16297510,-27.1425
16299386,-27.1468
16301263,-27.1510
16303140,-27.1553
16305017,-27.1595
16306894,-27.1638
16308772,-27.1680
16310649,-27.1723
16312527,-27.1765
16314406,-27.1808
16316284,-27.1850
16318163,-27.1893
16320041,-27.1935
16321920,-27.1978
16323800,-27.2020
16325679,-27.2063
16327559,-27.2105
16329439,-27.2148
16331319,-27.2190
16333199,-27.2233
16335080,-27.2275
16336960,-27.2318
16338841,-27.2360
16340722,-27.2403
16342604,-27.2445
16344486,-27.2487
16346367,-27.2530
16348249,-27.2572
16350132,-27.2615
16352014,-27.2657
16353897,-27.2700
16355780,-27.2742
16357663,-27.2784
16359546,-27.2827
16361430,-27.2869
16363314,-27.2912
16365198,-27.2954
16367082,-27.2996
16368966,-27.3039
16370851,-27.3081
16372736,-27.3124
16374621,-27.3166
16376506,-27.3208
16378392,-27.3251
16380277,-27.3293
16382163,-27.3335
16384050,-27.3378
16385936,-27.3420
16387823,-27.3462
16389709,-27.3505
16391596,-27.3547
16393484,-27.3589
16395371,-27.3632
16397259,-27.3674
16399147,-27.3716
16401035,-27.3759
16402923,-27.3801
16404812,-27.3843
16406701,-27.3886
16408590,-27.3928
16410479,-27.3970
16412368,-27.4013
16414258,-27.4055
16416148,-27.4097
16418038,-27.4139
16419928,-27.4182
16421819,-27.4224
16423710,-27.4266
16425600,-27.4309
16427492,-27.4351
16429383,-27.4393
16431275,-27.4435
16433166,-27.4478
16435059,-27.4520
16436951,-27.4562
16438843,-27.4604
16440736,-27.4647
16442629,-27.4689
16444522,-27.4731
16446415,-27.4773
16448309,-27.4816
16450203,-27.4858
16452097,-27.4900
16453991,-27.4942
16455885,-27.4984
16457780,-27.5027
16459675,-27.5069
16461570,-27.5111
16463465,-27.5153
16465361,-27.5195
16467257,-27.5238
16469153,-27.5280
16471049,-27.5322
16472945,-27.5364
16474842,-27.5406
16476739,-27.5448
16478636,-27.5491
16480533,-27.5533
16482431,-27.5575
16484328,-27.5617
16486226,-27.5659
16488124,-27.5701
16490023,-27.5743
16491921,-27.5786
16493820,-27.5828
16495719,-27.5870
16497618,-27.5912
16499518,-27.5954
16501418,-27.5996
16503317,-27.6038
16505218,-27.6080
16507118,-27.6122
16509019,-27.6165
16510919,-27.6207
16512820,-27.6249
16514722,-27.6291
16516623,-27.6333
16518525,-27.6375
16520426,-27.6417
16522329,-27.6459
16524231,-27.6501
16526133,-27.6543
16528036,-27.6585
16529939,-27.6627
16531842,-27.6669
16533746,-27.6711
16535649,-27.6754
16537553,-27.6796
16539457,-27.6838
16541362,-27.6880
16543266,-27.6922
16545171,-27.6964
16547076,-27.7006
16548981,-27.7048
16550886,-27.7090
16552792,-27.7132
16554698,-27.7174
16556604,-27.7216
16558510,-27.7258
16560416,-27.7300
16562323,-27.7342
16564230,-27.7384
16566137,-27.7426
16568045,-27.7468
16569952,-27.7510
16571860,-27.7552
16573768,-27.7594
16575676,-27.7636
16577585,-27.7678
16579493,-27.7719
16581402,-27.7761
16583311,-27.7803
16585221,-27.7845
16587130,-27.7887
16589040,-27.7929
16590950,-27.7971
16592860,-27.8013
16594771,-27.8055
16596681,-27.8097
16598592,-27.8139
16600503,-27.8181
16602415,-27.8223
16604326,-27.8265
16606238,-27.8306
16608150,-27.8348
16610062,-27.8390
16611974,-27.8432
16613887,-27.8474
16615800,-27.8516
16617713,-27.8558
16619626,-27.8600
16621540,-27.8642
16623454,-27.8683
16625368,-27.8725
16627282,-27.8767
16629196,-27.8809
16631111,-27.8851
16633026,-27.8893
16634941,-27.8935
16636856,-27.8976
16638771,-27.9018
16640687,-27.9060
16642603,-27.9102
16644519,-27.9144
16646436,-27.9186
16648352,-27.9227
16650269,-27.9269
16652186,-27.9311
16654103,-27.9353
16656021,-27.9395
16657939,-27.9436
16659856,-27.9478
16661775,-27.9520
16663693,-27.9562
16665612,-27.9604
16667530,-27.9645
16669449,-27.9687
16671369,-27.9729
16673288,-27.9771
16675208,-27.9813
16677128,-27.9854
16679048,-27.9896
16680968,-27.9938
16682889,-27.9980
16684810,-28.0021
16686731,-28.0063
16688652,-28.0105
16690573,-28.0147
16692495,-28.0188
16694417,-28.0230
16696339,-28.0272
16698261,-28.0313
16700184,-28.0355
16702107,-28.0397
16704030,-28.0439
16705953,-28.0480
16707876,-28.0522
16709800,-28.0564
16711724,-28.0605
16713648,-28.0647
16715572,-28.0689
16717497,-28.0730
16719422,-28.0772
16721347,-28.0814
16723272,-28.0856
16725197,-28.0897
16727123,-28.0939
16729049,-28.0981
16730975,-28.1022
16732902,-28.1064
16734828,-28.1105
16736755,-28.1147
16738682,-28.1189
16740609,-28.1230
16742537,-28.1272
16744464,-28.1314
16746392,-28.1355
16748320,-28.1397
16750249,-28.1439
16752177,-28.1480
16754106,-28.1522
16756035,-28.1563
16757964,-28.1605
16759894,-28.1647
16761823,-28.1688
16763753,-28.1730
16765683,-28.1771
16767613,-28.1813
16769544,-28.1855
16771475,-28.1896
16773406,-28.1938
16775337,-28.1979
16777268,-28.2021
16779200,-28.2063
16781132,-28.2104
16783064,-28.2146
16784996,-28.2187
16786929,-28.2229
16788862,-28.2270
16790795,-28.2312
16792728,-28.2353
16794661,-28.2395
16796595,-28.2437
16798529,-28.2478
16800463,-28.2520
16802397,-28.2561
16804332,-28.2603
16806267,-28.2644
16808202,-28.2686
16810137,-28.2727
16812073,-28.2769
16814008,-28.2810
16815944,-28.2852
16817880,-28.2893
16819817,-28.2935
16821753,-28.2976
16823690,-28.3018
16825627,-28.3059
16827564,-28.3101
16829502,-28.3142
16831439,-28.3184
16833377,-28.3225
16835315,-28.3266
16837254,-28.3308
16839192,-28.3349
16841131,-28.3391
16843070,-28.3432
16845009,-28.3474
16846949,-28.3515
16848888,-28.3557
16850828,-28.3598
16852768,-28.3640
16854709,-28.3681
16856649,-28.3722
16858590,-28.3764
16860531,-28.3805
16862473,-28.3847
16864414,-28.3888
16866356,-28.3929
16868298,-28.3971
16870240,-28.4012
16872182,-28.4054
16874125,-28.4095
16876068,-28.4136
16878011,-28.4178
16879954,-28.4219
16881897,-28.4261
16883841,-28.4302
16885785,-28.4343
16887729,-28.4385
16889674,-28.4426
16891618,-28.4467
16893563,-28.4509
16895508,-28.4550
16897453,-28.4591
16899399,-28.4633
16901345,-28.4674
16903290,-28.4716
16905237,-28.4757
16907183,-28.4798
16909130,-28.4840
16911077,-28.4881
16913024,-28.4922
16914971,-28.4963
16916918,-28.5005
16918866,-28.5046
16920814,-28.5087
16922762,-28.5129
16924711,-28.5170
16926659,-28.5211
16928608,-28.5253
16930557,-28.5294
16932507,-28.5335
16934456,-28.5376
16936406,-28.5418
16938356,-28.5459
16940306,-28.5500
16942257,-28.5542
16944207,-28.5583
16946158,-28.5624
16948109,-28.5665
16950061,-28.5707
16952012,-28.5748
16953964,-28.5789
16955916,-28.5830
16957868,-28.5872
16959821,-28.5913
16961773,-28.5954
16963726,-28.5995
16965679,-28.6037
16967633,-28.6078
16969586,-28.6119
16971540,-28.6160
16973494,-28.6201
16975448,-28.6243
16977403,-28.6284
16979358,-28.6325
16981313,-28.6366
16983268,-28.6407
16985223,-28.6449
16987179,-28.6490
16989135,-28.6531
16991091,-28.6572
16993047,-28.6613
16995003,-28.6655
16996960,-28.6696
16998917,-28.6737
17000874,-28.6778
17002832,-28.6819
17004789,-28.6860
17006747,-28.6902
17008705,-28.6943
17010664,-28.6984
17012622,-28.7025
17014581,-28.7066
17016540,-28.7107
17018499,-28.7148
17020458,-28.7190
17022418,-28.7231
17024378,-28.7272
17026338,-28.7313
17028299,-28.7354
17030259,-28.7395
17032220,-28.7436
17034181,-28.7477
17036142,-28.7518
17038104,-28.7560
17040065,-28.7601
17042027,-28.7642
17043989,-28.7683
17045952,-28.7724
17047914,-28.7765
17049877,-28.7806
17051840,-28.7847
17053804,-28.7888
17055767,-28.7929
17057731,-28.7970
17059695,-28.8011
17061659,-28.8052
17063623,-28.8094
17065588,-28.8135
17067553,-28.8176
17069518,-28.8217
17071483,-28.8258
17073449,-28.8299
17075414,-28.8340
17077380,-28.8381
17079347,-28.8422
17081313,-28.8463
17083280,-28.8504
17085247,-28.8545
17087214,-28.8586
17089181,-28.8627
17091149,-28.8668
17093117,-28.8709
17095085,-28.8750
17097053,-28.8791
17099021,-28.8832
17100990,-28.8873
17102959,-28.8914
17104928,-28.8955
17106898,-28.8996
17108867,-28.9037
17110837,-28.9078
17112807,-28.9119
17114777,-28.9160
17116748,-28.9201
17118719,-28.9242
17120690,-28.9283
17122661,-28.9324
17124632,-28.9365
17126604,-28.9406
17128576,-28.9446
17130548,-28.9487
17132520,-28.9528
17134493,-28.9569
17136466,-28.9610
17138439,-28.9651
17140412,-28.9692
17142385,-28.9733
17144359,-28.9774
17146333,-28.9815
17148307,-28.9856
17150282,-28.9897
17152256,-28.9937
17154231,-28.9978
17156206,-29.0019
17158181,-29.0060
17160157,-29.0101
17162133,-29.0142
17164109,-29.0183
17166085,-29.0224
17168061,-29.0265
17170038,-29.0305
17172015,-29.0346
17173992,-29.0387
17175969,-29.0428
17177947,-29.0469
17179925,-29.0510
17181903,-29.0551
17183881,-29.0591
17185859,-29.0632
17187838,-29.0673
17189817,-29.0714
17191796,-29.0755
17193776,-29.0796
17195755,-29.0837
17197735,-29.0877
17199715,-29.0918
17201695,-29.0959
17203676,-29.1000
17205657,-29.1041
17207638,-29.1081
17209619,-29.1122
17211600,-29.1163
17213582,-29.1204
17215564,-29.1245
17217546,-29.1285
17219528,-29.1326
17221511,-29.1367
17223494,-29.1408
17225477,-29.1449
17227460,-29.1489
17229444,-29.1530
17231427,-29.1571
17233411,-29.1612
17235396,-29.1652
17237380,-29.1693
17239365,-29.1734
17241349,-29.1775
17243335,-29.1815
17245320,-29.1856
17247305,-29.1897
17249291,-29.1938
17251277,-29.1978
17253263,-29.2019
17255250,-29.2060
17257237,-29.2101
17259224,-29.2141
17261211,-29.2182
17263198,-29.2223
17265186,-29.2263
17267174,-29.2304
17269162,-29.2345
17271150,-29.2386
17273138,-29.2426
17275127,-29.2467
17277116,-29.2508
17279105,-29.2548
17281095,-29.2589
17283085,-29.2630
17285074,-29.2670
17287065,-29.2711
17289055,-29.2752
17291046,-29.2792
17293036,-29.2833
17295027,-29.2874
17297019,-29.2914
17299010,-29.2955
17301002,-29.2996
17302994,-29.3036
17304986,-29.3077
17306979,-29.3118
17308971,-29.3158
17310964,-29.3199
17312957,-29.3240
17314951,-29.3280
17316944,-29.3321
17318938,-29.3361
17320932,-29.3402
17322926,-29.3443
17324921,-29.3483
17326915,-29.3524
17328910,-29.3565
17330906,-29.3605
17332901,-29.3646
17334897,-29.3686
17336892,-29.3727
17338889,-29.3768
17340885,-29.3808
17342881,-29.3849
17344878,-29.3889
17346875,-29.3930
17348872,-29.3970
17350870,-29.4011
17352868,-29.4052
17354866,-29.4092
17356864,-29.4133
17358862,-29.4173
17360861,-29.4214
17362860,-29.4254
17364859,-29.4295
17366858,-29.4335
17368858,-29.4376
17370857,-29.4417
17372857,-29.4457
17374858,-29.4498
17376858,-29.4538
17378859,-29.4579
17380860,-29.4619
17382861,-29.4660
17384862,-29.4700
17386864,-29.4741
17388866,-29.4781
17390868,-29.4822
17392870,-29.4862
17394873,-29.4903
17396875,-29.4943
17398878,-29.4984
17400882,-29.5024
17402885,-29.5065
17404889,-29.5105
17406893,-29.5146
17408897,-29.5186
17410901,-29.5227
17412906,-29.5267
17414911,-29.5308
17416916,-29.5348
17418921,-29.5389
17420927,-29.5429
17422933,-29.5469
17424939,-29.5510
17426945,-29.5550
17428951,-29.5591
17430958,-29.5631
17432965,-29.5672
17434972,-29.5712
17436979,-29.5753
17438987,-29.5793
17440995,-29.5833
17443003,-29.5874
17445011,-29.5914
17447020,-29.5955
17449029,-29.5995
17451038,-29.6036
17453047,-29.6076
17455056,-29.6116
17457066,-29.6157
17459076,-29.6197
17461086,-29.6238
17463097,-29.6278
17465107,-29.6318
17467118,-29.6359
17469129,-29.6399
17471140,-29.6439
17473152,-29.6480
17475164,-29.6520
17477176,-29.6561
17479188,-29.6601
17481201,-29.6641
17483213,-29.6682
17485226,-29.6722
17487239,-29.6762
17489253,-29.6803
17491266,-29.6843
17493280,-29.6883
17495294,-29.6924
17497309,-29.6964
17499323,-29.7005
17501338,-29.7045
17503353,-29.7085
17505368,-29.7125
17507384,-29.7166
17509400,-29.7206
17511416,-29.7246
17513432,-29.7287
17515448,-29.7327
17517465,-29.7367
17519482,-29.7408
17521499,-29.7448
17523516,-29.7488
17525534,-29.7529
17527552,-29.7569
17529570,-29.7609
17531588,-29.7649
17533606,-29.7690
17535625,-29.7730
17537644,-29.7770
17539663,-29.7811
17541683,-29.7851
17543703,-29.7891
17545722,-29.7931
17547743,-29.7972
17549763,-29.8012
17551784,-29.8052
17553804,-29.8092
17555825,-29.8133
17557847,-29.8173
17559868,-29.8213
17561890,-29.8253
17563912,-29.8294
17565934,-29.8334
17567957,-29.8374
17569979,-29.8414
17572002,-29.8455
17574026,-29.8495
17576049,-29.8535
17578073,-29.8575
17580097,-29.8615
17582121,-29.8656
17584145,-29.8696
17586170,-29.8736
17588194,-29.8776
17590219,-29.8816
17592245,-29.8857
17594270,-29.8897
17596296,-29.8937
17598322,-29.8977
17600348,-29.9017
17602374,-29.9058
17604401,-29.9098
17606428,-29.9138
17608455,-29.9178
17610482,-29.9218
17612510,-29.9258
17614538,-29.9299
17616566,-29.9339
17618594,-29.9379
17620623,-29.9419
17622652,-29.9459
17624681,-29.9499
17626710,-29.9539
17628739,-29.9580
17630769,-29.9620
17632799,-29.9660
17634829,-29.9700
17636859,-29.9740
17638890,-29.9780
17640921,-29.9820
17642952,-29.9861
17644983,-29.9901
17647015,-29.9941
17649047,-29.9981
17651079,-30.0021
17653111,-30.0061
17655144,-30.0101
17657176,-30.0141
17659209,-30.0181
17661243,-30.0221
17663276,-30.0262
17665310,-30.0302
17667344,-30.0342
17669378,-30.0382
17671412,-30.0422
17673447,-30.0462
17675482,-30.0502
17677517,-30.0542
17679552,-30.0582
17681588,-30.0622
17683623,-30.0662
17685659,-30.0702
17687696,-30.0742
17689732,-30.0782
17691769,-30.0822
17693806,-30.0862
17695843,-30.0902
17697880,-30.0943
17699918,-30.0983
17701956,-30.1023
17703994,-30.1063
17706032,-30.1103
17708071,-30.1143
17710110,-30.1183
17712149,-30.1223
17714188,-30.1263
17716228,-30.1303
17718268,-30.1343
17720308,-30.1383
17722348,-30.1423
17724388,-30.1463
17726429,-30.1503
17728470,-30.1543
17730511,-30.1583
17732553,-30.1623
17734594,-30.1663
17736636,-30.1703
17738678,-30.1743
17740721,-30.1783
17742763,-30.1823
17744806,-30.1863
17746849,-30.1902
17748892,-30.1942
17750936,-30.1982
17752980,-30.2022
17755024,-30.2062
17757068,-30.2102
17759112,-30.2142
17761157,-30.2182
17763202,-30.2222
17765247,-30.2262
17767293,-30.2302
17769338,-30.2342
17771384,-30.2382
17773430,-30.2422
17775477,-30.2462
17777523,-30.2502
17779570,-30.2541
17781617,-30.2581
17783664,-30.2621
17785712,-30.2661
17787760,-30.2701
17789808,-30.2741
17791856,-30.2781
17793904,-30.2821
17795953,-30.2861
17798002,-30.2901
17800051,-30.2940
17802101,-30.2980
17804150,-30.3020
17806200,-30.3060
17808250,-30.3100
17810301,-30.3140
17812351,-30.3180
17814402,-30.3220
17816453,-30.3259
17818505,-30.3299
17820556,-30.3339
17822608,-30.3379
17824660,-30.3419
17826712,-30.3459
17828765,-30.3499
17830817,-30.3538
17832870,-30.3578
17834924,-30.3618
17836977,-30.3658
17839031,-30.3698
17841085,-30.3738
17843139,-30.3777
17845193,-30.3817
17847248,-30.3857
17849303,-30.3897
17851358,-30.3937
17853413,-30.3976
17855469,-30.4016
17857525,-30.4056
17859581,-30.4096
17861637,-30.4136
17863693,-30.4175
17865750,-30.4215
17867807,-30.4255
17869864,-30.4295
17871922,-30.4335
17873979,-30.4374
17876037,-30.4414
17878096,-30.4454
17880154,-30.4494
17882213,-30.4534
17884272,-30.4573
17886331,-30.4613
17888390,-30.4653
17890450,-30.4693
17892509,-30.4732
17894569,-30.4772
17896630,-30.4812
17898690,-30.4852
17900751,-30.4891
17902812,-30.4931
17904873,-30.4971
17906935,-30.5011
17908997,-30.5050
17911059,-30.5090
17913121,-30.5130
17915183,-30.5169
17917246,-30.5209
17919309,-30.5249
17921372,-30.5289
17923435,-30.5328
17925499,-30.5368
17927563,-30.5408
17929627,-30.5447
17931691,-30.5487
17933756,-30.5527
17935821,-30.5566
17937886,-30.5606
17939951,-30.5646
17942017,-30.5686
17944082,-30.5725
17946148,-30.5765
17948215,-30.5805
17950281,-30.5844
17952348,-30.5884
17954415,-30.5924
17956482,-30.5963
17958549,-30.6003
17960617,-30.6043
17962685,-30.6082
17964753,-30.6122
17966822,-30.6162
17968890,-30.6201
17970959,-30.6241
17973028,-30.6280
17975097,-30.6320
17977167,-30.6360
17979237,-30.6399
17981307,-30.6439
17983377,-30.6479
17985448,-30.6518
17987519,-30.6558
17989590,-30.6597
17991661,-30.6637
17993732,-30.6677
17995804,-30.6716
17997876,-30.6756
17999948,-30.6796
18002021,-30.6835
18004093,-30.6875
18006166,-30.6914
18008239,-30.6954
18010313,-30.6994
18012386,-30.7033
18014460,-30.7073
18016534,-30.7112
18018609,-30.7152
18020683,-30.7191
18022758,-30.7231
18024833,-30.7271
18026909,-30.7310
18028984,-30.7350
18031060,-30.7389
18033136,-30.7429
18035212,-30.7468
18037289,-30.7508
18039365,-30.7547
18041442,-30.7587
18043520,-30.7627
18045597,-30.7666
18047675,-30.7706
18049753,-30.7745
18051831,-30.7785
18053909,-30.7824
18055988,-30.7864
18058067,-30.7903
18060146,-30.7943
18062225,-30.7982
18064305,-30.8022
18066385,-30.8061
18068465,-30.8101
18070545,-30.8140
18072626,-30.8180
18074707,-30.8219
18076788,-30.8259
18078869,-30.8298
18080950,-30.8338
18083032,-30.8377
18085114,-30.8417
18087196,-30.8456
18089279,-30.8496
18091362,-30.8535
18093445,-30.8575
18095528,-30.8614
18097611,-30.8654
18099695,-30.8693
18101779,-30.8733
18103863,-30.8772
18105947,-30.8812
18108032,-30.8851
18110117,-30.8890
18112202,-30.8930
18114287,-30.8969
18116373,-30.9009
18118459,-30.9048
18120545,-30.9088
18122631,-30.9127
18124718,-30.9167
18126805,-30.9206
18128892,-30.9245
18130979,-30.9285
18133067,-30.9324
18135154,-30.9364
18137242,-30.9403
18139331,-30.9443
18141419,-30.9482
18143508,-30.9521
18145597,-30.9561
18147686,-30.9600
18149775,-30.9640
18151865,-30.9679
18153955,-30.9718
18156045,-30.9758
18158136,-30.9797
18160226,-30.9837
18162317,-30.9876
18164408,-30.9915
18166500,-30.9955
18168591,-30.9994
18170683,-31.0033
18172775,-31.0073
18174868,-31.0112
18176960,-31.0152
18179053,-31.0191
18181146,-31.0230
18183239,-31.0270
18185333,-31.0309
18187427,-31.0348
18189521,-31.0388
18191615,-31.0427
18193709,-31.0466
18195804,-31.0506
18197899,-31.0545
18199994,-31.0584
18202090,-31.0624
18204186,-31.0663
18206282,-31.0702
18208378,-31.0742
18210474,-31.0781
18212571,-31.0820
18214668,-31.0860
18216765,-31.0899
18218862,-31.0938
18220960,-31.0978
18223058,-31.1017
18225156,-31.1056
18227254,-31.1095
18229353,-31.1135
18231452,-31.1174
18233551,-31.1213
18235650,-31.1253
18237750,-31.1292
18239850,-31.1331
18241950,-31.1370
18244050,-31.1410
18246151,-31.1449
18248251,-31.1488
18250352,-31.1528
18252454,-31.1567
18254555,-31.1606
18256657,-31.1645
18258759,-31.1685
18260861,-31.1724
18262964,-31.1763
18265066,-31.1802
18267169,-31.1842
18269273,-31.1881
18271376,-31.1920
18273480,-31.1959
18275584,-31.1999
18277688,-31.2038
18279792,-31.2077
18281897,-31.2116
18284002,-31.2156
18286107,-31.2195
18288212,-31.2234
18290318,-31.2273
18292424,-31.2312
18294530,-31.2352
18296636,-31.2391
18298743,-31.2430
18300850,-31.2469
18302957,-31.2508
18305064,-31.2548
18307172,-31.2587
18309280,-31.2626
18311388,-31.2665
18313496,-31.2704
18315604,-31.2744
18317713,-31.2783
18319822,-31.2822
18321931,-31.2861
18324041,-31.2900
18326151,-31.2939
18328261,-31.2979
18330371,-31.3018
18332481,-31.3057
18334592,-31.3096
18336703,-31.3135
18338814,-31.3174
18340926,-31.3214
18343038,-31.3253
18345149,-31.3292
18347262,-31.3331
18349374,-31.3370
18351487,-31.3409
18353600,-31.3448
18355713,-31.3488
18357826,-31.3527
18359940,-31.3566
18362054,-31.3605
18364168,-31.3644
18366282,-31.3683
18368397,-31.3722
18370512,-31.3761
18372627,-31.3801
18374742,-31.3840
18376858,-31.3879
18378974,-31.3918
18381090,-31.3957
18383206,-31.3996
18385323,-31.4035
18387439,-31.4074
18389556,-31.4113
18391674,-31.4152
18393791,-31.4192
18395909,-31.4231
18398027,-31.4270
18400145,-31.4309
18402264,-31.4348
18404383,-31.4387
18406502,-31.4426
18408621,-31.4465
18410740,-31.4504
18412860,-31.4543
18414980,-31.4582
18417100,-31.4621
18419221,-31.4660
18421342,-31.4699
18423463,-31.4738
18425584,-31.4778
18427705,-31.4817
18429827,-31.4856
18431949,-31.4895
18434071,-31.4934
18436193,-31.4973
18438316,-31.5012
18440439,-31.5051
18442562,-31.5090
18444686,-31.5129
18446809,-31.5168
18448933,-31.5207
18451057,-31.5246
18453182,-31.5285
18455306,-31.5324
18457431,-31.5363
18459556,-31.5402
18461682,-31.5441
18463807,-31.5480
18465933,-31.5519
18468059,-31.5558
18470185,-31.5597
18472312,-31.5636
18474439,-31.5675
18476566,-31.5714
18478693,-31.5753
18480821,-31.5792
18482949,-31.5831
18485077,-31.5870
18487205,-31.5909
18489333,-31.5948
18491462,-31.5987
18493591,-31.6026
18495721,-31.6065
18497850,-31.6103
18499980,-31.6142
18502110,-31.6181
18504240,-31.6220
18506371,-31.6259
18508501,-31.6298
18510632,-31.6337
18512764,-31.6376
18514895,-31.6415
18517027,-31.6454
18519159,-31.6493
18521291,-31.6532
18523423,-31.6571
18525556,-31.6610
18527689,-31.6649
18529822,-31.6688
18531956,-31.6726
18534089,-31.6765
18536223,-31.6804
18538358,-31.6843
18540492,-31.6882
18542627,-31.6921
18544762,-31.6960
18546897,-31.6999
18549032,-31.7038
18551168,-31.7077
18553304,-31.7115
18555440,-31.7154
18557576,-31.7193
18559713,-31.7232
18561850,-31.7271
18563987,-31.7310
18566124,-31.7349
18568262,-31.7388
18570400,-31.7426
18572538,-31.7465
18574676,-31.7504
18576815,-31.7543
18578954,-31.7582
18581093,-31.7621
18583232,-31.7660
18585372,-31.7698
18587512,-31.7737
18589652,-31.7776
18591792,-31.7815
18593933,-31.7854
18596074,-31.7893
18598215,-31.7932
18600356,-31.7970
18602497,-31.8009
18604639,-31.8048
18606781,-31.8087
18608924,-31.8126
18611066,-31.8164
18613209,-31.8203
18615352,-31.8242
18617495,-31.8281
18619639,-31.8320
18621783,-31.8359
18623927,-31.8397
18626071,-31.8436
18628216,-31.8475
18630360,-31.8514
18632505,-31.8553
18634651,-31.8591
18636796,-31.8630
18638942,-31.8669
18641088,-31.8708
18643234,-31.8746
18645381,-31.8785
18647527,-31.8824
18649674,-31.8863
18651822,-31.8902
18653969,-31.8940
18656117,-31.8979
18658265,-31.9018
18660413,-31.9057
18662562,-31.9095
18664710,-31.9134
18666859,-31.9173
18669009,-31.9212
18671158,-31.9250
18673308,-31.9289
18675458,-31.9328
18677608,-31.9367
18679758,-31.9405
18681909,-31.9444
18684060,-31.9483
18686211,-31.9522
18688363,-31.9560
18690514,-31.9599
18692666,-31.9638
18694819,-31.9676
18696971,-31.9715
18699124,-31.9754
18701277,-31.9793
18703430,-31.9831
18705583,-31.9870
18707737,-31.9909
18709891,-31.9947
18712045,-31.9986
18714199,-32.0025
18716354,-32.0064
18718509,-32.0102
18720664,-32.0141
18722820,-32.0180
18724975,-32.0218
18727131,-32.0257
18729287,-32.0296
18731444,-32.0334
18733601,-32.0373
18735757,-32.0412
18737915,-32.0450
18740072,-32.0489
18742230,-32.0528
18744388,-32.0566
18746546,-32.0605
18748704,-32.0644
18750863,-32.0682
18753022,-32.0721
18755181,-32.0760
18757340,-32.0798
18759500,-32.0837
18761660,-32.0876
18763820,-32.0914
18765980,-32.0953
18768141,-32.0991
18770302,-32.1030
18772463,-32.1069
18774624,-32.1107
18776786,-32.1146
18778948,-32.1185
18781110,-32.1223
18783272,-32.1262
18785435,-32.1300
18787598,-32.1339
18789761,-32.1378
18791924,-32.1416
18794088,-32.1455
18796252,-32.1493
18798416,-32.1532
18800580,-32.1571
18802745,-32.1609
18804910,-32.1648
18807075,-32.1686
18809240,-32.1725
18811406,-32.1764
18813572,-32.1802
18815738,-32.1841
18817904,-32.1879
18820071,-32.1918
18822238,-32.1956
18824405,-32.1995
18826572,-32.2034
18828740,-32.2072
18830908,-32.2111
18833076,-32.2149
18835244,-32.2188
18837413,-32.2226
18839582,-32.2265
18841751,-32.2304
18843920,-32.2342
18846090,-32.2381
18848260,-32.2419
18850430,-32.2458
18852600,-32.2496
18854771,-32.2535
18856942,-32.2573
18859113,-32.2612
18861284,-32.2650
18863456,-32.2689
18865627,-32.2727
18867800,-32.2766
18869972,-32.2804
18872145,-32.2843
18874317,-32.2882
18876491,-32.2920
18878664,-32.2959
18880838,-32.2997
18883011,-32.3036
18885185,-32.3074
18887360,-32.3113
18889534,-32.3151
18891709,-32.3190
18893884,-32.3228
18896060,-32.3267
18898235,-32.3305
18900411,-32.3343
18902587,-32.3382
18904764,-32.3420
18906940,-32.3459
18909117,-32.3497
18911294,-32.3536
18913472,-32.3574
18915649,-32.3613
18917827,-32.3651
18920005,-32.3690
18922184,-32.3728
18924362,-32.3767
18926541,-32.3805
18928720,-32.3844
18930900,-32.3882
18933079,-32.3920
18935259,-32.3959
18937439,-32.3997
18939620,-32.4036
18941800,-32.4074
18943981,-32.4113
18946162,-32.4151
18948344,-32.4190
18950525,-32.4228
18952707,-32.4266
18954889,-32.4305
18957072,-32.4343
18959254,-32.4382
18961437,-32.4420
18963620,-32.4458
18965804,-32.4497
18967987,-32.4535
18970171,-32.4574
18972356,-32.4612
18974540,-32.4650
18976725,-32.4689
18978909,-32.4727
18981095,-32.4766
18983280,-32.4804
18985466,-32.4842
18987652,-32.4881
18989838,-32.4919
18992024,-32.4958
18994211,-32.4996
18996398,-32.5034
18998585,-32.5073
19000772,-32.5111
19002960,-32.5149
19005148,-32.5188
19007336,-32.5226
19009525,-32.5265
19011713,-32.5303
19013902,-32.5341
19016091,-32.5380
19018281,-32.5418
19020470,-32.5456
19022660,-32.5495
19024851,-32.5533
19027041,-32.5571
19029232,-32.5610
19031423,-32.5648
19033614,-32.5686
19035805,-32.5725
19037997,-32.5763
19040189,-32.5801
19042381,-32.5840
19044574,-32.5878
19046766,-32.5916
19048959,-32.5955
19051153,-32.5993
19053346,-32.6031
19055540,-32.6070
19057734,-32.6108
19059928,-32.6146
19062122,-32.6185
19064317,-32.6223
19066512,-32.6261
19068707,-32.6299
19070903,-32.6338
19073099,-32.6376
19075295,-32.6414
19077491,-32.6453
19079687,-32.6491
19081884,-32.6529
19084081,-32.6568
19086278,-32.6606
19088476,-32.6644
19090674,-32.6682
19092872,-32.6721
19095070,-32.6759
19097269,-32.6797
19099467,-32.6835
19101666,-32.6874
19103866,-32.6912
19106065,-32.6950
19108265,-32.6988
19110465,-32.7027
19112665,-32.7065
19114866,-32.7103
19117067,-32.7141
19119268,-32.7180
19121469,-32.7218
19123671,-32.7256
19125872,-32.7294
19128075,-32.7333
19130277,-32.7371
19132479,-32.7409
19134682,-32.7447
19136885,-32.7486
19139089,-32.7524
19141292,-32.7562
19143496,-32.7600
19145700,-32.7638
19147905,-32.7677
19150109,-32.7715
19152314,-32.7753
19154519,-32.7791
19156725,-32.7830
19158930,-32.7868
19161136,-32.7906
19163342,-32.7944
19165549,-32.7982
19167755,-32.8020
19169962,-32.8059
19172169,-32.8097
19174377,-32.8135
19176584,-32.8173
19178792,-32.8211
19181000,-32.8250
19183209,-32.8288
19185418,-32.8326
19187626,-32.8364
19189836,-32.8402
19192045,-32.8440
19194255,-32.8479
19196465,-32.8517
19198675,-32.8555
19200885,-32.8593
19203096,-32.8631
19205307,-32.8669
19207518,-32.8708
19209730,-32.8746
19211941,-32.8784
19214153,-32.8822
19216366,-32.8860
19218578,-32.8898
19220791,-32.8936
19223004,-32.8975
19225217,-32.9013
19227431,-32.9051
19229644,-32.9089
19231858,-32.9127
19234073,-32.9165
19236287,-32.9203
19238502,-32.9241
19240717,-32.9280
19242932,-32.9318
19245148,-32.9356
19247364,-32.9394
19249580,-32.9432
19251796,-32.9470
19254013,-32.9508
19256230,-32.9546
19258447,-32.9584
19260664,-32.9622
19262882,-32.9661
19265099,-32.9699
19267318,-32.9737
19269536,-32.9775
19271755,-32.9813
19273973,-32.9851
19276193,-32.9889
19278412,-32.9927
19280632,-32.9965
19282851,-33.0003
19285072,-33.0041
19287292,-33.0079
19289513,-33.0118
19291734,-33.0156
19293955,-33.0194
19296176,-33.0232
19298398,-33.0270
19300620,-33.0308
19302842,-33.0346
19305064,-33.0384
19307287,-33.0422
19309510,-33.0460
19311733,-33.0498
19313957,-33.0536
19316180,-33.0574
19318404,-33.0612
19320629,-33.0650
19322853,-33.0688
19325078,-33.0726
19327303,-33.0764
19329528,-33.0802
19331754,-33.0840
19333980,-33.0878
19336206,-33.0916
19338432,-33.0954
19340658,-33.0992
19342885,-33.1030
19345112,-33.1068
19347340,-33.1106
19349567,-33.1144
19351795,-33.1182
19354023,-33.1220
19356251,-33.1258
19358480,-33.1296
19360709,-33.1334
19362938,-33.1372
19365167,-33.1410
19367397,-33.1448
19369627,-33.1486
19371857,-33.1524
19374087,-33.1562
19376318,-33.1600
19378549,-33.1638
19380780,-33.1676
19383012,-33.1714
19385243,-33.1752
19387475,-33.1790
19389707,-33.1828
19391940,-33.1866
19394173,-33.1904
19396405,-33.1942
19398639,-33.1980
19400872,-33.2018
19403106,-33.2056
19405340,-33.2094
19407574,-33.2132
19409809,-33.2170
19412043,-33.2208
19414278,-33.2246
19416514,-33.2283
19418749,-33.2321
19420985,-33.2359
19423221,-33.2397
19425457,-33.2435
19427694,-33.2473
19429931,-33.2511
19432168,-33.2549
19434405,-33.2587
19436643,-33.2625
19438881,-33.2663
19441119,-33.2701
19443357,-33.2739
19445596,-33.2776
19447835,-33.2814
19450074,-33.2852
19452313,-33.2890
19454553,-33.2928
19456793,-33.2966
19459033,-33.3004
19461273,-33.3042
19463514,-33.3080
19465755,-33.3118
19467996,-33.3155
19470238,-33.3193
19472479,-33.3231
19474721,-33.3269
19476964,-33.3307
19479206,-33.3345
19481449,-33.3383
19483692,-33.3421
19485935,-33.3458
19488179,-33.3496
19490423,-33.3534
19492667,-33.3572
19494911,-33.3610
19497155,-33.3648
19499400,-33.3686
19501645,-33.3723
19503891,-33.3761
19506136,-33.3799
19508382,-33.3837
19510628,-33.3875
19512875,-33.3913
19515121,-33.3950
19517368,-33.3988
19519615,-33.4026
19521863,-33.4064
19524110,-33.4102
19526358,-33.4140
19528607,-33.4177
19530855,-33.4215
19533104,-33.4253
19535353,-33.4291
19537602,-33.4329
19539851,-33.4367
19542101,-33.4404
19544351,-33.4442
19546601,-33.4480
19548852,-33.4518
19551103,-33.4556
19553354,-33.4593
19555605,-33.4631
19557856,-33.4669
19560108,-33.4707
19562360,-33.4745
19564613,-33.4782
19566865,-33.4820
19569118,-33.4858
19571371,-33.4896
19573625,-33.4933
19575878,-33.4971
19578132,-33.5009
19580386,-33.5047
19582641,-33.5085
19584895,-33.5122
19587150,-33.5160
19589405,-33.5198
19591661,-33.5236
19593917,-33.5273
19596173,-33.5311
19598429,-33.5349
19600685,-33.5387
19602942,-33.5424
19605199,-33.5462
19607456,-33.5500
19609714,-33.5538
19611972,-33.5575
19614230,-33.5613
19616488,-33.5651
19618746,-33.5689
19621005,-33.5726
19623264,-33.5764
19625524,-33.5802
19627783,-33.5840
19630043,-33.5877
19632303,-33.5915
19634564,-33.5953
19636824,-33.5990
19639085,-33.6028
19641346,-33.6066
19643608,-33.6104
19645869,-33.6141
19648131,-33.6179
19650394,-33.6217
19652656,-33.6254
19654919,-33.6292
19657182,-33.6330
19659445,-33.6368
19661709,-33.6405
19663972,-33.6443
19666236,-33.6481
19668501,-33.6518
19670765,-33.6556
19673030,-33.6594
19675295,-33.6631
19677560,-33.6669
19679826,-33.6707
19682092,-33.6744
19684358,-33.6782
19686624,-33.6820
19688891,-33.6857
19691158,-33.6895
19693425,-33.6933
19695692,-33.6970
19697960,-33.7008
19700228,-33.7046
19702496,-33.7083
19704765,-33.7121
19707033,-33.7159
19709302,-33.7196
19711572,-33.7234
19713841,-33.7272
19716111,-33.7309
19718381,-33.7347
19720651,-33.7385
19722922,-33.7422
19725193,-33.7460
19727464,-33.7497
19729735,-33.7535
19732007,-33.7573
19734279,-33.7610
19736551,-33.7648
19738823,-33.7686
19741096,-33.7723
19743369,-33.7761
19745642,-33.7798
19747915,-33.7836
19750189,-33.7874
19752463,-33.7911
19754737,-33.7949
19757012,-33.7987
19759286,-33.8024
19761561,-33.8062
19763837,-33.8099
19766112,-33.8137
19768388,-33.8175
19770664,-33.8212
19772940,-33.8250
19775217,-33.8287
19777494,-33.8325
19779771,-33.8362
19782048,-33.8400
19784326,-33.8438
19786604,-33.8475
19788882,-33.8513
19791160,-33.8550
19793439,-33.8588
19795718,-33.8625
19797997,-33.8663
19800276,-33.8701
19802556,-33.8738
19804836,-33.8776
19807116,-33.8813
19809397,-33.8851
19811678,-33.8888
19813959,-33.8926
19816240,-33.8964
19818522,-33.9001
19820803,-33.9039
19823086,-33.9076
19825368,-33.9114
19827650,-33.9151
19829933,-33.9189
19832216,-33.9226
19834500,-33.9264
19836784,-33.9301
19839067,-33.9339
19841352,-33.9376
19843636,-33.9414
19845921,-33.9451
19848206,-33.9489
19850491,-33.9527
19852777,-33.9564
19855062,-33.9602
19857348,-33.9639
19859635,-33.9677
19861921,-33.9714
19864208,-33.9752
19866495,-33.9789
19868782,-33.9827
19871070,-33.9864
19873358,-33.9902
19875646,-33.9939
19877934,-33.9977
19880223,-34.0014
19882512,-34.0052
19884801,-34.0089
19887091,-34.0127
19889380,-34.0164
19891670,-34.0201
19893961,-34.0239
19896251,-34.0276
19898542,-34.0314
19900833,-34.0351
19903124,-34.0389
19905416,-34.0426
19907708,-34.0464
19910000,-34.0501
19912292,-34.0539
19914585,-34.0576
19916878,-34.0614
19919171,-34.0651
19921464,-34.0689
19923758,-34.0726
19926052,-34.0763
19928346,-34.0801
19930640,-34.0838
19932935,-34.0876
19935230,-34.0913
19937525,-34.0951
19939821,-34.0988
19942117,-34.1026
19944413,-34.1063
19946709,-34.1100
19949006,-34.1138
19951303,-34.1175
19953600,-34.1213
19955897,-34.1250
19958195,-34.1288
19960493,-34.1325
19962791,-34.1362
19965089,-34.1400
19967388,-34.1437
19969687,-34.1475
19971986,-34.1512
19974286,-34.1549
19976585,-34.1587
19978885,-34.1624
19981186,-34.1662
19983486,-34.1699
19985787,-34.1736
19988088,-34.1774
19990389,-34.1811
19992691,-34.1849
19994993,-34.1886
19997295,-34.1923
19999597,-34.1961
20001900,-34.1998
20004203,-34.2036
20006506,-34.2073
20008810,-34.2110
20011113,-34.2148
20013417,-34.2185
20015722,-34.2222
20018026,-34.2260
