time_s,board_in,t79_2_secondary,q79_3_g1,q79_3_g2,q79_3_drain,q79_3_source
9.0000854e-05,5.75966487e-05,0.215396202,0.695616805,1.75578564,3.45714035,1.73538882
9.0001854e-05,6.2125315e-05,0.213205692,0.694959608,1.77637495,3.4570825,1.73538881
9.0002854e-05,6.64553288e-05,0.210332506,0.694128132,1.7968334,3.45702406,1.73538879
9.0003854e-05,7.05728444e-05,0.206785748,0.693125015,1.81709561,3.45696555,1.73538877
9.0004854e-05,7.44646955e-05,0.202576692,0.691953448,1.83709679,3.45690753,1.73538876
9.0005854e-05,7.81184376e-05,0.19771874,0.690617162,1.85677301,3.45685054,1.73538874
9.0006854e-05,8.15223873e-05,0.192227387,0.689120421,1.87606135,3.45679482,1.73538872
9.0007854e-05,8.46656603e-05,0.186120167,0.687468006,1.89490017,3.4567404,1.7353887
9.0008854e-05,8.75382055e-05,0.179416599,0.685665197,1.91322922,3.4566874,1.73538869
9.0009854e-05,9.01308376e-05,0.172138126,0.683717763,1.93098992,3.45663596,1.73538867
9.0010854e-05,9.24352665e-05,0.164308043,0.681631936,1.94812549,3.4565862,1.73538865
9.0011854e-05,9.44441235e-05,0.155951426,0.679414396,1.96458114,3.45653822,1.73538863
9.0012854e-05,9.61509849e-05,0.147095048,0.677072248,1.98030427,3.45649213,1.73538861
9.0013854e-05,9.7550393e-05,0.137767295,0.674612999,1.99524461,3.45644805,1.73538859
9.0014854e-05,9.8637873e-05,0.127998074,0.672044533,2.0093544,3.45640605,1.73538857
9.0015854e-05,9.94099475e-05,0.117818715,0.669375088,2.02258853,3.45636624,1.73538855
9.0016854e-05,9.98641478e-05,0.107261871,0.666613227,2.03490469,3.45632868,1.73538853
9.0017854e-05,9.99990215e-05,0.0963614115,0.66376781,2.04626352,3.45629345,1.73538851
9.0018854e-05,9.98141373e-05,0.0851523141,0.660847967,2.05662868,3.45626061,1.73538849
9.0019854e-05,9.93100864e-05,0.0736705487,0.657863068,2.06596706,3.45623021,1.73538846
9.0020854e-05,9.84884806e-05,0.0619529621,0.654822691,2.07424879,3.45620231,1.73538844
9.0021854e-05,9.7351947e-05,0.0500371588,0.651736595,2.0814474,3.45617694,1.73538842
9.0022854e-05,9.59041199e-05,0.0379613784,0.648614681,2.08753988,3.45615412,1.73538839
9.0023854e-05,9.41496288e-05,0.0257643719,0.645466968,2.09250674,3.45613387,1.73538837
9.0024854e-05,9.20940839e-05,0.0134852757,0.642303556,2.09633212,3.45611621,1.73538834
9.0025854e-05,8.9744058e-05,0.00116348514,0.639134594,2.09900377,3.45610114,1.73538832
9.0026854e-05,8.71070656e-05,-0.0111614736,0.635970248,2.10051316,3.45608865,1.73538829
9.0027854e-05,8.41915388e-05,-0.0234500712,0.632820665,2.10085546,3.45607873,1.73538827
9.0028854e-05,8.10068003e-05,-0.0356629034,0.629695945,2.10002959,3.45607136,1.73538824
9.0029854e-05,7.75630336e-05,-0.0477608181,0.626606105,2.09803817,3.45606649,1.73538821
9.0030854e-05,7.38712506e-05,-0.0597050423,0.623561047,2.09488757,3.45606411,1.73538819
9.0031854e-05,6.99432561e-05,-0.0714573067,0.620570528,2.09058787,3.45606415,1.73538816
9.0032854e-05,6.57916104e-05,-0.0829799694,0.617644125,2.08515281,3.45606657,1.73538813
9.0033854e-05,6.14295887e-05,-0.0942361371,0.614791209,2.07859977,3.45607131,1.7353881
9.0034854e-05,5.68711392e-05,-0.105189783,0.61202091,2.07094969,3.45607829,1.73538807
9.0035854e-05,5.2130838e-05,-0.115805864,0.609342089,2.06222704,3.45608746,1.73538804
9.0036854e-05,4.72238426e-05,-0.126050431,0.606763314,2.05245969,3.45609871,1.73538801
9.0037854e-05,4.21658439e-05,-0.135890739,0.604292826,2.04167888,3.45611198,1.73538798
9.0038854e-05,3.69730152e-05,-0.145295351,0.601938517,2.02991906,3.45612716,1.73538795
9.0039854e-05,3.16619612e-05,-0.154234238,0.599707904,2.01721783,3.45614416,1.73538792
9.0040854e-05,2.62496646e-05,-0.162678875,0.597608104,2.0036158,3.45616289,1.73538788
9.0041854e-05,2.07534318e-05,-0.170602331,0.595645811,1.98915646,3.45618323,1.73538785
9.0042854e-05,1.51908377e-05,-0.177979354,0.59382728,1.97388601,3.45620507,1.73538782
9.0043854e-05,9.57966913e-06,-0.184786453,0.592158299,1.95785329,3.4562283,1.73538779
9.0044854e-05,3.93786855e-06,-0.191001966,0.590644178,1.94110955,3.4562528,1.73538775
9.0045854e-05,-1.7165238e-06,-0.196606136,0.589289727,1.92370831,3.45627845,1.73538772
9.0046854e-05,-7.36542737e-06,-0.201581166,0.588099247,1.90570521,3.45630513,1.73538769
9.0047854e-05,-1.29907792e-05,-0.205911278,0.587076509,1.88715779,3.45633271,1.73538765
9.0048854e-05,-1.85745915e-05,-0.20958276,0.586224751,1.86812536,3.45636105,1.73538762
9.0049854e-05,-2.40990096e-05,-0.212584009,0.585546659,1.84866876,3.45639002,1.73538758
9.0050854e-05,-2.95463684e-05,-0.214905567,0.585044367,1.82885019,3.4564195,1.73538755
9.0051854e-05,-3.48992495e-05,-0.216540147,0.584719446,1.808733,3.45644934,1.73538752
9.0052854e-05,-4.01405364e-05,-0.217482658,0.5845729,1.78838151,3.45647941,1.73538748
9.0053854e-05,-4.52534695e-05,-0.217730216,0.584605164,1.76786078,3.45650958,1.73538745
9.0054854e-05,-5.02216996e-05,-0.217282155,0.584816103,1.74723642,3.45653971,1.73538741
9.0055854e-05,-5.50293403e-05,-0.216140025,0.585205013,1.72657435,3.45656965,1.73538738
9.0056854e-05,-5.96610187e-05,-0.214307586,0.585770623,1.70594063,3.45659929,1.73538735
9.0057854e-05,-6.41019244e-05,-0.211790797,0.586511099,1.68540122,3.45662847,1.73538731
9.0058854e-05,-6.83378571e-05,-0.208597792,0.587424051,1.6650218,3.45665707,1.73538728
9.0059854e-05,-7.2355272e-05,-0.204738856,0.588506542,1.6448675,3.45668496,1.73538724
9.0060854e-05,-7.6141323e-05,-0.200226387,0.589755095,1.62500276,3.45671222,1.73538721
9.0061854e-05,-7.96839037e-05,-0.195074862,0.591165706,1.60549108,3.45673919,1.73538718
9.0062854e-05,-8.29716863e-05,-0.189300785,0.592733858,1.58639485,3.45676616,1.73538715
9.0063854e-05,-8.59941579e-05,-0.182922635,0.594454531,1.56777511,3.45679338,1.73538711
9.0064854e-05,-8.87416536e-05,-0.175960807,0.596322226,1.5496914,3.45682103,1.73538708
9.0065854e-05,-9.12053882e-05,-0.168437549,0.598330973,1.53220151,3.45684929,1.73538705
9.0066854e-05,-9.33774835e-05,-0.160376885,0.600474358,1.51536137,3.45687829,1.73538702
9.0067854e-05,-9.5250994e-05,-0.151804547,0.602745539,1.49922482,3.45690815,1.73538699
9.0068854e-05,-9.6819929e-05,-0.142747885,0.60513727,1.48384344,3.45693894,1.73538695
9.0069854e-05,-9.80792716e-05,-0.133235786,0.607641923,1.4692664,3.45697071,1.73538692
9.0070854e-05,-9.9024995e-05,-0.12329858,0.61025151,1.45554031,3.45700346,1.73538689
9.0071854e-05,-9.9654075e-05,-0.112967945,0.612957713,1.44270904,3.45703719,1.73538686
9.0072854e-05,-9.99645001e-05,-0.102276806,0.615751907,1.43081363,3.45707187,1.73538683
9.0073854e-05,-9.99552778e-05,-0.0912592322,0.618625187,1.41989208,3.45710739,1.73538681
9.0074854e-05,-9.96264374e-05,-0.079950328,0.621568398,1.40997933,3.45714362,1.73538678
9.0075854e-05,-9.89790306e-05,-0.0683861244,0.624572162,1.40110706,3.45718045,1.73538675
9.0076854e-05,-9.80151274e-05,-0.0566034643,0.62762691,1.39330364,3.45721773,1.73538672
9.0077854e-05,-9.67378101e-05,-0.0446398863,0.63072291,1.386594,3.45725528,1.7353867
9.0078854e-05,-9.51511629e-05,-0.0325335065,0.633850296,1.38099961,3.4572929,1.73538667
9.0079854e-05,-9.32602595e-05,-0.0203228984,0.636999104,1.37653834,3.45733036,1.73538664
9.0080854e-05,-9.10711461e-05,-0.00804697118,0.640159301,1.37322446,3.45736745,1.73538662
9.0081854e-05,-8.85908227e-05,0.00425515265,0.643320815,1.37106855,3.4574039,1.73538659
9.0082854e-05,-8.58272203e-05,0.0165442612,0.646473568,1.37007752,3.45743946,1.73538657
9.0083854e-05,-8.27891761e-05,0.0287811765,0.649607509,1.37025453,3.45747386,1.73538654
9.0084854e-05,-7.94864043e-05,0.0409268788,0.652712645,1.37159901,3.45750683,1.73538652
9.0085854e-05,-7.59294659e-05,0.0529426294,0.655779073,1.37410667,3.45753809,1.7353865
9.0086854e-05,-7.21297348e-05,0.0647900938,0.658797007,1.37776948,3.45756736,1.73538648
9.0087854e-05,-6.80993609e-05,0.0764314628,0.661756818,1.38257574,3.45759438,1.73538645
9.0088854e-05,-6.38512318e-05,0.0878295724,0.664649055,1.38851008,3.45761887,1.73538643
9.0089854e-05,-5.93989313e-05,0.0989480224,0.667464482,1.39555353,3.45764057,1.73538641
9.0090854e-05,-5.47566962e-05,0.109751291,0.670194104,1.40368357,3.45765924,1.73538639
9.0091854e-05,-4.99393706e-05,0.120204851,0.672829196,1.41287421,3.45767463,1.73538637
9.0092854e-05,-4.49623583e-05,0.130275274,0.675361332,1.42309606,3.45768654,1.73538635
9.0093854e-05,-3.9841574e-05,0.139930346,0.67778241,1.43431646,3.45769476,1.73538633
9.0094854e-05,-3.45933918e-05,0.14913916,0.68008468,1.44649952,3.45769911,1.73538631
9.0095854e-05,-2.92345934e-05,0.157872226,0.682260768,1.4596063,3.45769945,1.73538629
9.0096854e-05,-2.37823143e-05,0.166101559,0.6843037,1.47359489,3.45769565,1.73538627
9.0097854e-05,-1.82539885e-05,0.173800769,0.686206924,1.48842058,3.45768761,1.73538626
9.0098854e-05,-1.26672936e-05,0.180945151,0.687964331,1.50403597,3.45767528,1.73538624
9.0099854e-05,-7.04009366e-06,0.187511762,0.689570276,1.52039114,3.45765863,1.73538622
9.0100854e-05,-1.39038223e-06,0.193479494,0.691019596,1.53743381,3.45763766,1.7353862
9.0101854e-05,4.2637751e-06,0.198829149,0.692307625,1.55510948,3.45761243,1.73538619
9.0102854e-05,9.90429853e-06,0.203543494,0.693430213,1.57336165,3.45758301,1.73538617
9.0103854e-05,1.55131519e-05,0.207607323,0.694383735,1.59213197,3.45754954,1.73538615
9.0104854e-05,2.10724002e-05,0.211007506,0.695165109,1.61136044,3.45751217,1.73538614
9.0105854e-05,2.65642673e-05,0.213733033,0.695771799,1.63098558,3.45747112,1.73538612
9.0106854e-05,3.19711921e-05,0.21577505,0.696201831,1.65094465,3.45742662,1.7353861
9.0107854e-05,3.72758856e-05,0.21712689,0.696453794,1.67117385,3.45737897,1.73538609
9.0108854e-05,4.24613853e-05,0.217784096,0.696526848,1.69160851,3.4573285,1.73538607
9.0109854e-05,4.751111e-05,0.217744436,0.696420726,1.71218329,3.45727557,1.73538605
9.0110854e-05,5.24089128e-05,0.217007913,0.696135736,1.73283244,3.45722059,1.73538604
9.0111854e-05,5.71391322e-05,0.215576767,0.695672759,1.75348992,3.45716398,1.73538602
9.0112854e-05,6.16866431e-05,0.213455467,0.695033249,1.77408971,3.45710623,1.735386
9.0113854e-05,6.60369041e-05,0.210650702,0.694219227,1.79456594,3.45704783,1.73538599
9.0114854e-05,7.01760048e-05,0.207171356,0.693233275,1.81485317,3.45698931,1.73538597
9.0115854e-05,7.409071e-05,0.203028484,0.692078527,1.83488652,3.45693121,1.73538595
9.0116854e-05,7.7768502e-05,0.198235278,0.690758662,1.85460197,3.45687411,1.73538594
9.0117854e-05,8.11976207e-05,0.192807022,0.689277891,1.87393649,3.45681825,1.73538592
9.0118854e-05,8.4367101e-05,0.186761047,0.687640942,1.89282825,3.45676369,1.7353859
9.0119854e-05,8.72668083e-05,0.180116676,0.685853047,1.91121687,3.45671054,1.73538588
9.0120854e-05,8.98874703e-05,0.172895159,0.683919925,1.92904356,3.45665894,1.73538587
9.0121854e-05,9.22207073e-05,0.165119609,0.681847763,1.94625133,3.45660899,1.73538585
9.0122854e-05,9.42590584e-05,0.156814925,0.679643197,1.96278517,3.45656083,1.73538583
9.0123854e-05,9.59960058e-05,0.148007713,0.677313289,1.97859221,3.45651454,1.73538581
9.0124854e-05,9.74259954e-05,0.138726201,0.674865508,1.99362194,3.45647025,1.73538579
9.0125854e-05,9.85444546e-05,0.129000146,0.672307701,2.00782629,3.45642803,1.73538577
9.0126854e-05,9.93478071e-05,0.118860739,0.669648071,2.02115985,3.45638799,1.73538575
9.0127854e-05,9.98334841e-05,0.108340504,0.666895148,2.03358001,3.4563502,1.73538573
9.0128854e-05,9.99999325e-05,0.0974731932,0.664057765,2.04504706,3.45631473,1.73538571
9.0129854e-05,9.98466201e-05,0.0862936765,0.661145026,2.05552433,3.45628164,1.73538568
9.0130854e-05,9.93740372e-05,0.074837829,0.658166277,2.06497833,3.456251,1.73538566
9.0131854e-05,9.85836948e-05,0.0631424143,0.655131078,2.07337883,3.45622284,1.73538564
9.0132854e-05,9.74781202e-05,0.0512449657,0.652049169,2.08069899,3.4561972,1.73538562
9.0133854e-05,9.60608487e-05,0.0391836639,0.648930439,2.0869154,3.45617412,1.73538559
9.0134854e-05,9.43364119e-05,0.0269972137,0.645784898,2.09200818,3.45615361,1.73538557
9.0135854e-05,9.23103242e-05,0.0147247183,0.642622638,2.09596106,3.45613569,1.73538554
9.0136854e-05,8.99890639e-05,0.00240555203,0.639453803,2.09876139,3.45612035,1.73538552
9.0137854e-05,8.73800538e-05,-0.00992076649,0.63628856,2.10040023,3.4561076,1.73538549
9.0138854e-05,8.44916363e-05,-0.0222147029,0.63313706,2.10087233,3.45609741,1.73538547
9.0139854e-05,8.13330475e-05,-0.0344368349,0.630009409,2.10017619,3.45608978,1.73538544
9.0140854e-05,7.79143874e-05,-0.0465479797,0.626915632,2.09831403,3.45608466,1.73538541
9.0141854e-05,7.42465874e-05,-0.0585093206,0.623865646,2.0952918,3.45608202,1.73538538
9.0142854e-05,7.03413758e-05,-0.0702825325,0.620869223,2.09111916,3.45608182,1.73538536
9.0143854e-05,6.62112399e-05,-0.081829905,0.61793596,2.08580946,3.456084,1.73538533
9.0144854e-05,6.18693863e-05,-0.0931144642,0.615075249,2.07937967,3.4560885,1.7353853
9.0145854e-05,5.73296984e-05,-0.104100092,0.612296246,2.07185035,3.45609526,1.73538527
9.0146854e-05,5.26066926e-05,-0.114751639,0.609607841,2.06324555,3.4561042,1.73538524
9.0147854e-05,4.77154711e-05,-0.125035044,0.607018632,2.0535928,3.45611524,1.73538521
9.0148854e-05,4.26716741e-05,-0.134917435,0.604536894,2.04292295,3.45612831,1.73538518
9.0149854e-05,3.74914298e-05,-0.144367239,0.602170555,2.03127011,3.4561433,1.73538515
9.0150854e-05,3.21913024e-05,-0.15335428,0.599927172,2.01867153,3.45616012,1.73538511
9.0151854e-05,2.67882399e-05,-0.161849879,0.597813902,2.0051675,3.45617867,1.73538508
9.0152854e-05,2.1299519e-05,-0.16982694,0.595837484,1.99080117,3.45619884,1.73538505
9.0153854e-05,1.57426905e-05,-0.177260039,0.594004216,1.97561849,3.45622053,1.73538502
9.0154854e-05,1.0135523e-05,-0.184125503,0.592319936,1.95966797,3.45624363,1.73538498
9.0155854e-05,4.49594614e-06,-0.190401485,0.590790001,1.94300063,3.456268,1.73538495
9.0156854e-05,-1.15800705e-06,-0.196068031,0.589419274,1.92566974,3.45629354,1.73538492
9.0157854e-05,-6.80825737e-06,-0.201107146,0.588212105,1.9077307,3.45632011,1.73538488
9.0158854e-05,-1.24367376e-05,-0.205502845,0.587172323,1.88924087,3.4563476,1.73538485
9.0159854e-05,-1.80254499e-05,-0.209241207,0.586303216,1.87025935,3.45637586,1.73538482
9.0160854e-05,-2.35565239e-05,-0.212310415,0.585607529,1.85084683,3.45640478,1.73538478
9.0161854e-05,-2.90122733e-05,-0.214700792,0.58508745,1.83106537,3.4564342,1.73538475
9.0162854e-05,-3.43752527e-05,-0.216404833,0.584744608,1.8109782,3.45646401,1.73538471
9.0163854e-05,-3.96283136e-05,-0.217417223,0.584580064,1.79064954,3.45649406,1.73538468
9.0164854e-05,-4.47546585e-05,-0.217734858,0.584594311,1.77014439,3.45652422,1.73538465
9.0165854e-05,-4.97378954e-05,-0.217356846,0.584787271,1.74952828,3.45655435,1.73538461
9.0166854e-05,-5.456209e-05,-0.216284516,0.585158296,1.72886714,3.45658432,1.73538458
9.0167854e-05,-5.92118163e-05,-0.214521404,0.585706173,1.70822701,3.45661398,1.73538454
9.0168854e-05,-6.36722063e-05,-0.212073249,0.586429125,1.68767388,3.45664321,1.73538451
9.0169854e-05,-6.79289974e-05,-0.208947966,0.587324817,1.66727345,3.45667187,1.73538448
9.0170854e-05,-7.19685781e-05,-0.205155626,0.588390367,1.64709094,3.45669983,1.73538444
9.0171854e-05,-7.57780313e-05,-0.200708415,0.589622352,1.62719087,3.45672714,1.73538441
9.0172854e-05,-7.93451759e-05,-0.195620602,0.59101682,1.60763686,3.45675411,1.73538438
9.0173854e-05,-8.26586056e-05,-0.18990849,0.592569306,1.58849143,3.45678106,1.73538434
9.0174854e-05,-8.57077253e-05,-0.183590361,0.59427484,1.56981578,3.45680822,1.73538431
9.0175854e-05,-8.84827851e-05,-0.17668642,0.596127969,1.55166961,3.4568358,1.73538428
9.0176854e-05,-9.09749114e-05,-0.16921873,0.598122771,1.53411095,3.45686397,1.73538425
9.0177854e-05,-9.31761355e-05,-0.16121114,0.600252876,1.51719592,3.45689287,1.73538422
9.0178854e-05,-9.50794186e-05,-0.152689214,0.602511484,1.5009786,3.45692261,1.73538418
9.0179854e-05,-9.66786749e-05,-0.143680141,0.604891389,1.48551084,3.45695328,1.73538415
9.0180854e-05,-9.79687904e-05,-0.134212658,0.607384999,1.47084208,3.45698492,1.73538412
9.0181854e-05,-9.89456399e-05,-0.124316954,0.609984363,1.45701922,3.45701754,1.73538409
9.0182854e-05,-9.96060999e-05,-0.114024575,0.612681195,1.44408645,3.45705114,1.73538406
9.0183854e-05,-9.99480584e-05,-0.103368324,0.615466898,1.43208511,3.45708571,1.73538403
9.0184854e-05,-9.99704219e-05,-0.0923821593,0.618332596,1.42105358,3.45712113,1.735384
9.0185854e-05,-9.96731191e-05,-0.081101087,0.621269157,1.41102712,3.45715726,1.73538398
9.0186854e-05,-9.90571005e-05,-0.0695610489,0.624267225,1.40203778,3.45719401,1.73538395
9.0187854e-05,-9.81243359e-05,-0.0577988109,0.627317249,1.3941143,3.45723123,1.73538392
9.0188854e-05,-9.68778079e-05,-0.0458518466,0.63040951,1.387282,3.45726875,1.73538389
9.0189854e-05,-9.53215025e-05,-0.0337582189,0.633534156,1.38156275,3.45730635,1.73538387
9.0190854e-05,-9.34603961e-05,-0.0215564604,0.636681233,1.3769748,3.45734383,1.73538384
9.0191854e-05,-9.13004398e-05,-0.00928545173,0.63984071,1.37353284,3.45738095,1.73538382
9.0192854e-05,-8.88485403e-05,0.0030157009,0.64300252,1.37124787,3.45741747,1.73538379
9.0193854e-05,-8.61125378e-05,0.0153077893,0.646156584,1.37012718,3.45745312,1.73538377
9.0194854e-05,-8.31011809e-05,0.0275516269,0.649292847,1.37017437,3.45748765,1.73538374
9.0195854e-05,-7.9824099e-05,0.0397081727,0.652401309,1.37138927,3.45752078,1.73538372
9.0196854e-05,-7.62917706e-05,0.0517386546,0.655472054,1.37376802,3.45755222,1.7353837
9.0197854e-05,-7.2515491e-05,0.0636046919,0.658495287,1.37730299,3.45758172,1.73538367
9.0198854e-05,-6.8507335e-05,0.0752684174,0.661461358,1.38198289,3.45760898,1.73538365
9.0199854e-05,-6.42801194e-05,0.0866925973,0.6643608,1.38779276,3.45763375,1.73538363
9.0200854e-05,-5.98473609e-05,0.0978407492,0.667184353,1.39471402,3.45765576,1.73538361
9.0201854e-05,-5.5223234e-05,0.108677258,0.669922996,1.40272455,3.45767476,1.73538359
9.0202854e-05,-5.04225247e-05,0.119167492,0.672567975,1.41179874,3.45769052,1.73538357
9.0203854e-05,-4.54605838e-05,0.129277907,0.675110833,1.42190757,3.45770281,1.73538355
9.0204854e-05,-4.03532777e-05,0.138976161,0.677543436,1.43301872,3.45771143,1.73538353
9.0205854e-05,-3.51169375e-05,0.148231214,0.679857996,1.44509669,3.45771621,1.73538351
9.0206854e-05,-2.97683071e-05,0.157013427,0.6820471,1.45810285,3.45771698,1.73538349
9.0207854e-05,-2.43244892e-05,0.165294659,0.684103733,1.47199562,3.45771363,1.73538347
9.0208854e-05,-1.88028911e-05,0.173048357,0.686021299,1.4867306,3.45770606,1.73538345
9.0209854e-05,-1.32211687e-05,0.180249643,0.687793645,1.50226066,3.4576942,1.73538344
9.0210854e-05,-7.59717016e-06,0.186875391,0.689415077,1.51853618,3.45767802,1.73538342
9.0211854e-05,-1.94887882e-06,0.192904308,0.690880383,1.5355051,3.45765752,1.7353834
9.0212854e-05,3.70564428e-06,0.198316998,0.692184847,1.55311319,3.45763275,1.73538338
9.0213854e-05,9.34831817e-06,0.203096029,0.693324266,1.57130416,3.45760378,1.73538337
9.0214854e-05,1.49610998e-05,0.207225989,0.694294961,1.59001984,3.45757074,1.73538335
9.0215854e-05,2.05260416e-05,0.210693536,0.695093795,1.60920042,3.45753378,1.73538333
9.0216854e-05,2.60253492e-05,0.213487445,0.695718178,1.62878456,3.45749312,1.73538332
9.0217854e-05,3.14414379e-05,0.215598643,0.696166077,1.64870966,3.45744899,1.7353833
9.0218854e-05,3.67569891e-05,0.217020242,0.696436025,1.66891203,3.45740167,1.73538328
9.0219854e-05,4.19550057e-05,0.217747562,0.696527124,1.68932707,3.45735149,1.73538327
9.0220854e-05,4.70188667e-05,0.217778145,0.69643905,1.70988953,3.45729881,1.73538325
9.0221854e-05,5.19323796e-05,0.21711177,0.696172051,1.73053366,3.45724403,1.73538323
9.0222854e-05,5.6679833e-05,0.215750451,0.695726953,1.75119348,3.45718759,1.73538322
9.0223854e-05,6.12460465e-05,0.213698433,0.695105152,1.77180294,3.45712994,1.7353832
9.0224854e-05,6.56164189e-05,0.210962182,0.694308611,1.79229614,3.45707159,1.73538318
9.0225854e-05,6.97769756e-05,0.207550362,0.693339855,1.81260758,3.45701306,1.73538317
9.0226854e-05,7.37144128e-05,0.203473811,0.692201965,1.83267233,3.45695489,1.73538315
9.0227854e-05,7.741614e-05,0.198745507,0.690898565,1.85242624,3.45689765,1.73538313
9.0228854e-05,8.08703206e-05,0.193380525,0.689433811,1.87180615,3.45684165,1.73538312
9.0229854e-05,8.40659095e-05,0.187395992,0.687812382,1.89075012,3.45678695,1.7353831
9.0230854e-05,8.69926883e-05,0.180811033,0.686039458,1.90919758,3.45673366,1.73538308
9.0231854e-05,8.96412985e-05,0.173646707,0.684120711,1.92708955,3.45668188,1.73538306
9.0232854e-05,9.20032707e-05,0.165925942,0.682062282,1.94436885,3.45663176,1.73538304
9.0233854e-05,9.40710524e-05,0.157673461,0.679870761,1.96098022,3.45658341,1.73538303
9.0234854e-05,9.58380315e-05,0.148915701,0.677553169,1.97687056,3.45653693,1.73538301
9.0235854e-05,9.7298558e-05,0.139680729,0.675116936,1.99198907,3.45649242,1.73538299
9.0236854e-05,9.84479616e-05,0.129998154,0.672569869,2.00628742,3.45644999,1.73538297
9.0237854e-05,9.9282567e-05,0.119899026,0.669920139,2.0197199,3.45640973,1.73538295
9.0238854e-05,9.97997055e-05,0.10941574,0.667176244,2.03224356,3.4563717,1.73538292
9.0239854e-05,9.99977234e-05,0.0985819276,0.664346986,2.04381837,3.45633599,1.7353829
9.0240854e-05,9.98759876e-05,0.0874323518,0.661441444,2.05440733,3.45630265,1.73538288
9.0241854e-05,9.94348874e-05,0.076002791,0.658468941,2.06397658,3.45627176,1.73538286
9.0242854e-05,9.86758332e-05,0.0643299244,0.655439017,2.07249553,3.45624334,1.73538284
9.0243854e-05,9.76012521e-05,0.0524512128,0.652361395,2.07993695,3.45621745,1.73538281
9.0244854e-05,9.62145803e-05,0.0404047771,0.64924595,2.08627704,3.4561941,1.73538279
9.0245854e-05,9.45202517e-05,0.0282292745,0.646102681,2.09149554,3.45617333,1.73538277
9.0246854e-05,9.25236843e-05,0.0159637733,0.642941673,2.09557576,3.45615514,1.73538274
9.0247854e-05,9.02312622e-05,0.00364762624,0.639773068,2.09850467,3.45613954,1.73538272
9.0248854e-05,8.76503157e-05,-0.00867965736,0.63660703,2.10027289,3.45612652,1.73538269
9.0249854e-05,8.47890977e-05,-0.0209785392,0.633453714,2.10087477,3.45611608,1.73538266
9.0250854e-05,8.16567572e-05,-0.0332095804,0.630323231,2.10030839,3.45610818,1.73538264
9.0251854e-05,7.82633102e-05,-0.0453335684,0.627225617,2.09857556,3.45610281,1.73538261
9.0252854e-05,7.46196077e-05,-0.0573116445,0.6241708,2.09568182,3.45609992,1.73538258
9.0253854e-05,7.07373008e-05,-0.0691054285,0.621168568,2.09163642,3.45609947,1.73538255
9.0254854e-05,6.66288036e-05,-0.0806771431,0.618228538,2.08645229,3.45610141,1.73538253
9.0255854e-05,6.23072534e-05,-0.0919897351,0.615360123,2.080146,3.45610567,1.7353825
9.0256854e-05,5.7786469e-05,-0.103006995,0.612572504,2.07273772,3.4561122,1.73538247
9.0257854e-05,5.30809059e-05,-0.113693672,0.6098746,2.06425112,3.45612092,1.73538244
9.0258854e-05,4.82056108e-05,-0.124015588,0.607275039,2.05471335,3.45613175,1.73538241
9.0259854e-05,4.3176173e-05,-0.133939749,0.604782129,2.04415488,3.45614461,1.73538238
9.0260854e-05,3.80086746e-05,-0.143434446,0.602403836,2.03260948,3.45615941,1.73538234
9.0261854e-05,3.27196393e-05,-0.152469358,0.600147753,2.02011405,3.45617604,1.73538231
9.0262854e-05,2.73259793e-05,-0.161015652,0.598021079,2.00670854,3.45619442,1.73538228
9.0263854e-05,2.18449415e-05,-0.169046068,0.596030598,1.99243581,3.45621443,1.73538225
9.0264854e-05,1.62940521e-05,-0.17653501,0.594182651,1.97734148,3.45623597,1.73538222
9.0265854e-05,1.06910607e-05,-0.183458625,0.592483124,1.96147381,3.45625892,1.73538218
9.0266854e-05,5.05388345e-06,-0.18979488,0.590937423,1.94488352,3.45628317,1.73538215
9.0267854e-05,-5.99454166e-07,-0.195523627,0.589550462,1.92762366,3.45630859,1.73538212
9.0268854e-05,-6.25087496e-06,-0.200626671,0.588326643,1.90974939,3.45633506,1.73538208
9.0269854e-05,-1.18823079e-05,-0.205087823,0.587269847,1.89131787,3.45636245,1.73538205
9.0270854e-05,-1.74757458e-05,-0.208892951,0.586383418,1.87238802,3.45639064,1.73538202
9.0271854e-05,-2.30133032e-05,-0.212030024,0.585670156,1.85302034,3.45641949,1.73538198
9.0272854e-05,-2.84772729e-05,-0.21448915,0.585132306,1.83327677,3.45644887,1.73538195
9.0273854e-05,-3.38501834e-05,-0.216262603,0.584771553,1.81322041,3.45647864,1.73538191
9.0274854e-05,-3.91148543e-05,-0.217344847,0.584589015,1.79291539,3.45650866,1.73538188
9.0275854e-05,-4.42544511e-05,-0.217732554,0.584585242,1.77242662,3.45653881,1.73538185
9.0276854e-05,-4.92525394e-05,-0.217424609,0.584760214,1.75181959,3.45656895,1.73538181
9.0277854e-05,-5.40931373e-05,-0.216422117,0.585113342,1.7311602,3.45659893,1.73538178
9.0278854e-05,-5.87607665e-05,-0.214728394,0.585643467,1.71051447,3.45662863,1.73538174
9.0279854e-05,-6.32405016e-05,-0.212348956,0.586348871,1.68994842,3.4566579,1.73538171
9.0280854e-05,-6.75180183e-05,-0.209291501,0.587227273,1.66952779,3.45668662,1.73538168
9.0281854e-05,-7.15796387e-05,-0.205565882,0.588275847,1.64931786,3.45671465,1.73538164
9.0282854e-05,-7.54123753e-05,-0.201184076,0.589491223,1.62938325,3.45674201,1.73538161
9.0283854e-05,-7.90039725e-05,-0.196160143,0.590869503,1.60978768,3.45676898,1.73538158
9.0284854e-05,-8.23429458e-05,-0.190510183,0.592406272,1.59059381,3.45679591,1.73538154
9.0285854e-05,-8.54186185e-05,-0.18425228,0.594096611,1.57186298,3.45682302,1.73538151
9.0286854e-05,-8.82211558e-05,-0.177406449,0.595935114,1.55365509,3.45685053,1.73538148
9.0287854e-05,-9.07415962e-05,-0.169994569,0.597915908,1.53602834,3.4568786,1.73538145
9.0288854e-05,-9.29718804e-05,-0.162040312,0.600032664,1.51903909,3.4569074,1.73538141
9.0289854e-05,-9.49048767e-05,-0.153569072,0.602278626,1.50274164,3.45693703,1.73538138
9.0290854e-05,-9.65344043e-05,-0.144607879,0.604646628,1.4871881,3.45696757,1.73538135
9.0291854e-05,-9.78552525e-05,-0.135185316,0.607129115,1.4724282,3.45699908,1.73538132
9.0292854e-05,-9.88631977e-05,-0.125331432,0.609718173,1.45850912,3.45703159,1.73538129
9.0293854e-05,-9.9555017e-05,-0.115077637,0.612405546,1.44547536,3.45706506,1.73538126
9.0294854e-05,-9.99284982e-05,-0.104456616,0.61518267,1.43336858,3.45709951,1.73538123
9.0295854e-05,-9.9982447e-05,-0.0935022128,0.618040694,1.42222749,3.45713482,1.7353812
9.0296854e-05,-9.97166909e-05,-0.082249333,0.620970512,1.41208771,3.45717086,1.73538117
9.0297854e-05,-9.91320797e-05,-0.070733829,0.623962788,1.40298165,3.45720753,1.73538115
9.0298854e-05,-9.82304828e-05,-0.0589923886,0.627007989,1.39493843,3.4572447,1.73538112
9.0299854e-05,-9.70147831e-05,-0.0470624191,0.630096413,1.38798375,3.45728217,1.73538109
9.0300854e-05,-9.5488868e-05,-0.0349819291,0.633218221,1.38213985,3.45731975,1.73538107
9.0301854e-05,-9.36576167e-05,-0.022789409,0.636363465,1.37742542,3.45735724,1.73538104
9.0302854e-05,-9.15268849e-05,-0.0105237097,0.639522123,1.37385552,3.4573944,1.73538101
9.0303854e-05,-8.91034857e-05,0.00177608012,0.642684128,1.37144156,3.45743098,1.73538099
9.0304854e-05,-8.63951684e-05,0.0140707573,0.645839403,1.37019126,3.45746673,1.73538096
9.0305854e-05,-8.3410593e-05,0.0263211279,0.648977888,1.37010862,3.45750138,1.73538094
9.0306854e-05,-8.01593031e-05,0.0384881307,0.652089576,1.37119391,3.45753466,1.73538092
9.0307854e-05,-7.6651695e-05,0.0505329614,0.655164542,1.37344364,3.45756629,1.73538089
9.0308854e-05,-7.28989846e-05,0.0624171947,0.658192977,1.37685064,3.457596,1.73538087
9.0309854e-05,-6.89131717e-05,0.0741029064,0.661165215,1.381404,3.45762351,1.73538085
9.0310854e-05,-6.47070014e-05,0.0855527939,0.66407177,1.38708917,3.45764855,1.73538083
9.0311854e-05,-6.02939233e-05,0.096730294,0.666903358,1.39388797,3.45767087,1.73538081
9.0312854e-05,-5.56880487e-05,0.1075997,0.669650935,1.40177867,3.4576902,1.73538079
9.0313854e-05,-5.09041055e-05,0.118126274,0.672305718,1.41073604,3.45770631,1.73538076
9.0314854e-05,-4.59573908e-05,0.128276361,0.674859218,1.42073144,3.45771898,1.73538074
9.0315854e-05,-4.08637223e-05,0.138017491,0.677303268,1.43173293,3.45772801,1.73538073
9.0316854e-05,-3.56393876e-05,0.147318489,0.679630045,1.44370532,3.45773321,1.73538071
9.0317854e-05,-3.03010919e-05,0.156149571,0.681832096,1.45661035,3.45773442,1.73538069
9.0318854e-05,-2.48659052e-05,0.164482441,0.683902365,1.47040675,3.45773152,1.73538067
9.0319854e-05,-1.93512071e-05,0.172290382,0.685834213,1.48505043,3.45772441,1.73538065
9.0320854e-05,-1.37746313e-05,0.179548344,0.687621442,1.50049456,3.45771301,1.73538063
9.0321854e-05,-8.15400962e-06,0.186233021,0.68925831,1.51668977,3.4576973,1.73538062
9.0322854e-05,-2.50731459e-06,0.192322932,0.690739556,1.53358429,3.45767727,1.7353806
9.0323854e-05,3.14739784e-06,0.197798488,0.692060414,1.55112411,3.45765296,1.73538058
9.0324854e-05,8.79204613e-06,0.202642055,0.693216628,1.56925315,3.45762444,1.73538056
9.0325854e-05,1.44085809e-05,0.206838017,0.694204466,1.58791346,3.45759184,1.73538055
9.0326854e-05,1.99790426e-05,0.21037282,0.695020736,1.60704538,3.4575553,1.73538053
9.0327854e-05,2.54856192e-05,0.213235024,0.695662791,1.62658775,3.45751503,1.73538051
9.0328854e-05,3.09107026e-05,0.215415339,0.696128544,1.64647809,3.45747127,1.7353805
9.0329854e-05,3.62369457e-05,0.216906655,0.696416469,1.66665283,3.45742428,1.73538048
9.0330854e-05,4.14473172e-05,0.217704068,0.696525611,1.68704745,3.4573744,1.73538046
9.0331854e-05,4.65251563e-05,0.217804897,0.696455588,1.70759677,3.45732198,1.73538045
9.0332854e-05,5.14542261e-05,0.217208694,0.696206591,1.72823509,3.45726741,1.73538043
9.0333854e-05,5.62187654e-05,0.215917249,0.695779387,1.74889643,3.45721112,1.73538041
9.0334854e-05,6.08035389e-05,0.213934582,0.695175315,1.76951473,3.45715359,1.7353804
9.0335854e-05,6.51938865e-05,0.211266936,0.69439628,1.7900241,3.45709529,1.73538038
9.0336854e-05,6.93757694e-05,0.207922755,0.693444753,1.81035896,3.45703676,1.73538036
9.0337854e-05,7.33358157e-05,0.203912658,0.692323758,1.8304543,3.45697853,1.73538035
9.0338854e-05,7.70613626e-05,0.19924941,0.691036865,1.85024588,3.45692117,1.73538033
9.0339854e-05,8.05404974e-05,0.193947877,0.689588177,1.86967043,3.45686503,1.73538031
9.0340854e-05,8.3762095e-05,0.188024982,0.68798232,1.88866586,3.45681019,1.7353803
9.0341854e-05,8.67158542e-05,0.181499649,0.686224425,1.90717143,3.45675674,1.73538028
9.0342854e-05,8.93923298e-05,0.174392747,0.684320116,1.92512798,3.45670481,1.73538026
9.0343854e-05,9.17829636e-05,0.166727017,0.682275485,1.94247811,3.45665451,1.73538024
9.0344854e-05,9.38801113e-05,0.158527005,0.68009708,1.95916636,3.45660597,1.73538022
9.0345854e-05,9.5677067e-05,0.14981898,0.67779188,1.97513937,3.45655929,1.7353802
9.0346854e-05,9.71680848e-05,0.140630848,0.675367272,1.99034607,3.45651458,1.73538018
9.0347854e-05,9.83483969e-05,0.130992066,0.672831029,2.00473786,3.45647193,1.73538016
9.0348854e-05,9.92142292e-05,0.120933543,0.670191284,2.01826872,3.45643144,1.73538014
9.0349854e-05,9.97628131e-05,0.110487543,0.667456504,2.03089539,3.45639318,1.73538012
9.0350854e-05,9.99923944e-05,0.0996875788,0.664635463,2.04257752,3.45635723,1.7353801
9.0351854e-05,9.9902239e-05,0.0885683029,0.661737212,2.05327774,3.45632365,1.73538008
9.0352854e-05,9.94926352e-05,0.0771653968,0.658771052,2.06296187,3.4562925,1.73538006
9.0353854e-05,9.87648928e-05,0.0655154538,0.6557465,2.07159892,3.45626383,1.73538003
9.0354854e-05,9.77213387e-05,0.0536558612,0.652673263,2.0791613,3.45623767,1.73538001
9.0355854e-05,9.63653099e-05,0.0416246785,0.649561203,2.08562483,3.45621407,1.73537999
9.0356854e-05,9.47011424e-05,0.0294605143,0.646420307,2.09096884,3.45619303,1.73537996
9.0357854e-05,9.27341576e-05,0.0172024008,0.643260653,2.09517625,3.45617458,1.73537994
9.0358854e-05,9.04706452e-05,0.00488966761,0.640092379,2.09823361,3.45615871,1.73537991
9.0359854e-05,8.79178428e-05,-0.00743818632,0.636925647,2.10013114,3.45614543,1.73537989
9.0360854e-05,8.50839135e-05,-0.0197416201,0.633770616,2.10086278,3.45613472,1.73537986
9.0361854e-05,8.19779191e-05,-0.0319811794,0.630637401,2.10042619,3.45612657,1.73537983
9.0362854e-05,7.86097912e-05,-0.0441176234,0.627536048,2.09882276,3.45612094,1.73537981
9.0363854e-05,7.49902998e-05,-0.0561120524,0.624476498,2.09605762,3.4561178,1.73537978
9.0364854e-05,7.11310187e-05,-0.0679260327,0.621468553,2.09213961,3.4561171,1.73537975
9.0365854e-05,6.70442884e-05,-0.079521721,0.61852185,2.08708125,3.45611879,1.73537972
9.0366854e-05,6.27431766e-05,-0.0908619859,0.615645822,2.08089872,3.45612282,1.73537969
9.0367854e-05,5.82414365e-05,-0.101910528,0.612849676,2.07361177,3.45612912,1.73537966
9.0368854e-05,5.35534631e-05,-0.112631994,0.610142358,2.06524371,3.45613762,1.73537963
9.0369854e-05,4.86942465e-05,-0.122992096,0.607532527,2.05582129,3.45614824,1.7353796
9.0370854e-05,4.36793247e-05,-0.132957713,0.605028525,2.04537463,3.45616089,1.73537957
9.0371854e-05,3.85247335e-05,-0.142497003,0.602638352,2.03393712,3.45617549,1.73537954
9.0372854e-05,3.32469553e-05,-0.151579501,0.60036964,2.02154533,3.45619194,1.73537951
9.0373854e-05,2.78628662e-05,-0.160176221,0.59822963,2.00823888,3.45621014,1.73537948
9.0374854e-05,2.23896825e-05,-0.168259739,0.596225147,1.9940603,3.45622999,1.73537945
9.0375854e-05,1.68449054e-05,-0.175804289,0.594362579,1.97905492,3.45625138,1.73537941
9.0376854e-05,1.12462648e-05,-0.18278584,0.592647858,1.96327071,3.45627419,1.73537938
9.0377854e-05,5.61166307e-06,-0.18918217,0.591086439,1.94675814,3.4562983,1.73537935
9.0378854e-05,-4.08825827e-08,-0.19497294,0.589683287,1.92956999,3.45632361,1.73537932
9.0379854e-05,-5.69329751e-06,-0.200139756,0.588442855,1.9117612,3.45634997,1.73537928
9.0380854e-05,-1.13275075e-05,-0.204666223,0.587369078,1.89338872,3.45637728,1.73537925
9.0381854e-05,-1.69254965e-05,-0.208538001,0.586465355,1.87451127,3.45640538,1.73537921
9.0382854e-05,-2.24693644e-05,-0.211742846,0.585734539,1.85518921,3.45643417,1.73537918
9.0383854e-05,-2.7941384e-05,-0.214270648,0.585178934,1.83548431,3.45646349,1.73537915
9.0384854e-05,-3.3324058e-05,-0.216113462,0.584800279,1.81545956,3.45649322,1.73537911
9.0385854e-05,-3.86001746e-05,-0.21726553,0.584599751,1.79517897,3.45652323,1.73537908
9.0386854e-05,-4.3752863e-05,-0.217723302,0.584577957,1.77470739,3.45655336,1.73537904
9.0387854e-05,-4.87656467e-05,-0.217485441,0.584734935,1.75411026,3.4565835,1.73537901
9.0388854e-05,-5.36224969e-05,-0.216552825,0.585070152,1.73345342,3.4566135,1.73537898
9.0389854e-05,-5.83078833e-05,-0.21492855,0.585582508,1.71280291,3.45664323,1.73537894
9.0390854e-05,-6.28068238e-05,-0.212617911,0.586270339,1.69222475,3.45667255,1.73537891
9.0391854e-05,-6.71049326e-05,-0.209628386,0.587131422,1.67178473,3.45670132,1.73537887
9.0392854e-05,-7.11884659e-05,-0.205969613,0.588162985,1.65154819,3.45672942,1.73537884
9.0393854e-05,-7.50443663e-05,-0.201653356,0.589361712,1.63157982,3.45675683,1.73537881
9.0394854e-05,-7.86603041e-05,-0.196693467,0.590723759,1.61194347,3.45678381,1.73537877
9.0395854e-05,-8.20247169e-05,-0.191105842,0.592244761,1.5927019,3.45681071,1.73537874
9.0396854e-05,-8.51268467e-05,-0.18490837,0.59391985,1.57391664,3.45683778,1.73537871
9.0397854e-05,-8.7956774e-05,-0.178120871,0.595743669,1.55564774,3.45686522,1.73537868
9.0398854e-05,-9.05054498e-05,-0.170765041,0.597710388,1.5379536,3.45689321,1.73537864
9.0399854e-05,-9.27647245e-05,-0.162864374,0.599813728,1.52089079,3.4569219,1.73537861
9.0400854e-05,-9.47273737e-05,-0.154444093,0.602046972,1.50451386,3.45695141,1.73537858
9.0401854e-05,-9.63871218e-05,-0.145531068,0.604402994,1.48887517,3.45698183,1.73537855
9.0402854e-05,-9.77386614e-05,-0.136153729,0.606874279,1.47402471,3.45701322,1.73537852
9.0403854e-05,-9.8777671e-05,-0.12634198,0.609452947,1.46000996,3.45704559,1.73537849
9.0404854e-05,-9.9500828e-05,-0.1161271,0.612130777,1.44687571,3.45707895,1.73537846
9.0405854e-05,-9.99058202e-05,-0.105541648,0.614899232,1.43466397,3.45711328,1.73537843
9.0406854e-05,-9.99913525e-05,-0.0946193565,0.617749491,1.42341377,3.45714848,1.7353784
9.0407854e-05,-9.97571515e-05,-0.083395029,0.620672471,1.41316107,3.45718442,1.73537837
9.0408854e-05,-9.9203966e-05,-0.071904427,0.62365886,1.40393865,3.45722102,1.73537834
9.0409854e-05,-9.83335649e-05,-0.0601841591,0.626699142,1.395776,3.45725812,1.73537832
9.0410854e-05,-9.71487314e-05,-0.0482715649,0.629783631,1.38869922,3.45729554,1.73537829
9.0411854e-05,-9.56532542e-05,-0.0362045978,0.6329025,1.38273091,3.45733311,1.73537826
9.0412854e-05,-9.38519151e-05,-0.0240217047,0.636045811,1.37789017,3.4573706,1.73537824
9.0413854e-05,-9.17504743e-05,-0.0117617054,0.639203549,1.37419246,3.45740779,1.73537821
9.0414854e-05,-8.93556511e-05,0.000536330137,0.642365649,1.37164962,3.45744443,1.73537819
9.0415854e-05,-8.66751035e-05,0.0128332049,0.645522034,1.37026976,3.45748027,1.73537816
9.0416854e-05,-8.37174027e-05,0.0250897187,0.648662641,1.3700573,3.45751504,1.73537814
9.0417854e-05,-8.04920062e-05,0.0372667918,0.651777457,1.37101292,3.45754847,1.73537811
9.0418854e-05,-7.70092277e-05,0.0493255886,0.654856546,1.37313356,3.45758028,1.73537809
9.0419854e-05,-7.32802038e-05,0.0612276403,0.657890086,1.37641244,3.4576102,1.73537807
9.0420854e-05,-6.93168583e-05,0.0729349672,0.660868398,1.38083908,3.45763796,1.73537805
9.0421854e-05,-6.51318645e-05,0.0844101988,0.663781973,1.38639932,3.45766327,1.73537802
9.0422854e-05,-6.07386044e-05,0.0956166924,0.666621507,1.39307539,3.45768589,1.735378
9.0423854e-05,-5.6151126e-05,0.10651865,0.66937793,1.40084595,3.45770555,1.73537798
9.0424854e-05,-5.13840982e-05,0.117081232,0.672042432,1.40968616,3.45772202,1.73537796
9.0425854e-05,-4.6452764e-05,0.127270668,0.674606495,1.41956775,3.45773507,1.73537794
9.0426854e-05,-4.1372892e-05,0.137054365,0.677061915,1.43045912,3.45774449,1.73537792
9.0427854e-05,-3.61607257e-05,0.146401014,0.679400834,1.44232547,3.45775011,1.7353779
9.0428854e-05,-3.08329314e-05,0.155280685,0.681615762,1.45512886,3.45775176,1.73537788
9.0429854e-05,-2.54065454e-05,0.16366493,0.683699602,1.46882835,3.45774931,1.73537787
9.0430854e-05,-1.98989193e-05,0.171526867,0.685645671,1.48338014,3.45774266,1.73537785
9.0431854e-05,-1.43276641e-05,0.178841276,0.687447726,1.49873773,3.45773173,1.73537783
9.0432854e-05,-8.71059467e-06,0.185584671,0.689099979,1.514852,3.45771649,1.73537781
9.0433854e-05,-3.06567214e-06,0.191735385,0.690597119,1.53167145,3.45769692,1.73537779
9.0434854e-05,2.58905321e-06,0.197273634,0.691934329,1.5491423,3.45767307,1.73537778
9.0435854e-05,8.23549978e-06,0.202181586,0.693107301,1.5672087,3.45764501,1.73537776
9.0436854e-05,1.38556124e-05,0.206443418,0.694112251,1.58581289,3.45761284,1.73537774
9.0437854e-05,1.94314202e-05,0.210045367,0.694945931,1.60489541,3.45757673,1.73537773
9.0438854e-05,2.49450939e-05,0.212975779,0.69560564,1.62439523,3.45753685,1.73537771
9.0439854e-05,3.0379003e-05,0.215225144,0.696089232,1.64425004,3.45749346,1.73537769
9.0440854e-05,3.57157718e-05,0.216786132,0.696395126,1.66439634,3.45744681,1.73537768
9.0441854e-05,4.09383355e-05,0.217653616,0.696522309,1.68476974,3.45739723,1.73537766
9.0442854e-05,4.60299943e-05,0.21782469,0.69647034,1.70530511,3.45734507,1.73537764
9.0443854e-05,5.09744672e-05,0.217298682,0.696239353,1.72593679,3.45729071,1.73537763
9.0444854e-05,5.57559437e-05,0.216077155,0.695830058,1.74659884,3.4572346,1.73537761
9.0445854e-05,6.03591343e-05,0.214163906,0.695243735,1.76722519,3.45717717,1.73537759
9.0446854e-05,6.476932e-05,0.211564954,0.694482233,1.7877499,3.45711894,1.73537758
9.0447854e-05,6.89723987e-05,0.208288521,0.693547966,1.80810737,3.45706041,1.73537756
9.0448854e-05,7.29549305e-05,0.204345011,0.692443903,1.82823251,3.45700213,1.73537754
9.0449854e-05,7.67041809e-05,0.199746972,0.691173558,1.84806099,3.45694465,1.73537753
9.0450854e-05,8.02081612e-05,0.194509061,0.689740983,1.86752941,3.45688837,1.73537751
9.0451854e-05,8.34556672e-05,0.188647995,0.68815075,1.88657554,3.45683339,1.73537749
9.0452854e-05,8.64363144e-05,0.182182501,0.686407942,1.90513849,3.4567798,1.73537747
9.0453854e-05,8.9140572e-05,0.175133252,0.684518131,1.92315892,3.4567277,1.73537746
9.0454854e-05,9.15597928e-05,0.167522807,0.682487366,1.94057921,3.45667723,1.73537744
9.0455854e-05,9.36862411e-05,0.15937553,0.680322148,1.95734367,3.4566285,1.73537742
9.0456854e-05,9.55131174e-05,0.150717521,0.678029413,1.97339871,3.45658163,1.7353774
9.0457854e-05,9.70345799e-05,0.141576526,0.675616509,1.98869301,3.45653671,1.73537738
9.0458854e-05,9.82457637e-05,0.131981848,0.673091171,2.00317766,3.45649385,1.73537736
9.0459854e-05,9.91427959e-05,0.121964255,0.670461497,2.01680637,3.45645313,1.73537734
9.0460854e-05,9.9722808e-05,0.111555879,0.667735921,2.02953556,3.45641464,1.73537732
9.0461854e-05,9.99839455e-05,0.100790111,0.664923188,2.04132453,3.45637845,1.7353773
9.0462854e-05,9.99253733e-05,0.0897014925,0.662032321,2.05213561,3.45634462,1.73537728
9.0463854e-05,9.95472788e-05,0.0783256077,0.659072598,2.06193422,3.45631322,1.73537725
9.0464854e-05,9.88508708e-05,0.0666989626,0.656053515,2.07068904,3.4562843,1.73537723
9.0465854e-05,9.78383764e-05,0.0548588698,0.652984762,2.07837209,3.45625788,1.73537721
9.0466854e-05,9.65130329e-05,0.0428433262,0.649876187,2.0849588,3.45623402,1.73537718
9.0467854e-05,9.48790784e-05,0.0306908905,0.646737765,2.09042811,3.45621272,1.73537716
9.0468854e-05,9.29417376e-05,0.0184405576,0.643579567,2.09476254,3.456194,1.73537714
9.0469854e-05,9.07072054e-05,0.00613163265,0.640411724,2.09794823,3.45617787,1.73537711
9.0470854e-05,8.81826269e-05,-0.00619639704,0.6372444,2.099975,3.45616432,1.73537708
9.0471854e-05,8.53760748e-05,-0.0185039893,0.634087754,2.10083637,3.45615335,1.73537706
9.0472854e-05,8.22965232e-05,-0.0307516756,0.630951908,2.10052958,3.45614494,1.73537703
9.0473854e-05,7.89538195e-05,-0.0429001881,0.627846916,2.09905561,3.45613905,1.73537701
9.0474854e-05,7.53586522e-05,-0.0549105874,0.624782729,2.09641918,3.45613566,1.73537698
9.0475854e-05,7.15225174e-05,-0.0667443874,0.621769168,2.09262871,3.45613471,1.73537695
9.0476854e-05,6.74576814e-05,-0.0783636801,0.618815884,2.08769633,3.45613616,1.73537692
9.0477854e-05,6.31771421e-05,-0.0897312572,0.615932335,2.08163779,3.45613995,1.73537689
9.0478854e-05,5.86945869e-05,-0.10081073,0.613127751,2.07447248,3.45614602,1.73537686
9.0479854e-05,5.40243493e-05,-0.111566647,0.610411105,2.06622328,3.4561543,1.73537683
9.0480854e-05,4.91813629e-05,-0.121964605,0.607791087,2.05691659,3.4561647,1.7353768
9.0481854e-05,4.41811137e-05,-0.131971362,0.605276071,2.04658214,3.45617715,1.73537677
9.0482854e-05,3.90395905e-05,-0.141554944,0.602874094,2.03525297,3.45619155,1.73537674
9.0483854e-05,3.37732339e-05,-0.150684742,0.600592825,2.02296532,3.45620782,1.73537671
9.0484854e-05,2.83988837e-05,-0.159331616,0.598439546,2.00975844,3.45622584,1.73537668
9.0485854e-05,2.29337249e-05,-0.167467983,0.596421125,1.99567458,3.45624553,1.73537664
9.0486854e-05,1.73952331e-05,-0.175067905,0.594543994,1.98075874,3.45626676,1.73537661
9.0487854e-05,1.1801118e-05,-0.182107172,0.592814133,1.96505863,3.45628942,1.73537658
9.0488854e-05,6.16926761e-06,-0.188563378,0.591237045,1.94862442,3.45631341,1.73537655
9.0489854e-05,5.17690276e-07,-0.194415992,0.589817744,1.93150865,3.45633859,1.73537651
9.0490854e-05,-5.13554243e-06,-0.199646419,0.588560738,1.91376605,3.45636485,1.73537648
9.0491854e-05,-1.07723537e-05,-0.204238062,0.587470013,1.89545333,3.45639206,1.73537645
9.0492854e-05,-1.63747191e-05,-0.208176372,0.586549022,1.87662904,3.45642009,1.73537641
9.0493854e-05,-2.19247246e-05,-0.211448892,0.585800675,1.85735336,3.45644881,1.73537638
9.0494854e-05,-2.74046234e-05,-0.214045294,0.58522733,1.8376879,3.45647808,1.73537634
9.0495854e-05,-3.27968928e-05,-0.215957416,0.584830785,1.81769554,3.45650777,1.73537631
9.0496854e-05,-3.80842906e-05,-0.217179278,0.584612272,1.7974402,3.45653775,1.73537628
9.0497854e-05,-4.32499097e-05,-0.217707106,0.584572457,1.77698661,3.45656787,1.73537624
9.0498854e-05,-4.82772325e-05,-0.21753934,0.584711434,1.75640018,3.45659801,1.73537621
9.0499854e-05,-5.31501834e-05,-0.216676636,0.585028729,1.73574672,3.45662803,1.73537617
9.0500854e-05,-5.78531809e-05,-0.215121866,0.585523297,1.71509224,3.45665778,1.73537614
9.0501854e-05,-6.23711864e-05,-0.212880104,0.586193532,1.69450279,3.45668714,1.73537611
9.0502854e-05,-6.66897531e-05,-0.209958609,0.587037267,1.67404419,3.45671597,1.73537607
9.0503854e-05,-7.07950721e-05,-0.206366803,0.588051785,1.65378183,3.45674415,1.73537604
9.0504854e-05,-7.4674016e-05,-0.202116237,0.589233825,1.63378049,3.4567716,1.73537601
9.0505854e-05,-7.83141815e-05,-0.197220554,0.590579593,1.61410413,3.45679859,1.73537597
9.0506854e-05,-8.17039288e-05,-0.191695448,0.592084779,1.59481563,3.45682547,1.73537594
9.0507854e-05,-8.48324188e-05,-0.185558607,0.593744564,1.57597668,3.4568525,1.73537591
9.0508854e-05,-8.76896478e-05,-0.178829661,0.595553638,1.55764748,3.45687987,1.73537587
9.0509854e-05,-9.02664795e-05,-0.171530118,0.597506221,1.53988665,3.45690777,1.73537584
9.0510854e-05,-9.25546742e-05,-0.163683296,0.599596076,1.52275097,3.45693636,1.73537581
9.0511854e-05,-9.45469152e-05,-0.155314246,0.601816529,1.5062952,3.45696576,1.73537578
9.0512854e-05,-9.6236832e-05,-0.146449675,0.604160497,1.49057197,3.45699607,1.73537575
9.0513854e-05,-9.76190209e-05,-0.13711786,0.606620501,1.47563154,3.45702733,1.73537572
9.0514854e-05,-9.86890623e-05,-0.127348561,0.609188696,1.46152166,3.45705957,1.73537569
9.0515854e-05,-9.94435345e-05,-0.117172923,0.611856896,1.44828746,3.4570928,1.73537566
9.0516854e-05,-9.98800251e-05,-0.106623379,0.614616594,1.43597123,3.45712701,1.73537563
9.0517854e-05,-9.99971383e-05,-0.0957335494,0.617458997,1.42461236,3.45716211,1.7353756
9.0518854e-05,-9.97944996e-05,-0.0845381329,0.620375047,1.41424715,3.45719795,1.73537557
9.0519854e-05,-9.92727571e-05,-0.0730727998,0.623355452,1.40490874,3.45723446,1.73537554
9.0520854e-05,-9.8433579e-05,-0.0613740782,0.626390718,1.39662699,3.4572715,1.73537551
9.0521854e-05,-9.72796486e-05,-0.0494792394,0.629471173,1.38942837,3.45730888,1.73537549
9.0522854e-05,-9.5814656e-05,-0.0374261797,0.632587004,1.38333589,3.45734643,1.73537546
9.0523854e-05,-9.40432854e-05,-0.0252533016,0.635728283,1.37836903,3.45738392,1.73537543
9.0524854e-05,-9.1971201e-05,-0.0129993926,0.638884999,1.37454367,3.45742114,1.73537541
9.0525854e-05,-8.96050286e-05,-0.000703502788,0.642047094,1.37187204,3.45745784,1.73537538
9.0526854e-05,-8.69523343e-05,0.0115951784,0.645204489,1.37036268,3.45749376,1.73537536
9.0527854e-05,-8.40216003e-05,0.0238574457,0.648347119,1.3700204,3.45752864,1.73537533
9.0528854e-05,-8.0822198e-05,0.0360442019,0.651464963,1.37084632,3.45756222,1.73537531
9.0529854e-05,-7.73643578e-05,0.0481165815,0.654548077,1.37283778,3.45759421,1.73537529
9.0530854e-05,-7.36591366e-05,0.0600360736,0.657586627,1.37598841,3.45762434,1.73537526
9.0531854e-05,-6.97183821e-05,0.0717646439,0.660570917,1.38028815,3.45765233,1.73537524
9.0532854e-05,-6.55546955e-05,0.0832648552,0.66349142,1.38572325,3.45767792,1.73537522
9.0533854e-05,-6.11813905e-05,0.0944999866,0.66633881,1.39227634,3.45770083,1.7353752
9.0534854e-05,-5.66124513e-05,0.10543415,0.669103992,1.39992645,3.45772082,1.73537518
9.0535854e-05,-5.18624876e-05,0.116032404,0.671778129,1.40864914,3.45773764,1.73537516
9.0536854e-05,-4.69466878e-05,0.126260866,0.674352672,1.41841652,3.45775106,1.73537514
9.0537854e-05,-4.18807708e-05,0.136086821,0.676819384,1.42919736,3.45776088,1.73537512
9.0538854e-05,-3.66809355e-05,0.145478824,0.679170372,1.44095719,3.45776692,1.7353751
9.0539854e-05,-3.13638088e-05,0.154406804,0.681398107,1.45365843,3.45776901,1.73537508
9.0540854e-05,-2.59463929e-05,0.162842157,0.683495452,1.46726046,3.45776701,1.73537506
9.0541854e-05,-2.04460106e-05,0.170757842,0.685455681,1.48171981,3.45776081,1.73537504
9.0542854e-05,-1.48802499e-05,0.178128466,0.687272505,1.49699024,3.45775035,1.73537503
9.0543854e-05,-9.26690795e-06,0.184930367,0.68894009,1.51302294,3.45773557,1.73537501
9.0544854e-05,-3.62393404e-06,0.191141689,0.690453077,1.52976664,3.45771648,1.73537499
9.0545854e-05,2.03062779e-06,0.196742457,0.691806597,1.54716784,3.45769309,1.73537497
9.0546854e-05,7.67869647e-06,0.20171464,0.692996291,1.56517089,3.45766548,1.73537496
9.0547854e-05,1.33022117e-05,0.206042208,0.694018322,1.58371823,3.45763376,1.73537494
9.0548854e-05,1.88831916e-05,0.209711191,0.694869386,1.60275059,3.45759806,1.73537492
9.0549854e-05,2.44037904e-05,0.212709719,0.695546727,1.6222071,3.45755859,1.73537491
9.0550854e-05,2.98463554e-05,0.215028065,0.696048144,1.64202558,3.45751556,1.73537489
9.0551854e-05,3.51934835e-05,0.216658678,0.696371998,1.66214266,3.45746926,1.73537487
9.0552854e-05,4.04280765e-05,0.217596208,0.696517217,1.68249403,3.45741998,1.73537486
9.0553854e-05,4.55333962e-05,0.217837525,0.696483305,1.70301464,3.45736808,1.73537484
9.0554854e-05,5.04931179e-05,0.217381731,0.696270337,1.72363887,3.45731395,1.73537482
9.0555854e-05,5.52913823e-05,0.216230164,0.695878964,1.74430081,3.457258,1.73537481
9.0556854e-05,5.99128465e-05,0.214386396,0.695310409,1.76493438,3.45720071,1.73537479
9.0557854e-05,6.43427327e-05,0.211856224,0.694566466,1.78547364,3.45714254,1.73537477
9.0558854e-05,6.85668759e-05,0.208647648,0.693649489,1.80585291,3.45708402,1.73537476
9.0559854e-05,7.2571769e-05,0.204770853,0.692562394,1.82600706,3.45702569,1.73537474
9.0560854e-05,7.63446059e-05,0.200238173,0.691308639,1.84587165,3.4569681,1.73537472
9.0561854e-05,7.98733225e-05,0.195064054,0.689892223,1.86538318,3.45691168,1.73537471
9.0562854e-05,8.31466354e-05,0.189265009,0.688317667,1.88447926,3.45685657,1.73537469
9.0563854e-05,8.61540778e-05,0.182859563,0.686590001,1.90309886,3.45680283,1.73537467
9.0564854e-05,8.8886033e-05,0.175868197,0.684714751,1.92118244,3.45675057,1.73537465
9.0565854e-05,9.13337653e-05,0.168313281,0.682697916,1.9386722,3.45669993,1.73537463
9.0566854e-05,9.34894479e-05,0.160219004,0.680545955,1.95551222,3.45665102,1.73537461
9.0567854e-05,9.53461877e-05,0.151611291,0.67826576,1.97164867,3.45660395,1.7353746
9.0568854e-05,9.68980475e-05,0.142517728,0.675864638,1.98702995,3.45655883,1.73537458
9.0569854e-05,9.81400652e-05,0.132967464,0.673350286,2.0016069,3.45651575,1.73537456
9.0570854e-05,9.90682692e-05,0.122991124,0.670730768,2.01533291,3.45647481,1.73537454
9.0571854e-05,9.96796915e-05,0.112620707,0.668014484,2.02816411,3.45643609,1.73537452
9.0572854e-05,9.99723771e-05,0.101889482,0.665210148,2.04005947,3.45639965,1.73537449
9.0573854e-05,9.99453899e-05,0.0908318788,0.662326759,2.05098097,3.45636558,1.73537447
9.0574854e-05,9.95988164e-05,0.0794833817,0.659373568,2.06089368,3.45633393,1.73537445
9.0575854e-05,9.89337647e-05,0.0678804089,0.656360052,2.06976593,3.45630475,1.73537443
9.0576854e-05,9.79523614e-05,0.0560601967,0.653295882,2.07756934,3.45627808,1.7353744
9.0577854e-05,9.66577447e-05,0.0440606785,0.650190892,2.08427896,3.45625395,1.73537438
9.0578854e-05,9.50540541e-05,0.0319203617,0.647055044,2.08987336,3.45623239,1.73537436
9.0579854e-05,9.31464178e-05,0.0196782027,0.643898402,2.09433464,3.4562134,1.73537433
9.0580854e-05,9.09409355e-05,0.00737348072,0.640731094,2.09764854,3.45619701,1.73537431
9.0581854e-05,8.84446596e-05,-0.00495432965,0.637563279,2.09980447,3.4561832,1.73537428
9.0582854e-05,8.56655722e-05,-0.0172656863,0.634405119,2.10079553,3.45617197,1.73537426
9.0583854e-05,8.26125597e-05,-0.0295211077,0.631266742,2.10061855,3.45616329,1.73537423
9.0584854e-05,7.92953844e-05,-0.0416813004,0.628158209,2.09927411,3.45615715,1.7353742
9.0585854e-05,7.57246534e-05,-0.0537072864,0.625089485,2.09676649,3.4561535,1.73537417
9.0586854e-05,7.19117845e-05,-0.0655605287,0.622070402,2.09310372,3.4561523,1.73537415
9.0587854e-05,6.78689697e-05,-0.0772030555,0.619110633,2.0882975,3.45615351,1.73537412
9.0588854e-05,6.36091364e-05,-0.0885975829,0.616219654,2.0823632,3.45615707,1.73537409
9.0589854e-05,5.9145906e-05,-0.0997076347,0.613406721,2.0753198,3.45616291,1.73537406
9.0590854e-05,5.44935499e-05,-0.110497659,0.610680834,2.06718979,3.45617096,1.73537403
9.0591854e-05,4.96669448e-05,-0.120933144,0.608050711,2.05799919,3.45618115,1.735374
9.0592854e-05,4.46815241e-05,-0.130980725,0.605524761,2.04777736,3.45619339,1.73537397
9.0593854e-05,3.95532294e-05,-0.140608295,0.603111056,2.03655699,3.4562076,1.73537394
9.0594854e-05,3.42984588e-05,-0.149785105,0.600817302,2.02437395,3.45622367,1.73537391
9.0595854e-05,2.89340152e-05,-0.158481862,0.598650822,2.01126718,3.45624152,1.73537387
9.0596854e-05,2.34770518e-05,-0.166670821,0.596618526,1.99727858,3.45626104,1.73537384
9.0597854e-05,1.7945018e-05,-0.174325876,0.594726891,1.98245288,3.45628211,1.73537381
9.0598854e-05,1.2355603e-05,-0.181422639,0.592981944,1.96683747,3.45630463,1.73537378
9.0599854e-05,6.72667966e-06,-0.18793852,0.591389236,1.95048228,3.45632849,1.73537374
9.0600854e-05,1.07624698e-06,-0.193852795,0.589953831,1.93343958,3.45635355,1.73537371
9.0601854e-05,-4.57762711e-06,-0.199146671,0.588680289,1.91576386,3.4563797,1.73537368
9.0602854e-05,-1.02168637e-05,-0.203803349,0.58757265,1.89751163,3.45640682,1.73537364
9.0603854e-05,-1.58234308e-05,-0.207808071,0.586634419,1.87874123,3.45643476,1.73537361
9.0604854e-05,-2.13794007e-05,-0.211148166,0.585868564,1.85951268,3.45646341,1.73537358
9.0605854e-05,-2.68670077e-05,-0.213813092,0.585277496,1.83988745,3.45649263,1.73537354
9.0606854e-05,-3.22687044e-05,-0.215794465,0.584863071,1.81992828,3.45652228,1.73537351
9.0607854e-05,-3.75672184e-05,-0.217086087,0.584626579,1.79969897,3.45655223,1.73537347
9.0608854e-05,-4.27456071e-05,-0.21768396,0.584568743,1.77926419,3.45658234,1.73537344
9.0609854e-05,-4.7787312e-05,-0.2175863,0.584689713,1.75868928,3.45661248,1.73537341
9.0610854e-05,-5.26762117e-05,-0.216793541,0.584989074,1.73804,3.45664251,1.73537337
9.0611854e-05,-5.73966734e-05,-0.21530833,0.585465837,1.71738238,3.45667229,1.73537334
9.0612854e-05,-6.19336029e-05,-0.213135522,0.586118454,1.69678245,3.45670169,1.7353733
9.0613854e-05,-6.62724929e-05,-0.210282155,0.586944813,1.67630606,3.45673058,1.73537327
9.0614854e-05,-7.03994694e-05,-0.206757436,0.587942252,1.65601869,3.45675882,1.73537324
9.0615854e-05,-7.43013358e-05,-0.202572701,0.589107565,1.63598518,3.45678632,1.7353732
9.0616854e-05,-7.79656154e-05,-0.197741386,0.590437012,1.61626957,3.45681332,1.73537317
9.0617854e-05,-8.13805915e-05,-0.192278979,0.591926332,1.59693491,3.45684019,1.73537314
9.0618854e-05,-8.45353441e-05,-0.186202969,0.593570758,1.57804301,3.45686718,1.7353731
9.0619854e-05,-8.74197857e-05,-0.179532794,0.59536503,1.55965425,3.45689448,1.73537307
9.0620854e-05,-9.00246929e-05,-0.172289775,0.597303413,1.54182743,3.45692231,1.73537304
9.0621854e-05,-9.23417363e-05,-0.164497051,0.599379715,1.52461954,3.4569508,1.73537301
9.0622854e-05,-9.43635067e-05,-0.156179501,0.601587307,1.50808559,3.45698009,1.73537298
9.0623854e-05,-9.60835395e-05,-0.14736367,0.603919144,1.49227844,3.45701027,1.73537294
9.0624854e-05,-9.74963346e-05,-0.13807768,0.606367788,1.47724862,3.4570414,1.73537291
9.0625854e-05,-9.85973744e-05,-0.128351145,0.608925428,1.46304418,3.45707352,1.73537288
9.0626854e-05,-9.93831383e-05,-0.118215075,0.611583912,1.44971054,3.45710663,1.73537285
9.0627854e-05,-9.98511136e-05,-0.107701777,0.614334766,1.43729032,3.45714072,1.73537282
9.0628854e-05,-9.99998041e-05,-0.0968447573,0.617169221,1.42582322,3.4571757,1.7353728
9.0629854e-05,-9.98287341e-05,-0.0856786098,0.620078247,1.41534591,3.45721145,1.73537277
9.0630854e-05,-9.93384508e-05,-0.074238912,0.623052574,1.40589188,3.45724787,1.73537274
9.0631854e-05,-9.85305218e-05,-0.0625621105,0.626082727,1.39749135,3.45728484,1.73537271
9.0632854e-05,-9.74075307e-05,-0.0506854066,0.62915905,1.39017118,3.45732218,1.73537268
9.0633854e-05,-9.59730682e-05,-0.0386466388,0.632271744,1.38395477,3.4573597,1.73537266
9.0634854e-05,-9.42317214e-05,-0.0264841639,0.635410889,1.37886199,3.45739719,1.73537263
9.0635854e-05,-9.21890582e-05,-0.0142367357,0.638566485,1.37490913,3.45743444,1.73537261
9.0636854e-05,-8.98516103e-05,-0.00194338322,0.641728474,1.37210881,3.45747119,1.73537258
9.0637854e-05,-8.72268521e-05,0.0103567128,0.644886778,1.37047,3.45750719,1.73537256
9.0638854e-05,-8.43231764e-05,0.0226243434,0.64803133,1.36999793,3.45754219,1.73537253
9.0639854e-05,-8.1149868e-05,0.0348203951,0.651152103,1.37069411,3.45757591,1.73537251
9.0640854e-05,-7.7717074e-05,0.0469059736,0.654239145,1.37255631,3.45760808,1.73537248
9.0641854e-05,-7.40357711e-05,0.0588425271,0.657282608,1.37557858,3.45763841,1.73537246
9.0642854e-05,-7.01177307e-05,0.070591968,0.660272781,1.37975125,3.45766664,1.73537244
9.0643854e-05,-6.59754811e-05,0.0821167937,0.663200118,1.38506099,3.45769249,1.73537242
9.0644854e-05,-6.16222677e-05,0.0933802061,0.666055274,1.39149083,3.4577157,1.7353724
9.0645854e-05,-5.70720103e-05,0.104346228,0.668829128,1.39902019,3.457736,1.73537238
9.0646854e-05,-5.23392588e-05,0.114979818,0.671512815,1.40762502,3.45775317,1.73537235
9.0647854e-05,-4.74391469e-05,0.125246982,0.674097756,1.4172778,3.45776697,1.73537233
9.0648854e-05,-4.2387343e-05,0.135114883,0.676575683,1.42794768,3.45777719,1.73537231
9.0649854e-05,-3.72000009e-05,0.144551943,0.678938665,1.43960054,3.45778364,1.7353723
9.0650854e-05,-3.18937077e-05,0.153527948,0.681179136,1.45219913,3.45778616,1.73537228
9.0651854e-05,-2.64854309e-05,0.162014143,0.683289919,1.46570317,3.45778461,1.73537226
9.0652854e-05,-2.0992464e-05,0.169983325,0.685264246,1.48006949,3.45777887,1.73537224
9.0653854e-05,-1.54323714e-05,0.177409932,0.687095782,1.49525216,3.45776887,1.73537222
9.0654854e-05,-9.82293209e-06,0.184270123,0.688778647,1.51120265,3.45775457,1.7353722
9.0655854e-05,-4.18208287e-06,0.190541858,0.690307432,1.52786996,3.45773594,1.73537219
9.0656854e-05,1.47213902e-06,0.196204969,0.69167722,1.54520081,3.45771301,1.73537217
9.0657854e-05,7.12165359e-06,0.201241225,0.692883599,1.5631398,3.45768586,1.73537215
9.0658854e-05,1.27483959e-05,0.205634395,0.693922678,1.58162956,3.45765458,1.73537214
9.0659854e-05,1.83343738e-05,0.209370297,0.694791101,1.60061101,3.45761931,1.73537212
9.0660854e-05,2.38617255e-05,0.212436847,0.695486054,1.62002344,3.45758023,1.7353721
9.0661854e-05,2.93127767e-05,0.214824103,0.69600528,1.63980481,3.45753758,1.73537209
9.0662854e-05,3.46700971e-05,0.216524292,0.696347083,1.65989187,3.45749162,1.73537207
9.0663854e-05,3.99165561e-05,0.217531841,0.696510336,1.68022041,3.45744265,1.73537205
9.0664854e-05,4.50353774e-05,0.217843396,0.696494483,1.70072545,3.45739102,1.73537204
9.0665854e-05,5.00101932e-05,0.217457833,0.696299541,1.72134142,3.45733712,1.73537202
9.0666854e-05,5.48250959e-05,0.216376267,0.695926103,1.74200242,3.45728135,1.735372
9.0667854e-05,5.94646893e-05,0.214602043,0.695375336,1.76264241,3.45722418,1.73537199
9.0668854e-05,6.39141378e-05,0.212140734,0.694648975,1.7831954,3.45716609,1.73537197
9.0669854e-05,6.81592139e-05,0.20900012,0.693749319,1.80359568,3.45710759,1.73537195
9.0670854e-05,7.21863433e-05,0.205190168,0.692679227,1.82377804,3.45704921,1.73537194
9.0671854e-05,7.5982649e-05,0.200722995,0.691442103,1.84367795,3.45699152,1.73537192
9.0672854e-05,7.95359918e-05,0.195612838,0.690041893,1.86323181,3.45693497,1.7353719
9.0673854e-05,8.28350095e-05,0.189876001,0.688483064,1.8823771,3.45687973,1.73537188
9.0674854e-05,8.58691531e-05,0.183530812,0.686770597,1.90105261,3.45682584,1.73537187
9.0675854e-05,8.86287207e-05,0.176597556,0.684909968,1.91919864,3.45677342,1.73537185
9.0676854e-05,9.11048882e-05,0.169098415,0.682907129,1.93675717,3.45672261,1.73537183
9.0677854e-05,9.32897377e-05,0.161057399,0.680768494,1.95367209,3.45667351,1.73537181
9.0678854e-05,9.51762831e-05,0.152500261,0.678500912,1.9698893,3.45662625,1.73537179
9.0679854e-05,9.67584919e-05,0.143454423,0.67611165,1.98535696,3.45658092,1.73537177
9.0680854e-05,9.80313047e-05,0.133948882,0.673608366,2.00002563,3.45653763,1.73537175
9.0681854e-05,9.89906516e-05,0.124014118,0.670999088,2.01384841,3.45649647,1.73537173
9.0682854e-05,9.9633465e-05,0.113681995,0.668292184,2.02678111,3.45645751,1.73537171
9.0683854e-05,9.99576895e-05,0.102985658,0.665496337,2.03878239,3.45642085,1.73537169
9.0684854e-05,9.99622882e-05,0.0919594271,0.662620518,2.04981387,3.45638653,1.73537167
9.0685854e-05,9.96472465e-05,0.0806386833,0.659673954,2.0598403,3.45635463,1.73537165
9.0686854e-05,9.90135718e-05,0.0690597562,0.656666102,2.06882961,3.45632519,1.73537162
9.0687854e-05,9.80632903e-05,0.0572598049,0.653606614,2.07675308,3.45629826,1.7353716
9.0688854e-05,9.67994406e-05,0.0452766978,0.650505307,2.08358536,3.45627387,1.73537158
9.0689854e-05,9.52260641e-05,0.0331488898,0.647372135,2.08930462,3.45625205,1.73537155
9.0690854e-05,9.33481917e-05,0.0209152976,0.644217151,2.09389257,3.4562328,1.73537153
9.0691854e-05,9.11718283e-05,0.00861517329,0.641050478,2.09733455,3.45621614,1.7353715
9.0692854e-05,8.87039328e-05,-0.00371202267,0.637882274,2.09961955,3.45620207,1.73537148
9.0693854e-05,8.59523968e-05,-0.0160267495,0.634722701,2.10074026,3.45619057,1.73537145
9.0694854e-05,8.29260185e-05,-0.0282895139,0.631581893,2.10069311,3.45618163,1.73537143
9.0695854e-05,7.96344752e-05,-0.0404609981,0.628469919,2.09947824,3.45617523,1.7353714
9.0696854e-05,7.60882919e-05,-0.0525021867,0.625396755,2.09709954,3.45617133,1.73537137
9.0697854e-05,7.22988079e-05,-0.0643744929,0.622372248,2.09356461,3.45616988,1.73537134
9.0698854e-05,6.82781404e-05,-0.0760398828,0.619406086,2.08888475,3.45617085,1.73537132
9.0699854e-05,6.40391462e-05,-0.0874609977,0.61650777,2.08307492,3.45617417,1.73537129
9.0700854e-05,5.95953797e-05,-0.098601275,0.613686577,2.0761537,3.45617977,1.73537126
9.0701854e-05,5.49610504e-05,-0.109425065,0.610951535,2.06814321,3.4561876,1.73537123
9.0702854e-05,5.01509771e-05,-0.119897745,0.608311392,2.05906906,3.45619758,1.7353712
9.0703854e-05,4.51805405e-05,-0.129985832,0.605774588,2.04896026,3.45620961,1.73537117
9.0704854e-05,4.00656342e-05,-0.139657086,0.603349231,2.03784912,3.45622362,1.73537114
9.0705854e-05,3.48226136e-05,-0.148880617,0.601043065,2.02577117,3.4562395,1.7353711
9.0706854e-05,2.94682439e-05,-0.157626982,0.598863452,2.01276502,3.45625717,1.73537107
9.0707854e-05,2.40196462e-05,-0.165868276,0.596817344,1.99887225,3.45627652,1.73537104
9.0708854e-05,1.84942431e-05,-0.173578224,0.594911265,1.98413727,3.45629744,1.73537101
9.0709854e-05,1.29097026e-05,-0.180732261,0.593151286,1.96860719,3.45631982,1.73537097
9.0710854e-05,7.28388184e-06,-0.187307613,0.591543007,1.95233165,3.45634354,1.73537094
9.0711854e-05,1.63477011e-06,-0.193283365,0.590091544,1.93536268,3.45636848,1.73537091
9.0712854e-05,-4.01956898e-06,-0.198640527,0.588801505,1.91775454,3.45639452,1.73537088
9.0713854e-05,-9.66105505e-06,-0.203362096,0.587676985,1.89956352,3.45642154,1.73537084
9.0714854e-05,-1.52716488e-05,-0.207433107,0.586721544,1.88084777,3.45644941,1.73537081
9.0715854e-05,-2.08334098e-05,-0.210840676,0.585938202,1.86166711,3.45647799,1.73537077
9.0716854e-05,-2.63285537e-05,-0.213574046,0.58532943,1.84208288,3.45650715,1.73537074
9.0717854e-05,-3.17395092e-05,-0.215624614,0.584897137,1.82215768,3.45653675,1.73537071
9.0718854e-05,-3.7048974e-05,-0.216985959,0.584642672,1.80195521,3.45656667,1.73537067
9.0719854e-05,-4.22399707e-05,-0.217653863,0.584566814,1.78154004,3.45659677,1.73537064
9.0720854e-05,-4.72959005e-05,-0.217626318,0.584669773,1.76097746,3.45662691,1.7353706
9.0721854e-05,-5.22005963e-05,-0.216903534,0.584951188,1.74033319,3.45665695,1.73537057
9.0722854e-05,-5.69383751e-05,-0.215487937,0.585410131,1.71967323,3.45668676,1.73537054
9.0723854e-05,-6.14940871e-05,-0.213384156,0.586045107,1.69906363,3.4567162,1.7353705
9.0724854e-05,-6.5853165e-05,-0.210599015,0.586854062,1.67857028,3.45674514,1.73537047
9.0725854e-05,-7.00016702e-05,-0.207141499,0.58783439,1.65825868,3.45677345,1.73537043
9.0726854e-05,-7.39263373e-05,-0.203022734,0.588982937,1.63819378,3.456801,1.7353704
9.0727854e-05,-7.76146168e-05,-0.198255945,0.590296018,1.61843973,3.45682802,1.73537037
9.0728854e-05,-8.10547151e-05,-0.192856415,0.591769425,1.59905966,3.45685488,1.73537033
9.0729854e-05,-8.42356319e-05,-0.186841434,0.593398439,1.58011555,3.45688182,1.7353703
9.0730854e-05,-8.71471961e-05,-0.180230246,0.59517785,1.56166795,3.45690907,1.73537027
9.0731854e-05,-8.97800975e-05,-0.173043987,0.59710197,1.54377585,3.45693681,1.73537024
9.0732854e-05,-9.21259172e-05,-0.165305612,0.599164653,1.52649643,3.4569652,1.7353702
9.0733854e-05,-9.41771541e-05,-0.157039831,0.601359312,1.50988495,3.45699438,1.73537017
9.0734854e-05,-9.59272492e-05,-0.148273024,0.603678944,1.4939945,3.45702444,1.73537014
9.0735854e-05,-9.73706064e-05,-0.139033157,0.606116148,1.47887589,3.45705545,1.73537011
9.0736854e-05,-9.85026103e-05,-0.129349699,0.608663152,1.46457746,3.45708744,1.73537008
9.0737854e-05,-9.93196413e-05,-0.119253521,0.611311835,1.4511449,3.45712042,1.73537005
9.0738854e-05,-9.98190868e-05,-0.108776807,0.614053755,1.43862117,3.4571544,1.73537002
9.0739854e-05,-9.99993498e-05,-0.0979529446,0.616880172,1.42704631,3.45718927,1.73536999
9.0740854e-05,-9.98598539e-05,-0.0868164235,0.619782081,1.41645731,3.45722491,1.73536996
9.0741854e-05,-9.94010451e-05,-0.0754027267,0.622750235,1.40688802,3.45726125,1.73536994
9.0742854e-05,-9.86243905e-05,-0.0637482182,0.625775178,1.39836905,3.45729815,1.73536991
9.0743854e-05,-9.75323736e-05,-0.0518900284,0.628847272,1.39092762,3.45733544,1.73536988
9.0744854e-05,-9.61284861e-05,-0.0398659366,0.631956728,1.38458752,3.45737293,1.73536985
9.0745854e-05,-9.44172173e-05,-0.0277142526,0.635093641,1.37936903,3.45741042,1.73536983
9.0746854e-05,-9.2404039e-05,-0.0154736956,0.638248014,1.37528882,3.45744769,1.7353698
9.0747854e-05,-9.00953886e-05,-0.003183272,0.641409796,1.37235993,3.45748449,1.73536978
9.0748854e-05,-8.74986484e-05,0.00911784728,0.644568909,1.37059174,3.45752058,1.73536975
9.0749854e-05,-8.46221215e-05,0.0213904507,0.647715284,1.36998988,3.45755568,1.73536973
9.0750854e-05,-8.14750061e-05,0.0335954098,0.650838887,1.3705563,3.45758954,1.7353697
9.0751854e-05,-7.80673654e-05,0.0456938029,0.653929758,1.37228917,3.45762188,1.73536968
9.0752854e-05,-7.44100958e-05,0.0576470384,0.656978037,1.37518295,3.45765241,1.73536966
9.0753854e-05,-7.05148916e-05,0.0694169764,0.659973998,1.37922839,3.45768087,1.73536964
9.0754854e-05,-6.63942083e-05,0.0809660505,0.662908078,1.38441257,3.45770699,1.73536961
9.0755854e-05,-6.20612223e-05,0.0922573862,0.665770909,1.39071889,3.45773049,1.73536959
9.0756854e-05,-5.75297886e-05,0.103254919,0.668553346,1.39812721,3.45775111,1.73536957
9.0757854e-05,-5.28143971e-05,0.113923507,0.671246498,1.40661384,3.45776863,1.73536955
9.0758854e-05,-4.79301258e-05,0.124229048,0.673841756,1.41615165,3.4577828,1.73536953
9.0759854e-05,-4.28925926e-05,0.134138581,0.676330818,1.42671014,3.45779341,1.73536951
9.0760854e-05,-3.77179056e-05,0.143620399,0.678705719,1.43825556,3.45780027,1.73536949
9.0761854e-05,-3.24226115e-05,0.152644145,0.680958857,1.450751,3.45780322,1.73536947
9.0762854e-05,-2.70236425e-05,0.161180913,0.683083011,1.46415652,3.45780212,1.73536945
9.0763854e-05,-2.15382624e-05,0.16920334,0.685071373,1.47842925,3.45779684,1.73536944
9.0764854e-05,-1.59840114e-05,0.176685695,0.686917563,1.49352357,3.4577873,1.73536942
9.0765854e-05,-1.03786498e-05,0.183603959,0.688615655,1.50939122,3.45777346,1.7353694
9.0766854e-05,-4.74010122e-06,0.189935909,0.690160191,1.52598148,3.4577553,1.73536938
9.0767854e-05,9.13604318e-07,0.195661184,0.691546203,1.5432413,3.45773285,1.73536936
9.0768854e-05,6.5643885e-06,0.200761357,0.692769229,1.56111551,3.45770615,1.73536935
9.0769854e-05,1.21941823e-05,0.20521999,0.693825324,1.57954697,3.45767531,1.73536933
9.0770854e-05,1.77849839e-05,0.209022694,0.694711077,1.59847675,3.45764046,1.73536931
9.0771854e-05,2.33189161e-05,0.212157172,0.69542362,1.61784434,3.45760179,1.7353693
9.0772854e-05,2.87782834e-05,0.214613264,0.69596064,1.63758781,3.45755952,1.73536928
9.0773854e-05,3.4145629e-05,0.216382977,0.696320384,1.65764407,3.45751391,1.73536926
9.0774854e-05,3.94037902e-05,0.217460516,0.696501665,1.67794897,3.45746525,1.73536925
9.0775854e-05,4.45359535e-05,0.217842302,0.696503871,1.69843763,3.4574139,1.73536923
9.0776854e-05,4.95257081e-05,0.217526987,0.696326962,1.71904452,3.45736022,1.73536922
9.0777854e-05,5.43570989e-05,0.216515458,0.695971473,1.73970378,3.45730464,1.7353692
9.0778854e-05,5.90146768e-05,0.214810837,0.695438512,1.76034937,3.4572476,1.73536918
9.0779854e-05,6.34835488e-05,0.212418474,0.694729757,1.78091527,3.45718959,1.73536917
9.0780854e-05,6.77494252e-05,0.209345927,0.693847452,1.80133575,3.45713111,1.73536915
9.0781854e-05,7.17986653e-05,0.205602942,0.692794398,1.82154552,3.4570727,1.73536913
9.0782854e-05,7.56183213e-05,0.201201423,0.691573946,1.84147998,3.45701491,1.73536911
9.0783854e-05,7.91961794e-05,0.196155393,0.690189986,1.8610754,3.45695823,1.7353691
9.0784854e-05,8.2520799e-05,0.190480953,0.688646936,1.88026913,3.45690286,1.73536908
9.0785854e-05,8.55815493e-05,0.184196227,0.686949723,1.89899982,3.45684882,1.73536906
9.0786854e-05,8.83686431e-05,0.177321305,0.685103775,1.91720758,3.45679625,1.73536904
9.0787854e-05,9.08731685e-05,0.169878183,0.683114998,1.9348342,3.45674527,1.73536903
9.0788854e-05,9.30871169e-05,0.161890688,0.680989759,1.95182333,3.45669599,1.73536901
9.0789854e-05,9.5003409e-05,0.153384403,0.678734864,1.96812067,3.45664853,1.73536899
9.0790854e-05,9.66159173e-05,0.144386584,0.676357539,1.9836741,3.456603,1.73536897
9.0791854e-05,9.79194855e-05,0.134926073,0.673865403,1.99843391,3.4565595,1.73536895
9.0792854e-05,9.89099454e-05,0.125033205,0.671266449,2.01235291,3.45651811,1.73536893
9.0793854e-05,9.95841299e-05,0.114739709,0.668569012,2.02538661,3.45647893,1.73536891
9.0794854e-05,9.99398831e-05,0.104078606,0.665781743,2.03749332,3.45644202,1.73536889
9.0795854e-05,9.99760676e-05,0.0930841018,0.662913587,2.04863436,3.45640746,1.73536886
9.0796854e-05,9.96925676e-05,0.081791476,0.659973746,2.0587741,3.45637532,1.73536884
9.0797854e-05,9.90902896e-05,0.0702369673,0.656971654,2.06788013,3.45634562,1.73536882
9.0798854e-05,9.81711595e-05,0.0584576565,0.653916946,2.07592334,3.45631844,1.7353688
9.0799854e-05,9.69381164e-05,0.0464913457,0.650819423,2.08287801,3.45629378,1.73536877
9.0800854e-05,9.53951029e-05,0.0343764362,0.647689027,2.08872191,3.45627169,1.73536875
9.0801854e-05,9.35470532e-05,0.0221518034,0.644535802,2.09343635,3.45625218,1.73536873
9.0802854e-05,9.13998764e-05,0.00985667136,0.641369866,2.09700627,3.45623526,1.7353687
9.0803854e-05,8.89604384e-05,-0.00246951509,0.638201374,2.09942025,3.45622092,1.73536868
9.0804854e-05,8.62365397e-05,-0.0147872176,0.63504049,2.10067058,3.45620916,1.73536865
9.0805854e-05,8.32368901e-05,-0.0270569327,0.631897352,2.10075325,3.45619996,1.73536862
9.0806854e-05,7.99710814e-05,-0.0392393192,0.628782036,2.099668,3.4561933,1.7353686
9.0807854e-05,7.64495564e-05,-0.0512953259,0.62570453,2.0974183,3.45618915,1.73536857
9.0808854e-05,7.26835755e-05,-0.0631863173,0.622674694,2.09401135,3.45618745,1.73536854
9.0809854e-05,6.86851809e-05,-0.0748741982,0.619702236,2.08945803,3.45618817,1.73536851
9.0810854e-05,6.44671578e-05,-0.0863215371,0.616796675,2.08377291,3.45619125,1.73536848
9.0811854e-05,6.00429939e-05,-0.0974916855,0.613967312,2.07697415,3.45619663,1.73536845
9.0812854e-05,5.5426836e-05,-0.108348897,0.611223202,2.06908348,3.45620423,1.73536842
9.0813854e-05,5.06334446e-05,-0.11885844,0.608573121,2.06012615,3.45621399,1.73536839
9.0814854e-05,4.56781472e-05,-0.128986713,0.606025544,2.05013077,3.45622581,1.73536836
9.0815854e-05,4.0576789e-05,-0.138701345,0.603588611,2.03912931,3.45623962,1.73536833
9.0816854e-05,3.53456819e-05,-0.147971307,0.601270105,2.02715693,3.45625532,1.7353683
9.0817854e-05,3.00015532e-05,-0.156767004,0.599077428,2.01425192,3.45627281,1.73536827
9.0818854e-05,2.45614912e-05,-0.165060373,0.597017574,2.00045552,3.45629199,1.73536824
9.0819854e-05,1.90428911e-05,-0.172824972,0.59509711,1.98581184,3.45631275,1.7353682
9.0820854e-05,1.34633993e-05,-0.180036059,0.593322154,1.97036769,3.45633498,1.73536817
9.0821854e-05,7.84085675e-06,-0.186670677,0.591698355,1.95417245,3.45635856,1.73536814
9.0822854e-05,2.19324223e-06,-0.19270772,0.590230877,1.9372779,3.45638338,1.73536811
9.0823854e-05,-3.46138542e-06,-0.198128002,0.588924382,1.91973803,3.45640932,1.73536807
9.0824854e-05,-9.10494492e-06,-0.202914317,0.587783016,1.90160894,3.45643624,1.73536804
9.0825854e-05,-1.47193904e-05,-0.207051491,0.586810393,1.88294856,3.45646402,1.73536801
9.0826854e-05,-2.02867689e-05,-0.210526431,0.586009589,1.86381656,3.45649253,1.73536797
9.0827854e-05,-2.57892783e-05,-0.213328163,0.585383129,1.8442741,3.45652163,1.73536794
9.0828854e-05,-3.12093236e-05,-0.215447866,0.584932982,1.82438366,3.45655119,1.7353679
9.0829854e-05,-3.65295737e-05,-0.216878897,0.584660551,1.80420881,3.45658109,1.73536787
9.0830854e-05,-4.17330165e-05,-0.217616817,0.584566672,1.78381407,3.45661117,1.73536783
9.0831854e-05,-4.68030133e-05,-0.217659393,0.584651615,1.76326463,3.4566413,1.7353678
9.0832854e-05,-5.17233523e-05,-0.217006613,0.584915074,1.74262618,3.45667135,1.73536777
9.0833854e-05,-5.64783003e-05,-0.215660678,0.58535618,1.7219647,3.45670119,1.73536773
9.0834854e-05,-6.10526526e-05,-0.213625999,0.585973494,1.70134625,3.45673067,1.7353677
9.0835854e-05,-6.54317824e-05,-0.210909176,0.586765018,1.68083673,3.45675966,1.73536766
9.0836854e-05,-6.96016869e-05,-0.207518979,0.587728202,1.66050172,3.45678803,1.73536763
9.0837854e-05,-7.35490323e-05,-0.20346632,0.588859946,1.64040623,3.45681564,1.7353676
9.0838854e-05,-7.72611966e-05,-0.198764214,0.590156618,1.6206145,3.45684269,1.73536756
9.0839854e-05,-8.07263097e-05,-0.193427737,0.591614063,1.60118979,3.45686954,1.73536753
9.0840854e-05,-8.39332915e-05,-0.187473982,0.593227612,1.58219423,3.45689644,1.7353675
9.0841854e-05,-8.68718874e-05,-0.180921997,0.594992105,1.56368852,3.45692363,1.73536747
9.0842854e-05,-8.95327009e-05,-0.173792728,0.5969019,1.54573183,3.45695129,1.73536743
9.0843854e-05,-9.19072237e-05,-0.166108954,0.598950896,1.52838157,3.45697959,1.7353674
9.0844854e-05,-9.39878631e-05,-0.157895209,0.601132552,1.51169321,3.45700866,1.73536737
9.0845854e-05,-9.57679659e-05,-0.149177707,0.603439903,1.4957201,3.4570386,1.73536734
9.0846854e-05,-9.72418401e-05,-0.139984261,0.60586559,1.4805133,3.45706949,1.73536731
9.0847854e-05,-9.84047728e-05,-0.13034419,0.608401875,1.46612142,3.45710135,1.73536728
9.0848854e-05,-9.92530455e-05,-0.12028823,0.611040673,1.45259049,3.4571342,1.73536725
9.0849854e-05,-9.97839455e-05,-0.109848435,0.613773571,1.43996375,3.45716806,1.73536722
9.0850854e-05,-9.99957755e-05,-0.0990580766,0.61659186,1.42828157,3.45720281,1.73536719
9.0851854e-05,-9.98878579e-05,-0.087951538,0.619486559,1.41758129,3.45723836,1.73536716
9.0852854e-05,-9.9460538e-05,-0.0765642071,0.622448445,1.40789714,3.45727461,1.73536713
9.0853854e-05,-9.8715182e-05,-0.0649323641,0.625468081,1.39926006,3.45731144,1.7353671
9.0854854e-05,-9.76541734e-05,-0.0530930669,0.628535847,1.39169766,3.45734867,1.73536708
9.0855854e-05,-9.62809047e-05,-0.0410840347,0.631641968,1.38523413,3.45738614,1.73536705
9.0856854e-05,-9.45997673e-05,-0.0289435292,0.634776548,1.37989012,3.45742362,1.73536702
9.0857854e-05,-9.26161368e-05,-0.0167102334,0.637929599,1.37568272,3.45746091,1.735367
9.0858854e-05,-9.03363559e-05,-0.00442313029,0.641091073,1.37262538,3.45749776,1.73536697
9.0859854e-05,-8.77677146e-05,0.00787862052,0.644250894,1.37072787,3.45753392,1.73536695
9.0860854e-05,-8.49184264e-05,0.0201558062,0.647398991,1.36999626,3.45756913,1.73536692
9.0861854e-05,-8.17976022e-05,0.0323692844,0.650525325,1.37043289,3.45760313,1.7353669
9.0862854e-05,-7.84152211e-05,0.0444801074,0.653619927,1.37203636,3.45763563,1.73536688
9.0863854e-05,-7.47820987e-05,0.0564496447,0.656672925,1.37480154,3.45766636,1.73536685
9.0864854e-05,-7.09098524e-05,0.0682397059,0.659674579,1.37871959,3.45769505,1.73536683
9.0865854e-05,-6.6810864e-05,0.0798126614,0.662615309,1.38377799,3.45772143,1.73536681
9.0866854e-05,-6.24982404e-05,0.0911315618,0.665485723,1.38996057,3.45774521,1.73536679
9.0867854e-05,-5.79857719e-05,0.102160256,0.668276655,1.39724755,3.45776616,1.73536677
9.0868854e-05,-5.32878875e-05,0.112863504,0.670979187,1.40561564,3.45778401,1.73536675
9.0869854e-05,-4.84196093e-05,0.123207094,0.673584679,1.4150381,3.45779855,1.73536673
9.0870854e-05,-4.33965039e-05,0.133157946,0.676084797,1.42548479,3.45780956,1.73536671
9.0871854e-05,-3.82346335e-05,0.142684221,0.678471543,1.43692232,3.45781683,1.73536669
9.0872854e-05,-3.29505037e-05,0.151755422,0.680737275,1.44931412,3.45782021,1.73536667
9.0873854e-05,-2.7561011e-05,0.160342493,0.682874733,1.46262058,3.45781955,1.73536665
9.0874854e-05,-2.20833889e-05,0.168417912,0.684877067,1.47679916,3.45781472,1.73536663
9.0875854e-05,-1.65351527e-05,0.175955778,0.686737853,1.49180453,3.45780565,1.73536661
9.0876854e-05,-1.09340436e-05,0.182931897,0.688451118,1.50758871,3.45779228,1.73536659
9.0877854e-05,-5.29797167e-06,0.189323862,0.690011356,1.52410126,3.45777459,1.73536658
9.0878854e-05,3.55041109e-07,0.195111121,0.69141355,1.54128937,3.4577526,1.73536656
9.0879854e-05,6.0069186e-06,0.200275049,0.692653184,1.5590981,3.45772636,1.73536654
9.0880854e-05,1.16395883e-05,0.204799006,0.693726262,1.57747052,3.45769596,1.73536653
9.0881854e-05,1.72350392e-05,0.208668394,0.694629318,1.5963479,3.45766154,1.73536651
9.0882854e-05,2.27753791e-05,0.211870703,0.69535943,1.61566987,3.45762328,1.73536649
9.0883854e-05,2.82428922e-05,0.214395555,0.695914227,1.63537468,3.45758139,1.73536648
9.0884854e-05,3.36200956e-05,0.216234739,0.696291899,1.65539933,3.45753613,1.73536646
9.0885854e-05,3.8889795e-05,0.217382236,0.696491205,1.6756798,3.45748779,1.73536644
9.0886854e-05,4.403514e-05,0.217834244,0.696511471,1.69615126,3.45743672,1.73536643
9.0887854e-05,4.90396778e-05,0.217589189,0.696352602,1.71674827,3.45738328,1.73536641
9.0888854e-05,5.38874059e-05,0.216647733,0.696015073,1.73740497,3.45732788,1.73536639
9.0889854e-05,5.8562823e-05,0.215012774,0.695499936,1.75805534,3.45727098,1.73536638
9.0890854e-05,6.30509791e-05,0.212689436,0.694808811,1.77863335,3.45721305,1.73536636
9.0891854e-05,6.73375227e-05,0.209685057,0.693943885,1.79907322,3.4571546,1.73536634
9.0892854e-05,7.14087472e-05,0.206009162,0.692907904,1.81930961,3.45709616,1.73536633
9.0893854e-05,7.52516343e-05,0.201673441,0.691704164,1.83927783,3.45703828,1.73536631
9.0894854e-05,7.88538961e-05,0.196691704,0.6903365,1.85891403,3.45698149,1.73536629
9.0895854e-05,8.22040139e-05,0.191079845,0.688809278,1.87815545,3.45692598,1.73536627
9.0896854e-05,8.52912752e-05,0.184855786,0.687127375,1.89694057,3.4568718,1.73536626
9.0897854e-05,8.81058084e-05,0.178039422,0.685296168,1.91520934,3.45681907,1.73536624
9.0898854e-05,9.06386135e-05,0.170652561,0.683321517,1.93290335,3.45676792,1.73536622
9.0899854e-05,9.28815917e-05,0.162718846,0.681209742,1.94996603,3.45671846,1.7353662
9.0900854e-05,9.48275707e-05,0.154263688,0.678967607,1.96634285,3.45667081,1.73536618
9.0901854e-05,9.64703282e-05,0.145314179,0.676602295,1.98198144,3.45662508,1.73536616
9.0902854e-05,9.78046112e-05,0.135899004,0.674121389,1.99683181,3.45658136,1.73536614
9.0903854e-05,9.88261532e-05,0.126048351,0.671532843,2.01084648,3.45653976,1.73536612
9.0904854e-05,9.95316876e-05,0.115793815,0.668844959,2.02398065,3.45650034,1.7353661
9.0905854e-05,9.99189586e-05,0.10516829,0.66606636,2.03619234,3.4564632,1.73536608
9.0906854e-05,9.99867277e-05,0.0942058674,0.663205959,2.04744249,3.4564284,1.73536606
9.0907854e-05,9.97347782e-05,0.0829417234,0.660272935,2.05769515,3.456396,1.73536604
9.0908854e-05,9.91639158e-05,0.0714120051,0.6572767,2.06691753,3.45636606,1.73536602
9.0909854e-05,9.82759658e-05,0.0596537137,0.654226869,2.07508016,3.45633861,1.73536599
9.0910854e-05,9.70737676e-05,0.047704584,0.651133231,2.08215694,3.4563137,1.73536597
9.0911854e-05,9.55611654e-05,0.0356029621,0.648005711,2.08812525,3.45629134,1.73536595
9.0912854e-05,9.37429959e-05,0.0233876812,0.644854346,2.092966,3.45627157,1.73536592
9.0913854e-05,9.16250727e-05,0.0110979358,0.641689248,2.09666372,3.45625438,1.7353659
9.0914854e-05,8.92141684e-05,-0.00122684604,0.63852057,2.09920658,3.45623978,1.73536587
9.0915854e-05,8.65179919e-05,-0.0135471298,0.635358476,2.10058647,3.45622775,1.73536585
9.0916854e-05,8.35451646e-05,-0.0258234029,0.632213108,2.10079896,3.45621829,1.73536582
9.0917854e-05,8.03051925e-05,-0.0380163023,0.62909455,2.09984338,3.45621138,1.73536579
9.0918854e-05,7.68084356e-05,-0.0500867419,0.6260128,2.09772278,3.45620696,1.73536576
9.0919854e-05,7.30660754e-05,-0.0619960389,0.622977733,2.09444394,3.45620502,1.73536574
9.0920854e-05,6.90900783e-05,-0.0737060385,0.619999073,2.09001735,3.45620549,1.73536571
9.0921854e-05,6.48931581e-05,-0.0851792366,0.617086358,2.08445714,3.45620833,1.73536568
9.0922854e-05,6.04887349e-05,-0.0963789009,0.614248916,2.07778111,3.45621348,1.73536565
9.0923854e-05,5.58908922e-05,-0.107269189,0.611495824,2.07001059,3.45622085,1.73536562
9.0924854e-05,5.11143324e-05,-0.117815262,0.608835891,2.06117042,3.45623039,1.73536559
9.0925854e-05,4.61743288e-05,-0.127983399,0.606277621,2.05128886,3.45624201,1.73536556
9.0926854e-05,4.10866777e-05,-0.137741102,0.603829189,2.04039751,3.45625562,1.73536553
9.0927854e-05,3.58676474e-05,-0.147057202,0.601498417,2.02853118,3.45627112,1.7353655
9.0928854e-05,3.05339264e-05,-0.155901954,0.599292744,2.01572781,3.45628843,1.73536547
9.0929854e-05,2.51025698e-05,-0.164247138,0.597219208,2.00202832,3.45630744,1.73536543
9.0930854e-05,1.9590945e-05,-0.172066143,0.59528442,1.98747652,3.45632804,1.7353654
9.0931854e-05,1.40166759e-05,-0.179334055,0.593494542,1.97211892,3.45635013,1.73536537
9.0932854e-05,8.39758703e-06,-0.186027731,0.591855274,1.95600462,3.45637358,1.73536534
9.0933854e-05,2.75164592e-06,-0.192125877,0.590371828,1.93918514,3.45639827,1.7353653
9.0934854e-05,-2.90309388e-06,-0.197609111,0.589048917,1.92171425,3.4564241,1.73536527
9.0935854e-05,-8.54855071e-06,-0.202460024,0.587890739,1.90364779,3.45645092,1.73536524
9.0936854e-05,-1.41666726e-05,-0.206663236,0.586900964,1.88504353,3.45647861,1.7353652
9.0937854e-05,-1.9739495e-05,-0.210205442,0.586082722,1.86596094,3.45650705,1.73536517
9.0938854e-05,-2.52491982e-05,-0.213075451,0.585438594,1.84646102,3.45653609,1.73536513
9.0939854e-05,-3.06781643e-05,-0.215264226,0.584970604,1.82660612,3.45656561,1.7353651
9.0940854e-05,-3.60090336e-05,-0.216764904,0.584680214,1.80645971,3.45659547,1.73536507
9.0941854e-05,-4.12247601e-05,-0.217572821,0.584568317,1.78608619,3.45662554,1.73536503
9.0942854e-05,-4.63086659e-05,-0.217685523,0.584635239,1.7655507,3.45665567,1.735365
9.0943854e-05,-5.12444946e-05,-0.217102773,0.584880733,1.74491888,3.45668573,1.73536496
9.0944854e-05,-5.60164633e-05,-0.21582655,0.585303986,1.7242567,3.45671559,1.73536493
9.0945854e-05,-6.06093133e-05,-0.213861041,0.585903617,1.70363021,3.4567451,1.7353649
9.0946854e-05,-6.50083583e-05,-0.211212629,0.586677684,1.68310534,3.45677414,1.73536486
9.0947854e-05,-6.9199532e-05,-0.207889864,0.587623691,1.66274772,3.45680258,1.73536483
9.0948854e-05,-7.31694325e-05,-0.203903445,0.588738594,1.64262243,3.45683027,1.73536479
9.0949854e-05,-7.69053657e-05,-0.199266176,0.590018816,1.6227938,3.45685736,1.73536476
9.0950854e-05,-8.03953856e-05,-0.193992928,0.59146025,1.60332523,3.4568842,1.73536473
9.0951854e-05,-8.36283323e-05,-0.188100592,0.593058282,1.58427895,3.45691108,1.7353647
9.0952854e-05,-8.65938683e-05,-0.181608022,0.594807799,1.56571586,3.45693821,1.73536466
9.0953854e-05,-8.92825108e-05,-0.174535977,0.596703207,1.5476953,3.45696579,1.73536463
9.0954854e-05,-9.16856627e-05,-0.166907051,0.598738452,1.53027489,3.45699399,1.7353646
9.0955854e-05,-9.37956396e-05,-0.158745606,0.600907033,1.51351031,3.45702296,1.73536457
9.0956854e-05,-9.56056946e-05,-0.150077692,0.60320203,1.49745516,3.45705278,1.73536454
9.0957854e-05,-9.71100398e-05,-0.140930962,0.605616121,1.48216076,3.45708354,1.7353645
9.0958854e-05,-9.83038651e-05,-0.131334588,0.608141606,1.46767602,3.45711528,1.73536447
9.0959854e-05,-9.91833529e-05,-0.121319168,0.610770434,1.45404724,3.45714801,1.73536444
9.0960854e-05,-9.9745691e-05,-0.110916627,0.613494223,1.44131798,3.45718174,1.73536441
9.0961854e-05,-9.99890813e-05,-0.100160118,0.616304293,1.42952895,3.45721638,1.73536439
9.0962854e-05,-9.99127455e-05,-0.0890839178,0.61919169,1.41871783,3.45725182,1.73536436
9.0963854e-05,-9.95169277e-05,-0.077723317,0.622147214,1.40891918,3.45728798,1.73536433
9.0964854e-05,-9.88028935e-05,-0.0661145109,0.625161447,1.40016433,3.45732474,1.7353643
9.0965854e-05,-9.77729263e-05,-0.0542944843,0.628224786,1.39248127,3.45736192,1.73536427
9.0966854e-05,-9.64303194e-05,-0.042300895,0.631327472,1.38589456,3.45739935,1.73536425
9.0967854e-05,-9.47793658e-05,-0.0301719551,0.634459619,1.38042525,3.45743683,1.73536422
9.0968854e-05,-9.28253449e-05,-0.0179463105,0.637611247,1.37609083,3.45747413,1.73536419
9.0969854e-05,-9.05745047e-05,-0.0056629192,0.640772313,1.37290515,3.45751103,1.73536417
9.0970854e-05,-8.80340425e-05,0.00663907144,0.643932742,1.37087841,3.45754726,1.73536414
9.0971854e-05,-8.52120818e-05,0.0189204485,0.64708246,1.37001707,3.45758258,1.73536412
9.0972854e-05,-8.21176461e-05,0.0311420574,0.650211426,1.3703239,3.4576167,1.7353641
9.0973854e-05,-7.87606302e-05,0.043264925,0.65330966,1.3717979,3.45764937,1.73536407
9.0974854e-05,-7.51517685e-05,0.0552503838,0.656367281,1.37443437,3.4576803,1.73536405
9.0975854e-05,-7.13026007e-05,0.0670601935,0.659374533,1.37822488,3.45770921,1.73536403
9.0976854e-05,-6.72254351e-05,0.0786566627,0.662321818,1.3831573,3.45773584,1.735364
9.0977854e-05,-6.29333087e-05,0.0900027684,0.665199726,1.38921588,3.45775991,1.73536398
9.0978854e-05,-5.84399461e-05,0.101062274,0.667999064,1.39638124,3.45778117,1.73536396
9.0979854e-05,-5.37597154e-05,0.111799842,0.67071089,1.40463047,3.45779937,1.73536394
9.0980854e-05,-4.8907582e-05,0.122181153,0.673326533,1.4139372,3.45781427,1.73536392
9.0981854e-05,-4.38990613e-05,0.132173008,0.675837629,1.42427167,3.45782566,1.7353639
9.0982854e-05,-3.87501685e-05,0.141743438,0.678236144,1.43560086,3.45783335,1.73536388
9.0983854e-05,-3.34773678e-05,0.150861807,0.680514398,1.44788853,3.45783715,1.73536386
9.0984854e-05,-2.80975195e-05,0.15949891,0.682665093,1.46109541,3.45783693,1.73536384
9.0985854e-05,-2.26278263e-05,0.167627064,0.684681336,1.47517928,3.45783256,1.73536383
9.0986854e-05,-1.70857781e-05,0.175220203,0.686556659,1.4900951,3.45782396,1.73536381
9.0987854e-05,-1.14890963e-05,0.182253958,0.688285043,1.5057952,3.45781105,1.73536379
9.0988854e-05,-5.85567682e-06,0.188705736,0.689860934,1.52222938,3.45779383,1.73536377
9.0989854e-05,-2.03533177e-07,0.194554797,0.691279264,1.5393451,3.4577723,1.73536376
9.0990854e-05,5.44926129e-06,0.199782318,0.692535468,1.55708766,3.45774652,1.73536374
9.0991854e-05,1.10846311e-05,0.204371457,0.693625495,1.57540031,3.45771657,1.73536372
9.0992854e-05,1.66845567e-05,0.208307407,0.694545827,1.59422453,3.45768258,1.7353637
9.0993854e-05,2.22311315e-05,0.211577447,0.695293484,1.61350013,3.45764473,1.73536369
9.0994854e-05,2.77066198e-05,0.214170982,0.695866041,1.6331655,3.45760323,1.73536367
9.0995854e-05,3.30935132e-05,0.216079581,0.696261631,1.65315775,3.45755832,1.73536365
9.0996854e-05,3.83745864e-05,0.217297003,0.696478955,1.67341299,3.4575103,1.73536364
9.0997854e-05,4.35329526e-05,0.217819221,0.696517282,1.69386645,3.45745951,1.73536362
9.0998854e-05,4.85521175e-05,0.217644438,0.696376458,1.71445275,3.45740631,1.73536361
9.0999854e-05,5.34160316e-05,0.216773088,0.696056901,1.73510608,3.45735111,1.73536359
9.1000854e-05,5.8109142e-05,0.215207846,0.695559605,1.75576042,3.45729435,1.73536357
9.1001854e-05,6.26164421e-05,0.212953611,0.694886133,1.77634972,3.45723652,1.73536356
9.1002854e-05,6.69235192e-05,0.210017499,0.694038615,1.79680818,3.4571781,1.73536354
9.1003854e-05,7.1016601e-05,0.206408816,0.693019741,1.81707039,3.45711964,1.73536352
9.1004854e-05,7.48825994e-05,0.202139035,0.691832751,1.83707157,3.45706167,1.7353635
9.1005854e-05,7.85091525e-05,0.197221754,0.690481429,1.85674778,3.45700476,1.73536349
9.1006854e-05,8.18846639e-05,0.191672658,0.688970084,1.87603613,3.45694912,1.73536347
9.1007854e-05,8.49983401e-05,0.185509469,0.687303546,1.89487494,3.4568948,1.73536345
9.1008854e-05,8.78402247e-05,0.178751885,0.68548714,1.913204,3.45684191,1.73536343
9.1009854e-05,9.04012305e-05,0.171421523,0.683526679,1.9309647,3.45679059,1.73536342
9.1010854e-05,9.26731685e-05,0.163541846,0.681428436,1.94810027,3.45674096,1.7353634
9.1011854e-05,9.46487738e-05,0.15513809,0.679199133,1.96455592,3.45669312,1.73536338
9.1012854e-05,9.63217292e-05,0.146237179,0.676845912,1.98027905,3.45664718,1.73536336
9.1013854e-05,9.76866853e-05,0.136867644,0.674376315,1.99521939,3.45660326,1.73536334
9.1014854e-05,9.87392775e-05,0.127059526,0.671798261,2.00932918,3.45656143,1.73536332
9.1015854e-05,9.947614e-05,0.116844281,0.669120018,2.02256331,3.45652179,1.7353633
9.1016854e-05,9.98949165e-05,0.106254676,0.666350176,2.03487947,3.45648441,1.73536328
9.1017854e-05,9.99942681e-05,0.0953246884,0.663497623,2.0462383,3.45644936,1.73536326
9.1018854e-05,9.9773877e-05,0.084089389,0.66057151,2.05660347,3.45641672,1.73536323
9.1019854e-05,9.92344479e-05,0.0725848324,0.657581229,2.06594184,3.45638652,1.73536321
9.1020854e-05,9.83777058e-05,0.0608479387,0.654536375,2.07422358,3.45635882,1.73536319
9.1021854e-05,9.72063901e-05,0.0489163741,0.651446719,2.08142219,3.45633364,1.73536317
9.1022854e-05,9.57242463e-05,0.0368284287,0.648322176,2.08751466,3.45631103,1.73536314
9.1023854e-05,9.39360137e-05,0.024622892,0.645172773,2.09248153,3.45629099,1.73536312
9.1024854e-05,9.18474104e-05,0.0123389274,0.642008614,2.0963069,3.45627353,1.73536309
9.1025854e-05,8.94651148e-05,1.59452091e-05,0.638839851,2.09897855,3.45625866,1.73536307
9.1026854e-05,8.67967447e-05,-0.0123065252,0.635676649,2.10048795,3.45624638,1.73536304
9.1027854e-05,8.38508325e-05,-0.0245889634,0.632529152,2.10083025,3.45623666,1.73536301
9.1028854e-05,8.0636798e-05,-0.0367919858,0.629407451,2.10000437,3.45622948,1.73536299
9.1029854e-05,7.71649184e-05,-0.0488764728,0.626321556,2.09801295,3.45622481,1.73536296
9.1030854e-05,7.34462955e-05,-0.0608036955,0.623281354,2.09486236,3.45622262,1.73536293
9.1031854e-05,6.94928201e-05,-0.0725354403,0.620296586,2.09056266,3.45622285,1.7353629
9.1032854e-05,6.53171336e-05,-0.0840341323,0.617376812,2.0851276,3.45622545,1.73536288
9.1033854e-05,6.09325885e-05,-0.0952629562,0.614531379,2.07857456,3.45623036,1.73536285
9.1034854e-05,5.63532047e-05,-0.106185975,0.611769394,2.07092448,3.45623751,1.73536282
9.1035854e-05,5.15936253e-05,-0.116768243,0.609099693,2.06220183,3.45624683,1.73536279
9.1036854e-05,4.66690696e-05,-0.126975923,0.60653081,2.05243448,3.45625823,1.73536276
9.1037854e-05,4.15952845e-05,-0.136776388,0.604070958,2.04165367,3.45627164,1.73536273
9.1038854e-05,3.63884938e-05,-0.14613833,0.601727993,2.02989385,3.45628696,1.73536269
9.1039854e-05,3.10653469e-05,-0.155031859,0.599509394,2.01719263,3.45630408,1.73536266
9.1040854e-05,2.56428652e-05,-0.163428595,0.597422242,2.0035906,3.45632292,1.73536263
9.1041854e-05,2.01383876e-05,-0.171301762,0.595473189,1.98913125,3.45634336,1.7353626
9.1042854e-05,1.45695153e-05,-0.17862627,0.593668446,1.97386081,3.4563653,1.73536257
9.1043854e-05,8.9540553e-06,-0.185378796,0.592013759,1.95782808,3.45638861,1.73536253
9.1044854e-05,3.30996376e-06,-0.191537855,0.590514391,1.94108434,3.45641318,1.7353625
9.1045854e-05,-2.34471175e-06,-0.197083871,0.589175105,1.9236831,3.45643889,1.73536247
9.1046854e-05,-7.99188979e-06,-0.201999232,0.588000152,1.90568,3.45646562,1.73536243
9.1047854e-05,-1.36135129e-05,-0.206268353,0.586993255,1.88713259,3.45649322,1.7353624
9.1048854e-05,-1.91916053e-05,-0.209877716,0.586157599,1.86810016,3.45652159,1.73536236
9.1049854e-05,-2.47083304e-05,-0.212815918,0.585495822,1.84864356,3.45655057,1.73536233
9.1050854e-05,-3.01460479e-05,-0.215073701,0.585010003,1.82882498,3.45658004,1.7353623
9.1051854e-05,-3.54873701e-05,-0.216643983,0.584701662,1.8087078,3.45660987,1.73536226
9.1052854e-05,-4.07152175e-05,-0.217521877,0.584571748,1.78835631,3.45663991,1.73536223
9.1053854e-05,-4.58128736e-05,-0.217704707,0.584620646,1.76783558,3.45667004,1.73536219
9.1054854e-05,-5.07640379e-05,-0.217192011,0.584848165,1.74721121,3.45670011,1.73536216
9.1055854e-05,-5.55528786e-05,-0.215985545,0.585253551,1.72654914,3.45672999,1.73536213
9.1056854e-05,-6.01640829e-05,-0.214089276,0.585835478,1.70591542,3.45675954,1.73536209
9.1057854e-05,-6.4582906e-05,-0.211509363,0.586592061,1.68537602,3.45678863,1.73536206
9.1058854e-05,-6.8795218e-05,-0.208254143,0.58752086,1.66499659,3.45681713,1.73536202
9.1059854e-05,-7.27875498e-05,-0.204334096,0.588618887,1.64484229,3.4568449,1.73536199
9.1060854e-05,-7.65471354e-05,-0.199761816,0.589882615,1.62497755,3.45687203,1.73536196
9.1061854e-05,-8.00619531e-05,-0.19455197,0.591307993,1.60546587,3.45689887,1.73536192
9.1062854e-05,-8.33207639e-05,-0.188721245,0.592890455,1.58636964,3.45692572,1.73536189
9.1063854e-05,-8.63131474e-05,-0.182288302,0.594624939,1.5677499,3.45695279,1.73536186
9.1064854e-05,-8.90295351e-05,-0.175273708,0.596505899,1.54966619,3.4569803,1.73536183
9.1065854e-05,-9.1461241e-05,-0.167699878,0.598527326,1.5321763,3.45700841,1.73536179
9.1066854e-05,-9.36004896e-05,-0.159590998,0.600682763,1.51533616,3.45703727,1.73536176
9.1067854e-05,-9.54404403e-05,-0.15097295,0.602965332,1.49919961,3.45706698,1.73536173
9.1068854e-05,-9.69752097e-05,-0.14187323,0.60536775,1.48381823,3.45709761,1.7353617
9.1069854e-05,-9.81998902e-05,-0.132320862,0.607882354,1.46924119,3.45712923,1.73536167
9.1070854e-05,-9.91105657e-05,-0.122346304,0.610501126,1.4555151,3.45716183,1.73536164
9.1071854e-05,-9.97043243e-05,-0.11198135,0.613215719,1.44268383,3.45719543,1.73536161
9.1072854e-05,-9.99792673e-05,-0.101259035,0.616017481,1.43078841,3.45722996,1.73536158
9.1073854e-05,-9.99345157e-05,-0.0902135273,0.618897483,1.41986687,3.4572653,1.73536155
9.1074854e-05,-9.95702124e-05,-0.0788800197,0.621846549,1.40995412,3.45730137,1.73536152
9.1075854e-05,-9.88875224e-05,-0.0672946215,0.624855283,1.40108185,3.45733805,1.7353615
9.1076854e-05,-9.78886287e-05,-0.055494243,0.627914099,1.39327842,3.45737517,1.73536147
9.1077854e-05,-9.65767253e-05,-0.0435164792,0.631013251,1.38656879,3.45741257,1.73536144
9.1078854e-05,-9.49560072e-05,-0.0313994917,0.634142865,1.38097439,3.45745004,1.73536142
9.1079854e-05,-9.30316568e-05,-0.0191818878,0.63729297,1.37651312,3.45748736,1.73536139
9.1080854e-05,-9.08098274e-05,-0.00690259976,0.640453527,1.37319924,3.45752429,1.73536136
9.1081854e-05,-8.82976237e-05,0.00539923899,0.643614463,1.37104333,3.45756059,1.73536134
9.1082854e-05,-8.55030786e-05,0.0176844167,0.646765703,1.3700523,3.45759601,1.73536131
9.1083854e-05,-8.24351279e-05,0.0299137673,0.649897201,1.37022931,3.45763027,1.73536129
9.1084854e-05,-7.91035819e-05,0.0420482941,0.652998969,1.37157379,3.45766309,1.73536127
9.1085854e-05,-7.55190934e-05,0.0540492932,0.656061115,1.37408145,3.45769421,1.73536124
9.1086854e-05,-7.16931244e-05,0.0658784761,0.659073869,1.37774426,3.45772335,1.73536122
9.1087854e-05,-6.76379087e-05,0.0774980907,0.662027616,1.38255052,3.45775023,1.7353612
9.1088854e-05,-6.33664133e-05,0.0888710414,0.664912925,1.38848486,3.45777458,1.73536118
9.1089854e-05,-5.88922969e-05,0.0999610068,0.667720582,1.39552831,3.45779615,1.73536116
9.1090854e-05,-5.42298658e-05,0.110732555,0.670441615,1.40365835,3.45781468,1.73536114
9.1091854e-05,-4.93940288e-05,0.121151258,0.673067327,1.41284899,3.45782995,1.73536112
9.1092854e-05,-4.4400249e-05,0.131183799,0.675589321,1.42307084,3.45784173,1.7353611
9.1093854e-05,-3.92644944e-05,0.140798081,0.677999528,1.43429123,3.45784982,1.73536108
9.1094854e-05,-3.40031874e-05,0.149963329,0.680290232,1.44647429,3.45785405,1.73536106
9.1095854e-05,-2.86331514e-05,0.158650189,0.682454096,1.45958107,3.45785427,1.73536104
9.1096854e-05,-2.31715577e-05,0.166830822,0.684484184,1.47356967,3.45785036,1.73536102
9.1097854e-05,-1.76358704e-05,0.174478994,0.686373985,1.48839536,3.45784221,1.735361
9.1098854e-05,-1.20437905e-05,0.181570162,0.688117433,1.50401075,3.45782977,1.73536098
9.1099854e-05,-6.41319927e-06,0.18808155,0.689708928,1.52036592,3.45781302,1.73536097
9.1100854e-05,-7.62101112e-07,0.193992229,0.69114335,1.53740858,3.45779196,1.73536095
9.1101854e-05,4.89143395e-06,0.199283179,0.692416084,1.55508425,3.45776663,1.73536093
9.1102854e-05,1.05293281e-05,0.203937356,0.693523027,1.57333642,3.45773713,1.73536092
9.1103854e-05,1.61335536e-05,0.207939746,0.694460605,1.59210674,3.45770358,1.7353609
9.1104854e-05,2.16861903e-05,0.211277416,0.695225785,1.61133521,3.45766614,1.73536088
9.1105854e-05,2.71694829e-05,0.213939554,0.695816084,1.63096035,3.45762502,1.73536087
9.1106854e-05,3.25658982e-05,0.215917509,0.69622958,1.65091942,3.45758047,1.73536085
9.1107854e-05,3.78581805e-05,0.217204819,0.696464916,1.67114862,3.45753278,1.73536083
9.1108854e-05,4.3029407e-05,0.217797235,0.696521304,1.69158328,3.45748227,1.73536082
9.1109854e-05,4.80630423e-05,0.217692731,0.69639853,1.71215807,3.45742932,1.7353608
9.1110854e-05,5.29429907e-05,0.21689152,0.696096957,1.73280721,3.45737432,1.73536078
9.1111854e-05,5.7653648e-05,0.215396048,0.695617519,1.75346469,3.45731771,1.73536077
9.1112854e-05,6.21799515e-05,0.213210991,0.694961722,1.77406448,3.45725997,1.73536075
9.1113854e-05,6.65074277e-05,0.210343243,0.69413164,1.79454071,3.4572016,1.73536073
9.1114854e-05,7.06222392e-05,0.206801891,0.693129906,1.81482794,3.45714312,1.73536072
9.1115854e-05,7.45112282e-05,0.202598189,0.691959706,1.8348613,3.45708507,1.7353607
9.1116854e-05,7.81619594e-05,0.197745524,0.690624768,1.85457675,3.45702804,1.73536068
9.1117854e-05,8.15627591e-05,0.192259374,0.689129351,1.87391126,3.45697227,1.73536066
9.1118854e-05,8.47027529e-05,0.186157255,0.687478231,1.89280302,3.45691781,1.73536065
9.1119854e-05,8.75719004e-05,0.17945867,0.685676685,1.91119164,3.45686477,1.73536063
9.1120854e-05,9.0161027e-05,0.172185046,0.683730477,1.92901833,3.45681328,1.73536061
9.1121854e-05,9.24618539e-05,0.164359662,0.681645835,1.9462261,3.45676347,1.73536059
9.1122854e-05,9.44670238e-05,0.156007579,0.679429436,1.96275994,3.45671544,1.73536057
9.1123854e-05,9.6170125e-05,0.147155556,0.677088381,1.97856699,3.4566693,1.73536055
9.1124854e-05,9.75657116e-05,0.137831964,0.674630174,1.99359671,3.45662517,1.73536053
9.1125854e-05,9.86493211e-05,0.128066697,0.672062695,2.00780106,3.45658312,1.73536051
9.1126854e-05,9.94174886e-05,0.117891072,0.669394178,2.02113463,3.45654325,1.73536049
9.1127854e-05,9.98677577e-05,0.10733773,0.666633184,2.03355479,3.45650564,1.73536047
9.1128854e-05,9.99986887e-05,0.0964405293,0.66378857,2.04502183,3.45647035,1.73536045
9.1129854e-05,9.98098628e-05,0.0852344365,0.660869464,2.0554991,3.45643745,1.73536043
9.1130854e-05,9.93018839e-05,0.0737554119,0.657885232,2.0649531,3.456407,1.73536041
9.1131854e-05,9.84763764e-05,0.0620402936,0.654845452,2.07335361,3.45637904,1.73536038
9.1132854e-05,9.73359797e-05,0.0501266778,0.651759878,2.08067377,3.45635361,1.73536036
9.1133854e-05,9.58843406e-05,0.0380527972,0.648638412,2.08689018,3.45633073,1.73536034
9.1134854e-05,9.41261008e-05,0.0258573964,0.645491072,2.09198296,3.45631043,1.73536031
9.1135854e-05,9.20668823e-05,0.0135796068,0.642327954,2.09593584,3.45629271,1.73536029
9.1136854e-05,8.97132699e-05,0.00125881929,0.639159208,2.09873617,3.45627758,1.73536026
9.1137854e-05,8.70727894e-05,-0.0110654431,0.635994998,2.10037501,3.45626503,1.73536024
9.1138854e-05,8.41538841e-05,-0.0233536534,0.632845473,2.10084711,3.45625504,1.73536021
9.1139854e-05,8.09658875e-05,-0.0355664086,0.62972073,2.10015097,3.45624761,1.73536018
9.1140854e-05,7.75189936e-05,-0.047664557,0.626630787,2.09828881,3.45624268,1.73536016
9.1141854e-05,7.38242241e-05,-0.0596093246,0.623585548,2.09526658,3.45624024,1.73536013
9.1142854e-05,6.98933936e-05,-0.0713624407,0.620594768,2.09109395,3.45624022,1.7353601
9.1143854e-05,6.57390713e-05,-0.0828862604,0.617668027,2.08578425,3.45624258,1.73536007
9.1144854e-05,6.1374541e-05,-0.0941438868,0.614814695,2.07935446,3.45624725,1.73536004
9.1145854e-05,5.68137589e-05,-0.105099289,0.612043904,2.07182513,3.45625418,1.73536001
9.1146854e-05,5.20713085e-05,-0.115717417,0.609364518,2.06322034,3.45626328,1.73535998
9.1147854e-05,4.71623544e-05,-0.125964316,0.606785105,2.05356759,3.45627447,1.73535995
9.1148854e-05,4.21025935e-05,-0.135807233,0.60431391,2.04289774,3.45628768,1.73535992
9.1149854e-05,3.69082049e-05,-0.145214723,0.601958825,2.0312449,3.4563028,1.73535989
9.1150854e-05,3.15957982e-05,-0.154156747,0.599727371,2.01864632,3.45631975,1.73535986
9.1151854e-05,2.61823606e-05,-0.16260477,0.597626667,2.00514229,3.45633841,1.73535983
9.1152854e-05,2.06852019e-05,-0.170531852,0.595663412,1.99077596,3.45635869,1.73535979
9.1153854e-05,1.51219e-05,-0.177912727,0.59384386,1.97559328,3.45638048,1.73535976
9.1154854e-05,9.51024419e-06,-0.184723891,0.592173806,1.95964277,3.45640365,1.73535973
9.1155854e-05,3.86817833e-06,-0.190943672,0.590658562,1.94297542,3.4564281,1.7353597
9.1156854e-05,-1.78625647e-06,-0.196552297,0.589302942,1.92564453,3.4564537,1.73535966
9.1157854e-05,-7.43497951e-06,-0.201531956,0.58811125,1.90770549,3.45648032,1.73535963
9.1158854e-05,-1.30599284e-05,-0.205866854,0.587087262,1.88921566,3.45650784,1.7353596
9.1159854e-05,-1.86431167e-05,-0.209543266,0.586234218,1.87023414,3.45653613,1.73535956
9.1160854e-05,-2.41666916e-05,-0.212549572,0.585554811,1.85082162,3.45656505,1.73535953
9.1161854e-05,-2.96129909e-05,-0.214876296,0.585051178,1.83104016,3.45659447,1.73535949
9.1162854e-05,-3.49645993e-05,-0.216516138,0.584724893,1.81095299,3.45662427,1.73535946
9.1163854e-05,-4.02044046e-05,-0.217463987,0.584576966,1.79062434,3.45665429,1.73535943
9.1164854e-05,-4.53156519e-05,-0.217716944,0.584607836,1.77011918,3.45668441,1.73535939
9.1165854e-05,-5.02819974e-05,-0.217274324,0.584817373,1.74950308,3.45671449,1.73535936
9.1166854e-05,-5.50875607e-05,-0.21613766,0.585204876,1.72884193,3.45674439,1.73535932
9.1167854e-05,-5.97169754e-05,-0.214310696,0.585769079,1.7082018,3.45677397,1.73535929
9.1168854e-05,-6.41554385e-05,-0.211799371,0.586508154,1.68764867,3.45680311,1.73535925
9.1169854e-05,-6.83887576e-05,-0.208611803,0.587419714,1.66724824,3.45683167,1.73535922
9.1170854e-05,-7.24033961e-05,-0.204758258,0.588500827,1.64706573,3.45685951,1.73535919
9.1171854e-05,-7.61865168e-05,-0.200251119,0.589748021,1.62716566,3.45688669,1.73535915
9.1172854e-05,-7.97260227e-05,-0.195104845,0.591157295,1.60761165,3.45691353,1.73535912
9.1173854e-05,-8.30105958e-05,-0.189335922,0.592724137,1.58846622,3.45694035,1.73535909
9.1174854e-05,-8.60297335e-05,-0.182962814,0.594443532,1.56979057,3.45696738,1.73535906
9.1175854e-05,-8.87737816e-05,-0.176005899,0.596309982,1.5516444,3.45699481,1.73535902
9.1176854e-05,-9.12339657e-05,-0.16848741,0.598317525,1.53408574,3.45702283,1.73535899
9.1177854e-05,-9.34024192e-05,-0.160431356,0.600459749,1.51717071,3.45705158,1.73535896
9.1178854e-05,-9.52722082e-05,-0.151863452,0.602729816,1.50095339,3.45708117,1.73535893
9.1179854e-05,-9.68373539e-05,-0.142811036,0.605120483,1.48548562,3.45711169,1.7353589
9.1180854e-05,-9.80928514e-05,-0.133302981,0.607624125,1.47081686,3.45714317,1.73535887
9.1181854e-05,-9.90346863e-05,-0.123369604,0.610232759,1.456994,3.45717565,1.73535884
9.1182854e-05,-9.96598468e-05,-0.11304257,0.612938069,1.44406123,3.45720913,1.73535881
9.1183854e-05,-9.9966334e-05,-0.102354793,0.615731432,1.4320599,3.45724355,1.73535878
9.1184854e-05,-9.99531679e-05,-0.0913403308,0.618603948,1.42102837,3.45727878,1.73535875
9.1185854e-05,-9.96203905e-05,-0.0800342788,0.621546462,1.4110019,3.45731476,1.73535872
9.1186854e-05,-9.89690659e-05,-0.0684726588,0.624549601,1.40201256,3.45735136,1.73535869
9.1187854e-05,-9.80012769e-05,-0.0566923051,0.627603795,1.39408908,3.45738842,1.73535866
9.1188854e-05,-9.6720118e-05,-0.0447307491,0.630699314,1.38725679,3.45742578,1.73535864
9.1189854e-05,-9.51296858e-05,-0.0326261002,0.633826296,1.38153753,3.45746324,1.73535861
9.1190854e-05,-9.32350661e-05,-0.0204169266,0.636974777,1.37694958,3.45750057,1.73535859
9.1191854e-05,-9.10423169e-05,-0.00814213287,0.640134725,1.37350762,3.45753754,1.73535856
9.1192854e-05,-8.85584499e-05,0.0041591623,0.643296067,1.37122265,3.45757391,1.73535853
9.1193854e-05,-8.57914075e-05,0.0164477496,0.646448729,1.37010196,3.45760942,1.73535851
9.1194854e-05,-8.27500377e-05,0.0286844529,0.649582659,1.37014915,3.4576438,1.73535849
9.1195854e-05,-7.94440655e-05,0.040830253,0.652687862,1.37136405,3.45767679,1.73535846
9.1196854e-05,-7.58840622e-05,0.0528464111,0.655754437,1.37374279,3.45770809,1.73535844
9.1197854e-05,-7.20814112e-05,0.0646945913,0.658772597,1.37727777,3.45773745,1.73535842
9.1198854e-05,-6.8048272e-05,0.0763369821,0.661732712,1.38195767,3.45776458,1.7353584
9.1199854e-05,-6.37975409e-05,0.0877364167,0.664625331,1.38776754,3.45778921,1.73535837
9.1200854e-05,-5.93428102e-05,0.0988564903,0.667441216,1.3946888,3.45781108,1.73535835
9.1201854e-05,-5.46983243e-05,0.109661677,0.670171371,1.40269933,3.45782995,1.73535833
9.1202854e-05,-4.98789345e-05,0.120117441,0.672807068,1.41177351,3.45784558,1.73535831
9.1203854e-05,-4.49000513e-05,0.13019035,0.67533988,1.42188234,3.45785774,1.73535829
9.1204854e-05,-3.97775953e-05,0.139848179,0.677761704,1.4329935,3.45786624,1.73535827
9.1205854e-05,-3.4527946e-05,0.149060016,0.680064786,1.44507146,3.45787089,1.73535825
9.1206854e-05,-2.91678899e-05,0.157796359,0.68224175,1.45807762,3.45787155,1.73535823
9.1207854e-05,-2.37145661e-05,0.166029212,0.684285619,1.47197039,3.45786809,1.73535822
9.1208854e-05,-1.81854125e-05,0.173732176,0.686189838,1.48670537,3.4578604,1.7353582
9.1209854e-05,-1.2598109e-05,0.180880532,0.687948296,1.50223543,3.45784843,1.73535818
9.1210854e-05,-6.97052163e-06,0.187451325,0.689555343,1.51851095,3.45783215,1.73535816
9.1211854e-05,-1.32064527e-06,0.193423435,0.691005813,1.53547987,3.45781155,1.73535814
9.1212854e-05,4.333454e-06,0.198777648,0.692295037,1.55308796,3.45778669,1.73535813
9.1213854e-05,9.97369657e-06,0.203496717,0.693418861,1.57127893,3.45775764,1.73535811
9.1214854e-05,1.55820472e-05,0.207565422,0.694373656,1.58999461,3.45772452,1.73535809
9.1215854e-05,2.11405724e-05,0.210970617,0.695156334,1.60917519,3.45768749,1.73535808
9.1216854e-05,2.66314984e-05,0.213701276,0.695764358,1.62875933,3.45764676,1.73535806
9.1217854e-05,3.20372672e-05,0.215748528,0.696195748,1.64868443,3.45760257,1.73535804
9.1218854e-05,3.73405933e-05,0.217105689,0.696449089,1.66888679,3.45755521,1.73535803
9.1219854e-05,4.25245188e-05,0.217768286,0.696523536,1.68930184,3.45750499,1.73535801
9.1220854e-05,4.75724674e-05,0.217734069,0.696418818,1.7098643,3.45745229,1.73535799
9.1221854e-05,5.24682979e-05,0.217003024,0.696135238,1.73050843,3.45739749,1.73535798
9.1222854e-05,5.71963552e-05,0.215577373,0.695673674,1.75116825,3.45734105,1.73535796
9.1223854e-05,6.17415208e-05,0.213461568,0.695035574,1.77177771,3.45728341,1.73535794
9.1224854e-05,6.60892612e-05,0.210662279,0.694222955,1.79227091,3.45722508,1.73535793
9.1225854e-05,7.02256738e-05,0.207188374,0.693238395,1.81258235,3.45716659,1.73535791
9.1226854e-05,7.41375321e-05,0.203050889,0.692085022,1.8326471,3.45710848,1.73535789
9.1227854e-05,7.78123276e-05,0.198263,0.690766513,1.852401,3.45705131,1.73535788
9.1228854e-05,8.12383095e-05,0.192839973,0.689287072,1.87178092,3.45699539,1.73535786
9.1229854e-05,8.4404523e-05,0.186799123,0.687651424,1.89072489,3.45694079,1.73535784
9.1230854e-05,8.73008437e-05,0.180159755,0.685864796,1.90917235,3.4568876,1.73535782
9.1231854e-05,8.99180104e-05,0.172943105,0.683932904,1.92706432,3.45683594,1.73535781
9.1232854e-05,9.22476544e-05,0.165172268,0.681861931,1.94434362,3.45678595,1.73535779
9.1233854e-05,9.42823263e-05,0.156872129,0.679658509,1.96095499,3.45673773,1.73535777
9.1234854e-05,9.60155201e-05,0.14806928,0.677329696,1.97684533,3.4566914,1.73535775
9.1235854e-05,9.74416937e-05,0.138791932,0.674882957,1.99196384,3.45664705,1.73535773
9.1236854e-05,9.85562868e-05,0.129069832,0.672326136,2.00626219,3.45660479,1.73535771
9.1237854e-05,9.93557353e-05,0.118934156,0.669667433,2.01969467,3.45656469,1.73535769
9.1238854e-05,9.98374829e-05,0.108417417,0.666915375,2.03221833,3.45652684,1.73535767
9.1239854e-05,9.99999892e-05,0.0975533546,0.664078792,2.04379315,3.45649131,1.73535765
9.1240854e-05,9.98427345e-05,0.0863768295,0.661166785,2.05438211,3.45645817,1.73535762
9.1241854e-05,9.93662217e-05,0.0749237065,0.658188699,2.06395136,3.45642747,1.7353576
9.1242854e-05,9.85719744e-05,0.0632307405,0.655154091,2.07247031,3.45639925,1.73535758
9.1243854e-05,9.74625324e-05,0.0513354566,0.652072698,2.07991172,3.45637356,1.73535756
9.1244854e-05,9.60414432e-05,0.0392760286,0.64895441,2.08625182,3.45635042,1.73535753
9.1245854e-05,9.4313251e-05,0.0270911553,0.645809233,2.09147032,3.45632985,1.73535751
9.1246854e-05,9.22834817e-05,0.0148199345,0.642647258,2.09555054,3.45631186,1.73535748
9.1247854e-05,8.99586259e-05,0.00250173668,0.639478631,2.09847945,3.45629647,1.73535746
9.1248854e-05,8.73461174e-05,-0.00982392294,0.636313515,2.10024767,3.45628365,1.73535743
9.1249854e-05,8.44543102e-05,-0.0221175121,0.633162061,2.10084955,3.45627341,1.73535741
9.1250854e-05,8.12924509e-05,-0.0343396096,0.630034375,2.10028317,3.45626571,1.73535738
9.1251854e-05,7.78706502e-05,-0.0464510329,0.626940485,2.09855034,3.45626054,1.73535735
9.1252854e-05,7.41998494e-05,-0.0584129643,0.623890305,2.0956566,3.45625784,1.73535732
9.1253854e-05,7.02917865e-05,-0.0701870769,0.620893608,2.0916112,3.45625757,1.7353573
9.1254854e-05,6.61589578e-05,-0.0817356574,0.617959993,2.08642707,3.45625969,1.73535727
9.1255854e-05,6.18145786e-05,-0.0930217281,0.615098852,2.08012078,3.45626413,1.73535724
9.1256854e-05,5.72725404e-05,-0.104009165,0.612319343,2.0727125,3.45627083,1.73535721
9.1257854e-05,5.25473671e-05,-0.114662816,0.609630358,2.06422591,3.45627971,1.73535718
9.1258854e-05,4.76541677e-05,-0.124948609,0.607040497,2.05468813,3.45629069,1.73535715
9.1259854e-05,4.26085889e-05,-0.134833667,0.604558036,2.04412967,3.45630369,1.73535712
9.1260854e-05,3.74267644e-05,-0.144286407,0.602190907,2.03258427,3.45631862,1.73535709
9.1261854e-05,3.21252637e-05,-0.153276645,0.599946668,2.02008884,3.45633539,1.73535705
9.1262854e-05,2.6721039e-05,-0.161775691,0.597832479,2.00668333,3.45635388,1.73535702
9.1263854e-05,2.12313708e-05,-0.169756437,0.595855082,1.9924106,3.456374,1.73535699
9.1264854e-05,1.5673813e-05,-0.177193448,0.594020779,1.97731627,3.45639563,1.73535696
9.1265854e-05,1.00661364e-05,-0.184063038,0.59233541,1.96144859,3.45641866,1.73535692
9.1266854e-05,4.4262722e-06,-0.190343347,0.590804337,1.94485831,3.45644298,1.73535689
9.1267854e-05,-1.22774545e-06,-0.196014408,0.589432425,1.92759844,3.45646846,1.73535686
9.1268854e-05,-6.87783726e-06,-0.20105821,0.58822403,1.90972418,3.45649498,1.73535682
9.1269854e-05,-1.25059364e-05,-0.205458753,0.587182983,1.89129266,3.45652242,1.73535679
9.1270854e-05,-1.80940465e-05,-0.209202101,0.586312576,1.87236281,3.45655063,1.73535676
9.1271854e-05,-2.36242988e-05,-0.21227642,0.58561556,1.85299513,3.45657949,1.73535672
9.1272854e-05,-2.90790099e-05,-0.214672018,0.585094126,1.83325156,3.45660886,1.73535669
9.1273854e-05,-3.44407376e-05,-0.216381372,0.584749907,1.8131952,3.45663862,1.73535666
9.1274854e-05,-3.96923373e-05,-0.217399152,0.58458397,1.79289018,3.45666862,1.73535662
9.1275854e-05,-4.48170163e-05,-0.217722234,0.58459681,1.77240141,3.45669873,1.73535659
9.1276854e-05,-4.9798388e-05,-0.21734971,0.584788355,1.75179438,3.45672881,1.73535655
9.1277854e-05,-5.46205239e-05,-0.21628289,0.585157963,1.73113498,3.45675873,1.73535652
9.1278854e-05,-5.92680047e-05,-0.214525294,0.585704424,1.71048926,3.45678835,1.73535648
9.1279854e-05,-6.37259695e-05,-0.212082642,0.586425964,1.68992321,3.45681754,1.73535645
9.1280854e-05,-6.79801634e-05,-0.208962833,0.587320256,1.66950258,3.45684616,1.73535642
9.1281854e-05,-7.20169834e-05,-0.205175918,0.588384419,1.64929265,3.45687407,1.73535638
9.1282854e-05,-7.58235211e-05,-0.200734068,0.589615037,1.62935804,3.45690131,1.73535635
9.1283854e-05,-7.93876047e-05,-0.195651535,0.591008162,1.60976247,3.45692815,1.73535632
9.1284854e-05,-8.26978378e-05,-0.189944602,0.592559331,1.59056859,3.45695494,1.73535628
9.1285854e-05,-8.57436354e-05,-0.183631537,0.594263581,1.57183777,3.45698192,1.73535625
9.1286854e-05,-8.85152582e-05,-0.176732528,0.596115462,1.55362987,3.45700928,1.73535622
9.1287854e-05,-9.10038439e-05,-0.169269622,0.598109057,1.53600312,3.45703721,1.73535619
9.1288854e-05,-9.32014347e-05,-0.161266654,0.600237998,1.51901387,3.45706586,1.73535616
9.1289854e-05,-9.51010036e-05,-0.152749171,0.60249549,1.50271642,3.45709534,1.73535612
9.1290854e-05,-9.66964767e-05,-0.14374435,0.604874329,1.48716289,3.45712573,1.73535609
9.1291854e-05,-9.79827521e-05,-0.134280913,0.607366929,1.47240298,3.45715709,1.73535606
9.1292854e-05,-9.89557169e-05,-0.124389036,0.609965341,1.4584839,3.45718944,1.73535603
9.1293854e-05,-9.96122598e-05,-0.114100253,0.612661281,1.44545014,3.45722276,1.735356
9.1294854e-05,-9.99502817e-05,-0.103447357,0.615446156,1.43334336,3.45725705,1.73535597
9.1295854e-05,-9.99687015e-05,-0.0924642935,0.618311093,1.42220227,3.45729221,1.73535594
9.1296854e-05,-9.96674603e-05,-0.0811860593,0.621246962,1.41206249,3.45732809,1.73535592
9.1297854e-05,-9.90475215e-05,-0.0696485874,0.624244409,1.40295643,3.45736461,1.73535589
9.1298854e-05,-9.81108674e-05,-0.0578886353,0.627293884,1.39491321,3.45740162,1.73535586
9.1299854e-05,-9.68604929e-05,-0.0459436691,0.630385672,1.38795853,3.45743894,1.73535583
9.1300854e-05,-9.53003964e-05,-0.0338517456,0.633509921,1.38211463,3.45747638,1.73535581
9.1301854e-05,-9.34355663e-05,-0.0216513918,0.636656678,1.3774002,3.45751372,1.73535578
9.1302854e-05,-9.12719658e-05,-0.00938148386,0.639815915,1.37383029,3.45755072,1.73535575
9.1303854e-05,-8.88165131e-05,0.00291887568,0.642977564,1.37141633,3.45758716,1.73535573
9.1304854e-05,-8.60770598e-05,0.0152104811,0.646131546,1.37016604,3.45762276,1.73535571
9.1305854e-05,-8.30623657e-05,0.0274541476,0.649267808,1.3700834,3.45765727,1.73535568
9.1306854e-05,-7.97820704e-05,0.0396108345,0.652376349,1.37116868,3.4576904,1.73535566
9.1307854e-05,-7.62466633e-05,0.0516417693,0.655447254,1.37341842,3.45772189,1.73535563
9.1308854e-05,-7.2467449e-05,0.0635085702,0.658470725,1.37682541,3.45775146,1.73535561
9.1309854e-05,-6.84565121e-05,0.0751733674,0.661437114,1.38137877,3.45777884,1.73535559
9.1310854e-05,-6.4226678e-05,0.0865989238,0.664336951,1.38706394,3.45780375,1.73535557
9.1311854e-05,-5.9791472e-05,0.0977487526,0.667160975,1.39386274,3.45782593,1.73535555
9.1312854e-05,-5.51650762e-05,0.108587234,0.669900165,1.40175344,3.45784513,1.73535553
9.1313854e-05,-5.0362284e-05,0.119079728,0.672545764,1.41071081,3.45786111,1.73535551
9.1314854e-05,-4.53984528e-05,0.129192686,0.675089314,1.42070621,3.45787365,1.73535549
9.1315854e-05,-4.02894551e-05,0.138893757,0.677522677,1.4317077,3.45788255,1.73535547
9.1316854e-05,-3.50516274e-05,0.148151891,0.679838064,1.44368009,3.45788763,1.73535545
9.1317854e-05,-2.97017183e-05,0.15693744,0.68202806,1.45658512,3.45788872,1.73535543
9.1318854e-05,-2.42568347e-05,0.165222253,0.684085645,1.47038152,3.45788571,1.73535541
9.1319854e-05,-1.87343872e-05,0.172979765,0.686004223,1.4850252,3.45787849,1.73535539
9.1320854e-05,-1.31520344e-05,0.180185084,0.687777634,1.50046933,3.45786698,1.73535537
9.1321854e-05,-7.5276265e-06,0.186815075,0.689400184,1.51666454,3.45785117,1.73535536
9.1322854e-05,-1.87914822e-06,0.192848429,0.690866656,1.53355906,3.45783104,1.73535534
9.1323854e-05,3.77533884e-06,0.198265737,0.692172329,1.55109887,3.45780663,1.73535532
9.1324854e-05,9.41775384e-06,0.203049551,0.693312998,1.56922791,3.45777803,1.7353553
9.1325854e-05,1.50300545e-05,0.207184444,0.694284981,1.58788822,3.45774535,1.73535529
9.1326854e-05,2.0594295e-05,0.210657059,0.695085134,1.60702014,3.45770874,1.73535527
9.1327854e-05,2.60926829e-05,0.213456154,0.695710864,1.62656251,3.4576684,1.73535525
9.1328854e-05,3.15076366e-05,0.215572641,0.696160134,1.64645286,3.45762458,1.73535524
9.1329854e-05,3.68218412e-05,0.216999613,0.696431473,1.66662759,3.45757755,1.73535522
9.1330854e-05,4.20183038e-05,0.217732373,0.696523978,1.68702222,3.45752763,1.7353552
9.1331854e-05,4.70804084e-05,0.217768447,0.69643732,1.70757154,3.45747518,1.73535519
9.1332854e-05,5.19919681e-05,0.217107596,0.696171744,1.72820985,3.45742059,1.73535517
9.1333854e-05,5.67372778e-05,0.215751815,0.695728069,1.74887119,3.4573643,1.73535515
9.1334854e-05,6.13011638e-05,0.213705333,0.695107688,1.7694895,3.45730678,1.73535514
9.1335854e-05,6.56690326e-05,0.210974597,0.69431256,1.78999887,3.4572485,1.73535512
9.1336854e-05,6.98269174e-05,0.207568254,0.693345204,1.81033372,3.45719001,1.7353551
9.1337854e-05,7.3761523e-05,0.203497124,0.692208698,1.83042906,3.45713183,1.73535509
9.1338854e-05,7.74602679e-05,0.198774166,0.69090666,1.85022064,3.45707454,1.73535507
9.1339854e-05,8.09113252e-05,0.19341444,0.689443243,1.8696452,3.45701848,1.73535505
9.1340854e-05,8.41036596e-05,0.187435057,0.687823121,1.88864062,3.45696373,1.73535504
9.1341854e-05,8.70270633e-05,0.180855122,0.68605147,1.90714619,3.45691039,1.73535502
9.1342854e-05,8.96721883e-05,0.17369568,0.684133957,1.92510275,3.45685857,1.735355
9.1343854e-05,9.20305767e-05,0.165979643,0.682076719,1.94245288,3.4568084,1.73535498
9.1344854e-05,9.40946872e-05,0.157731717,0.679886344,1.95914113,3.45676,1.73535496
9.1345854e-05,9.58579195e-05,0.148978327,0.677569849,1.97511414,3.45671346,1.73535494
9.1346854e-05,9.73146357e-05,0.139747525,0.675134658,1.99032084,3.45666891,1.73535492
9.1347854e-05,9.84601775e-05,0.130068905,0.672588577,2.00471263,3.45662643,1.7353549
9.1348854e-05,9.92908821e-05,0.119973506,0.669939773,2.01824349,3.4565861,1.73535488
9.1349854e-05,9.98040932e-05,0.109493709,0.667196741,2.03087016,3.45654802,1.73535486
9.1350854e-05,9.99981697e-05,0.0986631362,0.66436828,2.04255229,3.45651225,1.73535484
9.1351854e-05,9.98724911e-05,0.0875165392,0.661463467,2.05325252,3.45647886,1.73535482
9.1352854e-05,9.94274591e-05,0.0760896869,0.658491623,2.06293664,3.45644791,1.7353548
9.1353854e-05,9.8664497e-05,0.0644192496,0.655462284,2.0715737,3.45641943,1.73535477
9.1354854e-05,9.75860442e-05,0.0525426803,0.652385172,2.07913608,3.45639348,1.73535475
9.1355854e-05,9.61955493e-05,0.0404980927,0.649270162,2.08559961,3.45637008,1.73535473
9.1356854e-05,9.44974586e-05,0.0283241383,0.646127249,2.09094362,3.45634924,1.7353547
9.1357854e-05,9.24972018e-05,0.0160598801,0.642966518,2.09515103,3.456331,1.73535468
9.1358854e-05,9.02011751e-05,0.0037446669,0.639798111,2.09820839,3.45631533,1.73535465
9.1359854e-05,8.76167202e-05,-0.00858199507,0.63663219,2.10010592,3.45630226,1.73535463
9.1360854e-05,8.47521012e-05,-0.0208805696,0.633478909,2.10083756,3.45629175,1.7353546
9.1361854e-05,8.1616478e-05,-0.0331116186,0.630348381,2.10040097,3.45628379,1.73535457
9.1362854e-05,7.82198771e-05,-0.0452359299,0.627250641,2.09879754,3.45627836,1.73535455
9.1363854e-05,7.45731596e-05,-0.0572146435,0.624195617,2.0960324,3.45627541,1.73535452
9.1364854e-05,7.06879862e-05,-0.0690093773,0.621193099,2.09211439,3.4562749,1.73535449
9.1365854e-05,6.65767801e-05,-0.0805823508,0.618252703,2.08705603,3.45627677,1.73535446
9.1366854e-05,6.22526875e-05,-0.0918965069,0.615383845,2.0808735,3.45628098,1.73535443
9.1367854e-05,5.77295351e-05,-0.102915631,0.612595706,2.07358655,3.45628745,1.7353544
9.1368854e-05,5.30217861e-05,-0.113604466,0.609897208,2.0652185,3.45629611,1.73535437
9.1369854e-05,4.81444941e-05,-0.123928828,0.60729698,2.05579607,3.45630688,1.73535434
9.1370854e-05,4.31132548e-05,-0.133855714,0.604803332,2.04534941,3.45631968,1.73535431
9.1371854e-05,3.79441562e-05,-0.143353406,0.602424233,2.0339119,3.45633441,1.73535428
9.1372854e-05,3.26537269e-05,-0.152391574,0.600167279,2.02152012,3.45635099,1.73535425
9.1373854e-05,2.72588837e-05,-0.160941374,0.598039671,2.00821366,3.45636931,1.73535422
9.1374854e-05,2.17768773e-05,-0.168975536,0.596048195,1.99403508,3.45638926,1.73535419
9.1375854e-05,1.62252369e-05,-0.17646845,0.594199198,1.97902971,3.45641074,1.73535415
9.1376854e-05,1.06217145e-05,-0.183396252,0.592498566,1.9632455,3.45643364,1.73535412
9.1377854e-05,4.98422798e-06,-0.189736894,0.590951712,1.94673293,3.45645783,1.73535409
9.1378854e-05,-6.69196132e-07,-0.195470215,0.589563551,1.92954477,3.45648319,1.73535405
9.1379854e-05,-6.32048041e-06,-0.200578004,0.58833849,1.91173599,3.45650961,1.73535402
9.1380854e-05,-1.19515543e-05,-0.205044058,0.587280414,1.89336351,3.45653695,1.73535399
9.1381854e-05,-1.75444117e-05,-0.208854228,0.586392672,1.87448606,3.45656508,1.73535395
9.1382854e-05,-2.3081169e-05,-0.211996469,0.585678067,1.855164,3.45659388,1.73535392
9.1383854e-05,-2.85441216e-05,-0.21446087,0.585138848,1.8354591,3.4566232,1.73535389
9.1384854e-05,-3.39158013e-05,-0.216239689,0.584776705,1.81543435,3.45665292,1.73535385
9.1385854e-05,-3.91790315e-05,-0.217327373,0.58459276,1.79515376,3.4566829,1.73535382
9.1386854e-05,-4.43169825e-05,-0.217720575,0.584587569,1.77468218,3.456713,1.73535378
9.1387854e-05,-4.9313225e-05,-0.217418166,0.584761115,1.75408504,3.45674309,1.73535375
9.1388854e-05,-5.4151783e-05,-0.216421229,0.585112813,1.7334282,3.45677303,1.73535371
9.1389854e-05,-5.88171848e-05,-0.214733064,0.585641512,1.7127777,3.45680268,1.73535368
9.1390854e-05,-6.32945121e-05,-0.21235917,0.586345494,1.69219954,3.45683191,1.73535365
9.1391854e-05,-6.75694482e-05,-0.209307225,0.587222486,1.67175952,3.45686059,1.73535361
9.1392854e-05,-7.16283237e-05,-0.205587066,0.588269665,1.65152297,3.45688857,1.73535358
9.1393854e-05,-7.54581596e-05,-0.201210653,0.589483667,1.63155461,3.45691586,1.73535355
9.1394854e-05,-7.90467098e-05,-0.196192027,0.590860596,1.61191825,3.45694271,1.73535351
9.1395854e-05,-8.23824995e-05,-0.190547271,0.592396043,1.59267668,3.45696948,1.73535348
9.1396854e-05,-8.5454862e-05,-0.184294455,0.594085092,1.57389142,3.45699641,1.73535345
9.1397854e-05,-8.82539732e-05,-0.177453575,0.595922344,1.55562252,3.45702371,1.73535341
9.1398854e-05,-9.07708826e-05,-0.170046495,0.597901925,1.53792838,3.45705155,1.73535338
9.1399854e-05,-9.29975422e-05,-0.162096873,0.600017515,1.52086557,3.45708009,1.73535335
9.1400854e-05,-9.49268318e-05,-0.153630085,0.602262359,1.50448864,3.45710946,1.73535332
9.1401854e-05,-9.65525825e-05,-0.144673149,0.604629295,1.48884995,3.45713973,1.73535329
9.1402854e-05,-9.78695956e-05,-0.135254636,0.607110772,1.47399949,3.45717096,1.73535326
9.1403854e-05,-9.887366e-05,-0.125404577,0.609698877,1.45998473,3.45720318,1.73535323
9.1404854e-05,-9.95615649e-05,-0.115154375,0.612385361,1.44685049,3.45723638,1.7353532
9.1405854e-05,-9.99311108e-05,-0.1045367,0.61516166,1.43463875,3.45727056,1.73535317
9.1406854e-05,-9.9981116e-05,-0.0935853874,0.618018926,1.42338854,3.4573056,1.73535314
9.1407854e-05,-9.97114205e-05,-0.0823353314,0.620948055,1.41313585,3.45734139,1.73535311
9.1408854e-05,-9.91228868e-05,-0.0708223758,0.623939715,1.40391343,3.45737783,1.73535308
9.1409854e-05,-9.82173968e-05,-0.0590832004,0.626984374,1.39575078,3.45741478,1.73535305
9.1410854e-05,-9.69978458e-05,-0.0471552049,0.630072331,1.38867399,3.45745206,1.73535303
9.1411854e-05,-9.54681335e-05,-0.0350763919,0.633193749,1.38270568,3.45748947,1.735353
9.1412854e-05,-9.36331514e-05,-0.0228852464,0.636338682,1.37786494,3.45752682,1.73535298
9.1413854e-05,-9.14987669e-05,-0.0106206147,0.639497108,1.37416724,3.45756386,1.73535295
9.1414854e-05,-8.90718051e-05,0.00167841798,0.642658962,1.37162439,3.45760035,1.73535292
9.1415854e-05,-8.63600264e-05,0.0139726508,0.645814165,1.37024453,3.45763604,1.7353529
9.1416854e-05,-8.3372102e-05,0.0262228913,0.64895266,1.37003207,3.45767067,1.73535288
9.1417854e-05,-8.01175861e-05,0.0383900788,0.652064439,1.37098769,3.45770395,1.73535285
9.1418854e-05,-7.66068855e-05,0.0504354084,0.655139576,1.37310833,3.45773563,1.73535283
9.1419854e-05,-7.28512258e-05,0.0623204532,0.658168262,1.37638721,3.45776541,1.73535281
9.1420854e-05,-6.88626164e-05,0.0740072867,0.661140831,1.38081385,3.45779302,1.73535278
9.1421854e-05,-6.46538112e-05,0.0854586025,0.664047795,1.38637409,3.4578182,1.73535276
9.1422854e-05,-6.02382683e-05,0.096637833,0.666879869,1.39305016,3.45784068,1.73535274
9.1423854e-05,-5.56301069e-05,0.107509266,0.669628006,1.40082072,3.45786021,1.73535272
9.1424854e-05,-5.08440621e-05,0.118038157,0.672283424,1.40966093,3.45787655,1.7353527
9.1425854e-05,-4.58954378e-05,0.128190844,0.674837631,1.41954251,3.45788947,1.73535268
9.1426854e-05,-4.08000578e-05,0.137934849,0.677282457,1.43043389,3.45789877,1.73535266
9.1427854e-05,-3.55742152e-05,0.147238988,0.679610075,1.44230024,3.45790427,1.73535264
9.1428854e-05,-3.02346201e-05,0.156073466,0.681813033,1.45510362,3.4579058,1.73535262
9.1429854e-05,-2.47983464e-05,0.164409976,0.68388427,1.46880311,3.45790324,1.7353526
9.1430854e-05,-1.92827773e-05,0.172221791,0.685817145,1.48335491,3.45789647,1.73535259
9.1431854e-05,-1.37055494e-05,0.179483848,0.687605455,1.49871249,3.45788543,1.73535257
9.1432854e-05,-8.08449651e-06,0.186172827,0.689243456,1.51482676,3.45787009,1.73535255
9.1433854e-05,-2.43759255e-06,0.192267235,0.690725883,1.53164621,3.45785042,1.73535253
9.1434854e-05,3.21710589e-06,0.197747468,0.692047966,1.54911706,3.45782648,1.73535251
9.1435854e-05,8.86151728e-06,0.202595877,0.693205445,1.56718346,3.45779833,1.7353525
9.1436854e-05,1.4477593e-05,0.206796829,0.694194585,1.58578766,3.45776608,1.73535248
9.1437854e-05,2.0047375e-05,0.210336756,0.695012188,1.60487017,3.45772989,1.73535246
9.1438854e-05,2.55530533e-05,0.213204202,0.695655605,1.62437,3.45768995,1.73535245
9.1439854e-05,3.09770229e-05,0.215389859,0.696122742,1.6442248,3.4576465,1.73535243
9.1440854e-05,3.63019401e-05,0.2168866,0.696412071,1.6643711,3.4575998,1.73535241
9.1441854e-05,4.15107779e-05,0.217689503,0.696522632,1.68474451,3.45755018,1.7353524
9.1442854e-05,4.65868803e-05,0.217795871,0.696454037,1.70527987,3.45749799,1.73535238
9.1443854e-05,5.15140161e-05,0.217205238,0.696206474,1.72591156,3.45744362,1.73535237
9.1444854e-05,5.62764301e-05,0.215919375,0.695780704,1.7465736,3.4573875,1.73535235
9.1445854e-05,6.08588941e-05,0.213942285,0.695178063,1.76719995,3.45733009,1.73535233
9.1446854e-05,6.52467551e-05,0.211280192,0.69440045,1.78772466,3.45727187,1.73535232
9.1447854e-05,6.94259823e-05,0.207941523,0.693450333,1.80808213,3.45721338,1.7353523
9.1448854e-05,7.33832124e-05,0.20393688,0.692330729,1.82820727,3.45715514,1.73535228
9.1449854e-05,7.71057915e-05,0.19927901,0.691045206,1.84803575,3.45709773,1.73535226
9.1450854e-05,8.05818164e-05,0.19398276,0.689597861,1.86750418,3.45704153,1.73535225
9.1451854e-05,8.38001721e-05,0.188065037,0.687993316,1.88655031,3.45698665,1.73535223
9.1452854e-05,8.67505675e-05,0.18154475,0.686236699,1.90511326,3.45693315,1.73535221
9.1453854e-05,8.94235684e-05,0.174442749,0.684333628,1.92313368,3.45688117,1.73535219
9.1454854e-05,9.18106276e-05,0.166781761,0.682290192,1.94055397,3.45683083,1.73535217
9.1455854e-05,9.39041123e-05,0.158586316,0.680112936,1.95731844,3.45678224,1.73535216
9.1456854e-05,9.56973282e-05,0.149882668,0.677808833,1.97337348,3.45673551,1.73535214
9.1457854e-05,9.71845413e-05,0.140698709,0.675385268,1.98866778,3.45669075,1.73535212
9.1458854e-05,9.83609962e-05,0.131063883,0.672850011,2.00315243,3.45664805,1.7353521
9.1459854e-05,9.9222931e-05,0.121009087,0.670211191,2.01678114,3.4566075,1.73535208
9.1460854e-05,9.97675895e-05,0.11056657,0.667477272,2.02951033,3.45656918,1.73535206
9.1461854e-05,9.99932302e-05,0.099769836,0.664657026,2.0412993,3.45653317,1.73535203
9.1462854e-05,9.98991315e-05,0.0886535261,0.6617595,2.05211038,3.45649954,1.73535201
9.1463854e-05,9.94855944e-05,0.0772533122,0.658793993,2.06190899,3.45646833,1.73535199
9.1464854e-05,9.87539411e-05,0.065605779,0.655770021,2.07066381,3.4564396,1.73535197
9.1465854e-05,9.77065113e-05,0.0537483059,0.652697288,2.07834686,3.45641339,1.73535194
9.1466854e-05,9.63466541e-05,0.0417189455,0.649585655,2.08493357,3.45638972,1.73535192
9.1467854e-05,9.46787178e-05,0.0295563005,0.646445108,2.09040288,3.45636863,1.7353519
9.1468854e-05,9.2708036e-05,0.0172993982,0.643285723,2.09473731,3.45635011,1.73535187
9.1469854e-05,9.044091e-05,0.00498756414,0.640117636,2.09792301,3.45633419,1.73535185
9.1470854e-05,8.78845893e-05,-0.00733970563,0.636951012,2.09994978,3.45632085,1.73535182
9.1471854e-05,8.50472479e-05,-0.0196428722,0.633796005,2.10081114,3.45631008,1.7353518
9.1472854e-05,8.19379585e-05,-0.031882482,0.630662734,2.10050435,3.45630186,1.73535177
9.1473854e-05,7.85666636e-05,-0.0440192942,0.627561243,2.09903039,3.45629617,1.73535174
9.1474854e-05,7.4944143e-05,-0.0560144078,0.624501474,2.09639396,3.45629296,1.73535171
9.1475854e-05,7.10819804e-05,-0.0678293871,0.62149323,2.09260349,3.4562922,1.73535169
9.1476854e-05,6.69925252e-05,-0.0794263855,0.618546147,2.08767111,3.45629384,1.73535166
9.1477854e-05,6.26888541e-05,-0.0907682674,0.615669662,2.08161257,3.45629781,1.73535163
9.1478854e-05,5.81847285e-05,-0.101818728,0.612872983,2.07444726,3.45630405,1.7353516
9.1479854e-05,5.34945508e-05,-0.112542409,0.610165056,2.06619806,3.45631248,1.73535157
9.1480854e-05,4.86333184e-05,-0.122905013,0.607554543,2.05689137,3.45632304,1.73535154
9.1481854e-05,4.36165757e-05,-0.132873413,0.605049788,2.04655692,3.45633564,1.73535151
9.1482854e-05,3.84603641e-05,-0.142415757,0.602658794,2.03522776,3.45635018,1.73535148
9.1483854e-05,3.31811712e-05,-0.151501571,0.600389195,2.0229401,3.45636657,1.73535145
9.1484854e-05,2.7795878e-05,-0.160101857,0.598248236,2.00973323,3.45638471,1.73535141
9.1485854e-05,2.23217043e-05,-0.168189181,0.596242743,1.99564936,3.4564045,1.73535138
9.1486854e-05,1.67761545e-05,-0.175737764,0.594379109,1.98073353,3.45642583,1.73535135
9.1487854e-05,1.11769612e-05,-0.182723561,0.592663268,1.96503341,3.45644858,1.73535132
9.1488854e-05,5.54202824e-06,-0.189124339,0.59110068,1.9485992,3.45647264,1.73535128
9.1489854e-05,-1.10625932e-07,-0.194919742,0.589696313,1.93148343,3.45649789,1.73535125
9.1490854e-05,-5.76292637e-06,-0.200091362,0.588454624,1.91374083,3.4565242,1.73535122
9.1491854e-05,-1.13967992e-05,-0.204622789,0.587379553,1.89542811,3.45655145,1.73535118
9.1492854e-05,-1.69942295e-05,-0.208499667,0.586474501,1.87660382,3.45657951,1.73535115
9.1493854e-05,-2.25373189e-05,-0.211709735,0.585742328,1.85732814,3.45660824,1.73535111
9.1494854e-05,-2.80083428e-05,-0.214242866,0.58518534,1.83766268,3.45663751,1.73535108
9.1495854e-05,-3.33898069e-05,-0.216091099,0.584805282,1.81767033,3.45666719,1.73535105
9.1496854e-05,-3.86645034e-05,-0.217248658,0.584603335,1.79741498,3.45669714,1.73535101
9.1497854e-05,-4.38155659e-05,-0.217711975,0.58458011,1.7769614,3.45672723,1.73535098
9.1498854e-05,-4.88265233e-05,-0.217479694,0.584735651,1.75637497,3.45675733,1.73535094
9.1499854e-05,-5.36813525e-05,-0.216552679,0.585069427,1.7357215,3.45678728,1.73535091
9.1500854e-05,-5.83645297e-05,-0.214934004,0.585580346,1.71506703,3.45681696,1.73535088
9.1501854e-05,-6.28610799e-05,-0.212628948,0.586266745,1.69447758,3.45684624,1.73535084
9.1502854e-05,-6.71566249e-05,-0.20964497,0.587126409,1.67401897,3.45687497,1.73535081
9.1503854e-05,-7.12374291e-05,-0.205991692,0.588156569,1.65375661,3.45690303,1.73535077
9.1504854e-05,-7.50904439e-05,-0.201680858,0.589353914,1.63375527,3.45693036,1.73535074
9.1505854e-05,-7.87033487e-05,-0.196726305,0.590714603,1.61407891,3.45695722,1.73535071
9.1506854e-05,-8.20645908e-05,-0.191143911,0.592234277,1.59479041,3.45698398,1.73535068
9.1507854e-05,-8.51634224e-05,-0.184951547,0.593908071,1.57595146,3.45701086,1.73535064
9.1508854e-05,-8.79899346e-05,-0.178169019,0.595730633,1.55762226,3.45703809,1.73535061
9.1509854e-05,-9.05350893e-05,-0.170818005,0.597696138,1.53986143,3.45706585,1.73535058
9.1510854e-05,-9.27907481e-05,-0.162921985,0.599798307,1.52272574,3.4570943,1.73535055
9.1511854e-05,-9.47496982e-05,-0.154506166,0.602030431,1.50626998,3.45712355,1.73535051
9.1512854e-05,-9.64056758e-05,-0.145597403,0.604385387,1.49054675,3.4571537,1.73535048
9.1513854e-05,-9.77533856e-05,-0.136224115,0.606855662,1.47560631,3.45718481,1.73535045
9.1514854e-05,-9.87885182e-05,-0.126416191,0.609433378,1.46149644,3.4572169,1.73535042
9.1515854e-05,-9.95077637e-05,-0.116204899,0.612110319,1.44826223,3.45724997,1.73535039
9.1516854e-05,-9.99088221e-05,-0.105622786,0.614877952,1.43594601,3.45728403,1.73535036
9.1517854e-05,-9.9990411e-05,-0.0947035734,0.617727457,1.42458713,3.45731897,1.73535033
9.1518854e-05,-9.97522696e-05,-0.0834820551,0.620649753,1.41422192,3.45735466,1.73535031
9.1519854e-05,-9.91951594e-05,-0.0719939836,0.62363553,1.40488352,3.45739102,1.73535028
9.1520854e-05,-9.83208617e-05,-0.0602759594,0.626675276,1.39660176,3.4574279,1.73535025
9.1521854e-05,-9.71321722e-05,-0.048365315,0.629759305,1.38940314,3.45746513,1.73535022
9.1522854e-05,-9.5632892e-05,-0.0362999974,0.632877791,1.38331066,3.45750253,1.7353502
9.1523854e-05,-9.3827815e-05,-0.0241184484,0.636020799,1.3783438,3.45753987,1.73535017
9.1524854e-05,-9.17227133e-05,-0.0118594834,0.639178314,1.37451844,3.45757694,1.73535014
9.1525854e-05,-8.93243181e-05,0.000437831113,0.642340273,1.37184681,3.45761349,1.73535012
9.1526854e-05,-8.66402985e-05,0.0127343004,0.645496597,1.37033745,3.45764927,1.73535009
9.1527854e-05,-8.36792371e-05,0.0249907255,0.648637225,1.36999517,3.45768401,1.73535007
9.1528854e-05,-8.04506021e-05,0.037168027,0.651752143,1.37082109,3.45771744,1.73535005
9.1529854e-05,-7.69647174e-05,0.0492273688,0.654831415,1.37281254,3.45774929,1.73535002
9.1530854e-05,-7.32327296e-05,0.0611302803,0.65786522,1.37596318,3.45777928,1.73535
9.1531854e-05,-6.92665721e-05,0.0728387791,0.660843875,1.38026292,3.45780714,1.73534998
9.1532854e-05,-6.50789271e-05,0.084315491,0.663757872,1.38569802,3.45783259,1.73534996
9.1533854e-05,-6.06831851e-05,0.0955237688,0.666597906,1.3922511,3.45785536,1.73534994
9.1534854e-05,-5.60934019e-05,0.106427809,0.669354905,1.39990122,3.45787522,1.73534991
9.1535854e-05,-5.13242538e-05,0.116992764,0.672020056,1.40862391,3.45789191,1.73534989
9.1536854e-05,-4.63909909e-05,0.127184858,0.67458484,1.41839128,3.4579052,1.73534987
9.1537854e-05,-4.13093876e-05,0.136971489,0.677041051,1.42917212,3.4579149,1.73534985
9.1538854e-05,-3.6095693e-05,0.146321337,0.679380828,1.44093196,3.45792082,1.73534983
9.1539854e-05,-3.07665785e-05,0.155204465,0.681596678,1.45363319,3.45792278,1.73534982
9.1540854e-05,-2.53390844e-05,0.16359241,0.683681502,1.46723523,3.45792067,1.7353498
9.1541854e-05,-1.98305658e-05,0.171458282,0.685628613,1.48169457,3.45791436,1.73534978
9.1542854e-05,-1.42586368e-05,0.178776845,0.687431765,1.496965,3.45790379,1.73534976
9.1543854e-05,-8.64111428e-06,0.185524604,0.689085166,1.5129977,3.45788891,1.73534974
9.1544854e-05,-2.99596081e-06,0.191679874,0.690583502,1.52974141,3.45786971,1.73534973
9.1545854e-05,2.65877257e-06,0.197222859,0.691921952,1.5471426,3.45784623,1.73534971
9.1546854e-05,8.30500423e-06,0.202135711,0.693096205,1.56514565,3.45781854,1.73534969
9.1547854e-05,1.39246797e-05,0.206402591,0.694102471,1.58369299,3.45778673,1.73534967
9.1548854e-05,1.94998295e-05,0.210009721,0.694937499,1.60272535,3.45775096,1.73534966
9.1549854e-05,2.50126265e-05,0.212945429,0.695598583,1.62218186,3.45771142,1.73534964
9.1550854e-05,3.04454428e-05,0.21520019,0.696083573,1.64200034,3.45766833,1.73534962
9.1551854e-05,3.57809065e-05,0.216766654,0.696390884,1.66211742,3.45762198,1.73534961
9.1552854e-05,4.10019567e-05,0.217639679,0.696519497,1.68246879,3.45757266,1.73534959
9.1553854e-05,4.60918988e-05,0.21781634,0.696468969,1.7029894,3.45752073,1.73534958
9.1554854e-05,5.10344569e-05,0.217295947,0.696239428,1.72361363,3.45746658,1.73534956
9.1555854e-05,5.58138267e-05,0.216080046,0.695831578,1.74427557,3.45741063,1.73534954
9.1556854e-05,6.04147256e-05,0.214172415,0.695246695,1.76490914,3.45735334,1.73534953
9.1557854e-05,6.48224418e-05,0.211579054,0.694486625,1.7854484,3.45729519,1.73534951
9.1558854e-05,6.90228811e-05,0.20830817,0.693553776,1.80582767,3.45723671,1.73534949
9.1559854e-05,7.30026122e-05,0.204370146,0.692451113,1.82598182,3.45717842,1.73534947
9.1560854e-05,7.67489094e-05,0.199777515,0.691182145,1.84584641,3.4571209,1.73534946
9.1561854e-05,8.02497935e-05,0.194544914,0.689750919,1.86535794,3.45706456,1.73534944
9.1562854e-05,8.349407e-05,0.188689045,0.688162005,1.88445402,3.45700954,1.73534942
9.1563854e-05,8.64713651e-05,0.182228617,0.686420479,1.90307362,3.45695589,1.7353494
9.1564854e-05,8.91721585e-05,0.175184287,0.684531911,1.92115721,3.45690375,1.73534939
9.1565854e-05,9.1587814e-05,0.167578597,0.682502344,1.93864697,3.45685323,1.73534937
9.1566854e-05,9.37106075e-05,0.159435898,0.680338276,1.95548699,3.45680446,1.73534935
9.1567854e-05,9.5533751e-05,0.150782274,0.67804664,1.97162343,3.45675753,1.73534933
9.1568854e-05,9.70514148e-05,0.141645456,0.67563478,1.98700472,3.45671256,1.73534931
9.1569854e-05,9.8258746e-05,0.132054735,0.673110428,2.00158166,3.45666965,1.73534929
9.1570854e-05,9.9151884e-05,0.122040865,0.670481677,2.01530768,3.45662888,1.73534927
9.1571854e-05,9.9727973e-05,0.111635966,0.66775696,2.02813888,3.45659033,1.73534925
9.1572854e-05,9.99851709e-05,0.100873418,0.664945018,2.04003424,3.45655408,1.73534923
9.1573854e-05,9.99226551e-05,0.0897877532,0.662054873,2.05095573,3.4565202,1.73534921
9.1574854e-05,9.95406257e-05,0.0784145446,0.659095798,2.06086845,3.45648874,1.73534918
9.1575854e-05,9.88403041e-05,0.06679029,0.65607729,2.06974069,3.45645976,1.73534916
9.1576854e-05,9.78239298e-05,0.0549522941,0.653009036,2.0775441,3.45643328,1.73534914
9.1577854e-05,9.64947527e-05,0.0429385471,0.649900881,2.08425373,3.45640936,1.73534912
9.1578854e-05,9.48570231e-05,0.0307876019,0.646762799,2.08984813,3.45638799,1.73534909
9.1579854e-05,9.29159776e-05,0.0185384484,0.643604861,2.09430941,3.45636922,1.73534907
9.1580854e-05,9.06778231e-05,0.00623038785,0.640437197,2.09762331,3.45635303,1.73534904
9.1581854e-05,8.81497163e-05,-0.00609709515,0.63726997,2.09977924,3.45633942,1.73534902
9.1582854e-05,8.5339741e-05,-0.0184044603,0.634113339,2.1007703,3.45632839,1.73534899
9.1583854e-05,8.22568826e-05,-0.0306522397,0.630977425,2.10059333,3.45631991,1.73534896
9.1584854e-05,7.89109987e-05,-0.0428011655,0.627872283,2.09924888,3.45631396,1.73534894
9.1585854e-05,7.53127882e-05,-0.0548122967,0.624807865,2.09674127,3.45631051,1.73534891
9.1586854e-05,7.14737568e-05,-0.0666471451,0.621793991,2.0930785,3.4563095,1.73534888
9.1587854e-05,6.74061801e-05,-0.0782677992,0.618840315,2.08827228,3.45631089,1.73534885
9.1588854e-05,6.31230648e-05,-0.0896370463,0.615956295,2.08233798,3.45631462,1.73534882
9.1589854e-05,5.86381066e-05,-0.100718493,0.613151162,2.07529457,3.45632063,1.73534879
9.1590854e-05,5.39656465e-05,-0.111476679,0.610433893,2.06716457,3.45632885,1.73534876
9.1591854e-05,4.91206254e-05,-0.121877197,0.607813178,2.05797397,3.45633919,1.73534873
9.1592854e-05,4.41185356e-05,-0.131886796,0.605297395,2.04775214,3.45635158,1.7353487
9.1593854e-05,3.8975372e-05,-0.141473491,0.602894581,2.03653177,3.45636592,1.73534867
9.1594854e-05,3.37075803e-05,-0.150606665,0.60061241,2.02434873,3.45638213,1.73534864
9.1595854e-05,2.83320049e-05,-0.159257166,0.598458166,2.01124196,3.45640009,1.73534861
9.1596854e-05,2.28658349e-05,-0.167397399,0.596438719,1.99725336,3.45641972,1.73534858
9.1597854e-05,1.73265488e-05,-0.175001414,0.594560507,1.98242766,3.45644089,1.73534854
9.1598854e-05,1.17318591e-05,-0.182044989,0.59282951,1.96681225,3.4564635,1.73534851
9.1599854e-05,6.09965559e-06,-0.188505703,0.591251237,1.95045706,3.45648743,1.73534848
9.1600854e-05,4.4794772e-07,-0.194363009,0.589830707,1.93341436,3.45651256,1.73534844
9.1601854e-05,-5.20519251e-06,-0.199598299,0.588572429,1.91573864,3.45653876,1.73534841
9.1602854e-05,-1.08416886e-05,-0.204194961,0.587480394,1.89748641,3.45656592,1.73534838
9.1603854e-05,-1.64435171e-05,-0.208138428,0.586558061,1.87871601,3.4565939,1.73534834
9.1604854e-05,-2.19927657e-05,-0.211416226,0.585808342,1.85948747,3.45662256,1.73534831
9.1605854e-05,-2.74716901e-05,-0.214018013,0.585233601,1.83986223,3.45665178,1.73534828
9.1606854e-05,-3.28627706e-05,-0.215935606,0.584835639,1.81990306,3.45668142,1.73534824
9.1607854e-05,-3.81487689e-05,-0.217163009,0.584615694,1.79967375,3.45671135,1.73534821
9.1608854e-05,-4.33127822e-05,-0.217696431,0.584574436,1.77923897,3.45674143,1.73534817
9.1609854e-05,-4.83382982e-05,-0.217534293,0.584711963,1.75866406,3.45677152,1.73534814
9.1610854e-05,-5.32092471e-05,-0.216677235,0.585027806,1.73801479,3.45680149,1.73534811
9.1611854e-05,-5.79100536e-05,-0.215128107,0.585520927,1.71735716,3.4568312,1.73534807
9.1612854e-05,-6.24256864e-05,-0.212891968,0.586189721,1.69675723,3.45686052,1.73534804
9.1613854e-05,-6.67417061e-05,-0.209976058,0.587032028,1.67628084,3.45688931,1.735348
9.1614854e-05,-7.08443119e-05,-0.206389781,0.588045134,1.65599347,3.45691743,1.73534797
9.1615854e-05,-7.47203852e-05,-0.202144671,0.589225783,1.63595995,3.45694482,1.73534794
9.1616854e-05,-7.83575319e-05,-0.197254353,0.590570187,1.61624435,3.45697169,1.7353479
9.1617854e-05,-8.17441217e-05,-0.191734503,0.592074039,1.59690969,3.45699843,1.73534787
9.1618854e-05,-8.48693257e-05,-0.185602793,0.593732523,1.57801778,3.45702528,1.73534784
9.1619854e-05,-8.77231507e-05,-0.178878836,0.595540336,1.55962903,3.45705245,1.7353478
9.1620854e-05,-9.02964712e-05,-0.171584126,0.597491701,1.54180221,3.45708012,1.73534777
9.1621854e-05,-9.25810589e-05,-0.163741962,0.599580383,1.52459431,3.45710847,1.73534774
9.1622854e-05,-9.45696084e-05,-0.155377383,0.601799715,1.50806036,3.45713761,1.73534771
9.1623854e-05,-9.62557612e-05,-0.146517081,0.604142614,1.49225321,3.45716764,1.73534768
9.1624854e-05,-9.76341256e-05,-0.13718932,0.606601607,1.47722339,3.45719862,1.73534765
9.1625854e-05,-9.87002942e-05,-0.127423845,0.609168853,1.46301896,3.45723059,1.73534762
9.1626854e-05,-9.94508577e-05,-0.11725179,0.611836165,1.44968531,3.45726354,1.73534759
9.1627854e-05,-9.98834161e-05,-0.106705577,0.614595043,1.43726509,3.45729747,1.73534756
9.1628854e-05,-9.99965863e-05,-0.0958188148,0.617436695,1.42579799,3.4573323,1.73534753
9.1629854e-05,-9.97900064e-05,-0.0846261927,0.620352065,1.41532068,3.45736789,1.7353475
9.1630854e-05,-9.9264337e-05,-0.0731633721,0.623331864,1.40586665,3.45740417,1.73534747
9.1631854e-05,-9.8421259e-05,-0.0614668731,0.626366599,1.39746612,3.45744098,1.73534744
9.1632854e-05,-9.72634681e-05,-0.0495739596,0.629446601,1.39014595,3.45747817,1.73534742
9.1633854e-05,-9.57946667e-05,-0.037522522,0.632562058,1.38392954,3.45751554,1.73534739
9.1634854e-05,-9.40195512e-05,-0.0253509575,0.635703041,1.37883676,3.45755288,1.73534736
9.1635854e-05,-9.19437978e-05,-0.0130980493,0.638859544,1.3748839,3.45758998,1.73534734
9.1636854e-05,-8.95740441e-05,-0.000802844228,0.642021507,1.37208358,3.45762658,1.73534731
9.1637854e-05,-8.69178674e-05,0.0114954704,0.645178851,1.37044477,3.45766244,1.73534729
9.1638854e-05,-8.39837614e-05,0.0237576906,0.648321513,1.3699727,3.4576973,1.73534726
9.1639854e-05,-8.0781108e-05,0.0359447193,0.65143947,1.37066887,3.45773087,1.73534724
9.1640854e-05,-7.73201481e-05,0.0480176902,0.654522781,1.37253107,3.4577629,1.73534722
9.1641854e-05,-7.36119485e-05,0.0599380905,0.657561608,1.37555334,3.45779309,1.73534719
9.1642854e-05,-6.96683667e-05,0.0716678832,0.660546254,1.37972602,3.45782118,1.73534717
9.1643854e-05,-6.55020126e-05,0.0831696272,0.663467193,1.38503576,3.45784689,1.73534715
9.1644854e-05,-6.11262085e-05,0.0944065967,0.666315097,1.39146559,3.45786997,1.73534713
9.1645854e-05,-5.65549467e-05,0.105342898,0.669080869,1.39899495,3.45789014,1.73534711
9.1646854e-05,-5.18028442e-05,0.115943583,0.67175567,1.40759978,3.45790718,1.73534709
9.1647854e-05,-4.68850965e-05,0.126174761,0.674330949,1.41725257,3.45792085,1.73534707
9.1648854e-05,-4.18174285e-05,0.136003708,0.676798467,1.42792244,3.45793095,1.73534705
9.1649854e-05,-3.66160446e-05,0.14539897,0.679150329,1.4395753,3.45793727,1.73534703
9.1650854e-05,-3.12975769e-05,0.154330466,0.681379002,1.45217389,3.45793967,1.73534701
9.1651854e-05,-2.58790318e-05,0.162769581,0.683477345,1.46567793,3.457938,1.73534699
9.1652854e-05,-2.03777356e-05,0.170689261,0.685438632,1.48004425,3.45793215,1.73534697
9.1653854e-05,-1.48112794e-05,0.178064102,0.687256568,1.49522692,3.45792205,1.73534695
9.1654854e-05,-9.19746244e-06,0.184870426,0.688925318,1.51117741,3.45790764,1.73534694
9.1655854e-05,-3.55423561e-06,0.191086365,0.690439516,1.52784472,3.45788891,1.73534692
9.1656854e-05,2.10035628e-06,0.196691928,0.691794291,1.54517557,3.45786589,1.7353469
9.1657854e-05,7.74823205e-06,0.20166907,0.692985281,1.56311456,3.45783865,1.73534688
9.1658854e-05,1.3371332e-05,0.206001744,0.694008642,1.58160432,3.45780728,1.73534687
9.1659854e-05,1.89516756e-05,0.209675965,0.694861069,1.60058576,3.45777194,1.73534685
9.1660854e-05,2.44714192e-05,0.212679844,0.6955398,1.6199982,3.4577328,1.73534683
9.1661854e-05,2.99129127e-05,0.215003639,0.696042628,1.63977957,3.45769009,1.73534682
9.1662854e-05,3.52587564e-05,0.216639781,0.696367912,1.65986663,3.45764407,1.7353468
9.1663854e-05,4.04918563e-05,0.217582902,0.696514575,1.68019517,3.45759507,1.73534678
9.1664854e-05,4.55954791e-05,0.217829855,0.696482116,1.7007002,3.45754341,1.73534677
9.1665854e-05,5.05533053e-05,0.217379722,0.696270604,1.72131618,3.45748948,1.73534675
9.1666854e-05,5.53494817e-05,0.216233825,0.695880687,1.74197718,3.45743371,1.73534674
9.1667854e-05,5.99686721e-05,0.214395716,0.695313584,1.76261717,3.45737654,1.73534672
9.1668854e-05,6.43961061e-05,0.211871174,0.694571081,1.78317015,3.45731846,1.7353467
9.1669854e-05,6.86176264e-05,0.208668183,0.693655532,1.80357044,3.45725999,1.73534669
9.1670854e-05,7.26197343e-05,0.204796908,0.692569844,1.82375279,3.45720166,1.73534667
9.1671854e-05,7.63896326e-05,0.200269665,0.691317474,1.84365271,3.45714403,1.73534665
9.1672854e-05,7.99152667e-05,0.195100884,0.689902414,1.86320657,3.45708756,1.73534663
9.1673854e-05,8.31853629e-05,0.189307059,0.688329182,1.88235186,3.45703241,1.73534662
9.1674854e-05,8.61894647e-05,0.1829067,0.686602803,1.90102737,3.45697861,1.7353466
9.1675854e-05,8.89179663e-05,0.175920271,0.6847288,1.9191734,3.45692631,1.73534658
9.1676854e-05,9.13621428e-05,0.168370125,0.682713167,1.93673193,3.45687562,1.73534656
9.1677854e-05,9.35141789e-05,0.160280436,0.680562358,1.95364685,3.45682666,1.73534654
9.1678854e-05,9.53671931e-05,0.151677116,0.678283263,1.96986406,3.45677954,1.73534652
9.1679854e-05,9.69152601e-05,0.142587733,0.675883186,1.98533172,3.45673437,1.7353465
9.1680854e-05,9.815343e-05,0.133041427,0.673369819,2.00000039,3.45669123,1.73534648
9.1681854e-05,9.90777435e-05,0.123068807,0.670751223,2.01382317,3.45665024,1.73534646
9.1682854e-05,9.9685245e-05,0.112701861,0.668035796,2.02675587,3.45661146,1.73534644
9.1683854e-05,9.99739919e-05,0.101973846,0.665232249,2.03875715,3.45657497,1.73534642
9.1684854e-05,9.9943061e-05,0.0909191833,0.662349577,2.04978863,3.45654085,1.7353464
9.1685854e-05,9.95925512e-05,0.0795733459,0.65939703,2.05981506,3.45650914,1.73534638
9.1686854e-05,9.89235832e-05,0.0679727437,0.656384084,2.06880438,3.4564799,1.73534636
9.1687854e-05,9.79382962e-05,0.0561546054,0.653320405,2.07672784,3.45645317,1.73534633
9.1688854e-05,9.66398407e-05,0.0441568576,0.650215828,2.08356013,3.45642898,1.73534631
9.1689854e-05,9.50323687e-05,0.0320180019,0.647080313,2.08927939,3.45640735,1.73534628
9.1690854e-05,9.31210202e-05,0.01977699,0.643923922,2.09386734,3.45638831,1.73534626
9.1691854e-05,9.0911907e-05,0.00747309725,0.640756783,2.09730932,3.45637185,1.73534624
9.1692854e-05,8.8412093e-05,-0.00485420439,0.637589055,2.09959432,3.45635798,1.73534621
9.1693854e-05,8.56295716e-05,-0.0171653745,0.634430899,2.10071503,3.45634669,1.73534618
9.1694854e-05,8.25732402e-05,-0.0294209322,0.631292443,2.10066788,3.45633795,1.73534616
9.1695854e-05,7.92528717e-05,-0.0415815837,0.628183748,2.09945301,3.45633175,1.73534613
9.1696854e-05,7.56790835e-05,-0.0536083494,0.62511478,2.09707431,3.45632803,1.7353461
9.1697854e-05,7.18633031e-05,-0.0654626898,0.622095371,2.09353938,3.45632678,1.73534607
9.1698854e-05,6.78177319e-05,-0.0771066298,0.619135196,2.08885952,3.45632793,1.73534605
9.1699854e-05,6.3555306e-05,-0.0885028808,0.616243732,2.08304969,3.45633142,1.73534602
9.1700854e-05,5.90896551e-05,-0.0996149609,0.613430237,2.07612847,3.4563372,1.73534599
9.1701854e-05,5.44350584e-05,-0.110407312,0.610703712,2.06811798,3.45634519,1.73534596
9.1702854e-05,4.96063997e-05,-0.120845414,0.608072877,2.05904383,3.45635532,1.73534593
9.1703854e-05,4.4619119e-05,-0.130895895,0.605546145,2.04893503,3.4563675,1.7353459
9.1704854e-05,3.94891638e-05,-0.140526639,0.603131587,2.0378239,3.45638165,1.73534587
9.1705854e-05,3.42329377e-05,-0.149706884,0.600836916,2.02574595,3.45639766,1.73534583
9.1706854e-05,2.8867248e-05,-0.158407328,0.598669455,2.0127398,3.45641545,1.7353458
9.1707854e-05,2.3409252e-05,-0.166600215,0.596636117,1.99884703,3.45643491,1.73534577
9.1708854e-05,1.78764024e-05,-0.174259424,0.594743385,1.98411205,3.45645593,1.73534574
9.1709854e-05,1.22863911e-05,-0.181360556,0.592997287,1.96858196,3.45647839,1.73534571
9.1710854e-05,6.65709263e-06,-0.187881005,0.591403379,1.95230642,3.45650219,1.73534567
9.1711854e-05,1.0065074e-06,-0.193800033,0.589966729,1.93533746,3.4565272,1.73534564
9.1712854e-05,-4.64729625e-06,-0.199098832,0.5886919,1.91772932,3.4565533,1.73534561
9.1713854e-05,-1.02862397e-05,-0.203760587,0.587582936,1.8995383,3.45658036,1.73534557
9.1714854e-05,-1.58922917e-05,-0.207770522,0.586643348,1.88082254,3.45660825,1.73534554
9.1715854e-05,-2.14475264e-05,-0.211115952,0.585876107,1.86164189,3.45663685,1.7353455
9.1716854e-05,-2.69341802e-05,-0.213786317,0.585283629,1.84205766,3.45666602,1.73534547
9.1717854e-05,-3.23347091e-05,-0.215773215,0.584867774,1.82213246,3.45669562,1.73534544
9.1718854e-05,-3.76318441e-05,-0.21707043,0.584629837,1.80192998,3.45672552,1.7353454
9.1719854e-05,-4.28086472e-05,-0.217673946,0.584570545,1.78151482,3.45675558,1.73534537
9.1720854e-05,-4.78485649e-05,-0.217581961,0.584690054,1.76095224,3.45678567,1.73534533
9.1721854e-05,-5.27354816e-05,-0.216794892,0.584987952,1.74030797,3.45681566,1.7353453
9.1722854e-05,-5.74537708e-05,-0.215315367,0.585463257,1.71964801,3.4568454,1.73534527
9.1723854e-05,-6.19883452e-05,-0.213148221,0.586114423,1.69903841,3.45687475,1.73534523
9.1724854e-05,-6.6324705e-05,-0.210300477,0.586939344,1.67854505,3.4569036,1.7353452
9.1725854e-05,-7.04489844e-05,-0.206781321,0.587935363,1.65823346,3.45693179,1.73534516
9.1726854e-05,-7.43479953e-05,-0.202602074,0.589099278,1.63816856,3.45695923,1.73534513
9.1727854e-05,-7.80092703e-05,-0.197776152,0.590427353,1.6184145,3.45698613,1.7353451
9.1728854e-05,-8.14211021e-05,-0.192319026,0.591915333,1.59903444,3.45701285,1.73534506
9.1729854e-05,-8.4572581e-05,-0.186248169,0.593558454,1.58009033,3.45703966,1.73534503
9.1730854e-05,-8.74536297e-05,-0.179583003,0.59535146,1.56164273,3.45706677,1.735345
9.1731854e-05,-9.00550359e-05,-0.172344832,0.597288621,1.54375062,3.45709436,1.73534497
9.1732854e-05,-9.23684811e-05,-0.164556779,0.599363748,1.5264712,3.45712261,1.73534494
9.1733854e-05,-9.4386568e-05,-0.15624371,0.601570216,1.50985972,3.45715164,1.7353449
9.1734854e-05,-9.61028434e-05,-0.147432153,0.603900984,1.49396927,3.45718155,1.73534487
9.1735854e-05,-9.75118194e-05,-0.138150218,0.606348617,1.47885066,3.45721241,1.73534484
9.1736854e-05,-9.86089906e-05,-0.128427506,0.608905308,1.46455223,3.45724425,1.73534481
9.1737854e-05,-9.93908488e-05,-0.118295014,0.611562907,1.45111967,3.45727707,1.73534478
9.1738854e-05,-9.98548937e-05,-0.107785039,0.614312943,1.43859594,3.45731089,1.73534475
9.1739854e-05,-9.99996417e-05,-0.096931075,0.61714665,1.42702108,3.45734561,1.73534472
9.1740854e-05,-9.98246298e-05,-0.085767707,0.620055001,1.41643207,3.4573811,1.73534469
9.1741854e-05,-9.93304176e-05,-0.0743305034,0.623028727,1.40686279,3.45741729,1.73534467
9.1742854e-05,-9.85185855e-05,-0.0626559028,0.626058355,1.39834382,3.45745403,1.73534464
9.1743854e-05,-9.73917294e-05,-0.0507810994,0.629134232,1.39090239,3.45749117,1.73534461
9.1744854e-05,-9.59534525e-05,-0.0387439257,0.632246558,1.38456229,3.45752851,1.73534458
9.1745854e-05,-9.42083539e-05,-0.0265827333,0.635385418,1.37934379,3.45756585,1.73534456
9.1746854e-05,-9.21620137e-05,-0.014336272,0.638540808,1.37526358,3.45760297,1.73534453
9.1747854e-05,-8.98209753e-05,-0.00204356751,0.641702675,1.3723347,3.45763963,1.73534451
9.1748854e-05,-8.71927245e-05,0.0102562014,0.644860939,1.3705665,3.45767557,1.73534448
9.1749854e-05,-8.42856653e-05,0.0225238269,0.648005534,1.36996465,3.45771053,1.73534446
9.1750854e-05,-8.11090934e-05,0.0347201956,0.651126433,1.37053106,3.45774424,1.73534443
9.1751854e-05,-7.76731663e-05,0.0468064122,0.654213683,1.37226393,3.45777644,1.73534441
9.1752854e-05,-7.39888707e-05,0.0587439229,0.657257435,1.37515771,3.45780683,1.73534439
9.1753854e-05,-7.00679876e-05,0.0704946371,0.660247978,1.37920315,3.45783516,1.73534437
9.1754854e-05,-6.59230543e-05,0.0820210484,0.663175766,1.38438733,3.45786113,1.73534434
9.1755854e-05,-6.15673248e-05,0.0932863533,0.66603145,1.39069365,3.4578845,1.73534432
9.1756854e-05,-5.7014727e-05,0.104254569,0.668805908,1.39810197,3.45790499,1.7353443
9.1757854e-05,-5.22798184e-05,0.114890647,0.671490274,1.4065886,3.45792238,1.73534428
9.1758854e-05,-4.73777393e-05,0.125160585,0.674075966,1.41612641,3.45793642,1.73534426
9.1759854e-05,-4.23241646e-05,0.135031538,0.676554714,1.4266849,3.4579469,1.73534424
9.1760854e-05,-3.71352538e-05,0.144471917,0.678918586,1.43823032,3.45795365,1.73534422
9.1761854e-05,-3.18275989e-05,0.153451499,0.681160011,1.45072576,3.45795648,1.7353442
9.1762854e-05,-2.64181717e-05,0.161941517,0.683271808,1.46413128,3.45795525,1.73534418
9.1763854e-05,-2.09242696e-05,0.169914755,0.685247208,1.47840401,3.45794986,1.73534417
9.1764854e-05,-1.53634598e-05,0.177345639,0.687079873,1.49349833,3.45794022,1.73534415
9.1765854e-05,-9.75352363e-06,0.184210315,0.688763917,1.50936598,3.45792627,1.73534413
9.1766854e-05,-4.1123995e-06,0.190486727,0.690293929,1.52595623,3.45790801,1.73534411
9.1767854e-05,1.54187447e-06,0.196154693,0.691664988,1.54321605,3.45788546,1.73534409
9.1768854e-05,7.19121813e-06,0.201195968,0.692872677,1.56109027,3.45785867,1.73534408
9.1769854e-05,1.28175671e-05,0.205594302,0.693913102,1.57952172,3.45782775,1.73534406
9.1770854e-05,1.84029305e-05,0.209335498,0.694782901,1.5984515,3.45779283,1.73534404
9.1771854e-05,2.39294484e-05,0.212407456,0.695479258,1.61781909,3.45775409,1.73534403
9.1772854e-05,2.93794494e-05,0.214800215,0.695999909,1.63756257,3.45771176,1.73534401
9.1773854e-05,3.47355063e-05,0.216505985,0.696343156,1.65761882,3.45766609,1.73534399
9.1774854e-05,3.99804926e-05,0.217519175,0.696507865,1.67792373,3.4576174,1.73534398
9.1775854e-05,4.50976368e-05,0.217836414,0.696493476,1.69841238,3.45756601,1.73534396
9.1776854e-05,5.00705765e-05,0.217456559,0.696300003,1.71901928,3.45751231,1.73534394
9.1777854e-05,5.48834099e-05,0.216380706,0.695928032,1.73967854,3.45745672,1.73534393
9.1778854e-05,5.95207476e-05,0.214612182,0.695378726,1.76032412,3.45739969,1.73534391
9.1779854e-05,6.39677612e-05,0.212156543,0.694653816,1.78089003,3.45734169,1.73534389
9.1780854e-05,6.82102308e-05,0.209021549,0.693755596,1.80131051,3.45728324,1.73534388
9.1781854e-05,7.22345906e-05,0.20521715,0.69268692,1.82152028,3.45722487,1.73534386
9.1782854e-05,7.60279725e-05,0.200755445,0.691451188,1.84145474,3.45716714,1.73534384
9.1783854e-05,7.95782465e-05,0.195650652,0.69005234,1.86105016,3.45711054,1.73534383
9.1784854e-05,8.28740603e-05,0.18991906,0.688494841,1.88024389,3.45705525,1.73534381
9.1785854e-05,8.59048752e-05,0.183578978,0.686783666,1.89897457,3.45700131,1.73534379
9.1786854e-05,8.86609998e-05,0.176650676,0.684924287,1.91718233,3.45694885,1.73534377
9.1787854e-05,9.11336211e-05,0.16915632,0.682922654,1.93480895,3.45689799,1.73534375
9.1788854e-05,9.33148326e-05,0.161119902,0.680785174,1.95179809,3.45684885,1.73534374
9.1789854e-05,9.51976597e-05,0.152567164,0.678518694,1.96809542,3.45680153,1.73534372
9.1790854e-05,9.67760817e-05,0.143525511,0.676130476,1.98364886,3.45675615,1.7353437
9.1791854e-05,9.80450516e-05,0.134023927,0.673628177,1.99840867,3.45671281,1.73534368
9.1792854e-05,9.90005117e-05,0.12409288,0.67101982,2.01232767,3.45667159,1.73534366
9.1793854e-05,9.96394067e-05,0.11376422,0.66831377,2.02536136,3.45663258,1.73534364
9.1794854e-05,9.99596937e-05,0.103071084,0.665518708,2.03746808,3.45659585,1.73534362
9.1795854e-05,9.99603487e-05,0.0920477792,0.662643603,2.04860912,3.45656148,1.73534359
9.1796854e-05,9.96413694e-05,0.0807296781,0.659697679,2.05874887,3.45652952,1.73534357
9.1797854e-05,9.90037759e-05,0.0691531013,0.65669039,2.0678549,3.45650003,1.73534355
9.1798854e-05,9.80496069e-05,0.0573552004,0.653631387,2.0758981,3.45647304,1.73534353
9.1799854e-05,9.67819135e-05,0.0453738369,0.650530486,2.08285277,3.45644859,1.7353435
9.1800854e-05,9.52047492e-05,0.0332474602,0.647397638,2.08869667,3.4564267,1.73534348
9.1801854e-05,9.33231573e-05,0.0210149823,0.644242897,2.09341112,3.45640739,1.73534345
9.1802854e-05,9.11431544e-05,0.00871565154,0.641076383,2.09698104,3.45639067,1.73534343
9.1803854e-05,8.86717112e-05,-0.00361107416,0.637908256,2.09939502,3.45637654,1.7353434
9.1804854e-05,8.59167304e-05,-0.0159256555,0.634748676,2.10064534,3.45636498,1.73534338
9.1805854e-05,8.28870214e-05,-0.0281885999,0.631607777,2.10072801,3.45635598,1.73534335
9.1806854e-05,7.95922721e-05,-0.0403605888,0.62849563,2.09964277,3.45634952,1.73534332
9.1807854e-05,7.60430177e-05,-0.0524026054,0.625422208,2.09739307,3.45634555,1.7353433
9.1808854e-05,7.22506073e-05,-0.0642760601,0.622397362,2.09398612,3.45634405,1.73534327
9.1809854e-05,6.82271678e-05,-0.0759429153,0.619430782,2.0894328,3.45634495,1.73534324
9.1810854e-05,6.39855643e-05,-0.0873658078,0.616531967,2.08374768,3.45634821,1.73534321
9.1811854e-05,5.95393599e-05,-0.098508169,0.613710197,2.07694892,3.45635375,1.73534318
9.1812854e-05,5.49027719e-05,-0.109334343,0.610974502,2.06905825,3.45636152,1.73534315
9.1813854e-05,5.00906263e-05,-0.119809698,0.608333632,2.06010092,3.45637143,1.73534312
9.1814854e-05,4.51183103e-05,-0.129900744,0.60579603,2.05010554,3.45638341,1.73534309
9.1815854e-05,4.00017236e-05,-0.139575231,0.603369804,2.03910408,3.45639736,1.73534306
9.1816854e-05,3.4757227e-05,-0.148802259,0.601062705,2.02713171,3.45641318,1.73534303
9.1817854e-05,2.94015903e-05,-0.157552372,0.598882095,2.01422669,3.4564308,1.735343
9.1818854e-05,2.39519388e-05,-0.165797655,0.596834931,2.00043029,3.45645008,1.73534297
9.1819854e-05,1.84256983e-05,-0.173511819,0.594927739,1.98578661,3.45647095,1.73534293
9.1820854e-05,1.28405397e-05,-0.180670286,0.593166593,1.97034246,3.45649327,1.7353429
9.1821854e-05,7.21432196e-06,-0.187250267,0.591557099,1.95414723,3.45651693,1.73534287
9.1822854e-05,1.56503567e-06,-0.193230832,0.590104374,1.93725267,3.45654182,1.73534283
9.1823854e-05,-4.089255e-06,-0.198592976,0.588813034,1.91971281,3.45656781,1.7353428
9.1824854e-05,-9.73046982e-06,-0.203319681,0.587687174,1.90158371,3.45659477,1.73534277
9.1825854e-05,-1.53405704e-05,-0.207395963,0.586730361,1.88292333,3.45662259,1.73534273
9.1826854e-05,-2.09016178e-05,-0.210808923,0.585945619,1.86379134,3.45665111,1.7353427
9.1827854e-05,-2.639583e-05,-0.213547786,0.585335422,1.84424888,3.45668022,1.73534267
9.1828854e-05,-3.18056386e-05,-0.215603932,0.584901687,1.82435843,3.45670978,1.73534263
9.1829854e-05,-3.71137452e-05,-0.216970922,0.584645764,1.80418359,3.45673965,1.7353426
9.1830854e-05,-4.23031765e-05,-0.217644518,0.584568438,1.78378885,3.4567697,1.73534256
9.1831854e-05,-4.73573387e-05,-0.217622696,0.584669924,1.7632394,3.45679979,1.73534253
9.1832854e-05,-5.22600707e-05,-0.216905647,0.584949865,1.74260095,3.45682979,1.73534249
9.1833854e-05,-5.69956953e-05,-0.215495777,0.585407338,1.72193947,3.45685955,1.73534246
9.1834854e-05,-6.15490699e-05,-0.213397699,0.586040854,1.70132102,3.45688895,1.73534243
9.1835854e-05,-6.59056346e-05,-0.210618217,0.586848363,1.68081151,3.45691785,1.73534239
9.1836854e-05,-7.00514587e-05,-0.207166299,0.587827261,1.6604765,3.45694611,1.73534236
9.1837854e-05,-7.39732856e-05,-0.203053053,0.588974403,1.640381,3.45697361,1.73534233
9.1838854e-05,-7.76585748e-05,-0.198291685,0.590286106,1.62058927,3.45700053,1.73534229
9.1839854e-05,-8.10955422e-05,-0.192897462,0.591758166,1.60116457,3.45702725,1.73534226
9.1840854e-05,-8.42731976e-05,-0.186887656,0.59338587,1.582169,3.45705402,1.73534223
9.1841854e-05,-8.71813802e-05,-0.180281496,0.595164011,1.56366329,3.45708107,1.73534219
9.1842854e-05,-8.98107907e-05,-0.173100099,0.597086905,1.5457066,3.45710858,1.73534216
9.1843854e-05,-9.21530214e-05,-0.165366408,0.59914841,1.52835634,3.45713673,1.73534213
9.1844854e-05,-9.42005826e-05,-0.157105116,0.601341944,1.51166798,3.45716566,1.7353421
9.1845854e-05,-9.59469271e-05,-0.148342588,0.603660506,1.49569487,3.45719545,1.73534207
9.1846854e-05,-9.73864708e-05,-0.139106778,0.606096699,1.48048806,3.45722618,1.73534204
9.1847854e-05,-9.85146105e-05,-0.129427141,0.608642754,1.46609619,3.45725789,1.73534201
9.1848854e-05,-9.93277388e-05,-0.119334537,0.611290555,1.45256525,3.45729059,1.73534198
9.1849854e-05,-9.98232558e-05,-0.108861137,0.614031659,1.43993851,3.45732429,1.73534195
9.1850854e-05,-9.9999577e-05,-0.0980403179,0.616857333,1.42825633,3.4573589,1.73534192
9.1851854e-05,-9.98561385e-05,-0.0869065606,0.619758571,1.41755606,3.45739428,1.73534189
9.1852854e-05,-9.9393399e-05,-0.0754953391,0.622726129,1.4078719,3.45743038,1.73534186
9.1853854e-05,-9.86128382e-05,-0.0638430094,0.625750553,1.39923482,3.45746706,1.73534183
9.1854854e-05,-9.75169519e-05,-0.0519866948,0.628822207,1.39167243,3.45750414,1.7353418
9.1855854e-05,-9.61092445e-05,-0.0399641686,0.631931304,1.38520889,3.45754146,1.73534178
9.1856854e-05,-9.43942172e-05,-0.0278137357,0.635067939,1.37986488,3.45757879,1.73534175
9.1857854e-05,-9.2377354e-05,-0.0155741111,0.638222117,1.37565748,3.45761593,1.73534173
9.1858854e-05,-9.0065104e-05,-0.00328429827,0.641383786,1.37260014,3.45765263,1.7353417
9.1859854e-05,-8.7464861e-05,0.00901653386,0.64454287,1.37070264,3.45768865,1.73534168
9.1860854e-05,-8.45849395e-05,0.0212891747,0.647689299,1.36997103,3.45772372,1.73534165
9.1861854e-05,-8.14345482e-05,0.0334944958,0.650813039,1.37040765,3.45775757,1.73534163
9.1862854e-05,-7.80237611e-05,0.0455935743,0.653904131,1.37201112,3.45778993,1.7353416
9.1863854e-05,-7.43634844e-05,0.0575478164,0.656952713,1.3747763,3.45782052,1.73534158
9.1864854e-05,-7.04654223e-05,0.0693190792,0.659949058,1.37869435,3.45784907,1.73534156
9.1865854e-05,-6.63420392e-05,0.080869792,0.662883602,1.38375275,3.45787531,1.73534154
9.1866854e-05,-6.20065202e-05,0.0921630752,0.665746975,1.38993533,3.45789896,1.73534152
9.1867854e-05,-5.74727284e-05,0.103162858,0.668530031,1.39722231,3.45791977,1.73534149
9.1868854e-05,-5.27551614e-05,0.113833992,0.671223877,1.4055904,3.4579375,1.73534147
9.1869854e-05,-4.78689038e-05,0.124142365,0.673819901,1.41501286,3.45795191,1.73534145
9.1870854e-05,-4.28295802e-05,0.13405501,0.6763098,1.42545955,3.45796279,1.73534143
9.1871854e-05,-3.76533043e-05,0.143540208,0.678685606,1.43689707,3.45796994,1.73534141
9.1872854e-05,-3.23566278e-05,0.152567591,0.680939713,1.44928888,3.4579732,1.7353414
9.1873854e-05,-2.69564874e-05,0.161108244,0.683064898,1.46259534,3.45797242,1.73534138
9.1874854e-05,-2.14701507e-05,0.169134789,0.685054348,1.47677391,3.45796748,1.73534136
9.1875854e-05,-1.59151609e-05,0.176621482,0.686901683,1.49177928,3.4579583,1.73534134
9.1876854e-05,-1.03092805e-05,0.183544292,0.688600969,1.50756347,3.45794482,1.73534132
9.1877854e-05,-4.67043509e-06,0.18988098,0.690146748,1.52407601,3.45792703,1.7353413
9.1878854e-05,9.8334455e-07,0.195611171,0.691534047,1.54126412,3.45790494,1.73534129
9.1879854e-05,6.63397984e-06,0.20071642,0.692758398,1.55907286,3.45787861,1.73534127
9.1880854e-05,1.22634023e-05,0.205180276,0.693815853,1.57744528,3.45784813,1.73534125
9.1881854e-05,1.78536111e-05,0.208988331,0.694702997,1.59632265,3.45781364,1.73534124
9.1882854e-05,2.3386731e-05,0.212128273,0.695416958,1.61564462,3.45777531,1.73534122
9.1883854e-05,2.88450693e-05,0.214589922,0.695955417,1.63534943,3.45773336,1.7353412
9.1884854e-05,3.42111723e-05,0.216365268,0.696316617,1.65537408,3.45768804,1.73534119
9.1885854e-05,3.94678814e-05,0.217448499,0.696499368,1.67565455,3.45763966,1.73534117
9.1886854e-05,4.45983875e-05,0.217836017,0.696503051,1.69612602,3.45758855,1.73534115
9.1887854e-05,4.95862854e-05,0.217526456,0.696327621,1.71672302,3.45753509,1.73534114
9.1888854e-05,5.44156257e-05,0.216520684,0.69597361,1.73737972,3.45747968,1.73534112
9.1889854e-05,5.9070966e-05,0.214821805,0.695442121,1.75803009,3.45742279,1.7353411
9.1890854e-05,6.35374204e-05,0.21243515,0.694734826,1.7786081,3.45736487,1.73534109
9.1891854e-05,6.78007069e-05,0.209368258,0.693853966,1.79904797,3.45730645,1.73534107
9.1892854e-05,7.18471932e-05,0.205630859,0.692802336,1.81928436,3.45724805,1.73534105
9.1893854e-05,7.56639402e-05,0.201234837,0.691583283,1.83925258,3.45719023,1.73534104
9.1894854e-05,7.92387434e-05,0.196194199,0.690200692,1.85888878,3.45713351,1.73534102
9.1895854e-05,8.2560172e-05,0.190525027,0.688658977,1.8781302,3.45707809,1.735341
9.1896854e-05,8.56176054e-05,0.184245428,0.686963061,1.89691532,3.457024,1.73534098
9.1897854e-05,8.8401267e-05,0.177375477,0.685118368,1.91518409,3.45697138,1.73534097
9.1898854e-05,9.09022559e-05,0.169937154,0.683130798,1.9328781,3.45692035,1.73534095
9.1899854e-05,9.31125748e-05,0.161954268,0.681006716,1.94994079,3.45687102,1.73534093
9.1900854e-05,9.5025156e-05,0.153452388,0.678752924,1.96631761,3.45682351,1.73534091
9.1901854e-05,9.66338838e-05,0.144458757,0.676376644,1.9819562,3.45677793,1.73534089
9.1902854e-05,9.79336142e-05,0.135002203,0.673885493,1.99680657,3.45673437,1.73534087
9.1903854e-05,9.8920191e-05,0.125113048,0.671287458,2.01082124,3.45669293,1.73534085
9.1904854e-05,9.95904596e-05,0.114823009,0.668590873,2.02395541,3.45665369,1.73534083
9.1905854e-05,9.99422768e-05,0.104165096,0.665804387,2.03616709,3.45661673,1.73534081
9.1906854e-05,9.99745175e-05,0.0931735038,0.66293694,2.04741725,3.45658211,1.73534079
9.1907854e-05,9.96870787e-05,0.0818835031,0.659997733,2.0576699,3.45654991,1.73534076
9.1908854e-05,9.90808795e-05,0.070331324,0.656996199,2.06689229,3.45652016,1.73534074
9.1909854e-05,9.81578583e-05,0.0585540394,0.653941969,2.07505492,3.45649291,1.73534072
9.1910854e-05,9.69209666e-05,0.0465894451,0.650844845,2.0821317,3.4564682,1.7353407
9.1911854e-05,9.53741594e-05,0.0344759365,0.647714765,2.08810001,3.45644604,1.73534067
9.1912854e-05,9.35223828e-05,0.0222523847,0.644561774,2.09294076,3.45642647,1.73534065
9.1913854e-05,9.13715581e-05,0.00995800997,0.641395987,2.09663848,3.45640949,1.73534062
9.1914854e-05,8.89285628e-05,-0.00236774519,0.638227561,2.09918135,3.45639509,1.7353406
9.1915854e-05,8.62012086e-05,-0.0146853439,0.63506666,2.10056123,3.45638327,1.73534057
9.1916854e-05,8.31982165e-05,-0.0269552831,0.631923419,2.10077373,3.45637401,1.73534054
9.1917854e-05,7.99291891e-05,-0.0391382208,0.628807917,2.09981814,3.45636728,1.73534052
9.1918854e-05,7.64045792e-05,-0.0511951042,0.625730141,2.09769755,3.45636307,1.73534049
9.1919854e-05,7.26356573e-05,-0.0630872948,0.622699953,2.09441871,3.45636131,1.73534046
9.1920854e-05,6.86344749e-05,-0.0747766938,0.619727062,2.08999211,3.45636197,1.73534043
9.1921854e-05,6.44138262e-05,-0.0862258645,0.616820987,2.08443191,3.45636499,1.73534041
9.1922854e-05,5.99872072e-05,-0.0973981528,0.613991033,2.07775588,3.4563703,1.73534038
9.1923854e-05,5.53687725e-05,-0.108257805,0.611246255,2.06998536,3.45637784,1.73534035
9.1924854e-05,5.057329e-05,-0.118770083,0.608595433,2.06114519,3.45638754,1.73534032
9.1925854e-05,4.56160939e-05,-0.128901374,0.606047042,2.05126363,3.45639931,1.73534029
9.1926854e-05,4.05130353e-05,-0.138619299,0.603609226,2.04037228,3.45641305,1.73534025
9.1927854e-05,3.52804318e-05,-0.147892818,0.601289771,2.02850595,3.45642869,1.73534022
9.1928854e-05,2.99350153e-05,-0.156692325,0.599096081,2.01570258,3.45644613,1.73534019
9.1929854e-05,2.44938782e-05,-0.164989745,0.597035154,2.00200309,3.45646525,1.73534016
9.1930854e-05,1.89744193e-05,-0.172758621,0.595113561,1.98745129,3.45648595,1.73534013
9.1931854e-05,1.33942876e-05,-0.1799742,0.593337422,1.97209369,3.45650812,1.73534009
9.1932854e-05,7.7713262e-06,-0.186613507,0.591712392,1.95597939,3.45653165,1.73534006
9.1933854e-05,2.12351511e-06,-0.192655424,0.590243638,1.93915991,3.45655642,1.73534003
9.1934854e-05,-3.53108615e-06,-0.198080748,0.588935826,1.92168902,3.4565823,1.73533999
9.1935854e-05,-9.17439638e-06,-0.202872257,0.587793106,1.90362256,3.45660917,1.73533996
9.1936854e-05,-1.47883705e-05,-0.207014761,0.586819096,1.8850183,3.45663689,1.73533993
9.1937854e-05,-2.03550571e-05,-0.210495148,0.586016878,1.86593571,3.45666535,1.73533989
9.1938854e-05,-2.58566562e-05,-0.213302428,0.58538898,1.84643579,3.4566944,1.73533986
9.1939854e-05,-3.12755758e-05,-0.215427761,0.584937376,1.82658089,3.45672392,1.73533983
9.1940854e-05,-3.65944883e-05,-0.216864489,0.584663474,1.80643448,3.45675376,1.73533979
9.1941854e-05,-4.17963859e-05,-0.21760815,0.584568115,1.78606096,3.45678379,1.73533976
9.1942854e-05,-4.6864635e-05,-0.217656496,0.584651573,1.76552547,3.45681388,1.73533972
9.1943854e-05,-5.17830292e-05,-0.217009495,0.584913548,1.74489365,3.45684389,1.73533969
9.1944854e-05,-5.65358415e-05,-0.21566933,0.585353173,1.72423147,3.45687368,1.73533966
9.1945854e-05,-6.11078742e-05,-0.213640393,0.585969017,1.70360498,3.45690312,1.73533962
9.1946854e-05,-6.54845078e-05,-0.210929266,0.586759085,1.68308011,3.45693206,1.73533959
9.1947854e-05,-6.96517475e-05,-0.207544702,0.587720832,1.66272249,3.45696039,1.73533955
9.1948854e-05,-7.3596268e-05,-0.203497592,0.588851163,1.6425972,3.45698797,1.73533952
9.1949854e-05,-7.73054563e-05,-0.198800935,0.59014645,1.62276857,3.45701493,1.73533949
9.1950854e-05,-8.0767452e-05,-0.193469791,0.591602542,1.6033,3.45704165,1.73533945
9.1951854e-05,-8.39711848e-05,-0.187521232,0.593214776,1.58425372,3.45706839,1.73533942
9.1952854e-05,-8.69064106e-05,-0.180974293,0.594977994,1.56569063,3.45709538,1.73533939
9.1953854e-05,-8.95637435e-05,-0.173849902,0.59688656,1.54767007,3.45712282,1.73533936
9.1954854e-05,-9.19346865e-05,-0.166170823,0.598934376,1.53024965,3.45715088,1.73533932
9.1955854e-05,-9.40116582e-05,-0.157961575,0.601114905,1.51348507,3.45717969,1.73533929
9.1956854e-05,-9.57880173e-05,-0.149248358,0.603421186,1.49742992,3.45720937,1.73533926
9.1957854e-05,-9.72580836e-05,-0.14005897,0.605845862,1.48213553,3.45723997,1.73533923
9.1958854e-05,-9.84171566e-05,-0.130422718,0.608381199,1.46765079,3.45727156,1.7353392
9.1959854e-05,-9.92615298e-05,-0.120370325,0.611019116,1.454022,3.45730413,1.73533917
9.1960854e-05,-9.97885034e-05,-0.109933835,0.613751202,1.44129275,3.45733771,1.73533914
9.1961854e-05,-9.99963922e-05,-0.0991465071,0.616568751,1.42950371,3.4573722,1.73533911
9.1962854e-05,-9.98845316e-05,-0.0880427164,0.619462784,1.41869259,3.45740749,1.73533908
9.1963854e-05,-9.94532792e-05,-0.0766578414,0.622424079,1.40889395,3.4574435,1.73533905
9.1964854e-05,-9.8704014e-05,-0.0650281544,0.625443203,1.4001391,3.4574801,1.73533903
9.1965854e-05,-9.76391319e-05,-0.0531907066,0.628510536,1.39245603,3.45751713,1.735339
9.1966854e-05,-9.62620379e-05,-0.0411832111,0.631616305,1.38586932,3.45755441,1.73533897
9.1967854e-05,-9.45771354e-05,-0.0290439246,0.634750616,1.38040001,3.45759174,1.73533894
9.1968854e-05,-9.25898121e-05,-0.0168115262,0.637903481,1.37606559,3.45762889,1.73533892
9.1969854e-05,-9.03064227e-05,-0.0045249961,0.641064853,1.37287991,3.45766564,1.73533889
9.1970854e-05,-8.77342686e-05,0.00777650804,0.644224656,1.37085317,3.45770173,1.73533887
9.1971854e-05,-8.48815745e-05,0.0200537742,0.647372817,1.36999183,3.4577369,1.73533884
9.1972854e-05,-8.17574623e-05,0.0322676598,0.650499301,1.37029865,3.45777088,1.73533882
9.1973854e-05,-7.83719215e-05,0.0443792159,0.653594136,1.37177266,3.45780341,1.7353388
9.1974854e-05,-7.47357779e-05,0.0563498098,0.65664745,1.37440913,3.4578342,1.73533877
9.1975854e-05,-7.08606584e-05,0.0681412477,0.659649502,1.37819963,3.45786297,1.73533875
9.1976854e-05,-6.67589542e-05,0.0797158955,0.662590709,1.38313206,3.45788946,1.73533873
9.1977854e-05,-6.24437809e-05,0.0910367987,0.66546168,1.38919064,3.4579134,1.73533871
9.1978854e-05,-5.79289367e-05,0.102067799,0.668253246,1.39635599,3.45793453,1.73533869
9.1979854e-05,-5.32288583e-05,0.112773652,0.670956487,1.40460522,3.45795259,1.73533867
9.1980854e-05,-4.83585749e-05,0.123120133,0.673562761,1.41391195,3.45796737,1.73533865
9.1981854e-05,-4.33336595e-05,0.133074157,0.676063732,1.42424643,3.45797863,1.73533863
9.1982854e-05,-3.817018e-05,0.142603872,0.678451398,1.43557561,3.4579862,1.73533861
9.1983854e-05,-3.28846472e-05,0.151678772,0.680718114,1.44786328,3.45798988,1.73533859
9.1984854e-05,-2.74939621e-05,0.160269789,0.68285662,1.46107016,3.45798954,1.73533857
9.1985854e-05,-2.2015362e-05,0.168349387,0.684860058,1.47515403,3.45798506,1.73533855
9.1986854e-05,-1.64663654e-05,0.175891653,0.686722004,1.49006985,3.45797634,1.73533853
9.1987854e-05,-1.08647157e-05,0.18287238,0.68843648,1.50576995,3.45796333,1.73533851
9.1988854e-05,-5.22832496e-06,0.189269144,0.689997976,1.52220413,3.45794601,1.7353385
9.1989854e-05,4.24783949e-07,0.195061379,0.691401471,1.53931986,3.45792438,1.73533848
9.1990854e-05,6.07653457e-06,0.200230443,0.692642446,1.55706241,3.45789851,1.73533846
9.1991854e-05,1.17088548e-05,0.204759681,0.693716899,1.57537506,3.45786848,1.73533845
9.1992854e-05,1.73037347e-05,0.208634477,0.694621361,1.59419928,3.45783441,1.73533843
9.1993854e-05,2.2843284e-05,0.211842304,0.695352904,1.61347488,3.45779649,1.73533841
9.1994854e-05,2.83097893e-05,0.214372768,0.695909154,1.63314025,3.45775492,1.7353384
9.1995854e-05,3.3685771e-05,0.216217637,0.696288296,1.6531325,3.45770996,1.73533838
9.1996854e-05,3.89540388e-05,0.217370877,0.696489083,1.67338774,3.4576619,1.73533836
9.1997854e-05,4.40977467e-05,0.217828665,0.696510838,1.6938412,3.45761107,1.73533835
9.1998854e-05,4.91004472e-05,0.217589409,0.69635346,1.7144275,3.45755785,1.73533833
9.1999854e-05,5.39461436e-05,0.216653754,0.69601742,1.73508083,3.45750264,1.73533831
